run_id,run_tag,cohort,dataset,K,arm,arm_label,target,comm_on,comm_block,kd_scale,comm_accounting,seed,epochs,batch_size,base_lr,momentum,weight_decay,nesterov,graph_seed,lr_step,lr_gamma,kd_T,k_matchings,k_anneal,match_weight,kappa,rematch_every_epochs,recency_lambda,recency_gamma,peel_weighting,graph,label_noise_rate,actual_noise_rate,noise_seed,split_seed,n_train,n_valid,n_test,cohort_params,update_order,epoch,lr,k_current,comm_duty,epoch_seconds,avg_test_acc,std_test_acc,min_test_acc,max_test_acc,ensemble_test_acc,ens_minus_avg_test,avg_val_acc,ensemble_val_acc,disagreement_val,rho_val,disagreement_test,rho_test,avg_test_acc_resnet32,model_00_arch,model_00_test_acc,model_00_val_acc,model_00_train_loss,model_00_ce_loss,model_00_kd_loss,model_01_arch,model_01_test_acc,model_01_val_acc,model_01_train_loss,model_01_ce_loss,model_01_kd_loss,model_02_arch,model_02_test_acc,model_02_val_acc,model_02_train_loss,model_02_ce_loss,model_02_kd_loss,model_03_arch,model_03_test_acc,model_03_val_acc,model_03_train_loss,model_03_ce_loss,model_03_kd_loss,model_04_arch,model_04_test_acc,model_04_val_acc,model_04_train_loss,model_04_ce_loss,model_04_kd_loss,model_05_arch,model_05_test_acc,model_05_val_acc,model_05_train_loss,model_05_ce_loss,model_05_kd_loss,model_06_arch,model_06_test_acc,model_06_val_acc,model_06_train_loss,model_06_ce_loss,model_06_kd_loss,model_07_arch,model_07_test_acc,model_07_val_acc,model_07_train_loss,model_07_ce_loss,model_07_kd_loss,comm_logit_floats_epoch,comm_matcher_ints_epoch,comm_bytes_epoch,comm_bytes_cum,comm_bytes_cum_cohort
resnet32x8_cifar100_K8_dml-seq_seed0005_d001,d001,resnet32:8,cifar100,8,dml,dml-seq,peers,0,0,1.0,p2p,5,200,64,0.1,0.9,0.0005,True,0,60,0.1,1.0,1,,disagreement,1.0,1,0.0,0.5,weight,complete,0.0,0.0,42,0,45000,5000,10000,3760032,sequential,0,0.1,7,1.0,109.33,0.024425000000000002,0.011055739459665282,0.011,0.0435,0.0466,0.022175,0.024775,0.0528,0.7917142857142855,0.2086409912282998,0.7928964285714286,0.21153544019765835,0.024425000000000002,resnet32,0.0311,0.0348,4.681458699432286,4.616418239067901,0.06504045300607686,resnet32,0.0115,0.0112,4.732627196068114,4.663999501954425,0.06862769340659725,resnet32,0.0184,0.0196,4.709499552168629,4.632514803247019,0.07698474678909406,resnet32,0.018,0.02,4.689276338300922,4.618226739493283,0.07104959039100901,resnet32,0.0364,0.0356,4.619373871521517,4.544982754371383,0.07439112470786892,resnet32,0.0435,0.0408,4.594251522286371,4.515333437106826,0.07891808714339277,resnet32,0.011,0.0112,4.715369005094875,4.656211449341341,0.05915756353021028,resnet32,0.0255,0.025,4.6947358643466774,4.62549274685708,0.06924311673488277,31500000.0,0.0,126000000.0,126000000.0,1008000000.0
resnet32x8_cifar100_K8_dml-seq_seed0005_d001,d001,resnet32:8,cifar100,8,dml,dml-seq,peers,0,0,1.0,p2p,5,200,64,0.1,0.9,0.0005,True,0,60,0.1,1.0,1,,disagreement,1.0,1,0.0,0.5,weight,complete,0.0,0.0,42,0,45000,5000,10000,3760032,sequential,1,0.1,7,1.0,105.65,0.0698125,0.025542290299618787,0.0211,0.0995,0.0913,0.021487500000000007,0.06720000000000001,0.0874,0.6960714285714289,0.38227140962714046,0.6906535714285713,0.38798062658552396,0.0698125,resnet32,0.0914,0.0884,4.223887576636943,4.125579851594838,0.09830772056540643,resnet32,0.0211,0.018,4.728650668805296,4.52187699011781,0.206773681380913,resnet32,0.0641,0.0682,4.336660353297537,4.240905565971678,0.0957547877333127,resnet32,0.0509,0.0486,4.3681798949837685,4.259588419375095,0.10859147166642784,resnet32,0.0911,0.0892,4.186027954925191,4.081955873492089,0.10407208433819258,resnet32,0.0883,0.0834,4.1809305355630135,4.072103370997039,0.10882716477763923,resnet32,0.0521,0.0462,4.450399854982441,4.336577874354341,0.11382198589324782,resnet32,0.0995,0.0956,4.229956981471994,4.1244329600171605,0.10552401693580164,31500000.0,0.0,126000000.0,252000000.0,2016000000.0
resnet32x8_cifar100_K8_dml-seq_seed0005_d001,d001,resnet32:8,cifar100,8,dml,dml-seq,peers,0,0,1.0,p2p,5,200,64,0.1,0.9,0.0005,True,0,60,0.1,1.0,1,,disagreement,1.0,1,0.0,0.5,weight,complete,0.0,0.0,42,0,45000,5000,10000,3760032,sequential,2,0.1,7,1.0,105.75,0.12635000000000002,0.025907962096621957,0.0751,0.1601,0.1452,0.018849999999999978,0.12514999999999998,0.1428,0.6258357142857144,0.5243130389277116,0.6271714285714286,0.5124631602560875,0.12635000000000002,resnet32,0.1554,0.1516,3.7512844692577016,3.6460093286904423,0.10527514201715928,resnet32,0.0751,0.0772,4.1240515973080285,3.9462091878733854,0.17784240139140325,resnet32,0.1172,0.1128,3.820983470163562,3.7199008518999275,0.10108261685606769,resnet32,0.1202,0.1242,3.866769055751237,3.7538888843899425,0.11288017343560403,resnet32,0.1601,0.154,3.762946023859761,3.6581003293395042,0.10484569127121093,resnet32,0.116,0.1196,3.800076934085651,3.6936904181810943,0.1063865126343444,resnet32,0.1187,0.1168,3.865019393576817,3.758807696402073,0.10621170374691825,resnet32,0.1481,0.145,3.7195571041242643,3.5993258770216596,0.1202312274095179,31500000.0,0.0,126000000.0,378000000.0,3024000000.0
resnet32x8_cifar100_K8_dml-seq_seed0005_d001,d001,resnet32:8,cifar100,8,dml,dml-seq,peers,0,0,1.0,p2p,5,200,64,0.1,0.9,0.0005,True,0,60,0.1,1.0,1,,disagreement,1.0,1,0.0,0.5,weight,complete,0.0,0.0,42,0,45000,5000,10000,3760032,sequential,3,0.1,7,1.0,105.56,0.1998375,0.022909874372200302,0.1442,0.2242,0.2236,0.023762499999999992,0.192775,0.2134,0.5437,0.6060169019275284,0.5437928571428571,0.6112714202617454,0.1998375,resnet32,0.2148,0.2058,3.384713147512891,3.252330211753195,0.132382936056026,resnet32,0.1442,0.1426,3.613452538170598,3.4468420645730062,0.16661047008396548,resnet32,0.2145,0.2082,3.4442706558514726,3.3116623166609895,0.13260833979372613,resnet32,0.1981,0.1914,3.4761747463860293,3.3324017131870445,0.1437730336117304,resnet32,0.2242,0.214,3.3826622925698757,3.245283596556295,0.13737869404510342,resnet32,0.2014,0.198,3.4424521191553636,3.3008612729609013,0.1415908474115316,resnet32,0.1951,0.1844,3.4851362952454523,3.3435890308835288,0.14154726364226503,resnet32,0.2064,0.1978,3.357180594381961,3.210297515107827,0.14688308024778962,31500000.0,0.0,126000000.0,504000000.0,4032000000.0
resnet32x8_cifar100_K8_dml-seq_seed0005_d001,d001,resnet32:8,cifar100,8,dml,dml-seq,peers,0,0,1.0,p2p,5,200,64,0.1,0.9,0.0005,True,0,60,0.1,1.0,1,,disagreement,1.0,1,0.0,0.5,weight,complete,0.0,0.0,42,0,45000,5000,10000,3760032,sequential,4,0.1,7,1.0,105.39,0.234775,0.029176906535820415,0.1654,0.2621,0.2584,0.023625000000000007,0.23322500000000002,0.2598,0.5135357142857142,0.588974393672524,0.5132428571428572,0.5932210321166391,0.234775,resnet32,0.2531,0.255,3.068927064538002,2.910326075824824,0.15860099378253587,resnet32,0.2168,0.2168,3.1863103302365,3.0115799622779544,0.17473036880520257,resnet32,0.2557,0.25,3.1106874441558663,2.949108862402764,0.16157858075828038,resnet32,0.2431,0.2448,3.1280330311168325,2.958847299895503,0.16918572834269566,resnet32,0.2621,0.26,3.079870182004842,2.91543959826231,0.16443058485376902,resnet32,0.2429,0.241,3.1658457551490176,2.9927307854999197,0.1731149711519141,resnet32,0.1654,0.161,3.1650198047811333,2.9916566149754957,0.17336319393309002,resnet32,0.2391,0.2372,3.086302578787912,2.917708103291013,0.16859447613189166,31500000.0,0.0,126000000.0,630000000.0,5040000000.0
resnet32x8_cifar100_K8_dml-seq_seed0005_d001,d001,resnet32:8,cifar100,8,dml,dml-seq,peers,0,0,1.0,p2p,5,200,64,0.1,0.9,0.0005,True,0,60,0.1,1.0,1,,disagreement,1.0,1,0.0,0.5,weight,complete,0.0,0.0,42,0,45000,5000,10000,3760032,sequential,5,0.1,7,1.0,105.14,0.2583125,0.028685642641398158,0.2289,0.3101,0.2915,0.03318749999999998,0.25349999999999995,0.2756,0.5223142857142858,0.5984150377498044,0.5216892857142857,0.5966131890966059,0.2583125,resnet32,0.3101,0.3038,2.865334189412269,2.6870229467749596,0.1783112350385636,resnet32,0.2365,0.2352,2.931852586228739,2.7388137629763647,0.19303881819359958,resnet32,0.2435,0.2372,2.90045872872526,2.7186116366223856,0.18184709561650048,resnet32,0.2795,0.2734,2.925286354327744,2.735400341451168,0.18988601287657564,resnet32,0.2903,0.2822,2.8695044937458904,2.6865572736344556,0.1829472188414498,resnet32,0.2289,0.2228,2.9703269793905993,2.774774669923566,0.19555230972103096,resnet32,0.2314,0.2222,2.967304899949919,2.7709101611240343,0.19639473370361057,resnet32,0.2463,0.2512,2.8845290040427987,2.6993029866028917,0.18522601646625184,31500000.0,0.0,126000000.0,756000000.0,6048000000.0
resnet32x8_cifar100_K8_dml-seq_seed0005_d001,d001,resnet32:8,cifar100,8,dml,dml-seq,peers,0,0,1.0,p2p,5,200,64,0.1,0.9,0.0005,True,0,60,0.1,1.0,1,,disagreement,1.0,1,0.0,0.5,weight,complete,0.0,0.0,42,0,45000,5000,10000,3760032,sequential,6,0.1,7,1.0,105.47,0.33235,0.012374166638606411,0.3139,0.3581,0.3644,0.03205000000000002,0.322975,0.3526,0.45330714285714296,0.6405627443280251,0.4527571428571428,0.6463368210809558,0.33235,resnet32,0.3581,0.3462,2.7172780622812835,2.5207105563445524,0.19656750648705798,resnet32,0.3401,0.3336,2.769976355135441,2.5622137559747156,0.20776259839873423,resnet32,0.3338,0.315,2.750887454910712,2.5520885847508907,0.19879886558787388,resnet32,0.3323,0.3238,2.78649676354094,2.5765010369094936,0.2099957283459265,resnet32,0.3335,0.3252,2.725301044569774,2.525601978667758,0.1996990649706938,resnet32,0.3223,0.3164,2.8351319984278898,2.6209011883898214,0.21423080978407102,resnet32,0.3139,0.305,2.834973279048096,2.6198077123950827,0.2151655686426569,resnet32,0.3248,0.3186,2.7360116497359495,2.5366045365279373,0.19940710660408845,31500000.0,0.0,126000000.0,882000000.0,7056000000.0
resnet32x8_cifar100_K8_dml-seq_seed0005_d001,d001,resnet32:8,cifar100,8,dml,dml-seq,peers,0,0,1.0,p2p,5,200,64,0.1,0.9,0.0005,True,0,60,0.1,1.0,1,,disagreement,1.0,1,0.0,0.5,weight,complete,0.0,0.0,42,0,45000,5000,10000,3760032,sequential,7,0.1,7,1.0,106.72,0.2817125,0.016240723313633538,0.2567,0.3074,0.3025,0.020787500000000014,0.27780000000000005,0.2996,0.4645642857142858,0.6362020377507306,0.4541749999999999,0.6493042526578139,0.2817125,resnet32,0.2956,0.2958,2.6116532170298425,2.3945958026769487,0.21705741047943858,resnet32,0.272,0.2662,2.6460615538737993,2.4224312230944633,0.22363033044067296,resnet32,0.3074,0.299,2.6319083225998012,2.4169898498803377,0.214918470391157,resnet32,0.2946,0.287,2.6820281330834734,2.450678752565926,0.23134937933222813,resnet32,0.2832,0.279,2.6121372075920757,2.3969008971683006,0.21523631546138364,resnet32,0.2817,0.2782,2.718441454185681,2.486992413008755,0.23144904202358288,resnet32,0.2567,0.2522,2.723462671718814,2.4906796115365895,0.23278305867940866,resnet32,0.2625,0.265,2.6226739283989775,2.4053156206553634,0.21735830598680134,31500000.0,0.0,126000000.0,1008000000.0,8064000000.0
resnet32x8_cifar100_K8_dml-seq_seed0005_d001,d001,resnet32:8,cifar100,8,dml,dml-seq,peers,0,0,1.0,p2p,5,200,64,0.1,0.9,0.0005,True,0,60,0.1,1.0,1,,disagreement,1.0,1,0.0,0.5,weight,complete,0.0,0.0,42,0,45000,5000,10000,3760032,sequential,8,0.1,7,1.0,111.23,0.3087625,0.028047991795313976,0.2479,0.3427,0.35,0.04123749999999998,0.303475,0.3422,0.49917857142857136,0.608651933501564,0.5040142857142857,0.6040666778502706,0.3087625,resnet32,0.33,0.3288,2.5395691801201212,2.310299788686362,0.22926939065060156,resnet32,0.2479,0.2444,2.561923034489155,2.3273135318674822,0.23460950463248248,resnet32,0.3134,0.3072,2.551159208979119,2.3238930609077215,0.22726614968004552,resnet32,0.3303,0.3222,2.6056993302296507,2.3639693424444306,0.24172998456792397,resnet32,0.298,0.3034,2.5410576947033405,2.313059952618046,0.2279977428684519,resnet32,0.3169,0.3126,2.6306410397995603,2.388713109052994,0.24192792549729347,resnet32,0.3427,0.3254,2.6535502682355316,2.4055740511552854,0.24797622158869423,resnet32,0.2909,0.2838,2.5532466234131292,2.3247876318002287,0.22845898919992827,31500000.0,0.0,126000000.0,1134000000.0,9072000000.0
resnet32x8_cifar100_K8_dml-seq_seed0005_d001,d001,resnet32:8,cifar100,8,dml,dml-seq,peers,0,0,1.0,p2p,5,200,64,0.1,0.9,0.0005,True,0,60,0.1,1.0,1,,disagreement,1.0,1,0.0,0.5,weight,complete,0.0,0.0,42,0,45000,5000,10000,3760032,sequential,9,0.1,7,1.0,107.54,0.34757499999999997,0.020637693063906157,0.3252,0.3814,0.3894,0.04182500000000006,0.343275,0.378,0.46202857142857157,0.6132448762961599,0.4635428571428573,0.6127738338318974,0.34757499999999997,resnet32,0.3643,0.3544,2.470668626271866,2.2298826013099062,0.24078601979735223,resnet32,0.3814,0.3726,2.487852140414444,2.2431373948400672,0.24471474669619717,resnet32,0.3483,0.3456,2.4827050520953806,2.2432863661511377,0.2394186846742576,resnet32,0.3367,0.3312,2.5338241627270524,2.2821835042400793,0.2516406589738009,resnet32,0.3272,0.3228,2.4713765782388775,2.233419321477413,0.23795725610530513,resnet32,0.3705,0.3722,2.5554859553548424,2.30411285771565,0.25137309948067094,resnet32,0.327,0.321,2.591106664897366,2.3317833014509897,0.25932336219755764,resnet32,0.3252,0.3264,2.4862224761057985,2.2472329278561203,0.23898955053565177,31500000.0,0.0,126000000.0,1260000000.0,10080000000.0
resnet32x8_cifar100_K8_dml-seq_seed0005_d001,d001,resnet32:8,cifar100,8,dml,dml-seq,peers,0,0,1.0,p2p,5,200,64,0.1,0.9,0.0005,True,0,60,0.1,1.0,1,,disagreement,1.0,1,0.0,0.5,weight,complete,0.0,0.0,42,0,45000,5000,10000,3760032,sequential,10,0.1,7,1.0,107.44,0.37749999999999995,0.012608132296260226,0.3525,0.3987,0.415,0.03750000000000003,0.37365,0.4044,0.41930000000000006,0.6532880871599284,0.4226857142857144,0.6587939050313907,0.37749999999999995,resnet32,0.3987,0.3914,2.4209169151092116,2.173343353820118,0.24757355877028947,resnet32,0.3854,0.3844,2.4311722164804284,2.1793769389729607,0.2517952766396444,resnet32,0.3801,0.3868,2.4304533827711237,2.1839252309027044,0.24652815409089354,resnet32,0.3688,0.3572,2.4808738509362396,2.2245212879709224,0.2563525602771816,resnet32,0.3751,0.3692,2.4184373937208545,2.1732074045999483,0.24522999189370734,resnet32,0.3754,0.3692,2.4887685052711856,2.233482661741701,0.2552858456461267,resnet32,0.3525,0.3544,2.5332365154542704,2.2698047865520823,0.2634317297488451,resnet32,0.384,0.3766,2.425035634162751,2.1832943011752586,0.2417413346596401,31500000.0,0.0,126000000.0,1386000000.0,11088000000.0
resnet32x8_cifar100_K8_dml-seq_seed0005_d001,d001,resnet32:8,cifar100,8,dml,dml-seq,peers,0,0,1.0,p2p,5,200,64,0.1,0.9,0.0005,True,0,60,0.1,1.0,1,,disagreement,1.0,1,0.0,0.5,weight,complete,0.0,0.0,42,0,45000,5000,10000,3760032,sequential,11,0.1,7,1.0,107.8,0.380025,0.028965572236708877,0.3106,0.4084,0.4207,0.04067500000000002,0.38015,0.4204,0.4544357142857144,0.6212640350564447,0.45973928571428574,0.6246202299704918,0.380025,resnet32,0.3978,0.3908,2.3752794384279032,2.119956877421249,0.2553225570908663,resnet32,0.4084,0.4092,2.380352031608874,2.1230023659088393,0.257349663710391,resnet32,0.4034,0.403,2.3801365957002747,2.127689551731402,0.25244704161939974,resnet32,0.3786,0.3844,2.4266836917535826,2.1639133102514525,0.2627703817349605,resnet32,0.3926,0.393,2.3710989635437727,2.119904791258953,0.2511941727716476,resnet32,0.3752,0.3708,2.441837950355627,2.178713070398027,0.2631248798941008,resnet32,0.3106,0.3194,2.481645171445879,2.2128188503398136,0.26882631911642174,resnet32,0.3736,0.3706,2.387321452864192,2.136771734465252,0.25054972009225324,31500000.0,0.0,126000000.0,1512000000.0,12096000000.0
resnet32x8_cifar100_K8_dml-seq_seed0005_d001,d001,resnet32:8,cifar100,8,dml,dml-seq,peers,0,0,1.0,p2p,5,200,64,0.1,0.9,0.0005,True,0,60,0.1,1.0,1,,disagreement,1.0,1,0.0,0.5,weight,complete,0.0,0.0,42,0,45000,5000,10000,3760032,sequential,12,0.1,7,1.0,100.46,0.356875,0.0323006482133099,0.3149,0.416,0.3956,0.03872500000000001,0.3471,0.382,0.4739999999999999,0.6121948554118279,0.46869285714285713,0.6195556025745546,0.356875,resnet32,0.3597,0.356,2.3371205912394957,2.077183874323964,0.25993671765635634,resnet32,0.416,0.403,2.340016757222739,2.079383132640611,0.26063362331214274,resnet32,0.3905,0.3844,2.3481477641246538,2.089725261554122,0.25842250244353304,resnet32,0.3149,0.3124,2.395086470144716,2.1268999579955232,0.2681865116835318,resnet32,0.3653,0.3496,2.3348816866901787,2.0781609163704244,0.2567207710817456,resnet32,0.3423,0.335,2.395389025861567,2.1272641984237866,0.2681248251729729,resnet32,0.3167,0.304,2.4318908979608254,2.159869954159314,0.27202094515616243,resnet32,0.3496,0.3324,2.35539425638589,2.097474993968552,0.25791926737028087,31500000.0,0.0,126000000.0,1638000000.0,13104000000.0
resnet32x8_cifar100_K8_dml-seq_seed0005_d001,d001,resnet32:8,cifar100,8,dml,dml-seq,peers,0,0,1.0,p2p,5,200,64,0.1,0.9,0.0005,True,0,60,0.1,1.0,1,,disagreement,1.0,1,0.0,0.5,weight,complete,0.0,0.0,42,0,45000,5000,10000,3760032,sequential,13,0.1,7,1.0,105.31,0.37345,0.02775166661661962,0.3363,0.4264,0.4211,0.04764999999999997,0.36785,0.4122,0.47500714285714285,0.6094201412938959,0.47254642857142853,0.6095865422449033,0.37345,resnet32,0.3808,0.3838,2.3177766681394796,2.0517496197399767,0.26602704560553486,resnet32,0.4264,0.4076,2.3195903028615494,2.051717419854619,0.267872886647555,resnet32,0.3687,0.3622,2.3170863147825003,2.0550864337181505,0.2619998819533397,resnet32,0.3438,0.3438,2.3681681499901144,2.0964009507813235,0.2717672005634416,resnet32,0.3968,0.3934,2.311675541949543,2.0516797942532734,0.2599957519295541,resnet32,0.3816,0.3796,2.365605587309057,2.096547519788146,0.26905806261030113,resnet32,0.3363,0.3308,2.4037073904817756,2.129341399635781,0.27436598955484276,resnet32,0.3532,0.3416,2.3217881569130854,2.063734172250737,0.2580539837521924,31500000.0,0.0,126000000.0,1764000000.0,14112000000.0
resnet32x8_cifar100_K8_dml-seq_seed0005_d001,d001,resnet32:8,cifar100,8,dml,dml-seq,peers,0,0,1.0,p2p,5,200,64,0.1,0.9,0.0005,True,0,60,0.1,1.0,1,,disagreement,1.0,1,0.0,0.5,weight,complete,0.0,0.0,42,0,45000,5000,10000,3760032,sequential,14,0.1,7,1.0,105.56,0.407975,0.018007897573009454,0.3783,0.4295,0.4547,0.046725000000000017,0.40095000000000003,0.4442,0.44874285714285705,0.6109929246281939,0.44727500000000003,0.6170967755974421,0.407975,resnet32,0.4235,0.4116,2.28803856857121,2.017350274053487,0.2706882947293872,resnet32,0.4256,0.4198,2.2827888755974444,2.010882344604893,0.2719065316063775,resnet32,0.4186,0.4118,2.2939342995258896,2.025201177901842,0.26873311648060655,resnet32,0.4295,0.4206,2.3346707861531866,2.0580530876124445,0.27661770093254745,resnet32,0.4057,0.4024,2.2782718041403727,2.0138448613949795,0.26442694856615906,resnet32,0.3948,0.385,2.3366832455450837,2.060540161349557,0.2761430825657127,resnet32,0.3783,0.3746,2.3634679932147264,2.0862317003987054,0.27723629446700215,resnet32,0.3878,0.3818,2.2896303598853676,2.0245756625451823,0.26505469729785214,31500000.0,0.0,126000000.0,1890000000.0,15120000000.0
resnet32x8_cifar100_K8_dml-seq_seed0005_d001,d001,resnet32:8,cifar100,8,dml,dml-seq,peers,0,0,1.0,p2p,5,200,64,0.1,0.9,0.0005,True,0,60,0.1,1.0,1,,disagreement,1.0,1,0.0,0.5,weight,complete,0.0,0.0,42,0,45000,5000,10000,3760032,sequential,15,0.1,7,1.0,104.93,0.413675,0.018317938612191054,0.3821,0.4446,0.4548,0.04112499999999997,0.4135,0.454,0.41652857142857147,0.6238290134857031,0.4206464285714286,0.6300154005802916,0.413675,resnet32,0.4104,0.4072,2.277344250543551,2.0041037330573257,0.27324051947586914,resnet32,0.4446,0.4538,2.265803012996912,1.9936206611719998,0.27218235025859694,resnet32,0.4332,0.4308,2.269387608563358,1.9996456209231506,0.2697419887831943,resnet32,0.3821,0.3812,2.310318485579707,2.0340146967633204,0.27630378754640167,resnet32,0.4006,0.4056,2.2634186314588245,1.9976043535227126,0.26581427683545783,resnet32,0.4029,0.392,2.3184646899727257,2.042737877335061,0.2757268164899539,resnet32,0.4148,0.4184,2.3393728338520634,2.063795133070512,0.2755776986225762,resnet32,0.4208,0.419,2.2819758115166966,2.0166687946766615,0.2653070184275169,31500000.0,0.0,126000000.0,2016000000.0,16128000000.0
resnet32x8_cifar100_K8_dml-seq_seed0005_d001,d001,resnet32:8,cifar100,8,dml,dml-seq,peers,0,0,1.0,p2p,5,200,64,0.1,0.9,0.0005,True,0,60,0.1,1.0,1,,disagreement,1.0,1,0.0,0.5,weight,complete,0.0,0.0,42,0,45000,5000,10000,3760032,sequential,16,0.1,7,1.0,104.73,0.35495,0.03635460768595914,0.2947,0.3965,0.4083,0.05335000000000001,0.35062499999999996,0.3956,0.49819999999999987,0.6020385910312073,0.5006392857142857,0.6001544064878346,0.35495,resnet32,0.3959,0.3908,2.2464401229200037,1.969223329289393,0.277216799705374,resnet32,0.3944,0.391,2.2454927450215276,1.9694241701879285,0.276068580400368,resnet32,0.3511,0.3522,2.2490042893385347,1.975569799542427,0.27343448607081716,resnet32,0.3134,0.314,2.2961785688318987,2.015334926714951,0.28084363997913897,resnet32,0.3394,0.324,2.241058669645678,1.9715281943367287,0.2695304730441421,resnet32,0.2947,0.3004,2.290590310977264,2.0119252866980704,0.2786650237077,resnet32,0.3542,0.348,2.3099668503484945,2.0307037114081057,0.279263141924854,resnet32,0.3965,0.3846,2.256889564239166,1.986687932163477,0.27020163044587453,31500000.0,0.0,126000000.0,2142000000.0,17136000000.0
resnet32x8_cifar100_K8_dml-seq_seed0005_d001,d001,resnet32:8,cifar100,8,dml,dml-seq,peers,0,0,1.0,p2p,5,200,64,0.1,0.9,0.0005,True,0,60,0.1,1.0,1,,disagreement,1.0,1,0.0,0.5,weight,complete,0.0,0.0,42,0,45000,5000,10000,3760032,sequential,17,0.1,7,1.0,105.2,0.4251125,0.014849279233350016,0.4012,0.447,0.4731,0.047987500000000016,0.416375,0.4582,0.4242285714285715,0.6272299173069158,0.4333892857142856,0.6231558975321816,0.4251125,resnet32,0.4462,0.4274,2.243039308285171,1.962782166220925,0.28025713871995156,resnet32,0.4129,0.411,2.2397132886743005,1.9599146270616488,0.27979866112582386,resnet32,0.447,0.4416,2.241178526797078,1.9651298722760244,0.2760486525525762,resnet32,0.4282,0.4202,2.2800948039035904,1.9969855074516751,0.2831092925996266,resnet32,0.4269,0.4152,2.2372566221112553,1.9654382213272832,0.2718184012073008,resnet32,0.4012,0.3958,2.282890336249362,2.0015196114439857,0.28137072296389803,resnet32,0.4149,0.4058,2.298943705348806,2.0179590322077274,0.2809846701354466,resnet32,0.4236,0.414,2.246637541123412,1.9743811967359348,0.272256345636296,31500000.0,0.0,126000000.0,2268000000.0,18144000000.0
resnet32x8_cifar100_K8_dml-seq_seed0005_d001,d001,resnet32:8,cifar100,8,dml,dml-seq,peers,0,0,1.0,p2p,5,200,64,0.1,0.9,0.0005,True,0,60,0.1,1.0,1,,disagreement,1.0,1,0.0,0.5,weight,complete,0.0,0.0,42,0,45000,5000,10000,3760032,sequential,18,0.1,7,1.0,105.52,0.3852625,0.0254128873556312,0.3471,0.4363,0.4377,0.05243749999999997,0.37805,0.4224,0.47014999999999996,0.6084685182551154,0.4722214285714286,0.6075652682051095,0.3852625,resnet32,0.4363,0.4204,2.226085814224048,1.9439269289035688,0.28215888248417864,resnet32,0.39,0.393,2.219066174192862,1.9378295063295148,0.2812366702339866,resnet32,0.4042,0.402,2.2192638108337466,1.941029385070909,0.2782344251066785,resnet32,0.3471,0.332,2.260919184169986,1.9763746188784188,0.28454456863586197,resnet32,0.3858,0.3806,2.214965224096721,1.9399930636652492,0.27497216110879724,resnet32,0.366,0.3668,2.254033834250136,1.9703060888092627,0.2837277456102046,resnet32,0.3665,0.3548,2.276417738165368,1.9928670032796534,0.28355073130858893,resnet32,0.3862,0.3748,2.233291881497611,1.9568796355954625,0.27641224719329993,31500000.0,0.0,126000000.0,2394000000.0,19152000000.0
resnet32x8_cifar100_K8_dml-seq_seed0005_d001,d001,resnet32:8,cifar100,8,dml,dml-seq,peers,0,0,1.0,p2p,5,200,64,0.1,0.9,0.0005,True,0,60,0.1,1.0,1,,disagreement,1.0,1,0.0,0.5,weight,complete,0.0,0.0,42,0,45000,5000,10000,3760032,sequential,19,0.1,7,1.0,100.46,0.4073375,0.019721874752416414,0.3784,0.4374,0.4536,0.046262499999999984,0.40665,0.4546,0.4471285714285715,0.619492018382292,0.4534357142857141,0.6112128039793268,0.4073375,resnet32,0.4374,0.4306,2.2112143356353045,1.9282197515395554,0.28299458350308915,resnet32,0.4091,0.4134,2.2076167437163265,1.926379537040537,0.2812372006856921,resnet32,0.4282,0.4306,2.2143633101474154,1.9335331021046096,0.28083020977845247,resnet32,0.42,0.4222,2.2496173891492863,1.964376499029723,0.2852408894210715,resnet32,0.393,0.3944,2.2104389339008113,1.9337525587867608,0.2766863750082187,resnet32,0.3836,0.3794,2.247225421904163,1.962849591266025,0.28437583023597574,resnet32,0.409,0.4122,2.2660661172121763,1.9812257081608882,0.2848404020028697,resnet32,0.3784,0.3704,2.2189668235792355,1.9428565976294605,0.27611022228798404,31500000.0,0.0,126000000.0,2520000000.0,20160000000.0
resnet32x8_cifar100_K8_dml-seq_seed0005_d001,d001,resnet32:8,cifar100,8,dml,dml-seq,peers,0,0,1.0,p2p,5,200,64,0.1,0.9,0.0005,True,0,60,0.1,1.0,1,,disagreement,1.0,1,0.0,0.5,weight,complete,0.0,0.0,42,0,45000,5000,10000,3760032,sequential,20,0.1,7,1.0,106.01,0.38917500000000005,0.03301180660006355,0.316,0.4265,0.4297,0.04052499999999998,0.3919,0.4384,0.4752285714285715,0.5974088212578694,0.47437857142857137,0.6125164591335793,0.38917500000000005,resnet32,0.4056,0.4008,2.20227081768892,1.9144228327680717,0.2878479811108925,resnet32,0.4169,0.4098,2.2027388022027234,1.9152545248242943,0.2874842735049738,resnet32,0.4265,0.4352,2.2023371132937344,1.9181514441628347,0.28418566832657566,resnet32,0.4026,0.4102,2.2390353701670063,1.948933303017508,0.2901020604397424,resnet32,0.316,0.3176,2.1954185629094187,1.915039014917883,0.28037954987534747,resnet32,0.3871,0.3938,2.2337479200214148,1.9459380190819502,0.28780989888632164,resnet32,0.3627,0.369,2.248301334340464,1.9604040013456887,0.287897332677279,resnet32,0.396,0.3988,2.215994803742929,1.9334653561765498,0.282529442994432,31500000.0,0.0,126000000.0,2646000000.0,21168000000.0
resnet32x8_cifar100_K8_dml-seq_seed0005_d001,d001,resnet32:8,cifar100,8,dml,dml-seq,peers,0,0,1.0,p2p,5,200,64,0.1,0.9,0.0005,True,0,60,0.1,1.0,1,,disagreement,1.0,1,0.0,0.5,weight,complete,0.0,0.0,42,0,45000,5000,10000,3760032,sequential,21,0.1,7,1.0,105.09,0.36372499999999997,0.055510061025007,0.2839,0.4428,0.4148,0.05107500000000004,0.36045,0.4046,0.5074142857142856,0.5710638819497765,0.5183285714285716,0.567729364644678,0.36372499999999997,resnet32,0.4428,0.4322,2.1945293852212755,1.908559156751091,0.28597022787752474,resnet32,0.4163,0.4162,2.1836154467680235,1.89857430993156,0.2850411359263076,resnet32,0.4043,0.394,2.190665969455784,1.9078470023179597,0.2828189725775949,resnet32,0.3647,0.3662,2.217778041450815,1.9322288730605082,0.28554916773414746,resnet32,0.3869,0.3842,2.179161384701729,1.9003704132681543,0.2787909756245261,resnet32,0.3174,0.311,2.2188337040557102,1.9318600191988728,0.2869736846240068,resnet32,0.2839,0.2858,2.239717464216731,1.9526343266056343,0.2870831399182366,resnet32,0.2935,0.294,2.190334405072711,1.9107274203137918,0.27960698681206186,31500000.0,0.0,126000000.0,2772000000.0,22176000000.0
resnet32x8_cifar100_K8_dml-seq_seed0005_d001,d001,resnet32:8,cifar100,8,dml,dml-seq,peers,0,0,1.0,p2p,5,200,64,0.1,0.9,0.0005,True,0,60,0.1,1.0,1,,disagreement,1.0,1,0.0,0.5,weight,complete,0.0,0.0,42,0,45000,5000,10000,3760032,sequential,22,0.1,7,1.0,107.56,0.42476250000000004,0.031460727006062665,0.3765,0.4842,0.4778,0.05303749999999996,0.421875,0.4724,0.4473142857142857,0.6069040563863527,0.4528964285714286,0.6037033017700163,0.42476250000000004,resnet32,0.4842,0.4744,2.1936179611154576,1.9041357853195884,0.28948217357339506,resnet32,0.4306,0.4286,2.188072367317297,1.89911385524002,0.28895851237360726,resnet32,0.4309,0.4272,2.194632865827192,1.9071392303502017,0.28749363545582374,resnet32,0.4196,0.424,2.22220319357108,1.9318036657165398,0.2903995305850086,resnet32,0.4526,0.4462,2.1823572507974776,1.900412005457011,0.2819452431179922,resnet32,0.3937,0.3886,2.2229212915355507,1.9329316109757533,0.28998968068679626,resnet32,0.41,0.4094,2.228503591465679,1.9405437960204752,0.28795980124480347,resnet32,0.3765,0.3766,2.198581488633698,1.9159119698134335,0.2826695181217722,31500000.0,0.0,126000000.0,2898000000.0,23184000000.0
resnet32x8_cifar100_K8_dml-seq_seed0005_d001,d001,resnet32:8,cifar100,8,dml,dml-seq,peers,0,0,1.0,p2p,5,200,64,0.1,0.9,0.0005,True,0,60,0.1,1.0,1,,disagreement,1.0,1,0.0,0.5,weight,complete,0.0,0.0,42,0,45000,5000,10000,3760032,sequential,23,0.1,7,1.0,110.86,0.4295875,0.022712355530635747,0.3893,0.4658,0.4869,0.05731249999999999,0.42975,0.4814,0.44595,0.620330106251658,0.45049999999999996,0.6172143926792354,0.4295875,resnet32,0.4352,0.4418,2.1830263264815915,1.8942984078418126,0.288727917433293,resnet32,0.426,0.4266,2.1749864550815388,1.8866399103267626,0.2883465461729264,resnet32,0.4658,0.4604,2.1843617255376144,1.8995119912380523,0.28484973449006,resnet32,0.4495,0.4464,2.2103208396583796,1.9207393611696633,0.28958148174834525,resnet32,0.4433,0.445,2.1696419919079,1.8879615982825106,0.281680392799899,resnet32,0.3893,0.3918,2.2057369886474176,1.917000620371916,0.2887363678733395,resnet32,0.4081,0.4114,2.219613003967838,1.932075795802203,0.28753720835613256,resnet32,0.4195,0.4146,2.1885166906497697,1.9064499883150512,0.28206670184789057,31500000.0,0.0,126000000.0,3024000000.0,24192000000.0
resnet32x8_cifar100_K8_dml-seq_seed0005_d001,d001,resnet32:8,cifar100,8,dml,dml-seq,peers,0,0,1.0,p2p,5,200,64,0.1,0.9,0.0005,True,0,60,0.1,1.0,1,,disagreement,1.0,1,0.0,0.5,weight,complete,0.0,0.0,42,0,45000,5000,10000,3760032,sequential,24,0.1,7,1.0,105.01,0.43125,0.019295854477063206,0.4024,0.4568,0.4791,0.047850000000000004,0.42327499999999996,0.4768,0.44326428571428567,0.6017971866970351,0.4379464285714287,0.6156027534724074,0.43125,resnet32,0.4486,0.4466,2.175142900171605,1.884136868979443,0.29100603531961416,resnet32,0.4568,0.4466,2.1651732926680283,1.877077487890016,0.2880958076143129,resnet32,0.4404,0.4266,2.1697812999852677,1.8837350669570945,0.2860462322238494,resnet32,0.4388,0.4342,2.1964239981025457,1.9060711220584132,0.2903528778432784,resnet32,0.4038,0.4028,2.1562725835564462,1.8753007155927746,0.28097186936065555,resnet32,0.4175,0.4062,2.193698310885917,1.9039133707569404,0.2897849364460192,resnet32,0.4417,0.4366,2.209854189983823,1.9211658056486736,0.2886883849913085,resnet32,0.4024,0.3866,2.176566745069894,1.8929991991343824,0.2835675441363657,31500000.0,0.0,126000000.0,3150000000.0,25200000000.0
resnet32x8_cifar100_K8_dml-seq_seed0005_d001,d001,resnet32:8,cifar100,8,dml,dml-seq,peers,0,0,1.0,p2p,5,200,64,0.1,0.9,0.0005,True,0,60,0.1,1.0,1,,disagreement,1.0,1,0.0,0.5,weight,complete,0.0,0.0,42,0,45000,5000,10000,3760032,sequential,25,0.1,7,1.0,105.47,0.4265,0.0218692706782828,0.3958,0.4689,0.4819,0.055400000000000005,0.4208,0.4738,0.46265714285714277,0.5918087793330477,0.4635464285714285,0.5911890297838314,0.4265,resnet32,0.4689,0.4702,2.1622471619736063,1.8707575980912556,0.29148956074972043,resnet32,0.4409,0.426,2.161327236078002,1.871266357600689,0.29006088069978764,resnet32,0.4086,0.4062,2.1693809794431385,1.8819197878580203,0.28746119124645536,resnet32,0.4122,0.4094,2.193975152109157,1.9024975277822127,0.2914776236919517,resnet32,0.4279,0.4162,2.1588488790121945,1.8744280328127472,0.2844208455644548,resnet32,0.4158,0.41,2.1902035185220567,1.8991279231215066,0.2910755965858698,resnet32,0.3958,0.3874,2.203216278925538,1.912130739201199,0.29108554256063973,resnet32,0.4419,0.441,2.182387190786275,1.8969151315025308,0.2854720620565455,31500000.0,0.0,126000000.0,3276000000.0,26208000000.0
resnet32x8_cifar100_K8_dml-seq_seed0005_d001,d001,resnet32:8,cifar100,8,dml,dml-seq,peers,0,0,1.0,p2p,5,200,64,0.1,0.9,0.0005,True,0,60,0.1,1.0,1,,disagreement,1.0,1,0.0,0.5,weight,complete,0.0,0.0,42,0,45000,5000,10000,3760032,sequential,26,0.1,7,1.0,105.25,0.42605000000000004,0.02417333241404668,0.3812,0.4569,0.4739,0.04784999999999995,0.41845,0.4608,0.4389785714285714,0.62528061884299,0.43811428571428573,0.6245384956166865,0.42605000000000004,resnet32,0.4569,0.4468,2.1579987506636162,1.8661690127443185,0.2918297375594689,resnet32,0.4539,0.436,2.1645123179663313,1.8721903154457158,0.2923220078545538,resnet32,0.4247,0.4166,2.1609510029242798,1.8719213591380552,0.28902964681302284,resnet32,0.4117,0.4116,2.185100629925728,1.8932048585265875,0.291895772986622,resnet32,0.4473,0.4392,2.153443332761526,1.8687549395994707,0.284688390029425,resnet32,0.3812,0.3818,2.182014725594358,1.8914836443622003,0.29053107964467595,resnet32,0.4097,0.408,2.197399810972539,1.906476303935051,0.2909235088578002,resnet32,0.423,0.4076,2.1650115090676327,1.8808613250201398,0.2841501798988743,31500000.0,0.0,126000000.0,3402000000.0,27216000000.0
resnet32x8_cifar100_K8_dml-seq_seed0005_d001,d001,resnet32:8,cifar100,8,dml,dml-seq,peers,0,0,1.0,p2p,5,200,64,0.1,0.9,0.0005,True,0,60,0.1,1.0,1,,disagreement,1.0,1,0.0,0.5,weight,complete,0.0,0.0,42,0,45000,5000,10000,3760032,sequential,27,0.1,7,1.0,105.78,0.420225,0.01782419353014324,0.3949,0.4577,0.4719,0.05167499999999997,0.412825,0.4586,0.4510714285714285,0.6134844446463138,0.44707499999999994,0.6215613698000372,0.420225,resnet32,0.4577,0.4484,2.147521110420877,1.855387718840079,0.29213339524258947,resnet32,0.4303,0.4242,2.143433753401041,1.8510474892841144,0.29238626490008424,resnet32,0.424,0.4126,2.151850251142274,1.8605187792669644,0.2913314738437872,resnet32,0.4098,0.4004,2.175797268070958,1.8833952906795524,0.29240197760306974,resnet32,0.4163,0.4134,2.135551378808238,1.8515541888773441,0.28399719012139196,resnet32,0.4241,0.4194,2.1629941029982134,1.8716068904508243,0.29138720814477315,resnet32,0.4047,0.3982,2.1919470256702467,1.8992979238656433,0.2926491019739346,resnet32,0.3949,0.386,2.1540831857445566,1.8674258452586152,0.28665733589282766,31500000.0,0.0,126000000.0,3528000000.0,28224000000.0
resnet32x8_cifar100_K8_dml-seq_seed0005_d001,d001,resnet32:8,cifar100,8,dml,dml-seq,peers,0,0,1.0,p2p,5,200,64,0.1,0.9,0.0005,True,0,60,0.1,1.0,1,,disagreement,1.0,1,0.0,0.5,weight,complete,0.0,0.0,42,0,45000,5000,10000,3760032,sequential,28,0.1,7,1.0,100.69,0.40325,0.022929784124583474,0.3721,0.451,0.4534,0.05015000000000003,0.39685,0.4504,0.4777928571428571,0.6020264588512895,0.47784642857142856,0.6096183143582276,0.40325,resnet32,0.3852,0.3884,2.1499752505597742,1.8566878145052628,0.29328743141906505,resnet32,0.451,0.4402,2.145308160477064,1.8548540765927597,0.2904540852812881,resnet32,0.402,0.4,2.1507459563965146,1.8613351884890685,0.28941077197139914,resnet32,0.3721,0.3726,2.1723030516031114,1.8807582594454288,0.2915447938509963,resnet32,0.4182,0.4048,2.1443729136477816,1.860125160691413,0.2842477540781891,resnet32,0.3897,0.3794,2.1754991503601726,1.88219968568195,0.293299461693757,resnet32,0.3934,0.3888,2.183285067873922,1.892924396490509,0.290360671764409,resnet32,0.4144,0.4006,2.165826151316816,1.8780307544564658,0.28779539865949616,31500000.0,0.0,126000000.0,3654000000.0,29232000000.0
resnet32x8_cifar100_K8_dml-seq_seed0005_d001,d001,resnet32:8,cifar100,8,dml,dml-seq,peers,0,0,1.0,p2p,5,200,64,0.1,0.9,0.0005,True,0,60,0.1,1.0,1,,disagreement,1.0,1,0.0,0.5,weight,complete,0.0,0.0,42,0,45000,5000,10000,3760032,sequential,29,0.1,7,1.0,105.92,0.4313125,0.028096905412340344,0.3907,0.4631,0.4795,0.048187499999999994,0.42925,0.4784,0.4345785714285714,0.6111856270515482,0.4356249999999999,0.6149067581817507,0.4313125,resnet32,0.4629,0.4598,2.147198486226526,1.853307894346389,0.2938905925786292,resnet32,0.4557,0.454,2.1400216186249796,1.8461546633731236,0.2938669522885572,resnet32,0.4631,0.4608,2.1390390385958282,1.8471623748879542,0.29187666140073404,resnet32,0.4321,0.4316,2.1646388435566966,1.871501463888721,0.29313737827099184,resnet32,0.4429,0.4368,2.136136090552265,1.8481155274943872,0.28802056604234333,resnet32,0.3907,0.3882,2.162352726032788,1.868932763283903,0.29341996277005156,resnet32,0.4104,0.4122,2.171680152246898,1.8791010230779648,0.2925791306082498,resnet32,0.3927,0.3906,2.1468161688270895,1.8595511789687655,0.28726499241946096,31500000.0,0.0,126000000.0,3780000000.0,30240000000.0
resnet32x8_cifar100_K8_dml-seq_seed0005_d001,d001,resnet32:8,cifar100,8,dml,dml-seq,peers,0,0,1.0,p2p,5,200,64,0.1,0.9,0.0005,True,0,60,0.1,1.0,1,,disagreement,1.0,1,0.0,0.5,weight,complete,0.0,0.0,42,0,45000,5000,10000,3760032,sequential,30,0.1,7,1.0,105.46,0.40805,0.039019354172000344,0.3263,0.4403,0.4671,0.05904999999999999,0.4054,0.456,0.4794,0.5918766617729857,0.4853214285714286,0.582108349437435,0.40805,resnet32,0.4365,0.4286,2.135703321884979,1.8411815743893385,0.2945217448286712,resnet32,0.432,0.4236,2.1349899023771286,1.8401327358389443,0.29485716547986324,resnet32,0.4255,0.4298,2.1376535418358715,1.8459708688949996,0.29168266942724586,resnet32,0.4142,0.4086,2.1581411972980606,1.8642499059100042,0.2938912918960506,resnet32,0.4403,0.435,2.129904704676433,1.8420422917062587,0.2878624099222096,resnet32,0.4293,0.4228,2.1559577699412,1.863246438516812,0.29271132886325096,resnet32,0.3263,0.333,2.1788453947414053,1.8844652941281146,0.29438009373420343,resnet32,0.3603,0.3618,2.1463126729835165,1.8575208908454939,0.2887917863713069,31500000.0,0.0,126000000.0,3906000000.0,31248000000.0
resnet32x8_cifar100_K8_dml-seq_seed0005_d001,d001,resnet32:8,cifar100,8,dml,dml-seq,peers,0,0,1.0,p2p,5,200,64,0.1,0.9,0.0005,True,0,60,0.1,1.0,1,,disagreement,1.0,1,0.0,0.5,weight,complete,0.0,0.0,42,0,45000,5000,10000,3760032,sequential,31,0.1,7,1.0,105.16,0.442875,0.013367848555395885,0.4127,0.4595,0.4855,0.04262499999999997,0.442775,0.4882,0.4170571428571428,0.6321876135738507,0.4170999999999999,0.6314441004298604,0.442875,resnet32,0.4569,0.4554,2.13740223036571,1.8411751773885705,0.29622705471278593,resnet32,0.4595,0.451,2.1334339021281763,1.8368541777811267,0.29657972819933837,resnet32,0.4404,0.4444,2.1462273543531243,1.851965932175517,0.29426142205060885,resnet32,0.4452,0.4436,2.162812739610672,1.8656281759454445,0.29718456413088873,resnet32,0.4463,0.4452,2.13326171531596,1.8431705756282264,0.2900911357719451,resnet32,0.4382,0.445,2.1643466248430987,1.8675497391007163,0.29679688411256805,resnet32,0.4438,0.4462,2.179755350236188,1.8839298330924727,0.2958255157043988,resnet32,0.4127,0.4114,2.146048031239347,1.8574000332843175,0.2886480006643317,31500000.0,0.0,126000000.0,4032000000.0,32256000000.0
resnet32x8_cifar100_K8_dml-seq_seed0005_d001,d001,resnet32:8,cifar100,8,dml,dml-seq,peers,0,0,1.0,p2p,5,200,64,0.1,0.9,0.0005,True,0,60,0.1,1.0,1,,disagreement,1.0,1,0.0,0.5,weight,complete,0.0,0.0,42,0,45000,5000,10000,3760032,sequential,32,0.1,7,1.0,104.65,0.379025,0.02965070614673452,0.3162,0.4114,0.4335,0.054474999999999996,0.37734999999999996,0.4318,0.4993928571428571,0.573089241086877,0.5004678571428572,0.5736069373302614,0.379025,resnet32,0.3965,0.3898,2.1357402676208452,1.8387811033224517,0.2969591648275541,resnet32,0.4014,0.3954,2.128561348908327,1.8311521387235685,0.29740920739079063,resnet32,0.4114,0.403,2.136062814430757,1.8410662751306186,0.2949965400409631,resnet32,0.3927,0.3876,2.1472961083054543,1.8509653749113733,0.2963307336269116,resnet32,0.3915,0.3908,2.1279585625637663,1.8386296589266171,0.2893289059654556,resnet32,0.3162,0.3296,2.1505816719410094,1.8546789959073067,0.2959026758855378,resnet32,0.3726,0.3752,2.163938217034394,1.8674708425321362,0.29646737124262884,resnet32,0.3499,0.3474,2.141112456098199,1.85059267655015,0.2905197830828415,31500000.0,0.0,126000000.0,4158000000.0,33264000000.0
resnet32x8_cifar100_K8_dml-seq_seed0005_d001,d001,resnet32:8,cifar100,8,dml,dml-seq,peers,0,0,1.0,p2p,5,200,64,0.1,0.9,0.0005,True,0,60,0.1,1.0,1,,disagreement,1.0,1,0.0,0.5,weight,complete,0.0,0.0,42,0,45000,5000,10000,3760032,sequential,33,0.1,7,1.0,105.22,0.41341249999999996,0.02864146633379653,0.3594,0.4514,0.463,0.04958750000000006,0.40997500000000003,0.4648,0.44160000000000005,0.6102440077203531,0.44352857142857144,0.6131196161150194,0.41341249999999996,resnet32,0.4402,0.4288,2.1235797427256,1.8281330655921588,0.2954466783187606,resnet32,0.4216,0.4202,2.125574652274901,1.8293756803667003,0.2961989722045308,resnet32,0.4514,0.449,2.1268493971702727,1.8338582977991214,0.292991098143499,resnet32,0.4275,0.4272,2.1435193820771845,1.8487381364472888,0.29478124662471766,resnet32,0.4037,0.397,2.123722654852,1.8328904985365542,0.29083215529945766,resnet32,0.4224,0.4166,2.144880599257621,1.850776118311015,0.2941044826610861,resnet32,0.3811,0.3776,2.1660360014912756,1.8696247351101853,0.29641126504760573,resnet32,0.3594,0.3634,2.135075976733457,1.8455879862674258,0.2894879879472269,31500000.0,0.0,126000000.0,4284000000.0,34272000000.0
resnet32x8_cifar100_K8_dml-seq_seed0005_d001,d001,resnet32:8,cifar100,8,dml,dml-seq,peers,0,0,1.0,p2p,5,200,64,0.1,0.9,0.0005,True,0,60,0.1,1.0,1,,disagreement,1.0,1,0.0,0.5,weight,complete,0.0,0.0,42,0,45000,5000,10000,3760032,sequential,34,0.1,7,1.0,104.88,0.413025,0.028432101135864012,0.3567,0.4487,0.4601,0.047075000000000033,0.4132,0.457,0.44148571428571437,0.6163409656734135,0.44423214285714296,0.6183822645244657,0.413025,resnet32,0.4088,0.4046,2.124390042132952,1.827038734304634,0.29735130947929894,resnet32,0.4326,0.4304,2.1242445531216534,1.8269373295320706,0.2973072249230675,resnet32,0.4316,0.4356,2.1238296333361757,1.8305687113580378,0.29326092286712746,resnet32,0.4209,0.4172,2.141059174964374,1.844954202459617,0.29610496755181387,resnet32,0.4487,0.445,2.119124724106355,1.8278534327718345,0.29127128987403755,resnet32,0.4247,0.4298,2.1433625294064935,1.8478040409020402,0.2955584878271276,resnet32,0.3802,0.3798,2.162153391844847,1.8647326244549318,0.29742077098820696,resnet32,0.3567,0.3632,2.1295053547417577,1.8395927443423055,0.28991260957396164,31500000.0,0.0,126000000.0,4410000000.0,35280000000.0
resnet32x8_cifar100_K8_dml-seq_seed0005_d001,d001,resnet32:8,cifar100,8,dml,dml-seq,peers,0,0,1.0,p2p,5,200,64,0.1,0.9,0.0005,True,0,60,0.1,1.0,1,,disagreement,1.0,1,0.0,0.5,weight,complete,0.0,0.0,42,0,45000,5000,10000,3760032,sequential,35,0.1,7,1.0,106.18,0.357525,0.038943316178774515,0.2754,0.4152,0.3849,0.027375000000000038,0.352475,0.387,0.41917857142857134,0.5988835260255954,0.41365,0.600052522793308,0.357525,resnet32,0.4152,0.4004,2.1211208182979715,1.8237342221493071,0.29738659354519437,resnet32,0.351,0.346,2.126031683757901,1.8276190632446245,0.2984126186717979,resnet32,0.3923,0.3826,2.126063235950741,1.831358889964494,0.2947043491823768,resnet32,0.3749,0.369,2.1447975298559125,1.8478144620629875,0.29698307056572626,resnet32,0.3354,0.3288,2.121893977069042,1.831128012558276,0.29076596423560247,resnet32,0.355,0.3512,2.1388243154029953,1.8447404756126078,0.2940838402772153,resnet32,0.2754,0.2738,2.156691213053736,1.8606391484764488,0.2960520636247979,resnet32,0.361,0.368,2.1393451873551714,1.8463658886876972,0.29297929945063184,31500000.0,0.0,126000000.0,4536000000.0,36288000000.0
resnet32x8_cifar100_K8_dml-seq_seed0005_d001,d001,resnet32:8,cifar100,8,dml,dml-seq,peers,0,0,1.0,p2p,5,200,64,0.1,0.9,0.0005,True,0,60,0.1,1.0,1,,disagreement,1.0,1,0.0,0.5,weight,complete,0.0,0.0,42,0,45000,5000,10000,3760032,sequential,36,0.1,7,1.0,105.14,0.4258125,0.021677894126275278,0.3857,0.4567,0.4765,0.050687499999999996,0.42355,0.4772,0.44137857142857145,0.6091763603045218,0.4384928571428572,0.6089603562514807,0.4258125,resnet32,0.4421,0.4442,2.116524088281122,1.8176372388208455,0.29888685049743136,resnet32,0.4567,0.4478,2.1184712540019643,1.8198034649884158,0.29866778634657914,resnet32,0.4382,0.4344,2.1219463614238934,1.8274125939404422,0.2945337653879754,resnet32,0.4134,0.4126,2.133989383720539,1.8366375936364585,0.29735179452902893,resnet32,0.4373,0.4338,2.114383205602115,1.823187523267486,0.29119568612341856,resnet32,0.4292,0.423,2.146413230760531,1.8486248850822449,0.29778834885324945,resnet32,0.3857,0.3912,2.159968535161831,1.861509548838843,0.29845898384651676,resnet32,0.4039,0.4014,2.1281567210839554,1.8363002564080737,0.29185646516270936,31500000.0,0.0,126000000.0,4662000000.0,37296000000.0
resnet32x8_cifar100_K8_dml-seq_seed0005_d001,d001,resnet32:8,cifar100,8,dml,dml-seq,peers,0,0,1.0,p2p,5,200,64,0.1,0.9,0.0005,True,0,60,0.1,1.0,1,,disagreement,1.0,1,0.0,0.5,weight,complete,0.0,0.0,42,0,45000,5000,10000,3760032,sequential,37,0.1,7,1.0,101.44,0.4151375,0.03166934391094959,0.3607,0.462,0.4665,0.05136250000000003,0.405975,0.4532,0.4648928571428573,0.613075986486975,0.46426428571428563,0.6110775227200135,0.4151375,resnet32,0.462,0.4496,2.117175364020196,1.8181624454869465,0.29901292105205357,resnet32,0.4461,0.4334,2.1232862079685386,1.8241542477838018,0.2991319579410959,resnet32,0.3607,0.3632,2.1255932238630275,1.8275806428017942,0.29801257905042305,resnet32,0.4151,0.4008,2.138579972596331,1.839904440397566,0.2986755357758904,resnet32,0.4356,0.4224,2.109777643768625,1.8177853776988657,0.291992265667597,resnet32,0.407,0.4024,2.1419861640103837,1.8431381434202194,0.2988480216273191,resnet32,0.4171,0.4066,2.167541044679555,1.8662749854001133,0.301266057734293,resnet32,0.3775,0.3694,2.1273740088059143,1.835257678208026,0.2921163294125687,31500000.0,0.0,126000000.0,4788000000.0,38304000000.0
resnet32x8_cifar100_K8_dml-seq_seed0005_d001,d001,resnet32:8,cifar100,8,dml,dml-seq,peers,0,0,1.0,p2p,5,200,64,0.1,0.9,0.0005,True,0,60,0.1,1.0,1,,disagreement,1.0,1,0.0,0.5,weight,complete,0.0,0.0,42,0,45000,5000,10000,3760032,sequential,38,0.1,7,1.0,106.68,0.4016,0.039450633708471655,0.3232,0.4643,0.4594,0.05779999999999996,0.394,0.4534,0.48805,0.5648104360772165,0.4869714285714286,0.5687326379857935,0.4016,resnet32,0.4277,0.4134,2.1163382953540846,1.8171884463253347,0.2991498467427763,resnet32,0.4643,0.4512,2.1287738265977665,1.826392094350674,0.3023817354643887,resnet32,0.4309,0.4194,2.1230541547252373,1.8266666858372362,0.2963874700521542,resnet32,0.3803,0.3732,2.1369948719035494,1.8403646090829915,0.29663026212206617,resnet32,0.4086,0.4018,2.1177528571676123,1.8245089739899745,0.29324388097633014,resnet32,0.3869,0.3914,2.1422387351366607,1.8443665118380026,0.2978722192558714,resnet32,0.3232,0.3218,2.1605407194319097,1.8617254885082894,0.29881523168561136,resnet32,0.3909,0.3798,2.127233725887808,1.834534144367684,0.2926995824937793,31500000.0,0.0,126000000.0,4914000000.0,39312000000.0
resnet32x8_cifar100_K8_dml-seq_seed0005_d001,d001,resnet32:8,cifar100,8,dml,dml-seq,peers,0,0,1.0,p2p,5,200,64,0.1,0.9,0.0005,True,0,60,0.1,1.0,1,,disagreement,1.0,1,0.0,0.5,weight,complete,0.0,0.0,42,0,45000,5000,10000,3760032,sequential,39,0.1,7,1.0,105.96,0.4575875,0.017451678823253648,0.434,0.4874,0.5172,0.05961250000000001,0.45842499999999997,0.5158,0.4392142857142857,0.5985832817612484,0.44273214285714285,0.5937185903680623,0.4575875,resnet32,0.434,0.4314,2.1119084756144066,1.812609261917797,0.29929921350611205,resnet32,0.4874,0.4814,2.1128809446976944,1.813616112551906,0.299264834177765,resnet32,0.4612,0.4536,2.113456694409251,1.8164288198406047,0.2970278746744787,resnet32,0.4708,0.4804,2.1291335018521007,1.831507559357719,0.29762594224038447,resnet32,0.4564,0.466,2.106770891357552,1.814046635715799,0.2927242534404451,resnet32,0.4396,0.4382,2.1365093173967167,1.8381166292185134,0.2983926858710633,resnet32,0.471,0.4754,2.1494391367516736,1.8515129744667898,0.2979261610572311,resnet32,0.4403,0.441,2.119842295788906,1.827800783582709,0.29204151036471804,31500000.0,0.0,126000000.0,5040000000.0,40320000000.0
resnet32x8_cifar100_K8_dml-seq_seed0005_d001,d001,resnet32:8,cifar100,8,dml,dml-seq,peers,0,0,1.0,p2p,5,200,64,0.1,0.9,0.0005,True,0,60,0.1,1.0,1,,disagreement,1.0,1,0.0,0.5,weight,complete,0.0,0.0,42,0,45000,5000,10000,3760032,sequential,40,0.1,7,1.0,104.46,0.4539625,0.025440515791744476,0.4037,0.4882,0.5088,0.05483750000000004,0.44615000000000005,0.4986,0.4376142857142857,0.6085008611676822,0.44605,0.5975648488119026,0.4539625,resnet32,0.47,0.4668,2.112379324707118,1.8126658404415303,0.2997134854509072,resnet32,0.4882,0.4752,2.118033818053928,1.8193681487305597,0.2986656670373949,resnet32,0.4655,0.45,2.1107788946140897,1.8135725107382645,0.29720638859593734,resnet32,0.4296,0.4282,2.1268518680537287,1.8284159306098113,0.29843593888323416,resnet32,0.4709,0.4674,2.1094159737906675,1.8170912634919991,0.2923247109124945,resnet32,0.4037,0.4052,2.1344796171919866,1.8369771276008,0.2975024873263795,resnet32,0.4619,0.4416,2.14445821094242,1.8457974708554419,0.29866073587486014,resnet32,0.4419,0.4348,2.111234253611077,1.8199775955555113,0.2912566545207731,31500000.0,0.0,126000000.0,5166000000.0,41328000000.0
resnet32x8_cifar100_K8_dml-seq_seed0005_d001,d001,resnet32:8,cifar100,8,dml,dml-seq,peers,0,0,1.0,p2p,5,200,64,0.1,0.9,0.0005,True,0,60,0.1,1.0,1,,disagreement,1.0,1,0.0,0.5,weight,complete,0.0,0.0,42,0,45000,5000,10000,3760032,sequential,41,0.1,7,1.0,103.83,0.394425,0.05268874998517236,0.3172,0.4575,0.4448,0.05037499999999995,0.389525,0.442,0.4977999999999999,0.576708229023508,0.4925964285714284,0.5824043410793278,0.394425,resnet32,0.4575,0.4584,2.0980249915949325,1.7989992689002643,0.299025718736547,resnet32,0.437,0.4324,2.0968994919888,1.798335092480887,0.29856439550745895,resnet32,0.4441,0.4412,2.100569275969809,1.8039347109469501,0.29663456563668494,resnet32,0.4388,0.4324,2.1200314182788134,1.8218024486506528,0.2982289627914063,resnet32,0.3689,0.3628,2.0961815677583218,1.8033699918199668,0.29281157689084386,resnet32,0.3172,0.3096,2.1201498725197534,1.8236441544511102,0.29650571959262545,resnet32,0.3642,0.364,2.1377694219012153,1.8384899679910054,0.2992794543758712,resnet32,0.3277,0.3154,2.1136738254942675,1.8190634008497,0.29461042113094166,31500000.0,0.0,126000000.0,5292000000.0,42336000000.0
resnet32x8_cifar100_K8_dml-seq_seed0005_d001,d001,resnet32:8,cifar100,8,dml,dml-seq,peers,0,0,1.0,p2p,5,200,64,0.1,0.9,0.0005,True,0,60,0.1,1.0,1,,disagreement,1.0,1,0.0,0.5,weight,complete,0.0,0.0,42,0,45000,5000,10000,3760032,sequential,42,0.1,7,1.0,100.99,0.41856249999999995,0.03453729641633809,0.3336,0.445,0.4723,0.05373750000000005,0.4118,0.4604,0.4592642857142856,0.6064496717094275,0.4609,0.6048089175584839,0.41856249999999995,resnet32,0.445,0.4412,2.1067259806123646,1.805520806630904,0.30120517048900103,resnet32,0.4365,0.4322,2.104610162025148,1.8016398830169982,0.3029702824159441,resnet32,0.4443,0.441,2.1083255515179853,1.8069779903373935,0.30134756477888336,resnet32,0.4175,0.4106,2.116485297002576,1.8165650896050713,0.2999202055136927,resnet32,0.4409,0.4232,2.1094556289979,1.8115149160677737,0.297940715554763,resnet32,0.4076,0.3942,2.1255483617159454,1.8245853409171104,0.3009630207353356,resnet32,0.4231,0.4186,2.145978261970661,1.8438791700384833,0.3020990936254913,resnet32,0.3336,0.3334,2.128870912404223,1.8300973686643622,0.29877354348586366,31500000.0,0.0,126000000.0,5418000000.0,43344000000.0
resnet32x8_cifar100_K8_dml-seq_seed0005_d001,d001,resnet32:8,cifar100,8,dml,dml-seq,peers,0,0,1.0,p2p,5,200,64,0.1,0.9,0.0005,True,0,60,0.1,1.0,1,,disagreement,1.0,1,0.0,0.5,weight,complete,0.0,0.0,42,0,45000,5000,10000,3760032,sequential,43,0.1,7,1.0,101.73,0.4403125,0.019610675504683664,0.4067,0.4692,0.4939,0.05358750000000001,0.435625,0.4866,0.4353000000000001,0.6104312014147004,0.43351785714285723,0.6193223879492743,0.4403125,resnet32,0.4576,0.452,2.0962544423951344,1.7959109112959017,0.30034353296187793,resnet32,0.4692,0.46,2.1066625362092797,1.806161767379804,0.30050077147527854,resnet32,0.4456,0.4408,2.1108283312483267,1.8131019554354928,0.29772637314586475,resnet32,0.4392,0.4418,2.1237031509253113,1.8254561493681236,0.2982469999273731,resnet32,0.4522,0.4468,2.10339395430955,1.8093335123902017,0.29406044289300387,resnet32,0.4368,0.4372,2.1268408461050554,1.8285984068431638,0.29824244167486375,resnet32,0.4067,0.3986,2.145991247824647,1.8453224941410802,0.3006687537258999,resnet32,0.4152,0.4078,2.1164854771711608,1.8226096701215615,0.29387580937790597,31500000.0,0.0,126000000.0,5544000000.0,44352000000.0
resnet32x8_cifar100_K8_dml-seq_seed0005_d001,d001,resnet32:8,cifar100,8,dml,dml-seq,peers,0,0,1.0,p2p,5,200,64,0.1,0.9,0.0005,True,0,60,0.1,1.0,1,,disagreement,1.0,1,0.0,0.5,weight,complete,0.0,0.0,42,0,45000,5000,10000,3760032,sequential,44,0.1,7,1.0,104.99,0.4384125,0.017937839718037394,0.4129,0.4695,0.4932,0.054787500000000044,0.434825,0.4848,0.4426785714285716,0.6059967076643871,0.44389642857142864,0.6078228850253764,0.4384125,resnet32,0.4695,0.4592,2.0969090715728025,1.7931107074360957,0.30379836303605273,resnet32,0.4589,0.4488,2.096918750892986,1.7931294927204198,0.30378926069137047,resnet32,0.4486,0.4476,2.102821450003169,1.8011186686767773,0.3017027819190513,resnet32,0.435,0.4276,2.1142588796263393,1.8130746478722854,0.3011842317117209,resnet32,0.4327,0.438,2.0993027605793695,1.8028086034411734,0.29649415953000163,resnet32,0.4281,0.427,2.11501561189917,1.8142379137941382,0.30077769901518797,resnet32,0.4129,0.4106,2.1408602070402014,1.8373570208522407,0.3035031890454279,resnet32,0.4216,0.4198,2.1093284868719904,1.8122761594978245,0.2970523219978945,31500000.0,0.0,126000000.0,5670000000.0,45360000000.0
resnet32x8_cifar100_K8_dml-seq_seed0005_d001,d001,resnet32:8,cifar100,8,dml,dml-seq,peers,0,0,1.0,p2p,5,200,64,0.1,0.9,0.0005,True,0,60,0.1,1.0,1,,disagreement,1.0,1,0.0,0.5,weight,complete,0.0,0.0,42,0,45000,5000,10000,3760032,sequential,45,0.1,7,1.0,104.49,0.3889375,0.02805877480842669,0.3459,0.448,0.4338,0.04486250000000003,0.37255,0.4152,0.47132857142857143,0.5793266691784631,0.4636642857142857,0.6003764049235452,0.3889375,resnet32,0.448,0.4314,2.093938993459398,1.7920722136781975,0.3018667814321816,resnet32,0.3997,0.3872,2.097739976238121,1.7954517403109507,0.3022882367949933,resnet32,0.3942,0.3642,2.102368808944117,1.8036389926617795,0.29872981971129775,resnet32,0.3818,0.3582,2.11167968606407,1.8116121717136016,0.3000675165306099,resnet32,0.3994,0.3786,2.097294803370129,1.801246053115888,0.2960487500637431,resnet32,0.375,0.3592,2.1127771960402075,1.8127801599489017,0.29999703700146213,resnet32,0.3459,0.3456,2.1302588033405216,1.8311691385778515,0.29908966429700906,resnet32,0.3675,0.356,2.1011303514242172,1.8074472573670475,0.2936830968934704,31500000.0,0.0,126000000.0,5796000000.0,46368000000.0
resnet32x8_cifar100_K8_dml-seq_seed0005_d001,d001,resnet32:8,cifar100,8,dml,dml-seq,peers,0,0,1.0,p2p,5,200,64,0.1,0.9,0.0005,True,0,60,0.1,1.0,1,,disagreement,1.0,1,0.0,0.5,weight,complete,0.0,0.0,42,0,45000,5000,10000,3760032,sequential,46,0.1,7,1.0,105.11,0.42262500000000003,0.028024308644460805,0.3535,0.4534,0.4814,0.058774999999999966,0.41004999999999997,0.4678,0.4699071428571429,0.5769197628172339,0.4665964285714285,0.5832265763049003,0.42262500000000003,resnet32,0.4248,0.4122,2.0940450561994854,1.7921737542545253,0.3018713042944331,resnet32,0.4228,0.4052,2.1048568449914455,1.8015594142065807,0.30329743161035533,resnet32,0.4403,0.4364,2.099589444019578,1.7995096731253646,0.3000797689469023,resnet32,0.4534,0.4324,2.1114645441147415,1.8110353108495474,0.30042923707515,resnet32,0.4226,0.4024,2.1037211242047222,1.8068365839055993,0.2968845395582982,resnet32,0.4378,0.4256,2.12264521792531,1.8215091734785924,0.30113603945144196,resnet32,0.3535,0.3504,2.137879227880727,1.8357289504598489,0.3021502769763835,resnet32,0.4258,0.4158,2.1111360258338125,1.8139050177891145,0.2972310075155375,31500000.0,0.0,126000000.0,5922000000.0,47376000000.0
resnet32x8_cifar100_K8_dml-seq_seed0005_d001,d001,resnet32:8,cifar100,8,dml,dml-seq,peers,0,0,1.0,p2p,5,200,64,0.1,0.9,0.0005,True,0,60,0.1,1.0,1,,disagreement,1.0,1,0.0,0.5,weight,complete,0.0,0.0,42,0,45000,5000,10000,3760032,sequential,47,0.1,7,1.0,106.14,0.403825,0.03688691332979759,0.3476,0.4522,0.4506,0.04677500000000001,0.397775,0.4474,0.46657857142857145,0.5780352814269191,0.4644714285714286,0.5890834136619192,0.403825,resnet32,0.426,0.4092,2.0946373748169704,1.791368380188942,0.30326899054290896,resnet32,0.4486,0.4422,2.092118760740215,1.7904208283871412,0.3016979339828884,resnet32,0.4522,0.453,2.098939059979536,1.798092299902981,0.3008467574730854,resnet32,0.3476,0.3408,2.1153252819045023,1.814858998764645,0.3004662811078809,resnet32,0.419,0.41,2.0921132627197285,1.7959745751524514,0.2961386888160963,resnet32,0.4008,0.3896,2.112014652483843,1.8103840171613477,0.3016306341160089,resnet32,0.3608,0.3668,2.1347897557372395,1.8318578279153868,0.3029319283510135,resnet32,0.3756,0.3706,2.1036267317831516,1.807992398738861,0.2956343314991417,31500000.0,0.0,126000000.0,6048000000.0,48384000000.0
resnet32x8_cifar100_K8_dml-seq_seed0005_d001,d001,resnet32:8,cifar100,8,dml,dml-seq,peers,0,0,1.0,p2p,5,200,64,0.1,0.9,0.0005,True,0,60,0.1,1.0,1,,disagreement,1.0,1,0.0,0.5,weight,complete,0.0,0.0,42,0,45000,5000,10000,3760032,sequential,48,0.1,7,1.0,107.34,0.4329375,0.025997208383786132,0.3847,0.4623,0.4883,0.05536250000000004,0.421625,0.4738,0.4516857142857144,0.6073148175726439,0.4512678571428571,0.610385689448503,0.4329375,resnet32,0.4537,0.4384,2.0928831925107674,1.7922550390728496,0.30062815110961144,resnet32,0.4623,0.4444,2.0896310189908203,1.789134593172507,0.3004964284217832,resnet32,0.4474,0.438,2.093818701126359,1.7959831678731875,0.29783552937971597,resnet32,0.4289,0.4188,2.103940177708864,1.8059620330618187,0.29797814369455655,resnet32,0.3997,0.3952,2.1006656588817183,1.8044092231853441,0.2962564404164864,resnet32,0.4543,0.4374,2.106250172480941,1.807078035886992,0.29917213252999564,resnet32,0.3847,0.378,2.1293817342004995,1.8302110364152626,0.2991706992033869,resnet32,0.4325,0.4228,2.1089184817604045,1.8137019652534614,0.29521651422096923,31500000.0,0.0,126000000.0,6174000000.0,49392000000.0
resnet32x8_cifar100_K8_dml-seq_seed0005_d001,d001,resnet32:8,cifar100,8,dml,dml-seq,peers,0,0,1.0,p2p,5,200,64,0.1,0.9,0.0005,True,0,60,0.1,1.0,1,,disagreement,1.0,1,0.0,0.5,weight,complete,0.0,0.0,42,0,45000,5000,10000,3760032,sequential,49,0.1,7,1.0,107.25,0.4130625,0.029000212822494945,0.3528,0.454,0.4678,0.054737499999999994,0.4024,0.4502,0.4772214285714286,0.5926077987826137,0.4783964285714286,0.5854980641174403,0.4130625,resnet32,0.4165,0.4098,2.091172941198403,1.7882925585250964,0.302880385234444,resnet32,0.454,0.4434,2.090165466070175,1.7884888464415616,0.301676620348272,resnet32,0.4153,0.4048,2.0912849735468626,1.7898837458342314,0.30140122792429547,resnet32,0.4141,0.401,2.0981272865425455,1.7986325977200812,0.29949469174343074,resnet32,0.4385,0.426,2.0841680858284235,1.7879130841994828,0.29625500546006317,resnet32,0.3883,0.3766,2.108480094000697,1.8072564215822653,0.3012236704922874,resnet32,0.425,0.4164,2.1245442779565398,1.8236472019079057,0.3008970763661306,resnet32,0.3528,0.3412,2.104690038006414,1.8065045079724356,0.298185533716936,31500000.0,0.0,126000000.0,6300000000.0,50400000000.0
resnet32x8_cifar100_K8_dml-seq_seed0005_d001,d001,resnet32:8,cifar100,8,dml,dml-seq,peers,0,0,1.0,p2p,5,200,64,0.1,0.9,0.0005,True,0,60,0.1,1.0,1,,disagreement,1.0,1,0.0,0.5,weight,complete,0.0,0.0,42,0,45000,5000,10000,3760032,sequential,50,0.1,7,1.0,105.09,0.44855,0.019991560719463602,0.4189,0.4716,0.505,0.05645,0.44015000000000004,0.4918,0.4470714285714285,0.6075739897634612,0.4489499999999999,0.5992450978647412,0.44855,resnet32,0.4716,0.4698,2.0821158951995047,1.7795667687261647,0.3025491244413636,resnet32,0.4657,0.453,2.0857262286272915,1.7823369140652092,0.30338931174694816,resnet32,0.4607,0.4552,2.08584419705651,1.7845871030268343,0.3012570940931751,resnet32,0.469,0.4632,2.09241429140622,1.793845617805015,0.2985686694102531,resnet32,0.4406,0.4398,2.0837894576517018,1.7863005604594946,0.2974888985256918,resnet32,0.4189,0.4046,2.101165647703138,1.800245787101713,0.30091986172324553,resnet32,0.442,0.4312,2.1208810613236646,1.8185320442373103,0.30234901753084903,resnet32,0.4199,0.4044,2.098786649378863,1.8006783239543438,0.29810832965780387,31500000.0,0.0,126000000.0,6426000000.0,51408000000.0
resnet32x8_cifar100_K8_dml-seq_seed0005_d001,d001,resnet32:8,cifar100,8,dml,dml-seq,peers,0,0,1.0,p2p,5,200,64,0.1,0.9,0.0005,True,0,60,0.1,1.0,1,,disagreement,1.0,1,0.0,0.5,weight,complete,0.0,0.0,42,0,45000,5000,10000,3760032,sequential,51,0.1,7,1.0,101.58,0.446625,0.0149470523850022,0.4102,0.4595,0.4984,0.051775000000000015,0.44767499999999993,0.494,0.42144285714285706,0.6371040617385623,0.42463571428571434,0.632468243713325,0.446625,resnet32,0.4485,0.4402,2.0841959564184602,1.7826857411048629,0.30151021518659865,resnet32,0.4526,0.4584,2.0909116088666697,1.7891790113327177,0.3017325966449624,resnet32,0.4595,0.4646,2.0923508800227535,1.7923528096553953,0.2999980699228631,resnet32,0.4542,0.4572,2.0898430560800163,1.7898710011081262,0.29997205727903004,resnet32,0.4475,0.4486,2.0799508897418324,1.7866748290305787,0.29327606435187836,resnet32,0.441,0.445,2.1086702941154893,1.8068171858110211,0.30185311169109563,resnet32,0.4102,0.4056,2.1246579426594754,1.8225454671139067,0.3021124782125381,resnet32,0.4595,0.4618,2.0837188708511265,1.7925637537105517,0.29115511498159985,31500000.0,0.0,126000000.0,6552000000.0,52416000000.0
resnet32x8_cifar100_K8_dml-seq_seed0005_d001,d001,resnet32:8,cifar100,8,dml,dml-seq,peers,0,0,1.0,p2p,5,200,64,0.1,0.9,0.0005,True,0,60,0.1,1.0,1,,disagreement,1.0,1,0.0,0.5,weight,complete,0.0,0.0,42,0,45000,5000,10000,3760032,sequential,52,0.1,7,1.0,104.79,0.454325,0.025982866951127632,0.4119,0.4932,0.4986,0.04427500000000001,0.44655,0.4926,0.42935,0.6294488527411982,0.42529285714285725,0.6351965524453693,0.454325,resnet32,0.4602,0.4548,2.0855290056629614,1.7833388459614732,0.30219015912999486,resnet32,0.4932,0.4782,2.088272725655274,1.7874810324812478,0.3007916910997169,resnet32,0.4616,0.4554,2.0909873304719273,1.7908733239905401,0.3001140090425245,resnet32,0.4623,0.4624,2.100428795441985,1.8019252021543004,0.29850359629331663,resnet32,0.4727,0.4662,2.08468656885353,1.7887623338875445,0.29592423502948473,resnet32,0.4145,0.4042,2.1039563773030583,1.803662808103995,0.3002935700880533,resnet32,0.4582,0.4512,2.1214898460629312,1.8208623177964578,0.30062752998095343,resnet32,0.4119,0.4,2.092654514549808,1.7981158599934794,0.2945386539848352,31500000.0,0.0,126000000.0,6678000000.0,53424000000.0
resnet32x8_cifar100_K8_dml-seq_seed0005_d001,d001,resnet32:8,cifar100,8,dml,dml-seq,peers,0,0,1.0,p2p,5,200,64,0.1,0.9,0.0005,True,0,60,0.1,1.0,1,,disagreement,1.0,1,0.0,0.5,weight,complete,0.0,0.0,42,0,45000,5000,10000,3760032,sequential,53,0.1,7,1.0,100.57,0.45330000000000004,0.023205872101690117,0.4096,0.4871,0.5164,0.06309999999999993,0.44587499999999997,0.5038,0.45822857142857154,0.5924888550580668,0.45893571428571417,0.5861069827308633,0.45330000000000004,resnet32,0.4667,0.4672,2.0781346317380667,1.7748793690380724,0.30325526181100443,resnet32,0.4571,0.448,2.085331825708801,1.7831111492758447,0.3022206775971096,resnet32,0.4371,0.4358,2.0840224263004283,1.782949781214649,0.30107264322313393,resnet32,0.4697,0.4564,2.09409742125056,1.7933975359932943,0.30069988455877383,resnet32,0.4871,0.4736,2.0841352367265658,1.7864268564365127,0.29770837899890135,resnet32,0.4096,0.4078,2.1010948847979307,1.798607503825968,0.3024873827499422,resnet32,0.4654,0.4532,2.1153193593702535,1.812937347557057,0.3023820106490431,resnet32,0.4337,0.425,2.0839176677506077,1.7881366371769796,0.29578103057362815,31500000.0,0.0,126000000.0,6804000000.0,54432000000.0
resnet32x8_cifar100_K8_dml-seq_seed0005_d001,d001,resnet32:8,cifar100,8,dml,dml-seq,peers,0,0,1.0,p2p,5,200,64,0.1,0.9,0.0005,True,0,60,0.1,1.0,1,,disagreement,1.0,1,0.0,0.5,weight,complete,0.0,0.0,42,0,45000,5000,10000,3760032,sequential,54,0.1,7,1.0,104.06,0.46001250000000005,0.008977393483077372,0.4437,0.4742,0.511,0.05098749999999996,0.45235000000000003,0.504,0.43495,0.6047653211034688,0.43269642857142865,0.6088077691031177,0.46001250000000005,resnet32,0.4437,0.444,2.073669949377125,1.7715550324117595,0.3021149178331887,resnet32,0.4713,0.4608,2.0821058475835756,1.778639980168505,0.30346586559475824,resnet32,0.4742,0.4616,2.0768888861956922,1.7768166432665153,0.3000722435641695,resnet32,0.4619,0.461,2.090123901990327,1.7900230899791827,0.3001008130906319,resnet32,0.4545,0.434,2.0750336496328767,1.7791757431219926,0.29585790824653074,resnet32,0.4599,0.4586,2.0918901029296895,1.790996651249853,0.30089345652694727,resnet32,0.4565,0.4524,2.11129103126851,1.8093003513799473,0.3019906813702123,resnet32,0.4581,0.4464,2.081683403219689,1.785754224962809,0.29592917939986696,31500000.0,0.0,126000000.0,6930000000.0,55440000000.0
resnet32x8_cifar100_K8_dml-seq_seed0005_d001,d001,resnet32:8,cifar100,8,dml,dml-seq,peers,0,0,1.0,p2p,5,200,64,0.1,0.9,0.0005,True,0,60,0.1,1.0,1,,disagreement,1.0,1,0.0,0.5,weight,complete,0.0,0.0,42,0,45000,5000,10000,3760032,sequential,55,0.1,7,1.0,102.96,0.4922875,0.013312441314424628,0.4666,0.5121,0.539,0.046712500000000046,0.4897,0.5396,0.3886428571428571,0.6313449133979473,0.38417500000000004,0.6387372817088058,0.4922875,resnet32,0.5121,0.5096,2.079763727262616,1.777837910266085,0.3019258167213676,resnet32,0.5002,0.4988,2.08226978643374,1.77931863645261,0.3029511484783143,resnet32,0.4666,0.4538,2.0866121360185472,1.7864336022599177,0.3001785314938223,resnet32,0.5054,0.5056,2.0877417640929874,1.7875986161895774,0.30014314978722145,resnet32,0.4882,0.4786,2.0807193646376785,1.7838629851625725,0.2968563766388053,resnet32,0.482,0.484,2.099133274941282,1.7983897746625273,0.3007434998130934,resnet32,0.4939,0.499,2.112200477075848,1.8109931649470872,0.3012073139490729,resnet32,0.4899,0.4882,2.085593748160384,1.78964307108386,0.295950677732683,31500000.0,0.0,126000000.0,7056000000.0,56448000000.0
resnet32x8_cifar100_K8_dml-seq_seed0005_d001,d001,resnet32:8,cifar100,8,dml,dml-seq,peers,0,0,1.0,p2p,5,200,64,0.1,0.9,0.0005,True,0,60,0.1,1.0,1,,disagreement,1.0,1,0.0,0.5,weight,complete,0.0,0.0,42,0,45000,5000,10000,3760032,sequential,56,0.1,7,1.0,105.09,0.4149875,0.009711647324218486,0.3998,0.4325,0.4788,0.0638125,0.4117,0.4712,0.4760928571428572,0.5691420456863174,0.4790928571428572,0.5749225154398714,0.4149875,resnet32,0.4325,0.4352,2.0783477748998185,1.7759611967273734,0.3023865756113082,resnet32,0.4243,0.4268,2.078856882215901,1.7771980401805856,0.3016588388391855,resnet32,0.4161,0.4148,2.089333984154192,1.7857494176450102,0.3035845657895235,resnet32,0.4113,0.3996,2.094568935138258,1.7939342649822885,0.30063467051579873,resnet32,0.4196,0.4148,2.0791835844178093,1.7823971623385495,0.2967864208939401,resnet32,0.4088,0.3882,2.0962592412463645,1.7954361562363126,0.3008230825335803,resnet32,0.4075,0.405,2.1173565680669113,1.815583168782971,0.30177339909344236,resnet32,0.3998,0.4092,2.091827289285985,1.794051524082368,0.2977757664947686,31500000.0,0.0,126000000.0,7182000000.0,57456000000.0
resnet32x8_cifar100_K8_dml-seq_seed0005_d001,d001,resnet32:8,cifar100,8,dml,dml-seq,peers,0,0,1.0,p2p,5,200,64,0.1,0.9,0.0005,True,0,60,0.1,1.0,1,,disagreement,1.0,1,0.0,0.5,weight,complete,0.0,0.0,42,0,45000,5000,10000,3760032,sequential,57,0.1,7,1.0,105.03,0.490975,0.010071587511410487,0.4701,0.5014,0.5414,0.050425,0.487625,0.5398,0.3914642857142857,0.6352398874207711,0.39062499999999994,0.6361085680928984,0.490975,resnet32,0.4888,0.4898,2.0791768592528324,1.7771782206202096,0.3019986411302604,resnet32,0.4807,0.4774,2.0835660602897406,1.7812101996757768,0.30235585889948363,resnet32,0.5,0.4954,2.0852468596263365,1.7869170450351455,0.2983298144006932,resnet32,0.5014,0.4952,2.0938667167316782,1.7940784254196016,0.2997882902325893,resnet32,0.493,0.4898,2.078175215558572,1.7826867130669681,0.29548849777149205,resnet32,0.4962,0.4932,2.0942400124940006,1.795065837488933,0.29917417420074344,resnet32,0.4701,0.4702,2.1190776584500615,1.817678940905766,0.3013987164224752,resnet32,0.4976,0.49,2.0918846260756254,1.7962699207392605,0.29561470611952245,31500000.0,0.0,126000000.0,7308000000.0,58464000000.0
resnet32x8_cifar100_K8_dml-seq_seed0005_d001,d001,resnet32:8,cifar100,8,dml,dml-seq,peers,0,0,1.0,p2p,5,200,64,0.1,0.9,0.0005,True,0,60,0.1,1.0,1,,disagreement,1.0,1,0.0,0.5,weight,complete,0.0,0.0,42,0,45000,5000,10000,3760032,sequential,58,0.1,7,1.0,100.79,0.4202875,0.03100340455095215,0.354,0.4597,0.4632,0.04291250000000002,0.41855,0.4628,0.42936428571428564,0.6285001319705007,0.43536785714285714,0.6194251335697561,0.4202875,resnet32,0.431,0.436,2.0708012177862902,1.7687177517536012,0.30208346296355804,resnet32,0.3954,0.3938,2.074474523351951,1.771572225134481,0.3029022988312962,resnet32,0.4597,0.4526,2.077872997488488,1.7773992939090186,0.3004737017803233,resnet32,0.4201,0.4212,2.080741246315566,1.7807487122375856,0.2999925361734561,resnet32,0.4501,0.4414,2.07592387853021,1.7779615199701353,0.29796236141754145,resnet32,0.4312,0.428,2.0860575530678034,1.7856967078352517,0.3003608445552262,resnet32,0.4208,0.422,2.1131704710423946,1.8089520888911053,0.30421838168562815,resnet32,0.354,0.3534,2.087946690618992,1.7894423720850186,0.2985043227460913,31500000.0,0.0,126000000.0,7434000000.0,59472000000.0
resnet32x8_cifar100_K8_dml-seq_seed0005_d001,d001,resnet32:8,cifar100,8,dml,dml-seq,peers,0,0,1.0,p2p,5,200,64,0.1,0.9,0.0005,True,0,60,0.1,1.0,1,,disagreement,1.0,1,0.0,0.5,weight,complete,0.0,0.0,42,0,45000,5000,10000,3760032,sequential,59,0.1,7,1.0,103.12,0.40881249999999997,0.02817735959507207,0.351,0.4456,0.4512,0.04238750000000002,0.40055,0.4452,0.4413571428571427,0.6346231409908961,0.4352571428571429,0.6401473197316985,0.40881249999999997,resnet32,0.4456,0.4304,2.0703951357440515,1.7677932962436567,0.3026018392887305,resnet32,0.4367,0.43,2.0758938042616304,1.773922902785919,0.30197090350768785,resnet32,0.4182,0.4158,2.0727967601269484,1.7716902118514886,0.30110654994760727,resnet32,0.4208,0.4094,2.0855065890672533,1.7847359725697474,0.3007706164975058,resnet32,0.4032,0.3962,2.0774338838051665,1.7801848582246087,0.2972490268928761,resnet32,0.3841,0.382,2.0861125041476707,1.7860702111978422,0.3000422911930152,resnet32,0.351,0.3356,2.1109600856222888,1.8081896350803701,0.3027704485099424,resnet32,0.4109,0.405,2.082077416676012,1.784512334079905,0.2975650835062631,31500000.0,0.0,126000000.0,7560000000.0,60480000000.0
resnet32x8_cifar100_K8_dml-seq_seed0005_d001,d001,resnet32:8,cifar100,8,dml,dml-seq,peers,0,0,1.0,p2p,5,200,64,0.1,0.9,0.0005,True,0,60,0.1,1.0,1,,disagreement,1.0,1,0.0,0.5,weight,complete,0.0,0.0,42,0,45000,5000,10000,3760032,sequential,60,0.010000000000000002,7,1.0,102.25,0.62525,0.003230711995830026,0.6194,0.63,0.6469,0.021650000000000058,0.621275,0.6454,0.21673571428571425,0.7485464150021349,0.215425,0.7554080097814813,0.62525,resnet32,0.6283,0.6216,1.5142440719699317,1.348545061593706,0.16569901085247032,resnet32,0.626,0.6264,1.523209166459062,1.3550750007006256,0.16813416475303133,resnet32,0.6255,0.6216,1.5167479314418002,1.3482003708962689,0.16854756087361072,resnet32,0.6272,0.6226,1.5210076421499252,1.3524205014956268,0.16858713994522326,resnet32,0.6235,0.6172,1.5159774118695746,1.347922166470777,0.16805524615020576,resnet32,0.6221,0.619,1.5337292436848988,1.363764933903109,0.169964308839884,resnet32,0.6194,0.6176,1.5524812094359235,1.380033892240714,0.17244731698354537,resnet32,0.63,0.6242,1.5261636772616343,1.356362140483477,0.16980153696865521,31500000.0,0.0,126000000.0,7686000000.0,61488000000.0
resnet32x8_cifar100_K8_dml-seq_seed0005_d001,d001,resnet32:8,cifar100,8,dml,dml-seq,peers,0,0,1.0,p2p,5,200,64,0.1,0.9,0.0005,True,0,60,0.1,1.0,1,,disagreement,1.0,1,0.0,0.5,weight,complete,0.0,0.0,42,0,45000,5000,10000,3760032,sequential,61,0.010000000000000002,7,1.0,104.52,0.6402875,0.004236873109971571,0.6305,0.6442,0.6618,0.021512500000000045,0.6351249999999999,0.6556,0.20596428571428568,0.7501249154712076,0.20887500000000006,0.7547186030110902,0.6402875,resnet32,0.643,0.6378,1.3670030075379394,1.2073398672721602,0.1596631384772164,resnet32,0.6441,0.6378,1.3790552351962437,1.2178182476623491,0.16123698762914335,resnet32,0.6402,0.6356,1.3730313480747016,1.2128557622094045,0.16017558566421608,resnet32,0.6421,0.6342,1.376594616946849,1.2162307423793457,0.1603638755305755,resnet32,0.6442,0.6344,1.3677625280212273,1.2092366373505106,0.1585258897393942,resnet32,0.6376,0.635,1.3832630143416198,1.222516149621118,0.16074686443475497,resnet32,0.6305,0.631,1.3936958877708425,1.2320927807383917,0.1616031056248837,resnet32,0.6406,0.6352,1.3744335248219697,1.2163784980604595,0.15805502552327447,31500000.0,0.0,126000000.0,7812000000.0,62496000000.0
resnet32x8_cifar100_K8_dml-seq_seed0005_d001,d001,resnet32:8,cifar100,8,dml,dml-seq,peers,0,0,1.0,p2p,5,200,64,0.1,0.9,0.0005,True,0,60,0.1,1.0,1,,disagreement,1.0,1,0.0,0.5,weight,complete,0.0,0.0,42,0,45000,5000,10000,3760032,sequential,62,0.010000000000000002,7,1.0,108.85,0.6469,0.003128098463923405,0.6429,0.6533,0.667,0.020100000000000007,0.6406749999999999,0.6612,0.21070714285714284,0.7434266026911184,0.21343214285714282,0.7424276986851572,0.6469,resnet32,0.649,0.6408,1.3268411306833678,1.1617772033099423,0.16506392651618543,resnet32,0.646,0.6352,1.329603611322289,1.1644382816316052,0.16516533024101096,resnet32,0.6463,0.6394,1.3285556471991269,1.1640062088316137,0.1645494381981817,resnet32,0.6452,0.6438,1.3367930108850652,1.1733407268977978,0.16345228377560322,resnet32,0.6533,0.6458,1.3223703826184978,1.160242779095742,0.1621276031735099,resnet32,0.6438,0.6404,1.3373496771197428,1.174286862327294,0.1630628144855357,resnet32,0.6429,0.6384,1.3532856983894652,1.1885261287574063,0.1647595715582032,resnet32,0.6487,0.6416,1.3284430626610464,1.1672192270952193,0.16122383596798914,31500000.0,0.0,126000000.0,7938000000.0,63504000000.0
resnet32x8_cifar100_K8_dml-seq_seed0005_d001,d001,resnet32:8,cifar100,8,dml,dml-seq,peers,0,0,1.0,p2p,5,200,64,0.1,0.9,0.0005,True,0,60,0.1,1.0,1,,disagreement,1.0,1,0.0,0.5,weight,complete,0.0,0.0,42,0,45000,5000,10000,3760032,sequential,63,0.010000000000000002,7,1.0,102.86,0.6485375,0.002627231194622966,0.644,0.6512,0.6735,0.0249625,0.6431250000000001,0.6686,0.21308571428571427,0.737943096749689,0.21620714285714282,0.7396314217346188,0.6485375,resnet32,0.6444,0.6412,1.2963515807959167,1.1263302351263436,0.1700213448969986,resnet32,0.6503,0.6468,1.3042191145941615,1.133805133825676,0.17041398101189936,resnet32,0.6512,0.639,1.300818038935011,1.1310299623926932,0.16978807535699822,resnet32,0.6498,0.6442,1.3053344522010197,1.1369105742566965,0.1684238777220757,resnet32,0.6504,0.642,1.29364824117246,1.1278154291212559,0.1658328112786297,resnet32,0.6482,0.6388,1.3048515318977563,1.1381935423070735,0.16665798853236166,resnet32,0.644,0.6466,1.324359177950431,1.1560614588247105,0.16829772043803876,resnet32,0.65,0.6464,1.2982944284819744,1.1341232797130942,0.16417114973195235,31500000.0,0.0,126000000.0,8064000000.0,64512000000.0
resnet32x8_cifar100_K8_dml-seq_seed0005_d001,d001,resnet32:8,cifar100,8,dml,dml-seq,peers,0,0,1.0,p2p,5,200,64,0.1,0.9,0.0005,True,0,60,0.1,1.0,1,,disagreement,1.0,1,0.0,0.5,weight,complete,0.0,0.0,42,0,45000,5000,10000,3760032,sequential,64,0.010000000000000002,7,1.0,104.51,0.6549749999999999,0.003930887304413591,0.6465,0.6607,0.6773,0.02232500000000015,0.6489750000000001,0.6726,0.21719999999999998,0.7316173634920231,0.21919285714285713,0.7268140671645723,0.6549749999999999,resnet32,0.6543,0.6482,1.27397331062027,1.0967009331692348,0.1772723792607642,resnet32,0.6531,0.6532,1.2785718902437524,1.101521266201003,0.17705062531273474,resnet32,0.6552,0.6482,1.2764198066328059,1.1015240976756269,0.17489570831160314,resnet32,0.6577,0.6482,1.2800417324866762,1.1058922145007686,0.17414951828223738,resnet32,0.6607,0.6446,1.2667512195184827,1.0964780190790242,0.1702731997303834,resnet32,0.6546,0.6514,1.2822321290150285,1.1100357323884964,0.17219639826692978,resnet32,0.6465,0.6468,1.2951013530519875,1.1221803022040562,0.17292105078443207,resnet32,0.6577,0.6512,1.2708847742866387,1.1025288589298725,0.1683559148699384,31500000.0,0.0,126000000.0,8190000000.0,65520000000.0
resnet32x8_cifar100_K8_dml-seq_seed0005_d001,d001,resnet32:8,cifar100,8,dml,dml-seq,peers,0,0,1.0,p2p,5,200,64,0.1,0.9,0.0005,True,0,60,0.1,1.0,1,,disagreement,1.0,1,0.0,0.5,weight,complete,0.0,0.0,42,0,45000,5000,10000,3760032,sequential,65,0.010000000000000002,7,1.0,105.3,0.652625,0.002194168407392629,0.6487,0.6556,0.6801,0.027475000000000027,0.6455,0.6706,0.2202428571428571,0.7274482341549423,0.22210357142857143,0.7260516923320949,0.652625,resnet32,0.654,0.649,1.2600424449721521,1.0769125983457675,0.1831298461607234,resnet32,0.6514,0.6408,1.2644499713046984,1.0827180732210928,0.18173189697236838,resnet32,0.6513,0.6424,1.2605194633995944,1.0802823151038452,0.18023715045472438,resnet32,0.6511,0.65,1.264848593368449,1.0857619812542743,0.17908661194484343,resnet32,0.6556,0.6466,1.2493515324524858,1.074470452117649,0.1748810786203566,resnet32,0.6547,0.6462,1.2652423440224745,1.0879678977653384,0.1772744481832805,resnet32,0.6487,0.6434,1.2833778447556226,1.1054758349941536,0.177902007157999,resnet32,0.6542,0.6456,1.2506356185979464,1.0781087098981847,0.1725269080859355,31500000.0,0.0,126000000.0,8316000000.0,66528000000.0
resnet32x8_cifar100_K8_dml-seq_seed0005_d001,d001,resnet32:8,cifar100,8,dml,dml-seq,peers,0,0,1.0,p2p,5,200,64,0.1,0.9,0.0005,True,0,60,0.1,1.0,1,,disagreement,1.0,1,0.0,0.5,weight,complete,0.0,0.0,42,0,45000,5000,10000,3760032,sequential,66,0.010000000000000002,7,1.0,105.26,0.655,0.003931920650267501,0.6474,0.6607,0.6833,0.028299999999999992,0.64735,0.671,0.22420714285714288,0.7238566645040514,0.22551785714285713,0.7202053824784024,0.655,resnet32,0.6532,0.6484,1.253778507001698,1.0639546356079252,0.18982387327758427,resnet32,0.6548,0.6468,1.2606223236600107,1.0710771571506152,0.18954516557807272,resnet32,0.6559,0.6488,1.2513553918423979,1.0640274938195944,0.18732789796988733,resnet32,0.6588,0.642,1.2590923443097959,1.0739849796518683,0.18510736265770075,resnet32,0.6607,0.6474,1.2404949057169936,1.0590662545609204,0.18142865264830602,resnet32,0.6519,0.647,1.2584075630557807,1.0756287170066074,0.1827788469169966,resnet32,0.6474,0.6488,1.2695917657322504,1.086714289997789,0.18287747677161612,resnet32,0.6573,0.6496,1.2442650722170419,1.0668302064084194,0.17743486748076975,31500000.0,0.0,126000000.0,8442000000.0,67536000000.0
resnet32x8_cifar100_K8_dml-seq_seed0005_d001,d001,resnet32:8,cifar100,8,dml,dml-seq,peers,0,0,1.0,p2p,5,200,64,0.1,0.9,0.0005,True,0,60,0.1,1.0,1,,disagreement,1.0,1,0.0,0.5,weight,complete,0.0,0.0,42,0,45000,5000,10000,3760032,sequential,67,0.010000000000000002,7,1.0,105.91,0.6542625,0.002629609048889218,0.6502,0.658,0.6827,0.028437500000000004,0.646925,0.6742,0.2297642857142857,0.7161465769050837,0.2285214285714286,0.7189655845111164,0.6542625,resnet32,0.6551,0.6496,1.2463364120234142,1.0492197128690102,0.19711669909090482,resnet32,0.6542,0.6556,1.2546625647863203,1.058291914364831,0.19637064635753632,resnet32,0.6559,0.6416,1.2492561109194702,1.0557744492861358,0.19348166152750226,resnet32,0.651,0.6456,1.2502057361839847,1.0597294516522775,0.1904762842353772,resnet32,0.658,0.6424,1.2363107814030214,1.048658925277943,0.18765185470692813,resnet32,0.6571,0.653,1.2523259383372285,1.0639916638928382,0.18833427398931235,resnet32,0.6502,0.6426,1.2610571643506938,1.0732598215849563,0.18779734009876847,resnet32,0.6526,0.645,1.233134468594058,1.0514459151943976,0.1816885499812832,31500000.0,0.0,126000000.0,8568000000.0,68544000000.0
resnet32x8_cifar100_K8_dml-seq_seed0005_d001,d001,resnet32:8,cifar100,8,dml,dml-seq,peers,0,0,1.0,p2p,5,200,64,0.1,0.9,0.0005,True,0,60,0.1,1.0,1,,disagreement,1.0,1,0.0,0.5,weight,complete,0.0,0.0,42,0,45000,5000,10000,3760032,sequential,68,0.010000000000000002,7,1.0,105.94,0.6575124999999999,0.0031354575025026375,0.6517,0.6612,0.6848,0.02728750000000002,0.649,0.6762,0.22895,0.7110424801924004,0.2265892857142858,0.7182886949641502,0.6575124999999999,resnet32,0.6612,0.6576,1.247150593267923,1.0441615472293713,0.2029890432022512,resnet32,0.6563,0.6486,1.2486863631585783,1.0478187531063503,0.2008676125498658,resnet32,0.654,0.6496,1.2443024621091106,1.0446781701492993,0.1996242894410071,resnet32,0.6574,0.6444,1.2471281551671298,1.0507934829220176,0.19633467152545397,resnet32,0.6599,0.6454,1.2318526279519906,1.0389828112992374,0.1928698169067502,resnet32,0.659,0.6496,1.2434421091086485,1.050308813340962,0.1931332974186675,resnet32,0.6517,0.6464,1.2555270963771776,1.0628046618605203,0.1927224364428019,resnet32,0.6606,0.6504,1.2288251092488116,1.0414679975841532,0.18735711270181293,31500000.0,0.0,126000000.0,8694000000.0,69552000000.0
resnet32x8_cifar100_K8_dml-seq_seed0005_d001,d001,resnet32:8,cifar100,8,dml,dml-seq,peers,0,0,1.0,p2p,5,200,64,0.1,0.9,0.0005,True,0,60,0.1,1.0,1,,disagreement,1.0,1,0.0,0.5,weight,complete,0.0,0.0,42,0,45000,5000,10000,3760032,sequential,69,0.010000000000000002,7,1.0,100.76,0.6480874999999999,0.0035204536284405134,0.6415,0.6534,0.6786,0.030512500000000053,0.640475,0.6672,0.23418571428571436,0.7183936085635585,0.23913928571428572,0.7040539445172931,0.6480874999999999,resnet32,0.6496,0.6386,1.2450709182091735,1.03686348230324,0.20820743800140917,resnet32,0.6439,0.6412,1.2525457932867787,1.045027457770299,0.20751833627847108,resnet32,0.6477,0.6422,1.2403083457188173,1.0367226576093922,0.20358568686060607,resnet32,0.6496,0.6428,1.2484694482250647,1.0465324426239186,0.20193700659596783,resnet32,0.6503,0.6386,1.2267304050990127,1.0293059564957565,0.19742444806351242,resnet32,0.6487,0.6402,1.2406274584883994,1.0430286033079028,0.19759885587898846,resnet32,0.6415,0.6394,1.2554096020758152,1.057051962580193,0.1983576404057782,resnet32,0.6534,0.6408,1.2213292226026005,1.0311220852996816,0.19020713690075686,31500000.0,0.0,126000000.0,8820000000.0,70560000000.0
resnet32x8_cifar100_K8_dml-seq_seed0005_d001,d001,resnet32:8,cifar100,8,dml,dml-seq,peers,0,0,1.0,p2p,5,200,64,0.1,0.9,0.0005,True,0,60,0.1,1.0,1,,disagreement,1.0,1,0.0,0.5,weight,complete,0.0,0.0,42,0,45000,5000,10000,3760032,sequential,70,0.010000000000000002,7,1.0,105.96,0.6472249999999999,0.006381369367149955,0.6331,0.6537,0.6792,0.03197500000000009,0.64135,0.67,0.242,0.7015048417487103,0.24335,0.697448430158631,0.6472249999999999,resnet32,0.6505,0.6436,1.2416737285357984,1.0264133215797218,0.2152604063845832,resnet32,0.6515,0.647,1.2422954830425708,1.0300291873175988,0.21226629473014988,resnet32,0.6457,0.6346,1.2366745217110624,1.0258025935089046,0.21087193144062025,resnet32,0.6537,0.6432,1.2412839519198646,1.0335623963143339,0.20772155577486212,resnet32,0.6502,0.6378,1.2179333733564073,1.014636104333807,0.20329726802777837,resnet32,0.6331,0.6412,1.23630596824329,1.0332281766459346,0.20307779320600358,resnet32,0.6419,0.64,1.2454922189936042,1.0425802491266618,0.20291196887212043,resnet32,0.6512,0.6434,1.2144627196883613,1.0191871795633978,0.19527554082345555,31500000.0,0.0,126000000.0,8946000000.0,71568000000.0
resnet32x8_cifar100_K8_dml-seq_seed0005_d001,d001,resnet32:8,cifar100,8,dml,dml-seq,peers,0,0,1.0,p2p,5,200,64,0.1,0.9,0.0005,True,0,60,0.1,1.0,1,,disagreement,1.0,1,0.0,0.5,weight,complete,0.0,0.0,42,0,45000,5000,10000,3760032,sequential,71,0.010000000000000002,7,1.0,105.83,0.6565624999999999,0.004172510485307403,0.6485,0.6639,0.6893,0.032737500000000086,0.65785,0.6868,0.23636428571428564,0.6973601777476043,0.24272142857142862,0.6940443088441463,0.6565624999999999,resnet32,0.6579,0.654,1.2470232435417445,1.0271849705075675,0.21983827307650988,resnet32,0.6639,0.6638,1.248823612505062,1.0303178109567275,0.21850580201399597,resnet32,0.6546,0.6512,1.244092351502993,1.0287208015268499,0.21537154921415178,resnet32,0.6546,0.6612,1.244197299365293,1.0317236516963353,0.21247364697046578,resnet32,0.6584,0.6608,1.2237654644995928,1.016236187297512,0.20752927705391563,resnet32,0.6555,0.6652,1.2396469107744368,1.0317076957699927,0.20793921557593753,resnet32,0.6485,0.6486,1.2524376292289658,1.0448582698167725,0.20757935996252028,resnet32,0.6591,0.658,1.2131848206574267,1.0145603370937435,0.19862448191270232,31500000.0,0.0,126000000.0,9072000000.0,72576000000.0
resnet32x8_cifar100_K8_dml-seq_seed0005_d001,d001,resnet32:8,cifar100,8,dml,dml-seq,peers,0,0,1.0,p2p,5,200,64,0.1,0.9,0.0005,True,0,60,0.1,1.0,1,,disagreement,1.0,1,0.0,0.5,weight,complete,0.0,0.0,42,0,45000,5000,10000,3760032,sequential,72,0.010000000000000002,7,1.0,105.64,0.64995,0.007178614072368018,0.6325,0.6584,0.6844,0.03444999999999998,0.646475,0.682,0.26044285714285714,0.670904567830456,0.26060357142857143,0.6797112540557378,0.64995,resnet32,0.6518,0.644,1.247054684060541,1.0217453295534307,0.2253093557135964,resnet32,0.6584,0.656,1.248817003162747,1.0259949137372049,0.22282208874821663,resnet32,0.6546,0.6488,1.2464345275339754,1.026999622922052,0.21943490499291907,resnet32,0.6501,0.651,1.2409497381780634,1.0228683432056145,0.2180813954592767,resnet32,0.6511,0.6432,1.2279497552663088,1.0148364722051404,0.21311328329399906,resnet32,0.6325,0.6294,1.2413922605020078,1.028465056453239,0.21292720478959382,resnet32,0.6527,0.6486,1.2549748640846123,1.04283146915788,0.21214339509606361,resnet32,0.6484,0.6508,1.2228880743919448,1.0185824493792923,0.20430562609213998,31500000.0,0.0,126000000.0,9198000000.0,73584000000.0
resnet32x8_cifar100_K8_dml-seq_seed0005_d001,d001,resnet32:8,cifar100,8,dml,dml-seq,peers,0,0,1.0,p2p,5,200,64,0.1,0.9,0.0005,True,0,60,0.1,1.0,1,,disagreement,1.0,1,0.0,0.5,weight,complete,0.0,0.0,42,0,45000,5000,10000,3760032,sequential,73,0.010000000000000002,7,1.0,101.61,0.653925,0.003807804485527059,0.6482,0.6587,0.6925,0.038575000000000026,0.644575,0.6792,0.24582857142857148,0.7001460031941431,0.24295714285714295,0.6953167149518059,0.653925,resnet32,0.6564,0.6444,1.2459213660860604,1.0166391105475752,0.22928225613114508,resnet32,0.6581,0.6554,1.2477000768042423,1.0197618688795378,0.22793820900419218,resnet32,0.6548,0.643,1.2421514786441217,1.0177022221244194,0.22444925651970235,resnet32,0.6482,0.6338,1.2408594261346892,1.0195128713649781,0.2213465543252162,resnet32,0.6587,0.647,1.2257578107951717,1.009425863369622,0.21633194861086932,resnet32,0.6503,0.6432,1.2431912005624988,1.0264080055058002,0.21678319649601524,resnet32,0.6555,0.6488,1.2472314477305522,1.0327650461853906,0.21446640165099365,resnet32,0.6494,0.641,1.2218390713361176,1.0133308908394114,0.20850818178785796,31500000.0,0.0,126000000.0,9324000000.0,74592000000.0
resnet32x8_cifar100_K8_dml-seq_seed0005_d001,d001,resnet32:8,cifar100,8,dml,dml-seq,peers,0,0,1.0,p2p,5,200,64,0.1,0.9,0.0005,True,0,60,0.1,1.0,1,,disagreement,1.0,1,0.0,0.5,weight,complete,0.0,0.0,42,0,45000,5000,10000,3760032,sequential,74,0.010000000000000002,7,1.0,101.65,0.65455,0.0026504716561397256,0.6503,0.6582,0.6891,0.03455000000000008,0.649575,0.6862,0.25120000000000003,0.6823141326337723,0.249025,0.6887766978841746,0.65455,resnet32,0.6549,0.6524,1.2488380986350505,1.0154942193661223,0.2333438801155849,resnet32,0.6513,0.6498,1.2556535447524353,1.0237747011706233,0.23187884262932296,resnet32,0.657,0.6484,1.24607745625756,1.0172399371354417,0.2288375179579651,resnet32,0.6543,0.6508,1.2504245204512368,1.0245809345506132,0.22584358575245875,resnet32,0.6571,0.6518,1.2292822552844882,1.0090261326086791,0.22025612510994755,resnet32,0.6582,0.6522,1.2442366853356361,1.0227388560941273,0.22149783091365613,resnet32,0.6503,0.6418,1.2523332301696593,1.033033060925928,0.2193001685029065,resnet32,0.6533,0.6494,1.220643925057216,1.0097135483202608,0.210930376927453,31500000.0,0.0,126000000.0,9450000000.0,75600000000.0
resnet32x8_cifar100_K8_dml-seq_seed0005_d001,d001,resnet32:8,cifar100,8,dml,dml-seq,peers,0,0,1.0,p2p,5,200,64,0.1,0.9,0.0005,True,0,60,0.1,1.0,1,,disagreement,1.0,1,0.0,0.5,weight,complete,0.0,0.0,42,0,45000,5000,10000,3760032,sequential,75,0.010000000000000002,7,1.0,105.09,0.6557375,0.0023526248638489162,0.6526,0.6599,0.6911,0.035362500000000074,0.65145,0.6874,0.24872142857142854,0.6874363284973801,0.2539571428571428,0.6791556330974658,0.6557375,resnet32,0.6535,0.6572,1.247179163027216,1.01053145383908,0.2366477088071406,resnet32,0.6537,0.6592,1.2489632747390054,1.0149925244887443,0.23397075160491196,resnet32,0.6599,0.645,1.2412788709625602,1.0104022331705147,0.23087664088234305,resnet32,0.6574,0.6474,1.2459909794852138,1.0179182221605019,0.22807275721887973,resnet32,0.6568,0.651,1.22510878352279,1.0019460383125327,0.22316274571825157,resnet32,0.6546,0.6444,1.2434933048418977,1.0198705466464162,0.22362275679849766,resnet32,0.6526,0.6516,1.2517879782244563,1.0286568101834168,0.2231311670038849,resnet32,0.6574,0.6558,1.2215861259874972,1.0073127308013765,0.21427339654077182,31500000.0,0.0,126000000.0,9576000000.0,76608000000.0
resnet32x8_cifar100_K8_dml-seq_seed0005_d001,d001,resnet32:8,cifar100,8,dml,dml-seq,peers,0,0,1.0,p2p,5,200,64,0.1,0.9,0.0005,True,0,60,0.1,1.0,1,,disagreement,1.0,1,0.0,0.5,weight,complete,0.0,0.0,42,0,45000,5000,10000,3760032,sequential,76,0.010000000000000002,7,1.0,100.62,0.6469875,0.004045193907589597,0.6401,0.6544,0.6889,0.04191249999999991,0.643425,0.678,0.2600142857142858,0.6779418916890468,0.2614071428571429,0.6745220023468351,0.6469875,resnet32,0.6544,0.6478,1.2459791679443284,1.0055810859088192,0.24039808256466957,resnet32,0.6466,0.6442,1.2526467699049548,1.0134002269161018,0.23924654385667632,resnet32,0.6488,0.6404,1.2397776629606432,1.0046834397045048,0.23509422336197036,resnet32,0.643,0.6434,1.248957164924253,1.0154225541786714,0.2335346096872606,resnet32,0.6498,0.6402,1.2250227896835317,0.9982276947491548,0.22679509647952562,resnet32,0.6401,0.6446,1.2433129242536696,1.0168798152696004,0.22643310921690005,resnet32,0.6473,0.6398,1.246473323977129,1.0221523352136666,0.2243209880861369,resnet32,0.6459,0.647,1.212940046479079,0.9962949586016211,0.2166450878774578,31500000.0,0.0,126000000.0,9702000000.0,77616000000.0
resnet32x8_cifar100_K8_dml-seq_seed0005_d001,d001,resnet32:8,cifar100,8,dml,dml-seq,peers,0,0,1.0,p2p,5,200,64,0.1,0.9,0.0005,True,0,60,0.1,1.0,1,,disagreement,1.0,1,0.0,0.5,weight,complete,0.0,0.0,42,0,45000,5000,10000,3760032,sequential,77,0.010000000000000002,7,1.0,105.31,0.6481625000000001,0.0038990183059329103,0.6413,0.6532,0.6884,0.040237499999999926,0.6436999999999999,0.6776,0.25876428571428567,0.6766203848413151,0.26099642857142863,0.6791526961213027,0.6481625000000001,resnet32,0.6501,0.6486,1.2568392065269025,1.0098569071428343,0.2469823001883924,resnet32,0.6503,0.6508,1.2584603137590669,1.0154033870520918,0.24305692427283662,resnet32,0.6477,0.6448,1.2559013548730449,1.0144177053801038,0.24148364837112074,resnet32,0.6451,0.637,1.2520555308596655,1.0142321239479564,0.23782340699637478,resnet32,0.6413,0.6384,1.2308658340268515,0.99850232899189,0.23236350628378039,resnet32,0.6532,0.639,1.249874565581029,1.018446432680569,0.23142813222313469,resnet32,0.6449,0.6408,1.2611988426440142,1.0300160726871004,0.2311827695335854,resnet32,0.6527,0.6502,1.2252946011722088,1.003506158224561,0.22178844100033696,31500000.0,0.0,126000000.0,9828000000.0,78624000000.0
resnet32x8_cifar100_K8_dml-seq_seed0005_d001,d001,resnet32:8,cifar100,8,dml,dml-seq,peers,0,0,1.0,p2p,5,200,64,0.1,0.9,0.0005,True,0,60,0.1,1.0,1,,disagreement,1.0,1,0.0,0.5,weight,complete,0.0,0.0,42,0,45000,5000,10000,3760032,sequential,78,0.010000000000000002,7,1.0,104.26,0.6540375,0.0019589139210286796,0.6512,0.6566,0.6944,0.04036249999999997,0.644875,0.6804,0.26314285714285707,0.666854956297756,0.26492499999999997,0.6656163281204656,0.6540375,resnet32,0.6566,0.6488,1.2585630544715307,1.0072205009954898,0.2513425546401942,resnet32,0.6553,0.6482,1.2600393153896385,1.0134982272813267,0.24654108836230906,resnet32,0.6526,0.6404,1.2526805339042435,1.008821904997934,0.24385862922380594,resnet32,0.6565,0.6426,1.2510483548553153,1.0115303872153163,0.2395179689311507,resnet32,0.652,0.6392,1.2354560504582794,1.0004873228344051,0.23496872870336202,resnet32,0.653,0.648,1.2475196333094076,1.0136452120813457,0.2338744202544066,resnet32,0.6512,0.645,1.2610954846340148,1.0275862286375328,0.23350925400683825,resnet32,0.6551,0.6468,1.2225664313035933,0.998608639294451,0.22395779385062103,31500000.0,0.0,126000000.0,9954000000.0,79632000000.0
resnet32x8_cifar100_K8_dml-seq_seed0005_d001,d001,resnet32:8,cifar100,8,dml,dml-seq,peers,0,0,1.0,p2p,5,200,64,0.1,0.9,0.0005,True,0,60,0.1,1.0,1,,disagreement,1.0,1,0.0,0.5,weight,complete,0.0,0.0,42,0,45000,5000,10000,3760032,sequential,79,0.010000000000000002,7,1.0,105.27,0.6506,0.004761302342846958,0.6413,0.6567,0.6915,0.04090000000000005,0.645525,0.6796,0.26260714285714293,0.6768311789964991,0.2638821428571429,0.6718558555023962,0.6506,resnet32,0.649,0.6452,1.251161944798448,0.9996970726854422,0.2514648691920394,resnet32,0.6492,0.6418,1.2566201724112034,1.008640792728825,0.2479793818625198,resnet32,0.6498,0.6486,1.2502658417956396,1.003904271447523,0.24636157003062015,resnet32,0.6546,0.653,1.2517864645712755,1.0094869455999949,0.24229952047409659,resnet32,0.6561,0.6482,1.2319402742961592,0.9951044361699711,0.23683583531105382,resnet32,0.6413,0.6412,1.244911965575408,1.0089482500810514,0.2359637122770602,resnet32,0.6567,0.6428,1.2612222180786459,1.0248413243415682,0.2363808921919289,resnet32,0.6481,0.6434,1.225892630151727,0.9994559498842467,0.2264366818126291,31500000.0,0.0,126000000.0,10080000000.0,80640000000.0
resnet32x8_cifar100_K8_dml-seq_seed0005_d001,d001,resnet32:8,cifar100,8,dml,dml-seq,peers,0,0,1.0,p2p,5,200,64,0.1,0.9,0.0005,True,0,60,0.1,1.0,1,,disagreement,1.0,1,0.0,0.5,weight,complete,0.0,0.0,42,0,45000,5000,10000,3760032,sequential,80,0.010000000000000002,7,1.0,105.82,0.6474375,0.005142211951096534,0.6412,0.6591,0.6882,0.040762500000000035,0.6434,0.682,0.2669,0.6651410789829258,0.26975714285714286,0.6666700998776587,0.6474375,resnet32,0.6591,0.649,1.256388533352451,1.0005277870222926,0.2558607471133159,resnet32,0.6462,0.6488,1.2536925048652021,1.0030373720960184,0.25065513103353704,resnet32,0.6467,0.6436,1.2462877041914247,0.9985289473763921,0.24775875863534483,resnet32,0.6412,0.6312,1.2477908506142823,1.0040805277160623,0.2437103252476928,resnet32,0.649,0.6498,1.2253187990493395,0.9868298715657808,0.2384889275258915,resnet32,0.6475,0.6506,1.2430513159964571,1.0053578302772208,0.23769348377192562,resnet32,0.648,0.6378,1.2532405241985212,1.0159651157022878,0.23727540904656053,resnet32,0.6418,0.6364,1.2214991005814888,0.99369883723557,0.22780026281675833,31500000.0,0.0,126000000.0,10206000000.0,81648000000.0
resnet32x8_cifar100_K8_dml-seq_seed0005_d001,d001,resnet32:8,cifar100,8,dml,dml-seq,peers,0,0,1.0,p2p,5,200,64,0.1,0.9,0.0005,True,0,60,0.1,1.0,1,,disagreement,1.0,1,0.0,0.5,weight,complete,0.0,0.0,42,0,45000,5000,10000,3760032,sequential,81,0.010000000000000002,7,1.0,101.3,0.6499125,0.005687142845928887,0.6405,0.6583,0.6901,0.04018750000000004,0.6480250000000001,0.6876,0.26630000000000004,0.665057007170533,0.2666535714285715,0.6725183016162755,0.6499125,resnet32,0.6569,0.6516,1.2570248874412342,0.9996721993454478,0.2573526895986023,resnet32,0.6495,0.649,1.2552674238316037,1.0014392730187287,0.2538281514267014,resnet32,0.6516,0.6508,1.2513192680410363,1.0004157478159124,0.2509035190398043,resnet32,0.6583,0.6526,1.2545756612989036,1.0063039375977083,0.24827172272753986,resnet32,0.65,0.647,1.233978920531544,0.9914015012539246,0.24257741942578417,resnet32,0.6495,0.6512,1.2497724127024412,1.0093998402695765,0.24037257374518298,resnet32,0.643,0.643,1.2605792579495094,1.0194684320383451,0.24111082667315548,resnet32,0.6405,0.639,1.232635946690359,1.000052800740708,0.23258314787579532,31500000.0,0.0,126000000.0,10332000000.0,82656000000.0
resnet32x8_cifar100_K8_dml-seq_seed0005_d001,d001,resnet32:8,cifar100,8,dml,dml-seq,peers,0,0,1.0,p2p,5,200,64,0.1,0.9,0.0005,True,0,60,0.1,1.0,1,,disagreement,1.0,1,0.0,0.5,weight,complete,0.0,0.0,42,0,45000,5000,10000,3760032,sequential,82,0.010000000000000002,7,1.0,106.34,0.654175,0.004940078440672798,0.6472,0.6649,0.6908,0.03662500000000002,0.65375,0.6932,0.25766428571428573,0.6707364341378866,0.26234999999999997,0.6693921493940537,0.654175,resnet32,0.6511,0.6466,1.2634691699323328,1.0028579252010041,0.26061124506999145,resnet32,0.656,0.6616,1.2609630647877401,1.003410959954966,0.2575521028219638,resnet32,0.6537,0.6478,1.2559546851129695,1.0016245730221272,0.2543301128739999,resnet32,0.6525,0.648,1.2616583310406317,1.0101933198218995,0.25146501265804877,resnet32,0.6568,0.6538,1.2421668833968313,0.996222999539565,0.24594388480975546,resnet32,0.6512,0.6548,1.247722744518383,1.0040244664150206,0.24369827670637856,resnet32,0.6472,0.6508,1.2646225747567685,1.021079259247265,0.24354331707581878,resnet32,0.6649,0.6666,1.2324427505108444,0.9983856446871703,0.23405710586600684,31500000.0,0.0,126000000.0,10458000000.0,83664000000.0
resnet32x8_cifar100_K8_dml-seq_seed0005_d001,d001,resnet32:8,cifar100,8,dml,dml-seq,peers,0,0,1.0,p2p,5,200,64,0.1,0.9,0.0005,True,0,60,0.1,1.0,1,,disagreement,1.0,1,0.0,0.5,weight,complete,0.0,0.0,42,0,45000,5000,10000,3760032,sequential,83,0.010000000000000002,7,1.0,108.46,0.6422625,0.01109334682365968,0.6265,0.6592,0.6884,0.04613750000000005,0.6368,0.679,0.27715000000000006,0.6569303554811402,0.28213928571428565,0.6551734085827012,0.6422625,resnet32,0.6592,0.648,1.2508032421835444,0.9913400016217069,0.2594632415143265,resnet32,0.6501,0.643,1.247436181134121,0.9914040512997996,0.25603213165463373,resnet32,0.6544,0.6472,1.2437194217504426,0.9912189701572061,0.25250045191073284,resnet32,0.6265,0.6238,1.2494388126175513,0.9995215171948075,0.24991729269227522,resnet32,0.6442,0.6344,1.2262360721149228,0.9816351135854017,0.24460095895284956,resnet32,0.6283,0.6298,1.2387852024456316,0.9955174743451856,0.24326773087324743,resnet32,0.6379,0.6422,1.2508672012693502,1.0079577210443942,0.24290948001329193,resnet32,0.6375,0.626,1.2209159657359123,0.9875801399519498,0.23333582591096108,31500000.0,0.0,126000000.0,10584000000.0,84672000000.0
resnet32x8_cifar100_K8_dml-seq_seed0005_d001,d001,resnet32:8,cifar100,8,dml,dml-seq,peers,0,0,1.0,p2p,5,200,64,0.1,0.9,0.0005,True,0,60,0.1,1.0,1,,disagreement,1.0,1,0.0,0.5,weight,complete,0.0,0.0,42,0,45000,5000,10000,3760032,sequential,84,0.010000000000000002,7,1.0,106.48,0.650175,0.006271512975351318,0.6368,0.6575,0.6922,0.04202500000000009,0.650475,0.696,0.26313571428571425,0.667250632169112,0.2693428571428572,0.6594784921501627,0.650175,resnet32,0.6499,0.6526,1.2562926887449892,0.9947978992184455,0.261494787431068,resnet32,0.6525,0.6554,1.2543075953356244,0.9948904228142716,0.2594171723731878,resnet32,0.6575,0.6508,1.2515141299333086,0.994694531725889,0.25681960000656545,resnet32,0.6529,0.6498,1.2558125929737634,1.0020154982127927,0.25379709442230786,resnet32,0.657,0.6528,1.2330632768571377,0.9870442888614807,0.24601898930797522,resnet32,0.6455,0.6554,1.2414518552408977,0.996457598510791,0.2449942582117563,resnet32,0.6368,0.6366,1.250663978894326,1.0066895205527544,0.24397445876489987,resnet32,0.6493,0.6504,1.2249102763492952,0.9894359947436235,0.23547428416680882,31500000.0,0.0,126000000.0,10710000000.0,85680000000.0
resnet32x8_cifar100_K8_dml-seq_seed0005_d001,d001,resnet32:8,cifar100,8,dml,dml-seq,peers,0,0,1.0,p2p,5,200,64,0.1,0.9,0.0005,True,0,60,0.1,1.0,1,,disagreement,1.0,1,0.0,0.5,weight,complete,0.0,0.0,42,0,45000,5000,10000,3760032,sequential,85,0.010000000000000002,7,1.0,106.44,0.6459250000000001,0.003943903523160771,0.6407,0.6534,0.6858,0.03987499999999988,0.642375,0.6842,0.27701428571428577,0.6625257242701114,0.2746357142857142,0.6608592794761712,0.6459250000000001,resnet32,0.6534,0.6464,1.2506921925497325,0.9875379633158445,0.26315423187969084,resnet32,0.6407,0.6438,1.2549188439310952,0.9930401367389343,0.26187870880080893,resnet32,0.6484,0.643,1.2479453549974344,0.9898451242426579,0.25810022999278526,resnet32,0.6442,0.6326,1.25183381436562,0.9976657597686757,0.2541680526919663,resnet32,0.6477,0.649,1.2286660076880997,0.9799501550468531,0.2487158498261124,resnet32,0.6478,0.6414,1.2378174223175102,0.9920106323605234,0.24580678676085715,resnet32,0.6439,0.6412,1.2487167233431882,1.0041282353922725,0.2445884903215549,resnet32,0.6413,0.6416,1.224132538095794,0.9877037673511289,0.23642876994034107,31500000.0,0.0,126000000.0,10836000000.0,86688000000.0
resnet32x8_cifar100_K8_dml-seq_seed0005_d001,d001,resnet32:8,cifar100,8,dml,dml-seq,peers,0,0,1.0,p2p,5,200,64,0.1,0.9,0.0005,True,0,60,0.1,1.0,1,,disagreement,1.0,1,0.0,0.5,weight,complete,0.0,0.0,42,0,45000,5000,10000,3760032,sequential,86,0.010000000000000002,7,1.0,101.06,0.65015,0.004015283302582765,0.6448,0.6576,0.6895,0.039349999999999996,0.6410499999999999,0.6804,0.2717285714285714,0.6654871367933536,0.26895714285714284,0.6624817087253939,0.65015,resnet32,0.6491,0.6464,1.2505040666596456,0.9853541684252295,0.26514989880590956,resnet32,0.6485,0.6444,1.2537623717534272,0.9922164719213139,0.26154589953578333,resnet32,0.6576,0.648,1.2447233538735996,0.9857378484342586,0.2589855053546754,resnet32,0.6525,0.6406,1.248895059932362,0.9932344030927528,0.2556606593795798,resnet32,0.6538,0.6336,1.2302616703408686,0.9805697973986919,0.24969187579964372,resnet32,0.6448,0.636,1.2417748613621702,0.9935253314165906,0.24824952880259266,resnet32,0.6455,0.6364,1.2481276194818995,1.0015359003604813,0.2465917200527408,resnet32,0.6494,0.643,1.2166793697767637,0.980327435684475,0.23635193618776446,31500000.0,0.0,126000000.0,10962000000.0,87696000000.0
resnet32x8_cifar100_K8_dml-seq_seed0005_d001,d001,resnet32:8,cifar100,8,dml,dml-seq,peers,0,0,1.0,p2p,5,200,64,0.1,0.9,0.0005,True,0,60,0.1,1.0,1,,disagreement,1.0,1,0.0,0.5,weight,complete,0.0,0.0,42,0,45000,5000,10000,3760032,sequential,87,0.010000000000000002,7,1.0,105.79,0.635825,0.009482055420635354,0.6221,0.6498,0.6871,0.05127500000000007,0.6309750000000001,0.6798,0.30487142857142857,0.629978635569121,0.30334999999999995,0.6268150752871154,0.635825,resnet32,0.6403,0.6374,1.252484010871161,0.9838971846990965,0.26858682625673036,resnet32,0.6291,0.6296,1.251842238262973,0.9889587362042882,0.2628835054029795,resnet32,0.644,0.6398,1.2462496619502252,0.9856811876154759,0.2605684738479216,resnet32,0.6498,0.6408,1.2475816507569768,0.990492117929865,0.2570895338007672,resnet32,0.6314,0.6256,1.2256426334550434,0.9741857342252677,0.25145689942027355,resnet32,0.6254,0.629,1.2384553202004596,0.988374829122966,0.25008049279197375,resnet32,0.6221,0.6088,1.2515216750008138,1.00186179171909,0.24965988292189484,resnet32,0.6445,0.6368,1.2208731193942102,0.9807557425546375,0.24011737774972888,31500000.0,0.0,126000000.0,11088000000.0,88704000000.0
resnet32x8_cifar100_K8_dml-seq_seed0005_d001,d001,resnet32:8,cifar100,8,dml,dml-seq,peers,0,0,1.0,p2p,5,200,64,0.1,0.9,0.0005,True,0,60,0.1,1.0,1,,disagreement,1.0,1,0.0,0.5,weight,complete,0.0,0.0,42,0,45000,5000,10000,3760032,sequential,88,0.010000000000000002,7,1.0,102.57,0.6440125,0.005869079463595617,0.6347,0.6526,0.6861,0.042087500000000055,0.634575,0.683,0.27899285714285715,0.6612110481050112,0.2784285714285714,0.6583205155522521,0.6440125,resnet32,0.6481,0.6382,1.2555558749220588,0.984532462009652,0.27102341183291917,resnet32,0.6406,0.6322,1.2542636358941144,0.9884051130237904,0.2658585224469954,resnet32,0.6451,0.6372,1.2535523847592147,0.9884436498819427,0.2651087356604297,resnet32,0.6512,0.635,1.245697921141982,0.9861595044759187,0.2595384150574153,resnet32,0.6526,0.6384,1.2322164437818257,0.9782125832174312,0.2540038605220616,resnet32,0.6401,0.639,1.2439635119146921,0.990317634306848,0.2536458786026659,resnet32,0.6397,0.6284,1.2634119024838915,1.0111318082464011,0.2522800944703208,resnet32,0.6347,0.6282,1.2192691702565008,0.977552999234335,0.24171616865152662,31500000.0,0.0,126000000.0,11214000000.0,89712000000.0
resnet32x8_cifar100_K8_dml-seq_seed0005_d001,d001,resnet32:8,cifar100,8,dml,dml-seq,peers,0,0,1.0,p2p,5,200,64,0.1,0.9,0.0005,True,0,60,0.1,1.0,1,,disagreement,1.0,1,0.0,0.5,weight,complete,0.0,0.0,42,0,45000,5000,10000,3760032,sequential,89,0.010000000000000002,7,1.0,100.39,0.6509,0.0029081781238431727,0.6468,0.656,0.6975,0.046599999999999975,0.6462749999999999,0.69,0.2758071428571429,0.6531848131899337,0.28076428571428574,0.6473951335780772,0.6509,resnet32,0.6517,0.6516,1.2514606380665845,0.9813319291411475,0.2701287068934603,resnet32,0.656,0.6502,1.2474922584369779,0.9820692041380839,0.26542305561121216,resnet32,0.6493,0.6458,1.2411079113794998,0.977964287115769,0.26314362491989,resnet32,0.6498,0.6432,1.242365992882035,0.9822401632131501,0.2601258284835653,resnet32,0.65,0.6438,1.2212691555984996,0.968158223835582,0.2531109297097745,resnet32,0.6548,0.6524,1.2314782405949452,0.9807120055298914,0.2507662368853661,resnet32,0.6468,0.64,1.2431755742396822,0.9932397632774982,0.24993581214750354,resnet32,0.6488,0.6432,1.2145829545333982,0.9726083724844184,0.24197458086366003,31500000.0,0.0,126000000.0,11340000000.0,90720000000.0
resnet32x8_cifar100_K8_dml-seq_seed0005_d001,d001,resnet32:8,cifar100,8,dml,dml-seq,peers,0,0,1.0,p2p,5,200,64,0.1,0.9,0.0005,True,0,60,0.1,1.0,1,,disagreement,1.0,1,0.0,0.5,weight,complete,0.0,0.0,42,0,45000,5000,10000,3760032,sequential,90,0.010000000000000002,7,1.0,106.21,0.6456375000000001,0.004848437248227512,0.639,0.6544,0.688,0.04236249999999986,0.6426499999999999,0.6848,0.2807428571428571,0.6482581146004361,0.281175,0.6480568904724155,0.6456375000000001,resnet32,0.6544,0.6474,1.245190205645155,0.9728696193884719,0.2723205850501968,resnet32,0.6485,0.6398,1.2492390403693372,0.9801911444149234,0.2690478945785964,resnet32,0.6486,0.6438,1.245960441163995,0.9795558494092389,0.266404592897743,resnet32,0.6437,0.6382,1.2399534689770504,0.9785451358184218,0.2614083343016153,resnet32,0.639,0.6442,1.2254273981194606,0.9685729432173751,0.2568544563202357,resnet32,0.6436,0.6446,1.2368260163136504,0.9824567138302055,0.2543693006419661,resnet32,0.6478,0.6424,1.2412519570948048,0.9894510612569072,0.2518008953722363,resnet32,0.6395,0.6408,1.2157838932153853,0.9719599427824671,0.24382395195690068,31500000.0,0.0,126000000.0,11466000000.0,91728000000.0
resnet32x8_cifar100_K8_dml-seq_seed0005_d001,d001,resnet32:8,cifar100,8,dml,dml-seq,peers,0,0,1.0,p2p,5,200,64,0.1,0.9,0.0005,True,0,60,0.1,1.0,1,,disagreement,1.0,1,0.0,0.5,weight,complete,0.0,0.0,42,0,45000,5000,10000,3760032,sequential,91,0.010000000000000002,7,1.0,104.48,0.6548499999999999,0.004851546145302529,0.6497,0.6648,0.6947,0.03985000000000005,0.647425,0.6914,0.2717928571428571,0.6529911504406004,0.26865,0.6560642671279208,0.6548499999999999,resnet32,0.6588,0.66,1.2422323463145981,0.9683078330179508,0.2739245149899613,resnet32,0.6515,0.643,1.2492422519082373,0.9774155898696997,0.27182666125537996,resnet32,0.6572,0.6502,1.2373402572490952,0.9700061129406095,0.2673341457901353,resnet32,0.6549,0.6462,1.2446861953728579,0.98014922558584,0.26453697120516817,resnet32,0.651,0.6394,1.220114442689175,0.9635659442706541,0.25654849990017037,resnet32,0.6497,0.6374,1.2335026993162252,0.9779581550339406,0.25554454584859987,resnet32,0.6509,0.6444,1.2450143418020823,0.9897267515347763,0.25528758990747685,resnet32,0.6648,0.6588,1.2085793404416605,0.9645025460896167,0.24407679621468892,31500000.0,0.0,126000000.0,11592000000.0,92736000000.0
resnet32x8_cifar100_K8_dml-seq_seed0005_d001,d001,resnet32:8,cifar100,8,dml,dml-seq,peers,0,0,1.0,p2p,5,200,64,0.1,0.9,0.0005,True,0,60,0.1,1.0,1,,disagreement,1.0,1,0.0,0.5,weight,complete,0.0,0.0,42,0,45000,5000,10000,3760032,sequential,92,0.010000000000000002,7,1.0,100.85,0.6593,0.004396873889481035,0.6537,0.6662,0.703,0.04369999999999996,0.6511750000000001,0.6974,0.2705857142857143,0.6542030147603642,0.26992142857142853,0.6545680756791885,0.6593,resnet32,0.6633,0.6526,1.2446827730163932,0.9697968460280787,0.27488592766564,resnet32,0.6537,0.6548,1.2375021399083463,0.9686206712980162,0.2688814668323506,resnet32,0.6615,0.6504,1.2336144862188534,0.9664225992323323,0.26719188766384666,resnet32,0.6555,0.6442,1.234498936005614,0.9710941122506153,0.2634048255753111,resnet32,0.6662,0.6512,1.2201792186295444,0.9632704318077727,0.25690878373147413,resnet32,0.6544,0.6478,1.2264622733504935,0.9721315593712709,0.2543307143178853,resnet32,0.6571,0.6532,1.2403180895542556,0.9859906633977186,0.2543274271513589,resnet32,0.6627,0.6552,1.205939331176606,0.9618943673981861,0.24404496197927406,31500000.0,0.0,126000000.0,11718000000.0,93744000000.0
resnet32x8_cifar100_K8_dml-seq_seed0005_d001,d001,resnet32:8,cifar100,8,dml,dml-seq,peers,0,0,1.0,p2p,5,200,64,0.1,0.9,0.0005,True,0,60,0.1,1.0,1,,disagreement,1.0,1,0.0,0.5,weight,complete,0.0,0.0,42,0,45000,5000,10000,3760032,sequential,93,0.010000000000000002,7,1.0,105.65,0.6551625,0.00395788374639782,0.6508,0.6618,0.6996,0.04443750000000002,0.646825,0.6888,0.2758,0.6557553601155863,0.2766607142857143,0.6485764938476377,0.6551625,resnet32,0.6598,0.6472,1.2476682772182606,0.9716923574663021,0.27597592023878614,resnet32,0.655,0.6546,1.2466935678808526,0.9744168209250678,0.27227674560113385,resnet32,0.6576,0.6496,1.2423175470903516,0.9737139453434132,0.26860360214910045,resnet32,0.6542,0.6416,1.2401158787648787,0.97561025086113,0.26450562894090335,resnet32,0.651,0.6506,1.2192965601994232,0.9605228310789574,0.2587737298189578,resnet32,0.6508,0.6478,1.233093335123902,0.9753924998539415,0.2577008357567882,resnet32,0.6618,0.6444,1.24375671249899,0.9878973594274033,0.2558593543627384,resnet32,0.6511,0.6388,1.2116602609272709,0.9645084942775694,0.24715176605704156,31500000.0,0.0,126000000.0,11844000000.0,94752000000.0
resnet32x8_cifar100_K8_dml-seq_seed0005_d001,d001,resnet32:8,cifar100,8,dml,dml-seq,peers,0,0,1.0,p2p,5,200,64,0.1,0.9,0.0005,True,0,60,0.1,1.0,1,,disagreement,1.0,1,0.0,0.5,weight,complete,0.0,0.0,42,0,45000,5000,10000,3760032,sequential,94,0.010000000000000002,7,1.0,104.86,0.6532125,0.005616813487200728,0.642,0.6602,0.698,0.04478749999999998,0.6490750000000001,0.6876,0.2728785714285714,0.655051616643856,0.27652857142857146,0.6463430603249181,0.6532125,resnet32,0.6507,0.6482,1.2360449797389181,0.9593528995121067,0.27669208111580124,resnet32,0.6602,0.6566,1.234965692358938,0.9625246491791173,0.2724410421426662,resnet32,0.6545,0.6534,1.2295348583297296,0.9590778719125823,0.2704569850201634,resnet32,0.642,0.642,1.230007004754787,0.964032109064812,0.2659748968964612,resnet32,0.6492,0.645,1.211226320317523,0.9519187272102996,0.2593075926203958,resnet32,0.6594,0.6528,1.217991698956625,0.9615481624549086,0.2564435379198668,resnet32,0.6526,0.642,1.229771877808327,0.9742826985364611,0.25548917990685865,resnet32,0.6571,0.6526,1.1981770604510198,0.9518053182824091,0.24637174045413054,31500000.0,0.0,126000000.0,11970000000.0,95760000000.0
resnet32x8_cifar100_K8_dml-seq_seed0005_d001,d001,resnet32:8,cifar100,8,dml,dml-seq,peers,0,0,1.0,p2p,5,200,64,0.1,0.9,0.0005,True,0,60,0.1,1.0,1,,disagreement,1.0,1,0.0,0.5,weight,complete,0.0,0.0,42,0,45000,5000,10000,3760032,sequential,95,0.010000000000000002,7,1.0,100.89,0.653475,0.005329106397886992,0.6472,0.6613,0.7025,0.049024999999999985,0.6455,0.6928,0.2869357142857143,0.6329821889967299,0.28842500000000004,0.6320945305894191,0.653475,resnet32,0.6598,0.6498,1.2395395269956102,0.9613190396604213,0.27822048881683836,resnet32,0.6575,0.6466,1.2358475065874783,0.9617025218057361,0.27414498452774505,resnet32,0.6487,0.644,1.2352391323921355,0.9638611740348014,0.2713779593098231,resnet32,0.6613,0.6472,1.22650743174282,0.9608232079243119,0.2656842258928174,resnet32,0.6472,0.6448,1.2165711404417048,0.9557152237235145,0.2608559173955159,resnet32,0.6552,0.6462,1.2227619789879431,0.9646584140136838,0.2581035671120679,resnet32,0.6474,0.65,1.2307733238928698,0.9744742898778482,0.2562990329778669,resnet32,0.6507,0.6354,1.197107264094732,0.9502066323872317,0.24690063168633392,31500000.0,0.0,126000000.0,12096000000.0,96768000000.0
resnet32x8_cifar100_K8_dml-seq_seed0005_d001,d001,resnet32:8,cifar100,8,dml,dml-seq,peers,0,0,1.0,p2p,5,200,64,0.1,0.9,0.0005,True,0,60,0.1,1.0,1,,disagreement,1.0,1,0.0,0.5,weight,complete,0.0,0.0,42,0,45000,5000,10000,3760032,sequential,96,0.010000000000000002,7,1.0,100.29,0.6509,0.004477722635447618,0.645,0.657,0.6926,0.04169999999999996,0.646075,0.6946,0.2824785714285714,0.6496153591126825,0.27995000000000003,0.6473606258151335,0.6509,resnet32,0.657,0.6526,1.2366997045041486,0.9579288677566431,0.2787708374671638,resnet32,0.6543,0.6532,1.2460962409492244,0.9695296993648465,0.27656654380685225,resnet32,0.6515,0.6424,1.2351210914044217,0.9636972677809271,0.27142382387749175,resnet32,0.651,0.6436,1.2406603082675824,0.9712295545773073,0.26943075345744466,resnet32,0.6563,0.6542,1.2173046942122958,0.9547745165499774,0.2625301775564863,resnet32,0.6457,0.645,1.2206197771328418,0.9606916100125421,0.25992816741662944,resnet32,0.645,0.6434,1.2340765062888914,0.9762349787422202,0.25784152828749607,resnet32,0.6464,0.6342,1.2040443847971884,0.9556938331066207,0.2483505519657311,31500000.0,0.0,126000000.0,12222000000.0,97776000000.0
resnet32x8_cifar100_K8_dml-seq_seed0005_d001,d001,resnet32:8,cifar100,8,dml,dml-seq,peers,0,0,1.0,p2p,5,200,64,0.1,0.9,0.0005,True,0,60,0.1,1.0,1,,disagreement,1.0,1,0.0,0.5,weight,complete,0.0,0.0,42,0,45000,5000,10000,3760032,sequential,97,0.010000000000000002,7,1.0,105.29,0.6457375000000001,0.006079666417658136,0.6379,0.6549,0.693,0.047262499999999874,0.6421749999999999,0.6866,0.28132142857142856,0.6480563867650542,0.28568571428571427,0.6441114468808712,0.6457375000000001,resnet32,0.6549,0.6524,1.2388317173516208,0.9597246640107848,0.27910705253651197,resnet32,0.6514,0.6454,1.2410109956664117,0.9654312099922787,0.27557978427714924,resnet32,0.6467,0.6436,1.2319269416515122,0.9598981643264944,0.2720287765630267,resnet32,0.6383,0.637,1.2288608424026857,0.9616718552159992,0.2671889864458618,resnet32,0.6518,0.6438,1.21148858693513,0.9500950736586343,0.261393512937833,resnet32,0.6411,0.6436,1.2239895937117664,0.9637517084960233,0.2602378839245913,resnet32,0.6438,0.6386,1.224203336221928,0.9673187120563604,0.2568846263880418,resnet32,0.6379,0.633,1.1964765012433582,0.9489508020606908,0.2475256981243464,31500000.0,0.0,126000000.0,12348000000.0,98784000000.0
resnet32x8_cifar100_K8_dml-seq_seed0005_d001,d001,resnet32:8,cifar100,8,dml,dml-seq,peers,0,0,1.0,p2p,5,200,64,0.1,0.9,0.0005,True,0,60,0.1,1.0,1,,disagreement,1.0,1,0.0,0.5,weight,complete,0.0,0.0,42,0,45000,5000,10000,3760032,sequential,98,0.010000000000000002,7,1.0,104.16,0.6481625,0.007786356256298583,0.6291,0.6572,0.6919,0.043737499999999985,0.6441250000000001,0.6912,0.28573571428571426,0.6343941408096292,0.28595714285714285,0.6421485937305503,0.6481625,resnet32,0.6486,0.6428,1.2326311099089005,0.9507422220300544,0.2818888883656738,resnet32,0.6572,0.6486,1.2285071998326615,0.9527900425547903,0.27571715839969163,resnet32,0.6514,0.648,1.2256460022181273,0.9525991159237244,0.2730468871833926,resnet32,0.6518,0.6498,1.2206149142743512,0.9510407251390544,0.2695741885003041,resnet32,0.6501,0.6548,1.2020279371433638,0.9395091178064997,0.2625188203105195,resnet32,0.6291,0.6258,1.2168193947185169,0.9560602717948231,0.26075912440534343,resnet32,0.6461,0.6386,1.2206153216856448,0.9615371906283227,0.2590781308456578,resnet32,0.651,0.6446,1.1957071664827792,0.9453902673822913,0.2503168992274864,31500000.0,0.0,126000000.0,12474000000.0,99792000000.0
resnet32x8_cifar100_K8_dml-seq_seed0005_d001,d001,resnet32:8,cifar100,8,dml,dml-seq,peers,0,0,1.0,p2p,5,200,64,0.1,0.9,0.0005,True,0,60,0.1,1.0,1,,disagreement,1.0,1,0.0,0.5,weight,complete,0.0,0.0,42,0,45000,5000,10000,3760032,sequential,99,0.010000000000000002,7,1.0,103.46,0.6405124999999999,0.005101087506600929,0.6329,0.6487,0.6856,0.04508750000000006,0.63655,0.6812,0.2838928571428571,0.647119608565313,0.2877571428571429,0.6401429605531994,0.6405124999999999,resnet32,0.6421,0.6312,1.2445440763946285,0.9586624958637086,0.28588158154690807,resnet32,0.6487,0.64,1.244910958985036,0.9634016533805565,0.2815093057314781,resnet32,0.6457,0.6476,1.2379523664712906,0.9608971288597042,0.27705523888157174,resnet32,0.6402,0.6368,1.2345189628275959,0.9599120748144659,0.2746068869336424,resnet32,0.6385,0.637,1.2257898547263308,0.9569746351546862,0.2688152203548022,resnet32,0.6337,0.6282,1.2229891479523345,0.9592811363664541,0.26370801046406006,resnet32,0.6423,0.6414,1.2364277208054608,0.9721786145290191,0.264249106339941,resnet32,0.6329,0.6302,1.208480116487904,0.9542261269790205,0.2542539915620265,31500000.0,0.0,126000000.0,12600000000.0,100800000000.0
resnet32x8_cifar100_K8_dml-seq_seed0005_d001,d001,resnet32:8,cifar100,8,dml,dml-seq,peers,0,0,1.0,p2p,5,200,64,0.1,0.9,0.0005,True,0,60,0.1,1.0,1,,disagreement,1.0,1,0.0,0.5,weight,complete,0.0,0.0,42,0,45000,5000,10000,3760032,sequential,100,0.010000000000000002,7,1.0,100.71,0.646425,0.011111227429946698,0.6259,0.6592,0.6946,0.04817499999999997,0.642025,0.6862,0.2841071428571429,0.6460067980522055,0.2894571428571428,0.6372586075347693,0.646425,resnet32,0.6512,0.6412,1.2394138962369075,0.9557263966311108,0.2836875011509454,resnet32,0.6455,0.6418,1.2331539555876092,0.9550628761168231,0.2780910780526359,resnet32,0.6536,0.6532,1.23056687888774,0.95408329596235,0.2764835841530426,resnet32,0.6592,0.6496,1.2347670526836405,0.9621854478662665,0.2725816033568911,resnet32,0.655,0.6564,1.2118753324347464,0.9467906763946469,0.26508465563793754,resnet32,0.6501,0.6474,1.222784691998227,0.9602420045570894,0.26254268691197713,resnet32,0.6309,0.6274,1.2317345280369574,0.9686734013428743,0.2630611266729168,resnet32,0.6259,0.6192,1.1947738080370156,0.9442652330141176,0.25050857343541627,31500000.0,0.0,126000000.0,12726000000.0,101808000000.0
resnet32x8_cifar100_K8_dml-seq_seed0005_d001,d001,resnet32:8,cifar100,8,dml,dml-seq,peers,0,0,1.0,p2p,5,200,64,0.1,0.9,0.0005,True,0,60,0.1,1.0,1,,disagreement,1.0,1,0.0,0.5,weight,complete,0.0,0.0,42,0,45000,5000,10000,3760032,sequential,101,0.010000000000000002,7,1.0,102.74,0.6459625,0.010503920399070043,0.6226,0.6614,0.6977,0.05173749999999999,0.6449,0.7006,0.29155000000000003,0.6338979668545542,0.29427142857142863,0.6316835000869788,0.6459625,resnet32,0.6528,0.6502,1.242071888409555,0.9562422709370201,0.28582961817102676,resnet32,0.6486,0.6518,1.2360709140246564,0.9554023668169975,0.28066854748282244,resnet32,0.6469,0.645,1.2280558633025398,0.9507340932772919,0.2773217703215778,resnet32,0.6494,0.641,1.231227989054539,0.9577245961197398,0.2735033933157948,resnet32,0.6614,0.6594,1.212159281681207,0.9452670898119157,0.26689219305461104,resnet32,0.6403,0.644,1.2148532507602463,0.9508212317119945,0.264032021059062,resnet32,0.6457,0.6442,1.2344506608152932,0.9699690220877528,0.26448164257982915,resnet32,0.6226,0.6236,1.1985273019156673,0.944948042742908,0.25357925750061194,31500000.0,0.0,126000000.0,12852000000.0,102816000000.0
resnet32x8_cifar100_K8_dml-seq_seed0005_d001,d001,resnet32:8,cifar100,8,dml,dml-seq,peers,0,0,1.0,p2p,5,200,64,0.1,0.9,0.0005,True,0,60,0.1,1.0,1,,disagreement,1.0,1,0.0,0.5,weight,complete,0.0,0.0,42,0,45000,5000,10000,3760032,sequential,102,0.010000000000000002,7,1.0,102.11,0.6615125000000001,0.0016050214173025884,0.6596,0.6646,0.7086,0.04708749999999995,0.6585749999999999,0.7024,0.2665785714285714,0.6522723398745824,0.2695035714285714,0.6516222577393572,0.6615125000000001,resnet32,0.6601,0.6564,1.2253031937236136,0.9413981554521755,0.28390503651462495,resnet32,0.6646,0.6642,1.2280695573850111,0.9485648789189078,0.2795046789740974,resnet32,0.6596,0.6558,1.2220801079476422,0.9449100576510484,0.2771700509315865,resnet32,0.6631,0.6612,1.2198997376147995,0.9460083028640259,0.27389143578792835,resnet32,0.6604,0.6656,1.2010983077978545,0.9360839424824173,0.26501436514610593,resnet32,0.6618,0.6506,1.2138536674901843,0.9492452891374176,0.2646083786279302,resnet32,0.6621,0.6572,1.2213681984523481,0.9581886170093309,0.2631795809985223,resnet32,0.6604,0.6576,1.1965434574945406,0.9416622915728525,0.2548811670858413,31500000.0,0.0,126000000.0,12978000000.0,103824000000.0
resnet32x8_cifar100_K8_dml-seq_seed0005_d001,d001,resnet32:8,cifar100,8,dml,dml-seq,peers,0,0,1.0,p2p,5,200,64,0.1,0.9,0.0005,True,0,60,0.1,1.0,1,,disagreement,1.0,1,0.0,0.5,weight,complete,0.0,0.0,42,0,45000,5000,10000,3760032,sequential,103,0.010000000000000002,7,1.0,102.86,0.6549375,0.008812198576405323,0.6402,0.6658,0.7027,0.04776250000000004,0.650475,0.6978,0.2818428571428572,0.6334383639360845,0.2843178571428572,0.6342555791663419,0.6549375,resnet32,0.662,0.6602,1.226629845459353,0.9408722259950909,0.2857576213904064,resnet32,0.6658,0.6532,1.2242587276480414,0.943854627453468,0.2804041006390683,resnet32,0.6613,0.6554,1.2179521848024293,0.9398983849889853,0.2780537986069579,resnet32,0.6424,0.6388,1.2164681000127033,0.9418310573832556,0.27463704360310326,resnet32,0.6544,0.6562,1.1958914567631753,0.9289801228283481,0.26691133374432946,resnet32,0.6607,0.6568,1.2091320681978355,0.944607646543194,0.2645244201729921,resnet32,0.6402,0.6328,1.2233297373591498,0.9600229681554165,0.2633067699233917,resnet32,0.6527,0.6504,1.1877846084535122,0.9350517045875842,0.25273290661756287,31500000.0,0.0,126000000.0,13104000000.0,104832000000.0
resnet32x8_cifar100_K8_dml-seq_seed0005_d001,d001,resnet32:8,cifar100,8,dml,dml-seq,peers,0,0,1.0,p2p,5,200,64,0.1,0.9,0.0005,True,0,60,0.1,1.0,1,,disagreement,1.0,1,0.0,0.5,weight,complete,0.0,0.0,42,0,45000,5000,10000,3760032,sequential,104,0.010000000000000002,7,1.0,104.76,0.6609125,0.003039916734057041,0.6554,0.665,0.7061,0.045187499999999936,0.6532,0.6952,0.27635,0.641023617009995,0.27735714285714297,0.6408671807293059,0.6609125,resnet32,0.6593,0.6476,1.228514583442699,0.939980098977685,0.2885344834490256,resnet32,0.6609,0.6574,1.2259849939833989,0.9422042791477658,0.28378071629611606,resnet32,0.6579,0.6496,1.2167564876885577,0.9383247084915638,0.2784317789641632,resnet32,0.6642,0.6536,1.2198937128890643,0.943547464737838,0.27634624942121183,resnet32,0.6628,0.6518,1.1950676847587933,0.9269658073952253,0.2681018766015768,resnet32,0.6618,0.6572,1.2060243206268006,0.940327369607985,0.26569695059548726,resnet32,0.665,0.6596,1.2161953939463606,0.9504854406484149,0.26570995162579825,resnet32,0.6554,0.6488,1.1815659872848878,0.9278126321732998,0.25375335735522886,31500000.0,0.0,126000000.0,13230000000.0,105840000000.0
resnet32x8_cifar100_K8_dml-seq_seed0005_d001,d001,resnet32:8,cifar100,8,dml,dml-seq,peers,0,0,1.0,p2p,5,200,64,0.1,0.9,0.0005,True,0,60,0.1,1.0,1,,disagreement,1.0,1,0.0,0.5,weight,complete,0.0,0.0,42,0,45000,5000,10000,3760032,sequential,105,0.010000000000000002,7,1.0,105.57,0.658325,0.005171254683343308,0.6524,0.6662,0.7041,0.0457749999999999,0.6543000000000001,0.7036,0.27832142857142855,0.6401861593596354,0.27619642857142856,0.6452014223896159,0.658325,resnet32,0.6524,0.6574,1.2322416547685862,0.9454725417731837,0.2867691138208928,resnet32,0.6552,0.6538,1.2216806577687913,0.939848587594249,0.2818320692855526,resnet32,0.6662,0.6636,1.2198772655630654,0.9404917228120294,0.27938554249703884,resnet32,0.6564,0.6494,1.2181782294911416,0.9438717963004654,0.2743064342913302,resnet32,0.6657,0.6564,1.1953011280433699,0.9280602004887029,0.2672409280414947,resnet32,0.6563,0.649,1.2071932146156377,0.9413730345497077,0.26582017936743796,resnet32,0.6526,0.6518,1.2107917353172193,0.9475160689008507,0.26327566866000945,resnet32,0.6618,0.653,1.185676983726973,0.9309772253036499,0.25469975831749087,31500000.0,0.0,126000000.0,13356000000.0,106848000000.0
resnet32x8_cifar100_K8_dml-seq_seed0005_d001,d001,resnet32:8,cifar100,8,dml,dml-seq,peers,0,0,1.0,p2p,5,200,64,0.1,0.9,0.0005,True,0,60,0.1,1.0,1,,disagreement,1.0,1,0.0,0.5,weight,complete,0.0,0.0,42,0,45000,5000,10000,3760032,sequential,106,0.010000000000000002,7,1.0,105.37,0.6524125000000001,0.00375247834770568,0.6484,0.6615,0.6973,0.04488749999999997,0.649625,0.6962,0.2792,0.6450302788415122,0.2783785714285714,0.647848137233198,0.6524125000000001,resnet32,0.6509,0.6478,1.2300723334774375,0.940772660415281,0.28929967077618296,resnet32,0.653,0.6526,1.225531611422246,0.9406628130342473,0.2848687987054952,resnet32,0.65,0.6502,1.216209914789281,0.9347508685155348,0.28145904621024703,resnet32,0.6615,0.6494,1.2123691603880038,0.9358262386681004,0.2765429204075851,resnet32,0.6533,0.6526,1.2011373292824084,0.9298472573811357,0.2712900712027807,resnet32,0.6484,0.6528,1.200835471718826,0.9341761131178249,0.26665935646319255,resnet32,0.6503,0.6428,1.2115838423540646,0.9465137456374412,0.2650700965049592,resnet32,0.6519,0.6488,1.1770117096602917,0.9226352122019638,0.2543764977969907,31500000.0,0.0,126000000.0,13482000000.0,107856000000.0
resnet32x8_cifar100_K8_dml-seq_seed0005_d001,d001,resnet32:8,cifar100,8,dml,dml-seq,peers,0,0,1.0,p2p,5,200,64,0.1,0.9,0.0005,True,0,60,0.1,1.0,1,,disagreement,1.0,1,0.0,0.5,weight,complete,0.0,0.0,42,0,45000,5000,10000,3760032,sequential,107,0.010000000000000002,7,1.0,100.7,0.6480250000000001,0.004576775611716187,0.6426,0.6571,0.6961,0.04807499999999998,0.645575,0.6922,0.28430714285714287,0.6430559620493098,0.2846285714285714,0.6430993637086038,0.6480250000000001,resnet32,0.6426,0.6432,1.2259612370451742,0.9375092775814913,0.28845196117816324,resnet32,0.6501,0.6524,1.2224267032844098,0.938447682779621,0.28397901849397883,resnet32,0.6571,0.6524,1.2162701904943043,0.9364651630378582,0.2798050275411118,resnet32,0.6446,0.6454,1.217212083749473,0.9412969042631713,0.2759151812854477,resnet32,0.6527,0.6436,1.194612743078985,0.926210109737109,0.2684026347388598,resnet32,0.6455,0.6462,1.2001893377270212,0.9339507521045479,0.26623858547430823,resnet32,0.6467,0.6362,1.2055298544635826,0.9424018985168501,0.26312795622189616,resnet32,0.6449,0.6452,1.1718719980086794,0.9183213214643977,0.2535506740889766,31500000.0,0.0,126000000.0,13608000000.0,108864000000.0
resnet32x8_cifar100_K8_dml-seq_seed0005_d001,d001,resnet32:8,cifar100,8,dml,dml-seq,peers,0,0,1.0,p2p,5,200,64,0.1,0.9,0.0005,True,0,60,0.1,1.0,1,,disagreement,1.0,1,0.0,0.5,weight,complete,0.0,0.0,42,0,45000,5000,10000,3760032,sequential,108,0.010000000000000002,7,1.0,108.2,0.6589375,0.004410481124548666,0.6522,0.6671,0.7063,0.047362500000000085,0.6546749999999999,0.7032,0.27988571428571435,0.6361486702207009,0.2813214285714286,0.6370558830738073,0.6589375,resnet32,0.6522,0.6482,1.2251307155767626,0.9350533319467847,0.2900773855349557,resnet32,0.6566,0.6564,1.2249609833075241,0.9399815266105261,0.2849794564853338,resnet32,0.6671,0.6616,1.2146053272722797,0.9346709532493894,0.2799343731550669,resnet32,0.6635,0.654,1.2143181970512325,0.937995854172517,0.2763223450376906,resnet32,0.6555,0.6536,1.1906000282615423,0.9213080666959286,0.26929196230643854,resnet32,0.6587,0.6544,1.2053520505909214,0.9375310244716026,0.2678210260346532,resnet32,0.6606,0.6536,1.2157236277549104,0.9484045162627642,0.26731911252930085,resnet32,0.6573,0.6556,1.1829532502557745,0.9264272541993044,0.25652599546381016,31500000.0,0.0,126000000.0,13734000000.0,109872000000.0
resnet32x8_cifar100_K8_dml-seq_seed0005_d001,d001,resnet32:8,cifar100,8,dml,dml-seq,peers,0,0,1.0,p2p,5,200,64,0.1,0.9,0.0005,True,0,60,0.1,1.0,1,,disagreement,1.0,1,0.0,0.5,weight,complete,0.0,0.0,42,0,45000,5000,10000,3760032,sequential,109,0.010000000000000002,7,1.0,103.76,0.6528375,0.00783181612079853,0.639,0.6628,0.6996,0.04676250000000004,0.653025,0.697,0.2769857142857143,0.6466563157610307,0.27847857142857146,0.6479799640576053,0.6528375,resnet32,0.6482,0.6474,1.2273338469253345,0.9366599434817379,0.29067390130578796,resnet32,0.6628,0.6546,1.2141067417846485,0.9297898400744254,0.2843169017737223,resnet32,0.639,0.6434,1.213822358541868,0.9317179046232592,0.28210445269095624,resnet32,0.6567,0.6542,1.2095869724554094,0.9314589805647053,0.2781279942401769,resnet32,0.6571,0.663,1.1924826954068108,0.9210532533258877,0.2714294418692589,resnet32,0.6626,0.6618,1.1958161732181907,0.9285787724127824,0.26723740091124043,resnet32,0.6499,0.65,1.209875599904494,0.9436899824914607,0.26618561561388726,resnet32,0.6464,0.6498,1.1732064814899454,0.9172785536132075,0.25592792573892936,31500000.0,0.0,126000000.0,13860000000.0,110880000000.0
resnet32x8_cifar100_K8_dml-seq_seed0005_d001,d001,resnet32:8,cifar100,8,dml,dml-seq,peers,0,0,1.0,p2p,5,200,64,0.1,0.9,0.0005,True,0,60,0.1,1.0,1,,disagreement,1.0,1,0.0,0.5,weight,complete,0.0,0.0,42,0,45000,5000,10000,3760032,sequential,110,0.010000000000000002,7,1.0,105.16,0.6554875,0.007799749595339589,0.6426,0.6664,0.7034,0.047912500000000025,0.6538499999999999,0.7008,0.2802714285714286,0.6353507926284198,0.2826428571428572,0.6344637955554908,0.6554875,resnet32,0.6589,0.6496,1.2167588653550907,0.9261270936747844,0.2906317710241472,resnet32,0.6664,0.6674,1.2155737400224262,0.9314243055202744,0.2841494336766614,resnet32,0.6626,0.6678,1.2187150917439298,0.9361154853620313,0.2825996046885848,resnet32,0.6426,0.6404,1.2081281312487342,0.9296692067926581,0.27845892555673013,resnet32,0.6589,0.6548,1.1905806557360021,0.9198716195638884,0.27070903665894136,resnet32,0.6458,0.6486,1.1948593951423059,0.9267078210515055,0.2681515735828064,resnet32,0.6504,0.6516,1.2049305111339146,0.9384796213866635,0.26645088784227317,resnet32,0.6583,0.6506,1.1744994527067651,0.9183502607894215,0.2561491903298619,31500000.0,0.0,126000000.0,13986000000.0,111888000000.0
resnet32x8_cifar100_K8_dml-seq_seed0005_d001,d001,resnet32:8,cifar100,8,dml,dml-seq,peers,0,0,1.0,p2p,5,200,64,0.1,0.9,0.0005,True,0,60,0.1,1.0,1,,disagreement,1.0,1,0.0,0.5,weight,complete,0.0,0.0,42,0,45000,5000,10000,3760032,sequential,111,0.010000000000000002,7,1.0,104.86,0.655775,0.005833255951867709,0.6456,0.6657,0.7022,0.04642500000000005,0.65215,0.6998,0.28125714285714276,0.6346974298658633,0.28307142857142853,0.6405726507215187,0.655775,resnet32,0.6574,0.655,1.2207180207425898,0.9287509808147495,0.2919670394198461,resnet32,0.6657,0.6624,1.2176115775311536,0.9297135111621835,0.28789806639013643,resnet32,0.6588,0.6494,1.210313803854991,0.9285649523477663,0.28174884943291545,resnet32,0.6591,0.651,1.215975072742863,0.9352316864850846,0.28074338763359596,resnet32,0.6546,0.6526,1.1916254318573258,0.918363817544146,0.2732616113710471,resnet32,0.656,0.6568,1.2008446519347755,0.931049088947475,0.2697955633471297,resnet32,0.649,0.648,1.2106504251503132,0.9416515620171346,0.2689988625616851,resnet32,0.6456,0.642,1.1717241340401499,0.9145852878097106,0.25713884527795017,31500000.0,0.0,126000000.0,14112000000.0,112896000000.0
resnet32x8_cifar100_K8_dml-seq_seed0005_d001,d001,resnet32:8,cifar100,8,dml,dml-seq,peers,0,0,1.0,p2p,5,200,64,0.1,0.9,0.0005,True,0,60,0.1,1.0,1,,disagreement,1.0,1,0.0,0.5,weight,complete,0.0,0.0,42,0,45000,5000,10000,3760032,sequential,112,0.010000000000000002,7,1.0,105.08,0.6570875,0.0039183662092765114,0.6488,0.6618,0.703,0.04591249999999991,0.6487499999999999,0.696,0.28067142857142857,0.6479624525068031,0.2777821428571428,0.6472115912009816,0.6570875,resnet32,0.6548,0.6458,1.219711024060168,0.9272888801483945,0.29242214355194435,resnet32,0.6594,0.6556,1.215313676575368,0.9274761591275985,0.28783751660111273,resnet32,0.6566,0.6568,1.2041134202683514,0.922632122920318,0.2814812959722159,resnet32,0.6552,0.6444,1.2073217923329636,0.9259583914483135,0.2813634018159725,resnet32,0.66,0.6474,1.1868794002485545,0.9141150646081025,0.2727643365294419,resnet32,0.6601,0.648,1.1968667573210867,0.9270261743698608,0.2698405818717385,resnet32,0.6488,0.6442,1.1981490924107758,0.9313667442818935,0.26678234711289406,resnet32,0.6618,0.6478,1.1720498869703575,0.9129476541314613,0.2591022318229079,31500000.0,0.0,126000000.0,14238000000.0,113904000000.0
resnet32x8_cifar100_K8_dml-seq_seed0005_d001,d001,resnet32:8,cifar100,8,dml,dml-seq,peers,0,0,1.0,p2p,5,200,64,0.1,0.9,0.0005,True,0,60,0.1,1.0,1,,disagreement,1.0,1,0.0,0.5,weight,complete,0.0,0.0,42,0,45000,5000,10000,3760032,sequential,113,0.010000000000000002,7,1.0,104.57,0.6531374999999999,0.004765746924669833,0.6461,0.6597,0.7,0.04686250000000003,0.64705,0.6934,0.28786428571428574,0.6388617261106321,0.2882142857142858,0.635685381066173,0.6531374999999999,resnet32,0.6562,0.6472,1.211219902912324,0.9181894917379726,0.2930304146456448,resnet32,0.658,0.654,1.2109362951225855,0.9222451028498736,0.2886911944951862,resnet32,0.6473,0.6398,1.2075051074339584,0.9215109035034071,0.28599420441737905,resnet32,0.6597,0.6526,1.20434848617085,0.9219904939898036,0.2823579924350435,resnet32,0.6502,0.6404,1.1820283275605603,0.9071656130254269,0.2748627151066268,resnet32,0.6461,0.6492,1.1983390685848214,0.9245661545375531,0.27377291271378373,resnet32,0.6513,0.6486,1.2062766427512874,0.9355187741192904,0.270757868335667,resnet32,0.6563,0.6446,1.1688334849578412,0.9093143178827383,0.2595191662919454,31500000.0,0.0,126000000.0,14364000000.0,114912000000.0
resnet32x8_cifar100_K8_dml-seq_seed0005_d001,d001,resnet32:8,cifar100,8,dml,dml-seq,peers,0,0,1.0,p2p,5,200,64,0.1,0.9,0.0005,True,0,60,0.1,1.0,1,,disagreement,1.0,1,0.0,0.5,weight,complete,0.0,0.0,42,0,45000,5000,10000,3760032,sequential,114,0.010000000000000002,7,1.0,105.2,0.65015,0.00446234243419305,0.6412,0.6567,0.6984,0.048250000000000015,0.643375,0.6916,0.28970714285714294,0.6322986765565967,0.2883571428571428,0.6358389495357084,0.65015,resnet32,0.6538,0.6492,1.2212533488531003,0.9270198967477138,0.29423345216888597,resnet32,0.6567,0.6552,1.2130714080889116,0.9252629703418775,0.2878084351858971,resnet32,0.6522,0.6444,1.2120314295488326,0.9261894917369566,0.2858419376637109,resnet32,0.6501,0.6398,1.2092202867127277,0.9282289207489653,0.2809913636142896,resnet32,0.6467,0.6424,1.1898020074956797,0.9152285967191512,0.2745734096758745,resnet32,0.6521,0.642,1.2004748390648852,0.927829503081739,0.27264533494599164,resnet32,0.6484,0.6394,1.205366414632987,0.935758990404958,0.2696074216457253,resnet32,0.6412,0.6346,1.1783877695825966,0.9173423989083279,0.2610453710764308,31500000.0,0.0,126000000.0,14490000000.0,115920000000.0
resnet32x8_cifar100_K8_dml-seq_seed0005_d001,d001,resnet32:8,cifar100,8,dml,dml-seq,peers,0,0,1.0,p2p,5,200,64,0.1,0.9,0.0005,True,0,60,0.1,1.0,1,,disagreement,1.0,1,0.0,0.5,weight,complete,0.0,0.0,42,0,45000,5000,10000,3760032,sequential,115,0.010000000000000002,7,1.0,105.33,0.6560874999999999,0.0033494169268695117,0.6501,0.6613,0.7061,0.050012500000000015,0.6468499999999999,0.6958,0.2839714285714286,0.6415196375280486,0.2841607142857142,0.6362572229294639,0.6560874999999999,resnet32,0.6582,0.6464,1.2125250942666421,0.9175033610822125,0.2950217322319407,resnet32,0.6572,0.6498,1.2134750559079377,0.9233116278932854,0.2901634258768437,resnet32,0.6501,0.6392,1.210077540440993,0.9237851546230641,0.2862923852041025,resnet32,0.6554,0.6436,1.204386673952368,0.9226794907484542,0.2817071800712835,resnet32,0.6613,0.652,1.184846519407901,0.9101212719794024,0.27472524539652193,resnet32,0.6539,0.6444,1.1891792452978818,0.9182434524832801,0.270935791332952,resnet32,0.6535,0.6488,1.2089909553866496,0.9384307711469856,0.2705601833295077,resnet32,0.6591,0.6506,1.1766136156564408,0.9159663927487351,0.26064722483385017,31500000.0,0.0,126000000.0,14616000000.0,116928000000.0
resnet32x8_cifar100_K8_dml-seq_seed0005_d001,d001,resnet32:8,cifar100,8,dml,dml-seq,peers,0,0,1.0,p2p,5,200,64,0.1,0.9,0.0005,True,0,60,0.1,1.0,1,,disagreement,1.0,1,0.0,0.5,weight,complete,0.0,0.0,42,0,45000,5000,10000,3760032,sequential,116,0.010000000000000002,7,1.0,104.98,0.6551,0.006295434853923925,0.6416,0.6642,0.7072,0.052100000000000035,0.6534749999999999,0.7026,0.2789785714285714,0.6443486450879966,0.2826892857142857,0.6417550477742794,0.6551,resnet32,0.6597,0.6612,1.2081110562959856,0.9134644992988218,0.2946465568066659,resnet32,0.6642,0.6632,1.2074812000448054,0.9177335897799243,0.2897476105823774,resnet32,0.6558,0.6588,1.203957518393343,0.9189731891859662,0.2849843294613741,resnet32,0.6563,0.6518,1.197981839914891,0.9152218828147108,0.2827599594284865,resnet32,0.6586,0.6562,1.178963163274933,0.9045071358877149,0.2744560278317129,resnet32,0.6516,0.6514,1.1819017386402597,0.9108471701937643,0.27105457124046306,resnet32,0.6416,0.6396,1.1918781227008863,0.922347480177202,0.26953064159236173,resnet32,0.653,0.6456,1.1576033240522852,0.8989991687915542,0.25860415236093104,31500000.0,0.0,126000000.0,14742000000.0,117936000000.0
resnet32x8_cifar100_K8_dml-seq_seed0005_d001,d001,resnet32:8,cifar100,8,dml,dml-seq,peers,0,0,1.0,p2p,5,200,64,0.1,0.9,0.0005,True,0,60,0.1,1.0,1,,disagreement,1.0,1,0.0,0.5,weight,complete,0.0,0.0,42,0,45000,5000,10000,3760032,sequential,117,0.010000000000000002,7,1.0,105.37,0.6534875,0.005843893714810359,0.6433,0.6634,0.7008,0.04731249999999998,0.654925,0.7038,0.2879714285714285,0.6301425711114925,0.28659999999999997,0.6374377188014472,0.6534875,resnet32,0.652,0.6564,1.2185648813505063,0.9229493109848012,0.2956155696037141,resnet32,0.6634,0.6642,1.2074864514341408,0.9176678160544146,0.2898186353373934,resnet32,0.6554,0.654,1.208624085242098,0.9221509276804599,0.2864731560799886,resnet32,0.6534,0.6558,1.204880160872232,0.9219084258445285,0.2829717338423837,resnet32,0.6433,0.6472,1.1939273976974867,0.9153839068656618,0.2785434906624935,resnet32,0.6519,0.6564,1.192343770949678,0.9190466228703206,0.27329714759252965,resnet32,0.6487,0.6552,1.202489760365676,0.9306542155417529,0.271835544125431,resnet32,0.6598,0.6502,1.1678430694578723,0.9074809101664207,0.2603621584024619,31500000.0,0.0,126000000.0,14868000000.0,118944000000.0
resnet32x8_cifar100_K8_dml-seq_seed0005_d001,d001,resnet32:8,cifar100,8,dml,dml-seq,peers,0,0,1.0,p2p,5,200,64,0.1,0.9,0.0005,True,0,60,0.1,1.0,1,,disagreement,1.0,1,0.0,0.5,weight,complete,0.0,0.0,42,0,45000,5000,10000,3760032,sequential,118,0.010000000000000002,7,1.0,104.76,0.6466375,0.00959360952665887,0.6319,0.6576,0.7007,0.05406250000000001,0.64095,0.6918,0.2978071428571429,0.6307832896748927,0.29402142857142854,0.6333845285556053,0.6466375,resnet32,0.6576,0.6522,1.2172744446857409,0.9205216601998969,0.29675278239036823,resnet32,0.6551,0.6458,1.2141035201705315,0.9219778264788064,0.29212569250640547,resnet32,0.6564,0.6512,1.206144648096101,0.9182268335399303,0.2879178143656728,resnet32,0.6321,0.6342,1.2046071125871756,0.920235262887383,0.284371852430261,resnet32,0.643,0.6372,1.1942279775711624,0.9160823687403039,0.2781456091483547,resnet32,0.648,0.6384,1.1907386584207416,0.9166694563728842,0.2740692026616836,resnet32,0.6319,0.6204,1.1949364756318657,0.9239524510604414,0.27098402342843736,resnet32,0.649,0.6482,1.170676861974326,0.9096481731500138,0.26102868844331667,31500000.0,0.0,126000000.0,14994000000.0,119952000000.0
resnet32x8_cifar100_K8_dml-seq_seed0005_d001,d001,resnet32:8,cifar100,8,dml,dml-seq,peers,0,0,1.0,p2p,5,200,64,0.1,0.9,0.0005,True,0,60,0.1,1.0,1,,disagreement,1.0,1,0.0,0.5,weight,complete,0.0,0.0,42,0,45000,5000,10000,3760032,sequential,119,0.010000000000000002,7,1.0,105.86,0.6512625000000001,0.0039896545903123195,0.6454,0.6569,0.6984,0.04713749999999994,0.6496500000000001,0.6956,0.28290714285714286,0.6409198620419926,0.2842678571428571,0.6388744439802292,0.6512625000000001,resnet32,0.6487,0.6512,1.2200882812453941,0.922738875601102,0.29734940585595643,resnet32,0.6569,0.6494,1.2139790313826366,0.9224418582902714,0.2915371744681827,resnet32,0.6491,0.6516,1.2011884461919016,0.9144358945671808,0.2867525532122024,resnet32,0.6518,0.6476,1.2010118330574848,0.9159028297290206,0.2851090015504848,resnet32,0.6559,0.6586,1.1870413376018405,0.9098126217722893,0.2772287171630358,resnet32,0.6549,0.6512,1.1920853902331807,0.9178808037699624,0.2742045859975571,resnet32,0.6454,0.6434,1.2111695723777467,0.9367426979270849,0.27442687432366336,resnet32,0.6474,0.6442,1.1625577478076925,0.9015078003602949,0.2610499478283931,31500000.0,0.0,126000000.0,15120000000.0,120960000000.0
resnet32x8_cifar100_K8_dml-seq_seed0005_d001,d001,resnet32:8,cifar100,8,dml,dml-seq,peers,0,0,1.0,p2p,5,200,64,0.1,0.9,0.0005,True,0,60,0.1,1.0,1,,disagreement,1.0,1,0.0,0.5,weight,complete,0.0,0.0,42,0,45000,5000,10000,3760032,sequential,120,0.0010000000000000002,7,1.0,108.1,0.704475,0.0034197039345534056,0.6998,0.7094,0.7364,0.03192500000000009,0.701225,0.734,0.21204999999999993,0.6910413510027763,0.21368214285714293,0.6933118090326095,0.704475,resnet32,0.7094,0.7,0.956869017417458,0.7521728312342681,0.20469618660651825,resnet32,0.7008,0.703,0.9619682896882296,0.7569593284279108,0.20500896147198297,resnet32,0.7005,0.6972,0.9575912612913684,0.752020326570015,0.20557093535634605,resnet32,0.705,0.6996,0.9612037957730618,0.7543949871324003,0.20680880897932433,resnet32,0.7079,0.7038,0.9482366324148395,0.7423661062917248,0.20587052608078177,resnet32,0.6998,0.7018,0.9622958257625048,0.7527645817873153,0.20953124437735163,resnet32,0.7065,0.7036,0.9735649875788526,0.7621289859102531,0.21143600111827254,resnet32,0.7059,0.7008,0.951636922291734,0.7404660030098801,0.21117092059417206,31500000.0,0.0,126000000.0,15246000000.0,121968000000.0
resnet32x8_cifar100_K8_dml-seq_seed0005_d001,d001,resnet32:8,cifar100,8,dml,dml-seq,peers,0,0,1.0,p2p,5,200,64,0.1,0.9,0.0005,True,0,60,0.1,1.0,1,,disagreement,1.0,1,0.0,0.5,weight,complete,0.0,0.0,42,0,45000,5000,10000,3760032,sequential,121,0.0010000000000000002,7,1.0,105.67,0.7046250000000001,0.0016872685026397044,0.7018,0.7074,0.736,0.03137499999999993,0.7028,0.7372,0.2080214285714286,0.6993538175793762,0.2120928571428571,0.6977467054776643,0.7046250000000001,resnet32,0.7036,0.7002,0.8792492050508206,0.6952904870479621,0.18395871800285848,resnet32,0.7047,0.7042,0.8866093585436995,0.7008028541352939,0.18580650507514787,resnet32,0.7053,0.7016,0.8798633160238917,0.6947541341862895,0.18510918219743128,resnet32,0.7034,0.7036,0.87979253847152,0.6936343939212913,0.18615814403165132,resnet32,0.7074,0.7044,0.8697807434946299,0.6849256158721718,0.18485512743196028,resnet32,0.7018,0.704,0.8816404019228437,0.6944783043370328,0.1871620975540612,resnet32,0.7066,0.705,0.8932048740204085,0.7028014318255539,0.19040344244885174,resnet32,0.7042,0.6994,0.8707885687154803,0.6824997232972898,0.1882888455134393,31500000.0,0.0,126000000.0,15372000000.0,122976000000.0
resnet32x8_cifar100_K8_dml-seq_seed0005_d001,d001,resnet32:8,cifar100,8,dml,dml-seq,peers,0,0,1.0,p2p,5,200,64,0.1,0.9,0.0005,True,0,60,0.1,1.0,1,,disagreement,1.0,1,0.0,0.5,weight,complete,0.0,0.0,42,0,45000,5000,10000,3760032,sequential,122,0.0010000000000000002,7,1.0,108.17,0.7073875,0.0016343481116334983,0.7038,0.7101,0.7386,0.031212500000000087,0.703875,0.7366,0.21233571428571424,0.6904168286534882,0.21366071428571423,0.6890731203807846,0.7073875,resnet32,0.7076,0.7066,0.847928291271356,0.6661632322621617,0.18176505745346236,resnet32,0.7069,0.703,0.8534573284401135,0.6711959399028935,0.1822613881562244,resnet32,0.7071,0.7054,0.8512189970775084,0.6683864175257358,0.1828325805571777,resnet32,0.7077,0.7048,0.851922580125657,0.6682679056697949,0.18365467522843656,resnet32,0.7081,0.6998,0.8387196577069435,0.6565353022041646,0.18218435596844013,resnet32,0.7038,0.705,0.8524276799607006,0.6677340040491386,0.1846936750649051,resnet32,0.7078,0.7028,0.8646160990253768,0.6778984035534615,0.18671769433951174,resnet32,0.7101,0.7036,0.8384052231823179,0.6540869483724236,0.18431827480989424,31500000.0,0.0,126000000.0,15498000000.0,123984000000.0
resnet32x8_cifar100_K8_dml-seq_seed0005_d001,d001,resnet32:8,cifar100,8,dml,dml-seq,peers,0,0,1.0,p2p,5,200,64,0.1,0.9,0.0005,True,0,60,0.1,1.0,1,,disagreement,1.0,1,0.0,0.5,weight,complete,0.0,0.0,42,0,45000,5000,10000,3760032,sequential,123,0.0010000000000000002,7,1.0,115.76,0.7085250000000001,0.0029097895112877173,0.7048,0.7133,0.7376,0.029074999999999962,0.7074750000000001,0.7404,0.20977142857142864,0.6880112859772234,0.21146428571428572,0.6935514924299792,0.7085250000000001,resnet32,0.7052,0.71,0.8349027009680867,0.6519298080185597,0.18297289284369486,resnet32,0.7084,0.7088,0.8406167783012445,0.6574503939006139,0.1831663853213699,resnet32,0.7128,0.7078,0.8341921280053529,0.6509805992245674,0.1832115284421227,resnet32,0.7085,0.7036,0.8376539865170013,0.6545706986534324,0.18308328728149223,resnet32,0.7133,0.708,0.8226190917617218,0.6408558614890684,0.18176322970116002,resnet32,0.7048,0.707,0.8389052266085689,0.6547786629420113,0.18412656389938836,resnet32,0.7076,0.7114,0.8483099617402662,0.6623729860240762,0.18593697565269063,resnet32,0.7076,0.7032,0.8272234427488663,0.6431759098460051,0.18404753241603347,31500000.0,0.0,126000000.0,15624000000.0,124992000000.0
resnet32x8_cifar100_K8_dml-seq_seed0005_d001,d001,resnet32:8,cifar100,8,dml,dml-seq,peers,0,0,1.0,p2p,5,200,64,0.1,0.9,0.0005,True,0,60,0.1,1.0,1,,disagreement,1.0,1,0.0,0.5,weight,complete,0.0,0.0,42,0,45000,5000,10000,3760032,sequential,124,0.0010000000000000002,7,1.0,113.55,0.7072,0.0031176914536239757,0.7014,0.7122,0.7426,0.03539999999999999,0.7074,0.742,0.21207857142857148,0.6889517486034117,0.21572142857142862,0.6881349481085787,0.7072,resnet32,0.7061,0.703,0.8248199936087158,0.6408455575054343,0.18397443649486045,resnet32,0.7054,0.7098,0.8308511451733384,0.646250072655014,0.18460107390472497,resnet32,0.7081,0.709,0.8288064279000867,0.6442330907606943,0.18457333779555152,resnet32,0.7055,0.704,0.8256230123595081,0.6409866732799194,0.1846363401908258,resnet32,0.7101,0.7092,0.8156393689357422,0.6331494903953915,0.18248987779952586,resnet32,0.7014,0.7092,0.8265902248041873,0.6415181199766018,0.1850721059176563,resnet32,0.7088,0.7058,0.8392004093409262,0.6518707349473103,0.1873296741607853,resnet32,0.7122,0.7092,0.8183876281096176,0.6335311816920611,0.1848564458672296,31500000.0,0.0,126000000.0,15750000000.0,126000000000.0
resnet32x8_cifar100_K8_dml-seq_seed0005_d001,d001,resnet32:8,cifar100,8,dml,dml-seq,peers,0,0,1.0,p2p,5,200,64,0.1,0.9,0.0005,True,0,60,0.1,1.0,1,,disagreement,1.0,1,0.0,0.5,weight,complete,0.0,0.0,42,0,45000,5000,10000,3760032,sequential,125,0.0010000000000000002,7,1.0,107.56,0.7121875,0.0024826586052053056,0.7099,0.7182,0.7448,0.032612500000000044,0.711475,0.7408,0.2087571428571429,0.6889712030075384,0.20949642857142853,0.6949234827582172,0.7121875,resnet32,0.7128,0.7128,0.8117932730185037,0.6268951046619226,0.1848981673194265,resnet32,0.7114,0.7144,0.8238464391959662,0.639272142497992,0.18457429792562668,resnet32,0.7106,0.7116,0.8164060482416641,0.631848924496973,0.18455712371294133,resnet32,0.7124,0.7068,0.8169062455946748,0.6324116486040029,0.18449459626043047,resnet32,0.7182,0.7106,0.8041706452654167,0.6203653377226808,0.18380530811422927,resnet32,0.7101,0.7146,0.8176152142696083,0.632601791061461,0.18501342406538737,resnet32,0.7121,0.7142,0.8292965029620312,0.6420952571047978,0.18720124477774583,resnet32,0.7099,0.7068,0.8042439731176604,0.6197025965560566,0.18454137681560082,31500000.0,0.0,126000000.0,15876000000.0,127008000000.0
resnet32x8_cifar100_K8_dml-seq_seed0005_d001,d001,resnet32:8,cifar100,8,dml,dml-seq,peers,0,0,1.0,p2p,5,200,64,0.1,0.9,0.0005,True,0,60,0.1,1.0,1,,disagreement,1.0,1,0.0,0.5,weight,complete,0.0,0.0,42,0,45000,5000,10000,3760032,sequential,126,0.0010000000000000002,7,1.0,115.69,0.71285,0.0019659603251337386,0.7092,0.7164,0.7457,0.032850000000000046,0.70895,0.7452,0.21296428571428577,0.6817213994158264,0.2146607142857143,0.6837003443589259,0.71285,resnet32,0.7124,0.7082,0.8055698814039881,0.6199205983006819,0.1856492826588113,resnet32,0.7122,0.7078,0.8122732153331692,0.6264491861008785,0.18582402986728333,resnet32,0.7142,0.7106,0.8024663703346794,0.6170380590906874,0.18542831077833066,resnet32,0.7135,0.7046,0.8074228695001114,0.6222551169551231,0.18516775311648168,resnet32,0.7164,0.7094,0.7942255425520919,0.6099634663286534,0.18426207512278447,resnet32,0.7092,0.7112,0.8050589943727986,0.6202768145383082,0.18478217923124743,resnet32,0.7115,0.71,0.8174732351167635,0.6297300194644115,0.18774321625559506,resnet32,0.7134,0.7098,0.7952000257897783,0.6111769313839349,0.18402309441642667,31500000.0,0.0,126000000.0,16002000000.0,128016000000.0
resnet32x8_cifar100_K8_dml-seq_seed0005_d001,d001,resnet32:8,cifar100,8,dml,dml-seq,peers,0,0,1.0,p2p,5,200,64,0.1,0.9,0.0005,True,0,60,0.1,1.0,1,,disagreement,1.0,1,0.0,0.5,weight,complete,0.0,0.0,42,0,45000,5000,10000,3760032,sequential,127,0.0010000000000000002,7,1.0,115.46,0.7135875,0.0037474783188165394,0.7086,0.7225,0.7466,0.0330125,0.713075,0.7476,0.21374999999999997,0.6726594575679409,0.2166892857142857,0.6790050614573339,0.7135875,resnet32,0.7132,0.7138,0.7970561118034477,0.6110586239109662,0.18599748820997775,resnet32,0.7122,0.7124,0.8046749531376091,0.6186163110912524,0.18605864217335527,resnet32,0.7145,0.7146,0.7982087387618694,0.6112487424080345,0.18695999700999397,resnet32,0.7122,0.71,0.7971536494283513,0.6110478629442778,0.18610578688623552,resnet32,0.7225,0.7116,0.7873052433133125,0.6024281244555657,0.18487711872016502,resnet32,0.7086,0.7158,0.7983128716745838,0.6123676597225395,0.18594521236478945,resnet32,0.7137,0.7168,0.8117921006950465,0.6234746125780724,0.1883174877465618,resnet32,0.7118,0.7096,0.7899046422575008,0.6052816555073316,0.18462298726874657,31500000.0,0.0,126000000.0,16128000000.0,129024000000.0
resnet32x8_cifar100_K8_dml-seq_seed0005_d001,d001,resnet32:8,cifar100,8,dml,dml-seq,peers,0,0,1.0,p2p,5,200,64,0.1,0.9,0.0005,True,0,60,0.1,1.0,1,,disagreement,1.0,1,0.0,0.5,weight,complete,0.0,0.0,42,0,45000,5000,10000,3760032,sequential,128,0.0010000000000000002,7,1.0,108.48,0.714475,0.002862581876558281,0.7092,0.7179,0.7478,0.03332500000000005,0.7126750000000001,0.7454,0.21290000000000006,0.68068187548778,0.21211428571428567,0.6869742630133288,0.714475,resnet32,0.7173,0.7122,0.7890178373252804,0.6017056869512255,0.18731215090321546,resnet32,0.7162,0.7152,0.8006662689996037,0.6116704270243645,0.18899584157307717,resnet32,0.7144,0.7136,0.7979377085258338,0.6094876697117632,0.1884500403698026,resnet32,0.7113,0.7084,0.7949862010269002,0.6070254169912501,0.1879607851257209,resnet32,0.7179,0.7134,0.7835247868418016,0.5968424001369964,0.18668238673655485,resnet32,0.7092,0.7138,0.7949364264918999,0.6072411198930984,0.18769530634480444,resnet32,0.7132,0.7126,0.8015713868662715,0.6115230144086209,0.19004837166390975,resnet32,0.7163,0.7122,0.7839753839017992,0.5974296041425656,0.18654578029897742,31500000.0,0.0,126000000.0,16254000000.0,130032000000.0
resnet32x8_cifar100_K8_dml-seq_seed0005_d001,d001,resnet32:8,cifar100,8,dml,dml-seq,peers,0,0,1.0,p2p,5,200,64,0.1,0.9,0.0005,True,0,60,0.1,1.0,1,,disagreement,1.0,1,0.0,0.5,weight,complete,0.0,0.0,42,0,45000,5000,10000,3760032,sequential,129,0.0010000000000000002,7,1.0,106.05,0.7142375000000001,0.003300733819925527,0.7109,0.7203,0.7459,0.03166249999999993,0.7115499999999999,0.7454,0.21216428571428572,0.6803639596103483,0.21394285714285716,0.6826032726379658,0.7142375000000001,resnet32,0.7111,0.713,0.7844925614666532,0.5959900711578402,0.18850249121896923,resnet32,0.7123,0.7136,0.7883182141760533,0.6003250459801744,0.18799316834404387,resnet32,0.7184,0.7106,0.7851674560542133,0.5972173844294791,0.18795007273597134,resnet32,0.7118,0.7098,0.7848019682040269,0.5965300113047388,0.1882719562007961,resnet32,0.7203,0.7102,0.7735828101973642,0.5876989116553556,0.18588389811868017,resnet32,0.7109,0.7096,0.786658717404035,0.5997779749926518,0.18688074216796932,resnet32,0.7135,0.711,0.7968268210322342,0.6069292498498478,0.18989757082255726,resnet32,0.7156,0.7146,0.7715869246643375,0.5855551003478467,0.18603182442232288,31500000.0,0.0,126000000.0,16380000000.0,131040000000.0
resnet32x8_cifar100_K8_dml-seq_seed0005_d001,d001,resnet32:8,cifar100,8,dml,dml-seq,peers,0,0,1.0,p2p,5,200,64,0.1,0.9,0.0005,True,0,60,0.1,1.0,1,,disagreement,1.0,1,0.0,0.5,weight,complete,0.0,0.0,42,0,45000,5000,10000,3760032,sequential,130,0.0010000000000000002,7,1.0,107.95,0.7143375000000001,0.0026143534095450878,0.7089,0.7176,0.7479,0.03356249999999994,0.7135,0.7482,0.2123642857142857,0.6797879412509662,0.21334999999999998,0.6833940611778707,0.7143375000000001,resnet32,0.7148,0.7144,0.7775029188699343,0.5881236815740439,0.18937923510516572,resnet32,0.7129,0.715,0.785882885821841,0.5961075520820238,0.18977533344348724,resnet32,0.7151,0.7192,0.7805333609100092,0.5913317467255349,0.18920161346481604,resnet32,0.7162,0.7132,0.7814358809793537,0.5918183923190967,0.1896174874537709,resnet32,0.7166,0.7154,0.7680025861852549,0.5805342820557681,0.1874683042882349,resnet32,0.7089,0.7074,0.7822261637669395,0.5932337443174963,0.18899242003151978,resnet32,0.7126,0.712,0.7947475428438999,0.6036213508129797,0.19112619108901444,resnet32,0.7176,0.7114,0.7685092835771766,0.5816066975874657,0.18690258655062114,31500000.0,0.0,126000000.0,16506000000.0,132048000000.0
resnet32x8_cifar100_K8_dml-seq_seed0005_d001,d001,resnet32:8,cifar100,8,dml,dml-seq,peers,0,0,1.0,p2p,5,200,64,0.1,0.9,0.0005,True,0,60,0.1,1.0,1,,disagreement,1.0,1,0.0,0.5,weight,complete,0.0,0.0,42,0,45000,5000,10000,3760032,sequential,131,0.0010000000000000002,7,1.0,107.88,0.715175,0.0022802138057647103,0.7117,0.7188,0.7504,0.03522499999999995,0.71515,0.751,0.2140142857142857,0.6745218869920773,0.21730000000000005,0.6760666574195229,0.715175,resnet32,0.7128,0.7164,0.7766989197328009,0.5851708240807056,0.191528096138923,resnet32,0.7157,0.7152,0.7836979054422542,0.5920986316420815,0.19159927403300323,resnet32,0.7177,0.717,0.7790282233194872,0.5884364856491712,0.19059173671782695,resnet32,0.7133,0.7128,0.7781445081345737,0.5882666863670404,0.18987782212736254,resnet32,0.7188,0.7176,0.7644589341414924,0.5767584066753361,0.18770052719099278,resnet32,0.7117,0.7156,0.7787140103226359,0.5892534089190039,0.18946060150946406,resnet32,0.7158,0.7134,0.7887676503424618,0.5976183814927936,0.19114926819350908,resnet32,0.7156,0.7132,0.7674525396221064,0.5799920000559227,0.1874605394391851,31500000.0,0.0,126000000.0,16632000000.0,133056000000.0
resnet32x8_cifar100_K8_dml-seq_seed0005_d001,d001,resnet32:8,cifar100,8,dml,dml-seq,peers,0,0,1.0,p2p,5,200,64,0.1,0.9,0.0005,True,0,60,0.1,1.0,1,,disagreement,1.0,1,0.0,0.5,weight,complete,0.0,0.0,42,0,45000,5000,10000,3760032,sequential,132,0.0010000000000000002,7,1.0,105.78,0.7147625,0.00196592058588337,0.7122,0.7185,0.7466,0.031837500000000074,0.714425,0.7494,0.2127071428571429,0.6789467037968995,0.2152535714285714,0.6803316755137615,0.7147625,resnet32,0.7137,0.7136,0.7666095603172752,0.5749584517695687,0.19165110734122043,resnet32,0.7131,0.715,0.7768639504316855,0.5849594437855888,0.1919045069424266,resnet32,0.7139,0.714,0.7688700072043999,0.5773992032997988,0.1914708047406748,resnet32,0.7122,0.7134,0.7700376736254178,0.5783226208930666,0.19171505376950584,resnet32,0.7185,0.7172,0.7579436200162903,0.5687022642232478,0.18924135468180545,resnet32,0.7161,0.715,0.7685801584104245,0.5785922861912034,0.18998787211338905,resnet32,0.7166,0.7148,0.7817092181437395,0.5895140332339163,0.1921951846558262,resnet32,0.714,0.7124,0.7582740536044267,0.5695066409270194,0.18876741208474745,31500000.0,0.0,126000000.0,16758000000.0,134064000000.0
resnet32x8_cifar100_K8_dml-seq_seed0005_d001,d001,resnet32:8,cifar100,8,dml,dml-seq,peers,0,0,1.0,p2p,5,200,64,0.1,0.9,0.0005,True,0,60,0.1,1.0,1,,disagreement,1.0,1,0.0,0.5,weight,complete,0.0,0.0,42,0,45000,5000,10000,3760032,sequential,133,0.0010000000000000002,7,1.0,106.39,0.7134,0.002065187642806358,0.71,0.7164,0.751,0.03759999999999997,0.7152499999999999,0.7518,0.21047142857142861,0.6804444781873916,0.21581071428571427,0.6830292816636432,0.7134,resnet32,0.71,0.7202,0.7640273165465756,0.572031119542027,0.1919961974490434,resnet32,0.7145,0.7158,0.768898496192626,0.5771065925840627,0.19179190388372677,resnet32,0.7128,0.7152,0.7645546632649546,0.5735453261824494,0.191009336870841,resnet32,0.7111,0.7198,0.7648071072233672,0.5735937759110873,0.1912133313969455,resnet32,0.7164,0.7152,0.7509535104036331,0.5618370992808857,0.18911641055125405,resnet32,0.7159,0.715,0.7653581680814651,0.5750288838435981,0.1903292851268568,resnet32,0.7128,0.7132,0.7746048238636418,0.5831120653416623,0.19149275968613272,resnet32,0.7137,0.7076,0.7559591655788774,0.5674329196018252,0.1885262456383895,31500000.0,0.0,126000000.0,16884000000.0,135072000000.0
resnet32x8_cifar100_K8_dml-seq_seed0005_d001,d001,resnet32:8,cifar100,8,dml,dml-seq,peers,0,0,1.0,p2p,5,200,64,0.1,0.9,0.0005,True,0,60,0.1,1.0,1,,disagreement,1.0,1,0.0,0.5,weight,complete,0.0,0.0,42,0,45000,5000,10000,3760032,sequential,134,0.0010000000000000002,7,1.0,107.62,0.7150375,0.0022141236979897824,0.7122,0.72,0.7499,0.03486250000000002,0.712625,0.7474,0.21527142857142856,0.6762952829011407,0.21713214285714283,0.6757349859463365,0.7150375,resnet32,0.7135,0.7138,0.760930552655323,0.5669180253859271,0.19401252822188492,resnet32,0.7149,0.7108,0.7689526357518678,0.5755651923827827,0.19338744478723544,resnet32,0.7138,0.7162,0.7661966456269677,0.5727968232028864,0.1933998242020607,resnet32,0.7122,0.7096,0.7617525551044806,0.5696084305898033,0.19214412502267145,resnet32,0.72,0.714,0.7509486115198921,0.5597910978831351,0.19115751247260382,resnet32,0.7142,0.707,0.7613166171041402,0.5698490318080242,0.1914675859734416,resnet32,0.7153,0.7146,0.775190066715533,0.5811982688663359,0.19399179727770388,resnet32,0.7164,0.715,0.7544812519441951,0.5652614278210835,0.18921982363628392,31500000.0,0.0,126000000.0,17010000000.0,136080000000.0
resnet32x8_cifar100_K8_dml-seq_seed0005_d001,d001,resnet32:8,cifar100,8,dml,dml-seq,peers,0,0,1.0,p2p,5,200,64,0.1,0.9,0.0005,True,0,60,0.1,1.0,1,,disagreement,1.0,1,0.0,0.5,weight,complete,0.0,0.0,42,0,45000,5000,10000,3760032,sequential,135,0.0010000000000000002,7,1.0,115.13,0.71075,0.0026612966764342624,0.7047,0.7143,0.7438,0.033050000000000024,0.7073250000000001,0.7452,0.22051428571428566,0.670608804166805,0.22067142857142857,0.6737893253209448,0.71075,resnet32,0.7118,0.711,0.7572517351416702,0.5615651524964381,0.19568658306856046,resnet32,0.7101,0.7074,0.765018888537518,0.5700989396904003,0.19491994812745939,resnet32,0.71,0.7032,0.7582067799415778,0.5642144235528328,0.19399235608183185,resnet32,0.7047,0.7052,0.757637816523625,0.5632196919230575,0.1944181251614778,resnet32,0.7143,0.707,0.7489464183930646,0.5563391796736554,0.19260723910040475,resnet32,0.7104,0.7076,0.7568306792950765,0.564158234745264,0.1926724441688169,resnet32,0.7126,0.7074,0.7668680164285682,0.572860509919172,0.19400750761005012,resnet32,0.7121,0.7098,0.7466349137354303,0.5567085641351613,0.18992634987543253,31500000.0,0.0,126000000.0,17136000000.0,137088000000.0
resnet32x8_cifar100_K8_dml-seq_seed0005_d001,d001,resnet32:8,cifar100,8,dml,dml-seq,peers,0,0,1.0,p2p,5,200,64,0.1,0.9,0.0005,True,0,60,0.1,1.0,1,,disagreement,1.0,1,0.0,0.5,weight,complete,0.0,0.0,42,0,45000,5000,10000,3760032,sequential,136,0.0010000000000000002,7,1.0,114.67,0.7161375,0.0009860749210886405,0.7147,0.7181,0.7523,0.036162499999999986,0.7139749999999999,0.751,0.21770714285714288,0.6697320651270875,0.21724285714285715,0.6751004177115743,0.7161375,resnet32,0.7153,0.711,0.752652651884339,0.557225839658217,0.1954268128187819,resnet32,0.7161,0.715,0.7623810896819289,0.5669795541008088,0.19540153634311122,resnet32,0.7167,0.7144,0.7539597220972858,0.5597365659830923,0.19422315722543068,resnet32,0.7168,0.7138,0.7568473231301389,0.5625371017747305,0.19431022093207997,resnet32,0.7181,0.7164,0.7438826204108243,0.5516741194931621,0.1922085008329966,resnet32,0.7158,0.7122,0.756046712398529,0.5634385424835439,0.19260816991498525,resnet32,0.7147,0.7142,0.7657683669081465,0.5703891762532294,0.19537919060200115,resnet32,0.7156,0.7148,0.7433768769895489,0.5533105347051539,0.19006634164940228,31500000.0,0.0,126000000.0,17262000000.0,138096000000.0
resnet32x8_cifar100_K8_dml-seq_seed0005_d001,d001,resnet32:8,cifar100,8,dml,dml-seq,peers,0,0,1.0,p2p,5,200,64,0.1,0.9,0.0005,True,0,60,0.1,1.0,1,,disagreement,1.0,1,0.0,0.5,weight,complete,0.0,0.0,42,0,45000,5000,10000,3760032,sequential,137,0.0010000000000000002,7,1.0,105.07,0.71255,0.0025099800796022087,0.7084,0.7171,0.7492,0.03664999999999996,0.7131000000000001,0.7508,0.21850714285714284,0.6734905928732665,0.22307142857142856,0.6692306505182718,0.71255,resnet32,0.7084,0.7074,0.7487461304038086,0.552368567282842,0.1963775621578944,resnet32,0.7136,0.7172,0.7551282847469504,0.5600722245448693,0.19505606075240808,resnet32,0.7129,0.7174,0.7507174072617834,0.555306442970918,0.1954109633066268,resnet32,0.7096,0.7116,0.7507203811440956,0.5553842586549845,0.195336122690192,resnet32,0.7171,0.7132,0.7378298039124771,0.545370333828032,0.1924594699574465,resnet32,0.7138,0.716,0.7538559201427482,0.5602488105862655,0.1936071100327271,resnet32,0.7118,0.7124,0.7596176137131724,0.5647059956734831,0.19491161909801039,resnet32,0.7132,0.7096,0.7376862135715783,0.546997723127292,0.19068848977754402,31500000.0,0.0,126000000.0,17388000000.0,139104000000.0
resnet32x8_cifar100_K8_dml-seq_seed0005_d001,d001,resnet32:8,cifar100,8,dml,dml-seq,peers,0,0,1.0,p2p,5,200,64,0.1,0.9,0.0005,True,0,60,0.1,1.0,1,,disagreement,1.0,1,0.0,0.5,weight,complete,0.0,0.0,42,0,45000,5000,10000,3760032,sequential,138,0.0010000000000000002,7,1.0,105.19,0.7170875,0.0011698691166109158,0.7149,0.7184,0.7533,0.03621249999999998,0.71495,0.749,0.21702857142857143,0.6745601206233306,0.21981785714285715,0.6734179833005262,0.7170875,resnet32,0.7149,0.7134,0.7471508240665902,0.5492652807046067,0.1978855443991382,resnet32,0.7184,0.7178,0.7523374359800734,0.555629887745123,0.19670754990709777,resnet32,0.7167,0.717,0.7498360237276013,0.5531097848222337,0.1967262396461923,resnet32,0.7167,0.7116,0.7466726047410206,0.5505439341914925,0.19612867112102156,resnet32,0.718,0.7188,0.7346636160615493,0.5403812319802289,0.19428238458931446,resnet32,0.7182,0.7152,0.7468427752398632,0.5517189548012208,0.19512382003648038,resnet32,0.7159,0.7138,0.7575786537914113,0.5609582546590404,0.19662039820104837,resnet32,0.7179,0.712,0.7333773215809329,0.541238668967377,0.19213865240189162,31500000.0,0.0,126000000.0,17514000000.0,140112000000.0
resnet32x8_cifar100_K8_dml-seq_seed0005_d001,d001,resnet32:8,cifar100,8,dml,dml-seq,peers,0,0,1.0,p2p,5,200,64,0.1,0.9,0.0005,True,0,60,0.1,1.0,1,,disagreement,1.0,1,0.0,0.5,weight,complete,0.0,0.0,42,0,45000,5000,10000,3760032,sequential,139,0.0010000000000000002,7,1.0,112.55,0.7131125,0.0028348004779878335,0.7091,0.7169,0.7485,0.035387500000000016,0.712275,0.7462,0.21770714285714288,0.6747907921480178,0.21959642857142855,0.6757192835692922,0.7131125,resnet32,0.7121,0.7068,0.7423720593056218,0.5442683192139323,0.19810373958369548,resnet32,0.7117,0.7118,0.7526778010228141,0.5545340869152411,0.19814371441448617,resnet32,0.7166,0.7178,0.7399476727640087,0.543597007043321,0.1963506658476862,resnet32,0.7091,0.7108,0.7426042578352446,0.5460563328709792,0.1965479258320887,resnet32,0.7161,0.7148,0.7311392801136456,0.5364804060875692,0.19465887462931938,resnet32,0.7169,0.7106,0.7463923502628776,0.5506474073891613,0.1957449434875426,resnet32,0.7101,0.7098,0.7515091810544784,0.5552419959144159,0.1962671848119829,resnet32,0.7123,0.7158,0.7331570553678003,0.5403060586699708,0.19285099733282218,31500000.0,0.0,126000000.0,17640000000.0,141120000000.0
resnet32x8_cifar100_K8_dml-seq_seed0005_d001,d001,resnet32:8,cifar100,8,dml,dml-seq,peers,0,0,1.0,p2p,5,200,64,0.1,0.9,0.0005,True,0,60,0.1,1.0,1,,disagreement,1.0,1,0.0,0.5,weight,complete,0.0,0.0,42,0,45000,5000,10000,3760032,sequential,140,0.0010000000000000002,7,1.0,115.63,0.7148875,0.001728031756073943,0.7127,0.7178,0.7517,0.036812500000000026,0.7162,0.7532,0.21614999999999998,0.6693698088557404,0.2204857142857143,0.6735243225792892,0.7148875,resnet32,0.7134,0.715,0.739549243780361,0.5412711974826049,0.19827804691158235,resnet32,0.7144,0.7186,0.7465383068827743,0.5488468798470091,0.19769142803058706,resnet32,0.7154,0.7144,0.7444346042095937,0.5456271288408474,0.19880747530524703,resnet32,0.7129,0.7152,0.7405859627760947,0.543933164793998,0.19665279813026162,resnet32,0.7166,0.7198,0.7271883083422753,0.5317933508618311,0.19539495758627626,resnet32,0.7178,0.7178,0.7440162424252115,0.5476888610388745,0.19632738129108807,resnet32,0.7127,0.7148,0.7498348233374682,0.5533025140281428,0.19653230729851534,resnet32,0.7159,0.714,0.7290573788552799,0.5358365343629636,0.1932208439737389,31500000.0,0.0,126000000.0,17766000000.0,142128000000.0
resnet32x8_cifar100_K8_dml-seq_seed0005_d001,d001,resnet32:8,cifar100,8,dml,dml-seq,peers,0,0,1.0,p2p,5,200,64,0.1,0.9,0.0005,True,0,60,0.1,1.0,1,,disagreement,1.0,1,0.0,0.5,weight,complete,0.0,0.0,42,0,45000,5000,10000,3760032,sequential,141,0.0010000000000000002,7,1.0,110.1,0.7161375,0.0021035312571958498,0.7125,0.72,0.7533,0.03716249999999999,0.714675,0.7534,0.21697857142857144,0.6715972647115926,0.22031785714285718,0.6707049553754548,0.7161375,resnet32,0.7164,0.7154,0.7377987833778289,0.5368839073079553,0.20091487577354367,resnet32,0.7172,0.7176,0.7473710807548328,0.5472661756952717,0.2001049053347246,resnet32,0.7159,0.7156,0.740656680893153,0.5410569250498983,0.19959975616075099,resnet32,0.7125,0.7138,0.7378999158232049,0.5388446985320612,0.1990552161269906,resnet32,0.72,0.7128,0.7264380923641677,0.528747474563054,0.19769061646762898,resnet32,0.7147,0.7146,0.7415843296118758,0.5438443632711741,0.19773996659469875,resnet32,0.7148,0.715,0.7542201094752685,0.553845187056471,0.20037492313845592,resnet32,0.7176,0.7126,0.731113102033057,0.5353720061142336,0.19574109519916502,31500000.0,0.0,126000000.0,17892000000.0,143136000000.0
resnet32x8_cifar100_K8_dml-seq_seed0005_d001,d001,resnet32:8,cifar100,8,dml,dml-seq,peers,0,0,1.0,p2p,5,200,64,0.1,0.9,0.0005,True,0,60,0.1,1.0,1,,disagreement,1.0,1,0.0,0.5,weight,complete,0.0,0.0,42,0,45000,5000,10000,3760032,sequential,142,0.0010000000000000002,7,1.0,103.5,0.7134125,0.0026647877495215235,0.7089,0.7182,0.7491,0.03568749999999998,0.713875,0.7512,0.2177,0.6746755260295872,0.2218571428571429,0.6723538940954386,0.7134125,resnet32,0.7182,0.7156,0.7315495087003167,0.5321370271796529,0.19941248118200086,resnet32,0.7142,0.7174,0.7428294070996344,0.5432274757291783,0.1996019292432307,resnet32,0.7123,0.7182,0.7327050445178016,0.5346673715182326,0.19803767308423464,resnet32,0.7111,0.7104,0.7334131325425749,0.5353567828847603,0.1980563490651548,resnet32,0.7148,0.7116,0.7196705486540768,0.5236695040948689,0.1960010461678559,resnet32,0.7153,0.716,0.73205655885183,0.5350109058093618,0.19704565308480101,resnet32,0.7089,0.709,0.7445515437390317,0.5461205359209668,0.19843100701374086,resnet32,0.7125,0.7128,0.7218978702598675,0.5291463085026904,0.19275156137618152,31500000.0,0.0,126000000.0,18018000000.0,144144000000.0
resnet32x8_cifar100_K8_dml-seq_seed0005_d001,d001,resnet32:8,cifar100,8,dml,dml-seq,peers,0,0,1.0,p2p,5,200,64,0.1,0.9,0.0005,True,0,60,0.1,1.0,1,,disagreement,1.0,1,0.0,0.5,weight,complete,0.0,0.0,42,0,45000,5000,10000,3760032,sequential,143,0.0010000000000000002,7,1.0,103.06,0.7135874999999999,0.0012404006409221127,0.7119,0.715,0.7483,0.034712500000000035,0.7117500000000001,0.748,0.22103571428571425,0.6674188679851513,0.21961785714285711,0.6772436455675567,0.7135874999999999,resnet32,0.7124,0.7058,0.7347618847323413,0.5321182473985986,0.20264363796873527,resnet32,0.7119,0.7112,0.7406724685464393,0.5386532439680939,0.2020192253826694,resnet32,0.714,0.7114,0.733383184806867,0.5333502301522954,0.20003295535306362,resnet32,0.7139,0.7084,0.7331257332539693,0.5339666671034965,0.1991590657694773,resnet32,0.7148,0.714,0.7225393229587511,0.524500129617412,0.19803919416682964,resnet32,0.7119,0.7166,0.7316466702402316,0.5335673754611476,0.19807929555165835,resnet32,0.715,0.7118,0.7449855748987333,0.5452686194330454,0.1997169554974376,resnet32,0.7148,0.7148,0.7208033363673497,0.5254784587093375,0.19532487717118452,31500000.0,0.0,126000000.0,18144000000.0,145152000000.0
resnet32x8_cifar100_K8_dml-seq_seed0005_d001,d001,resnet32:8,cifar100,8,dml,dml-seq,peers,0,0,1.0,p2p,5,200,64,0.1,0.9,0.0005,True,0,60,0.1,1.0,1,,disagreement,1.0,1,0.0,0.5,weight,complete,0.0,0.0,42,0,45000,5000,10000,3760032,sequential,144,0.0010000000000000002,7,1.0,105.38,0.711325,0.002537592362851056,0.706,0.715,0.7474,0.03607499999999997,0.710625,0.75,0.22162857142857142,0.6681909131686047,0.22652499999999992,0.6689285881846642,0.711325,resnet32,0.7103,0.7102,0.7297973417761651,0.5278686246919361,0.20192871761338954,resnet32,0.7125,0.7142,0.7386002202772282,0.5377725866961885,0.20082763267088344,resnet32,0.7131,0.7078,0.7296496181833473,0.5286447299559686,0.20100488835437733,resnet32,0.706,0.7074,0.7288039542565291,0.5288621141490611,0.19994184011805125,resnet32,0.7096,0.7094,0.7207631928507577,0.5228264618410983,0.19793673081916163,resnet32,0.715,0.7162,0.7271499436518009,0.5292604058896276,0.19788953733884476,resnet32,0.7119,0.7104,0.7395376558415592,0.540005092763088,0.1995325618296523,resnet32,0.7122,0.7094,0.7164622153240171,0.5214499791406773,0.19501223603517495,31500000.0,0.0,126000000.0,18270000000.0,146160000000.0
resnet32x8_cifar100_K8_dml-seq_seed0005_d001,d001,resnet32:8,cifar100,8,dml,dml-seq,peers,0,0,1.0,p2p,5,200,64,0.1,0.9,0.0005,True,0,60,0.1,1.0,1,,disagreement,1.0,1,0.0,0.5,weight,complete,0.0,0.0,42,0,45000,5000,10000,3760032,sequential,145,0.0010000000000000002,7,1.0,109.1,0.716025,0.0015809411753762359,0.7135,0.7184,0.7547,0.038675000000000015,0.7131750000000001,0.7516,0.22169285714285716,0.6644874672080556,0.22537142857142856,0.661258106930087,0.716025,resnet32,0.7135,0.716,0.7274744599126279,0.5240503724410452,0.20342408698475498,resnet32,0.7153,0.7076,0.7373542582870207,0.5338908820201389,0.20346337688070806,resnet32,0.7179,0.7156,0.7274745502085849,0.5255275277251547,0.20194702394391326,resnet32,0.7152,0.7102,0.726867272560908,0.526305343998088,0.20056192883798343,resnet32,0.7184,0.7174,0.7147312508895993,0.515611961864951,0.19911928877065127,resnet32,0.7145,0.717,0.7263347638178278,0.5267720913345163,0.19956267201765018,resnet32,0.7166,0.7094,0.7368890801867978,0.5367333308412608,0.20015574945136905,resnet32,0.7168,0.7122,0.7182104894044724,0.5222537625284697,0.19595672602934594,31500000.0,0.0,126000000.0,18396000000.0,147168000000.0
resnet32x8_cifar100_K8_dml-seq_seed0005_d001,d001,resnet32:8,cifar100,8,dml,dml-seq,peers,0,0,1.0,p2p,5,200,64,0.1,0.9,0.0005,True,0,60,0.1,1.0,1,,disagreement,1.0,1,0.0,0.5,weight,complete,0.0,0.0,42,0,45000,5000,10000,3760032,sequential,146,0.0010000000000000002,7,1.0,100.85,0.7164874999999999,0.0016003417603749454,0.7143,0.7196,0.7539,0.03741250000000007,0.71265,0.7504,0.22196428571428567,0.6708432661220931,0.2229857142857143,0.6658447528191209,0.7164874999999999,resnet32,0.7158,0.7128,0.7279413697225127,0.5234649795192209,0.20447638992812822,resnet32,0.7162,0.7158,0.7343494850634174,0.5309052203189243,0.20344426391900264,resnet32,0.7172,0.7106,0.7287265593186021,0.525922083507546,0.20280447487973355,resnet32,0.7163,0.7138,0.725677424152805,0.52342537405308,0.20225205020555717,resnet32,0.7196,0.7152,0.7148221700282936,0.5153103889897466,0.19951178267894482,resnet32,0.7143,0.7092,0.7266006882895123,0.5273064748722721,0.19929421345957302,resnet32,0.7147,0.7116,0.7359477333216504,0.5352565571242436,0.2006911760069091,resnet32,0.7178,0.7122,0.7133118298582055,0.5169340504587374,0.19637777961113237,31500000.0,0.0,126000000.0,18522000000.0,148176000000.0
resnet32x8_cifar100_K8_dml-seq_seed0005_d001,d001,resnet32:8,cifar100,8,dml,dml-seq,peers,0,0,1.0,p2p,5,200,64,0.1,0.9,0.0005,True,0,60,0.1,1.0,1,,disagreement,1.0,1,0.0,0.5,weight,complete,0.0,0.0,42,0,45000,5000,10000,3760032,sequential,147,0.0010000000000000002,7,1.0,105.74,0.7130000000000001,0.0008366600265340895,0.7117,0.7144,0.7505,0.03749999999999987,0.7119,0.7508,0.22380714285714293,0.662343059231624,0.2285571428571429,0.6613792068246133,0.7130000000000001,resnet32,0.7117,0.7128,0.728499882642857,0.5229023311456497,0.20559755043888633,resnet32,0.7133,0.7098,0.7340458753857423,0.5297667528925971,0.20427912343505092,resnet32,0.7126,0.7112,0.7246998971836134,0.5219007479450242,0.202799149132757,resnet32,0.7136,0.708,0.7244470852681182,0.5223472930744968,0.2020997917279601,resnet32,0.7133,0.714,0.7117003670639612,0.5117011470296844,0.19999921950511634,resnet32,0.7132,0.7128,0.7225205242549154,0.5229806770909239,0.19953984805298122,resnet32,0.7144,0.7156,0.7322293227877129,0.5315089525908909,0.20072036907500165,resnet32,0.7119,0.711,0.7112261844714257,0.5149192707189783,0.19630691438744013,31500000.0,0.0,126000000.0,18648000000.0,149184000000.0
resnet32x8_cifar100_K8_dml-seq_seed0005_d001,d001,resnet32:8,cifar100,8,dml,dml-seq,peers,0,0,1.0,p2p,5,200,64,0.1,0.9,0.0005,True,0,60,0.1,1.0,1,,disagreement,1.0,1,0.0,0.5,weight,complete,0.0,0.0,42,0,45000,5000,10000,3760032,sequential,148,0.0010000000000000002,7,1.0,100.96,0.7138125000000001,0.0022424526193433854,0.7105,0.7174,0.7507,0.03688749999999996,0.7125250000000001,0.7534,0.2233,0.6653762595533622,0.22863571428571428,0.6633188307258985,0.7138125000000001,resnet32,0.7109,0.7148,0.7260251992636106,0.5189402975480665,0.20708490127104928,resnet32,0.7105,0.7138,0.7345820915969935,0.5285739999433811,0.20600809148428115,resnet32,0.7126,0.7154,0.726742470044304,0.5219997871582481,0.20474268290722233,resnet32,0.7134,0.7106,0.721535208677365,0.5181678138165311,0.20336739446925509,resnet32,0.7151,0.7106,0.7116060139272701,0.5100386555052616,0.20156735730018804,resnet32,0.715,0.713,0.723935688634149,0.5222187048162926,0.20171698354269293,resnet32,0.7174,0.7114,0.7303523018702187,0.52840402696959,0.20194827491121198,resnet32,0.7156,0.7106,0.7154165457680144,0.5168807395649228,0.19853580567393114,31500000.0,0.0,126000000.0,18774000000.0,150192000000.0
resnet32x8_cifar100_K8_dml-seq_seed0005_d001,d001,resnet32:8,cifar100,8,dml,dml-seq,peers,0,0,1.0,p2p,5,200,64,0.1,0.9,0.0005,True,0,60,0.1,1.0,1,,disagreement,1.0,1,0.0,0.5,weight,complete,0.0,0.0,42,0,45000,5000,10000,3760032,sequential,149,0.0010000000000000002,7,1.0,102.38,0.7130125,0.0025915427355148873,0.7093,0.7175,0.7529,0.039887499999999965,0.7105250000000001,0.7532,0.22714999999999996,0.6594336384354339,0.2293321428571429,0.6621084082084653,0.7130125,resnet32,0.7144,0.7158,0.7232365335168486,0.5161518430845304,0.20708469047465108,resnet32,0.7115,0.709,0.7325764310292222,0.5260048176754605,0.2065716125494377,resnet32,0.7138,0.7196,0.7231804046949203,0.5181840566748922,0.20499634710987183,resnet32,0.7107,0.7108,0.7212094352580607,0.5172303371893411,0.2039790981957181,resnet32,0.7175,0.7098,0.7052272485823117,0.5039656639353118,0.20126158413900572,resnet32,0.7093,0.7088,0.720039792189544,0.5181139744394883,0.20192581764422357,resnet32,0.7113,0.7072,0.7317913462492552,0.5292673537676985,0.20252399268263782,resnet32,0.7156,0.7032,0.707821503112262,0.5101674762977795,0.19765402759764006,31500000.0,0.0,126000000.0,18900000000.0,151200000000.0
resnet32x8_cifar100_K8_dml-seq_seed0005_d001,d001,resnet32:8,cifar100,8,dml,dml-seq,peers,0,0,1.0,p2p,5,200,64,0.1,0.9,0.0005,True,0,60,0.1,1.0,1,,disagreement,1.0,1,0.0,0.5,weight,complete,0.0,0.0,42,0,45000,5000,10000,3760032,sequential,150,0.0010000000000000002,7,1.0,100.15,0.7158,0.0012041594578792354,0.7137,0.7176,0.7527,0.036900000000000044,0.7131500000000001,0.7518,0.21838571428571427,0.6725059113571171,0.22245357142857142,0.6689263602996603,0.7158,resnet32,0.7166,0.7152,0.7205883750946007,0.5129410442896187,0.20764733092139728,resnet32,0.7168,0.7108,0.7264115245674144,0.5202593414366923,0.20615218211473388,resnet32,0.7152,0.711,0.7171011563305828,0.5126294645650143,0.2044716921888969,resnet32,0.7165,0.7086,0.7174815145659853,0.5122642020948909,0.20521731287325648,resnet32,0.7176,0.7148,0.7035763932561333,0.5022143161940303,0.20136207638477738,resnet32,0.7147,0.715,0.7189060210842978,0.516105439725586,0.2028005816127089,resnet32,0.7153,0.7154,0.7250526570291682,0.522072537463497,0.20298012081449004,resnet32,0.7137,0.7144,0.7034418671815232,0.5047376055524431,0.1987042618830773,31500000.0,0.0,126000000.0,19026000000.0,152208000000.0
resnet32x8_cifar100_K8_dml-seq_seed0005_d001,d001,resnet32:8,cifar100,8,dml,dml-seq,peers,0,0,1.0,p2p,5,200,64,0.1,0.9,0.0005,True,0,60,0.1,1.0,1,,disagreement,1.0,1,0.0,0.5,weight,complete,0.0,0.0,42,0,45000,5000,10000,3760032,sequential,151,0.0010000000000000002,7,1.0,100.88,0.7134,0.003052867504494768,0.7071,0.7165,0.7508,0.03739999999999999,0.712475,0.752,0.22351428571428572,0.6610747109580954,0.2274392857142858,0.6626178528409818,0.7134,resnet32,0.7154,0.713,0.7156543563628062,0.507631886665794,0.20802246976051142,resnet32,0.7117,0.7108,0.7225226324728944,0.515745723768222,0.20677690950899638,resnet32,0.7137,0.7128,0.7181647867387668,0.512437722095373,0.20572706493972379,resnet32,0.7071,0.7034,0.7173676059835337,0.512242529837584,0.20512507436797023,resnet32,0.7165,0.7178,0.7037769745273347,0.5014980493790724,0.20227892584675414,resnet32,0.711,0.7188,0.7106947221115909,0.5086985161019997,0.20199620564976198,resnet32,0.7158,0.7096,0.7260678661140528,0.522239834239537,0.20382803121835671,resnet32,0.716,0.7136,0.7012918799776923,0.5021766189231791,0.1991152621551671,31500000.0,0.0,126000000.0,19152000000.0,153216000000.0
resnet32x8_cifar100_K8_dml-seq_seed0005_d001,d001,resnet32:8,cifar100,8,dml,dml-seq,peers,0,0,1.0,p2p,5,200,64,0.1,0.9,0.0005,True,0,60,0.1,1.0,1,,disagreement,1.0,1,0.0,0.5,weight,complete,0.0,0.0,42,0,45000,5000,10000,3760032,sequential,152,0.0010000000000000002,7,1.0,103.42,0.7123125,0.001818266688360104,0.7088,0.7154,0.749,0.036687499999999984,0.711975,0.7494,0.2266928571428572,0.6561608216845822,0.23003571428571432,0.6599699988854428,0.7123125,resnet32,0.7088,0.7086,0.7173894489692016,0.5083662735044279,0.2090231763960963,resnet32,0.7132,0.7104,0.7228055649267678,0.5145898505368016,0.20821571451696483,resnet32,0.7116,0.7174,0.7144253214990551,0.5074717482890595,0.2069535742894831,resnet32,0.7127,0.7056,0.7163173905573785,0.5097850756719708,0.20653231425041502,resnet32,0.7154,0.7128,0.7047280319966376,0.5010433144952086,0.2036847191312435,resnet32,0.7114,0.7144,0.7132754645903002,0.5095892890187149,0.2036861749789254,resnet32,0.7137,0.713,0.725695327474651,0.5203796604394235,0.205315668114715,resnet32,0.7117,0.7136,0.7018199916929007,0.5019490962678735,0.19987089464186944,31500000.0,0.0,126000000.0,19278000000.0,154224000000.0
resnet32x8_cifar100_K8_dml-seq_seed0005_d001,d001,resnet32:8,cifar100,8,dml,dml-seq,peers,0,0,1.0,p2p,5,200,64,0.1,0.9,0.0005,True,0,60,0.1,1.0,1,,disagreement,1.0,1,0.0,0.5,weight,complete,0.0,0.0,42,0,45000,5000,10000,3760032,sequential,153,0.0010000000000000002,7,1.0,104.09,0.714075,0.0023610114358045523,0.7103,0.7178,0.7553,0.041224999999999956,0.7141249999999999,0.7538,0.22325000000000003,0.6619023460123906,0.22769999999999999,0.6637955340310148,0.714075,resnet32,0.7142,0.7174,0.7163348789326847,0.5057424161244523,0.210592463189228,resnet32,0.7135,0.711,0.725379572800276,0.5147971064698967,0.21058246636212888,resnet32,0.717,0.7178,0.7162647701122544,0.5074709023941647,0.20879386605652558,resnet32,0.7103,0.7118,0.7194256040013649,0.5115120366469703,0.20791356720622967,resnet32,0.7178,0.7116,0.7040350097654895,0.49893123453313654,0.2051037746608596,resnet32,0.7123,0.7172,0.7185290681452237,0.5130360377105799,0.2054930298631503,resnet32,0.7123,0.7146,0.7224535634741187,0.5170420823534104,0.20541148109954188,resnet32,0.7152,0.7116,0.7042532975954766,0.502931690520861,0.20132160711694846,31500000.0,0.0,126000000.0,19404000000.0,155232000000.0
resnet32x8_cifar100_K8_dml-seq_seed0005_d001,d001,resnet32:8,cifar100,8,dml,dml-seq,peers,0,0,1.0,p2p,5,200,64,0.1,0.9,0.0005,True,0,60,0.1,1.0,1,,disagreement,1.0,1,0.0,0.5,weight,complete,0.0,0.0,42,0,45000,5000,10000,3760032,sequential,154,0.0010000000000000002,7,1.0,106.89,0.7116125,0.002265191768923779,0.7079,0.7149,0.7531,0.04148750000000001,0.710575,0.7518,0.22984285714285715,0.6572377315882613,0.23651071428571432,0.6502324637917106,0.7116125,resnet32,0.7131,0.711,0.7104049516333775,0.5009178581901572,0.2094870939088816,resnet32,0.7116,0.7064,0.7193819739940491,0.5112859442914751,0.20809602960732512,resnet32,0.71,0.7122,0.7132256988181986,0.5064511648802594,0.2067745342342691,resnet32,0.7079,0.7076,0.707079423464496,0.501405309166082,0.20567411494399,resnet32,0.7149,0.7106,0.6956368867646564,0.4920955135233023,0.20354137371759862,resnet32,0.7091,0.7126,0.7115248818458482,0.506873129401356,0.2046517536615614,resnet32,0.7126,0.712,0.7145401962016794,0.5103549964048646,0.20418519994497977,resnet32,0.7137,0.7122,0.6959778387946162,0.4961391787298701,0.19983866086907007,31500000.0,0.0,126000000.0,19530000000.0,156240000000.0
resnet32x8_cifar100_K8_dml-seq_seed0005_d001,d001,resnet32:8,cifar100,8,dml,dml-seq,peers,0,0,1.0,p2p,5,200,64,0.1,0.9,0.0005,True,0,60,0.1,1.0,1,,disagreement,1.0,1,0.0,0.5,weight,complete,0.0,0.0,42,0,45000,5000,10000,3760032,sequential,155,0.0010000000000000002,7,1.0,105.85,0.7123625,0.0031622529547776505,0.7075,0.7165,0.7508,0.03843750000000001,0.7083250000000001,0.7508,0.23227857142857142,0.6525406077816946,0.2315785714285714,0.6557145282674248,0.7123625,resnet32,0.7077,0.7088,0.707174542021345,0.4968625802165744,0.21031196042895317,resnet32,0.7146,0.7026,0.716526912863959,0.5080658069134436,0.2084611062468453,resnet32,0.7075,0.7092,0.7100879965688695,0.5019129305146635,0.2081750652075491,resnet32,0.7131,0.7082,0.7046868371438574,0.4975922835821455,0.20709455449303443,resnet32,0.7165,0.711,0.6934125679968433,0.48944070524620736,0.203971863607876,resnet32,0.7106,0.7112,0.7037648965858601,0.49929793445732107,0.20446696299636227,resnet32,0.7142,0.7064,0.7171155735850334,0.5112010580910877,0.2059145152716982,resnet32,0.7147,0.7092,0.6900322812778706,0.48994622189043596,0.20008605895352297,31500000.0,0.0,126000000.0,19656000000.0,157248000000.0
resnet32x8_cifar100_K8_dml-seq_seed0005_d001,d001,resnet32:8,cifar100,8,dml,dml-seq,peers,0,0,1.0,p2p,5,200,64,0.1,0.9,0.0005,True,0,60,0.1,1.0,1,,disagreement,1.0,1,0.0,0.5,weight,complete,0.0,0.0,42,0,45000,5000,10000,3760032,sequential,156,0.0010000000000000002,7,1.0,111.72,0.7097375,0.0034913956736525834,0.7024,0.7139,0.7505,0.040762499999999924,0.7097,0.7534,0.22971428571428576,0.6593351074089571,0.23198928571428573,0.6599841976597232,0.7097375,resnet32,0.7095,0.7148,0.7099746381863952,0.4976800060407682,0.2122946323572912,resnet32,0.7103,0.71,0.7149400653486903,0.5042201060463082,0.2107199589848857,resnet32,0.7071,0.7082,0.7081586680459705,0.49930209876038134,0.20885657038624314,resnet32,0.7024,0.7042,0.70624150860716,0.498334044971588,0.20790746399540116,resnet32,0.7135,0.714,0.6887945533222095,0.4842521812428128,0.20454237216406249,resnet32,0.7093,0.7094,0.7036367506212131,0.4984938355840065,0.20514291440221397,resnet32,0.7139,0.706,0.7141673398119482,0.5079604963433336,0.206206843087619,resnet32,0.7119,0.711,0.6900378133339639,0.4881631266114048,0.20187468662731012,31500000.0,0.0,126000000.0,19782000000.0,158256000000.0
resnet32x8_cifar100_K8_dml-seq_seed0005_d001,d001,resnet32:8,cifar100,8,dml,dml-seq,peers,0,0,1.0,p2p,5,200,64,0.1,0.9,0.0005,True,0,60,0.1,1.0,1,,disagreement,1.0,1,0.0,0.5,weight,complete,0.0,0.0,42,0,45000,5000,10000,3760032,sequential,157,0.0010000000000000002,7,1.0,113.05,0.712775,0.002921365263023433,0.7093,0.7186,0.7527,0.03992499999999999,0.7123250000000001,0.751,0.22912857142857143,0.6552231309593318,0.23349999999999999,0.6525012268515024,0.712775,resnet32,0.7093,0.7164,0.7062526788901199,0.49506328654983506,0.21118939346210522,resnet32,0.7149,0.7116,0.7138794342648577,0.5030952140011571,0.21078422011553563,resnet32,0.7108,0.7094,0.7056030110371384,0.49725134759633377,0.20835166159932586,resnet32,0.7107,0.7078,0.7014500307003882,0.49415748833086004,0.20729254093021154,resnet32,0.7186,0.713,0.69107895987955,0.48516275886107574,0.20591620017181744,resnet32,0.7144,0.7136,0.7050081529993225,0.4996166208081625,0.20539153231815857,resnet32,0.7133,0.716,0.7126678498038514,0.5063106026500463,0.20635724874128672,resnet32,0.7102,0.7108,0.6874795426953245,0.48674119949679484,0.20073834324086254,31500000.0,0.0,126000000.0,19908000000.0,159264000000.0
resnet32x8_cifar100_K8_dml-seq_seed0005_d001,d001,resnet32:8,cifar100,8,dml,dml-seq,peers,0,0,1.0,p2p,5,200,64,0.1,0.9,0.0005,True,0,60,0.1,1.0,1,,disagreement,1.0,1,0.0,0.5,weight,complete,0.0,0.0,42,0,45000,5000,10000,3760032,sequential,158,0.0010000000000000002,7,1.0,105.96,0.715325,0.001903779136349581,0.7113,0.7176,0.7553,0.03997499999999998,0.7134,0.7578,0.22620000000000004,0.6592374781249282,0.23023571428571424,0.6590116825296909,0.715325,resnet32,0.7113,0.718,0.7058719705197621,0.4940573103217916,0.21181466074829752,resnet32,0.7166,0.7128,0.7099632355384529,0.4988019805062901,0.21116125405850736,resnet32,0.715,0.7148,0.705089074771174,0.49459017461843113,0.21049890174022454,resnet32,0.7161,0.712,0.7028477709232406,0.49384475812654605,0.20900301381268285,resnet32,0.7176,0.7112,0.6887344710782848,0.48214618929407815,0.20658828150904315,resnet32,0.7159,0.7176,0.7006257792765443,0.49381607394157484,0.2068097047211433,resnet32,0.7135,0.7114,0.7096078606237742,0.5018751105208966,0.2077327503780411,resnet32,0.7166,0.7094,0.6863885307261213,0.48421584721654654,0.20217268492772497,31500000.0,0.0,126000000.0,20034000000.0,160272000000.0
resnet32x8_cifar100_K8_dml-seq_seed0005_d001,d001,resnet32:8,cifar100,8,dml,dml-seq,peers,0,0,1.0,p2p,5,200,64,0.1,0.9,0.0005,True,0,60,0.1,1.0,1,,disagreement,1.0,1,0.0,0.5,weight,complete,0.0,0.0,42,0,45000,5000,10000,3760032,sequential,159,0.0010000000000000002,7,1.0,112.84,0.7114125,0.0025295441783056375,0.7075,0.7146,0.7525,0.041087499999999944,0.711275,0.7532,0.23189285714285712,0.6509976354925209,0.23621071428571425,0.6491669251707511,0.7114125,resnet32,0.7083,0.7166,0.7029032611965456,0.49013665288856084,0.212766607217914,resnet32,0.7096,0.712,0.7107682653956793,0.49856703203510155,0.2122012326832522,resnet32,0.7114,0.7134,0.7026810718869622,0.4924941249191761,0.21018694545438682,resnet32,0.7075,0.712,0.6996317043138499,0.4909744576593353,0.20865724730009044,resnet32,0.7146,0.7068,0.6866558629765429,0.4806362519210035,0.20601960987021978,resnet32,0.7135,0.7124,0.6986100562763485,0.492503699910065,0.20610635695894333,resnet32,0.7142,0.7092,0.7096319789574905,0.5027125019326129,0.2069194779562002,resnet32,0.7122,0.7078,0.6833253115923568,0.481385566230694,0.2019397470655597,31500000.0,0.0,126000000.0,20160000000.0,161280000000.0
resnet32x8_cifar100_K8_dml-seq_seed0005_d001,d001,resnet32:8,cifar100,8,dml,dml-seq,peers,0,0,1.0,p2p,5,200,64,0.1,0.9,0.0005,True,0,60,0.1,1.0,1,,disagreement,1.0,1,0.0,0.5,weight,complete,0.0,0.0,42,0,45000,5000,10000,3760032,sequential,160,0.0010000000000000002,7,1.0,112.6,0.71235,0.0017464249196572706,0.7102,0.7152,0.7541,0.041749999999999954,0.711925,0.7568,0.23249285714285714,0.6503751051045196,0.2352928571428571,0.6551558466898078,0.71235,resnet32,0.714,0.713,0.702593331860209,0.4877193050289696,0.21487402606924827,resnet32,0.7104,0.7094,0.7100229310295121,0.4968599013730206,0.2131630298469893,resnet32,0.7102,0.7122,0.703591778959063,0.4923167599111118,0.21127501771446655,resnet32,0.7138,0.7136,0.7002525404942307,0.48998923548920587,0.2102633054071868,resnet32,0.7128,0.712,0.6876334541223266,0.48028573901815846,0.2073477157814936,resnet32,0.7115,0.7126,0.6976265380243686,0.49044736237688497,0.20717917530882088,resnet32,0.7109,0.7078,0.7082844630137763,0.4999869270250201,0.2082975359887562,resnet32,0.7152,0.7148,0.6840756868266247,0.4803266721692952,0.20374901571565054,31500000.0,0.0,126000000.0,20286000000.0,162288000000.0
resnet32x8_cifar100_K8_dml-seq_seed0005_d001,d001,resnet32:8,cifar100,8,dml,dml-seq,peers,0,0,1.0,p2p,5,200,64,0.1,0.9,0.0005,True,0,60,0.1,1.0,1,,disagreement,1.0,1,0.0,0.5,weight,complete,0.0,0.0,42,0,45000,5000,10000,3760032,sequential,161,0.0010000000000000002,7,1.0,112.19,0.7126625,0.0033637544128547812,0.7083,0.7203,0.7525,0.03983749999999997,0.710025,0.7552,0.23314999999999997,0.6526959811026989,0.2337785714285714,0.6516554142473406,0.7126625,resnet32,0.7131,0.7144,0.7036182843572036,0.4877419889565896,0.21587629468095573,resnet32,0.7133,0.7102,0.7121802104891024,0.4973593512973325,0.21482085842977872,resnet32,0.7083,0.7088,0.7038781996816397,0.4909539836120199,0.2129242163871161,resnet32,0.7102,0.7092,0.7027437443082983,0.4900034399999475,0.2127403051761741,resnet32,0.7203,0.7092,0.6893360769291493,0.4803381612609056,0.2089979159434072,resnet32,0.7109,0.7084,0.7017883232964034,0.4924168905073946,0.20937143240801312,resnet32,0.7139,0.7138,0.7072564944709566,0.49720503512600606,0.2100514586887915,resnet32,0.7113,0.7062,0.6848607337186959,0.48050789162516594,0.20435284285552122,31500000.0,0.0,126000000.0,20412000000.0,163296000000.0
resnet32x8_cifar100_K8_dml-seq_seed0005_d001,d001,resnet32:8,cifar100,8,dml,dml-seq,peers,0,0,1.0,p2p,5,200,64,0.1,0.9,0.0005,True,0,60,0.1,1.0,1,,disagreement,1.0,1,0.0,0.5,weight,complete,0.0,0.0,42,0,45000,5000,10000,3760032,sequential,162,0.0010000000000000002,7,1.0,104.92,0.7123,0.0023515952032609633,0.7095,0.7168,0.7525,0.0401999999999999,0.710875,0.753,0.23097857142857142,0.6530058407625864,0.23270714285714286,0.6561604169507201,0.7123,resnet32,0.7096,0.7118,0.7035065709020604,0.48794962017034943,0.21555695090104232,resnet32,0.7095,0.708,0.7074385626580227,0.4944618092426522,0.21297675320370632,resnet32,0.7111,0.7136,0.6996859256178141,0.4883273844183846,0.2113585414110937,resnet32,0.7127,0.7094,0.6984877007674765,0.487623879939995,0.2108638210179792,resnet32,0.7168,0.713,0.6835891777564856,0.4759578178213401,0.20763135950123382,resnet32,0.7136,0.7174,0.6981822589243,0.4902540961788459,0.20792816327461464,resnet32,0.7142,0.7062,0.7051949178037996,0.4969161846039986,0.2082787332421338,resnet32,0.7109,0.7076,0.6838897400620308,0.4805021510374817,0.2033875888552178,31500000.0,0.0,126000000.0,20538000000.0,164304000000.0
resnet32x8_cifar100_K8_dml-seq_seed0005_d001,d001,resnet32:8,cifar100,8,dml,dml-seq,peers,0,0,1.0,p2p,5,200,64,0.1,0.9,0.0005,True,0,60,0.1,1.0,1,,disagreement,1.0,1,0.0,0.5,weight,complete,0.0,0.0,42,0,45000,5000,10000,3760032,sequential,163,0.0010000000000000002,7,1.0,114.64,0.7133749999999999,0.002203831890140429,0.7085,0.7161,0.7512,0.03782500000000011,0.71365,0.756,0.22860714285714293,0.6543743077845556,0.23032142857142862,0.6555108085364656,0.7133749999999999,resnet32,0.7129,0.7146,0.6970788279802285,0.48034475930035114,0.21673406806605106,resnet32,0.7161,0.714,0.7029573154551062,0.48744389590468595,0.2155134191482582,resnet32,0.7121,0.7122,0.695215146226639,0.4819406689441001,0.2132744773672047,resnet32,0.7085,0.7134,0.694947456306016,0.48256110355511983,0.2123863521370698,resnet32,0.7136,0.7112,0.6824208944612606,0.47184644207697024,0.2105744525112889,resnet32,0.7152,0.7186,0.6929775521751832,0.4836602046535435,0.20931734703481197,resnet32,0.7149,0.712,0.7062556657686152,0.4950734483586116,0.21118221745233645,resnet32,0.7137,0.7132,0.6806301213377579,0.47551707284186373,0.20511304860172624,31500000.0,0.0,126000000.0,20664000000.0,165312000000.0
resnet32x8_cifar100_K8_dml-seq_seed0005_d001,d001,resnet32:8,cifar100,8,dml,dml-seq,peers,0,0,1.0,p2p,5,200,64,0.1,0.9,0.0005,True,0,60,0.1,1.0,1,,disagreement,1.0,1,0.0,0.5,weight,complete,0.0,0.0,42,0,45000,5000,10000,3760032,sequential,164,0.0010000000000000002,7,1.0,104.19,0.7119375,0.0019299854274061109,0.7082,0.7158,0.7517,0.039762500000000034,0.71545,0.756,0.2255714285714286,0.6570911715592603,0.23228571428571426,0.6595368457100043,0.7119375,resnet32,0.7124,0.7134,0.6971611967310309,0.48251880857754836,0.21464238776190375,resnet32,0.7118,0.7162,0.7005130246874284,0.4880142548883503,0.2124987693757496,resnet32,0.7125,0.7176,0.6909428757022728,0.4802058488977226,0.2107370270585472,resnet32,0.7082,0.7132,0.6919496467929672,0.4814924492331391,0.2104571973481639,resnet32,0.7117,0.7122,0.6799506429498169,0.4722764139402319,0.20767422994090753,resnet32,0.7115,0.719,0.6890627766790037,0.4819405764680017,0.20712219922676345,resnet32,0.7158,0.7166,0.7014683619649573,0.4934164972298525,0.20805186507376758,resnet32,0.7116,0.7154,0.6744305411861702,0.47173088613304903,0.20269965543411672,31500000.0,0.0,126000000.0,20790000000.0,166320000000.0
resnet32x8_cifar100_K8_dml-seq_seed0005_d001,d001,resnet32:8,cifar100,8,dml,dml-seq,peers,0,0,1.0,p2p,5,200,64,0.1,0.9,0.0005,True,0,60,0.1,1.0,1,,disagreement,1.0,1,0.0,0.5,weight,complete,0.0,0.0,42,0,45000,5000,10000,3760032,sequential,165,0.0010000000000000002,7,1.0,105.87,0.7139375,0.002292344596695678,0.7102,0.7171,0.756,0.0420625,0.7134750000000001,0.7544,0.22843571428571427,0.6532523003915344,0.2328357142857143,0.6513122302799103,0.7139375,resnet32,0.7102,0.716,0.7026022625663741,0.48455327131192794,0.21804899131794545,resnet32,0.714,0.71,0.7041860928928311,0.4879361744758419,0.21624991942239416,resnet32,0.7171,0.714,0.6969332211989571,0.48248822131956165,0.21444499821783128,resnet32,0.7105,0.7124,0.6969464310360226,0.4831111779521135,0.21383525249124927,resnet32,0.715,0.7198,0.6821794523010877,0.4714196666397832,0.21075978483581406,resnet32,0.7137,0.7176,0.6957039501179348,0.48506058820269327,0.21064336146016352,resnet32,0.7158,0.7084,0.7034782977690074,0.4921109056184915,0.21136739153668962,resnet32,0.7152,0.7096,0.6792705388401042,0.4744521385185759,0.20481840155976402,31500000.0,0.0,126000000.0,20916000000.0,167328000000.0
resnet32x8_cifar100_K8_dml-seq_seed0005_d001,d001,resnet32:8,cifar100,8,dml,dml-seq,peers,0,0,1.0,p2p,5,200,64,0.1,0.9,0.0005,True,0,60,0.1,1.0,1,,disagreement,1.0,1,0.0,0.5,weight,complete,0.0,0.0,42,0,45000,5000,10000,3760032,sequential,166,0.0010000000000000002,7,1.0,106.73,0.71275,0.001166190378969053,0.7114,0.7145,0.7524,0.03964999999999996,0.7102250000000001,0.7526,0.23033571428571428,0.6548825996297853,0.2343178571428571,0.6517369463515622,0.71275,resnet32,0.7114,0.711,0.694276822688566,0.4765713312663138,0.21770549171858214,resnet32,0.7117,0.7112,0.7033838099292056,0.4862410661933774,0.21714274373582818,resnet32,0.7131,0.7112,0.6949693006040021,0.4792755310508338,0.21569376942616972,resnet32,0.7139,0.712,0.6900709387846291,0.47712960923937237,0.21294132871976632,resnet32,0.7115,0.7088,0.6787995696914467,0.4685993160290474,0.21020025347190147,resnet32,0.712,0.7122,0.6880903589031235,0.4777318343774162,0.21035852530886504,resnet32,0.7139,0.7056,0.6991074314679612,0.48832501568408176,0.21078241629187355,resnet32,0.7145,0.7098,0.6756445811214772,0.4700057671659372,0.20563881287605248,31500000.0,0.0,126000000.0,21042000000.0,168336000000.0
resnet32x8_cifar100_K8_dml-seq_seed0005_d001,d001,resnet32:8,cifar100,8,dml,dml-seq,peers,0,0,1.0,p2p,5,200,64,0.1,0.9,0.0005,True,0,60,0.1,1.0,1,,disagreement,1.0,1,0.0,0.5,weight,complete,0.0,0.0,42,0,45000,5000,10000,3760032,sequential,167,0.0010000000000000002,7,1.0,103.69,0.7117625,0.0020099362552080937,0.7074,0.7142,0.7517,0.03993750000000007,0.7104,0.751,0.23265000000000005,0.6520171782937857,0.23527499999999998,0.6511672157036319,0.7117625,resnet32,0.7142,0.7148,0.69137311197648,0.473404490748759,0.21796862069856038,resnet32,0.7127,0.712,0.6961578237824142,0.4792084730314938,0.2169493506874212,resnet32,0.7119,0.708,0.6946878064931794,0.47916952952403913,0.2155182770538059,resnet32,0.7074,0.7074,0.6872358935546469,0.4732781923376024,0.2139577003703876,resnet32,0.7133,0.7108,0.67572795688598,0.46509862659414386,0.21062932957217775,resnet32,0.7104,0.7122,0.6878583247096024,0.47746140145781363,0.2103969237809493,resnet32,0.7131,0.7128,0.6967477407306433,0.4855358874509958,0.21121185359714384,resnet32,0.7111,0.7052,0.674317619932646,0.46823272919705644,0.20608488959260285,31500000.0,0.0,126000000.0,21168000000.0,169344000000.0
resnet32x8_cifar100_K8_dml-seq_seed0005_d001,d001,resnet32:8,cifar100,8,dml,dml-seq,peers,0,0,1.0,p2p,5,200,64,0.1,0.9,0.0005,True,0,60,0.1,1.0,1,,disagreement,1.0,1,0.0,0.5,weight,complete,0.0,0.0,42,0,45000,5000,10000,3760032,sequential,168,0.0010000000000000002,7,1.0,107.04,0.7101250000000001,0.0028704311522835977,0.705,0.7153,0.7501,0.03997499999999987,0.710025,0.7544,0.23364285714285718,0.6543062025780306,0.2375,0.6481450566357286,0.7101250000000001,resnet32,0.7091,0.7118,0.694022320126268,0.4741968956606632,0.21982542412694206,resnet32,0.7102,0.7068,0.6995934813114052,0.48177883738059213,0.2178146435921504,resnet32,0.7113,0.7108,0.6961608550680632,0.4800798162733289,0.21608104002238673,resnet32,0.705,0.707,0.6862036386420104,0.471920954677361,0.2142826848324727,resnet32,0.7113,0.7088,0.676062145058743,0.4647871896158904,0.2112749547020278,resnet32,0.7114,0.717,0.6853259790434756,0.4745212398596447,0.21080473878166892,resnet32,0.7153,0.7106,0.6968442238867283,0.48449081034314906,0.21235341428440402,resnet32,0.7074,0.7074,0.6705371905964884,0.4642565690234981,0.2062806221444837,31500000.0,0.0,126000000.0,21294000000.0,170352000000.0
resnet32x8_cifar100_K8_dml-seq_seed0005_d001,d001,resnet32:8,cifar100,8,dml,dml-seq,peers,0,0,1.0,p2p,5,200,64,0.1,0.9,0.0005,True,0,60,0.1,1.0,1,,disagreement,1.0,1,0.0,0.5,weight,complete,0.0,0.0,42,0,45000,5000,10000,3760032,sequential,169,0.0010000000000000002,7,1.0,112.67,0.7156374999999999,0.0033342680980988837,0.7114,0.7238,0.7551,0.03946250000000007,0.7133,0.7586,0.22985000000000003,0.6558616213354841,0.2321785714285714,0.6513942615486453,0.7156374999999999,resnet32,0.7148,0.7126,0.6944986618631943,0.4743102236693217,0.22018843768587845,resnet32,0.7154,0.713,0.6973897881636565,0.4784858825150877,0.21890390547923744,resnet32,0.7114,0.7106,0.6907388211481951,0.4739260186906904,0.21681280290199953,resnet32,0.716,0.709,0.6935183864764192,0.47702845270660793,0.21648993351581422,resnet32,0.7238,0.7164,0.6754597748037089,0.4634335938079113,0.21202617985281078,resnet32,0.7147,0.7162,0.6872581261718138,0.4748504599132998,0.21240766570818695,resnet32,0.7145,0.7178,0.6944300441748716,0.48223796901716426,0.21219207615252922,resnet32,0.7145,0.7108,0.6709088572216305,0.46417813053862617,0.20673072691583497,31500000.0,0.0,126000000.0,21420000000.0,171360000000.0
resnet32x8_cifar100_K8_dml-seq_seed0005_d001,d001,resnet32:8,cifar100,8,dml,dml-seq,peers,0,0,1.0,p2p,5,200,64,0.1,0.9,0.0005,True,0,60,0.1,1.0,1,,disagreement,1.0,1,0.0,0.5,weight,complete,0.0,0.0,42,0,45000,5000,10000,3760032,sequential,170,0.0010000000000000002,7,1.0,110.74,0.7136,0.0025288337232803764,0.711,0.7184,0.7559,0.042300000000000004,0.712675,0.751,0.2299785714285714,0.6589627210046497,0.23511071428571428,0.6488727203642908,0.7136,resnet32,0.711,0.7154,0.6949497084979984,0.47412296575070784,0.2208267423027957,resnet32,0.7111,0.7154,0.7002757954495874,0.48134798336435447,0.2189278131647205,resnet32,0.7121,0.7098,0.6924406987276267,0.4751870934428139,0.21725360515781425,resnet32,0.7136,0.7056,0.6885876681824977,0.4724376092622565,0.21615005924832076,resnet32,0.7184,0.7136,0.677533252842047,0.4648316553370519,0.21270159731449728,resnet32,0.7127,0.7184,0.6853466737084091,0.47333065361123194,0.2120160203511742,resnet32,0.717,0.7134,0.6965876924805343,0.48333276875994424,0.21325492475774477,resnet32,0.7129,0.7098,0.6703793196092275,0.4630580920810727,0.20732122773981906,31500000.0,0.0,126000000.0,21546000000.0,172368000000.0
resnet32x8_cifar100_K8_dml-seq_seed0005_d001,d001,resnet32:8,cifar100,8,dml,dml-seq,peers,0,0,1.0,p2p,5,200,64,0.1,0.9,0.0005,True,0,60,0.1,1.0,1,,disagreement,1.0,1,0.0,0.5,weight,complete,0.0,0.0,42,0,45000,5000,10000,3760032,sequential,171,0.0010000000000000002,7,1.0,104.92,0.7100875,0.0015535745073861217,0.7083,0.7133,0.7525,0.042412499999999964,0.7098,0.752,0.2349857142857143,0.650241700894825,0.23744642857142856,0.6473772465372792,0.7100875,resnet32,0.7083,0.7102,0.690583875191144,0.4698307513767345,0.22075312381440942,resnet32,0.7092,0.7086,0.695824004328725,0.47669188722714106,0.21913211805407296,resnet32,0.7096,0.7114,0.6895277048884467,0.4725033340509981,0.21702437098561364,resnet32,0.7089,0.708,0.687090009831908,0.4706490152007477,0.21644099520265378,resnet32,0.7133,0.7154,0.6720919529907405,0.45976882902058686,0.21232312426648356,resnet32,0.7109,0.7076,0.684154604265297,0.47214841963299975,0.21200618384913963,resnet32,0.7114,0.7084,0.6935413431968879,0.4807530857664956,0.21278825785372069,resnet32,0.7091,0.7088,0.6713617408055473,0.4632381536489861,0.20812358882870863,31500000.0,0.0,126000000.0,21672000000.0,173376000000.0
resnet32x8_cifar100_K8_dml-seq_seed0005_d001,d001,resnet32:8,cifar100,8,dml,dml-seq,peers,0,0,1.0,p2p,5,200,64,0.1,0.9,0.0005,True,0,60,0.1,1.0,1,,disagreement,1.0,1,0.0,0.5,weight,complete,0.0,0.0,42,0,45000,5000,10000,3760032,sequential,172,0.0010000000000000002,7,1.0,111.51,0.7153499999999999,0.001347219358530732,0.7136,0.7178,0.7564,0.04105000000000003,0.712825,0.7544,0.23144285714285712,0.6513091803982018,0.23645357142857143,0.6454677036751492,0.7153499999999999,resnet32,0.7162,0.7112,0.6829064761034467,0.462968627625907,0.2199378473345529,resnet32,0.7143,0.7132,0.6900382421656766,0.4708162340420214,0.21922200803898953,resnet32,0.7168,0.7122,0.6853249693628062,0.4679947394708341,0.21733022898181595,resnet32,0.7136,0.7146,0.679388939826326,0.4642466544385322,0.2151422847739675,resnet32,0.7178,0.7108,0.6646086403422735,0.45217279372313485,0.21243584583598105,resnet32,0.7144,0.7148,0.6748339506289498,0.46379114585843956,0.2110428051515059,resnet32,0.7146,0.7146,0.6877100657333027,0.4743140513204377,0.21339601525952193,resnet32,0.7151,0.7112,0.6631667319769886,0.4563182702457363,0.2068484629377384,31500000.0,0.0,126000000.0,21798000000.0,174384000000.0
resnet32x8_cifar100_K8_dml-seq_seed0005_d001,d001,resnet32:8,cifar100,8,dml,dml-seq,peers,0,0,1.0,p2p,5,200,64,0.1,0.9,0.0005,True,0,60,0.1,1.0,1,,disagreement,1.0,1,0.0,0.5,weight,complete,0.0,0.0,42,0,45000,5000,10000,3760032,sequential,173,0.0010000000000000002,7,1.0,105.13,0.71475,0.0019704060495238057,0.7121,0.7188,0.7547,0.03995000000000004,0.71315,0.7562,0.23247142857142852,0.6461692070027738,0.23458214285714288,0.6484692290093135,0.71475,resnet32,0.7121,0.7146,0.6821001705459573,0.4614071974276819,0.22069297360510312,resnet32,0.7138,0.7076,0.6860928024503995,0.4673661146397618,0.21872668774713847,resnet32,0.7145,0.7134,0.6787616675296291,0.46293793309649284,0.21582373384047637,resnet32,0.7155,0.7106,0.6779386434196071,0.4619529881006615,0.21598565485328436,resnet32,0.7188,0.7132,0.6677756045775657,0.4545389328956265,0.21323667183010417,resnet32,0.7162,0.7204,0.6803946838798848,0.4673004101284526,0.2130942745769227,resnet32,0.7128,0.7144,0.6844127490185201,0.47227835572663357,0.21213439282622526,resnet32,0.7143,0.711,0.6625345378944819,0.4550786158916625,0.20745592323047193,31500000.0,0.0,126000000.0,21924000000.0,175392000000.0
resnet32x8_cifar100_K8_dml-seq_seed0005_d001,d001,resnet32:8,cifar100,8,dml,dml-seq,peers,0,0,1.0,p2p,5,200,64,0.1,0.9,0.0005,True,0,60,0.1,1.0,1,,disagreement,1.0,1,0.0,0.5,weight,complete,0.0,0.0,42,0,45000,5000,10000,3760032,sequential,174,0.0010000000000000002,7,1.0,106.97,0.71295,0.002923610781208762,0.7091,0.7194,0.7563,0.04335,0.71055,0.7528,0.23175714285714286,0.6507287745351957,0.2369571428571428,0.6442095980308069,0.71295,resnet32,0.7136,0.7084,0.6838328255848451,0.4614860316188159,0.22234679296062412,resnet32,0.7091,0.7074,0.6928140859288926,0.47193525822579185,0.22087882717394017,resnet32,0.7147,0.7126,0.6830168952742084,0.46414709389633074,0.2188698015683754,resnet32,0.7106,0.7074,0.6804794912988489,0.4636721388987181,0.21680735386061398,resnet32,0.7194,0.715,0.6655024037357758,0.45251640768467705,0.21298599518327552,resnet32,0.7126,0.7128,0.675526037515903,0.4620152507188984,0.21351078683933752,resnet32,0.7121,0.7106,0.6869562389329076,0.4733677907338874,0.2135884480085224,resnet32,0.7115,0.7102,0.6660734961571341,0.4580620306713337,0.20801146680870178,31500000.0,0.0,126000000.0,22050000000.0,176400000000.0
resnet32x8_cifar100_K8_dml-seq_seed0005_d001,d001,resnet32:8,cifar100,8,dml,dml-seq,peers,0,0,1.0,p2p,5,200,64,0.1,0.9,0.0005,True,0,60,0.1,1.0,1,,disagreement,1.0,1,0.0,0.5,weight,complete,0.0,0.0,42,0,45000,5000,10000,3760032,sequential,175,0.0010000000000000002,7,1.0,105.59,0.7118375,0.002425869689410373,0.7082,0.7159,0.7543,0.04246249999999996,0.708,0.7492,0.2372214285714286,0.6513006756632661,0.23988571428571429,0.6434737379170958,0.7118375,resnet32,0.7117,0.7036,0.6815162102099169,0.4591588797894391,0.22235732883299617,resnet32,0.7159,0.7054,0.6884971838867799,0.4677313311152499,0.22076585198837248,resnet32,0.7082,0.71,0.6815790840509263,0.46301539293067023,0.21856369021009991,resnet32,0.709,0.7072,0.6753403149460527,0.4585743368052962,0.21676597712476822,resnet32,0.7145,0.708,0.6631674802100117,0.44958321199837054,0.21358426895246588,resnet32,0.7106,0.714,0.673537838653746,0.46128540447997773,0.21225243362344123,resnet32,0.7125,0.706,0.6829432238909331,0.46968441090377216,0.2132588120981712,resnet32,0.7123,0.7098,0.6605390451255847,0.4527149087410759,0.20782413604584607,31500000.0,0.0,126000000.0,22176000000.0,177408000000.0
resnet32x8_cifar100_K8_dml-seq_seed0005_d001,d001,resnet32:8,cifar100,8,dml,dml-seq,peers,0,0,1.0,p2p,5,200,64,0.1,0.9,0.0005,True,0,60,0.1,1.0,1,,disagreement,1.0,1,0.0,0.5,weight,complete,0.0,0.0,42,0,45000,5000,10000,3760032,sequential,176,0.0010000000000000002,7,1.0,106.5,0.7119875,0.0023127026938195164,0.7067,0.7144,0.7572,0.04521249999999999,0.709825,0.7536,0.234,0.6521575923434151,0.23884285714285716,0.6469642802010896,0.7119875,resnet32,0.7067,0.7074,0.6843590691516345,0.46028597138568084,0.22407309816811571,resnet32,0.7136,0.7116,0.6886100359261036,0.46765918405303225,0.2209508528890596,resnet32,0.712,0.7082,0.6862309863367542,0.46585902969606896,0.220371957635507,resnet32,0.7115,0.7084,0.6795621150681241,0.46125461569648574,0.21830749829215082,resnet32,0.7144,0.7104,0.6675728921439837,0.4525961098684506,0.21497678197920322,resnet32,0.7144,0.71,0.6739660030315545,0.45994494637389755,0.214021056255495,resnet32,0.7119,0.7074,0.6839832599613477,0.4704560103021901,0.21352724902416495,resnet32,0.7114,0.7152,0.6623855755156414,0.4539762719915333,0.20840930403210223,31500000.0,0.0,126000000.0,22302000000.0,178416000000.0
resnet32x8_cifar100_K8_dml-seq_seed0005_d001,d001,resnet32:8,cifar100,8,dml,dml-seq,peers,0,0,1.0,p2p,5,200,64,0.1,0.9,0.0005,True,0,60,0.1,1.0,1,,disagreement,1.0,1,0.0,0.5,weight,complete,0.0,0.0,42,0,45000,5000,10000,3760032,sequential,177,0.0010000000000000002,7,1.0,113.37,0.7135875,0.0030213562765751276,0.7098,0.718,0.7554,0.04181249999999992,0.71275,0.7572,0.23605714285714288,0.6434524887435856,0.23975357142857145,0.6420432870513118,0.7135875,resnet32,0.7123,0.711,0.6868019964630631,0.4609297390349887,0.22587225715291093,resnet32,0.7179,0.7148,0.6949163553389636,0.47076016444374214,0.22415619167837908,resnet32,0.7156,0.7134,0.683602515438741,0.46197604364715517,0.22162647198208354,resnet32,0.7098,0.7138,0.6810187626714733,0.46139048801904375,0.21962827524508943,resnet32,0.718,0.7142,0.6679597859355536,0.45065710543316195,0.21730268060822377,resnet32,0.7116,0.7162,0.682358780875802,0.4650511725975031,0.21730760868046095,resnet32,0.7103,0.7084,0.6871834641999819,0.47068008075637574,0.2165033831049434,resnet32,0.7132,0.7102,0.6649198414419185,0.4539976611691104,0.21092218042097308,31500000.0,0.0,126000000.0,22428000000.0,179424000000.0
resnet32x8_cifar100_K8_dml-seq_seed0005_d001,d001,resnet32:8,cifar100,8,dml,dml-seq,peers,0,0,1.0,p2p,5,200,64,0.1,0.9,0.0005,True,0,60,0.1,1.0,1,,disagreement,1.0,1,0.0,0.5,weight,complete,0.0,0.0,42,0,45000,5000,10000,3760032,sequential,178,0.0010000000000000002,7,1.0,105.37,0.7153125,0.0019335443491164095,0.7121,0.7182,0.7558,0.04048750000000001,0.713075,0.7594,0.2323785714285714,0.650730952888468,0.236525,0.6438639175203514,0.7153125,resnet32,0.7121,0.7092,0.687881000847979,0.4603562640788203,0.22752473623999817,resnet32,0.7168,0.7104,0.6950484893538735,0.46871640330011194,0.22633208677341993,resnet32,0.7161,0.7124,0.6827292115088891,0.4588869550180706,0.2238422573798082,resnet32,0.7149,0.716,0.6826308883133937,0.46017924848605285,0.22245164086449554,resnet32,0.7182,0.7166,0.6711763516068459,0.45289826376194303,0.21827808788723566,resnet32,0.7169,0.7166,0.6794648054479198,0.46209911047481,0.2173656953752718,resnet32,0.7144,0.7144,0.6878115063194524,0.4700283532200212,0.21778315350159325,resnet32,0.7131,0.709,0.6631858833980832,0.45111703246154566,0.2120688510847024,31500000.0,0.0,126000000.0,22554000000.0,180432000000.0
resnet32x8_cifar100_K8_dml-seq_seed0005_d001,d001,resnet32:8,cifar100,8,dml,dml-seq,peers,0,0,1.0,p2p,5,200,64,0.1,0.9,0.0005,True,0,60,0.1,1.0,1,,disagreement,1.0,1,0.0,0.5,weight,complete,0.0,0.0,42,0,45000,5000,10000,3760032,sequential,179,0.0010000000000000002,7,1.0,105.46,0.7111875000000001,0.002158377573549152,0.7077,0.7139,0.7575,0.04631249999999987,0.709975,0.7514,0.2363142857142857,0.650742817438996,0.2415035714285714,0.6412337331840606,0.7111875000000001,resnet32,0.7097,0.7124,0.6830539554780857,0.4575850034809925,0.22546895254742017,resnet32,0.7116,0.7078,0.6901743033562194,0.4668274864300408,0.22334681686267935,resnet32,0.7077,0.7118,0.6812975974753499,0.4594490905080668,0.22184850777160714,resnet32,0.7139,0.7092,0.6810403938659213,0.4603106414645233,0.22072975263422864,resnet32,0.7103,0.7128,0.6637411465106363,0.44733134036968375,0.2164098061621189,resnet32,0.7131,0.7134,0.6749923429875211,0.4592820565554906,0.2157102869823575,resnet32,0.7139,0.7052,0.685000959360464,0.46791812688620255,0.21708283266475933,resnet32,0.7093,0.7072,0.6591030614111911,0.4488224382088943,0.21028062256730415,31500000.0,0.0,126000000.0,22680000000.0,181440000000.0
resnet32x8_cifar100_K8_dml-seq_seed0005_d001,d001,resnet32:8,cifar100,8,dml,dml-seq,peers,0,0,1.0,p2p,5,200,64,0.1,0.9,0.0005,True,0,60,0.1,1.0,1,,disagreement,1.0,1,0.0,0.5,weight,complete,0.0,0.0,42,0,45000,5000,10000,3760032,sequential,180,0.00010000000000000003,7,1.0,105.36,0.7137875,0.0019277172380823921,0.711,0.7165,0.7551,0.041312499999999974,0.711325,0.7536,0.22947857142857148,0.6603281000412178,0.23278214285714288,0.6570776360645295,0.7137875,resnet32,0.716,0.7152,0.6331006775779481,0.42722377767363057,0.20587689950215546,resnet32,0.7165,0.7108,0.6393459710207853,0.43366022128611803,0.20568575108931822,resnet32,0.7129,0.7118,0.6335699652660299,0.42711451040072873,0.2064554545901377,resnet32,0.7125,0.711,0.6335537336258725,0.4268210547637533,0.20673267795196312,resnet32,0.716,0.7112,0.6262107854285701,0.42011646035296674,0.20609432729807767,resnet32,0.711,0.7126,0.6372753981585529,0.429153500167145,0.20812189898622985,resnet32,0.7127,0.7092,0.6481826856563037,0.43765087690289045,0.21053180904974314,resnet32,0.7127,0.7088,0.6301529465073888,0.42265908885747194,0.20749385775574905,31500000.0,0.0,126000000.0,22806000000.0,182448000000.0
resnet32x8_cifar100_K8_dml-seq_seed0005_d001,d001,resnet32:8,cifar100,8,dml,dml-seq,peers,0,0,1.0,p2p,5,200,64,0.1,0.9,0.0005,True,0,60,0.1,1.0,1,,disagreement,1.0,1,0.0,0.5,weight,complete,0.0,0.0,42,0,45000,5000,10000,3760032,sequential,181,0.00010000000000000003,7,1.0,105.53,0.7186,0.0010805091392487069,0.7174,0.7206,0.7579,0.0393,0.714775,0.7584,0.22795714285714289,0.6584613737736225,0.22931071428571426,0.6553741784840117,0.7186,resnet32,0.7174,0.7144,0.6176589069549333,0.4197418197396804,0.19791708592410115,resnet32,0.7192,0.7162,0.6234514154917137,0.425248783886094,0.1982026310870424,resnet32,0.7181,0.7154,0.6177245943214406,0.4187459131194787,0.19897868031297217,resnet32,0.7192,0.719,0.6188985114409165,0.41906461301683023,0.1998338986675001,resnet32,0.7206,0.7146,0.6083791072649712,0.4098967905579643,0.19848231638951058,resnet32,0.7193,0.7178,0.6193964406001297,0.41812923351641407,0.2012672073271295,resnet32,0.7176,0.7114,0.6318266111510721,0.42884278775785456,0.20298382289580663,resnet32,0.7174,0.7094,0.6138847074048086,0.4140553798060864,0.19982932766222142,31500000.0,0.0,126000000.0,22932000000.0,183456000000.0
resnet32x8_cifar100_K8_dml-seq_seed0005_d001,d001,resnet32:8,cifar100,8,dml,dml-seq,peers,0,0,1.0,p2p,5,200,64,0.1,0.9,0.0005,True,0,60,0.1,1.0,1,,disagreement,1.0,1,0.0,0.5,weight,complete,0.0,0.0,42,0,45000,5000,10000,3760032,sequential,182,0.00010000000000000003,7,1.0,104.22,0.7196125,0.00244358215536126,0.7157,0.7235,0.7592,0.0395875,0.7178,0.7588,0.22747142857142852,0.6561745372774875,0.23153571428571423,0.6473745084803435,0.7196125,resnet32,0.7207,0.7162,0.6124164404093542,0.41563128387894144,0.19678515653041276,resnet32,0.7164,0.7174,0.6223977998068387,0.42443647498095577,0.19796132409564135,resnet32,0.7195,0.7198,0.6171035327609967,0.41922374590384687,0.19787978689948266,resnet32,0.7193,0.7156,0.6170727634294466,0.4181397947144102,0.19893296776254746,resnet32,0.7235,0.7204,0.6076600568115034,0.4100079050033607,0.19765215234788644,resnet32,0.722,0.7188,0.6195581869476221,0.42021155679090455,0.19934662896081468,resnet32,0.7198,0.717,0.6292091303251006,0.42727639322931116,0.20193273682062599,resnet32,0.7157,0.7172,0.6121409400366247,0.41283075602471153,0.1993101829218424,31500000.0,0.0,126000000.0,23058000000.0,184464000000.0
resnet32x8_cifar100_K8_dml-seq_seed0005_d001,d001,resnet32:8,cifar100,8,dml,dml-seq,peers,0,0,1.0,p2p,5,200,64,0.1,0.9,0.0005,True,0,60,0.1,1.0,1,,disagreement,1.0,1,0.0,0.5,weight,complete,0.0,0.0,42,0,45000,5000,10000,3760032,sequential,183,0.00010000000000000003,7,1.0,105.96,0.7178374999999999,0.00193903165265554,0.7142,0.7207,0.7557,0.03786250000000013,0.716275,0.7566,0.22315,0.6616036167238031,0.22697499999999998,0.6584553092616352,0.7178374999999999,resnet32,0.7175,0.7122,0.6054567410610616,0.4115316940429197,0.1939250458751551,resnet32,0.7166,0.7182,0.6131008046848531,0.4180796275931326,0.195021175715903,resnet32,0.7193,0.7178,0.6109878170219335,0.41599925031716173,0.19498856731859798,resnet32,0.7142,0.7162,0.6098390059037642,0.4136256240519949,0.19621338085694748,resnet32,0.7195,0.7164,0.6027447430162944,0.4069234337869354,0.19582130963152106,resnet32,0.7207,0.7182,0.611232128798623,0.4141097737645561,0.1971223544943231,resnet32,0.7184,0.7168,0.6256438228301704,0.42587773709303955,0.19976608679545196,resnet32,0.7165,0.7144,0.6071309858340431,0.4106132153590972,0.19651777085594155,31500000.0,0.0,126000000.0,23184000000.0,185472000000.0
resnet32x8_cifar100_K8_dml-seq_seed0005_d001,d001,resnet32:8,cifar100,8,dml,dml-seq,peers,0,0,1.0,p2p,5,200,64,0.1,0.9,0.0005,True,0,60,0.1,1.0,1,,disagreement,1.0,1,0.0,0.5,weight,complete,0.0,0.0,42,0,45000,5000,10000,3760032,sequential,184,0.00010000000000000003,7,1.0,100.31,0.717575,0.002132926393479179,0.7148,0.7204,0.7581,0.04052500000000003,0.717975,0.7608,0.22818571428571427,0.6489684737667195,0.23322142857142855,0.6509554243812288,0.717575,resnet32,0.7161,0.719,0.6036162493665788,0.4096423679412427,0.19397388174283234,resnet32,0.7194,0.7164,0.612819539594718,0.4176680512980304,0.19515148860360074,resnet32,0.7199,0.717,0.6089232723567296,0.4137391109781509,0.19518416094466706,resnet32,0.7151,0.7196,0.6088150388307192,0.41217276953499427,0.1966422694333067,resnet32,0.7204,0.7246,0.5982714294117283,0.403178835330023,0.19509259500244464,resnet32,0.7188,0.7198,0.612454539376565,0.4154105710966343,0.1970439694546671,resnet32,0.7148,0.7148,0.6209867018782957,0.4220469083467668,0.19893979450518434,resnet32,0.7161,0.7126,0.6034060044806789,0.40789116521111946,0.19551483935422517,31500000.0,0.0,126000000.0,23310000000.0,186480000000.0
resnet32x8_cifar100_K8_dml-seq_seed0005_d001,d001,resnet32:8,cifar100,8,dml,dml-seq,peers,0,0,1.0,p2p,5,200,64,0.1,0.9,0.0005,True,0,60,0.1,1.0,1,,disagreement,1.0,1,0.0,0.5,weight,complete,0.0,0.0,42,0,45000,5000,10000,3760032,sequential,185,0.00010000000000000003,7,1.0,101.01,0.7185874999999999,0.001929013672839053,0.7162,0.7229,0.7553,0.03671250000000004,0.717875,0.7602,0.22522857142857147,0.6557191514049913,0.23065714285714284,0.6503502661588486,0.7185874999999999,resnet32,0.7162,0.7198,0.6019925323568962,0.408176081890071,0.19381645053032448,resnet32,0.7193,0.715,0.6076639996502887,0.41333520211364055,0.1943287973884832,resnet32,0.7229,0.7224,0.6043769086033783,0.4108593349175697,0.19351757370697503,resnet32,0.7175,0.7156,0.6045098574408754,0.4101693841247735,0.1943404732526026,resnet32,0.7187,0.721,0.5976089263250205,0.40298753942955623,0.19462138712829488,resnet32,0.719,0.7176,0.6063236194578084,0.4114112485919825,0.19491237083407628,resnet32,0.7184,0.7192,0.6169391536492516,0.42007163556461985,0.19686751774596897,resnet32,0.7167,0.7124,0.5980014457706023,0.4026226631831378,0.19537878254513172,31500000.0,0.0,126000000.0,23436000000.0,187488000000.0
resnet32x8_cifar100_K8_dml-seq_seed0005_d001,d001,resnet32:8,cifar100,8,dml,dml-seq,peers,0,0,1.0,p2p,5,200,64,0.1,0.9,0.0005,True,0,60,0.1,1.0,1,,disagreement,1.0,1,0.0,0.5,weight,complete,0.0,0.0,42,0,45000,5000,10000,3760032,sequential,186,0.00010000000000000003,7,1.0,105.28,0.719375,0.0020425168297960312,0.7148,0.7214,0.7591,0.03972500000000001,0.718575,0.757,0.22601428571428572,0.6539827907417264,0.23171428571428576,0.6489333004912535,0.719375,resnet32,0.719,0.7216,0.6038302413018589,0.4099807728462937,0.19384946843439882,resnet32,0.7189,0.717,0.609776668165895,0.41544094649990176,0.19433572124266488,resnet32,0.7214,0.7198,0.604419397528876,0.4103953739289533,0.19402402359992266,resnet32,0.7213,0.7192,0.6047929853031581,0.40961735558018764,0.19517562972297045,resnet32,0.7202,0.7194,0.5971023953858424,0.4028612386477603,0.19424115722490984,resnet32,0.721,0.7222,0.6080174575221132,0.41287148803133855,0.19514596989293667,resnet32,0.7148,0.7146,0.6175210027193482,0.4195842710323632,0.197936732491309,resnet32,0.7184,0.7148,0.6023150692609224,0.4064012275246734,0.19591384213841098,31500000.0,0.0,126000000.0,23562000000.0,188496000000.0
resnet32x8_cifar100_K8_dml-seq_seed0005_d001,d001,resnet32:8,cifar100,8,dml,dml-seq,peers,0,0,1.0,p2p,5,200,64,0.1,0.9,0.0005,True,0,60,0.1,1.0,1,,disagreement,1.0,1,0.0,0.5,weight,complete,0.0,0.0,42,0,45000,5000,10000,3760032,sequential,187,0.00010000000000000003,7,1.0,102.04,0.7178125,0.0021525783957849235,0.7151,0.7214,0.758,0.04018750000000004,0.7148,0.7578,0.2304357142857143,0.6508417001268609,0.23207142857142854,0.6531647866183821,0.7178125,resnet32,0.7177,0.7152,0.5996239404617385,0.4070947745984251,0.1925291656304828,resnet32,0.7176,0.7094,0.6076934060335837,0.4146250707774677,0.19306833518203348,resnet32,0.7212,0.719,0.6016788154163144,0.40889289882034063,0.19278591614089569,resnet32,0.7163,0.712,0.599411187608811,0.406042386629534,0.1933688014026054,resnet32,0.7214,0.7198,0.5928249533965506,0.4002988197925416,0.19252613324417986,resnet32,0.7164,0.7178,0.6044485817917369,0.40981434645469894,0.19463423513595693,resnet32,0.7168,0.7116,0.6177377413365651,0.42017748105255043,0.19756026134233584,resnet32,0.7151,0.7136,0.5979540977119044,0.4042044658086855,0.193749632506462,31500000.0,0.0,126000000.0,23688000000.0,189504000000.0
resnet32x8_cifar100_K8_dml-seq_seed0005_d001,d001,resnet32:8,cifar100,8,dml,dml-seq,peers,0,0,1.0,p2p,5,200,64,0.1,0.9,0.0005,True,0,60,0.1,1.0,1,,disagreement,1.0,1,0.0,0.5,weight,complete,0.0,0.0,42,0,45000,5000,10000,3760032,sequential,188,0.00010000000000000003,7,1.0,101.59,0.7180375,0.0023669270690074096,0.7142,0.7221,0.7569,0.03886250000000002,0.71705,0.7596,0.22599999999999998,0.6561536056307211,0.2294321428571429,0.6552440861613161,0.7180375,resnet32,0.7157,0.714,0.6044646512971006,0.4107034387998283,0.19376121230677448,resnet32,0.7196,0.7162,0.6124228953214531,0.41826188119805674,0.1941610143562271,resnet32,0.7192,0.7204,0.6072235890579495,0.4123071491167965,0.19491644090422514,resnet32,0.7178,0.718,0.6062360250137069,0.41091452014039864,0.1953215051908046,resnet32,0.7221,0.7208,0.6001457323066213,0.40533314185979014,0.19481258998116988,resnet32,0.7193,0.7204,0.6099061256867241,0.41347876948897133,0.19642735739365558,resnet32,0.7164,0.7136,0.6201176280155778,0.42154834815301,0.19856927995781667,resnet32,0.7142,0.713,0.6021243088709359,0.40729439906267956,0.19482991060199725,31500000.0,0.0,126000000.0,23814000000.0,190512000000.0
resnet32x8_cifar100_K8_dml-seq_seed0005_d001,d001,resnet32:8,cifar100,8,dml,dml-seq,peers,0,0,1.0,p2p,5,200,64,0.1,0.9,0.0005,True,0,60,0.1,1.0,1,,disagreement,1.0,1,0.0,0.5,weight,complete,0.0,0.0,42,0,45000,5000,10000,3760032,sequential,189,0.00010000000000000003,7,1.0,99.97,0.7197625,0.0019006166762395797,0.7173,0.7236,0.7588,0.03903750000000006,0.718525,0.7596,0.22849285714285714,0.6501228482721354,0.23004285714285716,0.6538867178104594,0.7197625,resnet32,0.7188,0.7204,0.6009123804555698,0.4071316702333702,0.1937807105291127,resnet32,0.7188,0.719,0.6069647186774422,0.41357529550706124,0.19338942402762108,resnet32,0.7236,0.7196,0.6035177839327265,0.4094905256590044,0.19402725821022282,resnet32,0.7199,0.718,0.6009202928028323,0.4065581715919755,0.19436212059703062,resnet32,0.7212,0.716,0.5902625036171891,0.39695668645965104,0.19330581626854837,resnet32,0.7206,0.7232,0.6052807437001981,0.4106923806354065,0.19458836249329828,resnet32,0.7179,0.716,0.6143262959508733,0.416658089580861,0.19766820714258673,resnet32,0.7173,0.716,0.595415489028462,0.4013971587939357,0.19401832994877954,31500000.0,0.0,126000000.0,23940000000.0,191520000000.0
resnet32x8_cifar100_K8_dml-seq_seed0005_d001,d001,resnet32:8,cifar100,8,dml,dml-seq,peers,0,0,1.0,p2p,5,200,64,0.1,0.9,0.0005,True,0,60,0.1,1.0,1,,disagreement,1.0,1,0.0,0.5,weight,complete,0.0,0.0,42,0,45000,5000,10000,3760032,sequential,190,0.00010000000000000003,7,1.0,104.64,0.7190749999999999,0.001655105736803526,0.7163,0.721,0.7573,0.038225000000000064,0.7178249999999999,0.762,0.22527857142857144,0.6559961731496874,0.22842500000000002,0.6569532201128491,0.7190749999999999,resnet32,0.7163,0.7182,0.5956412659196014,0.40372811461036856,0.19191315192305905,resnet32,0.719,0.7164,0.60439628591253,0.411110454831611,0.1932858305517584,resnet32,0.7208,0.7196,0.5992093732665208,0.40662440439601516,0.19258496762168678,resnet32,0.7175,0.716,0.5993679485876452,0.40481542609632015,0.1945525225548243,resnet32,0.721,0.7172,0.5878228322941471,0.39468189123594627,0.19314094075128774,resnet32,0.7195,0.7218,0.6039911865426059,0.40893894944085996,0.19505223733457652,resnet32,0.7208,0.7172,0.6150170776315711,0.41772680259733036,0.19729027547873557,resnet32,0.7177,0.7162,0.5954641007225622,0.4013392572629858,0.19412484299391508,31500000.0,0.0,126000000.0,24066000000.0,192528000000.0
resnet32x8_cifar100_K8_dml-seq_seed0005_d001,d001,resnet32:8,cifar100,8,dml,dml-seq,peers,0,0,1.0,p2p,5,200,64,0.1,0.9,0.0005,True,0,60,0.1,1.0,1,,disagreement,1.0,1,0.0,0.5,weight,complete,0.0,0.0,42,0,45000,5000,10000,3760032,sequential,191,0.00010000000000000003,7,1.0,104.98,0.7172625,0.0015826698171128588,0.715,0.7205,0.7572,0.03993749999999996,0.716625,0.7584,0.22754285714285719,0.6547635522172927,0.23105714285714288,0.6555003385257994,0.7172625,resnet32,0.7167,0.7176,0.5967193944379687,0.4031240520152179,0.19359534142792903,resnet32,0.7205,0.7202,0.6085541845214638,0.4143012519714169,0.1942529324230484,resnet32,0.7174,0.718,0.6014772065576505,0.4079416562930088,0.19353555006356063,resnet32,0.715,0.7136,0.6001620602539994,0.4057790261100639,0.19438303362535822,resnet32,0.7178,0.7154,0.5894105417907916,0.3954819185786288,0.19392862395298752,resnet32,0.7184,0.722,0.6027826590632851,0.40753582323139365,0.1952468353556469,resnet32,0.7163,0.7092,0.6145704093135216,0.41702285591004923,0.19754755276847968,resnet32,0.716,0.717,0.5957433164373718,0.40141848114911804,0.19432483563749967,31500000.0,0.0,126000000.0,24192000000.0,193536000000.0
resnet32x8_cifar100_K8_dml-seq_seed0005_d001,d001,resnet32:8,cifar100,8,dml,dml-seq,peers,0,0,1.0,p2p,5,200,64,0.1,0.9,0.0005,True,0,60,0.1,1.0,1,,disagreement,1.0,1,0.0,0.5,weight,complete,0.0,0.0,42,0,45000,5000,10000,3760032,sequential,192,0.00010000000000000003,7,1.0,102.78,0.7180500000000001,0.0024228082879171687,0.7141,0.7216,0.7585,0.040449999999999875,0.7162250000000001,0.7556,0.2259857142857143,0.658623883537233,0.2286464285714286,0.6557751427590043,0.7180500000000001,resnet32,0.7216,0.7178,0.5945569632828913,0.40160749533044343,0.19294946688354353,resnet32,0.717,0.7156,0.60487864327363,0.411816424944184,0.19306221723937514,resnet32,0.7189,0.7164,0.6000832714225081,0.40624619920907373,0.193837073197673,resnet32,0.7159,0.7152,0.5993912790647962,0.40515613043680787,0.19423514865973796,resnet32,0.7213,0.7194,0.5885348975743082,0.3953685814049095,0.19316631568257103,resnet32,0.7187,0.7184,0.6022380352951586,0.4075111792719161,0.19472685641482135,resnet32,0.7169,0.712,0.6119759692387148,0.4149709134362638,0.1970050564374436,resnet32,0.7141,0.715,0.5957996338944543,0.4013755663975396,0.19442406777207824,31500000.0,0.0,126000000.0,24318000000.0,194544000000.0
resnet32x8_cifar100_K8_dml-seq_seed0005_d001,d001,resnet32:8,cifar100,8,dml,dml-seq,peers,0,0,1.0,p2p,5,200,64,0.1,0.9,0.0005,True,0,60,0.1,1.0,1,,disagreement,1.0,1,0.0,0.5,weight,complete,0.0,0.0,42,0,45000,5000,10000,3760032,sequential,193,0.00010000000000000003,7,1.0,103.68,0.71555,0.0020049937655763177,0.7122,0.7189,0.7597,0.04415000000000002,0.713425,0.7582,0.2333071428571428,0.6501910795870207,0.23725357142857142,0.6439596623389777,0.71555,resnet32,0.716,0.7138,0.5948283178308471,0.4017309550068934,0.19309736183971504,resnet32,0.7172,0.7108,0.6044867107306015,0.4104441814336248,0.1940425287149,resnet32,0.7135,0.7142,0.5984767274084416,0.40503317172723735,0.19344355557537216,resnet32,0.7146,0.7128,0.5971560174683955,0.4027477144263685,0.1944083030737767,resnet32,0.7189,0.7156,0.589743345383216,0.3963056397200985,0.19343770697543566,resnet32,0.7122,0.7186,0.6015285705639557,0.4065691958689554,0.19495937306518582,resnet32,0.7152,0.713,0.611578915479847,0.4144259125671603,0.19715300170620056,resnet32,0.7168,0.7086,0.5943093040365387,0.4001960520717231,0.1941132514568215,31500000.0,0.0,126000000.0,24444000000.0,195552000000.0
resnet32x8_cifar100_K8_dml-seq_seed0005_d001,d001,resnet32:8,cifar100,8,dml,dml-seq,peers,0,0,1.0,p2p,5,200,64,0.1,0.9,0.0005,True,0,60,0.1,1.0,1,,disagreement,1.0,1,0.0,0.5,weight,complete,0.0,0.0,42,0,45000,5000,10000,3760032,sequential,194,0.00010000000000000003,7,1.0,104.73,0.7209,0.0014866068747318587,0.7178,0.7233,0.7594,0.03849999999999998,0.718075,0.7622,0.22601428571428572,0.6563032648643554,0.2297214285714286,0.6495989849183911,0.7209,resnet32,0.7205,0.7206,0.5958549296483397,0.40319066763516853,0.19266426270107992,resnet32,0.7208,0.716,0.6016996291635389,0.4082147418098016,0.19348488696215843,resnet32,0.722,0.7196,0.5981885412369262,0.4050251166971231,0.19316342498429798,resnet32,0.7204,0.715,0.5960393234748732,0.4020175678782504,0.1940217548981309,resnet32,0.7233,0.7174,0.5887130262668837,0.3954665881200609,0.1932464397343045,resnet32,0.7217,0.7238,0.6009194198149171,0.4055434107060798,0.19537600768010385,resnet32,0.7207,0.7162,0.6112033533440395,0.41431475561958825,0.19688859596763822,resnet32,0.7178,0.716,0.5933555643582209,0.39943861588835716,0.19391694821586664,31500000.0,0.0,126000000.0,24570000000.0,196560000000.0
resnet32x8_cifar100_K8_dml-seq_seed0005_d001,d001,resnet32:8,cifar100,8,dml,dml-seq,peers,0,0,1.0,p2p,5,200,64,0.1,0.9,0.0005,True,0,60,0.1,1.0,1,,disagreement,1.0,1,0.0,0.5,weight,complete,0.0,0.0,42,0,45000,5000,10000,3760032,sequential,195,0.00010000000000000003,7,1.0,105.33,0.7175125,0.0019808063383379925,0.7143,0.7198,0.7597,0.042187500000000044,0.7173,0.7564,0.22710714285714287,0.6557785108720682,0.23171071428571424,0.6519681344136989,0.7175125,resnet32,0.7147,0.7194,0.5937450036660514,0.40170739838768815,0.19203760599802164,resnet32,0.7186,0.7162,0.6006973558528856,0.40883561549708247,0.1918617392022332,resnet32,0.7191,0.7202,0.5930465305308726,0.4004817050035027,0.19256482542153786,resnet32,0.7143,0.7172,0.5941560980440541,0.40112477293322707,0.1930313250367445,resnet32,0.7198,0.7182,0.5871487942693586,0.3944571101191369,0.19269168400205672,resnet32,0.7194,0.72,0.5987832802771167,0.4042455726938153,0.19453770747746935,resnet32,0.7175,0.7134,0.6097098087299276,0.4135467508934777,0.19616305800578135,resnet32,0.7167,0.7138,0.5902949597855861,0.39691453393210063,0.19338042549365622,31500000.0,0.0,126000000.0,24696000000.0,197568000000.0
resnet32x8_cifar100_K8_dml-seq_seed0005_d001,d001,resnet32:8,cifar100,8,dml,dml-seq,peers,0,0,1.0,p2p,5,200,64,0.1,0.9,0.0005,True,0,60,0.1,1.0,1,,disagreement,1.0,1,0.0,0.5,weight,complete,0.0,0.0,42,0,45000,5000,10000,3760032,sequential,196,0.00010000000000000003,7,1.0,101.64,0.7200249999999999,0.001413992574237922,0.7179,0.7222,0.7595,0.03947500000000004,0.71795,0.7556,0.22392857142857142,0.6603059364910074,0.22830714285714285,0.6565224885380909,0.7200249999999999,resnet32,0.7179,0.717,0.594242341647094,0.40013463217341766,0.19410770934667776,resnet32,0.7208,0.72,0.5991624222052369,0.4053468815347349,0.19381554086099972,resnet32,0.7191,0.7194,0.5968509940007194,0.4029205211395906,0.19393047207797115,resnet32,0.7213,0.716,0.5959585250185971,0.4017152045853436,0.19424332147040826,resnet32,0.7222,0.7196,0.5852673516439443,0.3926160228862004,0.19265132822858339,resnet32,0.721,0.7214,0.5989389508454637,0.40397353629073635,0.1949654155495492,resnet32,0.7185,0.7148,0.6094142196869309,0.41180922685783694,0.19760499251159755,resnet32,0.7194,0.7154,0.5929497719996355,0.39914913450113754,0.19380063673650677,31500000.0,0.0,126000000.0,24822000000.0,198576000000.0
resnet32x8_cifar100_K8_dml-seq_seed0005_d001,d001,resnet32:8,cifar100,8,dml,dml-seq,peers,0,0,1.0,p2p,5,200,64,0.1,0.9,0.0005,True,0,60,0.1,1.0,1,,disagreement,1.0,1,0.0,0.5,weight,complete,0.0,0.0,42,0,45000,5000,10000,3760032,sequential,197,0.00010000000000000003,7,1.0,99.89,0.7182999999999999,0.0023124662159694203,0.7144,0.722,0.7597,0.0414000000000001,0.716975,0.7598,0.22787142857142859,0.6525912005762488,0.23174642857142855,0.6524512693972452,0.7182999999999999,resnet32,0.719,0.7142,0.5941238446499814,0.4001227449202402,0.19400109949691052,resnet32,0.7182,0.7172,0.5987767771902409,0.40555607773024926,0.193220699375326,resnet32,0.7192,0.7166,0.5928304873576219,0.3999611771538515,0.19286930918778208,resnet32,0.7154,0.7166,0.5953397123058412,0.40162751925262535,0.19371219294738362,resnet32,0.7203,0.7178,0.5845127796584909,0.3918073708191514,0.19270540930500085,resnet32,0.722,0.7242,0.5973756704902784,0.4027725259604102,0.19460314374671064,resnet32,0.7144,0.7148,0.6093852857805111,0.4127992709929293,0.19658601489341396,resnet32,0.7179,0.7144,0.5913337280719795,0.397229776696556,0.19410395038060166,31500000.0,0.0,126000000.0,24948000000.0,199584000000.0
resnet32x8_cifar100_K8_dml-seq_seed0005_d001,d001,resnet32:8,cifar100,8,dml,dml-seq,peers,0,0,1.0,p2p,5,200,64,0.1,0.9,0.0005,True,0,60,0.1,1.0,1,,disagreement,1.0,1,0.0,0.5,weight,complete,0.0,0.0,42,0,45000,5000,10000,3760032,sequential,198,0.00010000000000000003,7,1.0,104.57,0.7183375,0.0023162132350023432,0.7141,0.7221,0.7601,0.041762500000000036,0.716275,0.7582,0.22653571428571428,0.6548049390979342,0.23107499999999997,0.6525577134355534,0.7183375,resnet32,0.7221,0.7156,0.5923372480425645,0.3981501183641905,0.19418712975245647,resnet32,0.7181,0.7142,0.6004277509637177,0.40627789101563394,0.1941498605513268,resnet32,0.7199,0.717,0.5955072905106301,0.40093765081837773,0.19456964010499755,resnet32,0.7141,0.7182,0.5944888208230789,0.3996574606492438,0.19483136020558464,resnet32,0.7196,0.714,0.587549817409705,0.3934554956768724,0.19409432030409912,resnet32,0.7191,0.7218,0.5983437872915105,0.40232933769849216,0.19601444880986077,resnet32,0.7179,0.716,0.6088457145643505,0.41201644560152834,0.1968292689839886,resnet32,0.7159,0.7134,0.5907007673839954,0.3962511213877323,0.1944496460068463,31500000.0,0.0,126000000.0,25074000000.0,200592000000.0
resnet32x8_cifar100_K8_dml-seq_seed0005_d001,d001,resnet32:8,cifar100,8,dml,dml-seq,peers,0,0,1.0,p2p,5,200,64,0.1,0.9,0.0005,True,0,60,0.1,1.0,1,,disagreement,1.0,1,0.0,0.5,weight,complete,0.0,0.0,42,0,45000,5000,10000,3760032,sequential,199,0.00010000000000000003,7,1.0,104.35,0.7185874999999999,0.0012474348680392231,0.7161,0.7203,0.7609,0.042312500000000086,0.719175,0.762,0.22845714285714291,0.6516448853826036,0.23322142857142855,0.6479515334173681,0.7185874999999999,resnet32,0.7161,0.7194,0.5878832357596945,0.395206967220557,0.1926762692587958,resnet32,0.7184,0.7148,0.5983812107535248,0.405234190677716,0.1931470193349841,resnet32,0.719,0.7196,0.5922758021307263,0.399703191974285,0.1925726109607653,resnet32,0.7177,0.7196,0.592224708080969,0.3983691099565476,0.19385559924624182,resnet32,0.7192,0.7188,0.5847334296188571,0.3914691685825925,0.19326426184058867,resnet32,0.7203,0.7238,0.5951632582582533,0.4008644477421926,0.19429881136271765,resnet32,0.7199,0.719,0.6056778398342431,0.4092444307805801,0.196433408503336,resnet32,0.7181,0.7184,0.587441520723091,0.39466771068559453,0.19277380957183513,31500000.0,0.0,126000000.0,25200000000.0,201600000000.0
