run_id,run_tag,cohort,dataset,K,arm,arm_label,target,seed,epochs,batch_size,base_lr,momentum,weight_decay,nesterov,graph_seed,lr_step,lr_gamma,kd_T,k_matchings,k_anneal,match_weight,kappa,rematch_every_epochs,recency_lambda,recency_gamma,peel_weighting,graph,label_noise_rate,actual_noise_rate,noise_seed,split_seed,n_train,n_valid,n_test,cohort_params,epoch,lr,k_current,epoch_seconds,avg_test_acc,std_test_acc,min_test_acc,max_test_acc,ensemble_test_acc,ens_minus_avg_test,avg_val_acc,ensemble_val_acc,disagreement_val,rho_val,disagreement_test,rho_test,avg_test_acc_resnet32,model_00_arch,model_00_test_acc,model_00_val_acc,model_00_train_loss,model_00_ce_loss,model_00_kd_loss,model_01_arch,model_01_test_acc,model_01_val_acc,model_01_train_loss,model_01_ce_loss,model_01_kd_loss,model_02_arch,model_02_test_acc,model_02_val_acc,model_02_train_loss,model_02_ce_loss,model_02_kd_loss,model_03_arch,model_03_test_acc,model_03_val_acc,model_03_train_loss,model_03_ce_loss,model_03_kd_loss,model_04_arch,model_04_test_acc,model_04_val_acc,model_04_train_loss,model_04_ce_loss,model_04_kd_loss,model_05_arch,model_05_test_acc,model_05_val_acc,model_05_train_loss,model_05_ce_loss,model_05_kd_loss,model_06_arch,model_06_test_acc,model_06_val_acc,model_06_train_loss,model_06_ce_loss,model_06_kd_loss,model_07_arch,model_07_test_acc,model_07_val_acc,model_07_train_loss,model_07_ce_loss,model_07_kd_loss,comm_logit_floats_epoch,comm_matcher_ints_epoch,comm_bytes_epoch,comm_bytes_cum,comm_bytes_cum_cohort
resnet32x8_cifar100_K8_mwmd2-unif_seed0002_d001,d001,resnet32:8,cifar100,8,matched,mwmd2-unif,peers,2,200,64,0.1,0.9,0.0005,True,0,60,0.1,1.0,2,,disagreement,1.0,1,0.0,0.5,uniform,complete,0.0,0.0,42,0,45000,5000,10000,3760032,0,0.1,2,133.08,0.025674999999999996,0.01384085889675926,0.0108,0.0547,0.0553,0.029625000000000005,0.02565,0.0568,0.7116285714285715,0.2706720762690561,0.7108249999999999,0.28179094769155594,0.025674999999999996,resnet32,0.0547,0.053,4.644046013328162,4.526804318482226,0.11724169098306447,resnet32,0.0231,0.0228,4.688339697366411,4.597394578158855,0.09094511115240907,resnet32,0.0204,0.0202,4.705126678401774,4.601686609739607,0.10344007244632601,resnet32,0.0217,0.0208,4.66936597566713,4.60813961990855,0.061226354588804745,resnet32,0.0122,0.0154,4.774117838252675,4.661636984483763,0.11248085265833652,resnet32,0.0219,0.0206,4.771447290751067,4.651804400438612,0.11964288649538833,resnet32,0.0406,0.0396,4.658828669650988,4.5515105947852135,0.10731808085289561,resnet32,0.0108,0.0128,4.737861397591504,4.6332901980389245,0.10457120760177284,9000000.0,5000.0,36010000.0,36010000.0,288080000.0
resnet32x8_cifar100_K8_mwmd2-unif_seed0002_d001,d001,resnet32:8,cifar100,8,matched,mwmd2-unif,peers,2,200,64,0.1,0.9,0.0005,True,0,60,0.1,1.0,2,,disagreement,1.0,1,0.0,0.5,uniform,complete,0.0,0.0,42,0,45000,5000,10000,3760032,1,0.1,2,124.5,0.057775,0.027906708422886423,0.0105,0.1028,0.0926,0.034825,0.05915,0.0932,0.8165500000000001,0.2832994882598761,0.8180107142857141,0.30069203583144144,0.057775,resnet32,0.1028,0.1018,4.188084977594289,4.085300313478166,0.10278466106815771,resnet32,0.0849,0.0848,4.269989767535166,4.199875530871478,0.07011423181128604,resnet32,0.0536,0.0568,4.487602110952139,4.371189899742603,0.11641220880185509,resnet32,0.0526,0.059,4.424709745428779,4.36071794310754,0.06399179620414296,resnet32,0.0105,0.0112,4.578387580811977,4.50895584713329,0.06943173637740653,resnet32,0.0431,0.0482,4.5905284515836025,4.485409798947248,0.10511866023510018,resnet32,0.0794,0.0778,4.278482854704965,4.173256575383923,0.10522627970468337,resnet32,0.0353,0.0336,4.531978758898648,4.456397414884784,0.07558133578541773,9000000.0,5000.0,36010000.0,72020000.0,576160000.0
resnet32x8_cifar100_K8_mwmd2-unif_seed0002_d001,d001,resnet32:8,cifar100,8,matched,mwmd2-unif,peers,2,200,64,0.1,0.9,0.0005,True,0,60,0.1,1.0,2,,disagreement,1.0,1,0.0,0.5,uniform,complete,0.0,0.0,42,0,45000,5000,10000,3760032,2,0.1,2,125.07,0.107525,0.01681136148561442,0.0803,0.1357,0.1266,0.019074999999999995,0.104725,0.1228,0.6171642857142856,0.5336337257572812,0.6206285714285713,0.5412820348419664,0.107525,resnet32,0.1357,0.1306,3.783970371227373,3.6647783131761984,0.1191920592470772,resnet32,0.1235,0.122,3.8081827952780505,3.6981565677984194,0.11002622587098317,resnet32,0.1046,0.1026,3.851891965689984,3.7752308283339846,0.07666113793278452,resnet32,0.0946,0.0876,3.9112104356966237,3.8205800997939976,0.0906303400406614,resnet32,0.0803,0.079,4.076706523922357,3.9621371653946964,0.1145693593214012,resnet32,0.0945,0.0872,3.991496340794997,3.8803425038402732,0.1111538402884352,resnet32,0.1187,0.122,3.8455810861831363,3.742080778560855,0.10350030927326191,resnet32,0.1083,0.1068,3.9596993530338462,3.8461015915328804,0.11359776199837639,9000000.0,5000.0,36010000.0,108030000.0,864240000.0
resnet32x8_cifar100_K8_mwmd2-unif_seed0002_d001,d001,resnet32:8,cifar100,8,matched,mwmd2-unif,peers,2,200,64,0.1,0.9,0.0005,True,0,60,0.1,1.0,2,,disagreement,1.0,1,0.0,0.5,uniform,complete,0.0,0.0,42,0,45000,5000,10000,3760032,3,0.1,2,124.11,0.18091249999999998,0.013147855100737916,0.1525,0.1951,0.2075,0.026587500000000014,0.170375,0.198,0.5885571428571429,0.5549353696191749,0.5953714285714286,0.5622839142197452,0.18091249999999998,resnet32,0.1951,0.181,3.437111338431185,3.3094090301204813,0.12770230999343435,resnet32,0.1879,0.1738,3.448803014375947,3.3355027105320585,0.11330030020326376,resnet32,0.1755,0.1648,3.5232744470916013,3.409519030966542,0.11375541566998106,resnet32,0.186,0.1742,3.5205116759647024,3.416680121625012,0.10383155206430027,resnet32,0.1725,0.168,3.631785228171132,3.5016679858619515,0.13011724019253795,resnet32,0.1829,0.1716,3.5740395208651368,3.4635185531594535,0.1105209649540484,resnet32,0.1949,0.1804,3.4988694536415013,3.390606830743226,0.10826262530066412,resnet32,0.1525,0.1492,3.5477123761718925,3.4261175864799456,0.12159478535283018,9000000.0,5000.0,36010000.0,144040000.0,1152320000.0
resnet32x8_cifar100_K8_mwmd2-unif_seed0002_d001,d001,resnet32:8,cifar100,8,matched,mwmd2-unif,peers,2,200,64,0.1,0.9,0.0005,True,0,60,0.1,1.0,2,,disagreement,1.0,1,0.0,0.5,uniform,complete,0.0,0.0,42,0,45000,5000,10000,3760032,4,0.1,2,121.09,0.2008625,0.015745153024026157,0.1716,0.2257,0.225,0.024137500000000006,0.189975,0.211,0.5417071428571429,0.557085459871569,0.5459285714285714,0.5676767918424395,0.2008625,resnet32,0.2154,0.1946,3.1534734808585863,3.0113821544430475,0.14209132851101458,resnet32,0.1932,0.1926,3.1639163839546116,3.0166849565099585,0.14723142473535103,resnet32,0.2257,0.2068,3.2093894468112425,3.0667472298849714,0.1426422200271521,resnet32,0.2102,0.1952,3.233500701798634,3.0924399738962,0.14106072806118225,resnet32,0.1716,0.16,3.3001087951389225,3.156710546125065,0.14339825132099743,resnet32,0.1892,0.1826,3.3128735429861327,3.1665678420527414,0.14630570320878178,resnet32,0.2037,0.1964,3.220763038166545,3.074697108431296,0.14606592989399692,resnet32,0.1979,0.1916,3.2598361024125055,3.107493069361557,0.15234303136821836,9000000.0,5000.0,36010000.0,180050000.0,1440400000.0
resnet32x8_cifar100_K8_mwmd2-unif_seed0002_d001,d001,resnet32:8,cifar100,8,matched,mwmd2-unif,peers,2,200,64,0.1,0.9,0.0005,True,0,60,0.1,1.0,2,,disagreement,1.0,1,0.0,0.5,uniform,complete,0.0,0.0,42,0,45000,5000,10000,3760032,5,0.1,2,120.85,0.28136249999999996,0.025594429936023184,0.2329,0.3191,0.3132,0.03183750000000002,0.27875,0.307,0.5027428571428572,0.6238828012984353,0.5122142857142856,0.6186937050532667,0.28136249999999996,resnet32,0.293,0.287,2.959972711110657,2.7919708368453113,0.1680018771863119,resnet32,0.31,0.3094,2.9537402872334826,2.783037912777879,0.1707023801070384,resnet32,0.3191,0.3146,2.9581188799982723,2.7978277819400486,0.16029109265020286,resnet32,0.2875,0.2804,2.9927147664129734,2.826746671714566,0.1659680926452645,resnet32,0.2637,0.2652,3.0665370405397634,2.8913976658474314,0.17513937551782213,resnet32,0.2329,0.2292,3.0899400494315405,2.914952748539773,0.17498730051077224,resnet32,0.2727,0.268,2.9951213801448997,2.8258275663988157,0.16929381956684997,resnet32,0.272,0.2762,3.0172402553937654,2.837592462585731,0.17964779215187512,9000000.0,5000.0,36010000.0,216060000.0,1728480000.0
resnet32x8_cifar100_K8_mwmd2-unif_seed0002_d001,d001,resnet32:8,cifar100,8,matched,mwmd2-unif,peers,2,200,64,0.1,0.9,0.0005,True,0,60,0.1,1.0,2,,disagreement,1.0,1,0.0,0.5,uniform,complete,0.0,0.0,42,0,45000,5000,10000,3760032,6,0.1,2,121.03,0.2937875,0.010697013309798208,0.2774,0.3121,0.3354,0.0416125,0.287325,0.3256,0.5293785714285714,0.5881082764534448,0.5292571428571428,0.5951231819467065,0.2937875,resnet32,0.2812,0.2792,2.8074418651786717,2.6291960816491735,0.17824578579430553,resnet32,0.3037,0.2966,2.811413673176007,2.6257280612533744,0.18568561120297422,resnet32,0.2901,0.2898,2.81315137852322,2.624638259410858,0.18851311881603164,resnet32,0.3121,0.2992,2.8203428242016924,2.6381533095105127,0.1821895127438686,resnet32,0.2996,0.292,2.8865187865766613,2.696208311075514,0.19031047641130333,resnet32,0.2774,0.2678,2.918634554879232,2.7265848226167937,0.19204973023046146,resnet32,0.2913,0.2824,2.8201364373618905,2.632831258191304,0.18730517919175327,resnet32,0.2949,0.2916,2.833613403818824,2.637813960286704,0.19579944531009955,9000000.0,5000.0,36010000.0,252070000.0,2016560000.0
resnet32x8_cifar100_K8_mwmd2-unif_seed0002_d001,d001,resnet32:8,cifar100,8,matched,mwmd2-unif,peers,2,200,64,0.1,0.9,0.0005,True,0,60,0.1,1.0,2,,disagreement,1.0,1,0.0,0.5,uniform,complete,0.0,0.0,42,0,45000,5000,10000,3760032,7,0.1,2,121.28,0.3102125,0.019494193847143314,0.2779,0.3356,0.3551,0.044887500000000025,0.30405000000000004,0.3458,0.5215214285714286,0.5883781562518885,0.5243071428571427,0.585920599517379,0.3102125,resnet32,0.3222,0.3178,2.719786174256693,2.5066215964880856,0.213164581049403,resnet32,0.3148,0.3062,2.7112128392539243,2.5077946484088898,0.2034181898502125,resnet32,0.3356,0.328,2.6838960210708054,2.485843018035997,0.19805300299247558,resnet32,0.3021,0.2964,2.702097876844081,2.5003799088299274,0.20171796778132292,resnet32,0.2779,0.2774,2.7659415396099742,2.5596097910946067,0.20633175304498186,resnet32,0.2838,0.2798,2.7831686491316017,2.579319985752756,0.20384866346351124,resnet32,0.3151,0.301,2.706278108399023,2.4994393500753422,0.20683876223946837,resnet32,0.3302,0.3258,2.7175158868459137,2.50489201058041,0.21262387753548947,9000000.0,5000.0,36010000.0,288080000.0,2304640000.0
resnet32x8_cifar100_K8_mwmd2-unif_seed0002_d001,d001,resnet32:8,cifar100,8,matched,mwmd2-unif,peers,2,200,64,0.1,0.9,0.0005,True,0,60,0.1,1.0,2,,disagreement,1.0,1,0.0,0.5,uniform,complete,0.0,0.0,42,0,45000,5000,10000,3760032,8,0.1,2,120.91,0.336275,0.015930611256320344,0.3182,0.3643,0.383,0.046725000000000017,0.336525,0.3782,0.49121428571428566,0.603057401232474,0.4974392857142857,0.6121290031682284,0.336275,resnet32,0.3182,0.323,2.6152332408184353,2.4091801998967473,0.20605304193767635,resnet32,0.327,0.328,2.6216318962926213,2.4058293415741487,0.21580255323682318,resnet32,0.3431,0.3396,2.6036795459010382,2.3885598785497923,0.2151196691715582,resnet32,0.343,0.34,2.6123544335026634,2.4025883967564865,0.209766038460657,resnet32,0.3527,0.36,2.6764303933490408,2.4528537905690344,0.2235766004305333,resnet32,0.3216,0.3204,2.6939729635011065,2.466492757709189,0.2274802038869397,resnet32,0.3643,0.3586,2.6216140054166317,2.40024383129044,0.22137016999873926,resnet32,0.3203,0.3226,2.637802509421652,2.4075992567972704,0.2302032554395158,9000000.0,5000.0,36010000.0,324090000.0,2592720000.0
resnet32x8_cifar100_K8_mwmd2-unif_seed0002_d001,d001,resnet32:8,cifar100,8,matched,mwmd2-unif,peers,2,200,64,0.1,0.9,0.0005,True,0,60,0.1,1.0,2,,disagreement,1.0,1,0.0,0.5,uniform,complete,0.0,0.0,42,0,45000,5000,10000,3760032,9,0.1,2,120.82,0.345475,0.024038029765353068,0.3047,0.3698,0.3904,0.04492500000000005,0.33520000000000005,0.376,0.5052357142857142,0.5736261636626152,0.5037857142857144,0.5767456622713393,0.345475,resnet32,0.3597,0.3486,2.566017395054752,2.3353563882410526,0.23066100613637405,resnet32,0.3433,0.34,2.5579469104043464,2.3316576176069,0.22628929377110166,resnet32,0.3344,0.3238,2.541523007506674,2.3182700985873286,0.22325291033749553,resnet32,0.3691,0.3512,2.5484627393836323,2.3260067203505472,0.22245601918125016,resnet32,0.3145,0.3106,2.6087202467024326,2.3744792005216535,0.23424104611728003,resnet32,0.3047,0.2938,2.620550262657079,2.3882056806575167,0.2323445845606991,resnet32,0.3698,0.3542,2.5607250305739315,2.326207394457676,0.23451763311062346,resnet32,0.3683,0.3594,2.5521860383450985,2.3237600111487238,0.22842602596872233,9000000.0,5000.0,36010000.0,360100000.0,2880800000.0
resnet32x8_cifar100_K8_mwmd2-unif_seed0002_d001,d001,resnet32:8,cifar100,8,matched,mwmd2-unif,peers,2,200,64,0.1,0.9,0.0005,True,0,60,0.1,1.0,2,,disagreement,1.0,1,0.0,0.5,uniform,complete,0.0,0.0,42,0,45000,5000,10000,3760032,10,0.1,2,120.96,0.35765,0.02417839945074942,0.3195,0.3853,0.4016,0.04394999999999999,0.338725,0.378,0.4743,0.6116408872148344,0.47442857142857137,0.6151710114235698,0.35765,resnet32,0.3623,0.3458,2.5055322233926165,2.2615735212510284,0.24395870231091976,resnet32,0.3432,0.3334,2.487806460566141,2.2479285433549774,0.23987791695716706,resnet32,0.3673,0.3434,2.4723429786549374,2.2369236114688893,0.23541936083612117,resnet32,0.3848,0.3582,2.479340986602686,2.247174599461935,0.2321663879239085,resnet32,0.3243,0.3054,2.5270419161428106,2.2857686938209967,0.2412732244596224,resnet32,0.3195,0.304,2.538840615952557,2.2970423425801774,0.241798275467855,resnet32,0.3745,0.3554,2.495061594992876,2.253449627452276,0.24161196682094174,resnet32,0.3853,0.3642,2.48525321229615,2.2426984372802754,0.24255477548153562,9000000.0,5000.0,36010000.0,396110000.0,3168880000.0
resnet32x8_cifar100_K8_mwmd2-unif_seed0002_d001,d001,resnet32:8,cifar100,8,matched,mwmd2-unif,peers,2,200,64,0.1,0.9,0.0005,True,0,60,0.1,1.0,2,,disagreement,1.0,1,0.0,0.5,uniform,complete,0.0,0.0,42,0,45000,5000,10000,3760032,11,0.1,2,122.81,0.3610375,0.0185201199712637,0.3203,0.3803,0.4137,0.0526625,0.353275,0.4026,0.49082142857142863,0.6001522008626353,0.48767142857142864,0.6088190342292615,0.3610375,resnet32,0.3662,0.3586,2.465372212231159,2.2129468807781283,0.25242533249018545,resnet32,0.3669,0.3656,2.435864882374352,2.195223457264629,0.2406414220405912,resnet32,0.35,0.342,2.425637447867881,2.181658313017,0.2439791327342391,resnet32,0.3731,0.364,2.4418567808514293,2.201116869056767,0.240739909614521,resnet32,0.3803,0.3718,2.475769337436015,2.229671241038225,0.2460980968422849,resnet32,0.3527,0.3468,2.4945635993710975,2.2434138406745414,0.25114975920455024,resnet32,0.3788,0.3626,2.4556144149127332,2.2075531479309904,0.24806126605042003,resnet32,0.3203,0.3148,2.4340343035080214,2.1885979912159117,0.2454363127577711,9000000.0,5000.0,36010000.0,432120000.0,3456960000.0
resnet32x8_cifar100_K8_mwmd2-unif_seed0002_d001,d001,resnet32:8,cifar100,8,matched,mwmd2-unif,peers,2,200,64,0.1,0.9,0.0005,True,0,60,0.1,1.0,2,,disagreement,1.0,1,0.0,0.5,uniform,complete,0.0,0.0,42,0,45000,5000,10000,3760032,12,0.1,2,124.33,0.3283375,0.044293874788169076,0.2364,0.377,0.3758,0.04746250000000002,0.32172500000000004,0.3698,0.5466642857142856,0.5429866923766798,0.5474,0.5545874570737664,0.3283375,resnet32,0.3435,0.339,2.4132317136973143,2.155210464346138,0.25802124613388017,resnet32,0.3381,0.328,2.3946894761174917,2.1369231825863775,0.257766293107786,resnet32,0.3453,0.3356,2.379367450590838,2.131881944327192,0.247485506051982,resnet32,0.3557,0.3504,2.397337307645516,2.14852324991741,0.24881406014107846,resnet32,0.3552,0.3472,2.4175598848272455,2.1656945588236507,0.2518653256225992,resnet32,0.2755,0.2692,2.4378812218254264,2.1801632703705267,0.25771795122206886,resnet32,0.2364,0.2386,2.4078238494694233,2.152346446940845,0.2554774028460749,resnet32,0.377,0.3658,2.3918133904649452,2.1366184013472362,0.25519498860971496,9000000.0,5000.0,36010000.0,468130000.0,3745040000.0
resnet32x8_cifar100_K8_mwmd2-unif_seed0002_d001,d001,resnet32:8,cifar100,8,matched,mwmd2-unif,peers,2,200,64,0.1,0.9,0.0005,True,0,60,0.1,1.0,2,,disagreement,1.0,1,0.0,0.5,uniform,complete,0.0,0.0,42,0,45000,5000,10000,3760032,13,0.1,2,124.66,0.35663749999999994,0.022884653017907014,0.3137,0.3861,0.4008,0.04416250000000005,0.351225,0.391,0.4930642857142856,0.6016920419120417,0.4985785714285713,0.5982532154712493,0.35663749999999994,resnet32,0.3645,0.3596,2.3732958613810213,2.1192724747075276,0.25402338489551435,resnet32,0.3324,0.325,2.355894256552512,2.0988516572185536,0.25704259662465617,resnet32,0.3698,0.3692,2.3554620475254278,2.0980823656374756,0.25737967960197816,resnet32,0.3861,0.381,2.364819745617834,2.109434771097519,0.2553849769756198,resnet32,0.3137,0.3088,2.3834721073508263,2.12692022272809,0.2565518836702474,resnet32,0.3464,0.3384,2.3979847558181393,2.1352418459613216,0.26274291053414345,resnet32,0.3604,0.3474,2.3717396657236596,2.115405676717108,0.25633398399010976,resnet32,0.3798,0.3804,2.3690708128904756,2.1041739632121543,0.26489684997465124,9000000.0,5000.0,36010000.0,504140000.0,4033120000.0
resnet32x8_cifar100_K8_mwmd2-unif_seed0002_d001,d001,resnet32:8,cifar100,8,matched,mwmd2-unif,peers,2,200,64,0.1,0.9,0.0005,True,0,60,0.1,1.0,2,,disagreement,1.0,1,0.0,0.5,uniform,complete,0.0,0.0,42,0,45000,5000,10000,3760032,14,0.1,2,124.69,0.35397500000000004,0.021315296737319883,0.3088,0.3763,0.4006,0.04662499999999997,0.347725,0.3904,0.5044857142857144,0.5931326392410889,0.5005142857142858,0.6012967709835959,0.35397500000000004,resnet32,0.3547,0.3526,2.3378600407053125,2.0794583232226698,0.25840172156776214,resnet32,0.3581,0.3462,2.3221955727785826,2.0625903364270926,0.25960523721931333,resnet32,0.3747,0.3674,2.3222568665038454,2.065256326205351,0.2570005426268009,resnet32,0.3705,0.364,2.3299401488832454,2.073308778418736,0.2566313690886917,resnet32,0.3541,0.3458,2.352784971791235,2.09353799440644,0.2592469767709686,resnet32,0.3763,0.3658,2.3646267989481036,2.097052600742741,0.2675741991790181,resnet32,0.3088,0.3016,2.3433860230513592,2.080473684113134,0.2629123377740722,resnet32,0.3346,0.3384,2.3345466513525355,2.069101108746095,0.2654455424794419,9000000.0,5000.0,36010000.0,540150000.0,4321200000.0
resnet32x8_cifar100_K8_mwmd2-unif_seed0002_d001,d001,resnet32:8,cifar100,8,matched,mwmd2-unif,peers,2,200,64,0.1,0.9,0.0005,True,0,60,0.1,1.0,2,,disagreement,1.0,1,0.0,0.5,uniform,complete,0.0,0.0,42,0,45000,5000,10000,3760032,15,0.1,2,123.08,0.382375,0.017239833960917373,0.3554,0.4158,0.4357,0.053324999999999956,0.37355000000000005,0.4246,0.48176428571428564,0.6039026798945963,0.48051071428571407,0.6034809436830494,0.382375,resnet32,0.3763,0.3688,2.316758101975376,2.0505113164809616,0.2662467847535895,resnet32,0.3911,0.381,2.297933038493449,2.0318022803826765,0.26613076168789784,resnet32,0.3698,0.3518,2.2937344761395995,2.033756883476268,0.2599775968119502,resnet32,0.396,0.3812,2.2986641453409735,2.0383503022180363,0.26031384485858405,resnet32,0.3808,0.3754,2.3329839951951397,2.066413215446201,0.26657078410922125,resnet32,0.4158,0.4068,2.3417734281921927,2.072550580921498,0.2692228469320319,resnet32,0.3554,0.353,2.3232861826704307,2.0571629968895153,0.26612318825738673,resnet32,0.3738,0.3704,2.3121719302778896,2.044300466606563,0.2678714642216536,9000000.0,5000.0,36010000.0,576160000.0,4609280000.0
resnet32x8_cifar100_K8_mwmd2-unif_seed0002_d001,d001,resnet32:8,cifar100,8,matched,mwmd2-unif,peers,2,200,64,0.1,0.9,0.0005,True,0,60,0.1,1.0,2,,disagreement,1.0,1,0.0,0.5,uniform,complete,0.0,0.0,42,0,45000,5000,10000,3760032,16,0.1,2,125.13,0.3649125,0.027660234882408354,0.3045,0.3999,0.4139,0.04898750000000002,0.360875,0.417,0.4951285714285714,0.5855937858609764,0.4941142857142857,0.5905526894280457,0.3649125,resnet32,0.353,0.3546,2.297262640331279,2.029197617179968,0.26806501959535206,resnet32,0.3999,0.396,2.284618344496597,2.0184694320302117,0.26614891591651196,resnet32,0.3643,0.3626,2.2768333942036736,2.014779786833308,0.26205360557121987,resnet32,0.3045,0.2974,2.2837081715803254,2.0166977989402683,0.26701036908409814,resnet32,0.3649,0.3666,2.3155144458128647,2.0454988164657895,0.2700156279924241,resnet32,0.3811,0.3734,2.3162445331161674,2.0464954377914015,0.26974909236146644,resnet32,0.3932,0.3852,2.3033320302651688,2.0375793776051565,0.26575264969671314,resnet32,0.3584,0.3512,2.3010413120077415,2.0321985600008206,0.2688427507792684,9000000.0,5000.0,36010000.0,612170000.0,4897360000.0
resnet32x8_cifar100_K8_mwmd2-unif_seed0002_d001,d001,resnet32:8,cifar100,8,matched,mwmd2-unif,peers,2,200,64,0.1,0.9,0.0005,True,0,60,0.1,1.0,2,,disagreement,1.0,1,0.0,0.5,uniform,complete,0.0,0.0,42,0,45000,5000,10000,3760032,17,0.1,2,124.04,0.42884999999999995,0.008031656118136533,0.4159,0.4425,0.4754,0.046550000000000036,0.42262500000000003,0.4664,0.42506428571428573,0.6306656071542178,0.42195714285714286,0.6356258315668046,0.42884999999999995,resnet32,0.4346,0.4316,2.2754374437711458,2.008164086294445,0.2672733557622202,resnet32,0.4425,0.4306,2.2687998239628295,1.999679280106317,0.26912054317918693,resnet32,0.4159,0.403,2.2656010922721843,1.9990117844532838,0.26658931097269734,resnet32,0.4184,0.417,2.277671222829006,2.0061620986935766,0.27150912216695194,resnet32,0.4317,0.4334,2.302346695553173,2.0298012459481303,0.2725454506633634,resnet32,0.4306,0.419,2.30534847876565,2.0319171910258857,0.27343128562312236,resnet32,0.4265,0.416,2.286441085182808,2.0160152299160305,0.2704258559017696,resnet32,0.4306,0.4304,2.2759955284947697,2.005852505734021,0.27014302487739106,9000000.0,5000.0,36010000.0,648180000.0,5185440000.0
resnet32x8_cifar100_K8_mwmd2-unif_seed0002_d001,d001,resnet32:8,cifar100,8,matched,mwmd2-unif,peers,2,200,64,0.1,0.9,0.0005,True,0,60,0.1,1.0,2,,disagreement,1.0,1,0.0,0.5,uniform,complete,0.0,0.0,42,0,45000,5000,10000,3760032,18,0.1,2,124.81,0.3993125,0.031366679673660074,0.3443,0.4521,0.4637,0.06438749999999999,0.393075,0.4606,0.5177071428571429,0.5464823596942717,0.5095571428571428,0.5637263206446226,0.3993125,resnet32,0.4521,0.4426,2.2525851381095974,1.981907320632176,0.2706778180277483,resnet32,0.4128,0.4118,2.2316755313764918,1.9618011238900097,0.26987440926446155,resnet32,0.3907,0.3798,2.2370699877766045,1.9687913927164944,0.26827859216031025,resnet32,0.3693,0.3722,2.2518532254140484,1.9795448045161637,0.27230841907757247,resnet32,0.3443,0.343,2.270132378082384,1.9960999678481708,0.27403240327045997,resnet32,0.4218,0.4124,2.2828494256192986,2.0028901257636873,0.2799593013584275,resnet32,0.3879,0.3802,2.266574140468782,1.994240681048144,0.2723334611139514,resnet32,0.4156,0.4026,2.2597251173786144,1.9804607463831252,0.2792643694503402,9000000.0,5000.0,36010000.0,684190000.0,5473520000.0
resnet32x8_cifar100_K8_mwmd2-unif_seed0002_d001,d001,resnet32:8,cifar100,8,matched,mwmd2-unif,peers,2,200,64,0.1,0.9,0.0005,True,0,60,0.1,1.0,2,,disagreement,1.0,1,0.0,0.5,uniform,complete,0.0,0.0,42,0,45000,5000,10000,3760032,19,0.1,2,124.73,0.4111125,0.02237512220637019,0.3752,0.4408,0.4719,0.060787499999999994,0.40915,0.478,0.49319285714285704,0.5657802825266707,0.48934642857142857,0.579721980400934,0.4111125,resnet32,0.4408,0.445,2.25130233541131,1.9762089548801833,0.27509338209744205,resnet32,0.4208,0.4136,2.229253289713101,1.9537826923822814,0.2754705933515321,resnet32,0.4383,0.4338,2.2335951407863335,1.9562751920047132,0.27731994569132273,resnet32,0.411,0.4126,2.2460819254205986,1.9726963398808783,0.273385588333688,resnet32,0.4151,0.4148,2.2651997066356917,1.9904635707763108,0.2747361388861794,resnet32,0.3799,0.3788,2.270376913418824,1.9946119040250778,0.2757650059436194,resnet32,0.4078,0.4058,2.2552928022024306,1.979066993871873,0.27622580919838086,resnet32,0.3752,0.3688,2.2442352996969763,1.969155017286539,0.27508027688600123,9000000.0,5000.0,36010000.0,720200000.0,5761600000.0
resnet32x8_cifar100_K8_mwmd2-unif_seed0002_d001,d001,resnet32:8,cifar100,8,matched,mwmd2-unif,peers,2,200,64,0.1,0.9,0.0005,True,0,60,0.1,1.0,2,,disagreement,1.0,1,0.0,0.5,uniform,complete,0.0,0.0,42,0,45000,5000,10000,3760032,20,0.1,2,125.13,0.38284999999999997,0.028258494298175202,0.3337,0.4167,0.4316,0.048750000000000016,0.379075,0.4274,0.49140000000000006,0.583621263884969,0.4938857142857142,0.5899120011418351,0.38284999999999997,resnet32,0.3822,0.379,2.241423873738809,1.960371914912354,0.28105195258236065,resnet32,0.4087,0.4044,2.2256293181668627,1.9469606429338455,0.27866867557168007,resnet32,0.4146,0.4108,2.2242661741646854,1.9472988855771043,0.2769672925668684,resnet32,0.3706,0.3712,2.221730149097063,1.947580585256219,0.2741495603060519,resnet32,0.3337,0.327,2.2561012641950087,1.9773521204902367,0.2787491361060264,resnet32,0.385,0.3848,2.256627290255644,1.979259280487895,0.2773680106355724,resnet32,0.3513,0.345,2.2388257182795894,1.963392779400403,0.2754329353655604,resnet32,0.4167,0.4104,2.2362325840036976,1.9583448352800175,0.2778877496338365,9000000.0,5000.0,36010000.0,756210000.0,6049680000.0
resnet32x8_cifar100_K8_mwmd2-unif_seed0002_d001,d001,resnet32:8,cifar100,8,matched,mwmd2-unif,peers,2,200,64,0.1,0.9,0.0005,True,0,60,0.1,1.0,2,,disagreement,1.0,1,0.0,0.5,uniform,complete,0.0,0.0,42,0,45000,5000,10000,3760032,21,0.1,2,121.6,0.405775,0.018375850320461354,0.3759,0.4335,0.46,0.05422500000000002,0.402725,0.4574,0.4735142857142857,0.5811542177561353,0.4809642857142858,0.5859932969187783,0.405775,resnet32,0.4206,0.4182,2.223171467469497,1.9456235783343965,0.2775478908707472,resnet32,0.3884,0.3844,2.218763690103184,1.9386428411711345,0.28012084897438233,resnet32,0.4061,0.4054,2.209138509732756,1.9347261727194895,0.27441233658993786,resnet32,0.4335,0.4286,2.2187757332893936,1.9434938996352933,0.27528183409859514,resnet32,0.3759,0.3806,2.2416184397244994,1.9650754185224122,0.27654301902194595,resnet32,0.4005,0.3922,2.252279217100956,1.9698586145585233,0.2824206008491191,resnet32,0.4255,0.4188,2.2352636893364517,1.9606707207858562,0.2745929663069546,resnet32,0.3957,0.3936,2.22796743363142,1.951568235050548,0.27639920118434186,9000000.0,5000.0,36010000.0,792220000.0,6337760000.0
resnet32x8_cifar100_K8_mwmd2-unif_seed0002_d001,d001,resnet32:8,cifar100,8,matched,mwmd2-unif,peers,2,200,64,0.1,0.9,0.0005,True,0,60,0.1,1.0,2,,disagreement,1.0,1,0.0,0.5,uniform,complete,0.0,0.0,42,0,45000,5000,10000,3760032,22,0.1,2,125.3,0.4079125,0.027689503313530206,0.3542,0.4464,0.4568,0.04888749999999997,0.40545000000000003,0.4632,0.47478571428571426,0.5835274202144137,0.47838571428571436,0.5914595655152564,0.4079125,resnet32,0.3802,0.3844,2.221029261465777,1.9391408064825968,0.2818884532052008,resnet32,0.4078,0.3966,2.2052679124542256,1.9222598871724172,0.2830080231863328,resnet32,0.4464,0.4476,2.211671273986047,1.9315474780107087,0.28012379752048716,resnet32,0.407,0.403,2.210575871000236,1.9327644057233224,0.2778114678168839,resnet32,0.4074,0.4074,2.2400819996202532,1.959322489290075,0.2807595098221844,resnet32,0.3542,0.3486,2.2384753076528963,1.9571330838582732,0.2813422234559601,resnet32,0.4323,0.4316,2.2327245685525914,1.9514267708767543,0.28129779985597864,resnet32,0.428,0.4244,2.2300626036118376,1.9491030760109425,0.28095953428948467,9000000.0,5000.0,36010000.0,828230000.0,6625840000.0
resnet32x8_cifar100_K8_mwmd2-unif_seed0002_d001,d001,resnet32:8,cifar100,8,matched,mwmd2-unif,peers,2,200,64,0.1,0.9,0.0005,True,0,60,0.1,1.0,2,,disagreement,1.0,1,0.0,0.5,uniform,complete,0.0,0.0,42,0,45000,5000,10000,3760032,23,0.1,2,125.17,0.39421249999999997,0.024125631468419645,0.3591,0.4295,0.4536,0.05938750000000004,0.387175,0.4398,0.5067857142857143,0.5696231694857448,0.5061928571428572,0.5706872463872392,0.39421249999999997,resnet32,0.4085,0.3994,2.203545193103227,1.9193602957847444,0.2841849016364325,resnet32,0.3891,0.3808,2.1937637857415457,1.911125785247846,0.28263800140385603,resnet32,0.3981,0.3928,2.189071718772704,1.9062448568980803,0.28282686204395513,resnet32,0.368,0.3632,2.1908059220083733,1.9098979734222998,0.28090794816274534,resnet32,0.4295,0.4272,2.2213392108678818,1.9359332817521961,0.28540592917918484,resnet32,0.3591,0.3512,2.2154402204535226,1.9335389611395923,0.2819012567739595,resnet32,0.3766,0.37,2.2030451097948984,1.9230012505907903,0.2800438521556895,resnet32,0.4248,0.4128,2.206718764521859,1.9229261285879395,0.2837926335421137,9000000.0,5000.0,36010000.0,864240000.0,6913920000.0
resnet32x8_cifar100_K8_mwmd2-unif_seed0002_d001,d001,resnet32:8,cifar100,8,matched,mwmd2-unif,peers,2,200,64,0.1,0.9,0.0005,True,0,60,0.1,1.0,2,,disagreement,1.0,1,0.0,0.5,uniform,complete,0.0,0.0,42,0,45000,5000,10000,3760032,24,0.1,2,124.24,0.396025,0.016906784880632984,0.3649,0.4147,0.4458,0.04977499999999996,0.39017500000000005,0.4426,0.45828571428571435,0.6059983021506906,0.4579035714285715,0.6094501565692989,0.396025,resnet32,0.405,0.4048,2.203393055295402,1.9193769502030178,0.28401610697619617,resnet32,0.3836,0.3738,2.1931955824521454,1.9094113805754618,0.2837842036334967,resnet32,0.3844,0.3836,2.191735291684216,1.9108849147504026,0.2808503788387911,resnet32,0.4127,0.406,2.1974641143937004,1.9117517684671013,0.2857123436194591,resnet32,0.39,0.3934,2.2265858108347114,1.9411781242286617,0.285407683071257,resnet32,0.3649,0.3536,2.218340702354908,1.9334778789092193,0.2848628228530288,resnet32,0.4147,0.4084,2.2125233176418324,1.9314058030193502,0.28111751269633795,resnet32,0.4129,0.3978,2.2047520085153254,1.9216411606493322,0.2831108486068181,9000000.0,5000.0,36010000.0,900250000.0,7202000000.0
resnet32x8_cifar100_K8_mwmd2-unif_seed0002_d001,d001,resnet32:8,cifar100,8,matched,mwmd2-unif,peers,2,200,64,0.1,0.9,0.0005,True,0,60,0.1,1.0,2,,disagreement,1.0,1,0.0,0.5,uniform,complete,0.0,0.0,42,0,45000,5000,10000,3760032,25,0.1,2,123.13,0.428875,0.02569123148079905,0.3845,0.4717,0.4923,0.06342500000000001,0.42565,0.4852,0.46047857142857157,0.6034184684443727,0.46888571428571435,0.597136585498656,0.428875,resnet32,0.4717,0.4692,2.1819327776743607,1.8969253047623418,0.28500747062604537,resnet32,0.4424,0.437,2.184183856303042,1.895589864897457,0.2885939881459556,resnet32,0.4457,0.4454,2.1771295619281856,1.895180406895551,0.2819491571916098,resnet32,0.4084,0.4032,2.1814784197644754,1.8986717787655918,0.28280664080838586,resnet32,0.4068,0.4034,2.2101845133372326,1.9252754173834215,0.2849090952764858,resnet32,0.3845,0.3852,2.2103170656006443,1.9212426595728507,0.28907440668395296,resnet32,0.4335,0.4348,2.1945131776685063,1.9118311252783646,0.28268205346962944,resnet32,0.438,0.427,2.1921155969188972,1.9063971598039975,0.2857184365434064,9000000.0,5000.0,36010000.0,936260000.0,7490080000.0
resnet32x8_cifar100_K8_mwmd2-unif_seed0002_d001,d001,resnet32:8,cifar100,8,matched,mwmd2-unif,peers,2,200,64,0.1,0.9,0.0005,True,0,60,0.1,1.0,2,,disagreement,1.0,1,0.0,0.5,uniform,complete,0.0,0.0,42,0,45000,5000,10000,3760032,26,0.1,2,121.79,0.42652500000000004,0.013475139145849295,0.4086,0.4489,0.4849,0.058374999999999955,0.42010000000000003,0.4808,0.467292857142857,0.5856759518136113,0.4668785714285714,0.5927388510427429,0.42652500000000004,resnet32,0.4258,0.4184,2.1859162021428347,1.9011546227742324,0.2847615789452737,resnet32,0.4385,0.4292,2.181030696935274,1.8947686022994192,0.28626209700649435,resnet32,0.4126,0.4044,2.1727213551375,1.891836749559099,0.28088460547256877,resnet32,0.4359,0.4256,2.173758367415179,1.8919508993964305,0.2818074636584656,resnet32,0.4086,0.3956,2.200955016538501,1.915782831101255,0.28517218882387335,resnet32,0.4125,0.4062,2.2034339909865097,1.9170887656509876,0.28634522182189603,resnet32,0.4489,0.4512,2.1930650101805274,1.9086973694237797,0.2843676447995346,resnet32,0.4294,0.4302,2.191236241974614,1.9059875588864088,0.28524868471801956,9000000.0,5000.0,36010000.0,972270000.0,7778160000.0
resnet32x8_cifar100_K8_mwmd2-unif_seed0002_d001,d001,resnet32:8,cifar100,8,matched,mwmd2-unif,peers,2,200,64,0.1,0.9,0.0005,True,0,60,0.1,1.0,2,,disagreement,1.0,1,0.0,0.5,uniform,complete,0.0,0.0,42,0,45000,5000,10000,3760032,27,0.1,2,123.82,0.389025,0.02479212324509541,0.35,0.4269,0.4515,0.062475,0.38644999999999996,0.4482,0.5185142857142858,0.5584944310711262,0.5208535714285714,0.5530072501186397,0.389025,resnet32,0.411,0.4002,2.1795511067929594,1.8932528665119952,0.2862982421436093,resnet32,0.4269,0.425,2.177945077757944,1.891384795308113,0.2865602813491767,resnet32,0.3786,0.374,2.172237228940834,1.8875777574086732,0.28465946903452277,resnet32,0.35,0.3576,2.1765092143958267,1.8892260187051513,0.28728319492868404,resnet32,0.3633,0.3622,2.1969800163060427,1.9119376343759624,0.28504237839528784,resnet32,0.3983,0.3938,2.1982931960374117,1.910959049381993,0.28733414743857627,resnet32,0.3747,0.3732,2.189790429208766,1.904660819437016,0.28512961008924653,resnet32,0.4094,0.4056,2.1799905467778444,1.8943089233203367,0.28568162661130453,9000000.0,5000.0,36010000.0,1008280000.0,8066240000.0
resnet32x8_cifar100_K8_mwmd2-unif_seed0002_d001,d001,resnet32:8,cifar100,8,matched,mwmd2-unif,peers,2,200,64,0.1,0.9,0.0005,True,0,60,0.1,1.0,2,,disagreement,1.0,1,0.0,0.5,uniform,complete,0.0,0.0,42,0,45000,5000,10000,3760032,28,0.1,2,123.63,0.404825,0.03242066277854294,0.3573,0.4473,0.47,0.06517499999999998,0.3968,0.4568,0.4986285714285715,0.5672414024438065,0.5020928571428571,0.5692069443351927,0.404825,resnet32,0.4398,0.4262,2.170348556881601,1.8828697406094184,0.287478818685155,resnet32,0.4406,0.4252,2.169110208072446,1.8767917444082824,0.2923184650823135,resnet32,0.3834,0.3818,2.1640941962938416,1.87834815105254,0.2857460494110869,resnet32,0.4473,0.4286,2.1673348554494707,1.8795615639537573,0.28777329001406377,resnet32,0.4049,0.3976,2.196468715809963,1.9055900433185426,0.29087867100977083,resnet32,0.3685,0.3592,2.184532442045483,1.897511931813576,0.28702051137489354,resnet32,0.3968,0.3942,2.1815060416067187,1.895522696728056,0.28598334278318693,resnet32,0.3573,0.3616,2.1819238872690634,1.8954035251994024,0.28652036046101287,9000000.0,5000.0,36010000.0,1044290000.0,8354320000.0
resnet32x8_cifar100_K8_mwmd2-unif_seed0002_d001,d001,resnet32:8,cifar100,8,matched,mwmd2-unif,peers,2,200,64,0.1,0.9,0.0005,True,0,60,0.1,1.0,2,,disagreement,1.0,1,0.0,0.5,uniform,complete,0.0,0.0,42,0,45000,5000,10000,3760032,29,0.1,2,122.8,0.417625,0.009432755429883685,0.4021,0.4282,0.4809,0.06327499999999997,0.407625,0.4666,0.4749642857142858,0.5888740149561442,0.476667857142857,0.5911107468478881,0.417625,resnet32,0.4162,0.402,2.1665297875350173,1.8799377960914916,0.2865919974971224,resnet32,0.4282,0.4206,2.1656173618341032,1.8755765137347309,0.2900408465753902,resnet32,0.4021,0.3816,2.1589169517498124,1.8728281999514862,0.2860887533011423,resnet32,0.4257,0.4164,2.1608835477381945,1.8788702007044444,0.28201334620825946,resnet32,0.4251,0.4154,2.190930271182548,1.90097542073239,0.28995484714819625,resnet32,0.4095,0.4058,2.1933813979002563,1.9025994107465853,0.29078198482536455,resnet32,0.4079,0.4002,2.179041621867906,1.890913062813607,0.2881285559640012,resnet32,0.4263,0.419,2.1755990789017896,1.888225756077604,0.2873733250889927,9000000.0,5000.0,36010000.0,1080300000.0,8642400000.0
resnet32x8_cifar100_K8_mwmd2-unif_seed0002_d001,d001,resnet32:8,cifar100,8,matched,mwmd2-unif,peers,2,200,64,0.1,0.9,0.0005,True,0,60,0.1,1.0,2,,disagreement,1.0,1,0.0,0.5,uniform,complete,0.0,0.0,42,0,45000,5000,10000,3760032,30,0.1,2,122.42,0.4227875,0.011080888671492005,0.4121,0.4377,0.4841,0.06131249999999999,0.41535,0.4756,0.47254999999999997,0.5814618574519129,0.47335357142857143,0.5868339085356435,0.4227875,resnet32,0.4128,0.4102,2.151815354146741,1.8665283027697692,0.28528705063614657,resnet32,0.4373,0.4302,2.1541362321850928,1.8666501245038076,0.2874861055223102,resnet32,0.4121,0.4018,2.152980709956451,1.8663573046638207,0.286623408742757,resnet32,0.4377,0.429,2.14826049791141,1.8620907547460361,0.28616974964229897,resnet32,0.4121,0.4104,2.1775096910582348,1.8893489282239566,0.28816075771200383,resnet32,0.4148,0.4068,2.174433797936548,1.8853918202221394,0.28904197337529197,resnet32,0.4204,0.413,2.168202584101395,1.880827109414068,0.2873754743063314,resnet32,0.4351,0.4214,2.161805359308015,1.8755306875841184,0.2862746722107245,9000000.0,5000.0,36010000.0,1116310000.0,8930480000.0
resnet32x8_cifar100_K8_mwmd2-unif_seed0002_d001,d001,resnet32:8,cifar100,8,matched,mwmd2-unif,peers,2,200,64,0.1,0.9,0.0005,True,0,60,0.1,1.0,2,,disagreement,1.0,1,0.0,0.5,uniform,complete,0.0,0.0,42,0,45000,5000,10000,3760032,31,0.1,2,124.02,0.3962375,0.02072974538555648,0.359,0.4258,0.453,0.056762499999999994,0.390075,0.4448,0.4877142857142857,0.5759933364947765,0.48862857142857136,0.5797435149171912,0.3962375,resnet32,0.4008,0.387,2.156367703764276,1.868476122787053,0.28789157689210365,resnet32,0.375,0.3718,2.156634044918147,1.8651317241178318,0.2915023191916672,resnet32,0.4258,0.4162,2.1509570814669132,1.8622490265829996,0.28870805026963353,resnet32,0.4204,0.4144,2.152446847578341,1.8631394380195574,0.28930740792896936,resnet32,0.359,0.3582,2.182609889486974,1.8916197903454304,0.2909900975752283,resnet32,0.3873,0.3876,2.166030200706287,1.8753023325380953,0.29072786937467754,resnet32,0.4007,0.3928,2.162190306931734,1.8777671644294804,0.2844231438357383,resnet32,0.4009,0.3926,2.159686490046707,1.8713524741205303,0.2883340146985244,9000000.0,5000.0,36010000.0,1152320000.0,9218560000.0
resnet32x8_cifar100_K8_mwmd2-unif_seed0002_d001,d001,resnet32:8,cifar100,8,matched,mwmd2-unif,peers,2,200,64,0.1,0.9,0.0005,True,0,60,0.1,1.0,2,,disagreement,1.0,1,0.0,0.5,uniform,complete,0.0,0.0,42,0,45000,5000,10000,3760032,32,0.1,2,122.8,0.39195,0.033090973089348705,0.3241,0.4537,0.4554,0.06345,0.38144999999999996,0.4398,0.5061428571428571,0.5637653562232983,0.502875,0.5719143608195986,0.39195,resnet32,0.3241,0.316,2.143049060621045,1.853907252069224,0.2891418078321625,resnet32,0.4537,0.4368,2.140682383694432,1.8521127550100738,0.28856962972151284,resnet32,0.3887,0.3852,2.144847211851315,1.8564338894052939,0.28841332212852483,resnet32,0.3839,0.3714,2.1468172682957216,1.8578684291040355,0.2889488381333649,resnet32,0.406,0.3904,2.1715833178975363,1.8804697594182058,0.2911135582041673,resnet32,0.3886,0.3744,2.1693175162442704,1.8790963273495436,0.29022118845023215,resnet32,0.3996,0.3954,2.159678201614456,1.8712813627313485,0.2883968388407745,resnet32,0.391,0.382,2.1624817689034073,1.8711077279665254,0.29137403901073744,9000000.0,5000.0,36010000.0,1188330000.0,9506640000.0
resnet32x8_cifar100_K8_mwmd2-unif_seed0002_d001,d001,resnet32:8,cifar100,8,matched,mwmd2-unif,peers,2,200,64,0.1,0.9,0.0005,True,0,60,0.1,1.0,2,,disagreement,1.0,1,0.0,0.5,uniform,complete,0.0,0.0,42,0,45000,5000,10000,3760032,33,0.1,2,121.85,0.414875,0.04162084063302903,0.3197,0.451,0.4844,0.069525,0.40869999999999995,0.4814,0.5030857142857144,0.5652255175432399,0.4964321428571429,0.573193625531076,0.414875,resnet32,0.4262,0.4196,2.152106926183809,1.8600629676472058,0.29204396075907757,resnet32,0.4429,0.4396,2.1461838754740628,1.8577896815470674,0.2883941957684742,resnet32,0.403,0.3936,2.1505087231370537,1.8618140276521444,0.2886946981307119,resnet32,0.3197,0.318,2.1522533248432656,1.862716112624515,0.28953721073710104,resnet32,0.4473,0.4364,2.1784097239036453,1.888699441470883,0.28971028164960444,resnet32,0.4408,0.4332,2.169710385528478,1.878133645450527,0.29157674058594485,resnet32,0.3881,0.3904,2.1592236394909294,1.8733738714998418,0.2858497653452849,resnet32,0.451,0.4388,2.1558001159944316,1.86747854846445,0.2883215662811629,9000000.0,5000.0,36010000.0,1224340000.0,9794720000.0
resnet32x8_cifar100_K8_mwmd2-unif_seed0002_d001,d001,resnet32:8,cifar100,8,matched,mwmd2-unif,peers,2,200,64,0.1,0.9,0.0005,True,0,60,0.1,1.0,2,,disagreement,1.0,1,0.0,0.5,uniform,complete,0.0,0.0,42,0,45000,5000,10000,3760032,34,0.1,2,124.38,0.412575,0.023453024858213913,0.3572,0.438,0.4713,0.05872499999999997,0.40825,0.4656,0.47416428571428565,0.5888754911558449,0.47897500000000004,0.5897457116513775,0.412575,resnet32,0.4072,0.4014,2.146163756197149,1.8558860300955446,0.29027772354046727,resnet32,0.438,0.4288,2.1383891666138712,1.847666702487252,0.29072246474044566,resnet32,0.4243,0.4168,2.1354625883766194,1.8484138036993416,0.28704878516410565,resnet32,0.3572,0.3592,2.1406325591220097,1.8524125370789657,0.2882200237363577,resnet32,0.422,0.4148,2.1604095810854975,1.8720468081195245,0.28836277131499216,resnet32,0.4329,0.4294,2.151341877200387,1.8618388766930862,0.2895029970148409,resnet32,0.4091,0.4088,2.1576456852595913,1.8713537256487391,0.2862919582562013,resnet32,0.4099,0.4068,2.147135394032706,1.8584222627634353,0.2887131291102957,9000000.0,5000.0,36010000.0,1260350000.0,10082800000.0
resnet32x8_cifar100_K8_mwmd2-unif_seed0002_d001,d001,resnet32:8,cifar100,8,matched,mwmd2-unif,peers,2,200,64,0.1,0.9,0.0005,True,0,60,0.1,1.0,2,,disagreement,1.0,1,0.0,0.5,uniform,complete,0.0,0.0,42,0,45000,5000,10000,3760032,35,0.1,2,122.76,0.35683750000000003,0.04771739560946302,0.2507,0.407,0.4093,0.05246249999999997,0.3448,0.3948,0.51025,0.591533327427042,0.5069285714285714,0.5905002988590586,0.35683750000000003,resnet32,0.407,0.3884,2.1357943842356857,1.8444179616529832,0.291376423725689,resnet32,0.3891,0.3764,2.1370408707721666,1.8418257236480713,0.29521514303897595,resnet32,0.2507,0.2408,2.1329774309627036,1.8430335677482865,0.2899438669185408,resnet32,0.3971,0.3852,2.132459643889557,1.8402025852013717,0.29225705707953736,resnet32,0.3321,0.3182,2.1644327342510223,1.8720052477649667,0.29242748561823234,resnet32,0.3832,0.3756,2.155769015408375,1.865036559545181,0.2907324567945166,resnet32,0.36,0.3538,2.1475821520117195,1.8590865362096916,0.2884956109760837,resnet32,0.3355,0.32,2.1448115323754875,1.8523156448182734,0.29249589003368537,9000000.0,5000.0,36010000.0,1296360000.0,10370880000.0
resnet32x8_cifar100_K8_mwmd2-unif_seed0002_d001,d001,resnet32:8,cifar100,8,matched,mwmd2-unif,peers,2,200,64,0.1,0.9,0.0005,True,0,60,0.1,1.0,2,,disagreement,1.0,1,0.0,0.5,uniform,complete,0.0,0.0,42,0,45000,5000,10000,3760032,36,0.1,2,122.57,0.4221,0.0391356614866799,0.3378,0.4651,0.4837,0.061600000000000044,0.41335,0.4782,0.4820357142857143,0.567664136510063,0.47841785714285706,0.5778653405077767,0.4221,resnet32,0.465,0.4532,2.134338950738311,1.8437675962393933,0.2905713537580926,resnet32,0.3922,0.3904,2.131305465644056,1.837971286170862,0.2933341764252294,resnet32,0.4331,0.4168,2.132794674993916,1.8434096158228137,0.28938506080091675,resnet32,0.4129,0.4078,2.1360645241696727,1.8456190079450607,0.2904455120759932,resnet32,0.4651,0.4502,2.1560154384510084,1.8614780995994806,0.2945373358458958,resnet32,0.3378,0.341,2.1507146319543775,1.8587488811463118,0.2919657491994175,resnet32,0.4336,0.4228,2.143802110613747,1.850621223449707,0.29318088657138025,resnet32,0.4371,0.4246,2.148789907382293,1.8559360370378604,0.29285386661914264,9000000.0,5000.0,36010000.0,1332370000.0,10658960000.0
resnet32x8_cifar100_K8_mwmd2-unif_seed0002_d001,d001,resnet32:8,cifar100,8,matched,mwmd2-unif,peers,2,200,64,0.1,0.9,0.0005,True,0,60,0.1,1.0,2,,disagreement,1.0,1,0.0,0.5,uniform,complete,0.0,0.0,42,0,45000,5000,10000,3760032,37,0.1,2,122.22,0.429875,0.008021494561489144,0.418,0.4391,0.4841,0.05422499999999997,0.42962500000000003,0.4842,0.4538785714285714,0.605308125059118,0.4550785714285715,0.6113378281345823,0.429875,resnet32,0.421,0.4256,2.1165416572581637,1.8310484749011018,0.28549317736178637,resnet32,0.418,0.425,2.1248727877709,1.835583764382384,0.2892890244256705,resnet32,0.4381,0.4366,2.1289546933363783,1.8417840740558775,0.2871706198096614,resnet32,0.4232,0.4262,2.121938468380408,1.8391342720186168,0.28280419585379685,resnet32,0.4391,0.4396,2.1475619001483377,1.8576791284775191,0.28988277463411743,resnet32,0.4372,0.4276,2.1430603313175114,1.8536793007092043,0.28938102993098175,resnet32,0.4267,0.4242,2.135957050899213,1.8486433110453866,0.28731374142014166,resnet32,0.4357,0.4322,2.1460857061161236,1.8545030253854664,0.29158267812718724,9000000.0,5000.0,36010000.0,1368380000.0,10947040000.0
resnet32x8_cifar100_K8_mwmd2-unif_seed0002_d001,d001,resnet32:8,cifar100,8,matched,mwmd2-unif,peers,2,200,64,0.1,0.9,0.0005,True,0,60,0.1,1.0,2,,disagreement,1.0,1,0.0,0.5,uniform,complete,0.0,0.0,42,0,45000,5000,10000,3760032,38,0.1,2,122.59,0.39835000000000004,0.015123078390327817,0.3754,0.4171,0.4561,0.05774999999999997,0.39675,0.454,0.5066071428571429,0.5648478964340808,0.5044428571428571,0.5850990654111724,0.39835000000000004,resnet32,0.3754,0.3726,2.1221133468841966,1.8307090433822437,0.29140430481427093,resnet32,0.4038,0.4034,2.1194576560096308,1.8281918623569338,0.2912657913243906,resnet32,0.4171,0.4206,2.114420434798707,1.8266338587484576,0.28778657655824313,resnet32,0.3831,0.3764,2.1207351384853776,1.8303704803640193,0.2903646562375467,resnet32,0.4131,0.4092,2.142044448886405,1.8486660515720195,0.2933783992828632,resnet32,0.3829,0.3796,2.134733934463425,1.8409902641380376,0.29374367000789126,resnet32,0.3978,0.398,2.132294162938541,1.8419016479429873,0.2903925138102336,resnet32,0.4136,0.4142,2.1371403846212407,1.8444940674711356,0.29264631687494164,9000000.0,5000.0,36010000.0,1404390000.0,11235120000.0
resnet32x8_cifar100_K8_mwmd2-unif_seed0002_d001,d001,resnet32:8,cifar100,8,matched,mwmd2-unif,peers,2,200,64,0.1,0.9,0.0005,True,0,60,0.1,1.0,2,,disagreement,1.0,1,0.0,0.5,uniform,complete,0.0,0.0,42,0,45000,5000,10000,3760032,39,0.1,2,123.22,0.399025,0.02676909365294238,0.3513,0.4288,0.4556,0.056574999999999986,0.39670000000000005,0.4474,0.4710142857142858,0.6030289272606739,0.47910000000000014,0.5995778438733016,0.399025,resnet32,0.4266,0.4204,2.1182376107370313,1.8280818696049126,0.2901557399679653,resnet32,0.4161,0.4116,2.1227711132642897,1.8308460991829634,0.29192500783723185,resnet32,0.3763,0.3742,2.1232807736166497,1.8355784363706003,0.2877023356585679,resnet32,0.4288,0.42,2.1152157116342676,1.8294732499529014,0.2857424610463733,resnet32,0.4198,0.4238,2.146227416836403,1.8548440633511,0.29138335274447774,resnet32,0.3752,0.3744,2.1413585758683356,1.8474673981016332,0.2938911813226613,resnet32,0.3513,0.3548,2.144926840439439,1.8540444609455087,0.29088238171640446,resnet32,0.3981,0.3944,2.1328618074343964,1.8391470523043112,0.29371475320394064,9000000.0,5000.0,36010000.0,1440400000.0,11523200000.0
resnet32x8_cifar100_K8_mwmd2-unif_seed0002_d001,d001,resnet32:8,cifar100,8,matched,mwmd2-unif,peers,2,200,64,0.1,0.9,0.0005,True,0,60,0.1,1.0,2,,disagreement,1.0,1,0.0,0.5,uniform,complete,0.0,0.0,42,0,45000,5000,10000,3760032,40,0.1,2,123.41,0.4301625,0.015164426917955064,0.4134,0.4532,0.4826,0.05243749999999997,0.42825,0.474,0.45069999999999993,0.6109633615514349,0.45462857142857144,0.6123878163153652,0.4301625,resnet32,0.4531,0.453,2.121044199067083,1.8290572347627445,0.2919869647700001,resnet32,0.4532,0.453,2.1282168836756186,1.8370262247256257,0.29119065594436094,resnet32,0.4237,0.427,2.128245264122432,1.8391883989626712,0.2890568641014397,resnet32,0.4195,0.4182,2.115931749682535,1.8296296274797483,0.2863021202554757,resnet32,0.4139,0.4082,2.1438166345046326,1.8510069991038605,0.2928096334111284,resnet32,0.4383,0.4358,2.137821062213995,1.8455165289342403,0.2923045314594426,resnet32,0.4262,0.4174,2.139956083656712,1.8521236629987305,0.28783242036165163,resnet32,0.4134,0.4134,2.1317889363589613,1.8408987720242955,0.29089016672647133,9000000.0,5000.0,36010000.0,1476410000.0,11811280000.0
resnet32x8_cifar100_K8_mwmd2-unif_seed0002_d001,d001,resnet32:8,cifar100,8,matched,mwmd2-unif,peers,2,200,64,0.1,0.9,0.0005,True,0,60,0.1,1.0,2,,disagreement,1.0,1,0.0,0.5,uniform,complete,0.0,0.0,42,0,45000,5000,10000,3760032,41,0.1,2,122.89,0.42569999999999997,0.016690790874011926,0.3914,0.4527,0.4884,0.06270000000000003,0.416575,0.4728,0.48319999999999996,0.5781796819136298,0.48655,0.5801841272731172,0.42569999999999997,resnet32,0.4245,0.4154,2.110146963460879,1.8171893810345368,0.2929575833788311,resnet32,0.413,0.4052,2.1100552689961414,1.8171287009661847,0.2929265663154762,resnet32,0.4292,0.4176,2.1155794613401997,1.8236725982278585,0.2919068618211895,resnet32,0.4262,0.4238,2.1217932460660283,1.8282938155938278,0.2934994284825569,resnet32,0.4344,0.4218,2.135966696353121,1.8439766471697525,0.2919900484425439,resnet32,0.4342,0.433,2.1351385353641077,1.8421012423932552,0.2930372916373678,resnet32,0.3914,0.3838,2.1264325177127663,1.8357996542684056,0.29063286632299423,resnet32,0.4527,0.432,2.1309456042945385,1.8385380977256731,0.29240750675936317,9000000.0,5000.0,36010000.0,1512420000.0,12099360000.0
resnet32x8_cifar100_K8_mwmd2-unif_seed0002_d001,d001,resnet32:8,cifar100,8,matched,mwmd2-unif,peers,2,200,64,0.1,0.9,0.0005,True,0,60,0.1,1.0,2,,disagreement,1.0,1,0.0,0.5,uniform,complete,0.0,0.0,42,0,45000,5000,10000,3760032,42,0.1,2,124.46,0.4533625,0.015353007645083747,0.4228,0.4773,0.5139,0.06053750000000002,0.4445,0.5012,0.4410642857142858,0.6067100718088408,0.44295357142857145,0.6081561651831157,0.4533625,resnet32,0.4228,0.4198,2.112811973487789,1.8238788838074966,0.2889330879023129,resnet32,0.4498,0.439,2.125576517798684,1.829370712522756,0.29620580591092055,resnet32,0.4773,0.465,2.1262907270680773,1.8347879224880175,0.29150280758569186,resnet32,0.452,0.4474,2.125214295123111,1.8337243206121705,0.2914899783843959,resnet32,0.4682,0.4586,2.152139250527729,1.8553180481222542,0.29682120320979843,resnet32,0.4454,0.433,2.1335859540849924,1.8422646290537985,0.2913213291163133,resnet32,0.4616,0.4568,2.1337528425184162,1.8421088147231124,0.29164402798580175,resnet32,0.4498,0.4364,2.1324606478552925,1.8421940727328712,0.29026657141829754,9000000.0,5000.0,36010000.0,1548430000.0,12387440000.0
resnet32x8_cifar100_K8_mwmd2-unif_seed0002_d001,d001,resnet32:8,cifar100,8,matched,mwmd2-unif,peers,2,200,64,0.1,0.9,0.0005,True,0,60,0.1,1.0,2,,disagreement,1.0,1,0.0,0.5,uniform,complete,0.0,0.0,42,0,45000,5000,10000,3760032,43,0.1,2,125.22,0.41076250000000003,0.03138020624135539,0.3543,0.4478,0.4786,0.0678375,0.406775,0.4744,0.5056571428571428,0.5596005914577634,0.5007892857142858,0.5753517393602184,0.41076250000000003,resnet32,0.4478,0.4472,2.107514302161607,1.8153619857674295,0.2921523138753731,resnet32,0.3543,0.3524,2.1112888062542137,1.8174197998913852,0.29386900742114946,resnet32,0.443,0.4376,2.110156528990377,1.8199452771381899,0.29021124988371,resnet32,0.4383,0.438,2.1112568236210127,1.8211210043254225,0.2901358191262592,resnet32,0.4196,0.4194,2.1391169752248307,1.843202469362454,0.29591450740752573,resnet32,0.398,0.3896,2.131103815002875,1.8367337936704808,0.29437002046457067,resnet32,0.375,0.3664,2.1270963964475826,1.8341802805662155,0.2929161182943393,resnet32,0.4101,0.4036,2.1218151072548195,1.82877658019689,0.29303852329030633,9000000.0,5000.0,36010000.0,1584440000.0,12675520000.0
resnet32x8_cifar100_K8_mwmd2-unif_seed0002_d001,d001,resnet32:8,cifar100,8,matched,mwmd2-unif,peers,2,200,64,0.1,0.9,0.0005,True,0,60,0.1,1.0,2,,disagreement,1.0,1,0.0,0.5,uniform,complete,0.0,0.0,42,0,45000,5000,10000,3760032,44,0.1,2,124.76,0.40725,0.03579343515227338,0.3296,0.4436,0.4671,0.059850000000000014,0.40902499999999997,0.4642,0.48825714285714295,0.5828956397332284,0.49227857142857145,0.582830366709091,0.40725,resnet32,0.4118,0.4082,2.099120179360563,1.8115726839751005,0.28754749500446697,resnet32,0.4385,0.4386,2.1083490393039854,1.8148646713657812,0.2934843674937094,resnet32,0.3296,0.336,2.114862883802165,1.823710868304426,0.2911520178048787,resnet32,0.437,0.44,2.1038250896063717,1.8153983684764667,0.28842672157439997,resnet32,0.4436,0.4426,2.133248109709133,1.839177985421636,0.29407012210735545,resnet32,0.4135,0.4114,2.127392769198526,1.8345131750472568,0.29287959508259187,resnet32,0.408,0.4146,2.1214225735854018,1.8311793961646883,0.2902431808708405,resnet32,0.376,0.3808,2.110438570549542,1.8217851123349234,0.288653459823267,9000000.0,5000.0,36010000.0,1620450000.0,12963600000.0
resnet32x8_cifar100_K8_mwmd2-unif_seed0002_d001,d001,resnet32:8,cifar100,8,matched,mwmd2-unif,peers,2,200,64,0.1,0.9,0.0005,True,0,60,0.1,1.0,2,,disagreement,1.0,1,0.0,0.5,uniform,complete,0.0,0.0,42,0,45000,5000,10000,3760032,45,0.1,2,125.0,0.4429375,0.020068130051153245,0.4014,0.4654,0.4981,0.0551625,0.4445,0.5102,0.4557000000000001,0.5798323876881647,0.45638928571428566,0.5820532845161005,0.4429375,resnet32,0.4252,0.4206,2.0992652116851374,1.8070236673070625,0.2922415403141217,resnet32,0.4596,0.4662,2.1075062731450256,1.8157992716878653,0.29170700077983464,resnet32,0.4654,0.4614,2.10751704194329,1.8167085632343183,0.29080847930163145,resnet32,0.4477,0.447,2.1073181341317566,1.8183322232216597,0.28898591275157576,resnet32,0.4366,0.4408,2.130452097986232,1.8349063359200954,0.2955457646061074,resnet32,0.4467,0.453,2.1213657226074827,1.8283658307045698,0.29299988968043844,resnet32,0.4014,0.402,2.1224022577093407,1.8301379294558004,0.29226432679305697,resnet32,0.4609,0.465,2.1202593350952323,1.8287865014916116,0.2914728360377591,9000000.0,5000.0,36010000.0,1656460000.0,13251680000.0
resnet32x8_cifar100_K8_mwmd2-unif_seed0002_d001,d001,resnet32:8,cifar100,8,matched,mwmd2-unif,peers,2,200,64,0.1,0.9,0.0005,True,0,60,0.1,1.0,2,,disagreement,1.0,1,0.0,0.5,uniform,complete,0.0,0.0,42,0,45000,5000,10000,3760032,46,0.1,2,125.0,0.426975,0.019041123259934012,0.396,0.462,0.4819,0.054925,0.4244,0.4758,0.4490357142857143,0.5991421688163846,0.4518357142857144,0.5922267458324164,0.426975,resnet32,0.432,0.4216,2.0898357716135005,1.7960783487016505,0.2937574237796732,resnet32,0.4212,0.418,2.0973088062283667,1.8051501089199022,0.29215869663113897,resnet32,0.396,0.3948,2.103727375072512,1.8123505709862167,0.29137680774808605,resnet32,0.4358,0.4314,2.0991601669652895,1.8079693854193797,0.291190784255212,resnet32,0.4312,0.4334,2.1254492227665405,1.830962173132734,0.2944870505227961,resnet32,0.4042,0.404,2.107234751805663,1.816246870058504,0.290987881091,resnet32,0.462,0.4586,2.1221326322040777,1.828282560983842,0.29385007047941064,resnet32,0.4334,0.4334,2.11226290803064,1.8200426883995533,0.29222021999091585,9000000.0,5000.0,36010000.0,1692470000.0,13539760000.0
resnet32x8_cifar100_K8_mwmd2-unif_seed0002_d001,d001,resnet32:8,cifar100,8,matched,mwmd2-unif,peers,2,200,64,0.1,0.9,0.0005,True,0,60,0.1,1.0,2,,disagreement,1.0,1,0.0,0.5,uniform,complete,0.0,0.0,42,0,45000,5000,10000,3760032,47,0.1,2,123.09,0.4062125,0.02594052994350732,0.3683,0.4485,0.4688,0.06258750000000002,0.400675,0.4574,0.5012214285714286,0.5579980971359865,0.4999071428571429,0.5613039774268163,0.4062125,resnet32,0.428,0.4272,2.0935587871142407,1.8004231884736905,0.29313559842888604,resnet32,0.4485,0.436,2.09703563797203,1.8013731905005195,0.29566244332289154,resnet32,0.4066,0.4026,2.097387406975031,1.8068260123783892,0.2905613994860852,resnet32,0.4231,0.422,2.102762748910622,1.8096727076917887,0.2930900415151634,resnet32,0.3683,0.369,2.125730466436256,1.8286886931481687,0.2970417712984437,resnet32,0.395,0.3938,2.113836059008132,1.8176427766342054,0.296193281379105,resnet32,0.3707,0.3624,2.1134327240288258,1.8177878240292722,0.29564490279352124,resnet32,0.4095,0.3924,2.112953518093987,1.816481283103878,0.29647223941389134,9000000.0,5000.0,36010000.0,1728480000.0,13827840000.0
resnet32x8_cifar100_K8_mwmd2-unif_seed0002_d001,d001,resnet32:8,cifar100,8,matched,mwmd2-unif,peers,2,200,64,0.1,0.9,0.0005,True,0,60,0.1,1.0,2,,disagreement,1.0,1,0.0,0.5,uniform,complete,0.0,0.0,42,0,45000,5000,10000,3760032,48,0.1,2,122.47,0.4159,0.03882911278924617,0.3243,0.4521,0.4956,0.0797,0.41264999999999996,0.4936,0.5299785714285713,0.5370782304776326,0.5278285714285713,0.5493688427519323,0.4159,resnet32,0.4521,0.4454,2.08385350859978,1.7926518094133248,0.2912016952495006,resnet32,0.4513,0.4498,2.0948339602486654,1.8039218172092328,0.29091213925064285,resnet32,0.4178,0.4124,2.1037949416786432,1.8131350863047622,0.2906598582525145,resnet32,0.437,0.44,2.101738986643878,1.8104928210377693,0.29124617032622074,resnet32,0.3953,0.3868,2.1269732666286556,1.8327605580403046,0.2942127060060474,resnet32,0.4184,0.4148,2.1123038818213073,1.8200852234255185,0.2922186615919186,resnet32,0.431,0.4196,2.1187881749461996,1.8276972934942355,0.2910908779806711,resnet32,0.3243,0.3324,2.1054147922179918,1.8109353010288693,0.29447949144311925,9000000.0,5000.0,36010000.0,1764490000.0,14115920000.0
resnet32x8_cifar100_K8_mwmd2-unif_seed0002_d001,d001,resnet32:8,cifar100,8,matched,mwmd2-unif,peers,2,200,64,0.1,0.9,0.0005,True,0,60,0.1,1.0,2,,disagreement,1.0,1,0.0,0.5,uniform,complete,0.0,0.0,42,0,45000,5000,10000,3760032,49,0.1,2,123.35,0.3733,0.02420609427396333,0.3334,0.4201,0.4197,0.0464,0.3746,0.4304,0.47478571428571426,0.5965351358230446,0.46980357142857143,0.6041244719296383,0.3733,resnet32,0.3686,0.3676,2.091643287376924,1.800382311540571,0.29126097537069157,resnet32,0.3748,0.3816,2.0997890059582214,1.805449229241772,0.2943397777112709,resnet32,0.3753,0.3784,2.102741267024116,1.8119541321965782,0.2907871348487044,resnet32,0.3334,0.3326,2.0970662769607524,1.8073500128970905,0.289716261015697,resnet32,0.3475,0.3422,2.1212176396088167,1.8276633754033933,0.2935542591889812,resnet32,0.3812,0.3842,2.120314084162766,1.8264133860780434,0.29390069956637244,resnet32,0.4201,0.4222,2.1151866445487197,1.82748183963651,0.2877048056742007,resnet32,0.3855,0.388,2.1099100910465824,1.817898540334268,0.2920115551784296,9000000.0,5000.0,36010000.0,1800500000.0,14404000000.0
resnet32x8_cifar100_K8_mwmd2-unif_seed0002_d001,d001,resnet32:8,cifar100,8,matched,mwmd2-unif,peers,2,200,64,0.1,0.9,0.0005,True,0,60,0.1,1.0,2,,disagreement,1.0,1,0.0,0.5,uniform,complete,0.0,0.0,42,0,45000,5000,10000,3760032,50,0.1,2,122.26,0.4285875,0.0372389727805427,0.3495,0.4715,0.493,0.06441249999999998,0.41985,0.479,0.49104285714285717,0.5846395639372276,0.48687142857142846,0.5801523512280026,0.4285875,resnet32,0.4715,0.4676,2.0885664248331026,1.7958428600633687,0.29272356460040266,resnet32,0.4486,0.4344,2.09365139647641,1.7973791435360909,0.2962722533213144,resnet32,0.433,0.4246,2.1040462399409576,1.808538966388865,0.29550727329809556,resnet32,0.4583,0.4444,2.089383247054436,1.7992628767070444,0.2901203723582016,resnet32,0.4177,0.409,2.1144290288740937,1.8205096574330872,0.29391937205483293,resnet32,0.4529,0.444,2.109674347395247,1.8146284595131874,0.2950458879878914,resnet32,0.3495,0.34,2.1107170835814695,1.8184794805605302,0.292237605730241,resnet32,0.3972,0.3948,2.1016422107138415,1.8075276345691897,0.2941145740491761,9000000.0,5000.0,36010000.0,1836510000.0,14692080000.0
resnet32x8_cifar100_K8_mwmd2-unif_seed0002_d001,d001,resnet32:8,cifar100,8,matched,mwmd2-unif,peers,2,200,64,0.1,0.9,0.0005,True,0,60,0.1,1.0,2,,disagreement,1.0,1,0.0,0.5,uniform,complete,0.0,0.0,42,0,45000,5000,10000,3760032,51,0.1,2,123.91,0.44666249999999996,0.025782209830617714,0.3984,0.4919,0.5097,0.06303750000000008,0.445075,0.51,0.45665000000000006,0.5882434473991374,0.45466071428571425,0.5883919039483779,0.44666249999999996,resnet32,0.4241,0.4176,2.081226969645782,1.7893303228034214,0.29189664900133555,resnet32,0.459,0.4562,2.0960955789143387,1.7993201383135535,0.29677544049495325,resnet32,0.3984,0.402,2.0919263279912146,1.7989815012975172,0.2929448251273822,resnet32,0.4615,0.457,2.090993568301201,1.7975616778501056,0.2934318970126862,resnet32,0.44,0.441,2.1153301147913393,1.8171157669276,0.29821434972638433,resnet32,0.4505,0.4532,2.1065419152040374,1.810487928207625,0.29605398371561686,resnet32,0.4479,0.4518,2.109194402159615,1.8191091524945064,0.2900852508080954,resnet32,0.4919,0.4818,2.1084756962955,1.811691491779956,0.2967842071401802,9000000.0,5000.0,36010000.0,1872520000.0,14980160000.0
resnet32x8_cifar100_K8_mwmd2-unif_seed0002_d001,d001,resnet32:8,cifar100,8,matched,mwmd2-unif,peers,2,200,64,0.1,0.9,0.0005,True,0,60,0.1,1.0,2,,disagreement,1.0,1,0.0,0.5,uniform,complete,0.0,0.0,42,0,45000,5000,10000,3760032,52,0.1,2,123.68,0.45,0.029960432239872634,0.3951,0.4996,0.5209,0.07090000000000002,0.446075,0.5224,0.47504285714285704,0.5583372443732252,0.4794321428571428,0.5576576254757752,0.45,resnet32,0.4224,0.4196,2.076854483478449,1.783727335489609,0.2931271498091519,resnet32,0.4338,0.4274,2.093461573801257,1.7991739188066938,0.2942876563280482,resnet32,0.458,0.4544,2.0902010192247955,1.7955937827513977,0.29460723526691174,resnet32,0.4624,0.4602,2.086823984980583,1.7966720680282875,0.2901519151319834,resnet32,0.4695,0.4646,2.110546686432578,1.8154171845791014,0.2951295003294945,resnet32,0.3951,0.39,2.106001064689322,1.8111687140031294,0.29483235405165364,resnet32,0.4592,0.4606,2.104336988180876,1.8129132439128377,0.2914237427652221,resnet32,0.4996,0.4918,2.0972768544134768,1.8052162065763364,0.29206064819696953,9000000.0,5000.0,36010000.0,1908530000.0,15268240000.0
resnet32x8_cifar100_K8_mwmd2-unif_seed0002_d001,d001,resnet32:8,cifar100,8,matched,mwmd2-unif,peers,2,200,64,0.1,0.9,0.0005,True,0,60,0.1,1.0,2,,disagreement,1.0,1,0.0,0.5,uniform,complete,0.0,0.0,42,0,45000,5000,10000,3760032,53,0.1,2,124.43,0.4276375,0.02473014039082674,0.3943,0.4638,0.4945,0.06686249999999999,0.42115,0.4832,0.49362142857142866,0.5687379665709239,0.4877428571428572,0.5791092531336864,0.4276375,resnet32,0.4004,0.3916,2.082032670859586,1.786251462488012,0.29578121029771864,resnet32,0.4199,0.4208,2.0985116342251953,1.8006556325338103,0.2978560073004866,resnet32,0.4455,0.4328,2.0987931528890673,1.8030654532326893,0.29572770090519707,resnet32,0.4638,0.4588,2.0903317501599137,1.796638318083503,0.29369343671185727,resnet32,0.3943,0.3828,2.1109664971855553,1.816365679048679,0.29460082251832564,resnet32,0.4108,0.4016,2.105795805088498,1.8124133565209128,0.29338244621811266,resnet32,0.4603,0.4588,2.112402592023665,1.8158619307320227,0.2965406573335217,resnet32,0.4261,0.422,2.098885493183678,1.8056593513624235,0.2932261436415667,9000000.0,5000.0,36010000.0,1944540000.0,15556320000.0
resnet32x8_cifar100_K8_mwmd2-unif_seed0002_d001,d001,resnet32:8,cifar100,8,matched,mwmd2-unif,peers,2,200,64,0.1,0.9,0.0005,True,0,60,0.1,1.0,2,,disagreement,1.0,1,0.0,0.5,uniform,complete,0.0,0.0,42,0,45000,5000,10000,3760032,54,0.1,2,124.51,0.4125125,0.03727560990446702,0.3262,0.4551,0.4758,0.0632875,0.40802499999999997,0.4644,0.49711428571428556,0.5630606888647168,0.5017428571428572,0.5696546827135902,0.4125125,resnet32,0.4366,0.4358,2.07725306075405,1.7812590920789675,0.2959939696699042,resnet32,0.4343,0.4302,2.0910813715308905,1.7943298635496334,0.29675150848925114,resnet32,0.4291,0.4224,2.1033455028452654,1.8041514706882564,0.2991940336386589,resnet32,0.4551,0.4448,2.0856185662136837,1.7898723229088567,0.2957462476227771,resnet32,0.4098,0.4096,2.107300793582743,1.8098332837901332,0.2974675154017115,resnet32,0.3262,0.3246,2.109564211219549,1.814028738913211,0.2955354728566652,resnet32,0.4184,0.419,2.10382449796254,1.8098818575116722,0.2939426385035569,resnet32,0.3906,0.3778,2.1031076935204593,1.8072249662469735,0.29588272502984514,9000000.0,5000.0,36010000.0,1980550000.0,15844400000.0
resnet32x8_cifar100_K8_mwmd2-unif_seed0002_d001,d001,resnet32:8,cifar100,8,matched,mwmd2-unif,peers,2,200,64,0.1,0.9,0.0005,True,0,60,0.1,1.0,2,,disagreement,1.0,1,0.0,0.5,uniform,complete,0.0,0.0,42,0,45000,5000,10000,3760032,55,0.1,2,124.17,0.3959875,0.0296957672699326,0.3408,0.4297,0.4484,0.05241250000000003,0.395775,0.4522,0.4883357142857143,0.5880418845472077,0.4833821428571428,0.6017972039926309,0.3959875,resnet32,0.4084,0.411,2.075153160840273,1.7803482431918383,0.2948049171404405,resnet32,0.4027,0.3996,2.0891064176843925,1.7899741440672765,0.2991322735112838,resnet32,0.3617,0.3636,2.0883024682036857,1.7945733715526082,0.2937290936454453,resnet32,0.4297,0.4344,2.07784087989818,1.7856945041567087,0.292146376143633,resnet32,0.3408,0.3278,2.1041669127616016,1.8054599782282656,0.29870693531649356,resnet32,0.4152,0.4138,2.0929319589314135,1.7991925417022272,0.2937394189859994,resnet32,0.4268,0.433,2.0936174507845533,1.8033841726454822,0.290233275429769,resnet32,0.3826,0.383,2.091951894150539,1.7971979555758564,0.29475393347357487,9000000.0,5000.0,36010000.0,2016560000.0,16132480000.0
resnet32x8_cifar100_K8_mwmd2-unif_seed0002_d001,d001,resnet32:8,cifar100,8,matched,mwmd2-unif,peers,2,200,64,0.1,0.9,0.0005,True,0,60,0.1,1.0,2,,disagreement,1.0,1,0.0,0.5,uniform,complete,0.0,0.0,42,0,45000,5000,10000,3760032,56,0.1,2,124.5,0.43791250000000004,0.02981054500927482,0.3894,0.4811,0.4968,0.05888749999999998,0.43395,0.4882,0.45313571428571425,0.6006273424735494,0.4599107142857141,0.5985866888365996,0.43791250000000004,resnet32,0.4096,0.4072,2.071519932455637,1.7771270547739484,0.2943928798829967,resnet32,0.4621,0.4606,2.0856830809604037,1.7901196100495078,0.2955634723925455,resnet32,0.4517,0.444,2.0823493115603924,1.7865555382926355,0.2957937723999335,resnet32,0.3894,0.3914,2.0842712802643124,1.7855788420208476,0.29869244002144446,resnet32,0.4169,0.4138,2.1023854736916046,1.802174611863765,0.30021085894920607,resnet32,0.4654,0.4678,2.0972704450515183,1.7979471151801674,0.2993233311836692,resnet32,0.4811,0.4692,2.0918298590589655,1.797152933918617,0.29467691940424795,resnet32,0.4271,0.4176,2.0861323289573193,1.79117226482115,0.29496007158674975,9000000.0,5000.0,36010000.0,2052570000.0,16420560000.0
resnet32x8_cifar100_K8_mwmd2-unif_seed0002_d001,d001,resnet32:8,cifar100,8,matched,mwmd2-unif,peers,2,200,64,0.1,0.9,0.0005,True,0,60,0.1,1.0,2,,disagreement,1.0,1,0.0,0.5,uniform,complete,0.0,0.0,42,0,45000,5000,10000,3760032,57,0.1,2,124.48,0.4484,0.022355927625576175,0.4159,0.4857,0.5196,0.07119999999999993,0.44,0.5092,0.48539999999999983,0.5661683867203288,0.48095,0.5730592165247156,0.4484,resnet32,0.4467,0.4342,2.0746117662638426,1.7800884610888632,0.2945233061486347,resnet32,0.4547,0.4462,2.0807744074951517,1.7855069786310196,0.2952674313406037,resnet32,0.4857,0.4848,2.0856233870779928,1.7905839969488708,0.2950393884569745,resnet32,0.4704,0.4588,2.0813390868292614,1.783687716688622,0.29765137064863334,resnet32,0.4232,0.4114,2.0979534682225096,1.799894442273812,0.29805902569470083,resnet32,0.4317,0.429,2.095968057147481,1.80086716349152,0.2951008918779818,resnet32,0.4159,0.4096,2.0948030303486367,1.8022563762285493,0.29254665602506563,resnet32,0.4589,0.446,2.096263912760399,1.8002578429877758,0.29600607322274963,9000000.0,5000.0,36010000.0,2088580000.0,16708640000.0
resnet32x8_cifar100_K8_mwmd2-unif_seed0002_d001,d001,resnet32:8,cifar100,8,matched,mwmd2-unif,peers,2,200,64,0.1,0.9,0.0005,True,0,60,0.1,1.0,2,,disagreement,1.0,1,0.0,0.5,uniform,complete,0.0,0.0,42,0,45000,5000,10000,3760032,58,0.1,2,124.26,0.4367125,0.03200544631386977,0.3985,0.4863,0.5121,0.0753875,0.431375,0.5008,0.5086428571428571,0.5503630617114393,0.5050142857142857,0.5556459041802567,0.4367125,resnet32,0.4065,0.3984,2.078230194747448,1.7842270511795173,0.29400314329276706,resnet32,0.435,0.4284,2.0896632210774855,1.7946939261799508,0.29496929832649504,resnet32,0.4863,0.4768,2.0949679972095923,1.7993814181536436,0.2955865773414685,resnet32,0.4782,0.4732,2.0810230533507736,1.7890064804391428,0.2920165738852864,resnet32,0.4077,0.4124,2.1023886039514434,1.8062757197767496,0.2961128895721314,resnet32,0.3985,0.3918,2.098247904838486,1.8056706232442097,0.29257727926597,resnet32,0.4603,0.4524,2.097672662613067,1.8061814767054536,0.29149118658493867,resnet32,0.4212,0.4176,2.096774136308919,1.8015505537729373,0.29522358266298065,9000000.0,5000.0,36010000.0,2124590000.0,16996720000.0
resnet32x8_cifar100_K8_mwmd2-unif_seed0002_d001,d001,resnet32:8,cifar100,8,matched,mwmd2-unif,peers,2,200,64,0.1,0.9,0.0005,True,0,60,0.1,1.0,2,,disagreement,1.0,1,0.0,0.5,uniform,complete,0.0,0.0,42,0,45000,5000,10000,3760032,59,0.1,2,125.09,0.3888125,0.024936541334956625,0.3535,0.4373,0.4473,0.05848749999999997,0.385275,0.445,0.5043285714285715,0.5848572658024109,0.5074428571428572,0.5846565248310556,0.3888125,resnet32,0.4068,0.4038,2.080448194660924,1.7866249577226965,0.29382323613390326,resnet32,0.3599,0.3504,2.0955300256609917,1.799447644671256,0.2960823795715855,resnet32,0.3877,0.3798,2.0932565177367493,1.8003691099584103,0.29288740805350244,resnet32,0.3535,0.3468,2.0925808813084257,1.7941277453845197,0.2984531375537203,resnet32,0.3927,0.3884,2.110976355996999,1.8085754186930982,0.30240093607624824,resnet32,0.3766,0.3694,2.0986148562620985,1.8041387183422393,0.29447613713670184,resnet32,0.396,0.4044,2.1002997698431667,1.803153133866462,0.2971466357015412,resnet32,0.4373,0.4392,2.099069360474294,1.805758499455723,0.2933108603200791,9000000.0,5000.0,36010000.0,2160600000.0,17284800000.0
resnet32x8_cifar100_K8_mwmd2-unif_seed0002_d001,d001,resnet32:8,cifar100,8,matched,mwmd2-unif,peers,2,200,64,0.1,0.9,0.0005,True,0,60,0.1,1.0,2,,disagreement,1.0,1,0.0,0.5,uniform,complete,0.0,0.0,42,0,45000,5000,10000,3760032,60,0.010000000000000002,2,124.51,0.624125,0.0025118469300496812,0.621,0.6279,0.6448,0.020675,0.61775,0.6418,0.21404285714285717,0.7567943858157468,0.2159964285714286,0.7591546012264435,0.624125,resnet32,0.6279,0.6164,1.54190426311371,1.3782981783998283,0.16360608410005542,resnet32,0.6239,0.6166,1.5568150110881438,1.3927681375802918,0.16404687281994318,resnet32,0.6257,0.6192,1.5504341138188134,1.3912144032391636,0.15921971194488418,resnet32,0.6275,0.621,1.5431209445338359,1.3815182115543971,0.16160273160362107,resnet32,0.6212,0.6134,1.564559892835942,1.4013169148767537,0.16324297959958625,resnet32,0.6236,0.6182,1.558922347358682,1.394023062153296,0.16489928591446104,resnet32,0.6222,0.6198,1.568736442703415,1.4040203082629226,0.16471613349858671,resnet32,0.621,0.6174,1.559521945701404,1.3978459367697889,0.16167600834953852,9000000.0,5000.0,36010000.0,2196610000.0,17572880000.0
resnet32x8_cifar100_K8_mwmd2-unif_seed0002_d001,d001,resnet32:8,cifar100,8,matched,mwmd2-unif,peers,2,200,64,0.1,0.9,0.0005,True,0,60,0.1,1.0,2,,disagreement,1.0,1,0.0,0.5,uniform,complete,0.0,0.0,42,0,45000,5000,10000,3760032,61,0.010000000000000002,2,123.86,0.6322375,0.0030862345584870927,0.6275,0.6363,0.6536,0.02136249999999995,0.625575,0.6452,0.2133428571428571,0.7521040287628378,0.21352857142857146,0.7529011179325271,0.6322375,resnet32,0.6348,0.6274,1.3925040996718137,1.2345791659741239,0.15792493496767498,resnet32,0.6355,0.6254,1.4055103478445248,1.2487711680375717,0.15673917924604294,resnet32,0.6309,0.627,1.406514383259822,1.249137134206566,0.1573772497411648,resnet32,0.6339,0.6302,1.4002674493769354,1.2402834695848552,0.15998398068106987,resnet32,0.6275,0.6188,1.4180278616364708,1.2579128747297958,0.160114986366931,resnet32,0.6363,0.6288,1.4098276605152271,1.250657001933591,0.15917065999978644,resnet32,0.63,0.624,1.421445963226936,1.2623513577167282,0.15909460733052005,resnet32,0.629,0.623,1.4164844800464131,1.2565920369868928,0.15989244461525232,9000000.0,5000.0,36010000.0,2232620000.0,17860960000.0
resnet32x8_cifar100_K8_mwmd2-unif_seed0002_d001,d001,resnet32:8,cifar100,8,matched,mwmd2-unif,peers,2,200,64,0.1,0.9,0.0005,True,0,60,0.1,1.0,2,,disagreement,1.0,1,0.0,0.5,uniform,complete,0.0,0.0,42,0,45000,5000,10000,3760032,62,0.010000000000000002,2,122.45,0.63245,0.0023113848662652484,0.6291,0.6369,0.6556,0.023150000000000004,0.628325,0.6506,0.21812857142857148,0.7442048396080739,0.21778928571428566,0.7451516917040368,0.63245,resnet32,0.6369,0.6292,1.3430457094853574,1.1799037470905618,0.16314196452202107,resnet32,0.632,0.627,1.3546533997763286,1.1903485039418393,0.16430489434225654,resnet32,0.6329,0.6294,1.3546157857741823,1.192770740525289,0.16184504582038658,resnet32,0.6334,0.6286,1.3508964389223943,1.1875860463319854,0.16331039259040897,resnet32,0.6308,0.6268,1.3668856963684612,1.2013534110208803,0.16553228530524808,resnet32,0.6342,0.6358,1.3637271455743096,1.1979151761836626,0.16581196999389,resnet32,0.6303,0.6248,1.3708249980753118,1.207751617428254,0.1630733792712404,resnet32,0.6291,0.625,1.3703556353734299,1.2021071253005753,0.16824850931086324,9000000.0,5000.0,36010000.0,2268630000.0,18149040000.0
resnet32x8_cifar100_K8_mwmd2-unif_seed0002_d001,d001,resnet32:8,cifar100,8,matched,mwmd2-unif,peers,2,200,64,0.1,0.9,0.0005,True,0,60,0.1,1.0,2,,disagreement,1.0,1,0.0,0.5,uniform,complete,0.0,0.0,42,0,45000,5000,10000,3760032,63,0.010000000000000002,2,124.06,0.6421,0.002620591536275739,0.6385,0.6461,0.6657,0.023599999999999954,0.639,0.6648,0.2177428571428571,0.7379046062985443,0.22031785714285715,0.7375298898640266,0.6421,resnet32,0.6461,0.6446,1.320202443325384,1.1488845583728768,0.17131788334385914,resnet32,0.6413,0.6378,1.336061673408205,1.163276619701223,0.1727850540773943,resnet32,0.6453,0.64,1.3271333317018368,1.1567615461112424,0.1703717882046476,resnet32,0.639,0.6352,1.3213646920736541,1.1538534739308737,0.16751121983609416,resnet32,0.6414,0.6328,1.3424262713471597,1.1711374815045432,0.17128879035061056,resnet32,0.6411,0.6394,1.341284647160633,1.1700374409556389,0.17124720648015765,resnet32,0.6441,0.644,1.3467190125957131,1.1743144059384412,0.17240460647735745,resnet32,0.6385,0.6382,1.3391054537655278,1.1689936460249803,0.17011180889411745,9000000.0,5000.0,36010000.0,2304640000.0,18437120000.0
resnet32x8_cifar100_K8_mwmd2-unif_seed0002_d001,d001,resnet32:8,cifar100,8,matched,mwmd2-unif,peers,2,200,64,0.1,0.9,0.0005,True,0,60,0.1,1.0,2,,disagreement,1.0,1,0.0,0.5,uniform,complete,0.0,0.0,42,0,45000,5000,10000,3760032,64,0.010000000000000002,2,124.64,0.637575,0.004489919264307552,0.6292,0.6423,0.6637,0.026124999999999954,0.63095,0.6614,0.2292571428571429,0.7263578524391551,0.2260714285714285,0.7342065851654993,0.637575,resnet32,0.6419,0.6368,1.2991385034031488,1.123319774104113,0.1758187280184674,resnet32,0.6382,0.6322,1.3156981143931097,1.137179490263489,0.1785186240872876,resnet32,0.6423,0.6312,1.3155057032338597,1.1362861327149651,0.1792195699156516,resnet32,0.6406,0.6352,1.303044011393054,1.1280924018303102,0.17495160895950077,resnet32,0.6314,0.623,1.3278535959226163,1.1510700276121497,0.17678356791888786,resnet32,0.6292,0.6236,1.3240965205160053,1.1473438965834,0.17675262308594855,resnet32,0.6391,0.6324,1.3264832994477316,1.1516227684915066,0.17486053010956806,resnet32,0.6379,0.6332,1.315339564599774,1.1404831774363464,0.17485638598869133,9000000.0,5000.0,36010000.0,2340650000.0,18725200000.0
resnet32x8_cifar100_K8_mwmd2-unif_seed0002_d001,d001,resnet32:8,cifar100,8,matched,mwmd2-unif,peers,2,200,64,0.1,0.9,0.0005,True,0,60,0.1,1.0,2,,disagreement,1.0,1,0.0,0.5,uniform,complete,0.0,0.0,42,0,45000,5000,10000,3760032,65,0.010000000000000002,2,122.29,0.6372,0.0045700109409059254,0.6287,0.6434,0.6647,0.02749999999999997,0.63495,0.666,0.23390714285714284,0.7216703353547382,0.23453214285714288,0.7252533188941451,0.6372,resnet32,0.6434,0.6446,1.2915930401703173,1.1059111889282411,0.18568185124207626,resnet32,0.6379,0.6358,1.3024759771810337,1.1199489524587989,0.1825270238014954,resnet32,0.6388,0.6302,1.3036000805652954,1.1225668042051522,0.18103327479382808,resnet32,0.6347,0.6378,1.3001371064138683,1.115906735882163,0.18423037095503372,resnet32,0.6287,0.6196,1.317661314356056,1.1307633262635632,0.1868979862510142,resnet32,0.6344,0.6378,1.313002304682,1.1271272170442073,0.1858750884844498,resnet32,0.6363,0.6378,1.3164511617611756,1.1328697615218433,0.1835814008743248,resnet32,0.6434,0.636,1.3130398820239035,1.12586251239885,0.18717736915939234,9000000.0,5000.0,36010000.0,2376660000.0,19013280000.0
resnet32x8_cifar100_K8_mwmd2-unif_seed0002_d001,d001,resnet32:8,cifar100,8,matched,mwmd2-unif,peers,2,200,64,0.1,0.9,0.0005,True,0,60,0.1,1.0,2,,disagreement,1.0,1,0.0,0.5,uniform,complete,0.0,0.0,42,0,45000,5000,10000,3760032,66,0.010000000000000002,2,124.91,0.647025,0.0024646247178830186,0.6432,0.6507,0.6751,0.028075000000000072,0.64465,0.6732,0.22655,0.726635741164913,0.23093571428571424,0.7215642990682021,0.647025,resnet32,0.6507,0.6454,1.2743062953549353,1.0861390200020238,0.1881672743792561,resnet32,0.6499,0.6432,1.286884344860234,1.0989125167781657,0.1879718277010728,resnet32,0.6467,0.6454,1.2906944985416802,1.1006217673420906,0.1900727307762612,resnet32,0.6484,0.6464,1.2833326666361906,1.0955093629996886,0.1878233040915802,resnet32,0.6432,0.6424,1.2996623523702675,1.1089321550151163,0.19073019745040007,resnet32,0.6441,0.6446,1.2988142697140574,1.1097818598659202,0.18903240986930375,resnet32,0.6458,0.65,1.3017961530184203,1.1134783443571492,0.1883178094867617,resnet32,0.6474,0.6398,1.2971339200369336,1.1089521159671925,0.1881818054032258,9000000.0,5000.0,36010000.0,2412670000.0,19301360000.0
resnet32x8_cifar100_K8_mwmd2-unif_seed0002_d001,d001,resnet32:8,cifar100,8,matched,mwmd2-unif,peers,2,200,64,0.1,0.9,0.0005,True,0,60,0.1,1.0,2,,disagreement,1.0,1,0.0,0.5,uniform,complete,0.0,0.0,42,0,45000,5000,10000,3760032,67,0.010000000000000002,2,124.13,0.6424375,0.005405769487316323,0.6314,0.6491,0.6717,0.02926249999999997,0.639025,0.6644,0.23843571428571428,0.7131116319681221,0.2403428571428571,0.7119302969991524,0.6424375,resnet32,0.6437,0.64,1.2724668367511847,1.0766537248749624,0.19581311030990697,resnet32,0.6468,0.6472,1.283760633404282,1.0882864317602732,0.19547420318915762,resnet32,0.6478,0.6478,1.2840110756118188,1.0915057544003834,0.19250531895721162,resnet32,0.6491,0.6476,1.2783800768242641,1.084949083710936,0.19343099418223242,resnet32,0.6408,0.6386,1.3027194059369238,1.1045916039835324,0.1981278011914004,resnet32,0.6314,0.6288,1.3007441493259235,1.1025280718776314,0.19821607730012725,resnet32,0.6387,0.6372,1.3052834330803968,1.1066178079186515,0.19866562442092056,resnet32,0.6412,0.625,1.2970531876622275,1.0983063151890582,0.1987468736584891,9000000.0,5000.0,36010000.0,2448680000.0,19589440000.0
resnet32x8_cifar100_K8_mwmd2-unif_seed0002_d001,d001,resnet32:8,cifar100,8,matched,mwmd2-unif,peers,2,200,64,0.1,0.9,0.0005,True,0,60,0.1,1.0,2,,disagreement,1.0,1,0.0,0.5,uniform,complete,0.0,0.0,42,0,45000,5000,10000,3760032,68,0.010000000000000002,2,123.08,0.6465749999999999,0.0039761004765976405,0.642,0.6535,0.6784,0.0318250000000001,0.63825,0.6716,0.24570714285714285,0.6962305607343799,0.2434678571428571,0.7024777059499757,0.6465749999999999,resnet32,0.6535,0.6432,1.2657768142155625,1.0665026596662672,0.19927415495145728,resnet32,0.6518,0.6394,1.2753368622030725,1.0760967676443132,0.19924009377560156,resnet32,0.6475,0.64,1.2746909967708318,1.077551651365039,0.19713934432630512,resnet32,0.642,0.6352,1.272644486447627,1.0739755727858706,0.19866891099478712,resnet32,0.6427,0.6374,1.2971981491216205,1.0943837698379701,0.20281438021497292,resnet32,0.6436,0.6366,1.2934108025140383,1.0911790928380056,0.2022317083425481,resnet32,0.6472,0.6364,1.2911723052913493,1.09067160686986,0.20050069956447591,resnet32,0.6443,0.6378,1.2915604440495372,1.0893212598748505,0.20223918489434503,9000000.0,5000.0,36010000.0,2484690000.0,19877520000.0
resnet32x8_cifar100_K8_mwmd2-unif_seed0002_d001,d001,resnet32:8,cifar100,8,matched,mwmd2-unif,peers,2,200,64,0.1,0.9,0.0005,True,0,60,0.1,1.0,2,,disagreement,1.0,1,0.0,0.5,uniform,complete,0.0,0.0,42,0,45000,5000,10000,3760032,69,0.010000000000000002,2,123.75,0.643925,0.004494093345715041,0.6361,0.6488,0.6746,0.030675000000000008,0.639325,0.6742,0.24640000000000004,0.6992729511190289,0.24602142857142856,0.7009894339760757,0.643925,resnet32,0.6487,0.6352,1.26566909160465,1.0585038984533062,0.20716519306667827,resnet32,0.6478,0.6428,1.2810807685283097,1.0713128025897525,0.20976796564222736,resnet32,0.6459,0.644,1.277271712283519,1.0735461479052901,0.20372556283308024,resnet32,0.6403,0.6414,1.272753611884334,1.0666116138242863,0.20614199634556743,resnet32,0.6393,0.6318,1.3020374164493247,1.0894957756284962,0.21254163959317587,resnet32,0.6445,0.6426,1.2922902942889116,1.084688525900922,0.20760176498019559,resnet32,0.6361,0.633,1.2982203351672401,1.09027511626482,0.20794521872250532,resnet32,0.6488,0.6438,1.2924131583422422,1.0823355224830182,0.21007763672704724,9000000.0,5000.0,36010000.0,2520700000.0,20165600000.0
resnet32x8_cifar100_K8_mwmd2-unif_seed0002_d001,d001,resnet32:8,cifar100,8,matched,mwmd2-unif,peers,2,200,64,0.1,0.9,0.0005,True,0,60,0.1,1.0,2,,disagreement,1.0,1,0.0,0.5,uniform,complete,0.0,0.0,42,0,45000,5000,10000,3760032,70,0.010000000000000002,2,123.3,0.64785,0.0067596227705398115,0.6375,0.6588,0.6818,0.033949999999999925,0.644825,0.6752,0.24365,0.7038215038060701,0.24929285714285718,0.6957873674193186,0.64785,resnet32,0.6478,0.6462,1.2643766195767305,1.052639634094455,0.21173698469911786,resnet32,0.6487,0.6382,1.2789278827099637,1.0650189516388557,0.2139089332300831,resnet32,0.6539,0.648,1.283719010312449,1.0670498163354667,0.21666919270699675,resnet32,0.6526,0.65,1.2739633336155252,1.060881204564463,0.21308212994005193,resnet32,0.6432,0.6386,1.2931866163218564,1.0802835170179605,0.21290309926156292,resnet32,0.6403,0.6458,1.2914919282563708,1.0759950325062329,0.2154968983324414,resnet32,0.6588,0.6544,1.2936684921891852,1.0785744323141195,0.2150940604253926,resnet32,0.6375,0.6374,1.28838009852916,1.0734242393042555,0.21495585884390908,9000000.0,5000.0,36010000.0,2556710000.0,20453680000.0
resnet32x8_cifar100_K8_mwmd2-unif_seed0002_d001,d001,resnet32:8,cifar100,8,matched,mwmd2-unif,peers,2,200,64,0.1,0.9,0.0005,True,0,60,0.1,1.0,2,,disagreement,1.0,1,0.0,0.5,uniform,complete,0.0,0.0,42,0,45000,5000,10000,3760032,71,0.010000000000000002,2,122.62,0.641675,0.005628443390494399,0.631,0.6491,0.6753,0.033625000000000016,0.640125,0.677,0.25514285714285717,0.6897092809023653,0.256,0.6878053866030169,0.641675,resnet32,0.6482,0.646,1.265234911560335,1.0493556323715232,0.21587928009896792,resnet32,0.6426,0.638,1.2733775479719043,1.0560958087444305,0.2172817406244576,resnet32,0.6457,0.6442,1.2815493048084052,1.0635152070529081,0.2180340985598212,resnet32,0.6401,0.64,1.269583268514411,1.0532806119458242,0.21630265476944094,resnet32,0.631,0.6318,1.2969652100212195,1.0766394499012015,0.22032575952735814,resnet32,0.6386,0.6342,1.29248112346977,1.0722537191415376,0.22022740424356677,resnet32,0.6381,0.641,1.2921788860112429,1.0756686503406276,0.21651023630560798,resnet32,0.6491,0.6458,1.2814065152779222,1.0625196152620695,0.21888689855536955,9000000.0,5000.0,36010000.0,2592720000.0,20741760000.0
resnet32x8_cifar100_K8_mwmd2-unif_seed0002_d001,d001,resnet32:8,cifar100,8,matched,mwmd2-unif,peers,2,200,64,0.1,0.9,0.0005,True,0,60,0.1,1.0,2,,disagreement,1.0,1,0.0,0.5,uniform,complete,0.0,0.0,42,0,45000,5000,10000,3760032,72,0.010000000000000002,2,123.2,0.6208625000000001,0.007646557640533419,0.607,0.6372,0.6562,0.03533749999999991,0.6149249999999999,0.647,0.28008571428571427,0.6783707234982373,0.2773607142857143,0.6792565473063962,0.6208625000000001,resnet32,0.6372,0.6328,1.2635540658269415,1.0423863478512927,0.22116771719249134,resnet32,0.6196,0.6076,1.278491116890853,1.0545398646288298,0.2239512521985241,resnet32,0.6219,0.6104,1.2823645238002592,1.0594214046881958,0.22294312072071162,resnet32,0.622,0.6206,1.2698355029252442,1.0485295560210943,0.22130594681948423,resnet32,0.6203,0.6166,1.2947191069410606,1.0707741661674597,0.22394494045610455,resnet32,0.607,0.6046,1.2973139823668383,1.069512921639464,0.22780106024054642,resnet32,0.6199,0.6138,1.3000395598567345,1.0740595443851568,0.22598001511174848,resnet32,0.619,0.613,1.2865806599570946,1.06120044213127,0.22538021818565374,9000000.0,5000.0,36010000.0,2628730000.0,21029840000.0
resnet32x8_cifar100_K8_mwmd2-unif_seed0002_d001,d001,resnet32:8,cifar100,8,matched,mwmd2-unif,peers,2,200,64,0.1,0.9,0.0005,True,0,60,0.1,1.0,2,,disagreement,1.0,1,0.0,0.5,uniform,complete,0.0,0.0,42,0,45000,5000,10000,3760032,73,0.010000000000000002,2,124.43,0.6403749999999999,0.005797359312652618,0.6313,0.65,0.6774,0.037025000000000086,0.6380250000000001,0.6738,0.25958571428571425,0.6798679704276126,0.25735714285714284,0.6894187782855775,0.6403749999999999,resnet32,0.65,0.6442,1.2626125976781954,1.0354645099829545,0.22714808761057528,resnet32,0.6372,0.6284,1.2811160201037473,1.0514940041202037,0.22962201287207956,resnet32,0.6377,0.6374,1.2766497820107774,1.0503026330843568,0.226347149646079,resnet32,0.6432,0.651,1.2741689244285226,1.0446105864406987,0.22955833646384152,resnet32,0.6313,0.625,1.2953552235425874,1.0604718009179288,0.23488342256115918,resnet32,0.6453,0.6438,1.299243801950731,1.066919362511147,0.23232443825426427,resnet32,0.6346,0.6354,1.2922344951975075,1.065424070270224,0.22681042516011407,resnet32,0.6437,0.639,1.29181684714488,1.0582610916515642,0.23355575471015816,9000000.0,5000.0,36010000.0,2664740000.0,21317920000.0
resnet32x8_cifar100_K8_mwmd2-unif_seed0002_d001,d001,resnet32:8,cifar100,8,matched,mwmd2-unif,peers,2,200,64,0.1,0.9,0.0005,True,0,60,0.1,1.0,2,,disagreement,1.0,1,0.0,0.5,uniform,complete,0.0,0.0,42,0,45000,5000,10000,3760032,74,0.010000000000000002,2,125.1,0.6377625,0.00459835228641738,0.6327,0.6447,0.6715,0.033737499999999976,0.636125,0.6728,0.2689428571428571,0.6723355483981253,0.26662142857142856,0.6845546942849838,0.6377625,resnet32,0.6341,0.6328,1.259182963350957,1.0322335031391545,0.22694946044463327,resnet32,0.6446,0.64,1.2701345304535194,1.042602158151567,0.22753237280994654,resnet32,0.6397,0.631,1.2750613959506154,1.0473216716200113,0.22773972515609453,resnet32,0.6447,0.6474,1.2662384619259022,1.0396990406072952,0.22653941996395588,resnet32,0.6328,0.6354,1.2941103332083335,1.0615471366962248,0.23256319702010264,resnet32,0.6327,0.6338,1.2883037928999825,1.055099320767278,0.23320447223853658,resnet32,0.6383,0.6346,1.2912291728637435,1.0600919496606698,0.2311372219119221,resnet32,0.6352,0.634,1.2826122731309046,1.0499096539040857,0.23270262013697487,9000000.0,5000.0,36010000.0,2700750000.0,21606000000.0
resnet32x8_cifar100_K8_mwmd2-unif_seed0002_d001,d001,resnet32:8,cifar100,8,matched,mwmd2-unif,peers,2,200,64,0.1,0.9,0.0005,True,0,60,0.1,1.0,2,,disagreement,1.0,1,0.0,0.5,uniform,complete,0.0,0.0,42,0,45000,5000,10000,3760032,75,0.010000000000000002,2,123.73,0.6381125,0.0050325037257810375,0.6295,0.6462,0.6769,0.038787499999999975,0.6341,0.6726,0.2677785714285715,0.6666236623625844,0.2660678571428571,0.6787317337744928,0.6381125,resnet32,0.6462,0.6396,1.2735578730194406,1.0391705228354444,0.23438735183497722,resnet32,0.6425,0.6352,1.2807123671201142,1.0455166274173693,0.2351957401684062,resnet32,0.6406,0.6376,1.2832489495419643,1.049139180897989,0.23410976815714754,resnet32,0.6364,0.6342,1.2785697034136816,1.0441182476722382,0.23445145483128726,resnet32,0.6295,0.6224,1.3032200936736031,1.0652568478306585,0.23796324726109477,resnet32,0.6363,0.6308,1.302742512896657,1.064563695002686,0.23817882011644542,resnet32,0.633,0.6336,1.2952578784897923,1.0617128873074597,0.23354499211365526,resnet32,0.6404,0.6394,1.291394992054186,1.0554844095286997,0.23591058322397823,9000000.0,5000.0,36010000.0,2736760000.0,21894080000.0
resnet32x8_cifar100_K8_mwmd2-unif_seed0002_d001,d001,resnet32:8,cifar100,8,matched,mwmd2-unif,peers,2,200,64,0.1,0.9,0.0005,True,0,60,0.1,1.0,2,,disagreement,1.0,1,0.0,0.5,uniform,complete,0.0,0.0,42,0,45000,5000,10000,3760032,76,0.010000000000000002,2,123.53,0.6414124999999999,0.004566026034748382,0.6353,0.6501,0.6816,0.04018750000000004,0.638475,0.6738,0.2619928571428572,0.6825135967393633,0.26587857142857135,0.6759439777722202,0.6414124999999999,resnet32,0.6444,0.6362,1.2699415463615547,1.0310808294876055,0.23886071522296828,resnet32,0.6403,0.6446,1.2772752053358338,1.034638805145567,0.24263640027493238,resnet32,0.6388,0.6258,1.2712840370156548,1.0332561687312343,0.23802786841141907,resnet32,0.6501,0.6476,1.2700511485507542,1.0309160601517016,0.23913508721373297,resnet32,0.6353,0.6286,1.2969510905783286,1.0574411296031692,0.23950996256264095,resnet32,0.6456,0.6366,1.2903112874112346,1.0501021586189216,0.24020913167094643,resnet32,0.6392,0.6428,1.2903433850204402,1.052225457673723,0.2381179281722077,resnet32,0.6376,0.6456,1.2792022802274337,1.041436656039547,0.23776562344706195,9000000.0,5000.0,36010000.0,2772770000.0,22182160000.0
resnet32x8_cifar100_K8_mwmd2-unif_seed0002_d001,d001,resnet32:8,cifar100,8,matched,mwmd2-unif,peers,2,200,64,0.1,0.9,0.0005,True,0,60,0.1,1.0,2,,disagreement,1.0,1,0.0,0.5,uniform,complete,0.0,0.0,42,0,45000,5000,10000,3760032,77,0.010000000000000002,2,124.01,0.6441,0.00398246155034797,0.6348,0.6493,0.6835,0.03939999999999999,0.6407499999999999,0.6766,0.2619785714285714,0.6805094046388094,0.26167499999999994,0.6773425322684935,0.6441,resnet32,0.6348,0.634,1.265952354297042,1.0269677005708218,0.23898465366272087,resnet32,0.6443,0.6354,1.2847068623046984,1.038613553412936,0.24609330908226018,resnet32,0.6493,0.6462,1.281896596181799,1.0406992836770685,0.24119731345721943,resnet32,0.6435,0.6366,1.2693121092901989,1.030252605083991,0.23905950638634915,resnet32,0.6432,0.6384,1.2951827824793078,1.052164746363732,0.24301803681406786,resnet32,0.6448,0.6412,1.2937269272621383,1.0508655165745453,0.24286141024309804,resnet32,0.647,0.6502,1.2941209636628628,1.052539542148059,0.2415814214089716,resnet32,0.6459,0.644,1.2892166809602217,1.045088005421514,0.24412867594086987,9000000.0,5000.0,36010000.0,2808780000.0,22470240000.0
resnet32x8_cifar100_K8_mwmd2-unif_seed0002_d001,d001,resnet32:8,cifar100,8,matched,mwmd2-unif,peers,2,200,64,0.1,0.9,0.0005,True,0,60,0.1,1.0,2,,disagreement,1.0,1,0.0,0.5,uniform,complete,0.0,0.0,42,0,45000,5000,10000,3760032,78,0.010000000000000002,2,124.3,0.6434124999999999,0.004977559015220221,0.6373,0.6532,0.6832,0.03978750000000009,0.642525,0.6842,0.2728285714285714,0.6654372598070852,0.2717678571428571,0.6714682201427378,0.6434124999999999,resnet32,0.6532,0.649,1.2685594636608253,1.0235495612194592,0.24500990129837935,resnet32,0.6425,0.6376,1.2762652263891967,1.0319143565032969,0.24435086931440642,resnet32,0.6459,0.644,1.2813122561201453,1.035519908774983,0.24579234527085314,resnet32,0.6476,0.6466,1.2712912600995465,1.0270554706115613,0.24423579063097184,resnet32,0.6373,0.6372,1.300239281390201,1.053928204388781,0.2463110755409368,resnet32,0.6429,0.6442,1.2900422024963931,1.0448855926198037,0.24515660996125502,resnet32,0.6385,0.6394,1.2918890717185356,1.0495424896309322,0.24234658054245467,resnet32,0.6394,0.6422,1.2924513661895285,1.0445772186768325,0.24787414831702004,9000000.0,5000.0,36010000.0,2844790000.0,22758320000.0
resnet32x8_cifar100_K8_mwmd2-unif_seed0002_d001,d001,resnet32:8,cifar100,8,matched,mwmd2-unif,peers,2,200,64,0.1,0.9,0.0005,True,0,60,0.1,1.0,2,,disagreement,1.0,1,0.0,0.5,uniform,complete,0.0,0.0,42,0,45000,5000,10000,3760032,79,0.010000000000000002,2,125.12,0.6272125000000001,0.006246686621721946,0.6162,0.6376,0.672,0.04478749999999998,0.620525,0.6684,0.29083571428571425,0.6566301202579679,0.29430357142857144,0.653980618665498,0.6272125000000001,resnet32,0.6236,0.6228,1.272118783555925,1.0258545643565329,0.24626421928405762,resnet32,0.6297,0.6168,1.2799878111109138,1.032739604907957,0.24724820590662686,resnet32,0.6376,0.6258,1.280751764689657,1.0358134823935954,0.24493827905759893,resnet32,0.6254,0.6188,1.2778160440820185,1.0292660963128915,0.2485499487216161,resnet32,0.6162,0.6048,1.301408933644945,1.0482314098626375,0.2531775238246403,resnet32,0.633,0.6284,1.298311845484105,1.0473201674493877,0.250991679220037,resnet32,0.6296,0.6274,1.3007812947034836,1.0489465827968987,0.25183471180075273,resnet32,0.6226,0.6194,1.287716268138452,1.0396107142283157,0.24810555530712008,9000000.0,5000.0,36010000.0,2880800000.0,23046400000.0
resnet32x8_cifar100_K8_mwmd2-unif_seed0002_d001,d001,resnet32:8,cifar100,8,matched,mwmd2-unif,peers,2,200,64,0.1,0.9,0.0005,True,0,60,0.1,1.0,2,,disagreement,1.0,1,0.0,0.5,uniform,complete,0.0,0.0,42,0,45000,5000,10000,3760032,80,0.010000000000000002,2,124.81,0.6427,0.00472122865364515,0.6373,0.6503,0.682,0.0393,0.63985,0.6804,0.2763142857142858,0.6566849406176767,0.2761285714285714,0.665306431111748,0.6427,resnet32,0.6385,0.6374,1.2706934041766957,1.0201068849895487,0.250586518234658,resnet32,0.6373,0.6344,1.2791055776178837,1.0305191342803566,0.24858644418418407,resnet32,0.6492,0.643,1.2796263243495063,1.030359100042419,0.24926722597923467,resnet32,0.6503,0.6484,1.2785458287054843,1.0283576563339343,0.25018817065706983,resnet32,0.6438,0.6386,1.3000668230551211,1.0484762775965712,0.25159054437906225,resnet32,0.6408,0.6352,1.2929816044528375,1.042172378606417,0.25080922366627917,resnet32,0.644,0.6442,1.3000418361784383,1.0476685457608916,0.25237328916872764,resnet32,0.6377,0.6376,1.2875019094314089,1.0376718261025168,0.24983008445071225,9000000.0,5000.0,36010000.0,2916810000.0,23334480000.0
resnet32x8_cifar100_K8_mwmd2-unif_seed0002_d001,d001,resnet32:8,cifar100,8,matched,mwmd2-unif,peers,2,200,64,0.1,0.9,0.0005,True,0,60,0.1,1.0,2,,disagreement,1.0,1,0.0,0.5,uniform,complete,0.0,0.0,42,0,45000,5000,10000,3760032,81,0.010000000000000002,2,125.13,0.63365,0.005765847726050343,0.6265,0.6465,0.679,0.04535,0.629775,0.6752,0.2814571428571428,0.6558530712237427,0.2819785714285714,0.6625416834340687,0.63365,resnet32,0.6364,0.6256,1.271751710721715,1.0229768253524194,0.24877488365481523,resnet32,0.6316,0.6272,1.2801031991839409,1.02742111208764,0.2526820864189755,resnet32,0.6265,0.62,1.2777291561730884,1.0276327026499943,0.25009645345959475,resnet32,0.6465,0.6458,1.2660889942198992,1.0165988628498532,0.24949013130654665,resnet32,0.6289,0.6244,1.2955597401173278,1.0430315343493766,0.25252820809625764,resnet32,0.6301,0.6334,1.2910062199966474,1.0386854236606846,0.25232079828327353,resnet32,0.6353,0.6312,1.2910119121555577,1.0381259082562544,0.2528860055714507,resnet32,0.6339,0.6306,1.2896422221410004,1.036487828178162,0.25315439665097406,9000000.0,5000.0,36010000.0,2952820000.0,23622560000.0
resnet32x8_cifar100_K8_mwmd2-unif_seed0002_d001,d001,resnet32:8,cifar100,8,matched,mwmd2-unif,peers,2,200,64,0.1,0.9,0.0005,True,0,60,0.1,1.0,2,,disagreement,1.0,1,0.0,0.5,uniform,complete,0.0,0.0,42,0,45000,5000,10000,3760032,82,0.010000000000000002,2,125.35,0.632925,0.01032348657189031,0.6195,0.6517,0.6757,0.04277500000000001,0.630225,0.6686,0.2774142857142857,0.6699604089142311,0.2801464285714285,0.6647000571767354,0.632925,resnet32,0.6396,0.6344,1.2706978442147374,1.0202686746858738,0.2504291699733585,resnet32,0.6238,0.6158,1.2834550050849265,1.0283761039714923,0.25507890092293645,resnet32,0.6369,0.6354,1.2838987604799597,1.0321493120864034,0.2517494492190467,resnet32,0.6408,0.6404,1.2748119033534417,1.0231707705692812,0.25164113377898256,resnet32,0.6195,0.6134,1.297953404316848,1.042089754969559,0.25586364828896796,resnet32,0.6517,0.6448,1.2999581502411852,1.0447025739333846,0.2552555765406313,resnet32,0.6239,0.6262,1.30188953156837,1.0460834622552448,0.2558060667308217,resnet32,0.6272,0.6314,1.2966326211833141,1.0382264562120491,0.2584061642939394,9000000.0,5000.0,36010000.0,2988830000.0,23910640000.0
resnet32x8_cifar100_K8_mwmd2-unif_seed0002_d001,d001,resnet32:8,cifar100,8,matched,mwmd2-unif,peers,2,200,64,0.1,0.9,0.0005,True,0,60,0.1,1.0,2,,disagreement,1.0,1,0.0,0.5,uniform,complete,0.0,0.0,42,0,45000,5000,10000,3760032,83,0.010000000000000002,2,125.19,0.638225,0.003710373970370109,0.6309,0.6438,0.6772,0.03897499999999998,0.6401249999999999,0.6812,0.26922857142857143,0.660887967141316,0.2732142857142857,0.6661676021255625,0.638225,resnet32,0.6411,0.6394,1.2688852366568013,1.0141070598567075,0.254778177858415,resnet32,0.6344,0.6392,1.2760111221366308,1.0184914914213798,0.25751963137141004,resnet32,0.6394,0.6376,1.2789476931264454,1.0229509288275784,0.25599676241505553,resnet32,0.6386,0.6464,1.2711884819648482,1.0155927427959712,0.25559573815288866,resnet32,0.6392,0.6424,1.292977177199315,1.0363440469584682,0.25663313070650806,resnet32,0.6384,0.6406,1.294750283726237,1.0372339465909384,0.2575163366908038,resnet32,0.6438,0.6414,1.2911226966164329,1.03460980147462,0.25651289615780115,resnet32,0.6309,0.634,1.2856389067389749,1.0290803884748707,0.2565585177349435,9000000.0,5000.0,36010000.0,3024840000.0,24198720000.0
resnet32x8_cifar100_K8_mwmd2-unif_seed0002_d001,d001,resnet32:8,cifar100,8,matched,mwmd2-unif,peers,2,200,64,0.1,0.9,0.0005,True,0,60,0.1,1.0,2,,disagreement,1.0,1,0.0,0.5,uniform,complete,0.0,0.0,42,0,45000,5000,10000,3760032,84,0.010000000000000002,2,121.89,0.632375,0.008400111606401433,0.6171,0.6451,0.6759,0.043524999999999925,0.63115,0.6728,0.2852428571428571,0.6555451361657332,0.28862142857142853,0.6587644918137369,0.632375,resnet32,0.6311,0.635,1.2657512421296402,1.0083475392311811,0.2574037020306357,resnet32,0.6343,0.631,1.27756662404334,1.0197052582251755,0.2578613650985062,resnet32,0.6346,0.6212,1.2827295848930425,1.0259747697379102,0.2567548142238097,resnet32,0.642,0.6458,1.2746304804459214,1.0174580755728213,0.25717240487310017,resnet32,0.6171,0.6138,1.294256406497549,1.0360056381164626,0.25825076848691836,resnet32,0.6245,0.629,1.2992584493688561,1.0364875730804421,0.2627708779182285,resnet32,0.6451,0.65,1.2908799305388874,1.034699867225506,0.2561800661708482,resnet32,0.6303,0.6234,1.282119544222951,1.0237199060449547,0.2583996386436576,9000000.0,5000.0,36010000.0,3060850000.0,24486800000.0
resnet32x8_cifar100_K8_mwmd2-unif_seed0002_d001,d001,resnet32:8,cifar100,8,matched,mwmd2-unif,peers,2,200,64,0.1,0.9,0.0005,True,0,60,0.1,1.0,2,,disagreement,1.0,1,0.0,0.5,uniform,complete,0.0,0.0,42,0,45000,5000,10000,3760032,85,0.010000000000000002,2,121.09,0.6331875,0.005808278036561264,0.6217,0.6422,0.6791,0.04591250000000002,0.6334,0.6772,0.2887142857142857,0.6425948520822332,0.2892571428571428,0.6474290261358153,0.6331875,resnet32,0.6347,0.6322,1.2645087157460777,1.0075804696164348,0.2569282473572953,resnet32,0.6422,0.6452,1.2746411836282774,1.0162880060855637,0.25835317764854565,resnet32,0.6367,0.6344,1.2729550882835279,1.017763171514327,0.2551919150547209,resnet32,0.6341,0.6372,1.2666424209759994,1.0113042122261091,0.25533820828422904,resnet32,0.6292,0.6276,1.2977889250455932,1.0379975960505279,0.2597913308577104,resnet32,0.6217,0.6176,1.2919126548381015,1.0312932673841715,0.260619386903603,resnet32,0.6299,0.6354,1.2913620986721732,1.0303745254535566,0.26098757349378005,resnet32,0.637,0.6376,1.2802419454197993,1.0223402926190333,0.2579016524832696,9000000.0,5000.0,36010000.0,3096860000.0,24774880000.0
resnet32x8_cifar100_K8_mwmd2-unif_seed0002_d001,d001,resnet32:8,cifar100,8,matched,mwmd2-unif,peers,2,200,64,0.1,0.9,0.0005,True,0,60,0.1,1.0,2,,disagreement,1.0,1,0.0,0.5,uniform,complete,0.0,0.0,42,0,45000,5000,10000,3760032,86,0.010000000000000002,2,121.09,0.6369125,0.006772451088786115,0.6273,0.6474,0.6791,0.042187500000000044,0.6351249999999999,0.6736,0.2801857142857142,0.6589946249649905,0.2792964285714286,0.6604565426957559,0.6369125,resnet32,0.6273,0.6252,1.2687950886955315,1.0063127799975602,0.26248230783014814,resnet32,0.6474,0.6358,1.2791585520925848,1.0157546163959936,0.26340393345295027,resnet32,0.6345,0.6292,1.2773345954377542,1.017436901192096,0.25989769549447705,resnet32,0.642,0.6464,1.2724440610036254,1.0100719386034391,0.26237212119370024,resnet32,0.6449,0.6444,1.3019198937849565,1.036177140660584,0.26574275227771565,resnet32,0.6364,0.6372,1.299126153642481,1.0349983946335586,0.2641277591570873,resnet32,0.6294,0.6342,1.2940916890617122,1.0317408951338043,0.26235079164193437,resnet32,0.6334,0.6286,1.2921829477629878,1.0262775536287914,0.26590539419769565,9000000.0,5000.0,36010000.0,3132870000.0,25062960000.0
resnet32x8_cifar100_K8_mwmd2-unif_seed0002_d001,d001,resnet32:8,cifar100,8,matched,mwmd2-unif,peers,2,200,64,0.1,0.9,0.0005,True,0,60,0.1,1.0,2,,disagreement,1.0,1,0.0,0.5,uniform,complete,0.0,0.0,42,0,45000,5000,10000,3760032,87,0.010000000000000002,2,124.65,0.629525,0.005810066694970025,0.6185,0.6379,0.6758,0.046274999999999955,0.628125,0.6736,0.2903142857142858,0.6485402051769876,0.29527857142857145,0.6462349957031588,0.629525,resnet32,0.6185,0.6246,1.2696662605316802,1.0066264601085673,0.26303980126976967,resnet32,0.6269,0.6274,1.276453776623715,1.01157348272814,0.26488029486923054,resnet32,0.6344,0.6306,1.2736023170873523,1.0105522620407017,0.26305005557581107,resnet32,0.6347,0.635,1.2690063413571229,1.0095774326473475,0.2594289106359197,resnet32,0.6267,0.6242,1.2950525526804002,1.0313602150841192,0.2636923403479159,resnet32,0.6262,0.6276,1.289013827896931,1.0241850149733098,0.2648288122039627,resnet32,0.6379,0.632,1.291876514188268,1.0275000912899321,0.26437642078169366,resnet32,0.6309,0.6236,1.284858146597716,1.0185585242103448,0.2662996216677129,9000000.0,5000.0,36010000.0,3168880000.0,25351040000.0
resnet32x8_cifar100_K8_mwmd2-unif_seed0002_d001,d001,resnet32:8,cifar100,8,matched,mwmd2-unif,peers,2,200,64,0.1,0.9,0.0005,True,0,60,0.1,1.0,2,,disagreement,1.0,1,0.0,0.5,uniform,complete,0.0,0.0,42,0,45000,5000,10000,3760032,88,0.010000000000000002,2,121.11,0.642225,0.00675347132962006,0.6289,0.6503,0.6882,0.04597499999999999,0.639825,0.6872,0.28033571428571424,0.6509348178546134,0.28092500000000004,0.6537640447817757,0.642225,resnet32,0.6344,0.6314,1.263889449394562,1.0010031075640158,0.2628863412802192,resnet32,0.6437,0.6382,1.272180498408323,1.0062336181713776,0.26594688233242114,resnet32,0.6289,0.6292,1.2750443561341276,1.0126613083041527,0.2623830488882959,resnet32,0.6487,0.6514,1.2635494263165377,1.0032054214653643,0.260344006544487,resnet32,0.6503,0.6496,1.2947609312832355,1.028848921287466,0.26591201084242627,resnet32,0.642,0.634,1.2869628136130897,1.0194991889663718,0.2674636268268593,resnet32,0.6438,0.6404,1.2874472449448975,1.022568576799875,0.2648786697748371,resnet32,0.646,0.6444,1.2824754318730398,1.016149017705836,0.2663264111192389,9000000.0,5000.0,36010000.0,3204890000.0,25639120000.0
resnet32x8_cifar100_K8_mwmd2-unif_seed0002_d001,d001,resnet32:8,cifar100,8,matched,mwmd2-unif,peers,2,200,64,0.1,0.9,0.0005,True,0,60,0.1,1.0,2,,disagreement,1.0,1,0.0,0.5,uniform,complete,0.0,0.0,42,0,45000,5000,10000,3760032,89,0.010000000000000002,2,121.88,0.629475,0.007267005917157361,0.6143,0.6381,0.6769,0.04742499999999994,0.6262749999999999,0.6724,0.29036428571428574,0.6513834466958858,0.29346785714285717,0.6532942597617654,0.629475,resnet32,0.6314,0.627,1.261019067838788,0.9995561036365953,0.2614629615987228,resnet32,0.6264,0.6238,1.2753505169159987,1.0076746074482799,0.2676759103355421,resnet32,0.6143,0.6072,1.275692516091195,1.0114307759160346,0.2642617422918027,resnet32,0.6355,0.6314,1.265828611837192,1.0021389951421455,0.2636896180496974,resnet32,0.6346,0.629,1.2913688905537128,1.0237522778863257,0.2676166142548688,resnet32,0.6381,0.6384,1.2842072256078774,1.0198918898505243,0.2643153360748494,resnet32,0.6235,0.622,1.282207909040153,1.019008500924842,0.2631994086021388,resnet32,0.632,0.6314,1.2771091803231023,1.0125003679740159,0.2646088125607507,9000000.0,5000.0,36010000.0,3240900000.0,25927200000.0
resnet32x8_cifar100_K8_mwmd2-unif_seed0002_d001,d001,resnet32:8,cifar100,8,matched,mwmd2-unif,peers,2,200,64,0.1,0.9,0.0005,True,0,60,0.1,1.0,2,,disagreement,1.0,1,0.0,0.5,uniform,complete,0.0,0.0,42,0,45000,5000,10000,3760032,90,0.010000000000000002,2,124.7,0.6310875,0.008501534787907411,0.616,0.6407,0.6785,0.04741249999999997,0.628225,0.6768,0.3026785714285714,0.6319976230640265,0.3040714285714286,0.6373106298252755,0.6310875,resnet32,0.6365,0.6268,1.256334643387659,0.991898899897933,0.26443574321456254,resnet32,0.6365,0.6294,1.2678979636085304,0.9976021909070286,0.2702957733364945,resnet32,0.616,0.6128,1.2691170071167024,1.0031107432970947,0.2660062619992955,resnet32,0.6407,0.6418,1.265194631266323,0.9973279718648304,0.26786666200496256,resnet32,0.6355,0.6306,1.2860750678757376,1.020553919571367,0.26552114669572224,resnet32,0.6195,0.6184,1.2826418372040445,1.0142120098356495,0.26842982808805327,resnet32,0.6367,0.6374,1.2870159583504905,1.0179965427484026,0.2690194135066122,resnet32,0.6273,0.6286,1.276267695579339,1.0091294537044384,0.2671382395677607,9000000.0,5000.0,36010000.0,3276910000.0,26215280000.0
resnet32x8_cifar100_K8_mwmd2-unif_seed0002_d001,d001,resnet32:8,cifar100,8,matched,mwmd2-unif,peers,2,200,64,0.1,0.9,0.0005,True,0,60,0.1,1.0,2,,disagreement,1.0,1,0.0,0.5,uniform,complete,0.0,0.0,42,0,45000,5000,10000,3760032,91,0.010000000000000002,2,124.57,0.6383125000000001,0.004451807919261578,0.6294,0.644,0.6847,0.046387499999999915,0.6395,0.684,0.2896785714285714,0.6418574192792192,0.2962178571428571,0.6408159714673447,0.6383125000000001,resnet32,0.6346,0.6346,1.2532112819396637,0.9876424255357548,0.26556885634040966,resnet32,0.6294,0.639,1.2638243857601827,0.996445349925621,0.26737903511490335,resnet32,0.64,0.631,1.2683065909553657,0.998886895366013,0.26941969455219805,resnet32,0.6427,0.6494,1.2609810600565239,0.9958796838129108,0.2651013747196306,resnet32,0.636,0.6316,1.286967313255776,1.0139561843296343,0.27301112757149065,resnet32,0.6394,0.6464,1.2847489287907428,1.0127191723070361,0.2720297548538921,resnet32,0.6404,0.6396,1.281007226387208,1.0107779066840357,0.2702293191951784,resnet32,0.644,0.6444,1.2695640828460455,1.0025701885196296,0.2669938936914233,9000000.0,5000.0,36010000.0,3312920000.0,26503360000.0
resnet32x8_cifar100_K8_mwmd2-unif_seed0002_d001,d001,resnet32:8,cifar100,8,matched,mwmd2-unif,peers,2,200,64,0.1,0.9,0.0005,True,0,60,0.1,1.0,2,,disagreement,1.0,1,0.0,0.5,uniform,complete,0.0,0.0,42,0,45000,5000,10000,3760032,92,0.010000000000000002,2,124.5,0.638975,0.0065447975522547625,0.628,0.6486,0.6865,0.04752500000000004,0.6350750000000001,0.6798,0.2865571428571428,0.6470958328929334,0.2883821428571429,0.6448611634734764,0.638975,resnet32,0.6472,0.6428,1.258341895162382,0.9882522606375542,0.27008963454599405,resnet32,0.6314,0.6292,1.2659316716546363,0.9964358477260579,0.26949582454240456,resnet32,0.6397,0.6328,1.2620322647589175,0.9969451064243913,0.26508715930818155,resnet32,0.6405,0.6398,1.253749206916175,0.988627948036248,0.26512125733477826,resnet32,0.6486,0.6428,1.2811257303269072,1.008243865164166,0.2728818661152301,resnet32,0.6377,0.6336,1.2794200487604195,1.0114205351776697,0.26799951432357455,resnet32,0.6387,0.6366,1.2781936388293451,1.0086555727334185,0.2695380645296113,resnet32,0.628,0.623,1.2739397178150036,1.0025880002332004,0.2713517177299681,9000000.0,5000.0,36010000.0,3348930000.0,26791440000.0
resnet32x8_cifar100_K8_mwmd2-unif_seed0002_d001,d001,resnet32:8,cifar100,8,matched,mwmd2-unif,peers,2,200,64,0.1,0.9,0.0005,True,0,60,0.1,1.0,2,,disagreement,1.0,1,0.0,0.5,uniform,complete,0.0,0.0,42,0,45000,5000,10000,3760032,93,0.010000000000000002,2,124.79,0.6378999999999999,0.006329494450586081,0.6253,0.6471,0.681,0.04310000000000014,0.63745,0.6832,0.28062857142857145,0.659663607350787,0.28328571428571425,0.658881873275219,0.6378999999999999,resnet32,0.6371,0.6294,1.2522413178601048,0.9838219670240175,0.268419347809289,resnet32,0.6402,0.6432,1.2684107185764746,0.993028607388789,0.27538211012936453,resnet32,0.6317,0.6262,1.2615158819508823,0.9945434444499287,0.26697243584997277,resnet32,0.638,0.6414,1.2546118893237277,0.9872373332354155,0.26737455458549614,resnet32,0.6413,0.6348,1.2829969803040677,1.012916524471207,0.27008045722984453,resnet32,0.6425,0.6458,1.285126281648197,1.0137545131146908,0.27137176863933826,resnet32,0.6253,0.6346,1.2823282844302328,1.010345045731149,0.271983238953081,resnet32,0.6471,0.6442,1.2733119363811882,1.0040185440501028,0.2692933926274153,9000000.0,5000.0,36010000.0,3384940000.0,27079520000.0
resnet32x8_cifar100_K8_mwmd2-unif_seed0002_d001,d001,resnet32:8,cifar100,8,matched,mwmd2-unif,peers,2,200,64,0.1,0.9,0.0005,True,0,60,0.1,1.0,2,,disagreement,1.0,1,0.0,0.5,uniform,complete,0.0,0.0,42,0,45000,5000,10000,3760032,94,0.010000000000000002,2,125.16,0.6426000000000001,0.008307075297600202,0.6267,0.6527,0.6942,0.05159999999999998,0.6394500000000001,0.6902,0.29597142857142866,0.6277632115429194,0.2919107142857143,0.639779075320872,0.6426000000000001,resnet32,0.6267,0.632,1.2522183662619104,0.9827956140718677,0.26942275337536226,resnet32,0.6367,0.629,1.2640661464326761,0.9912104292518713,0.2728557184296237,resnet32,0.6471,0.6388,1.265486495400017,0.9961421821605075,0.26934431309134443,resnet32,0.6527,0.6548,1.2619684297083453,0.9889619414779273,0.2730064896909012,resnet32,0.647,0.6418,1.2779002607884733,1.006859895773232,0.27104036579839885,resnet32,0.6346,0.6324,1.2835381170734763,1.00983303158798,0.27370508571832697,resnet32,0.6485,0.648,1.279885066588494,1.0079198234968565,0.2719652420968156,resnet32,0.6475,0.6388,1.272229109890759,1.0007311352105304,0.271497976352376,9000000.0,5000.0,36010000.0,3420950000.0,27367600000.0
resnet32x8_cifar100_K8_mwmd2-unif_seed0002_d001,d001,resnet32:8,cifar100,8,matched,mwmd2-unif,peers,2,200,64,0.1,0.9,0.0005,True,0,60,0.1,1.0,2,,disagreement,1.0,1,0.0,0.5,uniform,complete,0.0,0.0,42,0,45000,5000,10000,3760032,95,0.010000000000000002,2,124.71,0.6349750000000001,0.00881500850822053,0.619,0.6437,0.6816,0.046624999999999917,0.6349,0.6872,0.29716428571428566,0.6351043216488818,0.2955892857142857,0.6422185980792566,0.6349750000000001,resnet32,0.6391,0.6436,1.2532344718717716,0.984121348454871,0.2691131235650656,resnet32,0.6437,0.6442,1.2670676493170587,0.9930417061021383,0.2740259443367408,resnet32,0.619,0.6262,1.2640915988013148,0.9941735287958925,0.26991807195273315,resnet32,0.6427,0.6446,1.2582173146815463,0.9867869429290295,0.2714303713926876,resnet32,0.6432,0.6396,1.280993726104498,1.0050249224190007,0.2759688029658388,resnet32,0.6254,0.623,1.281289153309031,1.0071052266284823,0.27418392562222754,resnet32,0.6383,0.6338,1.2791995926844804,1.0049609509720043,0.2742386409504847,resnet32,0.6284,0.6242,1.2689755282957444,0.994640613482757,0.2743349165698005,9000000.0,5000.0,36010000.0,3456960000.0,27655680000.0
resnet32x8_cifar100_K8_mwmd2-unif_seed0002_d001,d001,resnet32:8,cifar100,8,matched,mwmd2-unif,peers,2,200,64,0.1,0.9,0.0005,True,0,60,0.1,1.0,2,,disagreement,1.0,1,0.0,0.5,uniform,complete,0.0,0.0,42,0,45000,5000,10000,3760032,96,0.010000000000000002,2,124.67,0.6423749999999999,0.008717188480238329,0.63,0.6585,0.6864,0.04402500000000009,0.6427499999999999,0.688,0.2787928571428572,0.6532036629322956,0.28365000000000007,0.6514968949090113,0.6423749999999999,resnet32,0.6501,0.6486,1.2532596417956732,0.9789533439007673,0.2743062977255745,resnet32,0.6397,0.6462,1.2611692165955901,0.9878421002490954,0.2733271179763092,resnet32,0.6348,0.6334,1.2685937652872368,0.9909463099796664,0.2776474572972141,resnet32,0.644,0.6494,1.2618131572380662,0.9874066121198914,0.2744065436365252,resnet32,0.63,0.6256,1.28338154904883,1.0058036620982669,0.27757788612507284,resnet32,0.6585,0.6586,1.2761768466708334,1.00190477674319,0.2742720683613284,resnet32,0.6466,0.6416,1.2744085255332969,1.0011839114806869,0.27322461430660705,resnet32,0.6353,0.6386,1.274377635172145,0.9995447681708769,0.2748328657312827,9000000.0,5000.0,36010000.0,3492970000.0,27943760000.0
resnet32x8_cifar100_K8_mwmd2-unif_seed0002_d001,d001,resnet32:8,cifar100,8,matched,mwmd2-unif,peers,2,200,64,0.1,0.9,0.0005,True,0,60,0.1,1.0,2,,disagreement,1.0,1,0.0,0.5,uniform,complete,0.0,0.0,42,0,45000,5000,10000,3760032,97,0.010000000000000002,2,124.87,0.63295,0.006429813372097217,0.6264,0.6477,0.6799,0.046949999999999936,0.6282,0.6762,0.30109285714285716,0.6345719550867365,0.29806428571428567,0.6411685895438322,0.63295,resnet32,0.6267,0.6218,1.2513180276040325,0.9784491710703481,0.27286885589869186,resnet32,0.6477,0.6424,1.2573264598507772,0.9803523790429939,0.2769740825010972,resnet32,0.6264,0.6202,1.2585131211883642,0.9868039558218284,0.27170916403305123,resnet32,0.634,0.6296,1.2511088039556688,0.9801404325460846,0.27096837299706583,resnet32,0.6346,0.6314,1.2750150574032555,1.000232676467435,0.2747823780148544,resnet32,0.6287,0.6208,1.2708695276047697,0.9990676812488924,0.27180184716020117,resnet32,0.6306,0.628,1.2725590945814143,0.9984501540999521,0.2741089425981045,resnet32,0.6349,0.6314,1.2641479176553814,0.9913465800610456,0.27280133750967006,9000000.0,5000.0,36010000.0,3528980000.0,28231840000.0
resnet32x8_cifar100_K8_mwmd2-unif_seed0002_d001,d001,resnet32:8,cifar100,8,matched,mwmd2-unif,peers,2,200,64,0.1,0.9,0.0005,True,0,60,0.1,1.0,2,,disagreement,1.0,1,0.0,0.5,uniform,complete,0.0,0.0,42,0,45000,5000,10000,3760032,98,0.010000000000000002,2,125.47,0.63085,0.009154916711800274,0.6164,0.6435,0.6815,0.05064999999999997,0.629775,0.6832,0.3072071428571429,0.6223753290232894,0.3072821428571429,0.6311934268891956,0.63085,resnet32,0.6398,0.6348,1.2497705014591867,0.9775635759261522,0.2722069285175001,resnet32,0.6205,0.6138,1.2562468633563681,0.980259630236436,0.27598723371259193,resnet32,0.6164,0.622,1.250683435746892,0.9814519160003825,0.26923152179965243,resnet32,0.6393,0.6376,1.2506471628492528,0.9771798285232349,0.2734673320400444,resnet32,0.6295,0.6192,1.2735967308452183,0.9970512388443405,0.2765454901170663,resnet32,0.6248,0.6316,1.2739727541973644,0.9942563846707344,0.2797163706907833,resnet32,0.633,0.6406,1.2723349588499828,0.9957018256695434,0.2766331335614351,resnet32,0.6435,0.6386,1.265824641185728,0.9883664434098385,0.27745819982903247,9000000.0,5000.0,36010000.0,3564990000.0,28519920000.0
resnet32x8_cifar100_K8_mwmd2-unif_seed0002_d001,d001,resnet32:8,cifar100,8,matched,mwmd2-unif,peers,2,200,64,0.1,0.9,0.0005,True,0,60,0.1,1.0,2,,disagreement,1.0,1,0.0,0.5,uniform,complete,0.0,0.0,42,0,45000,5000,10000,3760032,99,0.010000000000000002,2,121.62,0.6308625,0.015516518415868917,0.6047,0.6482,0.6926,0.0617375,0.6300749999999999,0.6884,0.3130571428571428,0.6123944435338998,0.3230750000000001,0.6035502903554857,0.6308625,resnet32,0.6047,0.6028,1.2505725814368238,0.9760741104625843,0.27449847072024236,resnet32,0.6305,0.6346,1.260599459606138,0.9824692852456461,0.2781301735773344,resnet32,0.6425,0.6392,1.2651091728528792,0.9881874334744432,0.27692173897627403,resnet32,0.6482,0.6512,1.2528867503966798,0.9804307410324161,0.27245600743811915,resnet32,0.6425,0.6346,1.2763930838555098,0.9987791085785086,0.2776139724618671,resnet32,0.6215,0.6198,1.2788942439312285,0.9994943123310804,0.27939993382262235,resnet32,0.6454,0.645,1.2780981713228605,1.0008357513526625,0.27726241963153536,resnet32,0.6116,0.6134,1.2622331661934203,0.984854975037954,0.2773781901606443,9000000.0,5000.0,36010000.0,3601000000.0,28808000000.0
resnet32x8_cifar100_K8_mwmd2-unif_seed0002_d001,d001,resnet32:8,cifar100,8,matched,mwmd2-unif,peers,2,200,64,0.1,0.9,0.0005,True,0,60,0.1,1.0,2,,disagreement,1.0,1,0.0,0.5,uniform,complete,0.0,0.0,42,0,45000,5000,10000,3760032,100,0.010000000000000002,2,124.28,0.63675,0.01274195824824428,0.6123,0.6529,0.6872,0.050449999999999995,0.633,0.6802,0.29160714285714284,0.6368869395740233,0.2948142857142857,0.6396409327216874,0.63675,resnet32,0.6123,0.6118,1.2489751204001633,0.9752160451290283,0.2737590760754591,resnet32,0.6346,0.6264,1.2591772799972782,0.9804510712962259,0.2787262084682218,resnet32,0.6319,0.6242,1.2460888531059027,0.9761659753593531,0.26992287872020493,resnet32,0.6466,0.645,1.2459526052698493,0.9731080905449662,0.2728445152328773,resnet32,0.6254,0.6206,1.268772037361156,0.9912256342782215,0.27754640380259266,resnet32,0.6404,0.6382,1.2683932258832185,0.9897891673344102,0.2786040557760068,resnet32,0.6529,0.6504,1.273566783744503,0.9952977033839985,0.2782690793021836,resnet32,0.6499,0.6474,1.2615403906357558,0.9858849697153677,0.2756554206663912,9000000.0,5000.0,36010000.0,3637010000.0,29096080000.0
resnet32x8_cifar100_K8_mwmd2-unif_seed0002_d001,d001,resnet32:8,cifar100,8,matched,mwmd2-unif,peers,2,200,64,0.1,0.9,0.0005,True,0,60,0.1,1.0,2,,disagreement,1.0,1,0.0,0.5,uniform,complete,0.0,0.0,42,0,45000,5000,10000,3760032,101,0.010000000000000002,2,123.96,0.6393875,0.005984654856380621,0.6335,0.6528,0.6873,0.047912500000000025,0.6428750000000001,0.6866,0.2834357142857143,0.6417925886491354,0.28703571428571434,0.6447026321605415,0.6393875,resnet32,0.6335,0.64,1.2569756382568316,0.9795964933423833,0.27737914493561466,resnet32,0.6394,0.6488,1.2572820173915138,0.9762595287439498,0.28102248737757857,resnet32,0.6375,0.644,1.2568447745659135,0.9796754765239629,0.27716929700479587,resnet32,0.6337,0.6386,1.24222299287265,0.968999829905277,0.27322316161272203,resnet32,0.6528,0.6436,1.2740382635965943,0.9941745259037073,0.27986373885704036,resnet32,0.6371,0.6384,1.26852362645282,0.989336936141957,0.27918669155968184,resnet32,0.6443,0.643,1.2653118307617577,0.9887846039438789,0.276527228680524,resnet32,0.6368,0.6466,1.261313685385341,0.9811732747846029,0.2801404111722315,9000000.0,5000.0,36010000.0,3673020000.0,29384160000.0
resnet32x8_cifar100_K8_mwmd2-unif_seed0002_d001,d001,resnet32:8,cifar100,8,matched,mwmd2-unif,peers,2,200,64,0.1,0.9,0.0005,True,0,60,0.1,1.0,2,,disagreement,1.0,1,0.0,0.5,uniform,complete,0.0,0.0,42,0,45000,5000,10000,3760032,102,0.010000000000000002,2,122.66,0.6394249999999999,0.005432943493172003,0.6321,0.6501,0.6909,0.05147500000000005,0.6367,0.6906,0.3063214285714286,0.6237243830196729,0.30411071428571435,0.6272102095426354,0.6394249999999999,resnet32,0.6357,0.6276,1.2366368470882827,0.9624154133383523,0.274221433580599,resnet32,0.6395,0.6378,1.2453623178668998,0.967519234019247,0.2778430828104981,resnet32,0.6501,0.6458,1.2429997523061254,0.9644644075835292,0.2785353443416005,resnet32,0.6384,0.6332,1.2408291717821902,0.9632087898525324,0.2776203843426298,resnet32,0.6341,0.6326,1.2638347369026055,0.9854319970208135,0.27840273842130875,resnet32,0.6321,0.6394,1.2649139739911666,0.9845108516852964,0.2804031247400086,resnet32,0.644,0.6456,1.2539442977444692,0.977721756070175,0.2762225428384475,resnet32,0.6415,0.6316,1.257830007425086,0.975192950191823,0.28263705714859744,9000000.0,5000.0,36010000.0,3709030000.0,29672240000.0
resnet32x8_cifar100_K8_mwmd2-unif_seed0002_d001,d001,resnet32:8,cifar100,8,matched,mwmd2-unif,peers,2,200,64,0.1,0.9,0.0005,True,0,60,0.1,1.0,2,,disagreement,1.0,1,0.0,0.5,uniform,complete,0.0,0.0,42,0,45000,5000,10000,3760032,103,0.010000000000000002,2,122.4,0.6409625,0.005513605331359863,0.6317,0.6502,0.6901,0.049137500000000056,0.644225,0.696,0.2894571428571429,0.6366825516783623,0.2915785714285714,0.6404365186749192,0.6409625,resnet32,0.6483,0.6538,1.2392345918342471,0.9642192012715068,0.27501538973724976,resnet32,0.6393,0.6474,1.2505317260087891,0.9682625442404639,0.2822691849009557,resnet32,0.6391,0.6422,1.2496353773061524,0.9674459032037042,0.2821894735097885,resnet32,0.6381,0.6436,1.2373185745355757,0.9607751959596168,0.2765433745755052,resnet32,0.6418,0.6468,1.2652422083033756,0.9835024598816579,0.28173974801955576,resnet32,0.6502,0.6494,1.2707708350975404,0.9894605063071306,0.28131032843058085,resnet32,0.6317,0.6404,1.2602577204392715,0.9797756404361941,0.2804820805534043,resnet32,0.6392,0.6302,1.2580220709470185,0.9774456234140829,0.28057644761760125,9000000.0,5000.0,36010000.0,3745040000.0,29960320000.0
resnet32x8_cifar100_K8_mwmd2-unif_seed0002_d001,d001,resnet32:8,cifar100,8,matched,mwmd2-unif,peers,2,200,64,0.1,0.9,0.0005,True,0,60,0.1,1.0,2,,disagreement,1.0,1,0.0,0.5,uniform,complete,0.0,0.0,42,0,45000,5000,10000,3760032,104,0.010000000000000002,2,122.06,0.6420874999999999,0.004681462778875854,0.6344,0.6483,0.6881,0.04601250000000012,0.642825,0.6918,0.2933571428571428,0.632194392874231,0.29411071428571434,0.6371426471728067,0.6420874999999999,resnet32,0.644,0.6394,1.2356848751448772,0.9614291977645322,0.27425567695701664,resnet32,0.6344,0.636,1.252972524105148,0.9735242164778438,0.2794483069711449,resnet32,0.6483,0.6434,1.2539036269723014,0.9733253997665915,0.2805782269305465,resnet32,0.6435,0.6542,1.2402759532190182,0.9649742082269355,0.27530174471691926,resnet32,0.6352,0.644,1.2643072214824231,0.987587887624448,0.2767193329689855,resnet32,0.6405,0.6414,1.2667508766224438,0.9879361652684483,0.2788147088986906,resnet32,0.6452,0.64,1.2650038850578396,0.9856172633272681,0.27938662454570556,resnet32,0.6456,0.6442,1.258115838620473,0.9802295336161148,0.27788630168123,9000000.0,5000.0,36010000.0,3781050000.0,30248400000.0
resnet32x8_cifar100_K8_mwmd2-unif_seed0002_d001,d001,resnet32:8,cifar100,8,matched,mwmd2-unif,peers,2,200,64,0.1,0.9,0.0005,True,0,60,0.1,1.0,2,,disagreement,1.0,1,0.0,0.5,uniform,complete,0.0,0.0,42,0,45000,5000,10000,3760032,105,0.010000000000000002,2,122.14,0.6456375,0.00527516291217626,0.6363,0.6537,0.6926,0.04696250000000002,0.6426000000000001,0.6888,0.28427857142857144,0.645710078485714,0.2878928571428571,0.6421693518917054,0.6456375,resnet32,0.6456,0.6438,1.240394421599128,0.957957796159793,0.28243662435984745,resnet32,0.6533,0.6472,1.2534207620403983,0.9693683978508819,0.28405236558650027,resnet32,0.6441,0.6372,1.2473665694282814,0.9674624278294769,0.2799041405193169,resnet32,0.6363,0.6446,1.2485685375603763,0.965564031238583,0.2830045036759905,resnet32,0.6449,0.6434,1.2746211704374715,0.9881512265313755,0.2864699447527528,resnet32,0.6537,0.65,1.2638641321523623,0.9794041355225173,0.2844599974765019,resnet32,0.6431,0.6374,1.2690700745548715,0.9833276765421033,0.2857423955151303,resnet32,0.6441,0.6372,1.2563423879275268,0.9727308185432445,0.2836115685587918,9000000.0,5000.0,36010000.0,3817060000.0,30536480000.0
resnet32x8_cifar100_K8_mwmd2-unif_seed0002_d001,d001,resnet32:8,cifar100,8,matched,mwmd2-unif,peers,2,200,64,0.1,0.9,0.0005,True,0,60,0.1,1.0,2,,disagreement,1.0,1,0.0,0.5,uniform,complete,0.0,0.0,42,0,45000,5000,10000,3760032,106,0.010000000000000002,2,122.4,0.642725,0.0057414610509869445,0.6304,0.6495,0.6889,0.046174999999999966,0.63795,0.6864,0.2915928571428571,0.6411667588765225,0.29032142857142856,0.643401295928881,0.642725,resnet32,0.6459,0.6366,1.2377966539934278,0.9584699157964099,0.27932673709636385,resnet32,0.6421,0.64,1.2558118295432492,0.971888464706188,0.2839233639904044,resnet32,0.6462,0.6426,1.2492376499047333,0.9691162534396757,0.2801213971635496,resnet32,0.6478,0.6408,1.2502545380795544,0.9674284536052834,0.2828260835852813,resnet32,0.6495,0.6426,1.2704761177301407,0.984874816950072,0.2856013006742366,resnet32,0.6389,0.6374,1.2647265587848695,0.9797333087772131,0.28499325100247835,resnet32,0.6304,0.6232,1.2642604502933947,0.9818928364494984,0.28236761316657066,resnet32,0.641,0.6404,1.2552905274047093,0.97241801912473,0.2828725059305064,9000000.0,5000.0,36010000.0,3853070000.0,30824560000.0
resnet32x8_cifar100_K8_mwmd2-unif_seed0002_d001,d001,resnet32:8,cifar100,8,matched,mwmd2-unif,peers,2,200,64,0.1,0.9,0.0005,True,0,60,0.1,1.0,2,,disagreement,1.0,1,0.0,0.5,uniform,complete,0.0,0.0,42,0,45000,5000,10000,3760032,107,0.010000000000000002,2,123.0,0.6457,0.003976179070414213,0.6391,0.651,0.6934,0.047699999999999965,0.641675,0.6884,0.28692142857142855,0.6417074090271335,0.2859035714285714,0.6419234246917531,0.6457,resnet32,0.6498,0.6504,1.237245641225441,0.9533347954804247,0.2839108457873491,resnet32,0.643,0.6332,1.248601672408933,0.9653981615027244,0.2832035110332072,resnet32,0.6491,0.6418,1.249527166089551,0.9649627488106489,0.2845644177657298,resnet32,0.6423,0.6344,1.240532555109398,0.9592980590902946,0.2812344945586202,resnet32,0.6391,0.632,1.2647251028736883,0.9808917171745137,0.28383338428102434,resnet32,0.6476,0.6484,1.2583588171242313,0.9751158257607709,0.28324298935265024,resnet32,0.651,0.6538,1.2629658922722393,0.9782788017764688,0.2846870897761123,resnet32,0.6437,0.6394,1.2512371239506386,0.9690628918734464,0.28217423224652355,9000000.0,5000.0,36010000.0,3889080000.0,31112640000.0
resnet32x8_cifar100_K8_mwmd2-unif_seed0002_d001,d001,resnet32:8,cifar100,8,matched,mwmd2-unif,peers,2,200,64,0.1,0.9,0.0005,True,0,60,0.1,1.0,2,,disagreement,1.0,1,0.0,0.5,uniform,complete,0.0,0.0,42,0,45000,5000,10000,3760032,108,0.010000000000000002,2,123.96,0.6415625,0.007103685223178176,0.6298,0.6503,0.6917,0.050137499999999946,0.636925,0.6878,0.29875714285714283,0.6287138749910781,0.29610714285714285,0.6348042692626369,0.6415625,resnet32,0.6503,0.6468,1.2317177397622303,0.9527844866229729,0.27893325326625595,resnet32,0.6445,0.639,1.2373254817317834,0.9568737506527792,0.28045172934335744,resnet32,0.6312,0.6312,1.2415825350379401,0.9601304411718791,0.28145209280774,resnet32,0.6298,0.6266,1.2358653025532311,0.9564428910274397,0.2794224119702862,resnet32,0.647,0.6404,1.2556904716925188,0.9729725313796238,0.28271793957207014,resnet32,0.6457,0.6356,1.2602701657875017,0.9752600634978577,0.2850101015699858,resnet32,0.6456,0.6428,1.2562357755377889,0.9751017058098858,0.2811340685002506,resnet32,0.6384,0.633,1.2473909865048798,0.9630059624429453,0.2843850251202556,9000000.0,5000.0,36010000.0,3925090000.0,31400720000.0
resnet32x8_cifar100_K8_mwmd2-unif_seed0002_d001,d001,resnet32:8,cifar100,8,matched,mwmd2-unif,peers,2,200,64,0.1,0.9,0.0005,True,0,60,0.1,1.0,2,,disagreement,1.0,1,0.0,0.5,uniform,complete,0.0,0.0,42,0,45000,5000,10000,3760032,109,0.010000000000000002,2,123.68,0.6421125000000001,0.004425900332135826,0.635,0.6497,0.6897,0.047587499999999894,0.640825,0.6898,0.29096428571428573,0.6353634055712788,0.29036785714285707,0.6394917491672102,0.6421125000000001,resnet32,0.6436,0.64,1.2386006884784861,0.9539128154177557,0.284687875198539,resnet32,0.6451,0.6366,1.2391416188329458,0.9563575820489363,0.28278403739783575,resnet32,0.6383,0.6426,1.2454762558706782,0.9624729402871295,0.28300331524488603,resnet32,0.6399,0.6426,1.2429893010888586,0.958417238498276,0.2845720659348775,resnet32,0.6497,0.6422,1.25492464361543,0.970764090561054,0.28416055436669424,resnet32,0.6397,0.6402,1.25965481412343,0.9756107445467602,0.284044071841477,resnet32,0.6456,0.6468,1.259235331788659,0.9755986218594692,0.28363670730455354,resnet32,0.635,0.6356,1.2458843881772323,0.9629621830006893,0.28292220551520586,9000000.0,5000.0,36010000.0,3961100000.0,31688800000.0
resnet32x8_cifar100_K8_mwmd2-unif_seed0002_d001,d001,resnet32:8,cifar100,8,matched,mwmd2-unif,peers,2,200,64,0.1,0.9,0.0005,True,0,60,0.1,1.0,2,,disagreement,1.0,1,0.0,0.5,uniform,complete,0.0,0.0,42,0,45000,5000,10000,3760032,110,0.010000000000000002,2,122.72,0.6400625,0.004821290672631137,0.6321,0.6488,0.6861,0.046037500000000064,0.6340749999999999,0.6844,0.29684285714285713,0.6294065770295884,0.29020357142857145,0.6406217510161272,0.6400625,resnet32,0.6412,0.6336,1.2339139059185982,0.9496542470191013,0.28425965746018017,resnet32,0.6411,0.6376,1.2317247153683142,0.9501462091945789,0.28157850445925514,resnet32,0.6394,0.6304,1.250584514811635,0.9628465949473056,0.28773791944100097,resnet32,0.6356,0.6342,1.2386402011933653,0.9535379684953527,0.285102231068198,resnet32,0.6444,0.6322,1.2563280359079891,0.9695028897205537,0.2868251475209201,resnet32,0.6321,0.627,1.2557862040332772,0.9705563499168917,0.28522985483604396,resnet32,0.6379,0.6334,1.2546110471541232,0.9700706364925612,0.2845404106403955,resnet32,0.6488,0.6442,1.249336231584576,0.9627587564120238,0.28657747428356245,9000000.0,5000.0,36010000.0,3997110000.0,31976880000.0
resnet32x8_cifar100_K8_mwmd2-unif_seed0002_d001,d001,resnet32:8,cifar100,8,matched,mwmd2-unif,peers,2,200,64,0.1,0.9,0.0005,True,0,60,0.1,1.0,2,,disagreement,1.0,1,0.0,0.5,uniform,complete,0.0,0.0,42,0,45000,5000,10000,3760032,111,0.010000000000000002,2,122.07,0.6308374999999999,0.00837525186188452,0.6121,0.6419,0.6846,0.053762500000000046,0.6274500000000001,0.6858,0.3037071428571428,0.6235466825872917,0.3050857142857143,0.6327052848360829,0.6308374999999999,resnet32,0.634,0.6276,1.2231639362871647,0.9395658424208787,0.2835980928291313,resnet32,0.626,0.6208,1.2299557740546085,0.9467202361503785,0.2832355369305746,resnet32,0.6328,0.6344,1.2333304474807598,0.9516045461324129,0.281725903253325,resnet32,0.6329,0.6372,1.2298899428410963,0.9483480036089366,0.2815419381526722,resnet32,0.6375,0.6264,1.2390275771983645,0.9583677316761829,0.2806598479351537,resnet32,0.6121,0.6056,1.2422874386168339,0.9588788418437947,0.28340859747153113,resnet32,0.6295,0.625,1.2392281348055059,0.9583303289995952,0.2808978067372333,resnet32,0.6419,0.6426,1.2397051453590393,0.9568261953748085,0.28287895108488476,9000000.0,5000.0,36010000.0,4033120000.0,32264960000.0
resnet32x8_cifar100_K8_mwmd2-unif_seed0002_d001,d001,resnet32:8,cifar100,8,matched,mwmd2-unif,peers,2,200,64,0.1,0.9,0.0005,True,0,60,0.1,1.0,2,,disagreement,1.0,1,0.0,0.5,uniform,complete,0.0,0.0,42,0,45000,5000,10000,3760032,112,0.010000000000000002,2,122.42,0.6421874999999999,0.006290555917405088,0.6345,0.6541,0.6934,0.051212500000000105,0.641175,0.6958,0.30055000000000004,0.6218054381299608,0.3033499999999999,0.6228262139894147,0.6421874999999999,resnet32,0.6405,0.6352,1.2337562793188475,0.9451900393786755,0.2885662416758185,resnet32,0.639,0.6434,1.2421029019592837,0.9512206567451358,0.2908822462513027,resnet32,0.645,0.6408,1.2340798566795208,0.9509269408035007,0.28315291538919235,resnet32,0.6492,0.6524,1.2279643770307302,0.9459620833566244,0.28200229369527235,resnet32,0.6389,0.6368,1.2533549918708475,0.9661736002784561,0.2871813916982236,resnet32,0.6363,0.636,1.2544072497297416,0.9664960798214782,0.28791117119941523,resnet32,0.6345,0.6334,1.2515795276584951,0.9667712129144506,0.28480831457471306,resnet32,0.6541,0.6514,1.2409190390767022,0.9557530586184426,0.2851659780876203,9000000.0,5000.0,36010000.0,4069130000.0,32553040000.0
resnet32x8_cifar100_K8_mwmd2-unif_seed0002_d001,d001,resnet32:8,cifar100,8,matched,mwmd2-unif,peers,2,200,64,0.1,0.9,0.0005,True,0,60,0.1,1.0,2,,disagreement,1.0,1,0.0,0.5,uniform,complete,0.0,0.0,42,0,45000,5000,10000,3760032,113,0.010000000000000002,2,122.57,0.643425,0.0087979756194252,0.6253,0.6528,0.6897,0.046274999999999955,0.645675,0.6958,0.2914214285714286,0.6351048180922721,0.29071428571428565,0.6408356706078662,0.643425,resnet32,0.6513,0.6536,1.230869409204884,0.942762919108976,0.28810649092139845,resnet32,0.6511,0.656,1.2399864925748922,0.9526621342043985,0.2873243582858281,resnet32,0.6486,0.659,1.2325974175367842,0.9489130327816714,0.2836843857076019,resnet32,0.6412,0.646,1.224218424917622,0.9411271252584729,0.28309129790233617,resnet32,0.6374,0.6364,1.2514409758150578,0.966142245060341,0.2852987320247022,resnet32,0.6397,0.6452,1.24148016363721,0.95681578327309,0.2846643797714602,resnet32,0.6528,0.6492,1.2552604220638222,0.9689558778296817,0.28630454414947465,resnet32,0.6253,0.62,1.244140118783848,0.95821189253845,0.28592822747305036,9000000.0,5000.0,36010000.0,4105140000.0,32841120000.0
resnet32x8_cifar100_K8_mwmd2-unif_seed0002_d001,d001,resnet32:8,cifar100,8,matched,mwmd2-unif,peers,2,200,64,0.1,0.9,0.0005,True,0,60,0.1,1.0,2,,disagreement,1.0,1,0.0,0.5,uniform,complete,0.0,0.0,42,0,45000,5000,10000,3760032,114,0.010000000000000002,2,123.35,0.640525,0.009246181644332966,0.627,0.654,0.688,0.047474999999999934,0.6381749999999999,0.683,0.2833285714285714,0.6517188512588533,0.2875142857142857,0.6471603461043302,0.640525,resnet32,0.6524,0.6524,1.2308832421390847,0.9439319119026716,0.28695133329496125,resnet32,0.6456,0.6404,1.239714603363113,0.9491462483155456,0.2905683540527455,resnet32,0.654,0.6456,1.2443162333220243,0.95610418966548,0.2882120441645384,resnet32,0.6434,0.6484,1.2337642632086168,0.9437933679331433,0.28997089267200366,resnet32,0.6358,0.6324,1.2503749635070562,0.9637593786147508,0.28661558628928935,resnet32,0.627,0.6274,1.252919825301929,0.9646818888458338,0.2882379373450848,resnet32,0.6351,0.6304,1.2550379615277052,0.9671911800449545,0.28784678199074487,resnet32,0.6309,0.6284,1.2452787776392968,0.9598547965288162,0.2854239811951464,9000000.0,5000.0,36010000.0,4141150000.0,33129200000.0
resnet32x8_cifar100_K8_mwmd2-unif_seed0002_d001,d001,resnet32:8,cifar100,8,matched,mwmd2-unif,peers,2,200,64,0.1,0.9,0.0005,True,0,60,0.1,1.0,2,,disagreement,1.0,1,0.0,0.5,uniform,complete,0.0,0.0,42,0,45000,5000,10000,3760032,115,0.010000000000000002,2,125.3,0.6413875,0.00707626976238188,0.632,0.6518,0.6911,0.04971250000000005,0.6409,0.6864,0.2950071428571429,0.632779114247005,0.2940607142857143,0.6379092207181845,0.6413875,resnet32,0.6501,0.656,1.2292967865412885,0.9444680376486345,0.2848287488926541,resnet32,0.6351,0.6318,1.2281771534207193,0.9427975373003971,0.28537961768663744,resnet32,0.6329,0.6316,1.2333724480122328,0.9464833776212551,0.28688907193612645,resnet32,0.6452,0.645,1.233061122030697,0.9446929408745333,0.2883681818334894,resnet32,0.6428,0.6406,1.2528952300887217,0.9631828354163603,0.2897123963868415,resnet32,0.6518,0.6492,1.2522991749204018,0.9626792549070987,0.289619921262122,resnet32,0.6412,0.6398,1.2468659313056956,0.960963249206543,0.28590268292464316,resnet32,0.632,0.6332,1.23906425234269,0.9535911312665452,0.2854731233197857,9000000.0,5000.0,36010000.0,4177160000.0,33417280000.0
resnet32x8_cifar100_K8_mwmd2-unif_seed0002_d001,d001,resnet32:8,cifar100,8,matched,mwmd2-unif,peers,2,200,64,0.1,0.9,0.0005,True,0,60,0.1,1.0,2,,disagreement,1.0,1,0.0,0.5,uniform,complete,0.0,0.0,42,0,45000,5000,10000,3760032,116,0.010000000000000002,2,125.55,0.637425,0.007938474349646804,0.6291,0.654,0.691,0.05357499999999993,0.6333249999999999,0.6868,0.3041571428571429,0.6185001242417355,0.30092500000000005,0.6304810313737299,0.637425,resnet32,0.654,0.654,1.2230682639743795,0.9348920339041136,0.2881762308534235,resnet32,0.6348,0.6294,1.2332439478486776,0.9428700052879073,0.29037394376725634,resnet32,0.6433,0.6382,1.2236741896380077,0.939818427813324,0.283855760935694,resnet32,0.6295,0.6274,1.2209779527884992,0.9354347601024942,0.28554319258017297,resnet32,0.6421,0.6286,1.2470907328481025,0.9566243554211475,0.2904663757548075,resnet32,0.6332,0.6344,1.2476701836355708,0.9576377601108768,0.29003242242404004,resnet32,0.6291,0.6294,1.247728407382965,0.9602317126806487,0.2874966913156889,resnet32,0.6334,0.6252,1.23395454460247,0.9478922194208611,0.2860623265574263,9000000.0,5000.0,36010000.0,4213170000.0,33705360000.0
resnet32x8_cifar100_K8_mwmd2-unif_seed0002_d001,d001,resnet32:8,cifar100,8,matched,mwmd2-unif,peers,2,200,64,0.1,0.9,0.0005,True,0,60,0.1,1.0,2,,disagreement,1.0,1,0.0,0.5,uniform,complete,0.0,0.0,42,0,45000,5000,10000,3760032,117,0.010000000000000002,2,124.37,0.6416,0.006550572494064918,0.631,0.649,0.6966,0.05500000000000005,0.64395,0.6978,0.29677142857142863,0.6306085480399937,0.2988035714285714,0.6313170510644339,0.6416,resnet32,0.631,0.636,1.2260642879727213,0.9369005124846642,0.2891637751070613,resnet32,0.638,0.645,1.2422159115191211,0.9490876046263359,0.29312830708328297,resnet32,0.649,0.6472,1.2340163635089993,0.9453934872184288,0.28862287665039976,resnet32,0.6326,0.6358,1.23040734290738,0.9427842371673747,0.2876231065231629,resnet32,0.6469,0.6508,1.2455419554290446,0.9567088233307004,0.2888331312940202,resnet32,0.6445,0.6408,1.2473472278903832,0.9574327834627845,0.2899144462690773,resnet32,0.6483,0.6508,1.2485312880440191,0.9598355674269524,0.2886957200455733,resnet32,0.6425,0.6452,1.2438538032160564,0.953578064895489,0.2902757385110652,9000000.0,5000.0,36010000.0,4249180000.0,33993440000.0
resnet32x8_cifar100_K8_mwmd2-unif_seed0002_d001,d001,resnet32:8,cifar100,8,matched,mwmd2-unif,peers,2,200,64,0.1,0.9,0.0005,True,0,60,0.1,1.0,2,,disagreement,1.0,1,0.0,0.5,uniform,complete,0.0,0.0,42,0,45000,5000,10000,3760032,118,0.010000000000000002,2,122.1,0.6462625,0.007121435511889435,0.6342,0.6564,0.6975,0.05123750000000005,0.6423,0.6906,0.29387857142857143,0.6323496580607324,0.29590357142857143,0.6299478343219947,0.6462625,resnet32,0.6342,0.6352,1.2262946331704205,0.9362523533742536,0.2900422803464938,resnet32,0.6455,0.6406,1.233954362401908,0.944156415252523,0.28979794844053686,resnet32,0.6392,0.6432,1.229977973906154,0.9416219462555918,0.2883560287723826,resnet32,0.6507,0.6466,1.225245992907069,0.9372615531425584,0.28798443999734114,resnet32,0.6438,0.6316,1.2409928237003358,0.9540828852490946,0.2869099366732619,resnet32,0.6564,0.649,1.244698465886441,0.9567465501922098,0.2879519154825671,resnet32,0.6451,0.646,1.2444115471602841,0.9561765806918795,0.28823496610857546,resnet32,0.6552,0.6462,1.2368235549127513,0.9503996451808647,0.2864239079327407,9000000.0,5000.0,36010000.0,4285190000.0,34281520000.0
resnet32x8_cifar100_K8_mwmd2-unif_seed0002_d001,d001,resnet32:8,cifar100,8,matched,mwmd2-unif,peers,2,200,64,0.1,0.9,0.0005,True,0,60,0.1,1.0,2,,disagreement,1.0,1,0.0,0.5,uniform,complete,0.0,0.0,42,0,45000,5000,10000,3760032,119,0.010000000000000002,2,122.51,0.64785,0.005680668974689502,0.6408,0.6567,0.6951,0.047250000000000014,0.64505,0.695,0.2895928571428571,0.630287036593135,0.2911821428571428,0.6332721115902225,0.64785,resnet32,0.6549,0.6462,1.2196229751306502,0.9307919677177613,0.2888310081960464,resnet32,0.6414,0.646,1.2309834815731102,0.9419255295599048,0.28905795237303455,resnet32,0.6567,0.647,1.2214664178477093,0.933737672823058,0.28772874460132286,resnet32,0.6467,0.6476,1.2181101921437816,0.9270661673931913,0.2910440256819129,resnet32,0.6408,0.6386,1.2409209456633439,0.949840122833848,0.2910808253059672,resnet32,0.6431,0.6476,1.2380432854829864,0.9478887433016842,0.2901545428162949,resnet32,0.6517,0.6438,1.2307582760060376,0.9440497423268177,0.2867085337427191,resnet32,0.6475,0.6436,1.2308311961929908,0.9414059381762688,0.28942525740289554,9000000.0,5000.0,36010000.0,4321200000.0,34569600000.0
resnet32x8_cifar100_K8_mwmd2-unif_seed0002_d001,d001,resnet32:8,cifar100,8,matched,mwmd2-unif,peers,2,200,64,0.1,0.9,0.0005,True,0,60,0.1,1.0,2,,disagreement,1.0,1,0.0,0.5,uniform,complete,0.0,0.0,42,0,45000,5000,10000,3760032,120,0.0010000000000000002,2,123.56,0.7007625,0.001953162499639993,0.6975,0.7035,0.7285,0.02773750000000008,0.6997500000000001,0.7344,0.20870000000000002,0.7008543456326847,0.20867500000000003,0.7097044562206364,0.7007625,resnet32,0.7005,0.7016,0.979844734665345,0.7801857801492919,0.19965895436788825,resnet32,0.6975,0.6976,0.9827834922312335,0.7862955422394655,0.19648795184383,resnet32,0.6984,0.7024,0.9848920561542566,0.7859830835580148,0.19890897219407966,resnet32,0.7029,0.7042,0.978336985053664,0.7805795378729024,0.19775744617535648,resnet32,0.701,0.6958,0.994564671238715,0.7977789761921898,0.196785694940693,resnet32,0.7035,0.7026,1.0020708821883255,0.7962766007350927,0.20579428249038756,resnet32,0.7021,0.6942,1.0029210560023785,0.79902852690694,0.20389252926476978,resnet32,0.7002,0.6996,0.9926365275274623,0.7911347066983581,0.20150182065977293,9000000.0,5000.0,36010000.0,4357210000.0,34857680000.0
resnet32x8_cifar100_K8_mwmd2-unif_seed0002_d001,d001,resnet32:8,cifar100,8,matched,mwmd2-unif,peers,2,200,64,0.1,0.9,0.0005,True,0,60,0.1,1.0,2,,disagreement,1.0,1,0.0,0.5,uniform,complete,0.0,0.0,42,0,45000,5000,10000,3760032,121,0.0010000000000000002,2,121.66,0.7052875000000001,0.0011395585768182426,0.7038,0.7075,0.7359,0.03061249999999993,0.7038249999999999,0.7356,0.20567142857142853,0.7021692944604434,0.2081107142857143,0.7020555817791015,0.7052875000000001,resnet32,0.7049,0.7056,0.9014061996713281,0.7212985127486966,0.1801076875893738,resnet32,0.7044,0.7026,0.9086968261240558,0.7249721846627918,0.18372464220208878,resnet32,0.7065,0.7066,0.9043257102708925,0.7253139773383737,0.1790117337580093,resnet32,0.705,0.7086,0.9010691755366597,0.7205989314243197,0.18047024368901143,resnet32,0.7038,0.701,0.92576165065508,0.7383524859324098,0.1874091666382314,resnet32,0.7045,0.704,0.9283925612372431,0.7408398258584467,0.1875527365217832,resnet32,0.7075,0.7008,0.9279760380529545,0.7380459405143153,0.1899300988932902,resnet32,0.7057,0.7014,0.91321222263981,0.7300799050876363,0.18313231705476277,9000000.0,5000.0,36010000.0,4393220000.0,35145760000.0
resnet32x8_cifar100_K8_mwmd2-unif_seed0002_d001,d001,resnet32:8,cifar100,8,matched,mwmd2-unif,peers,2,200,64,0.1,0.9,0.0005,True,0,60,0.1,1.0,2,,disagreement,1.0,1,0.0,0.5,uniform,complete,0.0,0.0,42,0,45000,5000,10000,3760032,122,0.0010000000000000002,2,123.38,0.7057625000000001,0.0017225979652838311,0.7033,0.7082,0.7364,0.030637499999999984,0.7060249999999999,0.7382,0.2069857142857143,0.6981143978868349,0.209475,0.6992586994411564,0.7057625000000001,resnet32,0.7049,0.7108,0.8884151363745332,0.7054486703550951,0.18296646610410375,resnet32,0.7075,0.7058,0.8913534796712074,0.705382493282245,0.18597098629371348,resnet32,0.7033,0.7078,0.883276314813305,0.7043888106180186,0.17888750629076225,resnet32,0.7069,0.7086,0.8818764400414445,0.7015902054157447,0.1802862347632816,resnet32,0.7065,0.7014,0.9028940776532347,0.7198053365149959,0.18308874194256283,resnet32,0.7082,0.7078,0.9053347643295472,0.71798566872762,0.18734909340061925,resnet32,0.7033,0.6992,0.9074431149797006,0.7215201775120064,0.18592293686445124,resnet32,0.7055,0.7068,0.8929495574398474,0.7087517935274676,0.1841977646532045,9000000.0,5000.0,36010000.0,4429230000.0,35433840000.0
resnet32x8_cifar100_K8_mwmd2-unif_seed0002_d001,d001,resnet32:8,cifar100,8,matched,mwmd2-unif,peers,2,200,64,0.1,0.9,0.0005,True,0,60,0.1,1.0,2,,disagreement,1.0,1,0.0,0.5,uniform,complete,0.0,0.0,42,0,45000,5000,10000,3760032,123,0.0010000000000000002,2,121.84,0.7092625,0.001114604750573043,0.7076,0.7114,0.7393,0.03003749999999994,0.708725,0.7414,0.20530714285714285,0.698890169880235,0.20804642857142858,0.7010782010751492,0.7092625,resnet32,0.7098,0.7074,0.8651132542131976,0.6824039173397151,0.18270933638665487,resnet32,0.7088,0.7064,0.8675230383364991,0.6857827232557941,0.18174031550403347,resnet32,0.7082,0.708,0.8626622853123329,0.6819858249615539,0.18067646086935632,resnet32,0.71,0.7154,0.8614480129697106,0.6814867576838217,0.17996125452389772,resnet32,0.7087,0.7044,0.8828970979560505,0.697216581214558,0.18568051649807868,resnet32,0.7096,0.7112,0.88401178592308,0.7005773231979798,0.1834344634870914,resnet32,0.7076,0.7056,0.8845460585911166,0.6989045426757499,0.185641514825296,resnet32,0.7114,0.7114,0.8744591218842701,0.6899616104889322,0.18449751078151166,9000000.0,5000.0,36010000.0,4465240000.0,35721920000.0
resnet32x8_cifar100_K8_mwmd2-unif_seed0002_d001,d001,resnet32:8,cifar100,8,matched,mwmd2-unif,peers,2,200,64,0.1,0.9,0.0005,True,0,60,0.1,1.0,2,,disagreement,1.0,1,0.0,0.5,uniform,complete,0.0,0.0,42,0,45000,5000,10000,3760032,124,0.0010000000000000002,2,123.47,0.7082375,0.0010827482394351756,0.7066,0.7098,0.7414,0.033162499999999984,0.709225,0.739,0.20262857142857146,0.7010886983569005,0.2101892857142857,0.6972217076246979,0.7082375,resnet32,0.7098,0.7102,0.8498979118567976,0.667129621417685,0.18276828930670905,resnet32,0.7073,0.7064,0.8547359777783806,0.6700486027296971,0.18468737415969372,resnet32,0.709,0.7116,0.8515582084655762,0.6687876539812847,0.18277055419854482,resnet32,0.7066,0.7106,0.8487051352011886,0.6653020279905335,0.18340310657566244,resnet32,0.7073,0.7046,0.8696000879969109,0.6825762772085991,0.18702380997340448,resnet32,0.708,0.7126,0.8690527478571642,0.6849171035838398,0.1841356445273215,resnet32,0.7096,0.7084,0.874541518532417,0.6848866009915416,0.18965491704346443,resnet32,0.7083,0.7094,0.8623416715047576,0.6757905098863624,0.1865511624015529,9000000.0,5000.0,36010000.0,4501250000.0,36010000000.0
resnet32x8_cifar100_K8_mwmd2-unif_seed0002_d001,d001,resnet32:8,cifar100,8,matched,mwmd2-unif,peers,2,200,64,0.1,0.9,0.0005,True,0,60,0.1,1.0,2,,disagreement,1.0,1,0.0,0.5,uniform,complete,0.0,0.0,42,0,45000,5000,10000,3760032,125,0.0010000000000000002,2,123.68,0.7093,0.0012338962679253136,0.7076,0.7114,0.7397,0.030399999999999983,0.708475,0.7376,0.20559999999999995,0.6992828926732467,0.20803571428571432,0.6971196711840125,0.7093,resnet32,0.7099,0.709,0.8311177464202046,0.6507015373896469,0.1804162083214826,resnet32,0.709,0.7044,0.8378856259144165,0.6550768481736834,0.18280877798414705,resnet32,0.7096,0.7102,0.8414652285758745,0.6559067970903759,0.18555843233215538,resnet32,0.7114,0.7084,0.8310456320389428,0.6490496750921011,0.18199595709500666,resnet32,0.7076,0.71,0.857876764271747,0.6683328384110196,0.1895439232149246,resnet32,0.7082,0.7124,0.8527723621492359,0.6696086142381484,0.1831637467892671,resnet32,0.7081,0.7068,0.8558130823922429,0.6690761299211193,0.1867369520689615,resnet32,0.7106,0.7066,0.8473195034841244,0.6612249140797014,0.1860945879333568,9000000.0,5000.0,36010000.0,4537260000.0,36298080000.0
resnet32x8_cifar100_K8_mwmd2-unif_seed0002_d001,d001,resnet32:8,cifar100,8,matched,mwmd2-unif,peers,2,200,64,0.1,0.9,0.0005,True,0,60,0.1,1.0,2,,disagreement,1.0,1,0.0,0.5,uniform,complete,0.0,0.0,42,0,45000,5000,10000,3760032,126,0.0010000000000000002,2,124.76,0.707775,0.0008452070752188542,0.7059,0.7089,0.7411,0.03332499999999994,0.7099,0.7438,0.2087428571428572,0.691422991267857,0.21326428571428568,0.6922459344576704,0.707775,resnet32,0.7082,0.7124,0.8306176326322284,0.6438130031509156,0.18680462950247934,resnet32,0.7085,0.709,0.8346327376467261,0.645890151870183,0.18874258544846353,resnet32,0.7077,0.7124,0.8322860349647023,0.6480920793996616,0.18419395630586555,resnet32,0.7089,0.715,0.822342146907679,0.6391710036603565,0.18317114310974086,resnet32,0.7074,0.7066,0.8472820726138625,0.6607124829156832,0.18656958895735443,resnet32,0.7059,0.709,0.8449319985441186,0.6578105428171429,0.1871214561714706,resnet32,0.7076,0.7082,0.8467297883365642,0.6605184936726635,0.18621129338333214,resnet32,0.708,0.7066,0.8353414399210702,0.6525775796141137,0.18276386056095362,9000000.0,5000.0,36010000.0,4573270000.0,36586160000.0
resnet32x8_cifar100_K8_mwmd2-unif_seed0002_d001,d001,resnet32:8,cifar100,8,matched,mwmd2-unif,peers,2,200,64,0.1,0.9,0.0005,True,0,60,0.1,1.0,2,,disagreement,1.0,1,0.0,0.5,uniform,complete,0.0,0.0,42,0,45000,5000,10000,3760032,127,0.0010000000000000002,2,124.52,0.7099375,0.0017634749076751767,0.7068,0.712,0.7424,0.03246249999999995,0.7104,0.7416,0.20780714285714288,0.6920747312265716,0.21174999999999997,0.6923699356540348,0.7099375,resnet32,0.712,0.7098,0.8332424729808487,0.641793427946554,0.19144904500254514,resnet32,0.7083,0.7116,0.8299702414396134,0.641248716803437,0.18872152403293346,resnet32,0.7111,0.7164,0.8250046667896889,0.6404759857634251,0.18452868215866725,resnet32,0.7092,0.7108,0.8242590506137772,0.6390869593755766,0.18517208988354963,resnet32,0.709,0.7046,0.8508533792231571,0.6582163403403353,0.19263703979297794,resnet32,0.7118,0.7102,0.8464033794166013,0.6562694110060957,0.19013396826234052,resnet32,0.7068,0.707,0.848137294111604,0.6561952251940966,0.19194206851534545,resnet32,0.7113,0.7128,0.8355200935832479,0.6456054124811833,0.18991468092214994,9000000.0,5000.0,36010000.0,4609280000.0,36874240000.0
resnet32x8_cifar100_K8_mwmd2-unif_seed0002_d001,d001,resnet32:8,cifar100,8,matched,mwmd2-unif,peers,2,200,64,0.1,0.9,0.0005,True,0,60,0.1,1.0,2,,disagreement,1.0,1,0.0,0.5,uniform,complete,0.0,0.0,42,0,45000,5000,10000,3760032,128,0.0010000000000000002,2,124.72,0.708875,0.0021924586655168517,0.7054,0.7119,0.7428,0.03392499999999998,0.7093,0.7424,0.21024285714285715,0.6905742999941576,0.21460000000000004,0.6893049105850885,0.708875,resnet32,0.7116,0.7102,0.8245434931225397,0.6334419269538061,0.19110156580890444,resnet32,0.7054,0.707,0.8277622567151081,0.6357924867929383,0.19196977007033472,resnet32,0.7119,0.7128,0.8226271755146709,0.635070685212585,0.18755648978350853,resnet32,0.7098,0.7112,0.817750222472982,0.6313502780500461,0.18639994379852645,resnet32,0.7083,0.7042,0.8432872602716088,0.6539330087094144,0.1893542530015111,resnet32,0.7066,0.7096,0.8429128521714698,0.6515587672421878,0.1913540878608315,resnet32,0.7074,0.7102,0.8375379115512426,0.649463110095398,0.18807480365715243,resnet32,0.71,0.7092,0.8332168569957669,0.6422121488827873,0.1910047083246437,9000000.0,5000.0,36010000.0,4645290000.0,37162320000.0
resnet32x8_cifar100_K8_mwmd2-unif_seed0002_d001,d001,resnet32:8,cifar100,8,matched,mwmd2-unif,peers,2,200,64,0.1,0.9,0.0005,True,0,60,0.1,1.0,2,,disagreement,1.0,1,0.0,0.5,uniform,complete,0.0,0.0,42,0,45000,5000,10000,3760032,129,0.0010000000000000002,2,124.9,0.7099624999999999,0.0019176401513318296,0.7068,0.7121,0.7435,0.03353750000000011,0.709625,0.7434,0.2100357142857143,0.6889200771556191,0.213775,0.6901405411809287,0.7099624999999999,resnet32,0.7073,0.7104,0.8114220334894278,0.6221436075442894,0.1892784267177128,resnet32,0.7068,0.709,0.8185456429015506,0.6272703002376313,0.1912753409811888,resnet32,0.7119,0.7104,0.8081406015394763,0.6228435694832694,0.1852970317704603,resnet32,0.7115,0.7074,0.8062952672216025,0.6190257444131103,0.18726952365514907,resnet32,0.7101,0.7092,0.8320888731713322,0.6395538929341869,0.19253498104146935,resnet32,0.7109,0.7098,0.8260225488973613,0.6363450436090882,0.18967750516127457,resnet32,0.7121,0.707,0.8285773336379365,0.6372453572482548,0.19133197612510147,resnet32,0.7091,0.7138,0.8280313288454305,0.6305992948314683,0.19743203361180017,9000000.0,5000.0,36010000.0,4681300000.0,37450400000.0
resnet32x8_cifar100_K8_mwmd2-unif_seed0002_d001,d001,resnet32:8,cifar100,8,matched,mwmd2-unif,peers,2,200,64,0.1,0.9,0.0005,True,0,60,0.1,1.0,2,,disagreement,1.0,1,0.0,0.5,uniform,complete,0.0,0.0,42,0,45000,5000,10000,3760032,130,0.0010000000000000002,2,124.77,0.709825,0.0019879323429131,0.7072,0.7126,0.7446,0.034775,0.7106,0.7462,0.21263571428571426,0.6862217621471022,0.21472500000000003,0.6875704651565272,0.709825,resnet32,0.7092,0.7088,0.8075533294203606,0.6176652515053072,0.18988807805263522,resnet32,0.7112,0.7102,0.8127529780295762,0.6210256323895671,0.19172734617975287,resnet32,0.7121,0.716,0.8128990933129733,0.6204069213179703,0.19249217239716512,resnet32,0.7126,0.7128,0.804557040841742,0.6146570258689198,0.18990001381925223,resnet32,0.7078,0.7092,0.8290672436017882,0.6349888192913071,0.19407842369665476,resnet32,0.7108,0.71,0.8289863157340072,0.634946411814202,0.19403990409971977,resnet32,0.7077,0.7086,0.8287189225242897,0.6342004056681286,0.19451851743823764,resnet32,0.7072,0.7092,0.817546191117303,0.6242846700955521,0.19326151998459615,9000000.0,5000.0,36010000.0,4717310000.0,37738480000.0
resnet32x8_cifar100_K8_mwmd2-unif_seed0002_d001,d001,resnet32:8,cifar100,8,matched,mwmd2-unif,peers,2,200,64,0.1,0.9,0.0005,True,0,60,0.1,1.0,2,,disagreement,1.0,1,0.0,0.5,uniform,complete,0.0,0.0,42,0,45000,5000,10000,3760032,131,0.0010000000000000002,2,124.85,0.709875,0.0020320863662748223,0.7055,0.7122,0.7416,0.031725,0.7095,0.7434,0.21153571428571424,0.6850987014552059,0.21305357142857145,0.6882970229155999,0.709875,resnet32,0.7122,0.714,0.8037581975487146,0.610606927213005,0.19315126930913804,resnet32,0.7115,0.7016,0.8094047825275497,0.6145941696383737,0.1948106122541834,resnet32,0.7092,0.7112,0.8026516799899664,0.6120609539476308,0.19059072656091303,resnet32,0.711,0.7142,0.8008064233951948,0.6099061990495432,0.19090022387999026,resnet32,0.7055,0.7072,0.8202593946744773,0.6259594884785739,0.19429990634406832,resnet32,0.7088,0.712,0.8191599764607169,0.6270992062054574,0.1920607689217749,resnet32,0.7093,0.7096,0.8221700175411322,0.6274518316018988,0.19471818672239102,resnet32,0.7115,0.7062,0.8123886802826416,0.6204385345124386,0.1919501465533606,9000000.0,5000.0,36010000.0,4753320000.0,38026560000.0
resnet32x8_cifar100_K8_mwmd2-unif_seed0002_d001,d001,resnet32:8,cifar100,8,matched,mwmd2-unif,peers,2,200,64,0.1,0.9,0.0005,True,0,60,0.1,1.0,2,,disagreement,1.0,1,0.0,0.5,uniform,complete,0.0,0.0,42,0,45000,5000,10000,3760032,132,0.0010000000000000002,2,124.84,0.71115,0.0010977249200049813,0.7094,0.713,0.7429,0.031750000000000056,0.7096,0.7422,0.21216428571428575,0.6850344914258711,0.21529642857142858,0.6829826696318261,0.71115,resnet32,0.713,0.7096,0.7994230272756382,0.605937339450148,0.19348568898964336,resnet32,0.7116,0.7108,0.8038029964505271,0.6085209441371262,0.1952820521864024,resnet32,0.7104,0.7106,0.8043822662227533,0.6093633097427135,0.19501895633187483,resnet32,0.7119,0.7096,0.7993975666097619,0.6056456641632725,0.19375190184324642,resnet32,0.7102,0.7046,0.8143530230630528,0.6236184031109918,0.19073461967689748,resnet32,0.7107,0.7136,0.811485546302389,0.61970971533182,0.19177582978524946,resnet32,0.7094,0.708,0.81755737088282,0.6246566819873723,0.1929006891917776,resnet32,0.712,0.71,0.8085025273771449,0.6154988849196922,0.19300364222462205,9000000.0,5000.0,36010000.0,4789330000.0,38314640000.0
resnet32x8_cifar100_K8_mwmd2-unif_seed0002_d001,d001,resnet32:8,cifar100,8,matched,mwmd2-unif,peers,2,200,64,0.1,0.9,0.0005,True,0,60,0.1,1.0,2,,disagreement,1.0,1,0.0,0.5,uniform,complete,0.0,0.0,42,0,45000,5000,10000,3760032,133,0.0010000000000000002,2,124.63,0.7113125,0.000863767185067822,0.7098,0.7129,0.7442,0.03288749999999996,0.711175,0.7466,0.21370714285714285,0.6821029043935913,0.2164107142857143,0.6833015035228021,0.7113125,resnet32,0.7117,0.7132,0.7936003981581465,0.5993541928262196,0.19424620480276644,resnet32,0.7113,0.7086,0.7954161555760286,0.600896986074407,0.19451916867613114,resnet32,0.7116,0.7156,0.7901354473168877,0.6000790199772879,0.19005642797459255,resnet32,0.7104,0.7128,0.787928394465284,0.5969760754484345,0.19095231971534138,resnet32,0.7112,0.7032,0.8110910220156339,0.6153488492762501,0.19574217417870055,resnet32,0.7116,0.7174,0.8101490730081092,0.6131499810144305,0.19699909135868604,resnet32,0.7129,0.7112,0.8082847007211637,0.6112301071089777,0.197054593866183,resnet32,0.7098,0.7074,0.8015584158711135,0.6065283815630458,0.19503003374715758,9000000.0,5000.0,36010000.0,4825340000.0,38602720000.0
resnet32x8_cifar100_K8_mwmd2-unif_seed0002_d001,d001,resnet32:8,cifar100,8,matched,mwmd2-unif,peers,2,200,64,0.1,0.9,0.0005,True,0,60,0.1,1.0,2,,disagreement,1.0,1,0.0,0.5,uniform,complete,0.0,0.0,42,0,45000,5000,10000,3760032,134,0.0010000000000000002,2,124.12,0.7113375,0.0019486774361089168,0.7079,0.7143,0.7437,0.03236250000000007,0.71065,0.7452,0.21642857142857144,0.6789125660346716,0.21690714285714288,0.6823269309223718,0.7113375,resnet32,0.7129,0.7094,0.7872575329701331,0.594047735826197,0.19320979791651058,resnet32,0.7108,0.709,0.7892709923484786,0.5940748008222065,0.1951961913357743,resnet32,0.713,0.716,0.7891173521480099,0.5930567013353787,0.19606065015647223,resnet32,0.7143,0.713,0.7848521964201196,0.5885561097582633,0.19629608602686363,resnet32,0.7079,0.7076,0.8049904080954465,0.608030158306726,0.19696025023321537,resnet32,0.7105,0.7104,0.8066498254510489,0.6088915713639422,0.19775825349444692,resnet32,0.7095,0.7116,0.8065600053153255,0.6081353110599924,0.19842469293243167,resnet32,0.7118,0.7082,0.7967806711623614,0.599200305740603,0.19758036415177313,9000000.0,5000.0,36010000.0,4861350000.0,38890800000.0
resnet32x8_cifar100_K8_mwmd2-unif_seed0002_d001,d001,resnet32:8,cifar100,8,matched,mwmd2-unif,peers,2,200,64,0.1,0.9,0.0005,True,0,60,0.1,1.0,2,,disagreement,1.0,1,0.0,0.5,uniform,complete,0.0,0.0,42,0,45000,5000,10000,3760032,135,0.0010000000000000002,2,122.34,0.7108875,0.0012603942835478035,0.7096,0.7139,0.7451,0.03421249999999998,0.71035,0.7464,0.21561428571428573,0.6808352801727742,0.2191071428571429,0.6792844848577587,0.7108875,resnet32,0.7107,0.7088,0.7866364064287733,0.5891505954363807,0.19748581054789777,resnet32,0.7103,0.7016,0.7906598971140656,0.5946823529983786,0.1959775434806943,resnet32,0.7113,0.7178,0.7833510121245953,0.5908676143735647,0.19248339722187005,resnet32,0.7096,0.715,0.7803446073508398,0.587446226272732,0.19289838152260266,resnet32,0.7108,0.7058,0.8077458733354103,0.6070309039205313,0.20071496875871989,resnet32,0.7139,0.7142,0.803015829614279,0.6042526392266154,0.19876319080040875,resnet32,0.7097,0.7108,0.7998623291707851,0.6018724220550873,0.19798990891484375,resnet32,0.7108,0.7088,0.7918577837673101,0.5964672908356244,0.19539049345026302,9000000.0,5000.0,36010000.0,4897360000.0,39178880000.0
resnet32x8_cifar100_K8_mwmd2-unif_seed0002_d001,d001,resnet32:8,cifar100,8,matched,mwmd2-unif,peers,2,200,64,0.1,0.9,0.0005,True,0,60,0.1,1.0,2,,disagreement,1.0,1,0.0,0.5,uniform,complete,0.0,0.0,42,0,45000,5000,10000,3760032,136,0.0010000000000000002,2,122.53,0.71105,0.0017442763542512227,0.7087,0.7138,0.7447,0.03365000000000007,0.7118,0.7454,0.21455000000000002,0.6824644180706285,0.21894642857142857,0.6807763866736714,0.71105,resnet32,0.7118,0.7138,0.7827059215104039,0.5858273733491924,0.19687854826704346,resnet32,0.7087,0.7102,0.7849157882261683,0.5865601435811683,0.19835564436983655,resnet32,0.7138,0.7138,0.7873177767985247,0.5891469745812091,0.19817080213264984,resnet32,0.7116,0.7128,0.7818930955519053,0.5832711853171614,0.19862191159997813,resnet32,0.7095,0.7062,0.799949824556031,0.6015922656198117,0.1983575593172149,resnet32,0.7105,0.7154,0.7991774968210269,0.6015236851420592,0.19765381095930934,resnet32,0.7132,0.7088,0.8017387060363862,0.602168065495789,0.1995706403500993,resnet32,0.7093,0.7134,0.7880913033150136,0.593004944014617,0.19508635928981344,9000000.0,5000.0,36010000.0,4933370000.0,39466960000.0
resnet32x8_cifar100_K8_mwmd2-unif_seed0002_d001,d001,resnet32:8,cifar100,8,matched,mwmd2-unif,peers,2,200,64,0.1,0.9,0.0005,True,0,60,0.1,1.0,2,,disagreement,1.0,1,0.0,0.5,uniform,complete,0.0,0.0,42,0,45000,5000,10000,3760032,137,0.0010000000000000002,2,122.91,0.71165,0.0009861541461658057,0.7098,0.713,0.7444,0.032749999999999946,0.71035,0.745,0.21508571428571424,0.6789331194949357,0.2177821428571429,0.6790209898112576,0.71165,resnet32,0.713,0.7092,0.7786442361433398,0.5800517273812809,0.19859250789423558,resnet32,0.7123,0.7108,0.7830056269568476,0.5837932317517698,0.1992123945277523,resnet32,0.7121,0.7132,0.7842691550454632,0.582239345012402,0.20202980969439854,resnet32,0.7115,0.7134,0.7796117941933599,0.578426749699495,0.20118504482194444,resnet32,0.7109,0.7056,0.7981159281916916,0.5995322903618217,0.19858363772403786,resnet32,0.711,0.7138,0.8008675131184811,0.597465674138882,0.20340183838693934,resnet32,0.7126,0.708,0.7997186271135103,0.5968705935573037,0.20284803282596509,resnet32,0.7098,0.7088,0.7846274602396245,0.5870781384662471,0.19754932264120065,9000000.0,5000.0,36010000.0,4969380000.0,39755040000.0
resnet32x8_cifar100_K8_mwmd2-unif_seed0002_d001,d001,resnet32:8,cifar100,8,matched,mwmd2-unif,peers,2,200,64,0.1,0.9,0.0005,True,0,60,0.1,1.0,2,,disagreement,1.0,1,0.0,0.5,uniform,complete,0.0,0.0,42,0,45000,5000,10000,3760032,138,0.0010000000000000002,2,122.68,0.7107375,0.0014141583185768064,0.7084,0.7127,0.7448,0.034062499999999996,0.7112,0.7466,0.21567142857142854,0.6780681916133151,0.2196714285714286,0.6791928137922135,0.7107375,resnet32,0.7125,0.7124,0.7719718836755916,0.5722895222292705,0.1996823607795787,resnet32,0.7084,0.7076,0.7712794817052782,0.5749077911658044,0.19637169217987155,resnet32,0.711,0.716,0.773672662887045,0.576686720321463,0.19698594250208276,resnet32,0.7127,0.7112,0.7690239116041497,0.5724610644815997,0.19656284850895067,resnet32,0.7092,0.7062,0.7898490730334412,0.5898786623623561,0.1999704104805873,resnet32,0.7108,0.7126,0.792009243318303,0.5892055553638123,0.20280368726658213,resnet32,0.7099,0.7106,0.795383537823165,0.5899419552561912,0.20544158318080008,resnet32,0.7114,0.713,0.7776196485554631,0.5801256900145249,0.19749395858327096,9000000.0,5000.0,36010000.0,5005390000.0,40043120000.0
resnet32x8_cifar100_K8_mwmd2-unif_seed0002_d001,d001,resnet32:8,cifar100,8,matched,mwmd2-unif,peers,2,200,64,0.1,0.9,0.0005,True,0,60,0.1,1.0,2,,disagreement,1.0,1,0.0,0.5,uniform,complete,0.0,0.0,42,0,45000,5000,10000,3760032,139,0.0010000000000000002,2,123.26,0.713225,0.0017311484627264063,0.7106,0.7168,0.7453,0.032074999999999965,0.71315,0.7482,0.21436428571428573,0.6781095779602759,0.21810714285714286,0.6802108262094972,0.713225,resnet32,0.7168,0.713,0.7717739623463289,0.5718480845997956,0.1999258786461062,resnet32,0.7145,0.7118,0.7827830496244133,0.5796624359844084,0.2031206137775867,resnet32,0.7134,0.7196,0.7724830753762614,0.5763556882315739,0.19612738732460208,resnet32,0.7106,0.7148,0.770999866495417,0.572187578601932,0.19881228740665724,resnet32,0.7119,0.7106,0.7918070774864067,0.5889749855480411,0.20283209225586193,resnet32,0.7128,0.7112,0.7903763213702901,0.589871987234801,0.20050433445298535,resnet32,0.7134,0.7118,0.7906958256340162,0.5888452513397417,0.2018505752467635,resnet32,0.7124,0.7124,0.7830030685290694,0.5798025790771301,0.20320048894394527,9000000.0,5000.0,36010000.0,5041400000.0,40331200000.0
resnet32x8_cifar100_K8_mwmd2-unif_seed0002_d001,d001,resnet32:8,cifar100,8,matched,mwmd2-unif,peers,2,200,64,0.1,0.9,0.0005,True,0,60,0.1,1.0,2,,disagreement,1.0,1,0.0,0.5,uniform,complete,0.0,0.0,42,0,45000,5000,10000,3760032,140,0.0010000000000000002,2,124.2,0.7121999999999999,0.0014071247279470464,0.7091,0.7144,0.747,0.03480000000000005,0.71405,0.7474,0.21366428571428572,0.6807911624104809,0.21944642857142854,0.6779591567391592,0.7121999999999999,resnet32,0.712,0.7182,0.7736150741323151,0.5719405604441735,0.20167451377280735,resnet32,0.7123,0.7116,0.7708890798755668,0.5702193831940267,0.20066969583488323,resnet32,0.7131,0.7176,0.7741188444197178,0.5698592766950076,0.20425956685688684,resnet32,0.7128,0.7182,0.7696625429882922,0.5661695202897218,0.2034930237568915,resnet32,0.7121,0.7096,0.7878042194484309,0.584845336492766,0.2029588829344985,resnet32,0.7118,0.7132,0.7857431208460846,0.5853293744677847,0.20041374589147215,resnet32,0.7091,0.7102,0.7856875789690424,0.584398392630233,0.20128918750296262,resnet32,0.7144,0.7138,0.7811783428557895,0.5763707280328328,0.204807613235475,9000000.0,5000.0,36010000.0,5077410000.0,40619280000.0
resnet32x8_cifar100_K8_mwmd2-unif_seed0002_d001,d001,resnet32:8,cifar100,8,matched,mwmd2-unif,peers,2,200,64,0.1,0.9,0.0005,True,0,60,0.1,1.0,2,,disagreement,1.0,1,0.0,0.5,uniform,complete,0.0,0.0,42,0,45000,5000,10000,3760032,141,0.0010000000000000002,2,125.04,0.7112875,0.002105610065990365,0.7064,0.7139,0.7464,0.03511249999999999,0.71025,0.744,0.21587142857142855,0.6805798238622789,0.2203285714285714,0.6754984042672012,0.7112875,resnet32,0.7139,0.7106,0.7678678569129922,0.5648982097310099,0.2029696459966627,resnet32,0.7125,0.7086,0.7669946310449053,0.5670417057011615,0.1999529249733314,resnet32,0.7116,0.7126,0.7676202876662667,0.5673233808695592,0.20029690583363513,resnet32,0.7103,0.715,0.7689919680018317,0.5652576462281022,0.20373432176314632,resnet32,0.7064,0.7042,0.7876160929656841,0.5826783293688839,0.20493776338513603,resnet32,0.711,0.7142,0.7834611408920451,0.5800788452933457,0.2033822960008613,resnet32,0.7121,0.71,0.787370070645755,0.5814836134456776,0.2058864570519125,resnet32,0.7125,0.7068,0.7762245488861068,0.5737504914656959,0.20247405742041089,9000000.0,5000.0,36010000.0,5113420000.0,40907360000.0
resnet32x8_cifar100_K8_mwmd2-unif_seed0002_d001,d001,resnet32:8,cifar100,8,matched,mwmd2-unif,peers,2,200,64,0.1,0.9,0.0005,True,0,60,0.1,1.0,2,,disagreement,1.0,1,0.0,0.5,uniform,complete,0.0,0.0,42,0,45000,5000,10000,3760032,142,0.0010000000000000002,2,123.91,0.711025,0.0017942616865998023,0.7086,0.7142,0.7428,0.031775,0.7116,0.7488,0.21606428571428574,0.6782629134162034,0.22020714285714288,0.6819812498476402,0.711025,resnet32,0.7115,0.7074,0.759238953913816,0.5562899258749728,0.2029490275625986,resnet32,0.7125,0.7104,0.7592962710610167,0.5601800172166391,0.19911625316705217,resnet32,0.712,0.7174,0.7571477868001569,0.5571960591372441,0.19995172728191724,resnet32,0.7086,0.7136,0.7620091748169877,0.5588378089226105,0.20317136621187357,resnet32,0.7142,0.71,0.7810512950897894,0.576600494117222,0.20445080232721838,resnet32,0.7087,0.7152,0.7770056296563284,0.5739035692319951,0.20310206042433326,resnet32,0.7106,0.7064,0.7789151686751707,0.5737295453860001,0.205185622357848,resnet32,0.7101,0.7124,0.7681795896708288,0.5653683952140537,0.20281119422394445,9000000.0,5000.0,36010000.0,5149430000.0,41195440000.0
resnet32x8_cifar100_K8_mwmd2-unif_seed0002_d001,d001,resnet32:8,cifar100,8,matched,mwmd2-unif,peers,2,200,64,0.1,0.9,0.0005,True,0,60,0.1,1.0,2,,disagreement,1.0,1,0.0,0.5,uniform,complete,0.0,0.0,42,0,45000,5000,10000,3760032,143,0.0010000000000000002,2,122.57,0.7106750000000001,0.0017419457511644735,0.7082,0.7131,0.7451,0.03442499999999993,0.711225,0.7464,0.21609285714285717,0.6764834793356191,0.2201428571428572,0.6769936363427924,0.7106750000000001,resnet32,0.7131,0.7132,0.7607904398305849,0.5565070569599894,0.20428338342092253,resnet32,0.7112,0.7078,0.7644313676282763,0.5608194712972776,0.20361189677549357,resnet32,0.7119,0.7142,0.7568825320764021,0.557764347134666,0.19911818434907633,resnet32,0.7082,0.7096,0.7609263161112639,0.5583874667910013,0.20253884970125827,resnet32,0.7091,0.7088,0.7839327409270812,0.5779622171751477,0.20597052345560354,resnet32,0.7086,0.714,0.7746601920490238,0.5715433496304534,0.20311684115916828,resnet32,0.7107,0.7118,0.7802693205462261,0.5744715067981319,0.20579781370576133,resnet32,0.7126,0.7104,0.7707493952475488,0.5657679441977631,0.20498145155777986,9000000.0,5000.0,36010000.0,5185440000.0,41483520000.0
resnet32x8_cifar100_K8_mwmd2-unif_seed0002_d001,d001,resnet32:8,cifar100,8,matched,mwmd2-unif,peers,2,200,64,0.1,0.9,0.0005,True,0,60,0.1,1.0,2,,disagreement,1.0,1,0.0,0.5,uniform,complete,0.0,0.0,42,0,45000,5000,10000,3760032,144,0.0010000000000000002,2,122.33,0.7116375000000001,0.002130104164119655,0.7084,0.715,0.7464,0.03476249999999981,0.7121500000000001,0.7498,0.21735,0.6767253103660058,0.2216964285714286,0.6749219923911117,0.7116375000000001,resnet32,0.7122,0.7118,0.7563375790857456,0.5544777587902817,0.2018598199038851,resnet32,0.7084,0.7072,0.764835346405479,0.5572260012003508,0.20760934596711939,resnet32,0.715,0.7132,0.7598121886734258,0.554227173794061,0.20558501403270799,resnet32,0.7141,0.7176,0.7553186799314889,0.552309287965975,0.20300939412448893,resnet32,0.7102,0.7088,0.7811576368879866,0.5733642716130073,0.20779336566655812,resnet32,0.7093,0.713,0.774283212355592,0.5695546354929154,0.20472857655576346,resnet32,0.7124,0.71,0.7800413307056508,0.5738026902756908,0.20623864062045785,resnet32,0.7115,0.7156,0.7700053344650025,0.5643380006605928,0.20566733385732566,9000000.0,5000.0,36010000.0,5221450000.0,41771600000.0
resnet32x8_cifar100_K8_mwmd2-unif_seed0002_d001,d001,resnet32:8,cifar100,8,matched,mwmd2-unif,peers,2,200,64,0.1,0.9,0.0005,True,0,60,0.1,1.0,2,,disagreement,1.0,1,0.0,0.5,uniform,complete,0.0,0.0,42,0,45000,5000,10000,3760032,145,0.0010000000000000002,2,124.17,0.710725,0.0024123380774675658,0.7063,0.7141,0.7468,0.03607499999999997,0.71145,0.7468,0.21768571428571432,0.6751939259949046,0.2222321428571428,0.6713441974774531,0.710725,resnet32,0.713,0.7122,0.7515133053318344,0.547838423231786,0.20367488263979217,resnet32,0.7089,0.7116,0.76309719029814,0.5532960664819587,0.2098011245675893,resnet32,0.7117,0.716,0.7581342399882322,0.5541230269538407,0.20401121225123378,resnet32,0.7063,0.7134,0.7562373156489973,0.5495614438656379,0.20667587163519452,resnet32,0.7094,0.7084,0.7768771910870617,0.5674470484426076,0.2094301423481242,resnet32,0.7126,0.7104,0.7728899341415275,0.566144047558985,0.2067458878736943,resnet32,0.7098,0.7066,0.7759109307503835,0.5686134858564897,0.2072974448303946,resnet32,0.7141,0.713,0.7627161893654953,0.5575899316251955,0.20512625884095376,9000000.0,5000.0,36010000.0,5257460000.0,42059680000.0
resnet32x8_cifar100_K8_mwmd2-unif_seed0002_d001,d001,resnet32:8,cifar100,8,matched,mwmd2-unif,peers,2,200,64,0.1,0.9,0.0005,True,0,60,0.1,1.0,2,,disagreement,1.0,1,0.0,0.5,uniform,complete,0.0,0.0,42,0,45000,5000,10000,3760032,146,0.0010000000000000002,2,125.68,0.7098625000000001,0.0018966664835969587,0.707,0.7124,0.7461,0.03623749999999992,0.710125,0.7474,0.22295,0.6679017256555397,0.22758928571428574,0.6661864491184752,0.7098625000000001,resnet32,0.7102,0.7084,0.7551367852244187,0.5483366914347492,0.2068000943823294,resnet32,0.7124,0.7104,0.7553419564765963,0.5502795326862145,0.2050624236845496,resnet32,0.712,0.7122,0.7563813317313113,0.5496916997839104,0.20668963206381621,resnet32,0.707,0.7116,0.757558508564464,0.5487069769931788,0.20885153229094364,resnet32,0.7076,0.702,0.769867911553857,0.5644234467975118,0.20544446459759705,resnet32,0.7091,0.7096,0.7791638345542279,0.566197567450052,0.2129662674216723,resnet32,0.709,0.7136,0.7758584242229435,0.5651184031316503,0.2107400206044655,resnet32,0.7116,0.7132,0.7608082382939756,0.556120254649696,0.2046879835807803,9000000.0,5000.0,36010000.0,5293470000.0,42347760000.0
resnet32x8_cifar100_K8_mwmd2-unif_seed0002_d001,d001,resnet32:8,cifar100,8,matched,mwmd2-unif,peers,2,200,64,0.1,0.9,0.0005,True,0,60,0.1,1.0,2,,disagreement,1.0,1,0.0,0.5,uniform,complete,0.0,0.0,42,0,45000,5000,10000,3760032,147,0.0010000000000000002,2,125.3,0.7117249999999999,0.0009871043511199737,0.7105,0.7136,0.7485,0.03677500000000011,0.712075,0.7486,0.21985714285714283,0.6707648289588272,0.22462500000000002,0.66916878223921,0.7117249999999999,resnet32,0.7119,0.708,0.7557899654334919,0.5461911238221959,0.20959884202404117,resnet32,0.7105,0.7096,0.7547932092354379,0.5478659575720403,0.20692725145173343,resnet32,0.7136,0.7158,0.7550891857932914,0.547814968761734,0.20727421842854132,resnet32,0.7127,0.7166,0.7522384782152419,0.5444702616130764,0.2077682166868313,resnet32,0.7105,0.7084,0.7725542169910941,0.5625460544093088,0.21000816239128736,resnet32,0.7118,0.7132,0.7705284613607959,0.5629108262417669,0.20761763618793339,resnet32,0.7112,0.7126,0.7685855492441491,0.5620920836332847,0.20649346614002503,resnet32,0.7116,0.7124,0.7664638397876512,0.5557872518812391,0.21067658784291285,9000000.0,5000.0,36010000.0,5329480000.0,42635840000.0
resnet32x8_cifar100_K8_mwmd2-unif_seed0002_d001,d001,resnet32:8,cifar100,8,matched,mwmd2-unif,peers,2,200,64,0.1,0.9,0.0005,True,0,60,0.1,1.0,2,,disagreement,1.0,1,0.0,0.5,uniform,complete,0.0,0.0,42,0,45000,5000,10000,3760032,148,0.0010000000000000002,2,124.83,0.7116625,0.0021580879847680205,0.7081,0.7146,0.7461,0.03443750000000001,0.71115,0.7478,0.21798571428571428,0.6744681701786778,0.2228357142857143,0.6734281379362395,0.7116625,resnet32,0.7144,0.7136,0.754068802068518,0.5450388107194819,0.2090299907563762,resnet32,0.71,0.7124,0.7499411930753426,0.5433955545198511,0.20654563908465207,resnet32,0.7135,0.716,0.7466510153714229,0.5442892583933744,0.20236175583506172,resnet32,0.7081,0.7076,0.7449755701236427,0.5391787139021538,0.2057968559886583,resnet32,0.7146,0.7076,0.7731941140426154,0.5598958243023265,0.21329829016361723,resnet32,0.7115,0.7114,0.7736149330369451,0.5631662103432146,0.21044872273606333,resnet32,0.7107,0.7102,0.767059750854969,0.5565858211537654,0.21047393067485906,resnet32,0.7105,0.7104,0.7550470893355933,0.5488220366903327,0.20622505258176138,9000000.0,5000.0,36010000.0,5365490000.0,42923920000.0
resnet32x8_cifar100_K8_mwmd2-unif_seed0002_d001,d001,resnet32:8,cifar100,8,matched,mwmd2-unif,peers,2,200,64,0.1,0.9,0.0005,True,0,60,0.1,1.0,2,,disagreement,1.0,1,0.0,0.5,uniform,complete,0.0,0.0,42,0,45000,5000,10000,3760032,149,0.0010000000000000002,2,124.62,0.7122999999999999,0.0017705931209625642,0.71,0.7152,0.7504,0.03810000000000002,0.712225,0.751,0.2227714285714286,0.6640192057793531,0.22635,0.6659585232940097,0.7122999999999999,resnet32,0.7141,0.7144,0.7520869418724694,0.5419528123245321,0.210134128828279,resnet32,0.7109,0.713,0.7524883143857799,0.5432307310825721,0.20925758298571137,resnet32,0.71,0.7162,0.7550434316508472,0.5435900834643028,0.21145334928719836,resnet32,0.7121,0.7098,0.7511910611170937,0.5413362573493611,0.20985480232841588,resnet32,0.7152,0.706,0.7702516666613519,0.5603026561862365,0.20994900964962487,resnet32,0.7108,0.7126,0.7737932834266261,0.5603514918210831,0.2134417923463678,resnet32,0.7113,0.7122,0.7646620055999268,0.5569217077625747,0.20774029777385294,resnet32,0.714,0.7136,0.7577027116309513,0.5488357948647304,0.20886691649105738,9000000.0,5000.0,36010000.0,5401500000.0,43212000000.0
resnet32x8_cifar100_K8_mwmd2-unif_seed0002_d001,d001,resnet32:8,cifar100,8,matched,mwmd2-unif,peers,2,200,64,0.1,0.9,0.0005,True,0,60,0.1,1.0,2,,disagreement,1.0,1,0.0,0.5,uniform,complete,0.0,0.0,42,0,45000,5000,10000,3760032,150,0.0010000000000000002,2,124.79,0.7144874999999999,0.0014658082241548397,0.7123,0.7171,0.7504,0.035912500000000014,0.7121000000000001,0.7482,0.22154285714285712,0.6685247110513943,0.22563571428571433,0.6660473282005778,0.7144874999999999,resnet32,0.7138,0.7092,0.7463173337534748,0.5366470078853044,0.20967032491568138,resnet32,0.7146,0.7124,0.7543381943621419,0.538249739149416,0.2160884550010616,resnet32,0.7156,0.7168,0.7447953308424489,0.538054013159126,0.20674131709066304,resnet32,0.7123,0.7166,0.743518350857564,0.5359736355444924,0.2075447152495723,resnet32,0.7171,0.708,0.7657546001825143,0.5558738560754467,0.20988074512305585,resnet32,0.7145,0.715,0.7720042190683837,0.5545488950288431,0.21745532395487482,resnet32,0.7153,0.7102,0.7710331530225548,0.5553038451312617,0.21572930723513392,resnet32,0.7127,0.7086,0.7548751465298913,0.542028193150393,0.2128469534853304,9000000.0,5000.0,36010000.0,5437510000.0,43500080000.0
resnet32x8_cifar100_K8_mwmd2-unif_seed0002_d001,d001,resnet32:8,cifar100,8,matched,mwmd2-unif,peers,2,200,64,0.1,0.9,0.0005,True,0,60,0.1,1.0,2,,disagreement,1.0,1,0.0,0.5,uniform,complete,0.0,0.0,42,0,45000,5000,10000,3760032,151,0.0010000000000000002,2,125.22,0.71255,0.0023167865676406206,0.7087,0.7155,0.7481,0.03554999999999997,0.71255,0.7494,0.22044285714285716,0.6683431398166854,0.22482857142857143,0.6687915690428113,0.71255,resnet32,0.7155,0.7134,0.7387146558189257,0.5307727091607045,0.20794194662647153,resnet32,0.714,0.7142,0.7480592090128497,0.5377406410618939,0.21031856729479675,resnet32,0.7152,0.713,0.7464731201444837,0.5380703140981495,0.20840280534784225,resnet32,0.7098,0.7134,0.7414929486641829,0.5312193561853333,0.2102735931561752,resnet32,0.7111,0.7114,0.7680091148411686,0.5498982755128633,0.21811083854514768,resnet32,0.7128,0.7154,0.7627638759176162,0.552278038198975,0.21048583716831423,resnet32,0.7133,0.7088,0.7626207384534858,0.5492309872907671,0.21338975114155223,resnet32,0.7087,0.7108,0.7577233529988338,0.5433015532114289,0.21442179951224138,9000000.0,5000.0,36010000.0,5473520000.0,43788160000.0
resnet32x8_cifar100_K8_mwmd2-unif_seed0002_d001,d001,resnet32:8,cifar100,8,matched,mwmd2-unif,peers,2,200,64,0.1,0.9,0.0005,True,0,60,0.1,1.0,2,,disagreement,1.0,1,0.0,0.5,uniform,complete,0.0,0.0,42,0,45000,5000,10000,3760032,152,0.0010000000000000002,2,125.36,0.7131375,0.0030020565867418395,0.7077,0.7183,0.7474,0.034262499999999974,0.713175,0.7508,0.22337857142857137,0.6661804437461519,0.22703571428571426,0.6612109300368331,0.7131375,resnet32,0.7127,0.71,0.739045356146314,0.5276160793675279,0.21142927629195832,resnet32,0.7119,0.7152,0.7459095016291196,0.5340456017293036,0.211863899751651,resnet32,0.7183,0.7158,0.7432434658773921,0.5339763539165936,0.20926711246879262,resnet32,0.7136,0.7154,0.7382726218043403,0.5305478334088217,0.20772478672337125,resnet32,0.7077,0.7096,0.7610735364088957,0.5508334938521412,0.210240042980083,resnet32,0.7109,0.7138,0.7596358081156557,0.5481620718386363,0.21147373488003557,resnet32,0.714,0.7122,0.7540957510302012,0.5450376512228765,0.20905810059048235,resnet32,0.716,0.7134,0.7489797625352036,0.5384629499167204,0.21051681217398832,9000000.0,5000.0,36010000.0,5509530000.0,44076240000.0
resnet32x8_cifar100_K8_mwmd2-unif_seed0002_d001,d001,resnet32:8,cifar100,8,matched,mwmd2-unif,peers,2,200,64,0.1,0.9,0.0005,True,0,60,0.1,1.0,2,,disagreement,1.0,1,0.0,0.5,uniform,complete,0.0,0.0,42,0,45000,5000,10000,3760032,153,0.0010000000000000002,2,120.93,0.7119375,0.0017613471406852145,0.7097,0.715,0.7493,0.037362499999999965,0.713,0.7496,0.22473571428571432,0.6611852770932909,0.22768928571428573,0.6616679101617242,0.7119375,resnet32,0.715,0.712,0.7403763947923753,0.5288289123722776,0.21154748228251596,resnet32,0.7124,0.7124,0.7417926560579375,0.532033865636384,0.2097587899982252,resnet32,0.7139,0.7166,0.7424773496829651,0.5320743984458122,0.21040295149115,resnet32,0.7109,0.7132,0.7320025107738647,0.5254070430105044,0.2065954660065472,resnet32,0.7097,0.7072,0.756328973961486,0.5438607387583364,0.212468235721727,resnet32,0.7113,0.713,0.7588614807040854,0.5441733055155386,0.2146881741090593,resnet32,0.7098,0.713,0.7603331901641055,0.5452679702165452,0.21506522087888283,resnet32,0.7125,0.7166,0.7496828458864581,0.5343537394973364,0.21532910609279166,9000000.0,5000.0,36010000.0,5545540000.0,44364320000.0
resnet32x8_cifar100_K8_mwmd2-unif_seed0002_d001,d001,resnet32:8,cifar100,8,matched,mwmd2-unif,peers,2,200,64,0.1,0.9,0.0005,True,0,60,0.1,1.0,2,,disagreement,1.0,1,0.0,0.5,uniform,complete,0.0,0.0,42,0,45000,5000,10000,3760032,154,0.0010000000000000002,2,120.94,0.7089875,0.002109761538657865,0.7065,0.7136,0.7466,0.03761250000000005,0.7098,0.7506,0.22572142857142863,0.6655439323215797,0.2291035714285714,0.6673511495049848,0.7089875,resnet32,0.71,0.7076,0.7391567474485121,0.5261859008195725,0.21297084652310747,resnet32,0.7099,0.7118,0.7443125991743397,0.530680275649171,0.21363232344050298,resnet32,0.7136,0.7106,0.7389527013610032,0.5284064013341611,0.21054629977284509,resnet32,0.7085,0.7106,0.7404797279953279,0.5244346267374401,0.21604510070756078,resnet32,0.7069,0.705,0.753426640887152,0.5430194607046857,0.21040718096562408,resnet32,0.7077,0.7084,0.7538546662439,0.5415794771503318,0.21227518968622794,resnet32,0.7065,0.7102,0.753470256162638,0.5402306890623136,0.21323956678282807,resnet32,0.7088,0.7142,0.7464905863373794,0.534142925192348,0.21234766029837457,9000000.0,5000.0,36010000.0,5581550000.0,44652400000.0
resnet32x8_cifar100_K8_mwmd2-unif_seed0002_d001,d001,resnet32:8,cifar100,8,matched,mwmd2-unif,peers,2,200,64,0.1,0.9,0.0005,True,0,60,0.1,1.0,2,,disagreement,1.0,1,0.0,0.5,uniform,complete,0.0,0.0,42,0,45000,5000,10000,3760032,155,0.0010000000000000002,2,120.91,0.7101625,0.0020414072964501672,0.7074,0.7133,0.7467,0.0365375,0.709075,0.7502,0.2272857142857143,0.6617626175042011,0.23007857142857138,0.6637651760439128,0.7101625,resnet32,0.713,0.7062,0.7389705285683952,0.5265114892443473,0.21245903940871358,resnet32,0.71,0.713,0.7505637585947459,0.5318288125775077,0.2187349470332265,resnet32,0.7108,0.7088,0.7559062797914852,0.5345505893823098,0.22135569160507823,resnet32,0.7133,0.7108,0.7408361598341302,0.527689297683537,0.21314686282791875,resnet32,0.7093,0.707,0.7590367899445648,0.5439638739282434,0.21507291616448623,resnet32,0.7076,0.7076,0.7634860441850667,0.5471033750271256,0.21638266860761426,resnet32,0.7074,0.7088,0.7610648950053887,0.5451752224683084,0.21588967164809053,resnet32,0.7099,0.7104,0.7547127418643371,0.5384590019979938,0.21625374001450837,9000000.0,5000.0,36010000.0,5617560000.0,44940480000.0
resnet32x8_cifar100_K8_mwmd2-unif_seed0002_d001,d001,resnet32:8,cifar100,8,matched,mwmd2-unif,peers,2,200,64,0.1,0.9,0.0005,True,0,60,0.1,1.0,2,,disagreement,1.0,1,0.0,0.5,uniform,complete,0.0,0.0,42,0,45000,5000,10000,3760032,156,0.0010000000000000002,2,120.94,0.711075,0.0021194043974664335,0.7079,0.7148,0.7473,0.03622499999999995,0.7105,0.7492,0.22624285714285713,0.662858108611987,0.22933571428571434,0.6653628271922117,0.711075,resnet32,0.7115,0.7096,0.7355537071231414,0.5203443291089074,0.21520937885030766,resnet32,0.7079,0.7068,0.7358762127431956,0.5241967540403659,0.2116794585546648,resnet32,0.7135,0.7126,0.7431240079247139,0.5258421883495017,0.2172818192577159,resnet32,0.7148,0.7114,0.7325162940065969,0.5203072490509261,0.21220904432067816,resnet32,0.7104,0.7112,0.7574205329557034,0.539588687941432,0.217831845395267,resnet32,0.7115,0.7114,0.7531043556518853,0.5375226959586143,0.21558165897361256,resnet32,0.7091,0.7086,0.7500032393092458,0.5343729020096362,0.21563033664345063,resnet32,0.7099,0.7124,0.7449192283675075,0.5299572634764693,0.2149619646264579,9000000.0,5000.0,36010000.0,5653570000.0,45228560000.0
resnet32x8_cifar100_K8_mwmd2-unif_seed0002_d001,d001,resnet32:8,cifar100,8,matched,mwmd2-unif,peers,2,200,64,0.1,0.9,0.0005,True,0,60,0.1,1.0,2,,disagreement,1.0,1,0.0,0.5,uniform,complete,0.0,0.0,42,0,45000,5000,10000,3760032,157,0.0010000000000000002,2,121.12,0.7090875,0.0015169356446468063,0.7076,0.7125,0.747,0.037912500000000016,0.7085750000000001,0.7522,0.2297357142857143,0.6586900788043841,0.2324142857142857,0.6610387986557623,0.7090875,resnet32,0.7095,0.7094,0.7353936384262686,0.5207295259037479,0.21466411262835292,resnet32,0.7078,0.7118,0.7345319684933532,0.5221430360424247,0.21238893281075766,resnet32,0.7125,0.708,0.7382729482329027,0.5224308202635836,0.21584212881597606,resnet32,0.7087,0.7068,0.7325620293109254,0.5173741169697181,0.21518791297619994,resnet32,0.7088,0.7046,0.7562672375193373,0.5367976057512517,0.2194696311542595,resnet32,0.7076,0.701,0.7520700652490963,0.5377052626149221,0.21436480252834206,resnet32,0.7078,0.7118,0.7529989155432717,0.5357379394329407,0.21726097536950625,resnet32,0.71,0.7152,0.7469932661307129,0.5303941166705706,0.21659914911089634,9000000.0,5000.0,36010000.0,5689580000.0,45516640000.0
resnet32x8_cifar100_K8_mwmd2-unif_seed0002_d001,d001,resnet32:8,cifar100,8,matched,mwmd2-unif,peers,2,200,64,0.1,0.9,0.0005,True,0,60,0.1,1.0,2,,disagreement,1.0,1,0.0,0.5,uniform,complete,0.0,0.0,42,0,45000,5000,10000,3760032,158,0.0010000000000000002,2,121.08,0.7115625,0.00203588893361106,0.7095,0.7159,0.7491,0.0375375,0.711325,0.7524,0.22684285714285718,0.6622008922660667,0.22862857142857143,0.6620687217458092,0.7115625,resnet32,0.7106,0.7108,0.7310400011271916,0.5163374849256467,0.21470251503739168,resnet32,0.7106,0.709,0.7348800376480953,0.5186798612333157,0.2162001750389622,resnet32,0.7159,0.7152,0.7369683039459315,0.5215887037867849,0.21537960051897576,resnet32,0.7131,0.7138,0.7325176990760321,0.5177574189887806,0.21476027964275668,resnet32,0.71,0.707,0.7503231407397173,0.5342691769315437,0.21605396355417641,resnet32,0.7101,0.7106,0.751545128581876,0.5347790006040172,0.2167661273216998,resnet32,0.7095,0.7088,0.7495527071878314,0.5319826656275175,0.2175700414544818,resnet32,0.7127,0.7154,0.7371199105612256,0.5245838960294019,0.21253601425666024,9000000.0,5000.0,36010000.0,5725590000.0,45804720000.0
resnet32x8_cifar100_K8_mwmd2-unif_seed0002_d001,d001,resnet32:8,cifar100,8,matched,mwmd2-unif,peers,2,200,64,0.1,0.9,0.0005,True,0,60,0.1,1.0,2,,disagreement,1.0,1,0.0,0.5,uniform,complete,0.0,0.0,42,0,45000,5000,10000,3760032,159,0.0010000000000000002,2,120.97,0.7107625,0.002069382456193144,0.7074,0.7136,0.7513,0.040537500000000004,0.711425,0.751,0.22558571428571428,0.6620874548374448,0.232,0.6580443401955199,0.7107625,resnet32,0.7127,0.7086,0.7259345306930217,0.511170029597865,0.21476450202647934,resnet32,0.71,0.7108,0.7280550364574249,0.5135218925477768,0.214533144057813,resnet32,0.7136,0.7064,0.7332406301813369,0.5180387710729106,0.21520185995508323,resnet32,0.7089,0.7128,0.7239587172357873,0.5114977817389775,0.2124609354968098,resnet32,0.7132,0.7072,0.7468515998599204,0.5315299638631669,0.21532163716090674,resnet32,0.7106,0.7166,0.7428476226262071,0.5272065233862535,0.21564109868962655,resnet32,0.7097,0.711,0.7494654027237133,0.5289189061149955,0.22054649525406686,resnet32,0.7074,0.718,0.737623346207494,0.5201572352935645,0.2174661104271019,9000000.0,5000.0,36010000.0,5761600000.0,46092800000.0
resnet32x8_cifar100_K8_mwmd2-unif_seed0002_d001,d001,resnet32:8,cifar100,8,matched,mwmd2-unif,peers,2,200,64,0.1,0.9,0.0005,True,0,60,0.1,1.0,2,,disagreement,1.0,1,0.0,0.5,uniform,complete,0.0,0.0,42,0,45000,5000,10000,3760032,160,0.0010000000000000002,2,120.94,0.711125,0.0026470502450841337,0.7074,0.7156,0.7484,0.03727499999999995,0.710825,0.7496,0.22654285714285716,0.6633078213419573,0.22934642857142862,0.6634498047145302,0.711125,resnet32,0.7088,0.7126,0.7268217211081223,0.511011276351796,0.2158104448092424,resnet32,0.7089,0.7128,0.7322528973560442,0.5160276334394108,0.2162252644352107,resnet32,0.7142,0.713,0.7342877441339872,0.5180713653733785,0.21621637848544528,resnet32,0.7156,0.7118,0.7284513673406433,0.5123336690435694,0.21611769797957756,resnet32,0.7122,0.7088,0.7477647629143163,0.5277114572342146,0.22005330583884974,resnet32,0.7074,0.7084,0.7462812880562111,0.5281527173197405,0.2181285720276223,resnet32,0.7117,0.709,0.7461844953200356,0.5289064880714498,0.21727800737558442,resnet32,0.7102,0.7102,0.7393588004633784,0.5212777190503072,0.21808108206923035,9000000.0,5000.0,36010000.0,5797610000.0,46380880000.0
resnet32x8_cifar100_K8_mwmd2-unif_seed0002_d001,d001,resnet32:8,cifar100,8,matched,mwmd2-unif,peers,2,200,64,0.1,0.9,0.0005,True,0,60,0.1,1.0,2,,disagreement,1.0,1,0.0,0.5,uniform,complete,0.0,0.0,42,0,45000,5000,10000,3760032,161,0.0010000000000000002,2,120.92,0.7088375,0.002828841414784502,0.7042,0.7134,0.7489,0.0400625,0.7088749999999999,0.7488,0.22769285714285709,0.6594121489547693,0.23352499999999998,0.65798884599141,0.7088375,resnet32,0.7083,0.7096,0.7297705610452051,0.5119428132576022,0.21782774785110218,resnet32,0.7063,0.7062,0.7342799179763957,0.5117940924299712,0.2224858251442625,resnet32,0.7134,0.7086,0.7323443747379563,0.5145052248527381,0.21783914895389567,resnet32,0.7124,0.7132,0.7286512911827727,0.5091570513322949,0.21949424054896968,resnet32,0.7086,0.704,0.7491502395238389,0.528852188621055,0.2202980501619591,resnet32,0.7077,0.709,0.7447925327684392,0.5262023810381916,0.2185901525769044,resnet32,0.7042,0.7054,0.743132890752432,0.5268651013770564,0.21626778996803545,resnet32,0.7098,0.715,0.7398175469768996,0.5205627925355326,0.21925475331954658,9000000.0,5000.0,36010000.0,5833620000.0,46668960000.0
resnet32x8_cifar100_K8_mwmd2-unif_seed0002_d001,d001,resnet32:8,cifar100,8,matched,mwmd2-unif,peers,2,200,64,0.1,0.9,0.0005,True,0,60,0.1,1.0,2,,disagreement,1.0,1,0.0,0.5,uniform,complete,0.0,0.0,42,0,45000,5000,10000,3760032,162,0.0010000000000000002,2,120.97,0.71105,0.002677218706045493,0.7073,0.715,0.7506,0.039550000000000085,0.7093499999999999,0.7452,0.2271928571428571,0.6634238699740224,0.23251428571428576,0.659113165049966,0.71105,resnet32,0.7146,0.7116,0.7254830675876953,0.5082413884811103,0.21724168008024042,resnet32,0.7073,0.7108,0.7323664706200361,0.5137473472224717,0.21861912225457755,resnet32,0.715,0.7144,0.730382136661898,0.5120631200261414,0.21831901602193035,resnet32,0.7114,0.7066,0.729898109397089,0.5083695586178113,0.2215285510332747,resnet32,0.7109,0.705,0.7458573298698122,0.528862760994922,0.21699456840922887,resnet32,0.7073,0.709,0.7460582327859645,0.5259548294442621,0.22010340399786152,resnet32,0.7103,0.7084,0.7410056979649446,0.5244266522455622,0.21657904567704958,resnet32,0.7116,0.709,0.734472763216631,0.5170702252706344,0.2174025367818434,9000000.0,5000.0,36010000.0,5869630000.0,46957040000.0
resnet32x8_cifar100_K8_mwmd2-unif_seed0002_d001,d001,resnet32:8,cifar100,8,matched,mwmd2-unif,peers,2,200,64,0.1,0.9,0.0005,True,0,60,0.1,1.0,2,,disagreement,1.0,1,0.0,0.5,uniform,complete,0.0,0.0,42,0,45000,5000,10000,3760032,163,0.0010000000000000002,2,120.95,0.7090000000000001,0.0020155644370746274,0.7055,0.7127,0.7499,0.040899999999999936,0.708525,0.7506,0.23131428571428575,0.6586616709981661,0.23579999999999995,0.6544520909504605,0.7090000000000001,resnet32,0.7077,0.7042,0.7256394246254455,0.5087483709424057,0.21689105325971136,resnet32,0.7055,0.7064,0.7302792851643806,0.5129019087180495,0.2173773754938421,resnet32,0.7127,0.7136,0.725825902709568,0.510502034671266,0.21532386780547147,resnet32,0.709,0.7142,0.7240885581228543,0.5066799392331053,0.21740861838175493,resnet32,0.7089,0.7034,0.7442176579074427,0.5249019415456463,0.21931571640412917,resnet32,0.7087,0.7126,0.7409786788577383,0.5230320885946805,0.21794659045355563,resnet32,0.7111,0.705,0.7434968776916239,0.5242222395132888,0.21927463862282986,resnet32,0.7084,0.7088,0.7328554689037529,0.5159318368797275,0.21692363265901804,9000000.0,5000.0,36010000.0,5905640000.0,47245120000.0
resnet32x8_cifar100_K8_mwmd2-unif_seed0002_d001,d001,resnet32:8,cifar100,8,matched,mwmd2-unif,peers,2,200,64,0.1,0.9,0.0005,True,0,60,0.1,1.0,2,,disagreement,1.0,1,0.0,0.5,uniform,complete,0.0,0.0,42,0,45000,5000,10000,3760032,164,0.0010000000000000002,2,121.21,0.711725,0.0017675901674313486,0.7085,0.7141,0.7504,0.038674999999999904,0.7108749999999999,0.7508,0.22936428571428571,0.6595688909437252,0.2335714285714286,0.6535147724536751,0.711725,resnet32,0.711,0.7096,0.7301282400942661,0.5069056344218552,0.22322260632857002,resnet32,0.7085,0.7116,0.7362585742111233,0.5114201342009685,0.22483843950216065,resnet32,0.7141,0.713,0.7232551501894539,0.5054926602593199,0.21776248819448732,resnet32,0.7123,0.7116,0.721698512492532,0.5046200853433799,0.21707842670465735,resnet32,0.7126,0.7064,0.7474448661404577,0.5233771826817908,0.2240676827813414,resnet32,0.71,0.7112,0.7407106934961948,0.52023503578014,0.2204756572292271,resnet32,0.7115,0.7104,0.7408867454240945,0.5211076906628229,0.2197790558195927,resnet32,0.7138,0.7132,0.7362765160981904,0.5121996962804009,0.22407681952145966,9000000.0,5000.0,36010000.0,5941650000.0,47533200000.0
resnet32x8_cifar100_K8_mwmd2-unif_seed0002_d001,d001,resnet32:8,cifar100,8,matched,mwmd2-unif,peers,2,200,64,0.1,0.9,0.0005,True,0,60,0.1,1.0,2,,disagreement,1.0,1,0.0,0.5,uniform,complete,0.0,0.0,42,0,45000,5000,10000,3760032,165,0.0010000000000000002,2,124.77,0.7118249999999999,0.002116453401329674,0.7091,0.7151,0.7537,0.04187500000000011,0.7107749999999999,0.749,0.2284142857142857,0.6569790757551485,0.2346035714285714,0.6542875636036684,0.7118249999999999,resnet32,0.7108,0.7104,0.722637050023133,0.5031425877982243,0.21949446211907675,resnet32,0.7116,0.709,0.7285529301840473,0.5073433415117589,0.22120958887336944,resnet32,0.7151,0.7172,0.7287793885069814,0.5061479371718385,0.22263145018157296,resnet32,0.7108,0.7118,0.7247748139991679,0.5041525765237483,0.22062223772941666,resnet32,0.7137,0.708,0.7378355740061537,0.520639058647,0.2171965149781582,resnet32,0.7093,0.7096,0.7378112954426218,0.5183479435403239,0.2194633508863097,resnet32,0.7091,0.71,0.7369351792149246,0.5167149246500974,0.22022025488232347,resnet32,0.7142,0.7102,0.7300329055129127,0.5106741288168863,0.21935877669602633,9000000.0,5000.0,36010000.0,5977660000.0,47821280000.0
resnet32x8_cifar100_K8_mwmd2-unif_seed0002_d001,d001,resnet32:8,cifar100,8,matched,mwmd2-unif,peers,2,200,64,0.1,0.9,0.0005,True,0,60,0.1,1.0,2,,disagreement,1.0,1,0.0,0.5,uniform,complete,0.0,0.0,42,0,45000,5000,10000,3760032,166,0.0010000000000000002,2,124.84,0.7093750000000001,0.0024863376681376168,0.7059,0.7136,0.7522,0.04282499999999989,0.708075,0.749,0.23294285714285715,0.6533339808492532,0.23847142857142858,0.6485695654910011,0.7093750000000001,resnet32,0.71,0.7064,0.718312268526378,0.4995273343414407,0.21878493441776795,resnet32,0.7075,0.7108,0.7245477835055102,0.5036483495072885,0.2208994338077239,resnet32,0.7136,0.7064,0.7267906964671883,0.5036390962248499,0.22315160049633545,resnet32,0.7114,0.709,0.7200445683927021,0.5003268978008154,0.21971767111046409,resnet32,0.711,0.7026,0.7365067846311087,0.5186154592189599,0.21789132625880567,resnet32,0.7059,0.7098,0.7340055205859244,0.5159938695671206,0.2180116504684768,resnet32,0.7064,0.7068,0.7336581915362992,0.5154240138574757,0.21823417825031688,resnet32,0.7092,0.7128,0.7271726269020953,0.5098629484207116,0.21730967942328955,9000000.0,5000.0,36010000.0,6013670000.0,48109360000.0
resnet32x8_cifar100_K8_mwmd2-unif_seed0002_d001,d001,resnet32:8,cifar100,8,matched,mwmd2-unif,peers,2,200,64,0.1,0.9,0.0005,True,0,60,0.1,1.0,2,,disagreement,1.0,1,0.0,0.5,uniform,complete,0.0,0.0,42,0,45000,5000,10000,3760032,167,0.0010000000000000002,2,124.77,0.7104375,0.0024657339171127324,0.7061,0.7139,0.7511,0.040662499999999935,0.710275,0.7524,0.23132142857142854,0.6538206227919413,0.23516428571428574,0.653439637142311,0.7104375,resnet32,0.7124,0.7104,0.7171316932548176,0.4990039319223301,0.2181277617981488,resnet32,0.7079,0.7124,0.7301381171934984,0.5052525339732793,0.22488558309322054,resnet32,0.7139,0.7132,0.718063176270913,0.5033058837394823,0.21475729230918328,resnet32,0.7108,0.7118,0.7147022256712344,0.49810516834259033,0.21659705695823173,resnet32,0.7114,0.704,0.7431166031059216,0.5181969108948992,0.22491969174536114,resnet32,0.7061,0.7086,0.7417192592031576,0.518742145928131,0.22297711479900914,resnet32,0.7087,0.7092,0.736437164501033,0.5155997921458699,0.22083737248216162,resnet32,0.7123,0.7126,0.7299871247007765,0.507752959701148,0.22223416669294238,9000000.0,5000.0,36010000.0,6049680000.0,48397440000.0
resnet32x8_cifar100_K8_mwmd2-unif_seed0002_d001,d001,resnet32:8,cifar100,8,matched,mwmd2-unif,peers,2,200,64,0.1,0.9,0.0005,True,0,60,0.1,1.0,2,,disagreement,1.0,1,0.0,0.5,uniform,complete,0.0,0.0,42,0,45000,5000,10000,3760032,168,0.0010000000000000002,2,123.54,0.709425,0.0030330471476718024,0.7055,0.7153,0.7495,0.04007500000000008,0.70795,0.7516,0.23387142857142856,0.6553383803995567,0.23663571428571428,0.6528946476558272,0.709425,resnet32,0.7065,0.7076,0.7169957387853753,0.4963365009223873,0.22065923786298794,resnet32,0.707,0.7076,0.7227315288037062,0.5015799231319265,0.22115160543894904,resnet32,0.7153,0.7112,0.7190478995696388,0.5000906069339677,0.218957292529839,resnet32,0.7106,0.7098,0.7170451707629995,0.49674717857587064,0.22029799309728498,resnet32,0.7116,0.708,0.7395107926885512,0.5169988822784614,0.2225119104100899,resnet32,0.7055,0.707,0.7384823100556704,0.5143891031091864,0.22409320681948552,resnet32,0.7107,0.7032,0.7344462560405108,0.5116834292950277,0.22276282613165677,resnet32,0.7082,0.7092,0.7276615314608947,0.5057599858634851,0.22190154699439352,9000000.0,5000.0,36010000.0,6085690000.0,48685520000.0
resnet32x8_cifar100_K8_mwmd2-unif_seed0002_d001,d001,resnet32:8,cifar100,8,matched,mwmd2-unif,peers,2,200,64,0.1,0.9,0.0005,True,0,60,0.1,1.0,2,,disagreement,1.0,1,0.0,0.5,uniform,complete,0.0,0.0,42,0,45000,5000,10000,3760032,169,0.0010000000000000002,2,124.9,0.7086375,0.002567069097239086,0.7056,0.7132,0.7505,0.041862499999999914,0.707975,0.7498,0.23497142857142847,0.6481586757959776,0.2372785714285714,0.6524188826067293,0.7086375,resnet32,0.7075,0.7114,0.7250665895725515,0.4979262586090375,0.227140330709517,resnet32,0.7077,0.706,0.7236633518795398,0.5024689628996633,0.22119438849304887,resnet32,0.7132,0.7152,0.7329180226237937,0.5052811255339872,0.22763689742846924,resnet32,0.7121,0.711,0.7226671522737227,0.49937026951970026,0.22329688224602828,resnet32,0.7056,0.699,0.7430518269538879,0.5183989571576769,0.22465287074870008,resnet32,0.7096,0.7072,0.7419143330559812,0.5177002209662036,0.22421411187811333,resnet32,0.7065,0.7086,0.7438163524916903,0.5171597021716562,0.22665664940987798,resnet32,0.7069,0.7054,0.7366617415946993,0.5092842668633569,0.22737747492184016,9000000.0,5000.0,36010000.0,6121700000.0,48973600000.0
resnet32x8_cifar100_K8_mwmd2-unif_seed0002_d001,d001,resnet32:8,cifar100,8,matched,mwmd2-unif,peers,2,200,64,0.1,0.9,0.0005,True,0,60,0.1,1.0,2,,disagreement,1.0,1,0.0,0.5,uniform,complete,0.0,0.0,42,0,45000,5000,10000,3760032,170,0.0010000000000000002,2,125.69,0.7101500000000001,0.0011895377253370444,0.7081,0.7117,0.7526,0.04244999999999999,0.7097249999999999,0.748,0.23139285714285712,0.6524818511702631,0.23496071428571433,0.6555592849446045,0.7101500000000001,resnet32,0.7104,0.7116,0.7148060463792221,0.49181183478371665,0.22299421271732586,resnet32,0.7105,0.7064,0.7146410061977804,0.4946234222840179,0.22001758448525585,resnet32,0.7117,0.712,0.7227605030109937,0.4973176525143737,0.2254428503378718,resnet32,0.7091,0.7158,0.7130386943251572,0.49254969105293805,0.22048900329338555,resnet32,0.7105,0.704,0.7324993410147727,0.5105186754583635,0.22198066549290987,resnet32,0.7092,0.7124,0.7329578301446005,0.5104595645838841,0.22249826524322006,resnet32,0.7117,0.7086,0.723844634834677,0.5037728845226493,0.22007174880921163,resnet32,0.7081,0.707,0.7238007336008278,0.5013389043848623,0.2224618289196356,9000000.0,5000.0,36010000.0,6157710000.0,49261680000.0
resnet32x8_cifar100_K8_mwmd2-unif_seed0002_d001,d001,resnet32:8,cifar100,8,matched,mwmd2-unif,peers,2,200,64,0.1,0.9,0.0005,True,0,60,0.1,1.0,2,,disagreement,1.0,1,0.0,0.5,uniform,complete,0.0,0.0,42,0,45000,5000,10000,3760032,171,0.0010000000000000002,2,124.96,0.71085,0.0027784887978899698,0.7061,0.715,0.75,0.03915000000000002,0.7108,0.7508,0.23292142857142858,0.6467702166630228,0.2369214285714286,0.6508665802874084,0.71085,resnet32,0.7061,0.7134,0.718474257779731,0.49487652172419155,0.22359773550521245,resnet32,0.7115,0.7102,0.722463480535556,0.49810333662158385,0.224360144210302,resnet32,0.715,0.7156,0.7173612614331598,0.4978479716334153,0.2195132893975824,resnet32,0.7075,0.7164,0.7103431775573302,0.49145321133123204,0.2188899660990997,resnet32,0.7133,0.7052,0.7364742812615904,0.5096229448364201,0.22685133570551194,resnet32,0.7099,0.7086,0.7324157123115252,0.5097447465046901,0.22267096567983655,resnet32,0.7108,0.7062,0.7396167432466014,0.511135739570653,0.22848100335845214,resnet32,0.7127,0.7108,0.7263327135958455,0.5035441961478103,0.22278851751153442,9000000.0,5000.0,36010000.0,6193720000.0,49549760000.0
resnet32x8_cifar100_K8_mwmd2-unif_seed0002_d001,d001,resnet32:8,cifar100,8,matched,mwmd2-unif,peers,2,200,64,0.1,0.9,0.0005,True,0,60,0.1,1.0,2,,disagreement,1.0,1,0.0,0.5,uniform,complete,0.0,0.0,42,0,45000,5000,10000,3760032,172,0.0010000000000000002,2,125.75,0.7105125,0.0023777286956252887,0.7055,0.7131,0.7492,0.038687499999999986,0.70945,0.7534,0.2339285714285714,0.6502192084967342,0.23685,0.652192953984397,0.7105125,resnet32,0.7115,0.7114,0.7221425158733671,0.4969597848301584,0.22518273191103202,resnet32,0.7131,0.7084,0.71807113065469,0.49521627378734673,0.22285485807382924,resnet32,0.7127,0.7154,0.7272442509843544,0.4984120210124688,0.22883223124187102,resnet32,0.7092,0.712,0.71847715228796,0.4936635142446242,0.22481363823383368,resnet32,0.7121,0.7044,0.7343609750863503,0.5119428764182058,0.22241809801198542,resnet32,0.7088,0.7072,0.7319064629264176,0.5067764985036444,0.22512996463443746,resnet32,0.7055,0.7052,0.7366177146323025,0.5096467104528777,0.22697100453925403,resnet32,0.7112,0.7116,0.731200184376741,0.5038231945681301,0.22737698993560942,9000000.0,5000.0,36010000.0,6229730000.0,49837840000.0
resnet32x8_cifar100_K8_mwmd2-unif_seed0002_d001,d001,resnet32:8,cifar100,8,matched,mwmd2-unif,peers,2,200,64,0.1,0.9,0.0005,True,0,60,0.1,1.0,2,,disagreement,1.0,1,0.0,0.5,uniform,complete,0.0,0.0,42,0,45000,5000,10000,3760032,173,0.0010000000000000002,2,125.27,0.7086375,0.002080226850610259,0.7066,0.7121,0.7493,0.040662499999999935,0.70885,0.7538,0.23541428571428571,0.6490633163982517,0.23828928571428573,0.6514166386926956,0.7086375,resnet32,0.7121,0.7114,0.713141969574446,0.4869753605770794,0.22616661007685418,resnet32,0.7074,0.7088,0.7148550627753139,0.493600975595076,0.22125408713790504,resnet32,0.7121,0.7152,0.7165546404536475,0.49294908958571876,0.2236055496402762,resnet32,0.7088,0.7076,0.7110647768713534,0.48911294379186904,0.22195183390497483,resnet32,0.7072,0.7026,0.7349585169418291,0.5076198273507709,0.227338690480048,resnet32,0.7073,0.7128,0.728592120830647,0.5057372333566573,0.2228548902256245,resnet32,0.7066,0.7068,0.7314934590408071,0.5054719607261094,0.22602149916135453,resnet32,0.7076,0.7056,0.7202361479232257,0.4972628414715556,0.22297330789098685,9000000.0,5000.0,36010000.0,6265740000.0,50125920000.0
resnet32x8_cifar100_K8_mwmd2-unif_seed0002_d001,d001,resnet32:8,cifar100,8,matched,mwmd2-unif,peers,2,200,64,0.1,0.9,0.0005,True,0,60,0.1,1.0,2,,disagreement,1.0,1,0.0,0.5,uniform,complete,0.0,0.0,42,0,45000,5000,10000,3760032,174,0.0010000000000000002,2,124.62,0.7096250000000001,0.0019129492936301284,0.7072,0.7135,0.7507,0.04107499999999997,0.708575,0.753,0.23610000000000012,0.649358162804296,0.23667499999999997,0.6504595715317399,0.7096250000000001,resnet32,0.7093,0.7086,0.7130013891834427,0.487313485683196,0.22568790364841168,resnet32,0.7072,0.7076,0.7125531390986659,0.48749043051661417,0.22506270849738608,resnet32,0.7117,0.7112,0.710740852847018,0.4899518126198514,0.2207890406716615,resnet32,0.7086,0.709,0.7105427999049425,0.4885893940121274,0.22195340489799326,resnet32,0.7135,0.7076,0.7290274334055457,0.5030610312877054,0.22596640237183732,resnet32,0.7091,0.712,0.729066433258016,0.5049650614488531,0.22410137216899206,resnet32,0.708,0.7058,0.7306035394695672,0.5031195600432429,0.22748397987081923,resnet32,0.7096,0.7068,0.7208793142556467,0.4956463523293761,0.2252329619051042,9000000.0,5000.0,36010000.0,6301750000.0,50414000000.0
resnet32x8_cifar100_K8_mwmd2-unif_seed0002_d001,d001,resnet32:8,cifar100,8,matched,mwmd2-unif,peers,2,200,64,0.1,0.9,0.0005,True,0,60,0.1,1.0,2,,disagreement,1.0,1,0.0,0.5,uniform,complete,0.0,0.0,42,0,45000,5000,10000,3760032,175,0.0010000000000000002,2,125.28,0.70775,0.0023738154940938514,0.705,0.7134,0.7497,0.04195000000000004,0.7092,0.751,0.23367857142857143,0.6485537912766449,0.23742857142857138,0.6520244027447595,0.70775,resnet32,0.7073,0.7066,0.7131453421898186,0.4880163080947982,0.22512903411618687,resnet32,0.705,0.71,0.7199065016836605,0.4918854118070819,0.22802108972841365,resnet32,0.7134,0.7124,0.7167549654841423,0.4902264157056131,0.22652855062518606,resnet32,0.7062,0.71,0.7126238396899267,0.4851471840996634,0.2274766547436064,resnet32,0.7076,0.709,0.7373866440135647,0.5046541928737001,0.23273245207118717,resnet32,0.7065,0.711,0.7300792678089981,0.5015508353667841,0.2285284318707206,resnet32,0.7072,0.7044,0.7287583340128715,0.5018463817171075,0.22691195085644722,resnet32,0.7088,0.7102,0.7234727391465143,0.49417836174622853,0.22929437682879242,9000000.0,5000.0,36010000.0,6337760000.0,50702080000.0
resnet32x8_cifar100_K8_mwmd2-unif_seed0002_d001,d001,resnet32:8,cifar100,8,matched,mwmd2-unif,peers,2,200,64,0.1,0.9,0.0005,True,0,60,0.1,1.0,2,,disagreement,1.0,1,0.0,0.5,uniform,complete,0.0,0.0,42,0,45000,5000,10000,3760032,176,0.0010000000000000002,2,123.8,0.7072875000000001,0.00264028289204017,0.7031,0.7119,0.7526,0.04531249999999998,0.70805,0.7518,0.2381214285714285,0.6445692679922077,0.24184285714285716,0.6463170057379235,0.7072875000000001,resnet32,0.7087,0.7074,0.7138886817900295,0.4878724561157552,0.22601622501811522,resnet32,0.7044,0.7036,0.720365455289456,0.4906037336173044,0.22976172091016037,resnet32,0.7119,0.711,0.717636033469303,0.48983543514358724,0.22780059917237272,resnet32,0.7082,0.7096,0.7158000251616944,0.4872465321624821,0.22855349409986625,resnet32,0.709,0.7094,0.7301415111869574,0.5054981884631243,0.22464332164434547,resnet32,0.7056,0.71,0.7382266929119148,0.5053704932162707,0.23285619990730827,resnet32,0.7031,0.7046,0.7339201658456163,0.501328840809451,0.23259132588282228,resnet32,0.7074,0.7088,0.7216291590170427,0.4954504070337862,0.22617875194092366,9000000.0,5000.0,36010000.0,6373770000.0,50990160000.0
resnet32x8_cifar100_K8_mwmd2-unif_seed0002_d001,d001,resnet32:8,cifar100,8,matched,mwmd2-unif,peers,2,200,64,0.1,0.9,0.0005,True,0,60,0.1,1.0,2,,disagreement,1.0,1,0.0,0.5,uniform,complete,0.0,0.0,42,0,45000,5000,10000,3760032,177,0.0010000000000000002,2,122.78,0.7088625,0.0030565247831483176,0.7048,0.7151,0.7485,0.0396375000000001,0.70825,0.7494,0.23714285714285716,0.6440565779945707,0.2391928571428572,0.6521032212814246,0.7088625,resnet32,0.7099,0.7088,0.7119571809148924,0.48713026475161314,0.22482691626911136,resnet32,0.7048,0.7038,0.7187104004604573,0.4875403821299022,0.23117001860571856,resnet32,0.7089,0.7106,0.7139572035944597,0.48741068437018176,0.22654651863161812,resnet32,0.7063,0.708,0.7090163008648563,0.4832107301124118,0.22580557060427964,resnet32,0.7151,0.7072,0.7344324596395547,0.5020754157396202,0.2323570431379432,resnet32,0.711,0.712,0.7300183233720335,0.5038300376300785,0.22618828525512732,resnet32,0.7087,0.708,0.7299936832860112,0.5015752922150899,0.22841839024543084,resnet32,0.7062,0.7076,0.7246096096086231,0.49608898717402056,0.2285206230695952,9000000.0,5000.0,36010000.0,6409780000.0,51278240000.0
resnet32x8_cifar100_K8_mwmd2-unif_seed0002_d001,d001,resnet32:8,cifar100,8,matched,mwmd2-unif,peers,2,200,64,0.1,0.9,0.0005,True,0,60,0.1,1.0,2,,disagreement,1.0,1,0.0,0.5,uniform,complete,0.0,0.0,42,0,45000,5000,10000,3760032,178,0.0010000000000000002,2,124.49,0.7085125,0.0020251157374332985,0.7052,0.7113,0.751,0.04248750000000001,0.708075,0.7524,0.2339428571428572,0.6498067882717231,0.2380071428571428,0.6536171601325549,0.7085125,resnet32,0.7084,0.7098,0.7063753521916541,0.483431413769722,0.2229439381891015,resnet32,0.7113,0.7102,0.7179549163292077,0.4884163768623363,0.2295385408426889,resnet32,0.7101,0.7134,0.7115943412381139,0.4844444849613038,0.22714985739863056,resnet32,0.7094,0.7088,0.7122828652235594,0.4867279674773189,0.2255548987622288,resnet32,0.706,0.704,0.73030605844476,0.5012543551539156,0.22905170252885332,resnet32,0.7052,0.7036,0.726593494203619,0.4979647752320902,0.22862871873869814,resnet32,0.7074,0.7068,0.7279564260335808,0.49982517487792805,0.22813125090165573,resnet32,0.7103,0.708,0.7249157398261807,0.4929600395897234,0.23195569962263107,9000000.0,5000.0,36010000.0,6445790000.0,51566320000.0
resnet32x8_cifar100_K8_mwmd2-unif_seed0002_d001,d001,resnet32:8,cifar100,8,matched,mwmd2-unif,peers,2,200,64,0.1,0.9,0.0005,True,0,60,0.1,1.0,2,,disagreement,1.0,1,0.0,0.5,uniform,complete,0.0,0.0,42,0,45000,5000,10000,3760032,179,0.0010000000000000002,2,124.44,0.7060500000000001,0.0030438462510448674,0.7023,0.7119,0.7489,0.042849999999999944,0.707375,0.7554,0.23914285714285713,0.6426784863076024,0.24249642857142858,0.6454058149120482,0.7060500000000001,resnet32,0.7047,0.711,0.7010794696821407,0.4773285228293389,0.22375094636597417,resnet32,0.7066,0.7068,0.7099634662947871,0.48347394998100673,0.22648951650427823,resnet32,0.7119,0.7102,0.7068348488008435,0.4812367673201317,0.2255980808245526,resnet32,0.709,0.7098,0.7068663886748254,0.4788228801282292,0.2280435080597685,resnet32,0.7027,0.6968,0.7243324265899983,0.4975911744404584,0.2267412517473779,resnet32,0.7043,0.7082,0.7247745142402974,0.4971062401732938,0.2276682745114985,resnet32,0.7023,0.704,0.7203988570042632,0.4954008376225829,0.22499801919118248,resnet32,0.7069,0.7122,0.7189155522818592,0.48768591055307875,0.23122964170761406,9000000.0,5000.0,36010000.0,6481800000.0,51854400000.0
resnet32x8_cifar100_K8_mwmd2-unif_seed0002_d001,d001,resnet32:8,cifar100,8,matched,mwmd2-unif,peers,2,200,64,0.1,0.9,0.0005,True,0,60,0.1,1.0,2,,disagreement,1.0,1,0.0,0.5,uniform,complete,0.0,0.0,42,0,45000,5000,10000,3760032,180,0.00010000000000000003,2,124.5,0.7140375,0.0017916036810634414,0.7111,0.7173,0.7562,0.04216249999999999,0.71415,0.7554,0.22895714285714283,0.650764443503105,0.23261428571428572,0.6539848893063949,0.7140375,resnet32,0.7144,0.7132,0.6653363480317321,0.4558094037400389,0.20952694439752537,resnet32,0.7119,0.7104,0.6683963774280115,0.45812991655177693,0.21026646132072943,resnet32,0.7173,0.7206,0.6692104240964082,0.45850368112918327,0.2107067433164709,resnet32,0.7142,0.7158,0.6636102599599822,0.45512702385894954,0.20848323640794578,resnet32,0.7152,0.7102,0.6864708386869594,0.4727668957996436,0.21370394447479735,resnet32,0.7111,0.7182,0.6815839215520431,0.47192532336339355,0.20965859813573348,resnet32,0.7145,0.7118,0.6818419782952829,0.472583828705617,0.20925815081731838,resnet32,0.7137,0.713,0.6719030128283934,0.4655655120838095,0.20633749955926428,9000000.0,5000.0,36010000.0,6517810000.0,52142480000.0
resnet32x8_cifar100_K8_mwmd2-unif_seed0002_d001,d001,resnet32:8,cifar100,8,matched,mwmd2-unif,peers,2,200,64,0.1,0.9,0.0005,True,0,60,0.1,1.0,2,,disagreement,1.0,1,0.0,0.5,uniform,complete,0.0,0.0,42,0,45000,5000,10000,3760032,181,0.00010000000000000003,2,124.54,0.7154624999999999,0.0013728961177015594,0.713,0.7179,0.7535,0.03803750000000006,0.7154750000000001,0.7566,0.22550714285714282,0.6539378889811667,0.22880000000000003,0.6560024669553995,0.7154624999999999,resnet32,0.716,0.7138,0.6412327142263,0.4412134328687733,0.20001928250051357,resnet32,0.713,0.713,0.6416158031418242,0.4452309624334289,0.1963848408988931,resnet32,0.7179,0.7206,0.6438476667231456,0.444710147799924,0.19913751932538368,resnet32,0.7147,0.7174,0.639891492753205,0.44174215057864785,0.1981493433916264,resnet32,0.7168,0.7114,0.6625936976633966,0.4593028720171953,0.2032908246513795,resnet32,0.7151,0.7156,0.655908130955967,0.45671002369966696,0.19919810763729567,resnet32,0.715,0.7148,0.6588011432693086,0.45783076431094244,0.20097037983677266,resnet32,0.7152,0.7172,0.6488473352722146,0.45059778029099107,0.1982495546425608,9000000.0,5000.0,36010000.0,6553820000.0,52430560000.0
resnet32x8_cifar100_K8_mwmd2-unif_seed0002_d001,d001,resnet32:8,cifar100,8,matched,mwmd2-unif,peers,2,200,64,0.1,0.9,0.0005,True,0,60,0.1,1.0,2,,disagreement,1.0,1,0.0,0.5,uniform,complete,0.0,0.0,42,0,45000,5000,10000,3760032,182,0.00010000000000000003,2,124.44,0.7152000000000001,0.0013076696830621917,0.7135,0.718,0.7559,0.04069999999999996,0.7153499999999999,0.7588,0.22544285714285714,0.6547172940620951,0.2276857142857143,0.6616983992859561,0.7152000000000001,resnet32,0.7146,0.7142,0.6353002190589905,0.43849369379776443,0.19680652642537924,resnet32,0.7139,0.7144,0.6337119186381724,0.4400087305640971,0.19370318756608124,resnet32,0.718,0.7222,0.6387488160451705,0.43869067944416945,0.20005813576492734,resnet32,0.7135,0.7164,0.634281674399972,0.43828182853758335,0.19599984588355504,resnet32,0.7148,0.7122,0.6539720109748569,0.45476974798789754,0.19920226331503893,resnet32,0.7157,0.713,0.651275816373527,0.4527728547215123,0.198502959207293,resnet32,0.7159,0.7114,0.6537133997560225,0.4534421904774552,0.20027120989239353,resnet32,0.7152,0.719,0.6458882000297308,0.4480116873005913,0.19787651234814388,9000000.0,5000.0,36010000.0,6589830000.0,52718640000.0
resnet32x8_cifar100_K8_mwmd2-unif_seed0002_d001,d001,resnet32:8,cifar100,8,matched,mwmd2-unif,peers,2,200,64,0.1,0.9,0.0005,True,0,60,0.1,1.0,2,,disagreement,1.0,1,0.0,0.5,uniform,complete,0.0,0.0,42,0,45000,5000,10000,3760032,183,0.00010000000000000003,2,124.94,0.7131000000000001,0.0017521415467935267,0.7111,0.7166,0.7517,0.03859999999999997,0.7133499999999999,0.7526,0.22891428571428576,0.6523048100799882,0.2330535714285715,0.6529993084707798,0.7131000000000001,resnet32,0.7128,0.7084,0.6339018378745426,0.4369509705469351,0.1969508676239374,resnet32,0.7114,0.712,0.6315883151678876,0.43782033771276474,0.19376797656613318,resnet32,0.7166,0.7204,0.6372154579413208,0.43994276206517086,0.1972726955057376,resnet32,0.7143,0.7164,0.6324783878146925,0.43568332700736145,0.1967950611459938,resnet32,0.7114,0.7094,0.65170654701069,0.45419507067311893,0.19751147713131187,resnet32,0.7111,0.7132,0.6494077203202654,0.45270685639909725,0.19670086411166599,resnet32,0.7141,0.7104,0.6487472200427543,0.44989567360078747,0.19885154797653246,resnet32,0.7131,0.7166,0.6423711431297389,0.4462828276763586,0.19608831527346576,9000000.0,5000.0,36010000.0,6625840000.0,53006720000.0
resnet32x8_cifar100_K8_mwmd2-unif_seed0002_d001,d001,resnet32:8,cifar100,8,matched,mwmd2-unif,peers,2,200,64,0.1,0.9,0.0005,True,0,60,0.1,1.0,2,,disagreement,1.0,1,0.0,0.5,uniform,complete,0.0,0.0,42,0,45000,5000,10000,3760032,184,0.00010000000000000003,2,124.68,0.7148375,0.0018068878631503288,0.7128,0.7188,0.7579,0.043062500000000004,0.7166999999999999,0.7582,0.22657857142857143,0.6515746687712844,0.23043571428571427,0.6565299954676735,0.7148375,resnet32,0.7133,0.7158,0.6325036970983174,0.4375804559835656,0.19492324069142342,resnet32,0.7159,0.716,0.6339593040333553,0.44026300484653225,0.19369629919740625,resnet32,0.7188,0.7232,0.6364049566063014,0.44035365324552084,0.1960513030432842,resnet32,0.7133,0.7182,0.633692548059943,0.4373558508232236,0.19633669713088733,resnet32,0.7153,0.7132,0.6560162649997934,0.4543144306252626,0.20170183399353514,resnet32,0.7128,0.7144,0.6496759834699333,0.45306813255460426,0.1966078519524837,resnet32,0.7144,0.712,0.6495447655801069,0.4504334170963954,0.19911134757355534,resnet32,0.7149,0.7208,0.6438984487798404,0.4438605269586498,0.20003792240326715,9000000.0,5000.0,36010000.0,6661850000.0,53294800000.0
resnet32x8_cifar100_K8_mwmd2-unif_seed0002_d001,d001,resnet32:8,cifar100,8,matched,mwmd2-unif,peers,2,200,64,0.1,0.9,0.0005,True,0,60,0.1,1.0,2,,disagreement,1.0,1,0.0,0.5,uniform,complete,0.0,0.0,42,0,45000,5000,10000,3760032,185,0.00010000000000000003,2,124.83,0.7145874999999999,0.001449515005096543,0.7126,0.7169,0.755,0.04041250000000007,0.7167250000000001,0.7584,0.22463571428571424,0.6552450966410098,0.2282178571428571,0.6609493371802578,0.7145874999999999,resnet32,0.7152,0.72,0.627815296153792,0.4325786782216958,0.19523661858825522,resnet32,0.7132,0.7154,0.6277023511092094,0.4352715026841245,0.1924308486261659,resnet32,0.7169,0.7218,0.6284408972767944,0.4359125680163164,0.19252832896414807,resnet32,0.7146,0.7162,0.6283017866821452,0.434487480183386,0.19381430712316863,resnet32,0.7164,0.713,0.6478072125888006,0.44956879899837077,0.19823841293427077,resnet32,0.7126,0.714,0.6438703263093802,0.44879736918532714,0.19507295778021216,resnet32,0.7132,0.7158,0.6427507459778677,0.4473759621508758,0.19537478520280935,resnet32,0.7146,0.7176,0.638254436198622,0.4400619908066636,0.19819244534962557,9000000.0,5000.0,36010000.0,6697860000.0,53582880000.0
resnet32x8_cifar100_K8_mwmd2-unif_seed0002_d001,d001,resnet32:8,cifar100,8,matched,mwmd2-unif,peers,2,200,64,0.1,0.9,0.0005,True,0,60,0.1,1.0,2,,disagreement,1.0,1,0.0,0.5,uniform,complete,0.0,0.0,42,0,45000,5000,10000,3760032,186,0.00010000000000000003,2,125.0,0.7150375,0.0023716753045052376,0.7111,0.7192,0.7546,0.039562500000000056,0.71475,0.7566,0.22859999999999997,0.6505028926328508,0.23070714285714286,0.6585397432967006,0.7150375,resnet32,0.7156,0.715,0.623692218595269,0.43130731119096954,0.19238490667405792,resnet32,0.7127,0.7124,0.6279419117437844,0.43479366405782377,0.19314824815162204,resnet32,0.7192,0.7188,0.6300689912062477,0.4357472611379556,0.19432173043870452,resnet32,0.7165,0.7174,0.6277519063177434,0.4335534879937768,0.194198419096541,resnet32,0.7167,0.711,0.6516805697147819,0.4485701516651633,0.20311041792262008,resnet32,0.7111,0.7156,0.6497658899223263,0.44921833740293304,0.20054755294272167,resnet32,0.7139,0.7112,0.6471907209435647,0.44907924594272947,0.19811147391076453,resnet32,0.7146,0.7166,0.6388850565576418,0.4431735627691854,0.19571149339687757,9000000.0,5000.0,36010000.0,6733870000.0,53870960000.0
resnet32x8_cifar100_K8_mwmd2-unif_seed0002_d001,d001,resnet32:8,cifar100,8,matched,mwmd2-unif,peers,2,200,64,0.1,0.9,0.0005,True,0,60,0.1,1.0,2,,disagreement,1.0,1,0.0,0.5,uniform,complete,0.0,0.0,42,0,45000,5000,10000,3760032,187,0.00010000000000000003,2,124.81,0.7147,0.0017720045146669568,0.7126,0.7183,0.7539,0.03920000000000001,0.7155,0.7564,0.22472142857142854,0.6565480999162377,0.22835714285714293,0.6602879498762505,0.7147,resnet32,0.7149,0.713,0.6269622655924071,0.43307069227607414,0.1938915739407424,resnet32,0.7141,0.7152,0.6296889315867289,0.43155429019084707,0.19813464226370509,resnet32,0.7183,0.7208,0.6342464127069847,0.4357673524116928,0.19847906035879118,resnet32,0.714,0.7122,0.6269677040505816,0.4327285911633887,0.19423911199820312,resnet32,0.7166,0.7156,0.6496862187050283,0.44863273472186516,0.20105348402549597,resnet32,0.7126,0.719,0.6492821341380477,0.446525496176698,0.202756638427011,resnet32,0.713,0.7124,0.649917546405711,0.4460240018723363,0.20389354491437023,resnet32,0.7141,0.7158,0.6370050176893446,0.44196903639981017,0.19503598079212348,9000000.0,5000.0,36010000.0,6769880000.0,54159040000.0
resnet32x8_cifar100_K8_mwmd2-unif_seed0002_d001,d001,resnet32:8,cifar100,8,matched,mwmd2-unif,peers,2,200,64,0.1,0.9,0.0005,True,0,60,0.1,1.0,2,,disagreement,1.0,1,0.0,0.5,uniform,complete,0.0,0.0,42,0,45000,5000,10000,3760032,188,0.00010000000000000003,2,122.64,0.715625,0.0024868403648002782,0.7126,0.721,0.754,0.03837500000000005,0.716275,0.7558,0.22522857142857136,0.6569240438035265,0.2290892857142857,0.659388830962791,0.715625,resnet32,0.7126,0.7162,0.6309404617852785,0.4305491738275371,0.2003912874285809,resnet32,0.7144,0.7148,0.6285771315663375,0.43259805804965173,0.19597907396118072,resnet32,0.721,0.7224,0.6254462631080638,0.431638451250778,0.1938078124922785,resnet32,0.7145,0.7164,0.6258805440315469,0.4310820889447562,0.19479845396497034,resnet32,0.7163,0.7136,0.6455812752246857,0.44471173073080456,0.20086954443038188,resnet32,0.7131,0.7166,0.6401910231956705,0.44396782033568755,0.1962232011878355,resnet32,0.7168,0.712,0.6426659728061747,0.4435916773720898,0.19907429391010242,resnet32,0.7163,0.7182,0.6358890657905828,0.43797216613099654,0.19791689957492054,9000000.0,5000.0,36010000.0,6805890000.0,54447120000.0
resnet32x8_cifar100_K8_mwmd2-unif_seed0002_d001,d001,resnet32:8,cifar100,8,matched,mwmd2-unif,peers,2,200,64,0.1,0.9,0.0005,True,0,60,0.1,1.0,2,,disagreement,1.0,1,0.0,0.5,uniform,complete,0.0,0.0,42,0,45000,5000,10000,3760032,189,0.00010000000000000003,2,122.47,0.7155125,0.0019283655644094229,0.7121,0.7183,0.7545,0.03898749999999995,0.716325,0.7566,0.2255714285714286,0.6553012065378562,0.22893928571428576,0.6582673611524934,0.7155125,resnet32,0.7144,0.716,0.6216984357346188,0.4302019332323901,0.19149650335946883,resnet32,0.7151,0.7136,0.6261536887508224,0.431637390749529,0.19451629859395325,resnet32,0.7183,0.7222,0.622806672387841,0.43232631469568744,0.19048035817898132,resnet32,0.7139,0.7194,0.622509374325587,0.42802545915103773,0.19448391503696752,resnet32,0.7178,0.713,0.6454309205185961,0.4454776876902377,0.19995323392901232,resnet32,0.7121,0.7178,0.6391558964652094,0.4445032371758399,0.1946526579241353,resnet32,0.7163,0.7116,0.6396107953041792,0.44347973068414087,0.19613106512803247,resnet32,0.7162,0.717,0.6337402010421184,0.4361774768384004,0.19756272323006255,9000000.0,5000.0,36010000.0,6841900000.0,54735200000.0
resnet32x8_cifar100_K8_mwmd2-unif_seed0002_d001,d001,resnet32:8,cifar100,8,matched,mwmd2-unif,peers,2,200,64,0.1,0.9,0.0005,True,0,60,0.1,1.0,2,,disagreement,1.0,1,0.0,0.5,uniform,complete,0.0,0.0,42,0,45000,5000,10000,3760032,190,0.00010000000000000003,2,121.84,0.7154125,0.0014886550137624328,0.7127,0.7174,0.7564,0.040987499999999955,0.7163999999999999,0.7572,0.22672857142857142,0.6523796279572105,0.2293821428571429,0.6603459001368602,0.7154125,resnet32,0.7151,0.7114,0.6174896876327693,0.4247526364104653,0.19273705097889018,resnet32,0.7127,0.7164,0.6198809815316715,0.42832100797783246,0.1915599732045931,resnet32,0.7174,0.721,0.622481378514997,0.4266971374269236,0.19578424158548427,resnet32,0.7159,0.7192,0.619368632832034,0.42565837320448324,0.19371026018846102,resnet32,0.7167,0.7152,0.6374912380918183,0.44109505984339525,0.19639617779334498,resnet32,0.7138,0.7174,0.6330935680307448,0.43954767305827275,0.193545894168148,resnet32,0.715,0.7132,0.6355537982149557,0.4405884070279585,0.19496539174790747,resnet32,0.7167,0.7174,0.6276502935639159,0.4331996427340941,0.1944506508933211,9000000.0,5000.0,36010000.0,6877910000.0,55023280000.0
resnet32x8_cifar100_K8_mwmd2-unif_seed0002_d001,d001,resnet32:8,cifar100,8,matched,mwmd2-unif,peers,2,200,64,0.1,0.9,0.0005,True,0,60,0.1,1.0,2,,disagreement,1.0,1,0.0,0.5,uniform,complete,0.0,0.0,42,0,45000,5000,10000,3760032,191,0.00010000000000000003,2,122.14,0.7156625,0.0024423029603224847,0.7132,0.7212,0.7544,0.03873749999999998,0.71555,0.7582,0.2270428571428571,0.6519705058807649,0.22879642857142854,0.65998410867014,0.7156625,resnet32,0.7172,0.7144,0.6172607669352808,0.4263173383237286,0.19094342772256245,resnet32,0.7132,0.714,0.6191452378407121,0.4277767104477706,0.19136852672619914,resnet32,0.7212,0.724,0.6207279252650385,0.427914407315918,0.19281351691196588,resnet32,0.7138,0.7148,0.6188868318091739,0.4246403029696508,0.194246527177959,resnet32,0.7164,0.7138,0.6392799697139047,0.4408589179246602,0.19842105178924446,resnet32,0.7149,0.7166,0.6337793121876364,0.43889974341304466,0.19487956852059474,resnet32,0.7147,0.713,0.6345649338750676,0.43850996772843326,0.19605496634771538,resnet32,0.7139,0.7138,0.6308284086090598,0.4330009961162101,0.19782741346650504,9000000.0,5000.0,36010000.0,6913920000.0,55311360000.0
resnet32x8_cifar100_K8_mwmd2-unif_seed0002_d001,d001,resnet32:8,cifar100,8,matched,mwmd2-unif,peers,2,200,64,0.1,0.9,0.0005,True,0,60,0.1,1.0,2,,disagreement,1.0,1,0.0,0.5,uniform,complete,0.0,0.0,42,0,45000,5000,10000,3760032,192,0.00010000000000000003,2,122.46,0.7160375,0.0014490837622442698,0.7139,0.719,0.7531,0.0370625,0.717025,0.7586,0.22507857142857146,0.6556535991102316,0.22881428571428578,0.657190809511551,0.7160375,resnet32,0.7139,0.7144,0.6154454582455483,0.4219849296125837,0.1934605282308026,resnet32,0.7157,0.7144,0.6182715216736224,0.4269696382001381,0.19130188404497775,resnet32,0.719,0.7228,0.6212634425186976,0.42640247648920526,0.19486096515108578,resnet32,0.7161,0.7172,0.6196638070554896,0.4224868654908443,0.19717694274996492,resnet32,0.7174,0.7144,0.6345466522245922,0.4395556367552755,0.19499101499307223,resnet32,0.715,0.717,0.6365219672972505,0.4399232008409771,0.19659876679493624,resnet32,0.7157,0.7132,0.6344076435674321,0.4387526713015342,0.19565497160973874,resnet32,0.7155,0.7228,0.6283369306051596,0.4320876612116329,0.1962492690019479,9000000.0,5000.0,36010000.0,6949930000.0,55599440000.0
resnet32x8_cifar100_K8_mwmd2-unif_seed0002_d001,d001,resnet32:8,cifar100,8,matched,mwmd2-unif,peers,2,200,64,0.1,0.9,0.0005,True,0,60,0.1,1.0,2,,disagreement,1.0,1,0.0,0.5,uniform,complete,0.0,0.0,42,0,45000,5000,10000,3760032,193,0.00010000000000000003,2,122.26,0.716175,0.00149979165219707,0.7145,0.7195,0.7561,0.03992499999999999,0.7147249999999999,0.7558,0.22800714285714285,0.6514385396235055,0.22985714285714282,0.6556395531397945,0.716175,resnet32,0.7145,0.712,0.6246165357614782,0.4270251398186453,0.19759139555125413,resnet32,0.7152,0.7164,0.6266171643933789,0.4291138877372511,0.19750327714295549,resnet32,0.7195,0.718,0.6243931044909087,0.431793751639568,0.1925993526396765,resnet32,0.7161,0.7158,0.6253323786976662,0.4310464649249546,0.19428591254505923,resnet32,0.7162,0.7132,0.6428083210590888,0.4465607436246831,0.1962475769793276,resnet32,0.7146,0.713,0.6400458728471263,0.4445422929923304,0.1955035794949667,resnet32,0.717,0.7112,0.6390518235804682,0.44363882418044587,0.19541299977043475,resnet32,0.7163,0.7182,0.6368351270952686,0.43795420208268543,0.19888092413417657,9000000.0,5000.0,36010000.0,6985940000.0,55887520000.0
resnet32x8_cifar100_K8_mwmd2-unif_seed0002_d001,d001,resnet32:8,cifar100,8,matched,mwmd2-unif,peers,2,200,64,0.1,0.9,0.0005,True,0,60,0.1,1.0,2,,disagreement,1.0,1,0.0,0.5,uniform,complete,0.0,0.0,42,0,45000,5000,10000,3760032,194,0.00010000000000000003,2,121.57,0.7136750000000001,0.0018115946014492289,0.7102,0.7165,0.7554,0.0417249999999999,0.714175,0.7588,0.22865,0.652959458997614,0.23291785714285715,0.6548505816762363,0.7136750000000001,resnet32,0.7138,0.7092,0.6146727758036419,0.42306174824691634,0.19161102762022478,resnet32,0.7131,0.7146,0.6170450030741367,0.42456726025027985,0.19247774304610424,resnet32,0.7153,0.7186,0.6207334796305407,0.4259338477118449,0.1947996320668608,resnet32,0.7149,0.7168,0.6205645077015188,0.4243512242101133,0.1962132822531699,resnet32,0.7165,0.7134,0.6360760970803147,0.43795003803362226,0.19812605995684862,resnet32,0.7102,0.7124,0.6348458017561246,0.4384715621444312,0.1963742393047803,resnet32,0.7131,0.7102,0.6335532418028875,0.43629195204597304,0.19726129007441076,resnet32,0.7125,0.7182,0.6277817199006677,0.42952496592294087,0.19825675412589175,9000000.0,5000.0,36010000.0,7021950000.0,56175600000.0
resnet32x8_cifar100_K8_mwmd2-unif_seed0002_d001,d001,resnet32:8,cifar100,8,matched,mwmd2-unif,peers,2,200,64,0.1,0.9,0.0005,True,0,60,0.1,1.0,2,,disagreement,1.0,1,0.0,0.5,uniform,complete,0.0,0.0,42,0,45000,5000,10000,3760032,195,0.00010000000000000003,2,121.92,0.7153125,0.0020083808777221434,0.7115,0.7176,0.7555,0.04018749999999993,0.714575,0.758,0.22612857142857143,0.65692650562944,0.230275,0.6569659351897944,0.7153125,resnet32,0.7167,0.7104,0.6154699429276992,0.42058788940564473,0.19488205315164206,resnet32,0.7141,0.7134,0.6204970830374144,0.424077866810628,0.1964192173062739,resnet32,0.7172,0.7214,0.6173308650031686,0.42407109501602297,0.19325977081263607,resnet32,0.7168,0.7174,0.6135019535114142,0.41942779103886674,0.1940741630863737,resnet32,0.7176,0.7124,0.6343529496172612,0.4363543490286578,0.19799860056743704,resnet32,0.7115,0.7146,0.630875812547112,0.43621046927926893,0.19466534319376064,resnet32,0.7151,0.7092,0.6281821080060168,0.43449078064242547,0.1936913281255825,resnet32,0.7135,0.7178,0.6263576235029508,0.42939687319184566,0.19696074950678105,9000000.0,5000.0,36010000.0,7057960000.0,56463680000.0
resnet32x8_cifar100_K8_mwmd2-unif_seed0002_d001,d001,resnet32:8,cifar100,8,matched,mwmd2-unif,peers,2,200,64,0.1,0.9,0.0005,True,0,60,0.1,1.0,2,,disagreement,1.0,1,0.0,0.5,uniform,complete,0.0,0.0,42,0,45000,5000,10000,3760032,196,0.00010000000000000003,2,120.7,0.7141625,0.0018268398260384002,0.7107,0.7173,0.7524,0.038237499999999924,0.7148749999999999,0.7542,0.22753571428571434,0.6533994958156536,0.23057142857142862,0.6584094163685881,0.7141625,resnet32,0.7133,0.7096,0.6187190584923056,0.4239301192785867,0.1947889389385554,resnet32,0.7138,0.7146,0.6168049437163229,0.42390667655589903,0.19289826707575808,resnet32,0.7173,0.7202,0.625076997728849,0.42687738153406163,0.19819961704144423,resnet32,0.7141,0.7172,0.6178633147765967,0.42295903424647724,0.19490428165193985,resnet32,0.7143,0.7122,0.6387936945327304,0.44078787907280703,0.1980058163065802,resnet32,0.7107,0.7152,0.6350567186335948,0.4395098411478102,0.19554687772919846,resnet32,0.7161,0.7114,0.6345216753807935,0.4385494405022738,0.19597223521718246,resnet32,0.7137,0.7186,0.6292167253876951,0.43329772480170836,0.1959189989350059,9000000.0,5000.0,36010000.0,7093970000.0,56751760000.0
resnet32x8_cifar100_K8_mwmd2-unif_seed0002_d001,d001,resnet32:8,cifar100,8,matched,mwmd2-unif,peers,2,200,64,0.1,0.9,0.0005,True,0,60,0.1,1.0,2,,disagreement,1.0,1,0.0,0.5,uniform,complete,0.0,0.0,42,0,45000,5000,10000,3760032,197,0.00010000000000000003,2,121.91,0.7159249999999999,0.0017725334975678246,0.7134,0.7183,0.7565,0.04057500000000003,0.71525,0.7566,0.2261142857142857,0.6541891746533596,0.23091785714285715,0.6551177027003261,0.7159249999999999,resnet32,0.7168,0.713,0.6218050854619254,0.42529068726368924,0.19651439819823613,resnet32,0.715,0.7124,0.6245456796393476,0.42673187975941057,0.1978138003561815,resnet32,0.718,0.7228,0.6199274598197504,0.42637277055870404,0.1935546888483011,resnet32,0.7144,0.7168,0.6226926465434107,0.4224720830521123,0.20022056443320418,resnet32,0.7183,0.7148,0.6376503339375962,0.4401029713282531,0.19754736313850366,resnet32,0.7134,0.7152,0.6373286750167608,0.4403921841559085,0.19693649126301435,resnet32,0.7173,0.7098,0.6366701336492869,0.4393733038821004,0.19729682912161065,resnet32,0.7142,0.7172,0.6319702527570453,0.4322737425523387,0.19969651046928696,9000000.0,5000.0,36010000.0,7129980000.0,57039840000.0
resnet32x8_cifar100_K8_mwmd2-unif_seed0002_d001,d001,resnet32:8,cifar100,8,matched,mwmd2-unif,peers,2,200,64,0.1,0.9,0.0005,True,0,60,0.1,1.0,2,,disagreement,1.0,1,0.0,0.5,uniform,complete,0.0,0.0,42,0,45000,5000,10000,3760032,198,0.00010000000000000003,2,122.04,0.71515,0.0016688319268278445,0.7133,0.7177,0.7533,0.03815000000000002,0.7149,0.7578,0.2265714285714286,0.6560352890121633,0.2291142857142857,0.6591394977314959,0.71515,resnet32,0.7135,0.713,0.614590238314122,0.4194301478353075,0.19516009100797502,resnet32,0.7133,0.7124,0.6146436171944846,0.41936968973922456,0.19527392777275632,resnet32,0.7177,0.7204,0.6122231905517931,0.42218873071992263,0.19003446008586747,resnet32,0.7165,0.7158,0.6141338782723654,0.41842805793170224,0.19570582143073392,resnet32,0.7172,0.7128,0.6331593699075959,0.4361341942355714,0.19702517582018944,resnet32,0.7149,0.7126,0.6314190255732022,0.4360886686058207,0.1953303562583063,resnet32,0.7148,0.7138,0.6299568302506073,0.43276613423685456,0.19719069669107822,resnet32,0.7133,0.7184,0.622845212336291,0.42950252864763816,0.1933426839849827,9000000.0,5000.0,36010000.0,7165990000.0,57327920000.0
resnet32x8_cifar100_K8_mwmd2-unif_seed0002_d001,d001,resnet32:8,cifar100,8,matched,mwmd2-unif,peers,2,200,64,0.1,0.9,0.0005,True,0,60,0.1,1.0,2,,disagreement,1.0,1,0.0,0.5,uniform,complete,0.0,0.0,42,0,45000,5000,10000,3760032,199,0.00010000000000000003,2,123.14,0.7156,0.0026220221204254004,0.712,0.7197,0.7557,0.040100000000000025,0.71435,0.7548,0.2272214285714286,0.6537803895947265,0.2296857142857143,0.6582213242224088,0.7156,resnet32,0.715,0.7134,0.6165872026573528,0.4179314832118424,0.19865571994292128,resnet32,0.7141,0.7148,0.6193289848637175,0.42113944151523436,0.1981895424171605,resnet32,0.7193,0.7208,0.6154904377392747,0.4235861176751893,0.19190431993708693,resnet32,0.7153,0.7168,0.6111337577670135,0.4182472284036604,0.19288652862252836,resnet32,0.7197,0.7158,0.6342670885761353,0.4351955553178083,0.19907153298316355,resnet32,0.712,0.7124,0.6306827667761933,0.4359766616570679,0.19470610391263934,resnet32,0.7166,0.7086,0.6307945151559331,0.43424949079582637,0.19654502385211262,resnet32,0.7128,0.7122,0.6229732656343416,0.42799568525515497,0.19497758156450634,9000000.0,5000.0,36010000.0,7202000000.0,57616000000.0
