run_id,run_tag,cohort,dataset,K,arm,arm_label,target,seed,epochs,batch_size,base_lr,momentum,weight_decay,nesterov,graph_seed,lr_step,lr_gamma,kd_T,k_matchings,k_anneal,match_weight,kappa,rematch_every_epochs,recency_lambda,recency_gamma,peel_weighting,graph,label_noise_rate,actual_noise_rate,noise_seed,split_seed,n_train,n_valid,n_test,cohort_params,epoch,lr,k_current,epoch_seconds,avg_test_acc,std_test_acc,min_test_acc,max_test_acc,ensemble_test_acc,ens_minus_avg_test,avg_val_acc,ensemble_val_acc,disagreement_val,rho_val,disagreement_test,rho_test,avg_test_acc_resnet32,model_00_arch,model_00_test_acc,model_00_val_acc,model_00_train_loss,model_00_ce_loss,model_00_kd_loss,model_01_arch,model_01_test_acc,model_01_val_acc,model_01_train_loss,model_01_ce_loss,model_01_kd_loss,model_02_arch,model_02_test_acc,model_02_val_acc,model_02_train_loss,model_02_ce_loss,model_02_kd_loss,model_03_arch,model_03_test_acc,model_03_val_acc,model_03_train_loss,model_03_ce_loss,model_03_kd_loss,model_04_arch,model_04_test_acc,model_04_val_acc,model_04_train_loss,model_04_ce_loss,model_04_kd_loss,model_05_arch,model_05_test_acc,model_05_val_acc,model_05_train_loss,model_05_ce_loss,model_05_kd_loss,model_06_arch,model_06_test_acc,model_06_val_acc,model_06_train_loss,model_06_ce_loss,model_06_kd_loss,model_07_arch,model_07_test_acc,model_07_val_acc,model_07_train_loss,model_07_ce_loss,model_07_kd_loss,model_08_arch,model_08_test_acc,model_08_val_acc,model_08_train_loss,model_08_ce_loss,model_08_kd_loss,model_09_arch,model_09_test_acc,model_09_val_acc,model_09_train_loss,model_09_ce_loss,model_09_kd_loss,model_10_arch,model_10_test_acc,model_10_val_acc,model_10_train_loss,model_10_ce_loss,model_10_kd_loss,model_11_arch,model_11_test_acc,model_11_val_acc,model_11_train_loss,model_11_ce_loss,model_11_kd_loss,comm_logit_floats_epoch,comm_matcher_ints_epoch,comm_bytes_epoch,comm_bytes_cum,comm_bytes_cum_cohort
resnet32x12_cifar100_K12_mwmd2_seed0002_d011,d011,resnet32:12,cifar100,12,matched,mwmd2,peers,2,200,64,0.1,0.9,0.0005,True,0,60,0.1,1.0,2,,disagreement,1.0,1,0.0,0.5,weight,complete,0.0,0.0,42,0,45000,5000,10000,5640048,0,0.1,2,190.6,0.0236,0.009542274362016637,0.0123,0.0427,0.0516,0.028,0.02366666666666667,0.0482,0.8109454545454543,0.22953867389008792,0.8116621212121213,0.21996924147088634,0.0236,resnet32,0.0345,0.0336,4.656690509481863,4.560518299314109,0.09617220353208143,resnet32,0.0173,0.0208,4.711629717187448,4.605705265971747,0.1059244520187018,resnet32,0.0269,0.032,4.6731102053414695,4.566038953309709,0.10707124404408122,resnet32,0.0289,0.0272,4.677074265073646,4.5759956321933055,0.10107863416620107,resnet32,0.0124,0.0152,4.771335238082842,4.6609467538920315,0.11038849661483917,resnet32,0.0134,0.0132,4.777467167512937,4.668836452744224,0.10863071834439159,resnet32,0.0427,0.0392,4.643137570131909,4.528366129506718,0.11477143831342057,resnet32,0.0128,0.0148,4.73787721991539,4.634405190971765,0.1034720313645349,resnet32,0.0302,0.0292,4.717022022063082,4.572865927761251,0.14415609479130415,resnet32,0.027,0.0256,4.73020792955702,4.599746551025998,0.13046138282449896,resnet32,0.0248,0.0232,4.703862101516941,4.5775437023152,0.12631839766882794,resnet32,0.0123,0.01,4.777230746366761,4.660723558881066,0.11650717985156173,9000000.0,5000.0,36010000.0,36010000.0,432120000.0
resnet32x12_cifar100_K12_mwmd2_seed0002_d011,d011,resnet32:12,cifar100,12,matched,mwmd2,peers,2,200,64,0.1,0.9,0.0005,True,0,60,0.1,1.0,2,,disagreement,1.0,1,0.0,0.5,weight,complete,0.0,0.0,42,0,45000,5000,10000,5640048,1,0.1,2,180.61,0.05486666666666667,0.02286665451894721,0.0233,0.0882,0.0874,0.03253333333333334,0.056466666666666665,0.0902,0.8582454545454545,0.24503586682396006,0.8606939393939392,0.2500575576595973,0.05486666666666667,resnet32,0.0868,0.0852,4.254370280964808,4.122668066485361,0.1317022200832567,resnet32,0.0882,0.0854,4.392703530124643,4.283102631230246,0.10960089617451145,resnet32,0.0768,0.0772,4.277944721620191,4.181713122874498,0.09623160283610394,resnet32,0.0586,0.0582,4.324378573420373,4.2269839529286735,0.09739462238609452,resnet32,0.0385,0.0422,4.666419023817236,4.509622849524021,0.15679616387933493,resnet32,0.0233,0.023,4.68392170897939,4.568375084210526,0.11554661079902541,resnet32,0.0688,0.0754,4.1909793449396435,4.1108148541640155,0.08016449369659479,resnet32,0.0329,0.0362,4.554753967984156,4.461966424503109,0.09278753990127536,resnet32,0.0703,0.0712,4.326435432176698,4.236071991310879,0.09036344053244895,resnet32,0.0579,0.061,4.418957727199251,4.321444216776978,0.0975135054322891,resnet32,0.0322,0.0354,4.438900966535915,4.347658442164009,0.09124252279500732,resnet32,0.0241,0.0272,4.633343412117525,4.535402726043355,0.09794068848317362,9000000.0,5000.0,36010000.0,72020000.0,864240000.0
resnet32x12_cifar100_K12_mwmd2_seed0002_d011,d011,resnet32:12,cifar100,12,matched,mwmd2,peers,2,200,64,0.1,0.9,0.0005,True,0,60,0.1,1.0,2,,disagreement,1.0,1,0.0,0.5,weight,complete,0.0,0.0,42,0,45000,5000,10000,5640048,2,0.1,2,180.41,0.09725833333333334,0.01872246682167948,0.0612,0.1286,0.1141,0.016841666666666658,0.09879999999999999,0.1168,0.6616333333333334,0.49551939926958427,0.6674227272727272,0.5005836728030418,0.09725833333333334,resnet32,0.1194,0.1148,3.818848915398121,3.7005319192328234,0.11831699490589513,resnet32,0.1164,0.1176,3.932554025880315,3.7798874903131616,0.15266653367275881,resnet32,0.1286,0.1308,3.9260917035016147,3.8124620382758705,0.1136296648024158,resnet32,0.1101,0.1138,3.86485510522669,3.7582698576152325,0.1065852441295812,resnet32,0.0986,0.1016,4.071998830546033,3.9483798254619944,0.12361900629052384,resnet32,0.0612,0.0666,4.334119809960777,4.156022016975013,0.17809779113370247,resnet32,0.1038,0.1018,3.8218480545011433,3.716782047328624,0.1050660067915239,resnet32,0.0923,0.0968,3.9573589197613974,3.8589240349829197,0.09843488279941746,resnet32,0.0791,0.08,3.9936556101522664,3.8560050485486332,0.13765057063111188,resnet32,0.0861,0.089,3.9961451952430336,3.875435297462073,0.12070990171791478,resnet32,0.0933,0.0954,3.9666722613302143,3.8666152479973706,0.10005702058234336,resnet32,0.0782,0.0774,4.186325022442774,4.055261643772775,0.13106338026806374,9000000.0,5000.0,36010000.0,108030000.0,1296360000.0
resnet32x12_cifar100_K12_mwmd2_seed0002_d011,d011,resnet32:12,cifar100,12,matched,mwmd2,peers,2,200,64,0.1,0.9,0.0005,True,0,60,0.1,1.0,2,,disagreement,1.0,1,0.0,0.5,weight,complete,0.0,0.0,42,0,45000,5000,10000,5640048,3,0.1,2,180.66,0.17242499999999997,0.020295078426390306,0.1375,0.2055,0.2051,0.03267500000000004,0.16365,0.1922,0.619339393939394,0.519182909171763,0.61700303030303,0.5377541545164368,0.17242499999999997,resnet32,0.1891,0.1808,3.512642775408246,3.367926737801595,0.1447160377653993,resnet32,0.1944,0.2,3.5099828006191687,3.3761913668025625,0.1337914333826947,resnet32,0.1996,0.1872,3.6012554070488974,3.4629350653426214,0.1383203409972008,resnet32,0.1734,0.1652,3.527992847290906,3.399105939675461,0.12888690518130633,resnet32,0.1498,0.144,3.65197223729708,3.522717824036425,0.12925441149325873,resnet32,0.1606,0.145,3.786340331150727,3.628514466637915,0.15782587030182846,resnet32,0.2055,0.1948,3.5048231069337237,3.382694297554818,0.12212881506209007,resnet32,0.1375,0.131,3.5932769267396494,3.4644720198755916,0.12880490602798422,resnet32,0.1739,0.1636,3.562603637914766,3.4406836429102854,0.12192000028550286,resnet32,0.1532,0.145,3.6351757124066353,3.506241504441608,0.12893420670562508,resnet32,0.1695,0.158,3.5979998379268427,3.464684493501078,0.13331534401301973,resnet32,0.1626,0.1492,3.6897246095944536,3.5521407354284418,0.13758387154137547,9000000.0,5000.0,36010000.0,144040000.0,1728480000.0
resnet32x12_cifar100_K12_mwmd2_seed0002_d011,d011,resnet32:12,cifar100,12,matched,mwmd2,peers,2,200,64,0.1,0.9,0.0005,True,0,60,0.1,1.0,2,,disagreement,1.0,1,0.0,0.5,weight,complete,0.0,0.0,42,0,45000,5000,10000,5640048,4,0.1,2,180.53,0.17676666666666666,0.027591192233915682,0.1186,0.229,0.2103,0.03353333333333333,0.16853333333333334,0.1984,0.6384636363636366,0.4834138760291637,0.6414787878787879,0.4973598428491277,0.17676666666666666,resnet32,0.1472,0.1342,3.2109736668115314,3.0497076000002297,0.16126606820828535,resnet32,0.196,0.1894,3.2435154393315315,3.0707220932976766,0.17279334501786667,resnet32,0.1917,0.1818,3.2663239647041666,3.1103172010996123,0.15600675816478377,resnet32,0.1626,0.1542,3.2212133268741043,3.0715552463450213,0.14965807992583988,resnet32,0.1503,0.1458,3.3091015412726184,3.1551442102275113,0.15395733252675695,resnet32,0.172,0.1588,3.466155247593468,3.2801016498018396,0.18605359641581096,resnet32,0.229,0.217,3.2491968236863613,3.095608742738312,0.1535880834562704,resnet32,0.1954,0.1934,3.3308588174933735,3.1777843060818585,0.1530745092737065,resnet32,0.1888,0.1796,3.2898840843276544,3.123358765109019,0.16652531904930418,resnet32,0.1872,0.1754,3.373603669079867,3.2103416350754825,0.1632620272840458,resnet32,0.1824,0.1716,3.279212146658789,3.1318251036784868,0.1473870445466177,resnet32,0.1186,0.1212,3.347553210840984,3.19401698728854,0.15353622450493276,9000000.0,5000.0,36010000.0,180050000.0,2160600000.0
resnet32x12_cifar100_K12_mwmd2_seed0002_d011,d011,resnet32:12,cifar100,12,matched,mwmd2,peers,2,200,64,0.1,0.9,0.0005,True,0,60,0.1,1.0,2,,disagreement,1.0,1,0.0,0.5,weight,complete,0.0,0.0,42,0,45000,5000,10000,5640048,5,0.1,2,180.41,0.2627833333333333,0.0209580467177221,0.2233,0.2976,0.3025,0.03971666666666668,0.2637333333333333,0.2994,0.5353757575757575,0.5986708026230976,0.542681818181818,0.5977774839363107,0.2627833333333333,resnet32,0.2976,0.2954,2.949945687909018,2.786653784865683,0.16329190319150008,resnet32,0.2514,0.2598,3.01735151999376,2.843549207868901,0.17380231618881226,resnet32,0.2645,0.2654,3.0370182151144203,2.8525839607146652,0.18443425668572838,resnet32,0.2769,0.279,3.0055785246870736,2.8241652931002053,0.1814132354179905,resnet32,0.2691,0.2684,3.085392412475564,2.9063409969887952,0.17905141294679858,resnet32,0.2261,0.2254,3.237072352319956,3.0383408222008836,0.19873152537779373,resnet32,0.2846,0.2822,3.0576002970337868,2.878297738053582,0.17930255804888226,resnet32,0.2695,0.2696,3.084365642544898,2.9061449227685276,0.17822072104635564,resnet32,0.2513,0.2408,3.0558478618887337,2.8793925294144587,0.1764553252353587,resnet32,0.2233,0.2296,3.141657456078313,2.9598344418812883,0.18182301197455011,resnet32,0.2652,0.2716,3.079507477920164,2.897167257625948,0.18234021750024773,resnet32,0.2739,0.2776,3.104454866187139,2.9251437688415702,0.17931110405532474,9000000.0,5000.0,36010000.0,216060000.0,2592720000.0
resnet32x12_cifar100_K12_mwmd2_seed0002_d011,d011,resnet32:12,cifar100,12,matched,mwmd2,peers,2,200,64,0.1,0.9,0.0005,True,0,60,0.1,1.0,2,,disagreement,1.0,1,0.0,0.5,weight,complete,0.0,0.0,42,0,45000,5000,10000,5640048,6,0.1,2,180.61,0.2851666666666666,0.018770825471696465,0.2535,0.3137,0.3319,0.04673333333333335,0.2794666666666667,0.3208,0.5392333333333336,0.5935416998823815,0.5445636363636364,0.5915939414478514,0.2851666666666666,resnet32,0.3068,0.2898,2.8485124571756884,2.639497410844673,0.20901504791849715,resnet32,0.3067,0.3048,2.8682280616326765,2.6844735619696705,0.18375449686903844,resnet32,0.2747,0.2758,2.852740193293853,2.668135616589676,0.1846045753706924,resnet32,0.2581,0.2534,2.8474786098707807,2.655394526029175,0.19208408422260123,resnet32,0.2907,0.2854,2.9151692007752983,2.719615317203782,0.1955538857728243,resnet32,0.2635,0.263,3.026794399050149,2.820015364749865,0.20677903645925902,resnet32,0.2943,0.2882,2.8791958818381485,2.6972974755547265,0.18189840323545717,resnet32,0.3137,0.3078,2.8846980208023028,2.6904890340837566,0.19420898568139158,resnet32,0.2535,0.2428,2.8816583796658297,2.6935690878467127,0.18808929567140611,resnet32,0.2817,0.27,2.9587146656757053,2.7601351724429564,0.19857949604788286,resnet32,0.2914,0.2896,2.92438756166534,2.724932639774951,0.19945492398586462,resnet32,0.2869,0.283,2.922473145479506,2.7324841479686173,0.18998899626206944,9000000.0,5000.0,36010000.0,252070000.0,3024840000.0
resnet32x12_cifar100_K12_mwmd2_seed0002_d011,d011,resnet32:12,cifar100,12,matched,mwmd2,peers,2,200,64,0.1,0.9,0.0005,True,0,60,0.1,1.0,2,,disagreement,1.0,1,0.0,0.5,weight,complete,0.0,0.0,42,0,45000,5000,10000,5640048,7,0.1,2,180.77,0.2997916666666667,0.01509743125685809,0.2687,0.3207,0.3485,0.0487083333333333,0.2925166666666667,0.341,0.5237363636363636,0.594212068094,0.526828787878788,0.5857165541643229,0.2997916666666667,resnet32,0.3207,0.3142,2.7242901653728704,2.511283448135311,0.21300671332177112,resnet32,0.2975,0.2902,2.76806072213433,2.5611592378805983,0.2069014809729362,resnet32,0.312,0.2994,2.7436380951919337,2.5385532907464285,0.20508480370468038,resnet32,0.3109,0.2986,2.733234387568452,2.5225825533270836,0.21065183280205185,resnet32,0.3096,0.3044,2.8006850829855963,2.581339438191869,0.21934564746069637,resnet32,0.2687,0.2638,2.8680266907269303,2.6595416851341724,0.20848500288345598,resnet32,0.2921,0.2782,2.768716498870741,2.5689271783286873,0.1997893217485398,resnet32,0.2997,0.2934,2.7393621365455063,2.532481826164506,0.20688030881468544,resnet32,0.3148,0.3044,2.7626395784318447,2.556635518981652,0.2060040602333505,resnet32,0.3066,0.2968,2.83028006316586,2.6094654144888576,0.22081464897333222,resnet32,0.2789,0.282,2.790650448338552,2.5855918269265783,0.2050586190413345,resnet32,0.286,0.2848,2.783183976669203,2.5811156820167196,0.2020682977216149,9000000.0,5000.0,36010000.0,288080000.0,3456960000.0
resnet32x12_cifar100_K12_mwmd2_seed0002_d011,d011,resnet32:12,cifar100,12,matched,mwmd2,peers,2,200,64,0.1,0.9,0.0005,True,0,60,0.1,1.0,2,,disagreement,1.0,1,0.0,0.5,weight,complete,0.0,0.0,42,0,45000,5000,10000,5640048,8,0.1,2,180.53,0.32797499999999996,0.02889916737554908,0.2673,0.3673,0.3731,0.045125000000000026,0.3262,0.3766,0.5153848484848484,0.5860475761074203,0.5224439393939394,0.5876806062445502,0.32797499999999996,resnet32,0.3673,0.362,2.6208499385551973,2.413973019373688,0.20687691615471107,resnet32,0.3278,0.323,2.679491133175113,2.460689376701008,0.21880175939507104,resnet32,0.3261,0.324,2.6561755514280363,2.438540933992375,0.21763461667367004,resnet32,0.2856,0.2864,2.6507722698152065,2.4314531306312843,0.21931914051740684,resnet32,0.3552,0.3562,2.6857273954559457,2.471603287214583,0.21412411040033807,resnet32,0.3217,0.3216,2.7562212608754635,2.537034198303114,0.21918706272051416,resnet32,0.3413,0.3362,2.6777352826161818,2.4671288053081795,0.21060647457753393,resnet32,0.332,0.3322,2.6574533415788952,2.431753456253897,0.22569988655265083,resnet32,0.3028,0.3082,2.679827733812007,2.464591266756708,0.2152364665261385,resnet32,0.2673,0.27,2.7105359861796554,2.4831532978198747,0.227382686518302,resnet32,0.3549,0.3446,2.6861969727006825,2.4669793402268128,0.21921763071705672,resnet32,0.3537,0.35,2.691209415820512,2.4698978039351376,0.22131161277436398,9000000.0,5000.0,36010000.0,324090000.0,3889080000.0
resnet32x12_cifar100_K12_mwmd2_seed0002_d011,d011,resnet32:12,cifar100,12,matched,mwmd2,peers,2,200,64,0.1,0.9,0.0005,True,0,60,0.1,1.0,2,,disagreement,1.0,1,0.0,0.5,weight,complete,0.0,0.0,42,0,45000,5000,10000,5640048,9,0.1,2,180.48,0.33291666666666664,0.021737365423517997,0.307,0.3874,0.3804,0.04748333333333338,0.3266166666666666,0.366,0.4922484848484848,0.5916587452529136,0.49402272727272717,0.593925873919933,0.33291666666666664,resnet32,0.3874,0.3814,2.567855167795311,2.3347574938088655,0.2330976780292324,resnet32,0.3593,0.3506,2.609695789319548,2.388434739275412,0.22126104915514588,resnet32,0.3325,0.326,2.590985247695988,2.3629468503323467,0.22803839835846287,resnet32,0.3088,0.3062,2.592693925919858,2.3617270045321095,0.2309669192076068,resnet32,0.3408,0.3234,2.610004820945588,2.380411359904842,0.22959345966492864,resnet32,0.3329,0.3326,2.6976239281621845,2.465410103682767,0.23221382471224802,resnet32,0.3328,0.3214,2.6127041375095192,2.3920927840200337,0.22061134938319976,resnet32,0.3298,0.3182,2.5892836180600254,2.3523597232997417,0.23692389734258706,resnet32,0.3078,0.3012,2.627489572560245,2.395405533469536,0.23208404078402303,resnet32,0.307,0.3076,2.6465835804966362,2.4069168960506264,0.23966668315485798,resnet32,0.3282,0.3316,2.6017910059202802,2.3815759521993725,0.22021505058827726,resnet32,0.3277,0.3192,2.6335265727883037,2.3969464247876946,0.2365801456299695,9000000.0,5000.0,36010000.0,360100000.0,4321200000.0
resnet32x12_cifar100_K12_mwmd2_seed0002_d011,d011,resnet32:12,cifar100,12,matched,mwmd2,peers,2,200,64,0.1,0.9,0.0005,True,0,60,0.1,1.0,2,,disagreement,1.0,1,0.0,0.5,weight,complete,0.0,0.0,42,0,45000,5000,10000,5640048,10,0.1,2,180.8,0.346825,0.02138379935839279,0.3064,0.383,0.3972,0.050375,0.3325,0.378,0.49852424242424254,0.593013697044525,0.49660909090909083,0.601222286948136,0.346825,resnet32,0.3381,0.318,2.4860827760262922,2.2524908941916446,0.23359188424762,resnet32,0.383,0.3614,2.5539496850899677,2.314721064303409,0.23922862220470878,resnet32,0.3576,0.3522,2.5047080383043396,2.2711749523878098,0.23353308566253295,resnet32,0.3797,0.3654,2.5264745645902376,2.2846355251967907,0.24183903782713143,resnet32,0.3474,0.334,2.5475592218678105,2.30213968642056,0.2454195354472507,resnet32,0.3064,0.2918,2.6318592175164004,2.3828006901524286,0.24905852719464086,resnet32,0.35,0.3388,2.5634006600488317,2.323754517530853,0.23964614105749538,resnet32,0.3543,0.346,2.522262763739987,2.278695037080483,0.24356772790832276,resnet32,0.3445,0.333,2.555162449790673,2.314097867093303,0.24106458011506635,resnet32,0.3135,0.2992,2.5746155155991968,2.3259215613996442,0.24869395386088977,resnet32,0.3496,0.327,2.536055689338933,2.293178929015994,0.24287676201625305,resnet32,0.3378,0.3232,2.5503544624556196,2.311932875690135,0.23842158958061851,9000000.0,5000.0,36010000.0,396110000.0,4753320000.0
resnet32x12_cifar100_K12_mwmd2_seed0002_d011,d011,resnet32:12,cifar100,12,matched,mwmd2,peers,2,200,64,0.1,0.9,0.0005,True,0,60,0.1,1.0,2,,disagreement,1.0,1,0.0,0.5,weight,complete,0.0,0.0,42,0,45000,5000,10000,5640048,11,0.1,2,180.58,0.3458666666666667,0.021385677969665173,0.302,0.3721,0.4005,0.05463333333333331,0.3422833333333333,0.3932,0.5099090909090911,0.589832244465134,0.5065257575757577,0.6029465871576299,0.3458666666666667,resnet32,0.3633,0.3636,2.441147132184018,2.201685007153587,0.23946212500926445,resnet32,0.302,0.2922,2.5038294661790133,2.254653898491101,0.2491755638356236,resnet32,0.3339,0.324,2.4597717872397467,2.2143210020254958,0.24545078468509018,resnet32,0.3412,0.337,2.4722868537699636,2.223481557416645,0.24880529065955093,resnet32,0.3148,0.3158,2.5020905932919546,2.2556808680634606,0.24640972645614634,resnet32,0.3719,0.3658,2.5775821022689342,2.325998279012062,0.2515838232568719,resnet32,0.3494,0.3442,2.5141201959076254,2.2698644540187987,0.24425574140199882,resnet32,0.3577,0.3584,2.4782001804560423,2.2289840142157944,0.24921616604975003,resnet32,0.3334,0.334,2.499560721557249,2.255412879484621,0.2441478391516615,resnet32,0.3436,0.3424,2.5223044519397346,2.2710831360044805,0.2512213214808567,resnet32,0.3671,0.3648,2.485294494777918,2.24172817052088,0.24356632275422188,resnet32,0.3721,0.3652,2.508200978860259,2.2634735408831728,0.2447274363472719,9000000.0,5000.0,36010000.0,432120000.0,5185440000.0
resnet32x12_cifar100_K12_mwmd2_seed0002_d011,d011,resnet32:12,cifar100,12,matched,mwmd2,peers,2,200,64,0.1,0.9,0.0005,True,0,60,0.1,1.0,2,,disagreement,1.0,1,0.0,0.5,weight,complete,0.0,0.0,42,0,45000,5000,10000,5640048,12,0.1,2,180.55,0.32240833333333335,0.030274314149493498,0.2667,0.3663,0.3749,0.05249166666666666,0.31706666666666666,0.371,0.5415181818181819,0.5548913866088041,0.541631818181818,0.5674706238460302,0.32240833333333335,resnet32,0.3492,0.339,2.396668743680824,2.147233224389228,0.24943552051924847,resnet32,0.3131,0.3198,2.4570235772566362,2.1985794978046957,0.2584440782242878,resnet32,0.312,0.2992,2.4068148791451347,2.1553083026612345,0.25150657506574964,resnet32,0.357,0.3522,2.4179672212763266,2.1636614643714647,0.2543057566296987,resnet32,0.3054,0.2996,2.4380499837412075,2.1837220776148816,0.2543279057453302,resnet32,0.3514,0.3388,2.5344961124726315,2.2743514476513322,0.2601446637206457,resnet32,0.335,0.3258,2.470858731391755,2.219301735982299,0.2515569928906519,resnet32,0.2741,0.2768,2.438505596057935,2.1771063677627933,0.2613992312796075,resnet32,0.3663,0.3564,2.4494098877026276,2.1926395422355696,0.25677034324458375,resnet32,0.3298,0.339,2.4734313406727533,2.215663558718833,0.2577677836260674,resnet32,0.2667,0.2578,2.437697298655456,2.1831921887668697,0.2545051098674197,resnet32,0.3089,0.3004,2.450982099568302,2.196088345552033,0.25489375642924145,9000000.0,5000.0,36010000.0,468130000.0,5617560000.0
resnet32x12_cifar100_K12_mwmd2_seed0002_d011,d011,resnet32:12,cifar100,12,matched,mwmd2,peers,2,200,64,0.1,0.9,0.0005,True,0,60,0.1,1.0,2,,disagreement,1.0,1,0.0,0.5,weight,complete,0.0,0.0,42,0,45000,5000,10000,5640048,13,0.1,2,180.6,0.35719999999999996,0.02168232767332265,0.3164,0.3832,0.4017,0.04450000000000004,0.35063333333333335,0.3952,0.48448181818181824,0.5997988579295904,0.48724242424242403,0.5999688856887444,0.35719999999999996,resnet32,0.3636,0.3574,2.3749787751585245,2.1163237047466366,0.2586550696287304,resnet32,0.3791,0.3754,2.4041382377459244,2.146975930102847,0.25716230423528363,resnet32,0.3673,0.3572,2.3732064073397354,2.117783058434725,0.2554233464497057,resnet32,0.3832,0.3748,2.380483176728541,2.118142681365663,0.2623404943892224,resnet32,0.3218,0.3122,2.416731890460307,2.150320440022783,0.2664114446802573,resnet32,0.3375,0.3318,2.5017327566377143,2.2308194974268023,0.27091326304203406,resnet32,0.3164,0.3182,2.4353755465285345,2.179307557811791,0.25606798952106724,resnet32,0.3696,0.3668,2.4004443951628427,2.138712954961441,0.26173143651844427,resnet32,0.3438,0.332,2.4097725967453285,2.154425196857615,0.25534740170802583,resnet32,0.3686,0.3588,2.442157767374407,2.17530123364519,0.2668565319724042,resnet32,0.381,0.3696,2.4157379494810645,2.148239594291557,0.2674983577083119,resnet32,0.3545,0.3534,2.4201006059619514,2.1567014648833056,0.2633991404859857,9000000.0,5000.0,36010000.0,504140000.0,6049680000.0
resnet32x12_cifar100_K12_mwmd2_seed0002_d011,d011,resnet32:12,cifar100,12,matched,mwmd2,peers,2,200,64,0.1,0.9,0.0005,True,0,60,0.1,1.0,2,,disagreement,1.0,1,0.0,0.5,weight,complete,0.0,0.0,42,0,45000,5000,10000,5640048,14,0.1,2,180.7,0.342325,0.026009425374916174,0.2932,0.3883,0.3989,0.056574999999999986,0.3367166666666667,0.3966,0.5336909090909091,0.5652063015141828,0.5309045454545454,0.5793771092977388,0.342325,resnet32,0.3244,0.3206,2.332858124578541,2.074957013638182,0.25790111085569317,resnet32,0.3609,0.3522,2.366643689911474,2.109474814242937,0.2571688750758767,resnet32,0.3587,0.3512,2.3467871912501077,2.0843609014356677,0.26242629284123803,resnet32,0.327,0.3254,2.3610448979518632,2.0907896399836647,0.27025526169348846,resnet32,0.3307,0.3316,2.391224937682802,2.1217911778525873,0.2694337586025623,resnet32,0.3268,0.316,2.4643277134746313,2.1923223916779864,0.27200531879101286,resnet32,0.3221,0.3212,2.3957960146733304,2.131176588379524,0.2646194262091409,resnet32,0.3883,0.3738,2.3631571952930908,2.1025371751324697,0.26062001717615535,resnet32,0.3357,0.3334,2.3721862589432434,2.103117924014276,0.26906833677044645,resnet32,0.3648,0.3636,2.4114343647591094,2.1392873569645663,0.27214700633405964,resnet32,0.3753,0.3658,2.3827263856814667,2.1190798023546282,0.26364658449099143,resnet32,0.2932,0.2858,2.3849390540271997,2.121093511750752,0.2638455469753932,9000000.0,5000.0,36010000.0,540150000.0,6481800000.0
resnet32x12_cifar100_K12_mwmd2_seed0002_d011,d011,resnet32:12,cifar100,12,matched,mwmd2,peers,2,200,64,0.1,0.9,0.0005,True,0,60,0.1,1.0,2,,disagreement,1.0,1,0.0,0.5,weight,complete,0.0,0.0,42,0,45000,5000,10000,5640048,15,0.1,2,180.73,0.3632,0.036561044842837856,0.3121,0.4181,0.4395,0.07629999999999998,0.35585,0.4308,0.5584969696969694,0.5357187264804768,0.551809090909091,0.5444762895283947,0.3632,resnet32,0.4181,0.4066,2.3140188379382547,2.0470746501602908,0.2669441876297986,resnet32,0.4163,0.416,2.3436957733197645,2.0769080755046825,0.26678769961422816,resnet32,0.3526,0.3394,2.3250055739825424,2.0509324676611205,0.27407310240563343,resnet32,0.3688,0.3502,2.334672924977812,2.059549106623639,0.27512382161380217,resnet32,0.3213,0.3284,2.3618675224821675,2.0868534965609964,0.2750140236563642,resnet32,0.3791,0.3748,2.424679707735777,2.1476353127509356,0.2770443945826793,resnet32,0.3205,0.313,2.366713211787018,2.1020191017199648,0.26469410731541837,resnet32,0.4111,0.4012,2.3354111945425924,2.0733969348736783,0.26201425439847464,resnet32,0.3345,0.3212,2.34181558357721,2.070588491857052,0.2712270919953219,resnet32,0.3121,0.3056,2.378402431410822,2.1017437489195303,0.2766586818351326,resnet32,0.3462,0.345,2.3483774319968442,2.0818589190867813,0.26651851610619237,resnet32,0.3778,0.3688,2.3569894077425655,2.077834188599478,0.2791552171111107,9000000.0,5000.0,36010000.0,576160000.0,6913920000.0
resnet32x12_cifar100_K12_mwmd2_seed0002_d011,d011,resnet32:12,cifar100,12,matched,mwmd2,peers,2,200,64,0.1,0.9,0.0005,True,0,60,0.1,1.0,2,,disagreement,1.0,1,0.0,0.5,weight,complete,0.0,0.0,42,0,45000,5000,10000,5640048,16,0.1,2,180.66,0.37261666666666676,0.01451946012158242,0.3525,0.3932,0.42,0.04738333333333322,0.3661999999999999,0.41,0.4625424242424243,0.6070616576704028,0.45880303030303027,0.6129105925179454,0.37261666666666676,resnet32,0.3932,0.378,2.2971421270207926,2.024243787608363,0.27289834210056474,resnet32,0.3812,0.3738,2.325063772838224,2.0563224466009573,0.2687413267240944,resnet32,0.3583,0.3606,2.301968629387292,2.0325287250293926,0.2694399034689096,resnet32,0.3895,0.3804,2.3141303824430164,2.039336999200962,0.2747933861206878,resnet32,0.3913,0.394,2.3356316584077748,2.0632766507227314,0.2723550023722716,resnet32,0.3631,0.3562,2.3865692989731375,2.115616130049933,0.27095317118801177,resnet32,0.3525,0.3522,2.3439396292987196,2.0764623809267175,0.26747724712318316,resnet32,0.3688,0.3596,2.321665346283804,2.050356268205426,0.27130908220583067,resnet32,0.3673,0.36,2.324154016307809,2.052871025252071,0.2712829943788661,resnet32,0.3618,0.3574,2.3533396272158082,2.0776573455130514,0.27568228616887197,resnet32,0.3558,0.3456,2.3232599212364717,2.053061657161875,0.2701982632279396,resnet32,0.3886,0.3766,2.331465897065672,2.0584738953885706,0.27299199845980515,9000000.0,5000.0,36010000.0,612170000.0,7346040000.0
resnet32x12_cifar100_K12_mwmd2_seed0002_d011,d011,resnet32:12,cifar100,12,matched,mwmd2,peers,2,200,64,0.1,0.9,0.0005,True,0,60,0.1,1.0,2,,disagreement,1.0,1,0.0,0.5,weight,complete,0.0,0.0,42,0,45000,5000,10000,5640048,17,0.1,2,180.7,0.4110583333333333,0.01655014895871199,0.3804,0.4312,0.4682,0.0571416666666667,0.40251666666666663,0.4596,0.47084545454545446,0.5881717421412288,0.4681454545454547,0.6021057654592754,0.4110583333333333,resnet32,0.4277,0.419,2.2917545214295387,2.0130903358486565,0.27866419233297085,resnet32,0.4276,0.4188,2.3140363705090503,2.04102996499701,0.2730064039668915,resnet32,0.4167,0.412,2.2884979952465403,2.0155119396407497,0.27298605507663026,resnet32,0.3934,0.3748,2.2922601367939603,2.0170450027693403,0.275215137834576,resnet32,0.4125,0.4048,2.3083347097377884,2.0310400968248192,0.277294612807137,resnet32,0.3934,0.386,2.363543945110657,2.089690064164725,0.2738538842902265,resnet32,0.4203,0.409,2.3362140245735645,2.0597513536499306,0.2764626670078459,resnet32,0.4312,0.4304,2.309750996530056,2.0371231765232305,0.27262782131914387,resnet32,0.4065,0.4036,2.2942199681631545,2.021584381264719,0.2726355873217637,resnet32,0.3804,0.3632,2.3434730771590364,2.065200347622687,0.2782727289860221,resnet32,0.3938,0.3858,2.3005481623113155,2.0287132500247522,0.2718349153980274,resnet32,0.4292,0.4228,2.3084153548221695,2.0383220423351633,0.2700933115556836,9000000.0,5000.0,36010000.0,648180000.0,7778160000.0
resnet32x12_cifar100_K12_mwmd2_seed0002_d011,d011,resnet32:12,cifar100,12,matched,mwmd2,peers,2,200,64,0.1,0.9,0.0005,True,0,60,0.1,1.0,2,,disagreement,1.0,1,0.0,0.5,weight,complete,0.0,0.0,42,0,45000,5000,10000,5640048,18,0.1,2,180.76,0.402275,0.02006867895502841,0.3528,0.4292,0.4648,0.062525,0.3975833333333334,0.4634,0.4996909090909091,0.5526890446969952,0.49118333333333347,0.5724701855927871,0.402275,resnet32,0.4191,0.4276,2.2709433067251337,1.992142069068822,0.27880124150860036,resnet32,0.3906,0.3796,2.277609794485298,2.0003448223525826,0.2772649714765562,resnet32,0.4292,0.4196,2.2618010687557133,1.9896430153061042,0.2721580531109463,resnet32,0.4146,0.4098,2.2623719446022403,1.9847522498193113,0.2776196951639246,resnet32,0.3954,0.39,2.2835269375619562,2.0040128154849466,0.279514125590636,resnet32,0.4247,0.426,2.338535262949087,2.0563040628013285,0.2822312016294084,resnet32,0.3974,0.3902,2.314265775409612,2.036273694851182,0.2779920795847746,resnet32,0.3815,0.369,2.279576850039038,2.003254126588052,0.2763227241918106,resnet32,0.3528,0.3426,2.2748875629834155,1.9994524068791757,0.2754351575647227,resnet32,0.4059,0.4002,2.3128886497156187,2.033935556357557,0.2789530953265388,resnet32,0.4067,0.4034,2.276908255436204,2.0007476445964794,0.27616061037406325,resnet32,0.4094,0.413,2.2778823866762896,2.0050361556085674,0.27284623218954285,9000000.0,5000.0,36010000.0,684190000.0,8210280000.0
resnet32x12_cifar100_K12_mwmd2_seed0002_d011,d011,resnet32:12,cifar100,12,matched,mwmd2,peers,2,200,64,0.1,0.9,0.0005,True,0,60,0.1,1.0,2,,disagreement,1.0,1,0.0,0.5,weight,complete,0.0,0.0,42,0,45000,5000,10000,5640048,19,0.1,2,180.77,0.4056583333333333,0.031288108985505804,0.3217,0.4522,0.4772,0.07154166666666673,0.4028,0.4842,0.509130303030303,0.5541868724762617,0.5053363636363637,0.5654538404446563,0.4056583333333333,resnet32,0.4522,0.4542,2.25679069689729,1.9751556483520702,0.2816350498787043,resnet32,0.3945,0.3954,2.2660492404618044,1.9926184273578904,0.2734308169138702,resnet32,0.4383,0.4346,2.25142727538266,1.972685331986709,0.2787419480948963,resnet32,0.3864,0.3772,2.2626722852953454,1.9775042740458793,0.2851680161389099,resnet32,0.4017,0.4064,2.2686646589162676,1.9935599897395482,0.27510466835122893,resnet32,0.3217,0.3232,2.3238710779696703,2.040649879554456,0.28322119936770335,resnet32,0.4228,0.4142,2.3022599304941567,2.021133827722885,0.2811261011837897,resnet32,0.4139,0.4102,2.2610758556561037,1.9893037454987115,0.2717721080195836,resnet32,0.4138,0.4094,2.2661255809732457,1.9845471194183284,0.28157845948060806,resnet32,0.3982,0.3942,2.3122648903253404,2.024937652898106,0.2873272402212024,resnet32,0.3983,0.3962,2.2670245079154316,1.9898317043076863,0.27719280195676466,resnet32,0.4261,0.4184,2.2634708546102047,1.9835576950149103,0.2799131622199308,9000000.0,5000.0,36010000.0,720200000.0,8642400000.0
resnet32x12_cifar100_K12_mwmd2_seed0002_d011,d011,resnet32:12,cifar100,12,matched,mwmd2,peers,2,200,64,0.1,0.9,0.0005,True,0,60,0.1,1.0,2,,disagreement,1.0,1,0.0,0.5,weight,complete,0.0,0.0,42,0,45000,5000,10000,5640048,20,0.1,2,180.74,0.3695083333333333,0.024476398779686163,0.3154,0.4041,0.4187,0.04919166666666669,0.36395,0.4152,0.49703030303030304,0.5765427275562429,0.49265757575757585,0.5941389459216112,0.3695083333333333,resnet32,0.3614,0.352,2.2410699474540623,1.9628037219359116,0.2782662231686779,resnet32,0.4031,0.3894,2.254791781306267,1.970983598381281,0.28380818279798736,resnet32,0.3677,0.3628,2.235241836106235,1.9590979347174817,0.2761438982137902,resnet32,0.4041,0.3984,2.2491950159045784,1.9635135814208875,0.28568143596534024,resnet32,0.3643,0.3666,2.267821279777722,1.9782273229211569,0.2895939544435929,resnet32,0.3535,0.3454,2.3130425067449156,2.023558361286467,0.289484144103798,resnet32,0.3564,0.3474,2.2783997389064594,1.9949003845791926,0.28349935612641275,resnet32,0.3898,0.3942,2.262184175239368,1.9779758644713596,0.28420831074684183,resnet32,0.3154,0.3106,2.2483388547870247,1.9647300045259974,0.2836088506843556,resnet32,0.3939,0.3878,2.30212217298421,2.011122726750645,0.29099944614889944,resnet32,0.35,0.3462,2.2420848166062073,1.9664053752679715,0.275679445465688,resnet32,0.3745,0.3666,2.2678242461247877,1.9787038637494498,0.2891203797083687,9000000.0,5000.0,36010000.0,756210000.0,9074520000.0
resnet32x12_cifar100_K12_mwmd2_seed0002_d011,d011,resnet32:12,cifar100,12,matched,mwmd2,peers,2,200,64,0.1,0.9,0.0005,True,0,60,0.1,1.0,2,,disagreement,1.0,1,0.0,0.5,weight,complete,0.0,0.0,42,0,45000,5000,10000,5640048,21,0.1,2,180.71,0.3993500000000001,0.022682610813866494,0.3497,0.4302,0.4605,0.06114999999999993,0.39595,0.4604,0.4822151515151516,0.574438349314299,0.4841030303030305,0.5846313617174913,0.3993500000000001,resnet32,0.4236,0.424,2.232585281302983,1.9525668494064699,0.28001843263733794,resnet32,0.4302,0.424,2.2443749630315737,1.9667594847692684,0.2776154775426469,resnet32,0.4013,0.4038,2.232398099689321,1.949865154752677,0.28253294599496503,resnet32,0.4283,0.4206,2.248257848180153,1.963630017231811,0.28462782673622394,resnet32,0.3818,0.3774,2.2516701739620077,1.9674169849604368,0.2842531914357096,resnet32,0.3733,0.3668,2.3100927118211985,2.0209785862402483,0.2891141219191592,resnet32,0.3977,0.3956,2.271924875168638,1.9914819413626736,0.280442936303602,resnet32,0.4043,0.4034,2.2456123524091463,1.9641595772382887,0.2814527737738734,resnet32,0.415,0.4066,2.241420557553118,1.959927175194025,0.2814933827824213,resnet32,0.3497,0.3446,2.281206512993032,1.9921978849240325,0.2890086313074624,resnet32,0.3935,0.3894,2.234778903594071,1.9529798457568341,0.28179905751974066,resnet32,0.3935,0.3952,2.252738734199242,1.964374316856265,0.28836441990411416,9000000.0,5000.0,36010000.0,792220000.0,9506640000.0
resnet32x12_cifar100_K12_mwmd2_seed0002_d011,d011,resnet32:12,cifar100,12,matched,mwmd2,peers,2,200,64,0.1,0.9,0.0005,True,0,60,0.1,1.0,2,,disagreement,1.0,1,0.0,0.5,weight,complete,0.0,0.0,42,0,45000,5000,10000,5640048,22,0.1,2,180.76,0.41549166666666676,0.029044834834365225,0.3483,0.439,0.472,0.056508333333333216,0.4126833333333333,0.475,0.4683636363636365,0.5863738958860191,0.4705075757575756,0.5961379882797799,0.41549166666666676,resnet32,0.439,0.434,2.2337811678986657,1.9496372145685283,0.28414395404979587,resnet32,0.4358,0.4376,2.2441895150325517,1.9561013306745074,0.28808818801983516,resnet32,0.4375,0.4362,2.229032218794931,1.9467450837520035,0.2822871362070807,resnet32,0.3599,0.3636,2.2330708984624255,1.950186805122278,0.28288409211249516,resnet32,0.4094,0.414,2.236525994471528,1.9547306466847658,0.28179534715176985,resnet32,0.4138,0.4108,2.2975192596627907,2.009226582436399,0.28829268050718715,resnet32,0.431,0.4238,2.265837450596419,1.9814105550335213,0.2844268970868804,resnet32,0.4218,0.4232,2.236900083382021,1.9534536141224883,0.2834464749956334,resnet32,0.4233,0.4184,2.2420668049969454,1.9542855398560113,0.2877812589180063,resnet32,0.4271,0.422,2.274060772562569,1.9868011389943687,0.2872596329967068,resnet32,0.439,0.4286,2.2283997732129963,1.9513435492461377,0.27705622460185125,resnet32,0.3483,0.34,2.2448703280904074,1.9592475102029063,0.28562281441620807,9000000.0,5000.0,36010000.0,828230000.0,9938760000.0
resnet32x12_cifar100_K12_mwmd2_seed0002_d011,d011,resnet32:12,cifar100,12,matched,mwmd2,peers,2,200,64,0.1,0.9,0.0005,True,0,60,0.1,1.0,2,,disagreement,1.0,1,0.0,0.5,weight,complete,0.0,0.0,42,0,45000,5000,10000,5640048,23,0.1,2,180.98,0.39424166666666666,0.02363699284078996,0.346,0.4227,0.462,0.06775833333333336,0.3849000000000001,0.453,0.5234969696969697,0.5554141643463155,0.5148984848484849,0.5647568114939682,0.39424166666666666,resnet32,0.3939,0.3936,2.2093971910124477,1.9199069530110469,0.28949023355645215,resnet32,0.4155,0.4032,2.2217000108212233,1.9348996271463959,0.2868003860666332,resnet32,0.4225,0.4106,2.203474801372398,1.9145666006952524,0.2889081980101764,resnet32,0.4227,0.4174,2.218422025272792,1.9279040079563856,0.2905180200680413,resnet32,0.396,0.3828,2.224109312519431,1.9364013407718053,0.28770797210745513,resnet32,0.3726,0.3664,2.26687790825963,1.9763900776478378,0.2904878266536715,resnet32,0.346,0.33,2.2344392883506687,1.9480271214111284,0.2864121662410484,resnet32,0.3864,0.3792,2.208021156320518,1.9259868408129974,0.2820343154016882,resnet32,0.4227,0.4144,2.2057602112604813,1.9250492983582346,0.2807109119920907,resnet32,0.3633,0.3486,2.2658086466518315,1.9689061259004204,0.29690252314321697,resnet32,0.3975,0.3852,2.215316665104844,1.9271097369492054,0.2882069309919395,resnet32,0.3918,0.3874,2.2258456588130104,1.930180798708038,0.29566485627385025,9000000.0,5000.0,36010000.0,864240000.0,10370880000.0
resnet32x12_cifar100_K12_mwmd2_seed0002_d011,d011,resnet32:12,cifar100,12,matched,mwmd2,peers,2,200,64,0.1,0.9,0.0005,True,0,60,0.1,1.0,2,,disagreement,1.0,1,0.0,0.5,weight,complete,0.0,0.0,42,0,45000,5000,10000,5640048,24,0.1,2,180.78,0.36835833333333334,0.02210578575597097,0.3302,0.3985,0.4226,0.05424166666666663,0.3651666666666667,0.4228,0.4945090909090908,0.573590064893192,0.498219696969697,0.5771206043866827,0.36835833333333334,resnet32,0.3504,0.3362,2.2104829011315648,1.9267332729968158,0.2837496318177066,resnet32,0.3709,0.3698,2.222893923521042,1.9353006209500812,0.2875933021687987,resnet32,0.3964,0.4054,2.2000296430831607,1.9106177227063612,0.28941191705367103,resnet32,0.3715,0.3664,2.2206526281820103,1.9302459726618095,0.2904066558800299,resnet32,0.3985,0.3986,2.22179815037684,1.925596361471848,0.29620179267261515,resnet32,0.349,0.3496,2.280913081528111,1.9851582260294394,0.2957548516463827,resnet32,0.3302,0.3276,2.247556507756764,1.957162379371849,0.29039412419396365,resnet32,0.3722,0.3622,2.222707196223465,1.9298883122815327,0.2928188819734549,resnet32,0.3332,0.3294,2.219814482737671,1.9291147638789632,0.2906997183507139,resnet32,0.3732,0.3656,2.2561003772372548,1.963270815936002,0.292829562401907,resnet32,0.3875,0.3902,2.213739874857393,1.9284005568108775,0.2853393162050369,resnet32,0.3873,0.381,2.219435758211396,1.9294936594299295,0.2899421000726182,9000000.0,5000.0,36010000.0,900250000.0,10803000000.0
resnet32x12_cifar100_K12_mwmd2_seed0002_d011,d011,resnet32:12,cifar100,12,matched,mwmd2,peers,2,200,64,0.1,0.9,0.0005,True,0,60,0.1,1.0,2,,disagreement,1.0,1,0.0,0.5,weight,complete,0.0,0.0,42,0,45000,5000,10000,5640048,25,0.1,2,180.77,0.4058583333333334,0.03459160443261084,0.3299,0.4465,0.4771,0.07124166666666665,0.40299999999999997,0.4694,0.5006363636363638,0.5827695259202476,0.5052000000000001,0.5791615770973213,0.4058583333333334,resnet32,0.4262,0.4386,2.20123878730969,1.909373721277172,0.29186506592668593,resnet32,0.4322,0.4302,2.2014672976325858,1.91482668065212,0.28664061784828926,resnet32,0.4171,0.4108,2.190976333719763,1.8995719941502267,0.29140433679673483,resnet32,0.3299,0.3338,2.2103393968533385,1.9197571958330544,0.29058220267126506,resnet32,0.3923,0.3894,2.2148620929907668,1.920046741650863,0.29481534831310535,resnet32,0.4465,0.44,2.259447597305883,1.9676166286861354,0.29183097067289054,resnet32,0.428,0.4262,2.221653102812442,1.9370135478675365,0.28463955608789215,resnet32,0.3983,0.3886,2.2003708849237724,1.915178437124599,0.2851924442008815,resnet32,0.4429,0.4318,2.2071850169450045,1.9191267912022092,0.28805822176350787,resnet32,0.3933,0.3976,2.2280293325470253,1.9362564948810772,0.29177283656529407,resnet32,0.4156,0.4014,2.1990053333680737,1.9143215087665753,0.284683823522011,resnet32,0.348,0.3476,2.208745201880282,1.916324762458151,0.29242043988779187,9000000.0,5000.0,36010000.0,936260000.0,11235120000.0
resnet32x12_cifar100_K12_mwmd2_seed0002_d011,d011,resnet32:12,cifar100,12,matched,mwmd2,peers,2,200,64,0.1,0.9,0.0005,True,0,60,0.1,1.0,2,,disagreement,1.0,1,0.0,0.5,weight,complete,0.0,0.0,42,0,45000,5000,10000,5640048,26,0.1,2,180.72,0.41905,0.0208260453919285,0.3854,0.4498,0.479,0.05995,0.41464999999999996,0.4742,0.4650363636363636,0.5897391378879687,0.4602333333333331,0.5987801599253542,0.41905,resnet32,0.4221,0.4248,2.1866336444562133,1.9018423274498095,0.2847913160962476,resnet32,0.4252,0.4196,2.2002658481624993,1.9130131304264069,0.2872527172069319,resnet32,0.4114,0.4104,2.1841375538232652,1.8974941376258025,0.2866434159646319,resnet32,0.4403,0.4278,2.1967472735453737,1.9079179071228614,0.2888293701266362,resnet32,0.4162,0.4236,2.208380740982565,1.9191195529631593,0.2892611899243837,resnet32,0.4482,0.434,2.256677511571483,1.9604445858435198,0.29623292648995464,resnet32,0.3854,0.3818,2.22383988276124,1.9376887582581153,0.28615112634460355,resnet32,0.4498,0.443,2.1924598433754663,1.9068847633898258,0.28557508208111604,resnet32,0.4295,0.4228,2.2006321310658348,1.9161353377117352,0.2844967972275547,resnet32,0.3884,0.3826,2.227107844061472,1.9338860212063247,0.2932218250987882,resnet32,0.4188,0.4154,2.1890879346227106,1.9060935378074646,0.2829943948891014,resnet32,0.3933,0.39,2.2064045643941923,1.913958724249493,0.2924458401870321,9000000.0,5000.0,36010000.0,972270000.0,11667240000.0
resnet32x12_cifar100_K12_mwmd2_seed0002_d011,d011,resnet32:12,cifar100,12,matched,mwmd2,peers,2,200,64,0.1,0.9,0.0005,True,0,60,0.1,1.0,2,,disagreement,1.0,1,0.0,0.5,weight,complete,0.0,0.0,42,0,45000,5000,10000,5640048,27,0.1,2,180.78,0.3947,0.033851809405111566,0.3272,0.4438,0.4588,0.06409999999999999,0.3902333333333334,0.4568,0.5099272727272726,0.5540368268646422,0.5118742424242424,0.550578474043747,0.3947,resnet32,0.4284,0.4298,2.179345562715422,1.894584848460826,0.2847607175988907,resnet32,0.4271,0.4258,2.1934422007338568,1.9038601852953434,0.28958201672966505,resnet32,0.4014,0.3976,2.183864066377282,1.897527944635261,0.28633611951954663,resnet32,0.3565,0.3536,2.193451279774308,1.9017026036639104,0.29174867166544904,resnet32,0.4005,0.3948,2.205052376809445,1.9099718303504316,0.29508054410954093,resnet32,0.3924,0.3968,2.2527858411723916,1.9570252275602384,0.295760609484701,resnet32,0.3842,0.3722,2.216347307644107,1.925764475017786,0.2905828329438174,resnet32,0.4438,0.4242,2.1877794546837155,1.8982924675060944,0.28948698563247244,resnet32,0.3272,0.3294,2.1937143475833265,1.9059934494170276,0.28772089937278494,resnet32,0.3711,0.374,2.2308145590465176,1.9343013710935006,0.2965131902389906,resnet32,0.4357,0.4266,2.18037358942357,1.8923866091804071,0.28798698049715976,resnet32,0.3681,0.358,2.2045918466015295,1.907381121577187,0.29721072574400087,9000000.0,5000.0,36010000.0,1008280000.0,12099360000.0
resnet32x12_cifar100_K12_mwmd2_seed0002_d011,d011,resnet32:12,cifar100,12,matched,mwmd2,peers,2,200,64,0.1,0.9,0.0005,True,0,60,0.1,1.0,2,,disagreement,1.0,1,0.0,0.5,weight,complete,0.0,0.0,42,0,45000,5000,10000,5640048,28,0.1,2,180.77,0.41381666666666667,0.029828197882019094,0.3627,0.4563,0.4813,0.06748333333333334,0.40229999999999994,0.4718,0.49597575757575746,0.5705205163357129,0.4962924242424243,0.5738458886497918,0.41381666666666667,resnet32,0.4258,0.4178,2.1824595875699413,1.888227461583235,0.29423212668519805,resnet32,0.4451,0.433,2.185767049985853,1.8967394793236798,0.28902757311747834,resnet32,0.3815,0.3762,2.1732140948826615,1.8794340078126301,0.2937800890385089,resnet32,0.4317,0.4208,2.1816343619403513,1.8902270843020894,0.29140727497129276,resnet32,0.4283,0.4114,2.2045264636928383,1.9105459785258228,0.29398048169572244,resnet32,0.3649,0.351,2.236603931608525,1.9389588187702678,0.29764511584388936,resnet32,0.4253,0.41,2.209711242128502,1.9153708951039747,0.2943403489930047,resnet32,0.4563,0.4406,2.189723361452872,1.8990576585585421,0.29066570443947887,resnet32,0.4318,0.421,2.184818962419575,1.8982250976630233,0.28659386410039256,resnet32,0.4235,0.4116,2.2214954998344183,1.9243801332671533,0.29711536288430745,resnet32,0.3889,0.377,2.189106486060403,1.8947908519343897,0.2943156327501955,resnet32,0.3627,0.3572,2.1938604331490668,1.9016093796288425,0.29225105248306965,9000000.0,5000.0,36010000.0,1044290000.0,12531480000.0
resnet32x12_cifar100_K12_mwmd2_seed0002_d011,d011,resnet32:12,cifar100,12,matched,mwmd2,peers,2,200,64,0.1,0.9,0.0005,True,0,60,0.1,1.0,2,,disagreement,1.0,1,0.0,0.5,weight,complete,0.0,0.0,42,0,45000,5000,10000,5640048,29,0.1,2,180.69,0.4224416666666666,0.016113372207234855,0.3946,0.4533,0.4809,0.05845833333333339,0.4138333333333333,0.4736,0.4630848484848486,0.6071016276305838,0.46443787878787884,0.6069496067674331,0.4224416666666666,resnet32,0.4159,0.4154,2.1790608303113417,1.891208927231756,0.28785190265625715,resnet32,0.4061,0.3938,2.188417561690916,1.8970045137473128,0.2914130440913141,resnet32,0.4366,0.4258,2.168109076266939,1.877918466078964,0.290190607838502,resnet32,0.4133,0.3954,2.189001586457545,1.8926886953413486,0.2963128893170506,resnet32,0.4339,0.424,2.196281972933899,1.9007707178931346,0.2955112553582611,resnet32,0.4134,0.4034,2.239457179538228,1.941780915822495,0.2976762632712383,resnet32,0.4176,0.4116,2.1999879685992543,1.9106503377922557,0.2893376322039826,resnet32,0.4533,0.448,2.179997592317787,1.8929484203796496,0.28704916734502395,resnet32,0.4228,0.4176,2.1891681511293757,1.8916250795803287,0.297543067231097,resnet32,0.4165,0.407,2.2179502099752426,1.9213322941213846,0.2966179167216813,resnet32,0.3946,0.395,2.1733866225589407,1.884336175227707,0.28905044936321,resnet32,0.4453,0.429,2.186287995089184,1.8980224229056726,0.2882655738344924,9000000.0,5000.0,36010000.0,1080300000.0,12963600000.0
resnet32x12_cifar100_K12_mwmd2_seed0002_d011,d011,resnet32:12,cifar100,12,matched,mwmd2,peers,2,200,64,0.1,0.9,0.0005,True,0,60,0.1,1.0,2,,disagreement,1.0,1,0.0,0.5,weight,complete,0.0,0.0,42,0,45000,5000,10000,5640048,30,0.1,2,180.66,0.4099,0.019766596402348416,0.3723,0.4382,0.4779,0.068,0.40336666666666665,0.4682,0.49283636363636363,0.5665630678369136,0.4939454545454547,0.5720208885731436,0.4099,resnet32,0.3882,0.376,2.1671989765018225,1.8753765364262192,0.29182243965227495,resnet32,0.4382,0.4306,2.167911010371013,1.878986114805395,0.28892488997768273,resnet32,0.4273,0.423,2.155686553228985,1.8629833920435472,0.29270316154526715,resnet32,0.4252,0.42,2.179007551886819,1.8827657709744843,0.296241779896346,resnet32,0.385,0.3794,2.184371153400703,1.891454555094242,0.29291659930128267,resnet32,0.4262,0.417,2.2291362388906153,1.9306178902360527,0.298518347913738,resnet32,0.3723,0.3624,2.1847391834651884,1.8938219780949028,0.2909172042061321,resnet32,0.3973,0.3834,2.1687709782272577,1.8799585542556914,0.2888124250722202,resnet32,0.4183,0.4146,2.1784001366997305,1.884310699322007,0.2940894386477091,resnet32,0.401,0.4,2.2030411315235225,1.9046035004271702,0.2984376268842342,resnet32,0.4139,0.4114,2.164077974517237,1.8717777856032958,0.2923001908400858,resnet32,0.4259,0.4226,2.1761980674822223,1.8824910858476704,0.29370698294687,9000000.0,5000.0,36010000.0,1116310000.0,13395720000.0
resnet32x12_cifar100_K12_mwmd2_seed0002_d011,d011,resnet32:12,cifar100,12,matched,mwmd2,peers,2,200,64,0.1,0.9,0.0005,True,0,60,0.1,1.0,2,,disagreement,1.0,1,0.0,0.5,weight,complete,0.0,0.0,42,0,45000,5000,10000,5640048,31,0.1,2,180.74,0.39189999999999997,0.030408469215006523,0.3144,0.4269,0.4497,0.05780000000000002,0.3825,0.4368,0.495690909090909,0.5735179107890007,0.4934151515151515,0.5749641830896327,0.39189999999999997,resnet32,0.3144,0.3104,2.1678454107181593,1.8717971840365366,0.2960482313594019,resnet32,0.4269,0.413,2.1732389351183716,1.8797547686845064,0.2934841636822305,resnet32,0.367,0.359,2.1595359556376934,1.8647429479116744,0.2947930059057068,resnet32,0.3919,0.3896,2.178682691163637,1.8811564851890912,0.29752620100043714,resnet32,0.4169,0.407,2.177678716453639,1.8860297208143906,0.29164899595674465,resnet32,0.4185,0.4084,2.220169656148011,1.9228881721130826,0.29728148505091667,resnet32,0.3902,0.3816,2.181315032257275,1.8895607985217462,0.29175423517484556,resnet32,0.4215,0.4048,2.175624017688361,1.883130957795815,0.2924930544104427,resnet32,0.3716,0.3598,2.171932293948802,1.8805228847671638,0.291409407467158,resnet32,0.414,0.3946,2.2057800115170805,1.9076779332350602,0.29810207337141037,resnet32,0.3807,0.376,2.1701619797809557,1.8755895654586228,0.29457241542298684,resnet32,0.3892,0.3858,2.1752736167135565,1.881057240238244,0.29421637624248187,9000000.0,5000.0,36010000.0,1152320000.0,13827840000.0
resnet32x12_cifar100_K12_mwmd2_seed0002_d011,d011,resnet32:12,cifar100,12,matched,mwmd2,peers,2,200,64,0.1,0.9,0.0005,True,0,60,0.1,1.0,2,,disagreement,1.0,1,0.0,0.5,weight,complete,0.0,0.0,42,0,45000,5000,10000,5640048,32,0.1,2,188.29,0.3892083333333334,0.03008541890277673,0.3427,0.433,0.4594,0.0701916666666666,0.37484999999999996,0.4414,0.5301454545454545,0.5281468690412634,0.5160181818181818,0.5501890319831115,0.3892083333333334,resnet32,0.3926,0.3806,2.162237523970279,1.8659817063334314,0.29625581770034676,resnet32,0.3779,0.3636,2.151728921485218,1.8631227819079703,0.2886061396195807,resnet32,0.4271,0.4104,2.1558373302898626,1.862253944135525,0.2935833859003403,resnet32,0.3468,0.3262,2.1721021854742006,1.8747667536478152,0.2973354288842529,resnet32,0.4204,0.4014,2.17057054371319,1.8733215464109725,0.29724899560890417,resnet32,0.3443,0.3404,2.212043661454862,1.9131827589801766,0.2988609022630209,resnet32,0.3427,0.3354,2.1797191041775723,1.8840822416611693,0.295636861754412,resnet32,0.4072,0.395,2.1608679577369583,1.8677493995902212,0.2931185598188842,resnet32,0.3941,0.3804,2.16182769801129,1.870127859102054,0.291699839967557,resnet32,0.3871,0.362,2.1953082738274876,1.8989671560173684,0.29634111819111486,resnet32,0.433,0.4172,2.1659668467261572,1.8666394335979766,0.29932740868323227,resnet32,0.3973,0.3856,2.171639879826795,1.8753479390659116,0.2962919427716935,9000000.0,5000.0,36010000.0,1188330000.0,14259960000.0
resnet32x12_cifar100_K12_mwmd2_seed0002_d011,d011,resnet32:12,cifar100,12,matched,mwmd2,peers,2,200,64,0.1,0.9,0.0005,True,0,60,0.1,1.0,2,,disagreement,1.0,1,0.0,0.5,weight,complete,0.0,0.0,42,0,45000,5000,10000,5640048,33,0.1,2,183.9,0.3974583333333333,0.02456855911978198,0.3455,0.4319,0.4514,0.05394166666666672,0.3929,0.4524,0.4833515151515152,0.5902321590741939,0.4807393939393941,0.5978805389667622,0.3974583333333333,resnet32,0.3653,0.3636,2.167336442592469,1.874549088152972,0.2927873552226546,resnet32,0.3969,0.3986,2.1727180397984656,1.8795435450632463,0.2931744930842383,resnet32,0.4319,0.4298,2.1559827212582934,1.859921781346202,0.29606094033542,resnet32,0.3708,0.3736,2.1741353019394656,1.876728223975409,0.29740707811222156,resnet32,0.3839,0.3768,2.179443986070427,1.8859642611985856,0.2934797256126661,resnet32,0.4155,0.4108,2.208260588855906,1.9130547480149702,0.2952058380258016,resnet32,0.4087,0.4024,2.169308853759007,1.8797060432420536,0.28960280757482076,resnet32,0.4109,0.408,2.166846766390584,1.8736997261982073,0.29314703718674456,resnet32,0.4146,0.4058,2.173554651100527,1.8755217758430676,0.2980328795754097,resnet32,0.3455,0.3382,2.2001333951272746,1.8985345629467205,0.3015988366890021,resnet32,0.4086,0.4082,2.1568331215530634,1.8648180946369062,0.292015025857836,resnet32,0.4169,0.399,2.1647366778078405,1.8725977013395592,0.2921389742034741,9000000.0,5000.0,36010000.0,1224340000.0,14692080000.0
resnet32x12_cifar100_K12_mwmd2_seed0002_d011,d011,resnet32:12,cifar100,12,matched,mwmd2,peers,2,200,64,0.1,0.9,0.0005,True,0,60,0.1,1.0,2,,disagreement,1.0,1,0.0,0.5,weight,complete,0.0,0.0,42,0,45000,5000,10000,5640048,34,0.1,2,180.72,0.40723333333333334,0.027266778728376087,0.3505,0.4469,0.4717,0.06446666666666667,0.4014166666666667,0.4642,0.48878181818181826,0.5752912717468429,0.49196515151515147,0.5763337760751656,0.40723333333333334,resnet32,0.4129,0.3976,2.1584638248790395,1.8635657167231494,0.29489811507731,resnet32,0.398,0.3904,2.15529119934548,1.8593957549469038,0.29589544236660004,resnet32,0.4302,0.4274,2.1488598674874413,1.8526813853532076,0.29617848304439,resnet32,0.3637,0.362,2.163362033157186,1.867014727639881,0.2963473090309311,resnet32,0.3942,0.3962,2.170900922607292,1.8771925930949775,0.29370833010497416,resnet32,0.4135,0.4132,2.2076517575505106,1.9086140793832866,0.29903767723590136,resnet32,0.3505,0.351,2.169163042340766,1.8766455833207478,0.2925174583850259,resnet32,0.428,0.426,2.163061321289702,1.8682375157421285,0.29482380565340544,resnet32,0.4469,0.4362,2.166351693767038,1.8693088010292163,0.2970428911080076,resnet32,0.3949,0.3902,2.178381286900152,1.882078611884605,0.2963026746768843,resnet32,0.4298,0.4104,2.1441646458750423,1.8523483643816276,0.29181628208607435,resnet32,0.4242,0.4164,2.1616697043857793,1.8669251057912002,0.294744600309059,9000000.0,5000.0,36010000.0,1260350000.0,15124200000.0
resnet32x12_cifar100_K12_mwmd2_seed0002_d011,d011,resnet32:12,cifar100,12,matched,mwmd2,peers,2,200,64,0.1,0.9,0.0005,True,0,60,0.1,1.0,2,,disagreement,1.0,1,0.0,0.5,weight,complete,0.0,0.0,42,0,45000,5000,10000,5640048,35,0.1,2,180.86,0.3520666666666667,0.03933658884832571,0.2841,0.4334,0.4083,0.0562333333333333,0.3436166666666667,0.3948,0.5041424242424244,0.5903692332468828,0.5077378787878788,0.5878189999661378,0.3520666666666667,resnet32,0.3772,0.3624,2.152663006531921,1.8533881467513063,0.2992748573676429,resnet32,0.396,0.3848,2.1443399273875086,1.8514032355425032,0.2929366885642098,resnet32,0.358,0.3512,2.140583109618588,1.8452789322896437,0.2953041762917895,resnet32,0.3608,0.3532,2.1633714308792893,1.86318793842061,0.30018348968587816,resnet32,0.4334,0.422,2.164859290996736,1.8670401373370127,0.29781915194524283,resnet32,0.3174,0.3048,2.1994354667311367,1.9010516308586707,0.2983838329091668,resnet32,0.308,0.2978,2.1663823942230507,1.8688324341042475,0.2975499603939666,resnet32,0.3554,0.3422,2.1527429167181253,1.8621851600367914,0.2905577572104944,resnet32,0.2841,0.277,2.1627347520129248,1.8624091659757225,0.3003255840052258,resnet32,0.3289,0.3244,2.184552025049925,1.8841943055052648,0.30035772415893996,resnet32,0.3308,0.3306,2.1432875735177235,1.8495690265501088,0.29371854686178267,resnet32,0.3748,0.373,2.16366795822978,1.8628843147307634,0.3007836468856443,9000000.0,5000.0,36010000.0,1296360000.0,15556320000.0
resnet32x12_cifar100_K12_mwmd2_seed0002_d011,d011,resnet32:12,cifar100,12,matched,mwmd2,peers,2,200,64,0.1,0.9,0.0005,True,0,60,0.1,1.0,2,,disagreement,1.0,1,0.0,0.5,weight,complete,0.0,0.0,42,0,45000,5000,10000,5640048,36,0.1,2,180.94,0.4429083333333334,0.013034790519562979,0.4187,0.4631,0.5056,0.06269166666666665,0.43631666666666663,0.4968,0.45124242424242433,0.5941103084855118,0.4509318181818181,0.5960813215100372,0.4429083333333334,resnet32,0.4442,0.439,2.153456684879281,1.8522243787619201,0.30123230328106065,resnet32,0.431,0.427,2.144516558809714,1.8522743491286582,0.2922422062732618,resnet32,0.4372,0.4332,2.133458161387931,1.8421563473953442,0.29130181574940006,resnet32,0.437,0.4368,2.1596872435713355,1.8608702632852576,0.2988169805400751,resnet32,0.4581,0.4468,2.161866091869094,1.8594297675246543,0.30243632375178015,resnet32,0.4532,0.451,2.199268213388595,1.8986428337679668,0.3006253754085099,resnet32,0.4362,0.4318,2.1602493946186523,1.8634018852290781,0.2968475068284368,resnet32,0.4543,0.4422,2.1492049917578697,1.8541725882413713,0.29503240514631296,resnet32,0.4631,0.4524,2.1542923641814427,1.8516608058390291,0.30263156399384816,resnet32,0.4187,0.413,2.181004711342129,1.8766294672069224,0.3043752367692915,resnet32,0.4284,0.4178,2.144234726205468,1.8476444604721936,0.2965902633626353,resnet32,0.4535,0.4448,2.1553286639126865,1.8575121491131457,0.29781651230190287,9000000.0,5000.0,36010000.0,1332370000.0,15988440000.0
resnet32x12_cifar100_K12_mwmd2_seed0002_d011,d011,resnet32:12,cifar100,12,matched,mwmd2,peers,2,200,64,0.1,0.9,0.0005,True,0,60,0.1,1.0,2,,disagreement,1.0,1,0.0,0.5,weight,complete,0.0,0.0,42,0,45000,5000,10000,5640048,37,0.1,2,180.87,0.40786666666666666,0.019094385445872716,0.3736,0.4305,0.47,0.06213333333333332,0.4094,0.4674,0.4890151515151515,0.5860288668224214,0.4940227272727273,0.5849816143453421,0.40786666666666666,resnet32,0.3992,0.395,2.1496105317703704,1.8511512169445103,0.2984593072271144,resnet32,0.416,0.4192,2.1438933316279543,1.84721268679608,0.29668064741417766,resnet32,0.4258,0.4162,2.1301977272060784,1.8343824979595162,0.2958152281882411,resnet32,0.4273,0.444,2.150102325122465,1.8552494342015549,0.2948528888466006,resnet32,0.3917,0.4008,2.1550775571641596,1.8601439265026287,0.2949336322490126,resnet32,0.3914,0.38,2.1875216891481117,1.8910325283015317,0.29648915760811756,resnet32,0.4278,0.4298,2.1523768414150584,1.8567519132047892,0.2956249264322899,resnet32,0.3963,0.401,2.141937204382636,1.8510291823609308,0.2909080180424181,resnet32,0.4305,0.43,2.15339984592389,1.858038136058233,0.29536170995032246,resnet32,0.3736,0.377,2.1667401059107347,1.8691460237922994,0.2975940823935988,resnet32,0.4272,0.4334,2.136117470027371,1.8437538980083032,0.2923635723153976,resnet32,0.3876,0.3864,2.1422485963187436,1.8456291060217402,0.2966194871008735,9000000.0,5000.0,36010000.0,1368380000.0,16420560000.0
resnet32x12_cifar100_K12_mwmd2_seed0002_d011,d011,resnet32:12,cifar100,12,matched,mwmd2,peers,2,200,64,0.1,0.9,0.0005,True,0,60,0.1,1.0,2,,disagreement,1.0,1,0.0,0.5,weight,complete,0.0,0.0,42,0,45000,5000,10000,5640048,38,0.1,2,180.82,0.391275,0.03414942959504107,0.31,0.4343,0.4621,0.07082500000000003,0.38826666666666676,0.4586,0.5193909090909092,0.5660607679556648,0.5245636363636363,0.568501738756174,0.391275,resnet32,0.4343,0.4308,2.140716992657293,1.843438885090026,0.2972781084350903,resnet32,0.31,0.3162,2.141274529085918,1.8483918636021288,0.2928826624993235,resnet32,0.4064,0.412,2.126744669438763,1.8316906863315539,0.29505398230288515,resnet32,0.4122,0.4082,2.141729888421568,1.8427210023457354,0.29900888525034214,resnet32,0.3606,0.351,2.155093619430607,1.850840417498892,0.3042532015083866,resnet32,0.4104,0.4046,2.1833571041510864,1.8855662086809224,0.29779089392501523,resnet32,0.382,0.374,2.145772214301608,1.8502590344710783,0.29551317902620544,resnet32,0.3784,0.3796,2.1338670804080637,1.8408178814094176,0.29304920020513237,resnet32,0.4154,0.4142,2.1395344888283447,1.846224272115664,0.2933102184906602,resnet32,0.3529,0.347,2.163376382128759,1.863693826069886,0.2996825543020598,resnet32,0.4166,0.4078,2.1314419872042807,1.8382754358039661,0.29316655588759616,resnet32,0.4161,0.4138,2.1380755513567817,1.8418143376369367,0.29626121310601855,9000000.0,5000.0,36010000.0,1404390000.0,16852680000.0
resnet32x12_cifar100_K12_mwmd2_seed0002_d011,d011,resnet32:12,cifar100,12,matched,mwmd2,peers,2,200,64,0.1,0.9,0.0005,True,0,60,0.1,1.0,2,,disagreement,1.0,1,0.0,0.5,weight,complete,0.0,0.0,42,0,45000,5000,10000,5640048,39,0.1,2,180.72,0.4031666666666666,0.026047275396009383,0.3619,0.4625,0.466,0.06283333333333341,0.3972333333333333,0.4502,0.4873454545454545,0.5790300755594622,0.49640606060606035,0.5691839137272491,0.4031666666666666,resnet32,0.3977,0.3914,2.13662452978844,1.841714825311845,0.29490970371460373,resnet32,0.3619,0.3572,2.133735691959208,1.8414439343932,0.2922917576506734,resnet32,0.4115,0.4078,2.1203616496852855,1.8292428361759945,0.2911188162820922,resnet32,0.4176,0.4212,2.1517538768662647,1.850333675572818,0.3014202020977708,resnet32,0.4625,0.4504,2.1549063787202942,1.8540477410636165,0.3008586378895085,resnet32,0.3674,0.3574,2.192024913701144,1.8914758234538815,0.3005490879189562,resnet32,0.4315,0.426,2.1563186215406116,1.8615150079131126,0.29480361487631773,resnet32,0.3896,0.385,2.1359839270060714,1.8419770259748807,0.29400690145451913,resnet32,0.4106,0.406,2.1489319281483237,1.8506106647916816,0.29832126200199127,resnet32,0.3871,0.3748,2.169258662584153,1.8655304534530097,0.3037282061043449,resnet32,0.3976,0.39,2.1304318115792493,1.8355394278398969,0.2948923807760531,resnet32,0.403,0.3996,2.1455041481689974,1.8504165753044866,0.29508757176385686,9000000.0,5000.0,36010000.0,1440400000.0,17284800000.0
resnet32x12_cifar100_K12_mwmd2_seed0002_d011,d011,resnet32:12,cifar100,12,matched,mwmd2,peers,2,200,64,0.1,0.9,0.0005,True,0,60,0.1,1.0,2,,disagreement,1.0,1,0.0,0.5,weight,complete,0.0,0.0,42,0,45000,5000,10000,5640048,40,0.1,2,180.76,0.42404166666666665,0.023625285124675693,0.3774,0.4586,0.4853,0.06125833333333336,0.41925000000000007,0.4742,0.4636363636363636,0.6053736674715804,0.47202272727272737,0.5973969416693453,0.42404166666666665,resnet32,0.4484,0.4416,2.1451175885105673,1.8417890520597047,0.30332853515971114,resnet32,0.4176,0.4168,2.1365231538022105,1.8441956022923642,0.29232755017636175,resnet32,0.4339,0.4252,2.123273463919759,1.832446880977262,0.2908265841913156,resnet32,0.408,0.4074,2.1529895461757076,1.8539400600235572,0.29904948570765555,resnet32,0.4536,0.4416,2.155872169204734,1.8568015667525204,0.2990706051191823,resnet32,0.3774,0.3764,2.1933503067967566,1.8911669152704151,0.30218338854187593,resnet32,0.408,0.4022,2.1482926175336945,1.8562120505693285,0.29208056918684056,resnet32,0.4586,0.4554,2.137837728993459,1.8418982609767804,0.29593947026031936,resnet32,0.4027,0.398,2.156690049916506,1.8550001604651862,0.30168988822366705,resnet32,0.431,0.4208,2.1616873221302573,1.8631176692856983,0.2985696548765356,resnet32,0.4059,0.409,2.1333194063468413,1.8388256764208728,0.2944937285713174,resnet32,0.4434,0.4366,2.139769309793006,1.8445793561298738,0.2951899551871148,9000000.0,5000.0,36010000.0,1476410000.0,17716920000.0
resnet32x12_cifar100_K12_mwmd2_seed0002_d011,d011,resnet32:12,cifar100,12,matched,mwmd2,peers,2,200,64,0.1,0.9,0.0005,True,0,60,0.1,1.0,2,,disagreement,1.0,1,0.0,0.5,weight,complete,0.0,0.0,42,0,45000,5000,10000,5640048,41,0.1,2,180.83,0.4177333333333333,0.03923566263263847,0.3105,0.467,0.4908,0.07306666666666672,0.40945000000000004,0.4808,0.511681818181818,0.5540843515028592,0.5088833333333334,0.5618741602135641,0.4177333333333333,resnet32,0.4205,0.4208,2.14151367071,1.8398513641547074,0.30166230139068584,resnet32,0.4115,0.4186,2.134094462814656,1.8343014903366566,0.2997929731341587,resnet32,0.4231,0.4158,2.1191244673999874,1.8152123579586095,0.303912113209001,resnet32,0.4268,0.4152,2.1397596147250044,1.8381795481863348,0.3015800657766787,resnet32,0.4173,0.4006,2.1476765432479707,1.848889896646142,0.29878664535300975,resnet32,0.3838,0.3774,2.1744802458719774,1.873988381840966,0.3004918650893325,resnet32,0.467,0.4588,2.132518217136914,1.8414811070331119,0.2910371059340171,resnet32,0.461,0.4514,2.1227667546746405,1.82594729130241,0.2968194614672525,resnet32,0.4062,0.4012,2.139807731759819,1.8419701922684908,0.2978375387081707,resnet32,0.3105,0.3034,2.1593862758441404,1.8575372646816752,0.3018490124112842,resnet32,0.4433,0.4258,2.1284774469042365,1.8306621799076146,0.2978152669966221,resnet32,0.4418,0.4244,2.1353574249554765,1.8382503661242398,0.2971070548731156,9000000.0,5000.0,36010000.0,1512420000.0,18149040000.0
resnet32x12_cifar100_K12_mwmd2_seed0002_d011,d011,resnet32:12,cifar100,12,matched,mwmd2,peers,2,200,64,0.1,0.9,0.0005,True,0,60,0.1,1.0,2,,disagreement,1.0,1,0.0,0.5,weight,complete,0.0,0.0,42,0,45000,5000,10000,5640048,42,0.1,2,180.62,0.43756666666666666,0.02134761240878134,0.4031,0.4656,0.5047,0.06713333333333338,0.42671666666666663,0.49,0.4777939393939394,0.5765625239502157,0.47514393939393906,0.5870860012985072,0.43756666666666666,resnet32,0.4501,0.446,2.1421738395636734,1.8446395002644171,0.29753434139473195,resnet32,0.4656,0.4486,2.1307207943702284,1.8398475008593365,0.2908732920927419,resnet32,0.4643,0.447,2.1232595787468282,1.828307160938328,0.2949524213432927,resnet32,0.4393,0.4324,2.142196725207296,1.8442297842014919,0.29796694475226104,resnet32,0.441,0.4266,2.1541499297388573,1.855202012441375,0.29894791592166503,resnet32,0.4569,0.446,2.1883519308810886,1.8852181402458386,0.3031337847721509,resnet32,0.4266,0.4126,2.1446676897731694,1.8482332615689798,0.296434428119524,resnet32,0.4298,0.4176,2.1430926050313492,1.8423574450002476,0.300735153617676,resnet32,0.4076,0.3978,2.139797955751419,1.8426638973707503,0.2971340619154613,resnet32,0.4096,0.403,2.163824873045087,1.8656462971121073,0.2981785769913007,resnet32,0.4031,0.399,2.136083985594186,1.8385410325771028,0.2975429554512216,resnet32,0.4569,0.444,2.1403426387431947,1.8393674298104914,0.3009752057789063,9000000.0,5000.0,36010000.0,1548430000.0,18581160000.0
resnet32x12_cifar100_K12_mwmd2_seed0002_d011,d011,resnet32:12,cifar100,12,matched,mwmd2,peers,2,200,64,0.1,0.9,0.0005,True,0,60,0.1,1.0,2,,disagreement,1.0,1,0.0,0.5,weight,complete,0.0,0.0,42,0,45000,5000,10000,5640048,43,0.1,2,180.78,0.39848333333333336,0.022109380864742054,0.3774,0.4562,0.4741,0.07561666666666667,0.3956,0.4752,0.5367151515151515,0.5299273201159821,0.5294984848484848,0.5486233778450608,0.39848333333333336,resnet32,0.3787,0.3764,2.136948898942633,1.8342325340279124,0.3027163550723344,resnet32,0.3897,0.389,2.124202400445938,1.8312893108549444,0.29291309022598644,resnet32,0.4562,0.448,2.117038159207864,1.8165181912481785,0.300519966118207,resnet32,0.3922,0.395,2.138008614324711,1.836772320792079,0.3012362958186052,resnet32,0.379,0.3706,2.149576746943322,1.8424525807865642,0.3071241687602279,resnet32,0.3835,0.3778,2.1669619505039672,1.8643063315275041,0.3026556197596206,resnet32,0.4062,0.4128,2.138876125724478,1.8426379102536223,0.2962382157671858,resnet32,0.4033,0.3926,2.129151655191725,1.8329094848172232,0.2962421710941602,resnet32,0.4159,0.419,2.136050033298406,1.8409303787418387,0.29511965747753327,resnet32,0.3774,0.3782,2.1506186566230925,1.8484140343286775,0.3022046224849129,resnet32,0.3827,0.3812,2.121960271319205,1.8251261785626411,0.29683409190990706,resnet32,0.417,0.4066,2.133305925367908,1.835103445940397,0.29820247940634464,9000000.0,5000.0,36010000.0,1584440000.0,19013280000.0
resnet32x12_cifar100_K12_mwmd2_seed0002_d011,d011,resnet32:12,cifar100,12,matched,mwmd2,peers,2,200,64,0.1,0.9,0.0005,True,0,60,0.1,1.0,2,,disagreement,1.0,1,0.0,0.5,weight,complete,0.0,0.0,42,0,45000,5000,10000,5640048,44,0.1,2,180.79,0.41475833333333334,0.0315036098019823,0.3486,0.4612,0.4841,0.06934166666666663,0.41978333333333334,0.4872,0.49138181818181814,0.5781990826100177,0.49672878787878805,0.5776615851273171,0.41475833333333334,resnet32,0.4142,0.4212,2.1251844345507296,1.8312131918289445,0.29397124433043326,resnet32,0.4042,0.4016,2.1256647006693212,1.8311924541538411,0.29447224645198067,resnet32,0.4466,0.4586,2.1083937217904762,1.8149120386012576,0.29348167982375756,resnet32,0.4612,0.463,2.1386487929319795,1.8355796157636426,0.30306917426853697,resnet32,0.4439,0.4496,2.155154936015606,1.8529992616650732,0.30215567545118655,resnet32,0.39,0.3954,2.1739126057787375,1.871977011249824,0.3019355912692845,resnet32,0.3486,0.356,2.131571561606093,1.8337773780592463,0.29779418238269334,resnet32,0.4216,0.432,2.1202606640078803,1.8276562086221846,0.2926044573965059,resnet32,0.4294,0.4332,2.1314916966313664,1.8357977894219486,0.2956939055372707,resnet32,0.4296,0.4288,2.1499366159127518,1.8496759144419974,0.3002606969199736,resnet32,0.4207,0.4272,2.12103635919365,1.8263309005309234,0.2947054546834393,resnet32,0.3671,0.3708,2.128888413818045,1.8319445348937402,0.2969438750296831,9000000.0,5000.0,36010000.0,1620450000.0,19445400000.0
resnet32x12_cifar100_K12_mwmd2_seed0002_d011,d011,resnet32:12,cifar100,12,matched,mwmd2,peers,2,200,64,0.1,0.9,0.0005,True,0,60,0.1,1.0,2,,disagreement,1.0,1,0.0,0.5,weight,complete,0.0,0.0,42,0,45000,5000,10000,5640048,45,0.1,2,180.71,0.42229999999999995,0.02569033540717858,0.3599,0.4534,0.4909,0.06860000000000005,0.4246666666666666,0.4976,0.48262121212121223,0.571152104827747,0.4885969696969697,0.5715899144953129,0.42229999999999995,resnet32,0.4261,0.4364,2.1179855779152024,1.8240132106637412,0.2939723698125983,resnet32,0.4243,0.4328,2.122142321006818,1.8247434613718228,0.29739885921166703,resnet32,0.4464,0.4478,2.106184087185697,1.8056098136373542,0.3005742732520131,resnet32,0.4235,0.4294,2.1387609615921974,1.8388983886688948,0.2998625730503012,resnet32,0.4534,0.4498,2.1341635793108833,1.8378791908987544,0.29628439067693596,resnet32,0.3861,0.3844,2.167994522912936,1.8669184768064455,0.3010760469531471,resnet32,0.4389,0.438,2.1393468603491783,1.8417894178154794,0.2975574447985061,resnet32,0.4462,0.4346,2.119948415424336,1.8276640083640814,0.29228440720841964,resnet32,0.4071,0.4132,2.127090010453354,1.8304197324270552,0.2966702759943225,resnet32,0.3599,0.361,2.1477594519542023,1.847489169375463,0.30027028412388806,resnet32,0.4258,0.4338,2.120511451905424,1.824985800141638,0.2955256527797742,resnet32,0.4299,0.4348,2.130122356624766,1.8262498620897532,0.3038724939635193,9000000.0,5000.0,36010000.0,1656460000.0,19877520000.0
resnet32x12_cifar100_K12_mwmd2_seed0002_d011,d011,resnet32:12,cifar100,12,matched,mwmd2,peers,2,200,64,0.1,0.9,0.0005,True,0,60,0.1,1.0,2,,disagreement,1.0,1,0.0,0.5,weight,complete,0.0,0.0,42,0,45000,5000,10000,5640048,46,0.1,2,180.8,0.4064833333333333,0.03375622987769155,0.3156,0.4476,0.471,0.06451666666666667,0.40053333333333335,0.4612,0.4874606060606061,0.5729088674658325,0.49284393939393933,0.5651425454116292,0.4064833333333333,resnet32,0.4215,0.4134,2.116122493859042,1.8170329411937431,0.2990895504851572,resnet32,0.3939,0.394,2.1115637130358,1.8152140392498537,0.2963496775324033,resnet32,0.4476,0.4422,2.099400456148115,1.8035730176012625,0.2958274449179457,resnet32,0.3156,0.3142,2.127057144079696,1.8278408519585023,0.2992162912110375,resnet32,0.3946,0.385,2.1292137315666135,1.8288783019577914,0.3003354273440147,resnet32,0.4311,0.4262,2.160139545459639,1.859136195176027,0.30100334605032747,resnet32,0.4394,0.4306,2.1282432671975005,1.8275090115652843,0.30073425791818986,resnet32,0.4134,0.4068,2.1185796909372914,1.8184688152237372,0.3001108741684055,resnet32,0.3758,0.3686,2.1219692987135867,1.8240880769762127,0.2978812243620103,resnet32,0.4232,0.4194,2.137627100402659,1.8367907279594378,0.30083637221039017,resnet32,0.4209,0.4072,2.108779423954812,1.8125032858753747,0.296276137910106,resnet32,0.4008,0.3988,2.124715818092227,1.8228245612911202,0.30189125766893005,9000000.0,5000.0,36010000.0,1692470000.0,20309640000.0
resnet32x12_cifar100_K12_mwmd2_seed0002_d011,d011,resnet32:12,cifar100,12,matched,mwmd2,peers,2,200,64,0.1,0.9,0.0005,True,0,60,0.1,1.0,2,,disagreement,1.0,1,0.0,0.5,weight,complete,0.0,0.0,42,0,45000,5000,10000,5640048,47,0.1,2,180.84,0.3893666666666667,0.0504033122809294,0.2686,0.4371,0.4739,0.0845333333333333,0.3837333333333333,0.4702,0.5439060606060608,0.5197380974134661,0.5431712121212121,0.525806970804969,0.3893666666666667,resnet32,0.4308,0.4204,2.122089156034318,1.8180679677223617,0.3040211884601211,resnet32,0.2686,0.2692,2.114281120964072,1.8152677748690953,0.29901334406300023,resnet32,0.4348,0.4272,2.1031498441641983,1.8039254515685819,0.29922439729456196,resnet32,0.3563,0.3586,2.1272504598918287,1.8241499770771374,0.3031004780522463,resnet32,0.4118,0.407,2.1305336622013287,1.829023566097021,0.3015101004645906,resnet32,0.4109,0.3966,2.1604971235448662,1.8573618935929104,0.30313522883013566,resnet32,0.3154,0.316,2.13324513879012,1.8320828486572613,0.30116229406981304,resnet32,0.3751,0.3644,2.119756142693487,1.8219829328696837,0.2977732111996209,resnet32,0.4319,0.4332,2.120305026796731,1.8235022171654485,0.2968028107319366,resnet32,0.3936,0.382,2.136640548367392,1.8338569658385082,0.30278358464552596,resnet32,0.4061,0.4046,2.1158665112135084,1.8136047822507946,0.30226173283616925,resnet32,0.4371,0.4256,2.1298653058369053,1.8259780415418474,0.30388726319440384,9000000.0,5000.0,36010000.0,1728480000.0,20741760000.0
resnet32x12_cifar100_K12_mwmd2_seed0002_d011,d011,resnet32:12,cifar100,12,matched,mwmd2,peers,2,200,64,0.1,0.9,0.0005,True,0,60,0.1,1.0,2,,disagreement,1.0,1,0.0,0.5,weight,complete,0.0,0.0,42,0,45000,5000,10000,5640048,48,0.1,2,180.67,0.4332666666666667,0.01212046020395082,0.409,0.4543,0.4999,0.06663333333333332,0.43048333333333333,0.4952,0.4781333333333332,0.5793620758454947,0.477659090909091,0.5839933918898232,0.4332666666666667,resnet32,0.4186,0.4124,2.1263090090995487,1.822773633694107,0.303535377479751,resnet32,0.4442,0.4394,2.1222220195288006,1.8231604339724237,0.2990615878000178,resnet32,0.4543,0.4482,2.1078405138105154,1.8039111042903229,0.3039294074247168,resnet32,0.4302,0.4276,2.1316303803839465,1.829596617851745,0.3020337664903226,resnet32,0.4319,0.4208,2.131466959010471,1.8296884643760594,0.3017784988253631,resnet32,0.4302,0.4312,2.1612452341412958,1.8563195533034476,0.3049256828063252,resnet32,0.4408,0.4378,2.1285258882086384,1.8283839059824294,0.3001419830940325,resnet32,0.409,0.4068,2.1176399527625605,1.8212789923629977,0.2963609635956924,resnet32,0.433,0.426,2.1245507687668908,1.8270500847561792,0.29750068113207817,resnet32,0.424,0.4238,2.14152843369679,1.8381467888301068,0.30338164734315465,resnet32,0.4485,0.4498,2.1101020107215103,1.8108120850202711,0.29928992521441117,resnet32,0.4345,0.442,2.1223068559034304,1.8195592120967128,0.3027476400814273,9000000.0,5000.0,36010000.0,1764490000.0,21173880000.0
resnet32x12_cifar100_K12_mwmd2_seed0002_d011,d011,resnet32:12,cifar100,12,matched,mwmd2,peers,2,200,64,0.1,0.9,0.0005,True,0,60,0.1,1.0,2,,disagreement,1.0,1,0.0,0.5,weight,complete,0.0,0.0,42,0,45000,5000,10000,5640048,49,0.1,2,180.79,0.3686916666666667,0.0179458193057758,0.334,0.3916,0.4195,0.05080833333333329,0.3710333333333333,0.4238,0.4650939393939393,0.6041509904585357,0.4663454545454545,0.6073703244758993,0.3686916666666667,resnet32,0.3686,0.3674,2.119452953846617,1.8177380721000107,0.3017148818736049,resnet32,0.3868,0.3972,2.1276647099717096,1.8310518115758896,0.2966129030735994,resnet32,0.334,0.3344,2.104235638610341,1.8092119282280856,0.2950237094932659,resnet32,0.3653,0.3652,2.128341552886096,1.8278941808437759,0.3004473736298017,resnet32,0.3749,0.3764,2.1376575614241036,1.836674323474819,0.30098324004476046,resnet32,0.3556,0.357,2.154056693342599,1.8583589920943433,0.2956977025605738,resnet32,0.3879,0.3906,2.1308433303440157,1.8351902557028965,0.2956530751067806,resnet32,0.3916,0.389,2.119609670882875,1.8211031012575736,0.2985065662810071,resnet32,0.3483,0.3566,2.130679179321636,1.8265480776740746,0.3041311006527394,resnet32,0.3795,0.383,2.147731126370755,1.8399354243143038,0.3077956989449872,resnet32,0.3842,0.3876,2.112236313013868,1.8169431318952278,0.2952931828331202,resnet32,0.3476,0.348,2.120968517932025,1.8270374585620381,0.29393105972981587,9000000.0,5000.0,36010000.0,1800500000.0,21606000000.0
resnet32x12_cifar100_K12_mwmd2_seed0002_d011,d011,resnet32:12,cifar100,12,matched,mwmd2,peers,2,200,64,0.1,0.9,0.0005,True,0,60,0.1,1.0,2,,disagreement,1.0,1,0.0,0.5,weight,complete,0.0,0.0,42,0,45000,5000,10000,5640048,50,0.1,2,180.68,0.4078166666666667,0.0428780408704606,0.2971,0.4599,0.4743,0.06648333333333328,0.3989166666666666,0.466,0.5137121212121212,0.5790367606842843,0.512490909090909,0.566738817612898,0.4078166666666667,resnet32,0.4599,0.4468,2.114999381825328,1.810422008857131,0.30457737478850916,resnet32,0.391,0.3854,2.1024007981812414,1.8088069580156694,0.29359383798543026,resnet32,0.448,0.4402,2.09406366199255,1.7947659892114727,0.2992976736489006,resnet32,0.2971,0.288,2.1225170828402042,1.8180473883720962,0.3044696960344233,resnet32,0.4368,0.4248,2.1259917108850046,1.8268981396474622,0.2990935723805292,resnet32,0.4208,0.4118,2.152158311822198,1.8495000578801741,0.3026582526720383,resnet32,0.3752,0.365,2.118898804045536,1.8214380028234287,0.2974608028095893,resnet32,0.407,0.3974,2.1042073651809585,1.807552087882703,0.29665527668442915,resnet32,0.3913,0.3958,2.111397297544913,1.8146486162123354,0.29674867881377315,resnet32,0.422,0.4134,2.1287329388274387,1.8251878370276906,0.30354510055092926,resnet32,0.4557,0.4436,2.1076778757639905,1.8113280209628018,0.29634985609234055,resnet32,0.389,0.3748,2.1162259461866184,1.819297125393694,0.2969288184857843,9000000.0,5000.0,36010000.0,1836510000.0,22038120000.0
resnet32x12_cifar100_K12_mwmd2_seed0002_d011,d011,resnet32:12,cifar100,12,matched,mwmd2,peers,2,200,64,0.1,0.9,0.0005,True,0,60,0.1,1.0,2,,disagreement,1.0,1,0.0,0.5,weight,complete,0.0,0.0,42,0,45000,5000,10000,5640048,51,0.1,2,180.5,0.4339833333333332,0.03356932710410237,0.3567,0.4693,0.5079,0.0739166666666668,0.4283166666666667,0.5022,0.4894303030303029,0.5597283910790409,0.4870924242424241,0.5641306527497189,0.4339833333333332,resnet32,0.4693,0.4646,2.1137982125986707,1.8122299411757425,0.3015682708726011,resnet32,0.4672,0.46,2.1052285143258898,1.802750220691616,0.30247829481959343,resnet32,0.4493,0.4336,2.09370451471345,1.7912050087682225,0.30249950397675013,resnet32,0.3567,0.3488,2.1202792675996367,1.8221747053956443,0.29810456243682315,resnet32,0.4323,0.4304,2.1203138415109026,1.8189869218251922,0.3013269175902348,resnet32,0.3762,0.378,2.1577494569461453,1.8518886803226038,0.3058607820844786,resnet32,0.428,0.4176,2.1159928444434297,1.815315423363989,0.3006774217990989,resnet32,0.44,0.426,2.1157821508293804,1.8182828588919207,0.29749928979965096,resnet32,0.4336,0.4378,2.1209171876649964,1.8195136876946145,0.301403501176868,resnet32,0.433,0.4276,2.124579076401212,1.8222774290903048,0.3023016471839087,resnet32,0.4674,0.4592,2.0972557064484465,1.798233281143687,0.29902242185463285,resnet32,0.4548,0.4562,2.10242475789379,1.8065401830456473,0.2958845746999776,9000000.0,5000.0,36010000.0,1872520000.0,22470240000.0
resnet32x12_cifar100_K12_mwmd2_seed0002_d011,d011,resnet32:12,cifar100,12,matched,mwmd2,peers,2,200,64,0.1,0.9,0.0005,True,0,60,0.1,1.0,2,,disagreement,1.0,1,0.0,0.5,weight,complete,0.0,0.0,42,0,45000,5000,10000,5640048,52,0.1,2,180.65,0.4490833333333333,0.019496274572908086,0.4228,0.4776,0.5266,0.07751666666666668,0.44216666666666665,0.5192,0.48551818181818207,0.5553058487462825,0.48760000000000014,0.5542642143622402,0.4490833333333333,resnet32,0.476,0.4712,2.116872562772848,1.8165074644440955,0.3003651031758636,resnet32,0.4228,0.426,2.1037073457105593,1.803773227401755,0.2999341180336408,resnet32,0.452,0.4406,2.0890479026870294,1.7905508149415255,0.2984970851208676,resnet32,0.4554,0.4518,2.1168505136262286,1.8158493934368545,0.301001122941009,resnet32,0.4712,0.4582,2.116985378109596,1.8163628420707854,0.3006225347476588,resnet32,0.4238,0.4266,2.1464973857456986,1.8438620628281073,0.30263532080094924,resnet32,0.4283,0.4164,2.1084374079311434,1.8105344672433354,0.29790294206362555,resnet32,0.4676,0.467,2.105321118100123,1.8088135648180137,0.2965075520756231,resnet32,0.4346,0.432,2.115803253752264,1.81205857494338,0.3037446808196943,resnet32,0.4392,0.4268,2.130030665715987,1.8262998778373003,0.30373078694736416,resnet32,0.4405,0.4282,2.105545875193043,1.8036879075860435,0.301857967924496,resnet32,0.4776,0.4612,2.1104430960999294,1.80910371650349,0.30133937925777654,9000000.0,5000.0,36010000.0,1908530000.0,22902360000.0
resnet32x12_cifar100_K12_mwmd2_seed0002_d011,d011,resnet32:12,cifar100,12,matched,mwmd2,peers,2,200,64,0.1,0.9,0.0005,True,0,60,0.1,1.0,2,,disagreement,1.0,1,0.0,0.5,weight,complete,0.0,0.0,42,0,45000,5000,10000,5640048,53,0.1,2,180.78,0.41185,0.030138914490516523,0.3419,0.4518,0.4823,0.07045000000000001,0.4058833333333334,0.4776,0.5102272727272729,0.5691157812482842,0.5109242424242424,0.5688430244120491,0.41185,resnet32,0.4403,0.427,2.1126254067163575,1.8122822340916505,0.3003431683914228,resnet32,0.4518,0.449,2.106736024164341,1.8090145708146421,0.2977214496032419,resnet32,0.4062,0.3846,2.0894082755866377,1.7900030025365679,0.299405270552432,resnet32,0.4066,0.4008,2.114604501223022,1.8147326699373396,0.2998718330001628,resnet32,0.4092,0.405,2.1190534076568754,1.817017948254943,0.3020354631907222,resnet32,0.3419,0.3332,2.150088495490226,1.8466974151405422,0.3033910774287175,resnet32,0.4146,0.405,2.1086229792034086,1.8124838332560929,0.2961391471326351,resnet32,0.4174,0.4136,2.1057228056544606,1.8115007071332498,0.29422209902920504,resnet32,0.4421,0.4366,2.1213271582329813,1.8156861720437354,0.3056409915655174,resnet32,0.3646,0.36,2.130513109774752,1.8283454713157632,0.3021676350511949,resnet32,0.418,0.4214,2.1093894690275192,1.8097013284198262,0.2996881427455016,resnet32,0.4295,0.4344,2.1105481878939,1.8090518372641369,0.3014963536353951,9000000.0,5000.0,36010000.0,1944540000.0,23334480000.0
resnet32x12_cifar100_K12_mwmd2_seed0002_d011,d011,resnet32:12,cifar100,12,matched,mwmd2,peers,2,200,64,0.1,0.9,0.0005,True,0,60,0.1,1.0,2,,disagreement,1.0,1,0.0,0.5,weight,complete,0.0,0.0,42,0,45000,5000,10000,5640048,54,0.1,2,180.73,0.41854166666666665,0.04746158900158691,0.3214,0.4706,0.4823,0.06375833333333336,0.41326666666666667,0.4806,0.49241515151515153,0.5580832670656477,0.49480303030303013,0.5672410665376005,0.41854166666666665,resnet32,0.3486,0.3482,2.115975008430806,1.8111091698096558,0.3048658372030001,resnet32,0.4459,0.443,2.0998811777681112,1.8027283405377106,0.29715283475392923,resnet32,0.401,0.3974,2.0919490358368917,1.791906190020117,0.3000428479969163,resnet32,0.3656,0.3556,2.1158147694712337,1.8128457025370814,0.30296906517733907,resnet32,0.4358,0.4296,2.1143818577243523,1.8133170978928155,0.3010647635568272,resnet32,0.46,0.4546,2.1468643696809355,1.843376731669361,0.30348763875239954,resnet32,0.413,0.4088,2.1188829996707765,1.8156433887779713,0.30323961279778316,resnet32,0.4471,0.4378,2.103129395707087,1.8028524111617694,0.3002769836774943,resnet32,0.4706,0.4716,2.1160037570040333,1.8118759781460871,0.30412777845578437,resnet32,0.3214,0.3142,2.1221134142780844,1.8164205309003592,0.30569288022392854,resnet32,0.47,0.4614,2.1049496859989385,1.8061093031005426,0.2988403834487227,resnet32,0.4435,0.437,2.109467028555545,1.8070482323792847,0.302418797573244,9000000.0,5000.0,36010000.0,1980550000.0,23766600000.0
resnet32x12_cifar100_K12_mwmd2_seed0002_d011,d011,resnet32:12,cifar100,12,matched,mwmd2,peers,2,200,64,0.1,0.9,0.0005,True,0,60,0.1,1.0,2,,disagreement,1.0,1,0.0,0.5,weight,complete,0.0,0.0,42,0,45000,5000,10000,5640048,55,0.1,2,180.87,0.3495249999999999,0.06208546696557363,0.2011,0.4325,0.4129,0.06337500000000007,0.3464833333333333,0.4088,0.5481060606060606,0.5462507930010768,0.5390742424242424,0.5621446473472473,0.3495249999999999,resnet32,0.3228,0.3166,2.098502029580149,1.7987564341588453,0.29974559423598374,resnet32,0.3027,0.3072,2.090729931369424,1.7944916109131142,0.29623831901699305,resnet32,0.3933,0.392,2.081157511100173,1.7851520775055343,0.29600543226115406,resnet32,0.2011,0.1922,2.1057696386494418,1.8048280631615357,0.3009415752974085,resnet32,0.3555,0.365,2.1147582949223844,1.8115152137523347,0.3032430824400349,resnet32,0.3859,0.3802,2.139780567958951,1.8344564937393775,0.3053240759128874,resnet32,0.3364,0.334,2.109441315247254,1.809056146917018,0.30038517036221246,resnet32,0.4162,0.4116,2.102972564710812,1.8002455376765945,0.3027270231607624,resnet32,0.4325,0.437,2.1093874251977964,1.8048358232798902,0.3045516004150903,resnet32,0.2845,0.2708,2.1202754733914677,1.8172046767378396,0.3030707955529744,resnet32,0.3707,0.3664,2.0960221585224974,1.7969499350610105,0.299072222255001,resnet32,0.3927,0.3848,2.1023230998014864,1.8050099711187861,0.29731313001618465,9000000.0,5000.0,36010000.0,2016560000.0,24198720000.0
resnet32x12_cifar100_K12_mwmd2_seed0002_d011,d011,resnet32:12,cifar100,12,matched,mwmd2,peers,2,200,64,0.1,0.9,0.0005,True,0,60,0.1,1.0,2,,disagreement,1.0,1,0.0,0.5,weight,complete,0.0,0.0,42,0,45000,5000,10000,5640048,56,0.1,2,180.8,0.4199416666666666,0.03802248147112734,0.3195,0.4657,0.493,0.07305833333333339,0.4140833333333333,0.4838,0.4974727272727271,0.5672162828071042,0.5009621212121211,0.5647705439683954,0.4199416666666666,resnet32,0.4359,0.4252,2.1006299043920906,1.7950443153015592,0.3055855912071737,resnet32,0.4513,0.4462,2.1014670341868293,1.7982646469026804,0.3032023894219575,resnet32,0.4078,0.4042,2.0843066644262183,1.7808607947081327,0.30344586800360546,resnet32,0.4381,0.4252,2.1104728659106926,1.8068311277099631,0.3036417404443703,resnet32,0.3997,0.392,2.1048342761668293,1.8054172987626358,0.2994169739117338,resnet32,0.4018,0.3988,2.138205115937374,1.834954430941831,0.3032506864348596,resnet32,0.453,0.441,2.115052217278968,1.810914307832718,0.3041379109067334,resnet32,0.4547,0.4482,2.09603536399928,1.7946849438277157,0.30135042078539054,resnet32,0.4088,0.41,2.1096979679370467,1.8011945337057114,0.3085034346334975,resnet32,0.3195,0.3138,2.1255341016433458,1.8154418094252998,0.3100922912020575,resnet32,0.403,0.402,2.097597725012086,1.7961605699224905,0.3014371487820013,resnet32,0.4657,0.4624,2.1092869414185937,1.8029218708926982,0.3063650698909028,9000000.0,5000.0,36010000.0,2052570000.0,24630840000.0
resnet32x12_cifar100_K12_mwmd2_seed0002_d011,d011,resnet32:12,cifar100,12,matched,mwmd2,peers,2,200,64,0.1,0.9,0.0005,True,0,60,0.1,1.0,2,,disagreement,1.0,1,0.0,0.5,weight,complete,0.0,0.0,42,0,45000,5000,10000,5640048,57,0.1,2,180.61,0.42585000000000006,0.018861755839087016,0.3889,0.4487,0.5145,0.0886499999999999,0.42335000000000006,0.5106,0.5187939393939394,0.5444254105053327,0.5205742424242428,0.5456677319422987,0.42585000000000006,resnet32,0.4487,0.4454,2.099356950176033,1.799080664799972,0.3002762864132158,resnet32,0.4262,0.4272,2.089503399689089,1.7938799184154381,0.29562348275530065,resnet32,0.4366,0.428,2.0924539357762444,1.7898240836167878,0.3026298484553329,resnet32,0.4282,0.428,2.113803871822628,1.807891260324554,0.30591261259872804,resnet32,0.4305,0.4252,2.113495001908053,1.807646208358082,0.30584879498928785,resnet32,0.3932,0.3934,2.1421480757946316,1.8372248135168443,0.30492326198145747,resnet32,0.4316,0.4208,2.109262378547679,1.8051324307241223,0.30412994632074103,resnet32,0.4057,0.4062,2.0979866817254913,1.7993295758285306,0.29865710612979124,resnet32,0.4481,0.4464,2.10448784110221,1.8061899136413226,0.2982979248574173,resnet32,0.3889,0.3996,2.1194422990083694,1.817102006890557,0.3023402912711555,resnet32,0.4396,0.428,2.098332155326551,1.7984893662347035,0.29984279216097837,resnet32,0.4329,0.432,2.105150968005711,1.8003037241710858,0.3048472418449819,9000000.0,5000.0,36010000.0,2088580000.0,25062960000.0
resnet32x12_cifar100_K12_mwmd2_seed0002_d011,d011,resnet32:12,cifar100,12,matched,mwmd2,peers,2,200,64,0.1,0.9,0.0005,True,0,60,0.1,1.0,2,,disagreement,1.0,1,0.0,0.5,weight,complete,0.0,0.0,42,0,45000,5000,10000,5640048,58,0.1,2,180.78,0.4326083333333333,0.02164868965754945,0.3743,0.4625,0.5018,0.0691916666666667,0.4272500000000001,0.4962,0.4831878787878787,0.5849522963539652,0.47842575757575745,0.5939209657000615,0.4326083333333333,resnet32,0.4261,0.418,2.107315007089214,1.8031745740974492,0.3041404332245954,resnet32,0.4377,0.4292,2.1014292641458185,1.805110016329722,0.2963192489167506,resnet32,0.4336,0.433,2.0946112302216617,1.7902235776524653,0.3043876497752287,resnet32,0.422,0.4114,2.115212042561986,1.8142525856806473,0.30095945857465267,resnet32,0.4387,0.4394,2.11987708221105,1.8141041181304238,0.30577296535061166,resnet32,0.4134,0.4124,2.1422684063965622,1.8357615902681241,0.30650681917640293,resnet32,0.4473,0.4378,2.1130133525214414,1.811680799180811,0.3013325543777848,resnet32,0.4396,0.4354,2.098239613696933,1.8014805135740475,0.29675909472544765,resnet32,0.4488,0.4388,2.104953209784898,1.8045471769503572,0.30040603528984566,resnet32,0.3743,0.3716,2.122212839397517,1.8166563537987797,0.305556487376717,resnet32,0.4473,0.4436,2.100851249796423,1.804503213444894,0.2963480332188986,resnet32,0.4625,0.4564,2.1036422560838135,1.8067618965763936,0.29688035732727835,9000000.0,5000.0,36010000.0,2124590000.0,25495080000.0
resnet32x12_cifar100_K12_mwmd2_seed0002_d011,d011,resnet32:12,cifar100,12,matched,mwmd2,peers,2,200,64,0.1,0.9,0.0005,True,0,60,0.1,1.0,2,,disagreement,1.0,1,0.0,0.5,weight,complete,0.0,0.0,42,0,45000,5000,10000,5640048,59,0.1,2,180.64,0.3724416666666667,0.039489966200992814,0.2846,0.4382,0.4391,0.06665833333333326,0.36913333333333337,0.4336,0.5192030303030304,0.5738601524461068,0.5213015151515151,0.5755860066588997,0.3724416666666667,resnet32,0.369,0.3684,2.1056394588879566,1.8046766419640996,0.3009628160771998,resnet32,0.3637,0.3632,2.103705009445548,1.8035076873546296,0.30019731616432016,resnet32,0.4099,0.4036,2.0932712842794983,1.7893999159674754,0.30387136490422895,resnet32,0.3665,0.3588,2.1100708097219467,1.8094949244775556,0.30057588164609944,resnet32,0.3285,0.3246,2.1180745654485444,1.8163213225250894,0.3017532380340113,resnet32,0.2846,0.2804,2.149465233764865,1.841730828989636,0.3077344042460688,resnet32,0.3867,0.3842,2.119286844676191,1.8152553793042898,0.30403146014379506,resnet32,0.4015,0.3984,2.0955519815060226,1.8021981294520877,0.2933538502759554,resnet32,0.3677,0.3696,2.1116740336133675,1.8064289819449186,0.3052450533405962,resnet32,0.4382,0.4336,2.1323542943732305,1.8263489990071817,0.3060052946463905,resnet32,0.409,0.3958,2.096215384419669,1.795935174788941,0.30028020726008847,resnet32,0.344,0.349,2.109792999245904,1.8053087087517434,0.3044842882928523,9000000.0,5000.0,36010000.0,2160600000.0,25927200000.0
resnet32x12_cifar100_K12_mwmd2_seed0002_d011,d011,resnet32:12,cifar100,12,matched,mwmd2,peers,2,200,64,0.1,0.9,0.0005,True,0,60,0.1,1.0,2,,disagreement,1.0,1,0.0,0.5,weight,complete,0.0,0.0,42,0,45000,5000,10000,5640048,60,0.010000000000000002,2,180.74,0.6224583333333334,0.003317242412339231,0.6179,0.6307,0.6429,0.02044166666666658,0.6174166666666667,0.6406,0.2169212121212121,0.7511684885957829,0.22147272727272727,0.7514024951591094,0.6224583333333334,resnet32,0.6244,0.6186,1.5669989407231861,1.3993607740849257,0.16763816504019566,resnet32,0.6195,0.6212,1.5562265777791089,1.392136180858043,0.1640903940424323,resnet32,0.6307,0.6136,1.5425926231863825,1.3787736604836853,0.1638189634752714,resnet32,0.621,0.6176,1.5629602678289467,1.3964794493195685,0.16648082037202336,resnet32,0.6211,0.6104,1.5697546342218465,1.4047143916514786,0.1650402442742647,resnet32,0.6179,0.6096,1.6084172681651332,1.4364448045803742,0.1719724629920992,resnet32,0.6209,0.6192,1.5731097496199338,1.4064816434613683,0.16662810458166694,resnet32,0.6251,0.6186,1.5546256922693416,1.3885777536779642,0.16604793908878823,resnet32,0.6211,0.618,1.5574792946096172,1.3911765453998337,0.16630274917803367,resnet32,0.6195,0.617,1.586983389983123,1.413717382672158,0.17326600548006932,resnet32,0.6249,0.622,1.568751251663674,1.401459463702684,0.1672917889134789,resnet32,0.6234,0.6232,1.557663424279202,1.389911343597553,0.16775208270304243,9000000.0,5000.0,36010000.0,2196610000.0,26359320000.0
resnet32x12_cifar100_K12_mwmd2_seed0002_d011,d011,resnet32:12,cifar100,12,matched,mwmd2,peers,2,200,64,0.1,0.9,0.0005,True,0,60,0.1,1.0,2,,disagreement,1.0,1,0.0,0.5,weight,complete,0.0,0.0,42,0,45000,5000,10000,5640048,61,0.010000000000000002,2,180.88,0.632,0.0033650160970392366,0.6267,0.6385,0.6527,0.02069999999999994,0.6279499999999999,0.6478,0.21480909090909095,0.7510516777758474,0.21812575757575756,0.7486303984786316,0.632,resnet32,0.6341,0.6314,1.4170013464648614,1.251659020273523,0.1653423267522488,resnet32,0.6277,0.629,1.4147862997752698,1.2493671108545228,0.16541918889958074,resnet32,0.6385,0.6316,1.3979797155850313,1.2357103354720906,0.16226937868420713,resnet32,0.6345,0.6306,1.4268375986509703,1.2564122333106669,0.1704253626839173,resnet32,0.632,0.627,1.4277847688645124,1.2598106693476439,0.16797410118901593,resnet32,0.6278,0.623,1.4590746938166292,1.2909238984469662,0.16815079492516816,resnet32,0.631,0.6268,1.4349770904941992,1.2647866586392575,0.1701904305849563,resnet32,0.6267,0.6284,1.4170310026542707,1.253653866238892,0.16337713739961723,resnet32,0.6362,0.6246,1.4202921817248517,1.2544371417130937,0.16585503968367862,resnet32,0.6319,0.6248,1.445189750753343,1.2752520527521318,0.16993769984269005,resnet32,0.6319,0.6264,1.4110599216073751,1.2524829908189448,0.158576930322769,resnet32,0.6317,0.6318,1.4135993576862595,1.2515499321743846,0.16204942846459083,9000000.0,5000.0,36010000.0,2232620000.0,26791440000.0
resnet32x12_cifar100_K12_mwmd2_seed0002_d011,d011,resnet32:12,cifar100,12,matched,mwmd2,peers,2,200,64,0.1,0.9,0.0005,True,0,60,0.1,1.0,2,,disagreement,1.0,1,0.0,0.5,weight,complete,0.0,0.0,42,0,45000,5000,10000,5640048,62,0.010000000000000002,2,180.64,0.6301416666666667,0.003895180426572786,0.6243,0.6369,0.6498,0.019658333333333333,0.6260166666666666,0.6514,0.22379999999999994,0.7399223641933477,0.2237878787878788,0.7393286415276058,0.6301416666666667,resnet32,0.6264,0.62,1.3795651505616577,1.2011327509006315,0.17843239836987446,resnet32,0.6314,0.6338,1.3637625786729834,1.1962507023391398,0.16751187639734286,resnet32,0.6369,0.634,1.3511449726806446,1.1832741958681832,0.16787077600813724,resnet32,0.6299,0.6288,1.374185454185036,1.2027614362199197,0.17142401757353748,resnet32,0.6315,0.628,1.3854078636928038,1.2105105145919053,0.17489734940781174,resnet32,0.6243,0.6188,1.4134780994870446,1.239375588822771,0.17410251255866818,resnet32,0.6265,0.6244,1.3789492225782438,1.2091649888422003,0.16978423279413785,resnet32,0.6284,0.6192,1.369819880463183,1.2003135106272318,0.1695063685871322,resnet32,0.6347,0.6282,1.3666472974317996,1.1999531795524738,0.16669411792165853,resnet32,0.6264,0.6212,1.3951408990912817,1.2179902063852006,0.17715069179592485,resnet32,0.6359,0.6238,1.370761254040355,1.2005913017148322,0.17016995005013252,resnet32,0.6294,0.632,1.3651161254806952,1.1968378668481654,0.16827825872777877,9000000.0,5000.0,36010000.0,2268630000.0,27223560000.0
resnet32x12_cifar100_K12_mwmd2_seed0002_d011,d011,resnet32:12,cifar100,12,matched,mwmd2,peers,2,200,64,0.1,0.9,0.0005,True,0,60,0.1,1.0,2,,disagreement,1.0,1,0.0,0.5,weight,complete,0.0,0.0,42,0,45000,5000,10000,5640048,63,0.010000000000000002,2,180.58,0.6414083333333332,0.004069287065595407,0.6326,0.6463,0.6669,0.0254916666666668,0.6376499999999999,0.66,0.2214878787878788,0.734454294191747,0.22355151515151508,0.733642100854463,0.6414083333333332,resnet32,0.6411,0.6372,1.3435137287120928,1.1680745092135938,0.17543921819676392,resnet32,0.6366,0.6432,1.3409840272400866,1.1652814786542545,0.17570254765450954,resnet32,0.6463,0.6416,1.3238708214326338,1.1516389703716745,0.1722318532411009,resnet32,0.6432,0.642,1.355895763601769,1.1734942255372351,0.18240154090083457,resnet32,0.6361,0.6302,1.35918143552474,1.1788593523034996,0.1803220840043981,resnet32,0.6326,0.6282,1.3917644966224378,1.2105274208906023,0.1812370777426457,resnet32,0.642,0.64,1.3576537065885284,1.1798529317602515,0.17780077579134906,resnet32,0.6411,0.6386,1.3400302575054495,1.1676041961393573,0.17242606247732925,resnet32,0.6435,0.6366,1.3398561844263563,1.168276965787465,0.1715792206285352,resnet32,0.6437,0.6328,1.3630129451948134,1.1852029068395495,0.17781003821768204,resnet32,0.6445,0.6368,1.3410607109862296,1.1682952019301327,0.17276550963817333,resnet32,0.6462,0.6446,1.3391531451859258,1.167399620552632,0.17175352448512884,9000000.0,5000.0,36010000.0,2304640000.0,27655680000.0
resnet32x12_cifar100_K12_mwmd2_seed0002_d011,d011,resnet32:12,cifar100,12,matched,mwmd2,peers,2,200,64,0.1,0.9,0.0005,True,0,60,0.1,1.0,2,,disagreement,1.0,1,0.0,0.5,weight,complete,0.0,0.0,42,0,45000,5000,10000,5640048,64,0.010000000000000002,2,180.6,0.6372083333333334,0.0045430273191146495,0.6299,0.6455,0.665,0.02779166666666666,0.6307166666666667,0.6578,0.2344393939393939,0.7223032146681094,0.2323606060606061,0.7249784330715763,0.6372083333333334,resnet32,0.6424,0.6326,1.3277327112684196,1.1433371093801477,0.18439560161310842,resnet32,0.6403,0.6312,1.320792063393376,1.140850675292313,0.17994138740257107,resnet32,0.6455,0.6444,1.320072782987898,1.1321438805792818,0.1879289018265395,resnet32,0.6319,0.63,1.3368204240263863,1.151289245198396,0.18553117916665293,resnet32,0.6361,0.63,1.3343070712448521,1.1525934214957736,0.18171365040523763,resnet32,0.6318,0.6206,1.3708956097675995,1.1838037100705234,0.18709189834242518,resnet32,0.6337,0.6272,1.3383101675320754,1.1549840923398733,0.18332607481120664,resnet32,0.637,0.6268,1.329718454317613,1.1464887438341975,0.18322971073741262,resnet32,0.6384,0.626,1.334966811097481,1.1461596055464311,0.18880720621779223,resnet32,0.6299,0.6272,1.3478055703877048,1.1585460781035097,0.18925949181853371,resnet32,0.6411,0.637,1.3270115017552266,1.145766393112188,0.18124510962727733,resnet32,0.6384,0.6356,1.3342110636559399,1.1462677634236487,0.18794330169277434,9000000.0,5000.0,36010000.0,2340650000.0,28087800000.0
resnet32x12_cifar100_K12_mwmd2_seed0002_d011,d011,resnet32:12,cifar100,12,matched,mwmd2,peers,2,200,64,0.1,0.9,0.0005,True,0,60,0.1,1.0,2,,disagreement,1.0,1,0.0,0.5,weight,complete,0.0,0.0,42,0,45000,5000,10000,5640048,65,0.010000000000000002,2,180.9,0.6364333333333334,0.004694737006005282,0.6268,0.6445,0.6674,0.030966666666666587,0.6314833333333333,0.664,0.23491212121212124,0.7216581045905079,0.24029696969696968,0.7166697982755903,0.6364333333333334,resnet32,0.6387,0.6338,1.3163879727098076,1.128142219206149,0.18824575415981765,resnet32,0.6375,0.6376,1.3162297227165916,1.1236757131462747,0.1925540100994774,resnet32,0.6445,0.6378,1.2982895582575689,1.1104467401111668,0.1878428176807409,resnet32,0.6338,0.6386,1.3237955845384435,1.134441138583828,0.18935444571120155,resnet32,0.6311,0.6308,1.3204342933710327,1.1323328958824277,0.1881013953931291,resnet32,0.6348,0.625,1.3582523074001074,1.1665704214776105,0.19168188630349256,resnet32,0.6376,0.6338,1.3258755390786312,1.1338581946593793,0.19201734448275107,resnet32,0.6356,0.6316,1.3174903901632538,1.1302064373581246,0.18728395674208348,resnet32,0.642,0.637,1.3199948629533702,1.129994889297946,0.18999997384592213,resnet32,0.6268,0.6156,1.3332135419107296,1.1442416166378693,0.18897192470136692,resnet32,0.6411,0.624,1.3130174349485473,1.1280179347165606,0.18499949957582762,resnet32,0.6337,0.6322,1.3148080622777343,1.1270397091284394,0.18776835518127138,9000000.0,5000.0,36010000.0,2376660000.0,28519920000.0
resnet32x12_cifar100_K12_mwmd2_seed0002_d011,d011,resnet32:12,cifar100,12,matched,mwmd2,peers,2,200,64,0.1,0.9,0.0005,True,0,60,0.1,1.0,2,,disagreement,1.0,1,0.0,0.5,weight,complete,0.0,0.0,42,0,45000,5000,10000,5640048,66,0.010000000000000002,2,180.83,0.6446583333333333,0.004447182316428633,0.6378,0.6514,0.6766,0.031941666666666646,0.6417666666666667,0.67,0.2308424242424242,0.7209789622818779,0.23811212121212125,0.7118442226065949,0.6446583333333333,resnet32,0.6457,0.6436,1.303407027894123,1.1084617477079683,0.19494528075764803,resnet32,0.6453,0.6462,1.3060177512974902,1.1084733100777322,0.19754444050009956,resnet32,0.6514,0.646,1.2870369391854515,1.0925313002345236,0.19450564235872167,resnet32,0.6479,0.6492,1.3119896848432042,1.1146073586053469,0.19738232551819898,resnet32,0.642,0.64,1.3107392658394845,1.1136335610327395,0.19710570440458303,resnet32,0.6384,0.6296,1.3418236959048293,1.1465511045164682,0.19527259217151863,resnet32,0.6378,0.6296,1.312078140845353,1.1154166273772717,0.19666151469573379,resnet32,0.6469,0.6416,1.3023303469473666,1.1077405792576345,0.19458976938304576,resnet32,0.6449,0.643,1.3017792540856383,1.1082037975164978,0.1935754564844749,resnet32,0.638,0.6336,1.3176995526829904,1.121760387396948,0.19593916621736504,resnet32,0.65,0.6478,1.3065158008513125,1.110550620508465,0.1959651800041849,resnet32,0.6476,0.651,1.2986035313965245,1.1093133450062438,0.18929018772376532,9000000.0,5000.0,36010000.0,2412670000.0,28952040000.0
resnet32x12_cifar100_K12_mwmd2_seed0002_d011,d011,resnet32:12,cifar100,12,matched,mwmd2,peers,2,200,64,0.1,0.9,0.0005,True,0,60,0.1,1.0,2,,disagreement,1.0,1,0.0,0.5,weight,complete,0.0,0.0,42,0,45000,5000,10000,5640048,67,0.010000000000000002,2,180.6,0.6405166666666667,0.005833928541062386,0.6273,0.6504,0.6742,0.03368333333333329,0.6364,0.6684,0.243030303030303,0.7068369112284317,0.2489727272727274,0.7024960119350573,0.6405166666666667,resnet32,0.647,0.6422,1.2989704109389673,1.0976595235988498,0.20131088681095702,resnet32,0.6437,0.6416,1.3002499338578095,1.0992961114441806,0.2009538197043267,resnet32,0.6504,0.6384,1.284343920902095,1.0858855449848555,0.19845837701789357,resnet32,0.6389,0.631,1.307188532230529,1.1062408318235115,0.20094769994135608,resnet32,0.6273,0.6256,1.3052568971602754,1.1046948925676672,0.2005620049524375,resnet32,0.6422,0.6302,1.3437157932838255,1.1389442228458144,0.20477157105183738,resnet32,0.6367,0.6378,1.3080861952833154,1.1073452785441822,0.2007409179032865,resnet32,0.64,0.6434,1.2962363895706155,1.0988720560615712,0.1973643340805376,resnet32,0.6359,0.634,1.3091752119362354,1.1036655675111846,0.20550964563153684,resnet32,0.6363,0.6266,1.3180246589366684,1.1141908997669816,0.20383375660854985,resnet32,0.643,0.641,1.2987088168209249,1.095837054520168,0.20287176402582024,resnet32,0.6448,0.645,1.2945813255553895,1.098785993135111,0.19579533136195756,9000000.0,5000.0,36010000.0,2448680000.0,29384160000.0
resnet32x12_cifar100_K12_mwmd2_seed0002_d011,d011,resnet32:12,cifar100,12,matched,mwmd2,peers,2,200,64,0.1,0.9,0.0005,True,0,60,0.1,1.0,2,,disagreement,1.0,1,0.0,0.5,weight,complete,0.0,0.0,42,0,45000,5000,10000,5640048,68,0.010000000000000002,2,180.62,0.6453333333333333,0.004350542750303951,0.6384,0.6534,0.6825,0.03716666666666668,0.6423333333333333,0.6764,0.243760606060606,0.7041807246664686,0.24980909090909087,0.693673777772079,0.6453333333333333,resnet32,0.6478,0.6422,1.2966394332152875,1.0891473450782625,0.20749208686703985,resnet32,0.6416,0.6412,1.2869806693528185,1.0853664665482938,0.2016142053021626,resnet32,0.6496,0.65,1.2844570825215091,1.0756987657567316,0.20875831896608527,resnet32,0.6384,0.641,1.3033705234358257,1.0952822697264226,0.20808825667270206,resnet32,0.6417,0.6466,1.3100867936048994,1.0972036549990827,0.21288313785440882,resnet32,0.6413,0.6374,1.3391786708750508,1.1254613113335588,0.21371735882183368,resnet32,0.6462,0.6418,1.300828686915338,1.0950503201139243,0.20577836739407343,resnet32,0.649,0.6484,1.298592296767641,1.0905150576409968,0.20807724008971656,resnet32,0.6474,0.6384,1.301503461616283,1.0918623556975613,0.20964110892435367,resnet32,0.6404,0.6376,1.3132744319736958,1.1049966277046637,0.2082778028085489,resnet32,0.6534,0.6388,1.2907621408389374,1.0864643277600408,0.20429781147024847,resnet32,0.6472,0.6446,1.2927797263996168,1.0845738214186647,0.20820590611335568,9000000.0,5000.0,36010000.0,2484690000.0,29816280000.0
resnet32x12_cifar100_K12_mwmd2_seed0002_d011,d011,resnet32:12,cifar100,12,matched,mwmd2,peers,2,200,64,0.1,0.9,0.0005,True,0,60,0.1,1.0,2,,disagreement,1.0,1,0.0,0.5,weight,complete,0.0,0.0,42,0,45000,5000,10000,5640048,69,0.010000000000000002,2,180.79,0.6398416666666668,0.005644238704693087,0.6302,0.6527,0.6786,0.03875833333333323,0.6356666666666665,0.6718,0.2563424242424243,0.6898200407829896,0.258480303030303,0.6905126529912518,0.6398416666666668,resnet32,0.6411,0.6308,1.2933861628513446,1.083580518649383,0.20980564462528986,resnet32,0.6386,0.6318,1.2937079066918655,1.079250554384833,0.21445735484700312,resnet32,0.6393,0.6432,1.2815833039243112,1.0707645715976304,0.2108187327500094,resnet32,0.6353,0.637,1.3037582052532921,1.089326155964624,0.21443204981782896,resnet32,0.6439,0.6416,1.3022049299695275,1.087110880677673,0.2150940502020107,resnet32,0.6377,0.6314,1.3396237689832395,1.123020250350237,0.21660351774401285,resnet32,0.641,0.6342,1.3062157169492408,1.088552076623521,0.2176636411300437,resnet32,0.6436,0.6356,1.2946747400035912,1.0852422141893343,0.20943252204663373,resnet32,0.6302,0.632,1.2985849779268557,1.0847222959114746,0.2138626828197051,resnet32,0.6323,0.6228,1.31655639113689,1.0986915971575812,0.21786479393697597,resnet32,0.6527,0.6464,1.2938371840017764,1.0840797873044556,0.20975739563899962,resnet32,0.6424,0.6412,1.2931333977559751,1.0815800636668096,0.21155333480882374,9000000.0,5000.0,36010000.0,2520700000.0,30248400000.0
resnet32x12_cifar100_K12_mwmd2_seed0002_d011,d011,resnet32:12,cifar100,12,matched,mwmd2,peers,2,200,64,0.1,0.9,0.0005,True,0,60,0.1,1.0,2,,disagreement,1.0,1,0.0,0.5,weight,complete,0.0,0.0,42,0,45000,5000,10000,5640048,70,0.010000000000000002,2,180.59,0.6460666666666667,0.007315888341289953,0.6321,0.658,0.6833,0.03723333333333334,0.6439666666666667,0.6798,0.2539424242424243,0.6892547376375577,0.2556030303030303,0.6854180716119966,0.6460666666666667,resnet32,0.658,0.6544,1.2991797284815798,1.0761449964378367,0.2230347323824059,resnet32,0.6499,0.6428,1.2853021506558766,1.070431631989777,0.21487051892009648,resnet32,0.651,0.652,1.27567410138859,1.0622388130392542,0.2134352895346555,resnet32,0.6455,0.6426,1.3041924869810992,1.0851621688766913,0.2190303183795715,resnet32,0.6535,0.6512,1.294121466323056,1.077858752655712,0.21626271339218048,resnet32,0.6358,0.6468,1.3372084813361818,1.1106438841670752,0.22656460116956045,resnet32,0.6381,0.6372,1.3015534680506045,1.0815377933904529,0.22001567214134743,resnet32,0.6468,0.6396,1.2889306050809948,1.0728410208936443,0.21608958511867307,resnet32,0.6495,0.6426,1.2971556910567663,1.0780499597842044,0.21910572979091245,resnet32,0.6321,0.6296,1.3205744510685855,1.0959675522859802,0.2246068985286084,resnet32,0.6501,0.6452,1.2905652804130858,1.0716621072285555,0.2189031750048426,resnet32,0.6425,0.6436,1.297629739581184,1.0808682222427293,0.21676151479848407,9000000.0,5000.0,36010000.0,2556710000.0,30680520000.0
resnet32x12_cifar100_K12_mwmd2_seed0002_d011,d011,resnet32:12,cifar100,12,matched,mwmd2,peers,2,200,64,0.1,0.9,0.0005,True,0,60,0.1,1.0,2,,disagreement,1.0,1,0.0,0.5,weight,complete,0.0,0.0,42,0,45000,5000,10000,5640048,71,0.010000000000000002,2,180.75,0.6363666666666666,0.0069694970327053695,0.6242,0.646,0.6747,0.03833333333333333,0.6338333333333334,0.6694,0.26343939393939403,0.6882552503370689,0.26440454545454545,0.681541531611068,0.6363666666666666,resnet32,0.6459,0.6444,1.2976406173441897,1.0733100283382968,0.2243305898313834,resnet32,0.6387,0.6384,1.282616551203484,1.063921789384701,0.2186947610144588,resnet32,0.6414,0.6434,1.2722906930033455,1.0543809257109056,0.21790976748293775,resnet32,0.6331,0.6392,1.3023546792736107,1.075612865473059,0.22674181396988305,resnet32,0.6361,0.6396,1.3062050469558348,1.0775058947672898,0.22869915096089244,resnet32,0.6242,0.622,1.3328397180885077,1.106396153653887,0.22644356568343937,resnet32,0.6266,0.6188,1.2968926671892405,1.0749104804444043,0.22198218515735457,resnet32,0.6303,0.6232,1.2919993502172558,1.072244150140746,0.21975520024584097,resnet32,0.6426,0.6408,1.2995795293457129,1.0762859396636486,0.22329358927990225,resnet32,0.6314,0.623,1.3161175489764323,1.0873399334536358,0.22877761522646656,resnet32,0.646,0.6344,1.292562001046132,1.067922149530866,0.22463985193859448,resnet32,0.6401,0.6388,1.2939223985780368,1.0708036804571748,0.22311871708370745,9000000.0,5000.0,36010000.0,2592720000.0,31112640000.0
resnet32x12_cifar100_K12_mwmd2_seed0002_d011,d011,resnet32:12,cifar100,12,matched,mwmd2,peers,2,200,64,0.1,0.9,0.0005,True,0,60,0.1,1.0,2,,disagreement,1.0,1,0.0,0.5,weight,complete,0.0,0.0,42,0,45000,5000,10000,5640048,72,0.010000000000000002,2,180.66,0.6197333333333334,0.00923474718417108,0.6032,0.6338,0.6618,0.0420666666666667,0.6138500000000001,0.654,0.28276363636363633,0.6801339979825769,0.2826424242424243,0.6746631516933677,0.6197333333333334,resnet32,0.6119,0.6106,1.295099682682617,1.066912592558021,0.2281870876904577,resnet32,0.6258,0.6118,1.291894362816079,1.06094290883365,0.23095145694572816,resnet32,0.6322,0.6276,1.2780891736461357,1.0522043671966954,0.2258848081639206,resnet32,0.6221,0.6256,1.303111519071866,1.072693762623451,0.2304177566600794,resnet32,0.6338,0.622,1.3027054016393693,1.0723740628666498,0.2303313392807137,resnet32,0.6032,0.5874,1.337797150015831,1.106159093874422,0.23163805408826607,resnet32,0.6217,0.6176,1.300976143726571,1.071830608628013,0.22914553590288217,resnet32,0.6262,0.618,1.2890169430862775,1.066977148621597,0.22203979321586137,resnet32,0.6132,0.6062,1.301338430240073,1.0708908299830826,0.23044759900817138,resnet32,0.6055,0.6002,1.3138047902082854,1.0820642113685608,0.23174057784490287,resnet32,0.6211,0.6222,1.2910071787509052,1.0635889252986421,0.2274182512509552,resnet32,0.6201,0.617,1.2911625503647057,1.06435807117007,0.22680447959679773,9000000.0,5000.0,36010000.0,2628730000.0,31544760000.0
resnet32x12_cifar100_K12_mwmd2_seed0002_d011,d011,resnet32:12,cifar100,12,matched,mwmd2,peers,2,200,64,0.1,0.9,0.0005,True,0,60,0.1,1.0,2,,disagreement,1.0,1,0.0,0.5,weight,complete,0.0,0.0,42,0,45000,5000,10000,5640048,73,0.010000000000000002,2,180.92,0.6386583333333332,0.004653754458021558,0.629,0.6449,0.6803,0.0416416666666668,0.6355,0.6778,0.26718484848484847,0.6728643346585674,0.2680469696969696,0.6757080706038701,0.6386583333333332,resnet32,0.6449,0.643,1.293876930393956,1.0600199444558134,0.2338569853243164,resnet32,0.6429,0.64,1.2868616858666593,1.055885120040991,0.23097656802697616,resnet32,0.6438,0.6392,1.2725927254862406,1.0383732590655035,0.23421946421942927,resnet32,0.6392,0.6368,1.2990151318636807,1.0629696322774345,0.23604549931108273,resnet32,0.6424,0.6424,1.3025133652104572,1.0653049935671417,0.23720837054266172,resnet32,0.6316,0.624,1.3323862999677658,1.0944260399449954,0.2379602607000958,resnet32,0.6349,0.6288,1.3044437613676896,1.070589704185047,0.23385405860079284,resnet32,0.6392,0.6388,1.2925273361192509,1.0618375667624853,0.23068976753645323,resnet32,0.6395,0.629,1.2981556459245356,1.0643327744169668,0.23382287106307392,resnet32,0.629,0.6272,1.312497884966433,1.0754063214090737,0.23709156463684683,resnet32,0.6369,0.6322,1.2914492085745388,1.0597840818491848,0.23166512589986352,resnet32,0.6396,0.6446,1.293333305384625,1.0620570595122196,0.23127624599940397,9000000.0,5000.0,36010000.0,2664740000.0,31976880000.0
resnet32x12_cifar100_K12_mwmd2_seed0002_d011,d011,resnet32:12,cifar100,12,matched,mwmd2,peers,2,200,64,0.1,0.9,0.0005,True,0,60,0.1,1.0,2,,disagreement,1.0,1,0.0,0.5,weight,complete,0.0,0.0,42,0,45000,5000,10000,5640048,74,0.010000000000000002,2,180.76,0.6280083333333333,0.009057267646604144,0.6162,0.6434,0.667,0.03899166666666676,0.6242666666666666,0.6666,0.28053939393939387,0.6694185841983928,0.2802803030303032,0.670733163980718,0.6280083333333333,resnet32,0.6434,0.641,1.288067328912968,1.053419790569354,0.23464753933843563,resnet32,0.6169,0.6192,1.2916202986274252,1.0511602530763908,0.2404600433073938,resnet32,0.6434,0.6424,1.2718197852373123,1.0366900711405007,0.23512971405447883,resnet32,0.6233,0.6204,1.297596749172292,1.0617999103428288,0.23579683950678867,resnet32,0.6215,0.62,1.29843195900321,1.0629842345687477,0.23544772348197346,resnet32,0.6162,0.6156,1.3246132483367214,1.0882893699136647,0.23632387918504802,resnet32,0.6284,0.6146,1.2928469381718473,1.0619229409335689,0.2309239967726171,resnet32,0.628,0.6218,1.2863099610602313,1.0526123508303002,0.23369761111892082,resnet32,0.6174,0.6112,1.2991195547140457,1.0595386705615304,0.23958088125271554,resnet32,0.635,0.6288,1.3056912441653283,1.0687944195656613,0.23689682299101894,resnet32,0.6313,0.6212,1.292963345365768,1.0553566431626678,0.23760670395991343,resnet32,0.6313,0.635,1.2911333814263344,1.0555918858471243,0.23554149401289495,9000000.0,5000.0,36010000.0,2700750000.0,32409000000.0
resnet32x12_cifar100_K12_mwmd2_seed0002_d011,d011,resnet32:12,cifar100,12,matched,mwmd2,peers,2,200,64,0.1,0.9,0.0005,True,0,60,0.1,1.0,2,,disagreement,1.0,1,0.0,0.5,weight,complete,0.0,0.0,42,0,45000,5000,10000,5640048,75,0.010000000000000002,2,180.65,0.6358333333333334,0.006554938765711109,0.6237,0.6458,0.6775,0.04166666666666663,0.6321666666666667,0.6718,0.26795454545454556,0.6709680060002626,0.2687227272727272,0.6781958056363628,0.6358333333333334,resnet32,0.6355,0.634,1.3031643126159906,1.0622858814048497,0.24087843218479643,resnet32,0.637,0.6328,1.2966773432933472,1.0589881103316492,0.237689232961698,resnet32,0.6386,0.6318,1.2835510212250731,1.0422471634704957,0.2413038598712195,resnet32,0.6335,0.6332,1.3101711119101807,1.065690236589448,0.24448087663305076,resnet32,0.626,0.6236,1.3085592781108888,1.063937794925137,0.24462148441340437,resnet32,0.6237,0.6198,1.3290780267085542,1.0870324652642012,0.24204556171951647,resnet32,0.6308,0.6268,1.3061308649114587,1.0657478806308724,0.24038298432291907,resnet32,0.6458,0.639,1.3011112775314937,1.0601116721941666,0.24099960548549212,resnet32,0.6429,0.6366,1.3015556719831445,1.060695381327109,0.24086029027504,resnet32,0.6333,0.6334,1.3173589438877322,1.0738435929471797,0.24351535108871758,resnet32,0.644,0.6408,1.2967878661372445,1.0604578134688465,0.23633005245673386,resnet32,0.6389,0.6342,1.3026328105479479,1.0570359063250097,0.2455969059162519,9000000.0,5000.0,36010000.0,2736760000.0,32841120000.0
resnet32x12_cifar100_K12_mwmd2_seed0002_d011,d011,resnet32:12,cifar100,12,matched,mwmd2,peers,2,200,64,0.1,0.9,0.0005,True,0,60,0.1,1.0,2,,disagreement,1.0,1,0.0,0.5,weight,complete,0.0,0.0,42,0,45000,5000,10000,5640048,76,0.010000000000000002,2,180.7,0.6387916666666668,0.009518093150532954,0.608,0.6442,0.6803,0.04150833333333326,0.6351666666666667,0.6758,0.2689484848484847,0.6723924230833077,0.27121666666666666,0.6717148682123237,0.6387916666666668,resnet32,0.6442,0.6432,1.2979387668892741,1.0514473562044175,0.24649141024036164,resnet32,0.6402,0.6396,1.2823602091521025,1.0417234676636078,0.24063674047250638,resnet32,0.6442,0.6374,1.275195779109543,1.0308130690827966,0.24438271212222223,resnet32,0.6423,0.6396,1.3046880084174601,1.0564827654002742,0.24820524248802525,resnet32,0.6438,0.6434,1.299378177659078,1.0555359584872017,0.24384222086519003,resnet32,0.608,0.6082,1.325589209287004,1.0809486142613671,0.24464059521613474,resnet32,0.6372,0.6298,1.3021843323314732,1.0539039682427591,0.24828036478720605,resnet32,0.6421,0.6308,1.2951023337346586,1.05112578000196,0.24397655347870154,resnet32,0.6417,0.6384,1.2971835889938204,1.051893406801603,0.24529018259437924,resnet32,0.6403,0.639,1.3053429641506888,1.0630343343046578,0.24230862984603102,resnet32,0.6429,0.6312,1.2892383996566588,1.0502230329439044,0.23901536599309606,resnet32,0.6386,0.6414,1.29627467895096,1.0477552268315444,0.24851945023560387,9000000.0,5000.0,36010000.0,2772770000.0,33273240000.0
resnet32x12_cifar100_K12_mwmd2_seed0002_d011,d011,resnet32:12,cifar100,12,matched,mwmd2,peers,2,200,64,0.1,0.9,0.0005,True,0,60,0.1,1.0,2,,disagreement,1.0,1,0.0,0.5,weight,complete,0.0,0.0,42,0,45000,5000,10000,5640048,77,0.010000000000000002,2,180.93,0.6399500000000001,0.00597724853088776,0.6279,0.6504,0.6834,0.04344999999999988,0.6349833333333333,0.6798,0.27286969696969704,0.6712691123148435,0.2720242424242424,0.6653576865512306,0.6399500000000001,resnet32,0.6415,0.6416,1.3015796045180072,1.0511145098981531,0.2504650927995416,resnet32,0.6395,0.6342,1.2854302605106072,1.0430767656388609,0.24235349385575813,resnet32,0.6504,0.642,1.2749496380036527,1.0309186273847113,0.24403101180426098,resnet32,0.6413,0.6404,1.2981543993916025,1.0517497077076272,0.2464046938429502,resnet32,0.634,0.631,1.2961036641658708,1.0525305343114517,0.24357313142073425,resnet32,0.6333,0.6264,1.3264436494051055,1.0766786167567426,0.24976503391834823,resnet32,0.6279,0.6146,1.3002008432522416,1.0521215010773053,0.24807934448207644,resnet32,0.6453,0.6402,1.2933138430287892,1.0472699894823811,0.2460438525092534,resnet32,0.6399,0.643,1.297635487280786,1.0532105856321075,0.24442490152168003,resnet32,0.6369,0.6246,1.3088232607326724,1.0623022151941603,0.24652104513635012,resnet32,0.6466,0.6428,1.286883101205934,1.046220743351362,0.24066236016171222,resnet32,0.6428,0.639,1.292742781341076,1.046109239655462,0.24663354450074787,9000000.0,5000.0,36010000.0,2808780000.0,33705360000.0
resnet32x12_cifar100_K12_mwmd2_seed0002_d011,d011,resnet32:12,cifar100,12,matched,mwmd2,peers,2,200,64,0.1,0.9,0.0005,True,0,60,0.1,1.0,2,,disagreement,1.0,1,0.0,0.5,weight,complete,0.0,0.0,42,0,45000,5000,10000,5640048,78,0.010000000000000002,2,180.73,0.6418749999999999,0.006169160531763343,0.6257,0.6505,0.6909,0.049025000000000096,0.6374333333333334,0.6898,0.2846424242424241,0.6503898804284349,0.284409090909091,0.6536174793621858,0.6418749999999999,resnet32,0.6468,0.6378,1.296165808019313,1.0471586697650226,0.24900713747113265,resnet32,0.6385,0.6412,1.2932909135283395,1.042363520542329,0.2509273895147172,resnet32,0.6429,0.6406,1.273847659795799,1.027256110259755,0.2465915485200557,resnet32,0.6405,0.6378,1.2933466110209173,1.0460705553096803,0.247276056219231,resnet32,0.6444,0.6468,1.3004647583954714,1.0488769655031236,0.2515877950301563,resnet32,0.6456,0.634,1.33202420970933,1.0803828745741735,0.2516413362569768,resnet32,0.6505,0.6458,1.3026754093271764,1.0522129204632207,0.2504624893507836,resnet32,0.6361,0.6386,1.292607340623032,1.046510448679328,0.24609689228236675,resnet32,0.6469,0.6392,1.29993544137952,1.0510823113674468,0.24885312884792007,resnet32,0.6257,0.6204,1.3151712503961541,1.0616900892928243,0.2534811609974978,resnet32,0.6411,0.6246,1.3024685560640963,1.0500643089921637,0.2524042436641387,resnet32,0.6435,0.6424,1.293868238614364,1.046785692769018,0.24708254523151976,9000000.0,5000.0,36010000.0,2844790000.0,34137480000.0
resnet32x12_cifar100_K12_mwmd2_seed0002_d011,d011,resnet32:12,cifar100,12,matched,mwmd2,peers,2,200,64,0.1,0.9,0.0005,True,0,60,0.1,1.0,2,,disagreement,1.0,1,0.0,0.5,weight,complete,0.0,0.0,42,0,45000,5000,10000,5640048,79,0.010000000000000002,2,180.68,0.6252916666666667,0.01248889228697068,0.5982,0.6452,0.6753,0.05000833333333332,0.6207166666666667,0.6678,0.29075151515151515,0.6561358101410807,0.2940454545454546,0.6531263262497813,0.6252916666666667,resnet32,0.6137,0.6116,1.3044827086851,1.050803569060835,0.2536791394126009,resnet32,0.6187,0.6096,1.2942517266016116,1.0415355874733492,0.2527161387684332,resnet32,0.6452,0.6362,1.2875343854962424,1.0295951568775557,0.2579392279413613,resnet32,0.643,0.635,1.2991590631956405,1.0444318037480116,0.25472725817764347,resnet32,0.6163,0.6132,1.3054227822206237,1.0495282036506317,0.2558945761358535,resnet32,0.628,0.6306,1.3344863253560932,1.0778265973045067,0.25665972667576914,resnet32,0.6257,0.618,1.30289944506843,1.0473021665080027,0.2555972765284506,resnet32,0.6214,0.6186,1.303598172878,1.0488577364859255,0.2547404380218888,resnet32,0.6297,0.6286,1.3001944708045234,1.0481711235744031,0.25202334739945154,resnet32,0.6272,0.6228,1.313775316304104,1.0559891449626198,0.2577861740931191,resnet32,0.6364,0.6262,1.3025272388688542,1.0477151828394695,0.25481205647387967,resnet32,0.5982,0.5982,1.2976843284612352,1.0449921515008265,0.25269217657941306,9000000.0,5000.0,36010000.0,2880800000.0,34569600000.0
resnet32x12_cifar100_K12_mwmd2_seed0002_d011,d011,resnet32:12,cifar100,12,matched,mwmd2,peers,2,200,64,0.1,0.9,0.0005,True,0,60,0.1,1.0,2,,disagreement,1.0,1,0.0,0.5,weight,complete,0.0,0.0,42,0,45000,5000,10000,5640048,80,0.010000000000000002,2,180.67,0.6404416666666667,0.007422202989828716,0.6275,0.6495,0.6853,0.04485833333333333,0.6360166666666667,0.6814,0.27669090909090904,0.6622311097315651,0.2760121212121213,0.6658528842646944,0.6404416666666667,resnet32,0.6372,0.633,1.2977492622184483,1.042033135806295,0.2557161271106452,resnet32,0.646,0.651,1.287949055517939,1.0386483264579014,0.24930072977969592,resnet32,0.6435,0.6302,1.285106674937362,1.0303785796700553,0.2547280974474482,resnet32,0.6495,0.643,1.3006636390293187,1.0447006713260303,0.2559629667084664,resnet32,0.6309,0.6252,1.3041710059412501,1.0472679475153035,0.2569030574946241,resnet32,0.6282,0.6254,1.3441868388009341,1.0817797171290626,0.2624071213332089,resnet32,0.6392,0.6336,1.30661027031866,1.049842262471264,0.2567680088210512,resnet32,0.6462,0.645,1.292565835470503,1.0402507230808788,0.25231511357494374,resnet32,0.6447,0.6378,1.3080553255805916,1.050592379390516,0.2574629476928914,resnet32,0.6275,0.6246,1.3140977604145354,1.0582963440736586,0.2558014160445468,resnet32,0.6456,0.6366,1.301073070107536,1.0469417864964767,0.25413128320889716,resnet32,0.6468,0.6468,1.300718462263996,1.0470999611372298,0.2536185028412464,9000000.0,5000.0,36010000.0,2916810000.0,35001720000.0
resnet32x12_cifar100_K12_mwmd2_seed0002_d011,d011,resnet32:12,cifar100,12,matched,mwmd2,peers,2,200,64,0.1,0.9,0.0005,True,0,60,0.1,1.0,2,,disagreement,1.0,1,0.0,0.5,weight,complete,0.0,0.0,42,0,45000,5000,10000,5640048,81,0.010000000000000002,2,180.74,0.6296916666666666,0.011569605174287,0.6034,0.6437,0.6763,0.04660833333333336,0.6225166666666667,0.6712,0.29529393939393944,0.6433540265316733,0.29578030303030306,0.649892024490211,0.6296916666666666,resnet32,0.6403,0.6368,1.2982620871202513,1.040867286141623,0.2573948001531376,resnet32,0.6412,0.632,1.284499153748832,1.0277744810181586,0.25672467084686185,resnet32,0.6237,0.614,1.2761803283779458,1.0243700748648157,0.2518102510578253,resnet32,0.6034,0.5972,1.3104732150889256,1.0446409851481968,0.26583222922107036,resnet32,0.6205,0.6066,1.3027052760801532,1.046400042335418,0.2563052328345789,resnet32,0.6195,0.6156,1.333274570124393,1.0720848865299062,0.2611896842294796,resnet32,0.6367,0.6264,1.2991002478890799,1.039921299977736,0.25917894778434525,resnet32,0.6285,0.6216,1.2907189781862227,1.0345695828172294,0.25614939659664576,resnet32,0.6367,0.6342,1.3000035836276682,1.0409537166865035,0.2590498674703254,resnet32,0.6396,0.6366,1.3141395088962533,1.0536690279841423,0.26047047989612276,resnet32,0.6437,0.6322,1.2893089957704598,1.0373001852157442,0.2520088115072047,resnet32,0.6225,0.617,1.2969028655100951,1.0399173747070811,0.25698548946952954,9000000.0,5000.0,36010000.0,2952820000.0,35433840000.0
resnet32x12_cifar100_K12_mwmd2_seed0002_d011,d011,resnet32:12,cifar100,12,matched,mwmd2,peers,2,200,64,0.1,0.9,0.0005,True,0,60,0.1,1.0,2,,disagreement,1.0,1,0.0,0.5,weight,complete,0.0,0.0,42,0,45000,5000,10000,5640048,82,0.010000000000000002,2,180.62,0.6360833333333332,0.005651818782972036,0.6243,0.6435,0.6765,0.04041666666666677,0.6307666666666667,0.6712,0.2787151515151514,0.6661040430309525,0.2809363636363636,0.6616827742864366,0.6360833333333332,resnet32,0.6373,0.635,1.3064607624811204,1.0446029628034343,0.2618578011593358,resnet32,0.6319,0.628,1.2977430883964354,1.0385282408784737,0.2592148491266099,resnet32,0.6435,0.6374,1.282258332114328,1.0205908040939407,0.2616675265599042,resnet32,0.6411,0.6336,1.3141336162489923,1.0505840677598661,0.26354954872195696,resnet32,0.6354,0.63,1.310363484038548,1.0472998048432849,0.26306367839093914,resnet32,0.6271,0.6204,1.3407639531757345,1.0780635615810752,0.26270039239898324,resnet32,0.6393,0.6396,1.3097419683736833,1.0486966272477398,0.2610453410624442,resnet32,0.6372,0.628,1.2997258432548155,1.0416342049667782,0.25809164029884746,resnet32,0.6403,0.6318,1.3060225910422476,1.0475849337367849,0.25843765698796645,resnet32,0.6416,0.6408,1.3223228203132749,1.0609808543019674,0.2613419645084915,resnet32,0.6243,0.6148,1.3039381853728131,1.0462114631452344,0.25772672169841826,resnet32,0.634,0.6298,1.3030152334408327,1.0423090374097228,0.2607061975339258,9000000.0,5000.0,36010000.0,2988830000.0,35865960000.0
resnet32x12_cifar100_K12_mwmd2_seed0002_d011,d011,resnet32:12,cifar100,12,matched,mwmd2,peers,2,200,64,0.1,0.9,0.0005,True,0,60,0.1,1.0,2,,disagreement,1.0,1,0.0,0.5,weight,complete,0.0,0.0,42,0,45000,5000,10000,5640048,83,0.010000000000000002,2,180.73,0.6385416666666667,0.005059884440929002,0.6306,0.6494,0.6829,0.04435833333333328,0.6378499999999999,0.6818,0.27542727272727263,0.6623940931514442,0.28075000000000006,0.6583170319581134,0.6385416666666667,resnet32,0.6454,0.6456,1.2971608690409497,1.0371294049546123,0.2600314615886997,resnet32,0.64,0.6418,1.2873117098246107,1.0282808733596043,0.25903083602051163,resnet32,0.6494,0.6472,1.2798596485941247,1.016973023302853,0.26288662742908026,resnet32,0.6421,0.6434,1.301625003106892,1.0394456317986955,0.2621793717315251,resnet32,0.6354,0.6332,1.3124096662822096,1.0432176462967286,0.26919201968915085,resnet32,0.6306,0.633,1.3287573088468476,1.0615316165441817,0.26722569060935214,resnet32,0.6353,0.636,1.300180642357604,1.0380834531546994,0.2620971865147691,resnet32,0.6374,0.6318,1.2900453021072529,1.0311670236458832,0.2588782780592076,resnet32,0.6395,0.6308,1.2989657762545077,1.0403984537856146,0.25856732547452504,resnet32,0.6356,0.6368,1.3114039274779232,1.0483660613271324,0.26303786771710624,resnet32,0.6328,0.6334,1.2901576414534992,1.0309094355695627,0.2592482057569379,resnet32,0.639,0.6412,1.300102938559245,1.0369696306403389,0.2631333094217222,9000000.0,5000.0,36010000.0,3024840000.0,36298080000.0
resnet32x12_cifar100_K12_mwmd2_seed0002_d011,d011,resnet32:12,cifar100,12,matched,mwmd2,peers,2,200,64,0.1,0.9,0.0005,True,0,60,0.1,1.0,2,,disagreement,1.0,1,0.0,0.5,weight,complete,0.0,0.0,42,0,45000,5000,10000,5640048,84,0.010000000000000002,2,180.64,0.6353749999999999,0.011713818406765011,0.6027,0.6482,0.6839,0.04852500000000004,0.6287666666666666,0.6712,0.2839515151515153,0.6608390711923045,0.28682878787878785,0.6536066477589573,0.6353749999999999,resnet32,0.6417,0.6364,1.294929812492972,1.0306745930998162,0.26425521981648425,resnet32,0.6275,0.6296,1.2897382347251882,1.0310110981491478,0.25872713672420516,resnet32,0.647,0.6352,1.2811568099158732,1.0158057935027913,0.26535101630724967,resnet32,0.6372,0.6244,1.3016878416423092,1.035769628276202,0.2659182141280987,resnet32,0.6334,0.6244,1.3031123424456879,1.0417274660854177,0.2613848753866147,resnet32,0.6402,0.6338,1.3335562406785109,1.064576277424666,0.268979964566163,resnet32,0.6413,0.6354,1.3051735830747269,1.0402720680629665,0.2649015148212625,resnet32,0.6417,0.6358,1.2979008628224784,1.0357056504792788,0.2621952102688903,resnet32,0.627,0.6262,1.3063395638865503,1.0378253546289422,0.2685142071621323,resnet32,0.6027,0.5912,1.3100629873912444,1.044957192276012,0.2651057953692295,resnet32,0.6482,0.6324,1.2927952208132907,1.0328056331385265,0.2599895862142809,resnet32,0.6366,0.6404,1.2949287998913364,1.034498319622468,0.2604304775807329,9000000.0,5000.0,36010000.0,3060850000.0,36730200000.0
resnet32x12_cifar100_K12_mwmd2_seed0002_d011,d011,resnet32:12,cifar100,12,matched,mwmd2,peers,2,200,64,0.1,0.9,0.0005,True,0,60,0.1,1.0,2,,disagreement,1.0,1,0.0,0.5,weight,complete,0.0,0.0,42,0,45000,5000,10000,5640048,85,0.010000000000000002,2,180.78,0.6276416666666668,0.004975013958662695,0.6185,0.6349,0.6761,0.04845833333333327,0.6234500000000001,0.6754,0.29262424242424245,0.6473760878364633,0.29588484848484853,0.6416547264239807,0.6276416666666668,resnet32,0.6324,0.6272,1.295359143394638,1.0325269572098146,0.2628321858673272,resnet32,0.6185,0.6186,1.2868687578222968,1.0231015611947938,0.26376719707199797,resnet32,0.6257,0.6178,1.2785861040042206,1.0132978842170401,0.2652882202740081,resnet32,0.627,0.6202,1.298481167294085,1.0323456198146397,0.2661355492362583,resnet32,0.6262,0.6258,1.2989569479938259,1.0327858198434114,0.2661711286795749,resnet32,0.6215,0.6188,1.3339180315590717,1.0619166556915098,0.2720013760157268,resnet32,0.6314,0.6234,1.2966016808694059,1.031247404573316,0.2653542758092623,resnet32,0.6315,0.635,1.2943287131969223,1.0325505946000868,0.26177811840633775,resnet32,0.6247,0.6228,1.3068229909986258,1.038518451746892,0.26830453889190475,resnet32,0.6349,0.623,1.3155870446935296,1.0440873697569424,0.27149967438626016,resnet32,0.6341,0.6272,1.2879871867427772,1.026805461384356,0.26118172656490724,resnet32,0.6238,0.6216,1.2941254372285171,1.031453982418911,0.2626714533914558,9000000.0,5000.0,36010000.0,3096860000.0,37162320000.0
resnet32x12_cifar100_K12_mwmd2_seed0002_d011,d011,resnet32:12,cifar100,12,matched,mwmd2,peers,2,200,64,0.1,0.9,0.0005,True,0,60,0.1,1.0,2,,disagreement,1.0,1,0.0,0.5,weight,complete,0.0,0.0,42,0,45000,5000,10000,5640048,86,0.010000000000000002,2,180.67,0.6335166666666666,0.006481490740734119,0.6223,0.6422,0.6806,0.047083333333333366,0.6296999999999999,0.6758,0.2861454545454545,0.6577374116385644,0.28912121212121206,0.6514718400263444,0.6335166666666666,resnet32,0.6278,0.6258,1.2889623255892233,1.0248060486364095,0.2641562770586461,resnet32,0.6345,0.634,1.2856452783400363,1.0200859682465142,0.26555931015702133,resnet32,0.6422,0.6374,1.276559498245743,1.0090079995041543,0.2675514990379187,resnet32,0.6371,0.626,1.3016145049001684,1.0311647030440243,0.2704498005861586,resnet32,0.6315,0.6264,1.2978961736133152,1.0309539427134125,0.2669422302225774,resnet32,0.6223,0.6208,1.3340591286224397,1.0649456038901752,0.26911352574825287,resnet32,0.6245,0.6206,1.302039225247096,1.0326759841462427,0.26936324093152175,resnet32,0.6379,0.6328,1.2942522207105702,1.0287248173897916,0.26552740118296986,resnet32,0.6372,0.637,1.299825625917451,1.0307290076532147,0.2690966186240654,resnet32,0.6395,0.6362,1.3106895997612313,1.0446460638195276,0.26604353661902924,resnet32,0.641,0.6392,1.2932629459114238,1.0258874920281498,0.2673754510046406,resnet32,0.6267,0.6202,1.2963807283138686,1.027546034448526,0.2688346934208477,9000000.0,5000.0,36010000.0,3132870000.0,37594440000.0
resnet32x12_cifar100_K12_mwmd2_seed0002_d011,d011,resnet32:12,cifar100,12,matched,mwmd2,peers,2,200,64,0.1,0.9,0.0005,True,0,60,0.1,1.0,2,,disagreement,1.0,1,0.0,0.5,weight,complete,0.0,0.0,42,0,45000,5000,10000,5640048,87,0.010000000000000002,2,180.71,0.6289416666666667,0.00861330930724203,0.6131,0.6394,0.68,0.05105833333333332,0.6241500000000001,0.672,0.2932212121212122,0.6445886716366329,0.2990954545454546,0.637401837247533,0.6289416666666667,resnet32,0.6363,0.6392,1.305402220565487,1.0288760132918304,0.276526206490499,resnet32,0.6204,0.6194,1.2870230717923155,1.019008314152333,0.2680147578093139,resnet32,0.6392,0.6358,1.2802861927246505,1.014545708556067,0.26574048351242463,resnet32,0.6293,0.6236,1.3002215122634715,1.0295713905414396,0.2706501197958873,resnet32,0.6291,0.6206,1.2933019452982328,1.0294578538530252,0.26384408985772595,resnet32,0.6137,0.6112,1.3310096003961833,1.057679919525981,0.2733296830080111,resnet32,0.6394,0.6366,1.2967145614833995,1.0266180246729741,0.27009653772058134,resnet32,0.6273,0.6208,1.296123399399221,1.027244484052062,0.26887891680764203,resnet32,0.6326,0.6302,1.3010712692683393,1.027837642722509,0.2732336254240098,resnet32,0.6131,0.6064,1.3096299488944085,1.0379529106854037,0.2716770384418355,resnet32,0.6355,0.62,1.2871796264397828,1.0200920960103923,0.2670875332656909,resnet32,0.6314,0.626,1.2989845186979934,1.030188700776886,0.2687958162489601,9000000.0,5000.0,36010000.0,3168880000.0,38026560000.0
resnet32x12_cifar100_K12_mwmd2_seed0002_d011,d011,resnet32:12,cifar100,12,matched,mwmd2,peers,2,200,64,0.1,0.9,0.0005,True,0,60,0.1,1.0,2,,disagreement,1.0,1,0.0,0.5,weight,complete,0.0,0.0,42,0,45000,5000,10000,5640048,88,0.010000000000000002,2,180.65,0.6417583333333334,0.008451968048264813,0.6274,0.6578,0.689,0.047241666666666515,0.6379499999999999,0.6854,0.28303030303030297,0.6483901075224314,0.28354545454545466,0.6502256895360005,0.6417583333333334,resnet32,0.6498,0.649,1.2967986831102858,1.0235684664750642,0.27323021756654436,resnet32,0.6274,0.6296,1.2880571701309897,1.018689313310791,0.26936785569837823,resnet32,0.6578,0.6504,1.2741592237725854,1.0063762337985365,0.26778298880989576,resnet32,0.6423,0.6438,1.2981630934571677,1.0260134854946623,0.2721496096769856,resnet32,0.6437,0.641,1.291337313130498,1.0235407843508504,0.2677965292664753,resnet32,0.6312,0.6278,1.3284722912887281,1.0557314509695226,0.27274083959954704,resnet32,0.6436,0.6318,1.2931989824230021,1.0227481175891378,0.2704508668446744,resnet32,0.6305,0.6268,1.2929525953632863,1.0226799090477554,0.2702726851937107,resnet32,0.6458,0.6464,1.2950159395113587,1.0248367801647296,0.27017916019328614,resnet32,0.6405,0.6282,1.3039072378623215,1.0344033246351914,0.2695039133329622,resnet32,0.6494,0.6442,1.283889300274578,1.014401265335354,0.2694880336057395,resnet32,0.6391,0.6364,1.2890512335368178,1.023072535680099,0.26597869736989116,9000000.0,5000.0,36010000.0,3204890000.0,38458680000.0
resnet32x12_cifar100_K12_mwmd2_seed0002_d011,d011,resnet32:12,cifar100,12,matched,mwmd2,peers,2,200,64,0.1,0.9,0.0005,True,0,60,0.1,1.0,2,,disagreement,1.0,1,0.0,0.5,weight,complete,0.0,0.0,42,0,45000,5000,10000,5640048,89,0.010000000000000002,2,180.95,0.6274833333333334,0.015079557538454339,0.5822,0.6426,0.6813,0.053816666666666624,0.6210166666666666,0.6706,0.29790909090909096,0.6488193403971221,0.2975909090909092,0.6489633575593655,0.6274833333333334,resnet32,0.6328,0.6142,1.2851901145821267,1.019523188217797,0.2656669276554815,resnet32,0.624,0.6168,1.2853495995937423,1.0145346893166953,0.27081491078504105,resnet32,0.6426,0.638,1.2758167382668366,1.003366564400494,0.2724501756654883,resnet32,0.6408,0.636,1.2937860090962865,1.0186033817008138,0.2751826253211634,resnet32,0.6304,0.6272,1.295308497141708,1.0229151988063345,0.2723932986528697,resnet32,0.6251,0.6158,1.3299964737485757,1.0553894237699835,0.2746070501902564,resnet32,0.6228,0.6252,1.2858093242922968,1.0148097194561905,0.27099960803223605,resnet32,0.6325,0.625,1.2902282730422237,1.0227628511122682,0.26746542209928686,resnet32,0.6265,0.627,1.2942745407873935,1.02200235680423,0.2722721850203181,resnet32,0.5822,0.5688,1.313412542793561,1.039795876734636,0.27361666826023295,resnet32,0.6298,0.6224,1.280826174230738,1.01319208918986,0.26763408618386497,resnet32,0.6403,0.6358,1.285824391736903,1.0181391008875587,0.267685291886499,9000000.0,5000.0,36010000.0,3240900000.0,38890800000.0
resnet32x12_cifar100_K12_mwmd2_seed0002_d011,d011,resnet32:12,cifar100,12,matched,mwmd2,peers,2,200,64,0.1,0.9,0.0005,True,0,60,0.1,1.0,2,,disagreement,1.0,1,0.0,0.5,weight,complete,0.0,0.0,42,0,45000,5000,10000,5640048,90,0.010000000000000002,2,180.68,0.6270916666666667,0.00977764954145707,0.6067,0.6417,0.6839,0.05680833333333324,0.6240333333333332,0.683,0.31769393939393936,0.6138346488008235,0.3182939393939394,0.6232260846921326,0.6270916666666667,resnet32,0.637,0.639,1.2774053108455106,1.0104193695905535,0.26698593896898354,resnet32,0.6186,0.614,1.2840497005222873,1.011177480136129,0.27287222093648533,resnet32,0.6417,0.6474,1.2702302252027122,0.9985428422012113,0.27168738365766,resnet32,0.6358,0.631,1.288480081680146,1.0162478193471378,0.2722322607243603,resnet32,0.6067,0.597,1.2899846080690622,1.0168247354978865,0.27315987305800343,resnet32,0.6217,0.6242,1.3263055421411991,1.047773857600987,0.27853168502703984,resnet32,0.6358,0.6236,1.282617929137566,1.0137760571458123,0.26884187455289066,resnet32,0.6275,0.6202,1.2827866523611275,1.0151637882332911,0.2676228617571972,resnet32,0.6229,0.6228,1.290035061876882,1.0184232006696137,0.27161186103793705,resnet32,0.6304,0.6228,1.3041229261593386,1.027446248907257,0.2766766764900901,resnet32,0.631,0.6266,1.2788291484625502,1.0077002421021461,0.2711289046459239,resnet32,0.616,0.6198,1.2808890701694922,1.0123819919641723,0.2685070762791755,9000000.0,5000.0,36010000.0,3276910000.0,39322920000.0
resnet32x12_cifar100_K12_mwmd2_seed0002_d011,d011,resnet32:12,cifar100,12,matched,mwmd2,peers,2,200,64,0.1,0.9,0.0005,True,0,60,0.1,1.0,2,,disagreement,1.0,1,0.0,0.5,weight,complete,0.0,0.0,42,0,45000,5000,10000,5640048,91,0.010000000000000002,2,180.95,0.6389499999999999,0.008021689348260754,0.6168,0.6497,0.6866,0.04765000000000008,0.6348666666666667,0.6858,0.2875030303030302,0.6510292891350785,0.2903015151515152,0.6428355573102735,0.6389499999999999,resnet32,0.6445,0.6348,1.2865411594340748,1.0136260426687924,0.27291511568579485,resnet32,0.6407,0.6438,1.2830598176541654,1.0102210010147907,0.2728388141417368,resnet32,0.6497,0.642,1.263218621977351,0.9921121758154847,0.27110644637353043,resnet32,0.6325,0.6282,1.2872182569381865,1.0132146523418752,0.274003605527634,resnet32,0.641,0.6326,1.2891034520315854,1.01424646072767,0.27485699085942045,resnet32,0.6168,0.6194,1.3221762189641595,1.0461235273290763,0.27605269131758675,resnet32,0.6452,0.6408,1.2873731067573482,1.015090186402879,0.2722829212646254,resnet32,0.6357,0.6284,1.2839800619774244,1.0144584506580776,0.2695216099435294,resnet32,0.6365,0.6292,1.2864505291323771,1.0137157068503173,0.2727348219433969,resnet32,0.6435,0.6404,1.301373940807852,1.0252803917127578,0.27609354843893513,resnet32,0.6392,0.6368,1.285022940656001,1.0112504529004747,0.27377248697236856,resnet32,0.6421,0.642,1.2816276744177395,1.009018149480901,0.2726095261433246,9000000.0,5000.0,36010000.0,3312920000.0,39755040000.0
resnet32x12_cifar100_K12_mwmd2_seed0002_d011,d011,resnet32:12,cifar100,12,matched,mwmd2,peers,2,200,64,0.1,0.9,0.0005,True,0,60,0.1,1.0,2,,disagreement,1.0,1,0.0,0.5,weight,complete,0.0,0.0,42,0,45000,5000,10000,5640048,92,0.010000000000000002,2,180.79,0.6373833333333334,0.008577570881212361,0.6193,0.6536,0.6833,0.045916666666666606,0.6324,0.6828,0.2895818181818183,0.6462346848106088,0.28959999999999997,0.6472099638899987,0.6373833333333334,resnet32,0.6536,0.6424,1.2878638260405173,1.0121393297714265,0.2757244970734147,resnet32,0.6329,0.6342,1.2719879163090477,1.0020656346936117,0.2699222795199603,resnet32,0.641,0.6384,1.2650507308373398,0.9911159917881543,0.2739347397900102,resnet32,0.644,0.6478,1.2916560321199624,1.0141365162350915,0.2775195144455541,resnet32,0.64,0.633,1.2926511866125194,1.0145758719776163,0.27807531446557154,resnet32,0.6193,0.6158,1.313766210678626,1.036638566377488,0.27712764466096734,resnet32,0.643,0.6264,1.29331725937399,1.015464553186162,0.27785270709798415,resnet32,0.633,0.6288,1.2801081600006332,1.0102961015125567,0.2698120535351336,resnet32,0.6363,0.64,1.2930488270622762,1.0163181537592954,0.27673067442480137,resnet32,0.6257,0.6172,1.3003583245656707,1.0218161916021595,0.2785421349743212,resnet32,0.6419,0.6298,1.2810167367146774,1.006857817145911,0.2741589177061211,resnet32,0.6379,0.635,1.28009649196809,1.0070618557828395,0.27303463842889125,9000000.0,5000.0,36010000.0,3348930000.0,40187160000.0
resnet32x12_cifar100_K12_mwmd2_seed0002_d011,d011,resnet32:12,cifar100,12,matched,mwmd2,peers,2,200,64,0.1,0.9,0.0005,True,0,60,0.1,1.0,2,,disagreement,1.0,1,0.0,0.5,weight,complete,0.0,0.0,42,0,45000,5000,10000,5640048,93,0.010000000000000002,2,180.94,0.63385,0.007546908859482375,0.6246,0.6497,0.6802,0.04635,0.6299666666666667,0.6816,0.29490303030303033,0.645228533798092,0.2926454545454546,0.6450708509349448,0.63385,resnet32,0.639,0.6264,1.2797554319893771,1.0066829414360903,0.27307249125177885,resnet32,0.6261,0.627,1.2807039293375881,1.0053598889234392,0.27534403770484706,resnet32,0.6497,0.6476,1.2644740024750882,0.9923702011054213,0.2721038017083298,resnet32,0.6381,0.639,1.2851939975199373,1.0103719799186697,0.27482201713560656,resnet32,0.6279,0.6254,1.2834078089588068,1.007763657972894,0.2756441506684165,resnet32,0.6262,0.6288,1.319792446934364,1.0402111764997244,0.2795812722761184,resnet32,0.635,0.6248,1.2852499355477365,1.0088185909288852,0.27643134449185297,resnet32,0.6292,0.6222,1.2783386990089307,1.009183176793158,0.2691555208187889,resnet32,0.6312,0.6322,1.2922776625915007,1.0128942838107997,0.27938338049518113,resnet32,0.6246,0.61,1.3018220862881704,1.0252212739803575,0.2766008130486377,resnet32,0.6447,0.6356,1.2773763258856805,1.0061428649351,0.27123346025208855,resnet32,0.6345,0.6406,1.2857342435216361,1.0121793966232375,0.2735548477662219,9000000.0,5000.0,36010000.0,3384940000.0,40619280000.0
resnet32x12_cifar100_K12_mwmd2_seed0002_d011,d011,resnet32:12,cifar100,12,matched,mwmd2,peers,2,200,64,0.1,0.9,0.0005,True,0,60,0.1,1.0,2,,disagreement,1.0,1,0.0,0.5,weight,complete,0.0,0.0,42,0,45000,5000,10000,5640048,94,0.010000000000000002,2,181.18,0.6400166666666667,0.006964293854289105,0.6263,0.6488,0.6954,0.05538333333333334,0.6409999999999999,0.6902,0.2926484848484848,0.6323518378371584,0.29394696969696965,0.6402970371324114,0.6400166666666667,resnet32,0.6483,0.649,1.2841715948148207,1.004786250774156,0.2793853427071802,resnet32,0.6263,0.6306,1.2807777570560575,1.002794878133996,0.27798287926072424,resnet32,0.6464,0.6378,1.2615942273458296,0.985094625164162,0.2764996021181684,resnet32,0.6375,0.6366,1.2783924142237415,1.0024888912554493,0.27590352364561777,resnet32,0.6398,0.6492,1.2857240406288342,1.0081418054178357,0.27758223563432693,resnet32,0.6412,0.6396,1.3181170863522724,1.0403131241486832,0.27780396241525357,resnet32,0.6488,0.6478,1.2853681197051297,1.0088567648252302,0.27651135284792294,resnet32,0.6472,0.6474,1.2805227456953039,1.0076702091504226,0.2728525388731875,resnet32,0.6313,0.6362,1.2871542146260089,1.0112412495707923,0.27591296823017974,resnet32,0.6339,0.6374,1.2929615451192313,1.0143854509700427,0.278576094974679,resnet32,0.6439,0.6412,1.279776175252416,1.0069670777937227,0.27280909582887863,resnet32,0.6356,0.6392,1.277541365643794,1.0053477210246704,0.2721936464182694,9000000.0,5000.0,36010000.0,3420950000.0,41051400000.0
resnet32x12_cifar100_K12_mwmd2_seed0002_d011,d011,resnet32:12,cifar100,12,matched,mwmd2,peers,2,200,64,0.1,0.9,0.0005,True,0,60,0.1,1.0,2,,disagreement,1.0,1,0.0,0.5,weight,complete,0.0,0.0,42,0,45000,5000,10000,5640048,95,0.010000000000000002,2,181.02,0.6378166666666666,0.006834816912121503,0.6259,0.6527,0.6833,0.04548333333333343,0.636,0.6846,0.28925454545454554,0.6453953715195372,0.2904181818181819,0.6462956537495903,0.6378166666666666,resnet32,0.638,0.6392,1.290241166695275,1.0115793787620284,0.27866179011338815,resnet32,0.6259,0.6364,1.2783958549526604,1.0012468577955256,0.27714899832128803,resnet32,0.6527,0.6444,1.2643264585428617,0.9880810865116391,0.27624537131156435,resnet32,0.6361,0.6388,1.2875182417814026,1.0086060055446895,0.2789122380146926,resnet32,0.6378,0.6294,1.2829427685249934,1.0083356372673402,0.274607128336687,resnet32,0.6301,0.6314,1.3130701704120094,1.034734559160742,0.27833560816096986,resnet32,0.6398,0.6412,1.2865459377115422,1.0091045811264352,0.27744135637344286,resnet32,0.6302,0.6346,1.2800830175084146,1.0068939434872433,0.2731890731745146,resnet32,0.645,0.6346,1.2870987131345002,1.0088332076980309,0.2782655037008226,resnet32,0.6365,0.63,1.2984167709946632,1.0189160583540797,0.27950071035460994,resnet32,0.6402,0.6326,1.282133092426441,1.003128778104755,0.27900431292470207,resnet32,0.6415,0.6394,1.283697808415375,1.0065029364248568,0.27719486942938104,9000000.0,5000.0,36010000.0,3456960000.0,41483520000.0
resnet32x12_cifar100_K12_mwmd2_seed0002_d011,d011,resnet32:12,cifar100,12,matched,mwmd2,peers,2,200,64,0.1,0.9,0.0005,True,0,60,0.1,1.0,2,,disagreement,1.0,1,0.0,0.5,weight,complete,0.0,0.0,42,0,45000,5000,10000,5640048,96,0.010000000000000002,2,180.71,0.6382916666666666,0.005442955436974378,0.6294,0.6482,0.6875,0.04920833333333341,0.63885,0.6842,0.28746969696969693,0.6444117265552726,0.2934727272727274,0.6386830350420554,0.6382916666666666,resnet32,0.6422,0.643,1.2829908539795063,1.0063780695199966,0.27661278494633734,resnet32,0.6348,0.6376,1.274256463416598,0.9975457718934525,0.27671069239096885,resnet32,0.6482,0.6536,1.2664007898420095,0.9862463628365234,0.28015442637049337,resnet32,0.6438,0.6462,1.282564731145447,1.0035311377353289,0.2790335916109722,resnet32,0.64,0.6322,1.2820943733677268,1.005456083115529,0.2766382920936766,resnet32,0.6347,0.6366,1.3193594667721877,1.0378726117990233,0.28148685465566814,resnet32,0.6391,0.6336,1.2812379943206906,1.0022450301118873,0.2789929657327858,resnet32,0.6301,0.6252,1.2796937411820346,1.002597020854327,0.2770967188460583,resnet32,0.6403,0.6484,1.2862515960058027,1.0046355515210466,0.2816160431089388,resnet32,0.6344,0.6348,1.292140555398708,1.0151160085912456,0.2770245477176187,resnet32,0.6294,0.6312,1.2805920420214534,1.004443948072466,0.276148094329983,resnet32,0.6425,0.6438,1.276736218482256,1.000386014496061,0.2763502031395381,9000000.0,5000.0,36010000.0,3492970000.0,41915640000.0
resnet32x12_cifar100_K12_mwmd2_seed0002_d011,d011,resnet32:12,cifar100,12,matched,mwmd2,peers,2,200,64,0.1,0.9,0.0005,True,0,60,0.1,1.0,2,,disagreement,1.0,1,0.0,0.5,weight,complete,0.0,0.0,42,0,45000,5000,10000,5640048,97,0.010000000000000002,2,180.85,0.6312,0.00908359326845203,0.6144,0.6447,0.6827,0.05149999999999999,0.6257833333333334,0.6788,0.3030878787878788,0.6356503062910424,0.3025242424242425,0.6406438007366222,0.6312,resnet32,0.6329,0.6202,1.2842683266340331,1.0023652464151382,0.2819030788007446,resnet32,0.6447,0.644,1.2702924948693677,0.993760720403357,0.27653177571482956,resnet32,0.6447,0.6452,1.2619025511667132,0.9843122509562157,0.2775903005703268,resnet32,0.617,0.6154,1.2718850585039367,0.9939134584062479,0.27797160037285223,resnet32,0.6305,0.6212,1.2803680181333965,0.9993516001003709,0.2810164188161831,resnet32,0.6303,0.6206,1.315081607973711,1.0340164343572475,0.2810651743572883,resnet32,0.6372,0.6378,1.2742636363784021,0.9984819371761247,0.27578169892711396,resnet32,0.6228,0.604,1.2747786421836778,0.9984405029734428,0.2763381379614161,resnet32,0.6144,0.6096,1.286086791279641,1.0050950371236964,0.2809917524626309,resnet32,0.6301,0.6274,1.2912268922240897,1.0102566720240496,0.28097021977671166,resnet32,0.636,0.6338,1.2742236204106698,0.9940042127431794,0.2802194075616585,resnet32,0.6338,0.6302,1.280817181041295,1.0018533159216696,0.27896386753259733,9000000.0,5000.0,36010000.0,3528980000.0,42347760000.0
resnet32x12_cifar100_K12_mwmd2_seed0002_d011,d011,resnet32:12,cifar100,12,matched,mwmd2,peers,2,200,64,0.1,0.9,0.0005,True,0,60,0.1,1.0,2,,disagreement,1.0,1,0.0,0.5,weight,complete,0.0,0.0,42,0,45000,5000,10000,5640048,98,0.010000000000000002,2,181.15,0.6302916666666666,0.0149933573254588,0.5932,0.6513,0.6859,0.05560833333333337,0.6292,0.686,0.3004848484848486,0.632364780240553,0.3035075757575757,0.6316404812510057,0.6302916666666666,resnet32,0.6403,0.6386,1.278034209951081,0.9977883941239931,0.2802458166949112,resnet32,0.6196,0.6274,1.2760390602052212,0.9984999807890166,0.2775390774900602,resnet32,0.6457,0.6394,1.2547353145412423,0.9758306800133802,0.2789046349300241,resnet32,0.6513,0.6386,1.2806260068477555,0.9997423553669994,0.2808836531105705,resnet32,0.635,0.6296,1.2849037316204472,1.0023814146830277,0.28252231841906905,resnet32,0.6177,0.6176,1.3093589990484444,1.0276402903890067,0.28171871130524034,resnet32,0.6268,0.6236,1.282838866199282,1.0022593846713954,0.2805794819935479,resnet32,0.6253,0.628,1.273057501593774,0.9964413567530838,0.276616145581515,resnet32,0.6446,0.65,1.2853210561654784,1.0055837202817202,0.2797373371325772,resnet32,0.6317,0.627,1.2901146039366722,1.008791179396212,0.2813234262126075,resnet32,0.6323,0.632,1.272871156561781,0.9948996784250167,0.2779714768032797,resnet32,0.5932,0.5986,1.2831585870378397,0.9991464195773005,0.28401216995817696,9000000.0,5000.0,36010000.0,3564990000.0,42779880000.0
resnet32x12_cifar100_K12_mwmd2_seed0002_d011,d011,resnet32:12,cifar100,12,matched,mwmd2,peers,2,200,64,0.1,0.9,0.0005,True,0,60,0.1,1.0,2,,disagreement,1.0,1,0.0,0.5,weight,complete,0.0,0.0,42,0,45000,5000,10000,5640048,99,0.010000000000000002,2,180.65,0.6386333333333333,0.011728763314556608,0.6148,0.659,0.6951,0.056466666666666776,0.6348999999999999,0.6872,0.29934242424242424,0.6266851757012099,0.30428030303030296,0.624602274460187,0.6386333333333333,resnet32,0.6353,0.6314,1.2754805259914561,0.9976574103771285,0.2778231158683246,resnet32,0.6493,0.644,1.2772671811451966,0.9960223994302478,0.28124478279443627,resnet32,0.659,0.6552,1.260151376863095,0.9770314436913892,0.28311993374319916,resnet32,0.632,0.6274,1.280308661982417,0.9982649503614415,0.28204371204430406,resnet32,0.6384,0.6426,1.2788630495355888,0.9987346608699723,0.2801283895969391,resnet32,0.6391,0.6368,1.3103868061337958,1.028381260111928,0.2820055437782271,resnet32,0.6461,0.6446,1.281024228442799,0.9978636922314763,0.2831605349413373,resnet32,0.6395,0.6332,1.2807657744058154,0.9993796002289111,0.28138617282225326,resnet32,0.6463,0.64,1.280567236160013,1.0011543877930804,0.2794128490019251,resnet32,0.6148,0.6068,1.2906899502162228,1.009211403741078,0.2814785474699668,resnet32,0.6198,0.6162,1.2802350195124745,0.9993576269427483,0.28087739254855976,resnet32,0.644,0.6406,1.2755510110238737,0.9972839675505053,0.2782670405312357,9000000.0,5000.0,36010000.0,3601000000.0,43212000000.0
resnet32x12_cifar100_K12_mwmd2_seed0002_d011,d011,resnet32:12,cifar100,12,matched,mwmd2,peers,2,200,64,0.1,0.9,0.0005,True,0,60,0.1,1.0,2,,disagreement,1.0,1,0.0,0.5,weight,complete,0.0,0.0,42,0,45000,5000,10000,5640048,100,0.010000000000000002,2,180.77,0.6388,0.006899999999999993,0.6217,0.6482,0.686,0.04720000000000002,0.6362666666666666,0.6856,0.29119393939393945,0.641149602790479,0.2917454545454545,0.643000067415179,0.6388,resnet32,0.6482,0.645,1.2752963058989157,0.9943612256002697,0.2809350801716474,resnet32,0.6356,0.6332,1.272393893111836,0.9888436668975786,0.28355022615075787,resnet32,0.6387,0.6384,1.258315286260437,0.9761600661176172,0.2821552195713263,resnet32,0.6394,0.64,1.2772211081941018,0.9933906940912659,0.28383041583848273,resnet32,0.6217,0.625,1.2744898544624448,0.9938613344830546,0.28062852091071283,resnet32,0.6355,0.636,1.3073349097235636,1.0250684029676698,0.2822665066923946,resnet32,0.6478,0.6314,1.2745100302113728,0.993615578182719,0.2808944526636465,resnet32,0.6336,0.6304,1.2771110681986266,0.9964699223637581,0.2806411432525651,resnet32,0.6413,0.638,1.275745002806864,0.995880497788841,0.27986450770615856,resnet32,0.6388,0.635,1.2870618731460788,1.0044504870575937,0.28261138790879736,resnet32,0.6462,0.6486,1.2705767455256798,0.9890992678701878,0.28147747835398396,resnet32,0.6388,0.6342,1.2744921667670661,0.9910778131505306,0.28341435497118667,9000000.0,5000.0,36010000.0,3637010000.0,43644120000.0
resnet32x12_cifar100_K12_mwmd2_seed0002_d011,d011,resnet32:12,cifar100,12,matched,mwmd2,peers,2,200,64,0.1,0.9,0.0005,True,0,60,0.1,1.0,2,,disagreement,1.0,1,0.0,0.5,weight,complete,0.0,0.0,42,0,45000,5000,10000,5640048,101,0.010000000000000002,2,180.73,0.6356083333333333,0.009540480275588268,0.6207,0.65,0.6892,0.053591666666666704,0.6368833333333334,0.6836,0.29758787878787885,0.6326163932509371,0.3006424242424243,0.6301348190953004,0.6356083333333333,resnet32,0.65,0.6462,1.2748214028437028,0.9920656787739559,0.2827557232442566,resnet32,0.6441,0.6474,1.2664282133972102,0.9848220433870499,0.2816061694175005,resnet32,0.6492,0.6544,1.2611322677270933,0.9773741402578625,0.283758126876571,resnet32,0.6207,0.6252,1.2896855878220364,1.0000628261742266,0.28962276120331476,resnet32,0.6453,0.6414,1.275418298911642,0.992235386066816,0.28318291307765653,resnet32,0.6312,0.6382,1.3071037354794415,1.0200463003394278,0.28705743406052614,resnet32,0.6342,0.6326,1.2794267325238748,0.9929008728570559,0.286525858968327,resnet32,0.6333,0.6386,1.2750495453788475,0.9902782783081586,0.2847712650810453,resnet32,0.6374,0.633,1.2779385682026094,0.9937814111736688,0.28415715628811583,resnet32,0.6252,0.6254,1.2890715937722812,0.9997916201298888,0.28927997582253406,resnet32,0.6225,0.6214,1.2684307205914096,0.9886921532452106,0.27973856652070855,resnet32,0.6342,0.6388,1.2700895723802121,0.985977506603707,0.28411206675016065,9000000.0,5000.0,36010000.0,3673020000.0,44076240000.0
resnet32x12_cifar100_K12_mwmd2_seed0002_d011,d011,resnet32:12,cifar100,12,matched,mwmd2,peers,2,200,64,0.1,0.9,0.0005,True,0,60,0.1,1.0,2,,disagreement,1.0,1,0.0,0.5,weight,complete,0.0,0.0,42,0,45000,5000,10000,5640048,102,0.010000000000000002,2,180.96,0.640025,0.006164160526787101,0.6292,0.6508,0.697,0.056975,0.6391333333333332,0.6954,0.2990696969696969,0.6280673433583157,0.30230151515151515,0.6282646158256692,0.640025,resnet32,0.6435,0.6478,1.265313738533719,0.9851019125939771,0.2802118260244077,resnet32,0.6443,0.6448,1.262038261121647,0.9778805330226367,0.2841577287975021,resnet32,0.6508,0.6498,1.2490628940815276,0.9658817422830246,0.2831811497665264,resnet32,0.6416,0.6438,1.267735143530775,0.9865354724567045,0.28119966948658903,resnet32,0.6469,0.6398,1.2739497103135695,0.9842985265634276,0.2896511831151491,resnet32,0.6406,0.638,1.3101319888268004,1.0183899085122077,0.2917420816057446,resnet32,0.6399,0.6294,1.2699004023081877,0.9860819164155559,0.28381848574446683,resnet32,0.6292,0.6294,1.2615354446355591,0.9809236521409317,0.2806117932566188,resnet32,0.6432,0.6446,1.2779084271328016,0.9892252908003601,0.2886831343851306,resnet32,0.6325,0.6312,1.287046830847182,1.001118956472386,0.2859278741631318,resnet32,0.6334,0.6284,1.2657814010639081,0.9857239668172869,0.28005743538960814,resnet32,0.6344,0.6426,1.2647216480055994,0.9838341101157394,0.28088753717020154,9000000.0,5000.0,36010000.0,3709030000.0,44508360000.0
resnet32x12_cifar100_K12_mwmd2_seed0002_d011,d011,resnet32:12,cifar100,12,matched,mwmd2,peers,2,200,64,0.1,0.9,0.0005,True,0,60,0.1,1.0,2,,disagreement,1.0,1,0.0,0.5,weight,complete,0.0,0.0,42,0,45000,5000,10000,5640048,103,0.010000000000000002,2,180.78,0.6326666666666667,0.014249697852547228,0.5989,0.6531,0.6847,0.052033333333333265,0.6317666666666667,0.687,0.29926060606060617,0.6349286861928035,0.30074545454545454,0.6423171528988338,0.6326666666666667,resnet32,0.6313,0.6318,1.2645913761278444,0.9827992754395712,0.28179210087877105,resnet32,0.6307,0.6318,1.2558304652233014,0.9725389539010145,0.28329151003113523,resnet32,0.6442,0.6384,1.2498047090220181,0.9675718466327949,0.282232862283391,resnet32,0.6129,0.6112,1.2714427753605626,0.9843512169847434,0.2870915585028177,resnet32,0.6352,0.6338,1.2663855114105074,0.9852435797114264,0.2811419286299497,resnet32,0.6347,0.6238,1.2982050458138639,1.0128228655931624,0.2853821805170314,resnet32,0.6416,0.645,1.2719097319482402,0.9850172072818334,0.28689252310009167,resnet32,0.6478,0.65,1.2598355680873448,0.978600206530907,0.28123536170460284,resnet32,0.6274,0.6302,1.2757092697376555,0.9901018812405792,0.28560738915323536,resnet32,0.5989,0.5962,1.2772237492555922,0.9935617525638505,0.2836619970939038,resnet32,0.6531,0.6458,1.2663781239058485,0.9801931641995907,0.2861849629658867,resnet32,0.6342,0.6432,1.2666203501549633,0.9822045408866622,0.2844158099456267,9000000.0,5000.0,36010000.0,3745040000.0,44940480000.0
resnet32x12_cifar100_K12_mwmd2_seed0002_d011,d011,resnet32:12,cifar100,12,matched,mwmd2,peers,2,200,64,0.1,0.9,0.0005,True,0,60,0.1,1.0,2,,disagreement,1.0,1,0.0,0.5,weight,complete,0.0,0.0,42,0,45000,5000,10000,5640048,104,0.010000000000000002,2,180.68,0.637775,0.007212272526742187,0.6285,0.6531,0.6957,0.057925000000000004,0.6349666666666667,0.6874,0.30248787878787875,0.6361993920635054,0.3026863636363636,0.6316413338722519,0.637775,resnet32,0.6383,0.6258,1.2708731374957345,0.987433337775821,0.2834397978572683,resnet32,0.639,0.6484,1.2616179964759133,0.9811513181775808,0.28046667795966973,resnet32,0.6531,0.6468,1.2513256133110686,0.9672217739915306,0.28410384050485765,resnet32,0.6308,0.6312,1.271461433646354,0.9886912818659436,0.28277015197090805,resnet32,0.6483,0.6428,1.2713514390316876,0.9907990962436254,0.28055234251289884,resnet32,0.6333,0.6254,1.3030274827879937,1.015234655954621,0.2877928249707276,resnet32,0.6414,0.6364,1.2668890616094524,0.9858161738481034,0.28107288653369655,resnet32,0.6295,0.6258,1.2680667968128214,0.9889945437793027,0.2790722538166764,resnet32,0.6285,0.6306,1.278974613767456,0.9897179076956077,0.2892567070031708,resnet32,0.6349,0.635,1.2850989762862974,0.9998147095638242,0.2852842649656602,resnet32,0.6341,0.629,1.2675495827570558,0.9823377951979637,0.28521178396080027,resnet32,0.6421,0.6424,1.2735130570998245,0.9863575537773696,0.28715550334362144,9000000.0,5000.0,36010000.0,3781050000.0,45372600000.0
resnet32x12_cifar100_K12_mwmd2_seed0002_d011,d011,resnet32:12,cifar100,12,matched,mwmd2,peers,2,200,64,0.1,0.9,0.0005,True,0,60,0.1,1.0,2,,disagreement,1.0,1,0.0,0.5,weight,complete,0.0,0.0,42,0,45000,5000,10000,5640048,105,0.010000000000000002,2,180.89,0.6412083333333334,0.006666765624265562,0.626,0.652,0.6925,0.051291666666666624,0.6366333333333333,0.685,0.29568181818181816,0.6380656521275392,0.30043333333333333,0.6304972534659238,0.6412083333333334,resnet32,0.6361,0.6314,1.2669504275545478,0.9834879541092298,0.2834624734664844,resnet32,0.647,0.6504,1.2598596452312036,0.9725228548049927,0.2873367882037366,resnet32,0.6429,0.6364,1.249247487973083,0.9620089767162096,0.287238508420573,resnet32,0.6479,0.6468,1.2764501845125447,0.9859968314624645,0.2904533518012613,resnet32,0.6441,0.6374,1.273460454222831,0.9846457408063791,0.28881471466527064,resnet32,0.6376,0.6378,1.306638085283339,1.0159668508409099,0.2906712347175926,resnet32,0.6391,0.6274,1.2747055278583006,0.9875297838483345,0.2871757438618012,resnet32,0.6446,0.6424,1.264723353680562,0.9836284074593674,0.2810949444220486,resnet32,0.626,0.6146,1.2789879598739473,0.9892138744789091,0.2897740838075565,resnet32,0.6423,0.6366,1.2890517662533305,0.9971149446104061,0.29193682145242666,resnet32,0.652,0.6472,1.2700860172679478,0.982383721169423,0.2877022948708724,resnet32,0.6349,0.6312,1.267445886592296,0.9829728093675592,0.2844730731607838,9000000.0,5000.0,36010000.0,3817060000.0,45804720000.0
resnet32x12_cifar100_K12_mwmd2_seed0002_d011,d011,resnet32:12,cifar100,12,matched,mwmd2,peers,2,200,64,0.1,0.9,0.0005,True,0,60,0.1,1.0,2,,disagreement,1.0,1,0.0,0.5,weight,complete,0.0,0.0,42,0,45000,5000,10000,5640048,106,0.010000000000000002,2,180.64,0.63745,0.006947601504596151,0.6234,0.6478,0.6881,0.050650000000000084,0.6343,0.6798,0.29966969696969686,0.6327714116323813,0.29891060606060593,0.6372941588484039,0.63745,resnet32,0.6331,0.6232,1.274131856943396,0.9860020591454073,0.2881297983059829,resnet32,0.6465,0.6502,1.2606306800788099,0.9759269577705048,0.28470372239297087,resnet32,0.6478,0.6514,1.2531811028549618,0.965654924935238,0.28752617753872817,resnet32,0.6297,0.6236,1.2730125053362413,0.9832699734886939,0.2897425311067226,resnet32,0.6374,0.6334,1.2733867895704778,0.9807445373047482,0.2926422527737238,resnet32,0.6406,0.6364,1.3121665577319535,1.0178089042786846,0.2943576515694572,resnet32,0.6341,0.6342,1.2781879179687663,0.9918188275769353,0.2863690885080194,resnet32,0.6462,0.64,1.2626632556996562,0.9820344590327956,0.28062879700552334,resnet32,0.6377,0.6314,1.2761769906871698,0.9895588481290774,0.2866181408436122,resnet32,0.6338,0.6308,1.2845537808977745,0.9914431560107253,0.29311062484471634,resnet32,0.6391,0.6256,1.2663337286053733,0.9798783152787522,0.2864554146177728,resnet32,0.6234,0.6314,1.265862578864802,0.9822821323336526,0.28358044718730857,9000000.0,5000.0,36010000.0,3853070000.0,46236840000.0
resnet32x12_cifar100_K12_mwmd2_seed0002_d011,d011,resnet32:12,cifar100,12,matched,mwmd2,peers,2,200,64,0.1,0.9,0.0005,True,0,60,0.1,1.0,2,,disagreement,1.0,1,0.0,0.5,weight,complete,0.0,0.0,42,0,45000,5000,10000,5640048,107,0.010000000000000002,2,180.71,0.6436416666666668,0.005133137171576675,0.6349,0.6546,0.6976,0.05395833333333322,0.6392833333333334,0.6978,0.29336060606060604,0.6332509849848799,0.29286818181818197,0.6347234298304749,0.6436416666666668,resnet32,0.6492,0.6372,1.265417584980076,0.9758525793863968,0.2895650048528544,resnet32,0.64,0.6404,1.2531222178685395,0.9705727375535802,0.28254948067478836,resnet32,0.6424,0.645,1.2442511719736187,0.9567600527608936,0.287491117159582,resnet32,0.6349,0.6302,1.2690515783192082,0.9792955488135869,0.2897560284684666,resnet32,0.6406,0.636,1.2707566645165735,0.9826185176657005,0.2881381483536891,resnet32,0.6393,0.6406,1.299402890726924,1.0071259805593977,0.29227691084485163,resnet32,0.6464,0.6406,1.2628491642800244,0.9764803955331445,0.2863687652120875,resnet32,0.6403,0.6334,1.264727363701571,0.9792957239868966,0.2854316404766657,resnet32,0.6441,0.6462,1.271047007292509,0.9851987280628898,0.2858482788697901,resnet32,0.6488,0.6382,1.2808414828032255,0.987732825123451,0.29310865922492335,resnet32,0.6546,0.6434,1.2639367335729979,0.9771926839073951,0.2867440514859151,resnet32,0.6431,0.6402,1.261536973782561,0.9736798726530238,0.28785709954205563,9000000.0,5000.0,36010000.0,3889080000.0,46668960000.0
resnet32x12_cifar100_K12_mwmd2_seed0002_d011,d011,resnet32:12,cifar100,12,matched,mwmd2,peers,2,200,64,0.1,0.9,0.0005,True,0,60,0.1,1.0,2,,disagreement,1.0,1,0.0,0.5,weight,complete,0.0,0.0,42,0,45000,5000,10000,5640048,108,0.010000000000000002,2,180.63,0.6383333333333332,0.009033210331265886,0.6225,0.6507,0.6905,0.052166666666666806,0.6315000000000001,0.6862,0.30049696969696965,0.630553781411928,0.29785454545454537,0.6349352152484159,0.6383333333333332,resnet32,0.6427,0.6356,1.262572495859455,0.9775942744348537,0.2849782237317413,resnet32,0.6434,0.6358,1.2530601315030998,0.968327994289046,0.2847321372352202,resnet32,0.6365,0.627,1.2350481851026416,0.9511287518014963,0.28391943243332207,resnet32,0.6225,0.6236,1.2613645449111408,0.9718524447896264,0.2895121012010019,resnet32,0.6264,0.6292,1.2674031020565466,0.9767123076387427,0.29069079661911185,resnet32,0.6355,0.6218,1.2992025607011535,1.0086058581417257,0.29059670014645567,resnet32,0.6471,0.6406,1.2562488108365373,0.9735730176114223,0.28267579299228435,resnet32,0.6289,0.6206,1.2561323394660244,0.9731774980371649,0.2829548387195576,resnet32,0.6476,0.6434,1.259508640336042,0.9748228996653449,0.28468573944304476,resnet32,0.6472,0.6352,1.269658904099329,0.9832404280420054,0.28641847612082283,resnet32,0.6507,0.6392,1.255278523080051,0.9712333411655643,0.28404518284580926,resnet32,0.6315,0.626,1.260641580362889,0.9713607402518392,0.28928083894689655,9000000.0,5000.0,36010000.0,3925090000.0,47101080000.0
resnet32x12_cifar100_K12_mwmd2_seed0002_d011,d011,resnet32:12,cifar100,12,matched,mwmd2,peers,2,200,64,0.1,0.9,0.0005,True,0,60,0.1,1.0,2,,disagreement,1.0,1,0.0,0.5,weight,complete,0.0,0.0,42,0,45000,5000,10000,5640048,109,0.010000000000000002,2,180.83,0.6382083333333333,0.01031523616899886,0.617,0.6552,0.6916,0.053391666666666726,0.6360500000000001,0.691,0.3024848484848486,0.6271015888211612,0.30173030303030307,0.6314835433611826,0.6382083333333333,resnet32,0.65,0.6438,1.2594598229466514,0.9718588625334881,0.287600958741016,resnet32,0.6318,0.6262,1.2576756611127744,0.9679333758117123,0.28974228246476164,resnet32,0.6423,0.6408,1.2433432795276695,0.9571014538576658,0.2862418271939863,resnet32,0.6381,0.6372,1.2584889644587582,0.9711833487857472,0.2873056134082038,resnet32,0.6471,0.6384,1.261206989515234,0.9732691676101901,0.2879378250588409,resnet32,0.6437,0.6462,1.2889426737515763,0.9986360984939066,0.2903065765064887,resnet32,0.6552,0.6522,1.2590196792205626,0.9704381256279621,0.28858155393126333,resnet32,0.6307,0.6248,1.2564909260889345,0.9679460357027975,0.2885448874863373,resnet32,0.6434,0.6434,1.2645746185020967,0.9772316170009699,0.2873430004004728,resnet32,0.629,0.6306,1.2629000028087334,0.9770043831826611,0.28589562040922994,resnet32,0.6302,0.6256,1.2513542466542937,0.9689123533158139,0.2824418925764886,resnet32,0.617,0.6234,1.258822858502919,0.9712297565896403,0.2875931012147868,9000000.0,5000.0,36010000.0,3961100000.0,47533200000.0
resnet32x12_cifar100_K12_mwmd2_seed0002_d011,d011,resnet32:12,cifar100,12,matched,mwmd2,peers,2,200,64,0.1,0.9,0.0005,True,0,60,0.1,1.0,2,,disagreement,1.0,1,0.0,0.5,weight,complete,0.0,0.0,42,0,45000,5000,10000,5640048,110,0.010000000000000002,2,180.67,0.6407666666666666,0.008607393462728562,0.6258,0.6559,0.6912,0.05043333333333344,0.6347333333333333,0.6878,0.29304848484848484,0.6392301227776583,0.2917090909090909,0.6385043714799378,0.6407666666666666,resnet32,0.6559,0.6428,1.257669596763497,0.969683113634925,0.28798648003827443,resnet32,0.636,0.635,1.253539020026272,0.9637517484582283,0.28978727190670645,resnet32,0.6473,0.6394,1.2387332118708978,0.9517546133561567,0.28697859771041706,resnet32,0.6433,0.6344,1.265088245695965,0.9733247897503051,0.2917634552260014,resnet32,0.6422,0.6404,1.2627591777762228,0.9692217777906493,0.2935374014037238,resnet32,0.6375,0.6334,1.2939325222237543,1.0038293641568585,0.2901031600353731,resnet32,0.6508,0.6416,1.2620649893175473,0.9705564618449319,0.2915085263296284,resnet32,0.6312,0.627,1.2605199872262098,0.9708611612970178,0.2896588265853511,resnet32,0.6258,0.619,1.2665264545516535,0.9771845485507087,0.28934190644543956,resnet32,0.6323,0.6254,1.2806456668979742,0.988558816300197,0.29208685279908503,resnet32,0.6495,0.6424,1.258518530479209,0.9691168584606864,0.2894016718280248,resnet32,0.6374,0.636,1.2658614079383286,0.9772507008165121,0.2886107086246325,9000000.0,5000.0,36010000.0,3997110000.0,47965320000.0
resnet32x12_cifar100_K12_mwmd2_seed0002_d011,d011,resnet32:12,cifar100,12,matched,mwmd2,peers,2,200,64,0.1,0.9,0.0005,True,0,60,0.1,1.0,2,,disagreement,1.0,1,0.0,0.5,weight,complete,0.0,0.0,42,0,45000,5000,10000,5640048,111,0.010000000000000002,2,180.87,0.635475,0.009490181329493474,0.6186,0.651,0.6906,0.05512499999999998,0.6321833333333334,0.685,0.3001454545454546,0.6309269767300271,0.3038833333333333,0.6293631180732168,0.635475,resnet32,0.651,0.653,1.243534227240492,0.9553785045546564,0.28815572073852475,resnet32,0.6425,0.6356,1.247919668697498,0.9577717723917555,0.2901478979778899,resnet32,0.642,0.6448,1.2367254281416535,0.9490783007561483,0.28764712825332855,resnet32,0.636,0.6312,1.2567003715614027,0.9640695738860152,0.2926307972308926,resnet32,0.6266,0.618,1.2527489454739473,0.9654340446841988,0.28731490176340396,resnet32,0.6188,0.6148,1.2887666830793023,0.9958579493686557,0.29290873352014885,resnet32,0.6334,0.6412,1.253457339565185,0.9643321232870221,0.28912521744231606,resnet32,0.6423,0.637,1.2505094043233178,0.9644371401518583,0.2860722647852857,resnet32,0.6186,0.6188,1.252677951346744,0.9620162233371626,0.2906617262951014,resnet32,0.6366,0.6288,1.2702812455086545,0.9754651552912864,0.2948160885240544,resnet32,0.6428,0.634,1.2501569156619636,0.9615104068917307,0.28864651008255104,resnet32,0.6351,0.629,1.2467580760236492,0.9603034842928703,0.2864545928949321,9000000.0,5000.0,36010000.0,4033120000.0,48397440000.0
resnet32x12_cifar100_K12_mwmd2_seed0002_d011,d011,resnet32:12,cifar100,12,matched,mwmd2,peers,2,200,64,0.1,0.9,0.0005,True,0,60,0.1,1.0,2,,disagreement,1.0,1,0.0,0.5,weight,complete,0.0,0.0,42,0,45000,5000,10000,5640048,112,0.010000000000000002,2,181.03,0.641225,0.010564967660464768,0.6237,0.6571,0.6955,0.05427499999999996,0.6393333333333332,0.6964,0.3010484848484848,0.621941630303155,0.30181818181818176,0.6251118614284358,0.641225,resnet32,0.6545,0.6446,1.2589112722568891,0.9662794403054498,0.29263183046978986,resnet32,0.6484,0.6482,1.2523864626207135,0.9649083772674203,0.2874780852686275,resnet32,0.6354,0.6368,1.2416924543848091,0.9473704222420399,0.29432203296825965,resnet32,0.6466,0.6396,1.254097063263709,0.9638862943446095,0.29021076633679593,resnet32,0.6525,0.6468,1.2582695166665046,0.9705593154173006,0.28771020112220536,resnet32,0.6249,0.6282,1.2924961799925023,0.9970794686708938,0.29541671195660124,resnet32,0.6405,0.6414,1.264278424480422,0.9737259153784676,0.29055250937711785,resnet32,0.6406,0.6428,1.2573378342627124,0.9707416149533608,0.2865962197961794,resnet32,0.6237,0.6294,1.2628165028819984,0.9678098005242646,0.29500670242123306,resnet32,0.6387,0.6374,1.2728632437065244,0.9790399623188105,0.29382328187454154,resnet32,0.6571,0.6414,1.2513416343453256,0.962607853622599,0.2887337832626971,resnet32,0.6318,0.6354,1.2592677336863496,0.9650654923170805,0.2942022421947596,9000000.0,5000.0,36010000.0,4069130000.0,48829560000.0
resnet32x12_cifar100_K12_mwmd2_seed0002_d011,d011,resnet32:12,cifar100,12,matched,mwmd2,peers,2,200,64,0.1,0.9,0.0005,True,0,60,0.1,1.0,2,,disagreement,1.0,1,0.0,0.5,weight,complete,0.0,0.0,42,0,45000,5000,10000,5640048,113,0.010000000000000002,2,180.72,0.6362,0.011091813798172657,0.6111,0.6524,0.6913,0.05510000000000004,0.6381,0.6926,0.3025848484848485,0.6269991552165826,0.30588181818181814,0.6278252458177237,0.6362,resnet32,0.6524,0.6522,1.2639392113143748,0.9700321743095462,0.2939070371106606,resnet32,0.6408,0.6408,1.2450849533250385,0.9589408877390352,0.28614406514150853,resnet32,0.6446,0.6388,1.226821442473341,0.9423185904425654,0.28450285258110275,resnet32,0.6464,0.6496,1.262591304257512,0.9712446353144266,0.29134666750376875,resnet32,0.6436,0.6486,1.2627708795057102,0.9688013347543099,0.293969546741044,resnet32,0.6363,0.642,1.2899953666227786,0.9940224177288738,0.29597294819541276,resnet32,0.6352,0.6476,1.2568140127272769,0.9640340266579931,0.2927799848204648,resnet32,0.6339,0.6314,1.2565501951189204,0.9696812831204046,0.28686891085552896,resnet32,0.6341,0.6368,1.2572542180899868,0.9689467172561721,0.28830750072798267,resnet32,0.6111,0.6116,1.2689218115569516,0.9783260639418255,0.2905957486099479,resnet32,0.6377,0.6338,1.250090524977581,0.9619648285548795,0.2881256949622184,resnet32,0.6183,0.624,1.2532903006808325,0.966418252072551,0.2868720519525761,9000000.0,5000.0,36010000.0,4105140000.0,49261680000.0
resnet32x12_cifar100_K12_mwmd2_seed0002_d011,d011,resnet32:12,cifar100,12,matched,mwmd2,peers,2,200,64,0.1,0.9,0.0005,True,0,60,0.1,1.0,2,,disagreement,1.0,1,0.0,0.5,weight,complete,0.0,0.0,42,0,45000,5000,10000,5640048,114,0.010000000000000002,2,180.62,0.6403333333333333,0.006206358746389783,0.6292,0.6501,0.6886,0.04826666666666668,0.6378833333333334,0.6874,0.2915212121212121,0.6386578298631163,0.2899651515151515,0.6454000297107788,0.6403333333333333,resnet32,0.6477,0.6484,1.2600259573452852,0.9697439882226966,0.2902819696517492,resnet32,0.6431,0.6442,1.2529302526434714,0.9615729469805956,0.2913573043928905,resnet32,0.6464,0.6406,1.244700142944401,0.9513937687839974,0.29330637701787055,resnet32,0.6362,0.6408,1.2613472943617539,0.9702342520044609,0.2911130386320027,resnet32,0.6385,0.6318,1.2613728499378671,0.9700724225152623,0.2913004258351231,resnet32,0.6309,0.6334,1.2912316035309976,0.9961053593592211,0.29512624646833335,resnet32,0.6368,0.6282,1.257793784310872,0.9664833488958803,0.2913104358171536,resnet32,0.6425,0.642,1.261507652784613,0.9706168482080102,0.290890805888921,resnet32,0.6501,0.641,1.2610521810129285,0.970271611078219,0.29078056951138104,resnet32,0.6385,0.636,1.2722001807256178,0.9776021611284126,0.29459802010519937,resnet32,0.6441,0.643,1.2537251137705012,0.9619000824168324,0.29182503071867605,resnet32,0.6292,0.6252,1.2624111894348806,0.9686374611813914,0.2937737281688235,9000000.0,5000.0,36010000.0,4141150000.0,49693800000.0
resnet32x12_cifar100_K12_mwmd2_seed0002_d011,d011,resnet32:12,cifar100,12,matched,mwmd2,peers,2,200,64,0.1,0.9,0.0005,True,0,60,0.1,1.0,2,,disagreement,1.0,1,0.0,0.5,weight,complete,0.0,0.0,42,0,45000,5000,10000,5640048,115,0.010000000000000002,2,180.68,0.6386416666666667,0.010558918689377675,0.6143,0.6513,0.6919,0.053258333333333296,0.6342833333333333,0.6862,0.3057878787878788,0.6203794197858709,0.3046015151515151,0.6252315536231802,0.6386416666666667,resnet32,0.6449,0.6382,1.2530421755191954,0.9640018815513361,0.28904029479334975,resnet32,0.6433,0.6506,1.2461321849206632,0.9575790289620106,0.28855315659364517,resnet32,0.6143,0.6102,1.239901727065444,0.9427233998748389,0.2971783281642605,resnet32,0.6453,0.643,1.2635171364315532,0.9675761746581305,0.2959409616252577,resnet32,0.6426,0.6364,1.2565063945949078,0.9668730177323926,0.2896333752327006,resnet32,0.6204,0.6138,1.2899794311855326,0.9941581777212295,0.2958212515381588,resnet32,0.6358,0.6332,1.2561245746063916,0.9649830563840541,0.2911415175026791,resnet32,0.6372,0.6406,1.2593307198787278,0.9651527794247324,0.2941779386336831,resnet32,0.6363,0.6272,1.25716231839562,0.9662780685519631,0.29088424920866435,resnet32,0.6474,0.6448,1.2734259510920807,0.9787057486616753,0.2947202050338753,resnet32,0.6513,0.6354,1.2487913019616494,0.9558185105296698,0.29297278965400025,resnet32,0.6449,0.638,1.2500112791630356,0.9611209085719152,0.28889037105678156,9000000.0,5000.0,36010000.0,4177160000.0,50125920000.0
resnet32x12_cifar100_K12_mwmd2_seed0002_d011,d011,resnet32:12,cifar100,12,matched,mwmd2,peers,2,200,64,0.1,0.9,0.0005,True,0,60,0.1,1.0,2,,disagreement,1.0,1,0.0,0.5,weight,complete,0.0,0.0,42,0,45000,5000,10000,5640048,116,0.010000000000000002,2,180.65,0.6377916666666666,0.010337509236862729,0.614,0.6499,0.6941,0.056308333333333405,0.6314666666666667,0.6912,0.30857272727272733,0.6185087174806793,0.30562575757575755,0.625436800962501,0.6377916666666666,resnet32,0.6383,0.6276,1.2502927900376646,0.9614016496661034,0.28889114068905736,resnet32,0.6345,0.6332,1.2433016671037131,0.9485306145453994,0.2947710531509735,resnet32,0.648,0.6446,1.230964432555166,0.9395899798890407,0.2913744516078044,resnet32,0.6363,0.6262,1.24887091844258,0.9541976998390799,0.294673218857497,resnet32,0.6499,0.6406,1.250116688284007,0.9590499840507453,0.29106670537624846,resnet32,0.614,0.6124,1.2835391018201003,0.9889564452354204,0.29458265423520724,resnet32,0.6206,0.615,1.2479248670861125,0.9564733910797671,0.29145147384737025,resnet32,0.6415,0.6352,1.2437606169418856,0.9548030379651622,0.2889575778337365,resnet32,0.6464,0.638,1.25139847245406,0.9586379374800758,0.2927605355878107,resnet32,0.6368,0.6332,1.2639216112650253,0.9694491513920102,0.29447245951318607,resnet32,0.644,0.6346,1.2471695518629118,0.954391202042726,0.29277835037051275,resnet32,0.6432,0.637,1.2512573338198392,0.9562442602420395,0.2950130761389367,9000000.0,5000.0,36010000.0,4213170000.0,50558040000.0
resnet32x12_cifar100_K12_mwmd2_seed0002_d011,d011,resnet32:12,cifar100,12,matched,mwmd2,peers,2,200,64,0.1,0.9,0.0005,True,0,60,0.1,1.0,2,,disagreement,1.0,1,0.0,0.5,weight,complete,0.0,0.0,42,0,45000,5000,10000,5640048,117,0.010000000000000002,2,180.8,0.6407583333333334,0.008554965257413696,0.6217,0.6528,0.6934,0.05264166666666659,0.6391333333333333,0.695,0.297130303030303,0.6355949718622155,0.29939393939393943,0.6317825322041525,0.6407583333333334,resnet32,0.63,0.638,1.2555944238027388,0.965890047563748,0.2897043777629733,resnet32,0.6464,0.6468,1.2533968169750138,0.9566954034803943,0.2967014128596268,resnet32,0.6496,0.6536,1.2342256908728317,0.9428272072903134,0.29139848517,resnet32,0.6528,0.6484,1.260669126683338,0.9636166140606458,0.29705251319418574,resnet32,0.6411,0.6378,1.26179177982902,0.9649935346096754,0.2967982465104962,resnet32,0.6217,0.6152,1.2882103936069391,0.9908217730169947,0.2973886195316233,resnet32,0.6415,0.6348,1.2574265411292964,0.9641702994704247,0.293256242569028,resnet32,0.6443,0.639,1.254433604041961,0.9584045085886662,0.29602909682911227,resnet32,0.6454,0.6448,1.2606168454512954,0.9668201852420514,0.2937966601669111,resnet32,0.6307,0.628,1.2721616025506095,0.9737171462991021,0.298444458537481,resnet32,0.6427,0.6352,1.250741235403852,0.9570418435402892,0.2936993916307322,resnet32,0.6429,0.648,1.246516607786444,0.9569018109786239,0.28961479841646826,9000000.0,5000.0,36010000.0,4249180000.0,50990160000.0
resnet32x12_cifar100_K12_mwmd2_seed0002_d011,d011,resnet32:12,cifar100,12,matched,mwmd2,peers,2,200,64,0.1,0.9,0.0005,True,0,60,0.1,1.0,2,,disagreement,1.0,1,0.0,0.5,weight,complete,0.0,0.0,42,0,45000,5000,10000,5640048,118,0.010000000000000002,2,180.67,0.6416666666666666,0.008928076811696668,0.6211,0.6578,0.6952,0.05353333333333343,0.6385,0.6884,0.29953939393939394,0.6327348201031404,0.2995363636363637,0.6296784666052189,0.6416666666666666,resnet32,0.6444,0.64,1.248403101905503,0.9562812883576209,0.2921218144368719,resnet32,0.6578,0.6536,1.2436588244004683,0.9497609098695896,0.2938979144038802,resnet32,0.6426,0.6502,1.2332766829058528,0.9428871453485705,0.29038953654129396,resnet32,0.6501,0.6462,1.2527309082109819,0.9584022770551118,0.29432862944139,resnet32,0.6416,0.6384,1.2475985253907063,0.9542222878133709,0.2933762385509908,resnet32,0.6211,0.6206,1.28346221182834,0.9910553258589723,0.2924068873875182,resnet32,0.6334,0.6224,1.2523972947489133,0.9591899772428654,0.29320731649005954,resnet32,0.6424,0.6334,1.2500061961737545,0.9576113023371859,0.2923948961860416,resnet32,0.6358,0.6376,1.2570913212204522,0.9617792575366118,0.2953120627948506,resnet32,0.6488,0.636,1.2613565799864856,0.9657774732702158,0.2955791086424142,resnet32,0.6454,0.6398,1.2457896879112178,0.9552675373005596,0.29052215020849625,resnet32,0.6366,0.6438,1.2473123249682514,0.9556828070093285,0.291629518170587,9000000.0,5000.0,36010000.0,4285190000.0,51422280000.0
resnet32x12_cifar100_K12_mwmd2_seed0002_d011,d011,resnet32:12,cifar100,12,matched,mwmd2,peers,2,200,64,0.1,0.9,0.0005,True,0,60,0.1,1.0,2,,disagreement,1.0,1,0.0,0.5,weight,complete,0.0,0.0,42,0,45000,5000,10000,5640048,119,0.010000000000000002,2,180.67,0.6478916666666666,0.005199592665669955,0.6402,0.6585,0.7002,0.0523083333333334,0.64545,0.6992,0.288890909090909,0.6366408794638857,0.2915227272727272,0.6304932445573858,0.6478916666666666,resnet32,0.6585,0.6554,1.2477996205403046,0.953855770978738,0.29394384994256223,resnet32,0.6402,0.6444,1.2380278253589163,0.9421408569270914,0.2958869727286087,resnet32,0.6513,0.6426,1.2298813524909995,0.9339591992002997,0.29592215415852313,resnet32,0.652,0.648,1.246475947428156,0.9510516357523474,0.29542431101964955,resnet32,0.6447,0.6528,1.239355206997557,0.9473403638906099,0.29201484306461434,resnet32,0.6443,0.6382,1.2855115703053095,0.9885857540436767,0.2969258163039657,resnet32,0.6554,0.6492,1.247877417809584,0.949354484592649,0.29852293334393337,resnet32,0.6457,0.6468,1.2393975833600217,0.949908772229471,0.2894888111728836,resnet32,0.6433,0.6444,1.24683768522333,0.9529228980060328,0.2939147871961309,resnet32,0.6447,0.641,1.2536182231693105,0.9597820256921378,0.2938361965035173,resnet32,0.6493,0.6422,1.239752995358272,0.9472179238430478,0.29253507155755704,resnet32,0.6453,0.6404,1.245130160400136,0.9504064212299206,0.29472373690540815,9000000.0,5000.0,36010000.0,4321200000.0,51854400000.0
resnet32x12_cifar100_K12_mwmd2_seed0002_d011,d011,resnet32:12,cifar100,12,matched,mwmd2,peers,2,200,64,0.1,0.9,0.0005,True,0,60,0.1,1.0,2,,disagreement,1.0,1,0.0,0.5,weight,complete,0.0,0.0,42,0,45000,5000,10000,5640048,120,0.0010000000000000002,2,180.81,0.6996166666666666,0.004206905698438651,0.6912,0.7073,0.732,0.03238333333333343,0.6972166666666668,0.7276,0.2095454545454545,0.7049048146589524,0.214489393939394,0.6986237553400708,0.6996166666666666,resnet32,0.7073,0.7048,1.0024618123742668,0.8017153609120711,0.20074645152569495,resnet32,0.7019,0.7024,0.9957333420487967,0.7946742751042951,0.2010590669233352,resnet32,0.7036,0.7,0.9931956114755436,0.7848122081380676,0.20838340452279558,resnet32,0.7033,0.6994,1.0061352661895482,0.8021702015010471,0.20396506420167332,resnet32,0.7001,0.6992,1.010725617832081,0.8001220196654851,0.21060359878042204,resnet32,0.6912,0.6858,1.0436246683821082,0.8355601172555577,0.20806455284103073,resnet32,0.6977,0.6922,1.0014688925478945,0.8013307778164744,0.20013811377893118,resnet32,0.6935,0.696,1.0048028363592245,0.8009008426557888,0.20390199404209852,resnet32,0.6986,0.6934,0.9984407695010304,0.796737298538739,0.20170346996746957,resnet32,0.699,0.6966,1.0165913509712978,0.8093155831183222,0.20727576541883702,resnet32,0.7012,0.6956,1.0002919776703825,0.7951907361010936,0.20510124175978656,resnet32,0.698,0.7012,1.0007059387862682,0.7996870987963948,0.20101883943954652,9000000.0,5000.0,36010000.0,4357210000.0,52286520000.0
resnet32x12_cifar100_K12_mwmd2_seed0002_d011,d011,resnet32:12,cifar100,12,matched,mwmd2,peers,2,200,64,0.1,0.9,0.0005,True,0,60,0.1,1.0,2,,disagreement,1.0,1,0.0,0.5,weight,complete,0.0,0.0,42,0,45000,5000,10000,5640048,121,0.0010000000000000002,2,180.68,0.7048333333333333,0.0036233808644536352,0.6982,0.7111,0.7378,0.0329666666666667,0.7026333333333334,0.7366,0.20748484848484836,0.7022482672213286,0.21037575757575758,0.6989698842548192,0.7048333333333333,resnet32,0.7111,0.7064,0.9296014538373459,0.741501900325106,0.18809955193534156,resnet32,0.7056,0.7058,0.9230180014432832,0.7369687787087803,0.18604922296733342,resnet32,0.7094,0.7042,0.9188848906619982,0.7252781213345852,0.19360676885116845,resnet32,0.7059,0.707,0.9296233515170488,0.7419562089172277,0.18766714420846917,resnet32,0.7019,0.702,0.9307271630757235,0.7429062313484874,0.1878209307853302,resnet32,0.6982,0.692,0.96315681849691,0.7729376272975721,0.19021918961185624,resnet32,0.7026,0.6974,0.9332386715845629,0.7430879881774838,0.19015068296258422,resnet32,0.7016,0.7008,0.9289886419746008,0.7414030386134982,0.1875856025356122,resnet32,0.7012,0.7062,0.9269083871252157,0.7403613809411499,0.18654700579248706,resnet32,0.7067,0.7004,0.942870618775487,0.7528311322358522,0.19003948671954937,resnet32,0.7058,0.7034,0.9322175089777871,0.7407647422091528,0.1914527651282366,resnet32,0.708,0.706,0.9249605840410698,0.737707084891471,0.18725349813361059,9000000.0,5000.0,36010000.0,4393220000.0,52718640000.0
resnet32x12_cifar100_K12_mwmd2_seed0002_d011,d011,resnet32:12,cifar100,12,matched,mwmd2,peers,2,200,64,0.1,0.9,0.0005,True,0,60,0.1,1.0,2,,disagreement,1.0,1,0.0,0.5,weight,complete,0.0,0.0,42,0,45000,5000,10000,5640048,122,0.0010000000000000002,2,180.68,0.7055250000000001,0.005108510056758241,0.6929,0.714,0.7393,0.03377499999999989,0.70295,0.7336,0.2090636363636364,0.7017469982226926,0.21231818181818185,0.6968167039694209,0.7055250000000001,resnet32,0.714,0.7062,0.9176712798970666,0.7239070136777379,0.1937642659864981,resnet32,0.7095,0.7034,0.9000273155556484,0.7136991785585203,0.18632813547314567,resnet32,0.7108,0.7092,0.8998548121784221,0.7063879540444098,0.19346685794351454,resnet32,0.7073,0.707,0.9105220508169044,0.7239147968674925,0.18660725420340896,resnet32,0.7036,0.7052,0.9101514613933184,0.7202129912224006,0.18993847046724774,resnet32,0.6929,0.6916,0.9461937448517843,0.7525644331154498,0.19362931124950675,resnet32,0.7035,0.7022,0.9086304795504971,0.721797377125106,0.1868331027005545,resnet32,0.7016,0.696,0.9099142353304408,0.7216434699313884,0.1882707653567195,resnet32,0.7047,0.7054,0.9094044914977117,0.7202602119439028,0.18914428121537308,resnet32,0.7063,0.7022,0.9254326665435325,0.7344714478928257,0.19096121981486,resnet32,0.7083,0.7028,0.9071546013213017,0.719138504429297,0.18801609554793686,resnet32,0.7038,0.7042,0.9043147167698904,0.7193305289626799,0.1849841878177937,9000000.0,5000.0,36010000.0,4429230000.0,53150760000.0
resnet32x12_cifar100_K12_mwmd2_seed0002_d011,d011,resnet32:12,cifar100,12,matched,mwmd2,peers,2,200,64,0.1,0.9,0.0005,True,0,60,0.1,1.0,2,,disagreement,1.0,1,0.0,0.5,weight,complete,0.0,0.0,42,0,45000,5000,10000,5640048,123,0.0010000000000000002,2,180.99,0.7068666666666666,0.003655665314123957,0.7,0.7133,0.739,0.03213333333333335,0.7067833333333332,0.7416,0.20929999999999996,0.6957254527028102,0.2132257575757576,0.6928213296462293,0.7068666666666666,resnet32,0.7133,0.7134,0.884393040175465,0.7009694120338694,0.18342362688219344,resnet32,0.7111,0.7104,0.87770999180661,0.6916633763519878,0.18604661486196247,resnet32,0.7097,0.709,0.8697123995728113,0.6836120201782747,0.1861003797966987,resnet32,0.7084,0.7116,0.8889297778633508,0.7012891360050575,0.1876406416254626,resnet32,0.7045,0.7088,0.8866580167615955,0.6996830192563886,0.18697499739937484,resnet32,0.7,0.701,0.9306937059895559,0.7333449559201571,0.19734875061972576,resnet32,0.7038,0.7008,0.8861209530891343,0.7003955435092476,0.1857254087755626,resnet32,0.7037,0.7052,0.8862408685751937,0.7027667115273123,0.18347415810620243,resnet32,0.706,0.704,0.8949796835129912,0.7000441740859639,0.19493551008318635,resnet32,0.704,0.7002,0.9095851905982603,0.7143836678005755,0.19520152379250663,resnet32,0.7096,0.7074,0.8851410258900035,0.6971841256388209,0.18795690116133879,resnet32,0.7083,0.7096,0.8843987013467334,0.6975562849759378,0.1868424165189605,9000000.0,5000.0,36010000.0,4465240000.0,53582880000.0
resnet32x12_cifar100_K12_mwmd2_seed0002_d011,d011,resnet32:12,cifar100,12,matched,mwmd2,peers,2,200,64,0.1,0.9,0.0005,True,0,60,0.1,1.0,2,,disagreement,1.0,1,0.0,0.5,weight,complete,0.0,0.0,42,0,45000,5000,10000,5640048,124,0.0010000000000000002,2,180.98,0.7064583333333334,0.004085025159721253,0.6975,0.7143,0.7394,0.032941666666666536,0.7071999999999999,0.7412,0.20772424242424245,0.6937719904408174,0.21174242424242418,0.6935662899540431,0.7064583333333334,resnet32,0.7143,0.7088,0.8830453685738824,0.6864378527230159,0.196607517586513,resnet32,0.7102,0.7082,0.8640364629470489,0.6798334862528876,0.18420297762548382,resnet32,0.7096,0.7106,0.8579304341904141,0.6698804626410658,0.18804997204675933,resnet32,0.7067,0.7148,0.8787178999998353,0.6881801193072037,0.19053778042805128,resnet32,0.7057,0.7114,0.8735478162257508,0.6843005907721817,0.18924722566523336,resnet32,0.6975,0.6944,0.9117852907458489,0.7170110678469593,0.19477422141724013,resnet32,0.7077,0.7064,0.8711444682187655,0.6839054148559544,0.1872390536803075,resnet32,0.7019,0.7054,0.8711002535948699,0.6861184527674182,0.184981802795929,resnet32,0.7037,0.7078,0.8823417260904204,0.6862507403658872,0.19609098570336672,resnet32,0.7052,0.7082,0.8883277739144184,0.6981542643836953,0.19017351025038146,resnet32,0.7079,0.7034,0.8682382393797691,0.6810979431241073,0.1871402951338413,resnet32,0.7071,0.707,0.8694498968225989,0.6817534017715264,0.18769649554848333,9000000.0,5000.0,36010000.0,4501250000.0,54015000000.0
resnet32x12_cifar100_K12_mwmd2_seed0002_d011,d011,resnet32:12,cifar100,12,matched,mwmd2,peers,2,200,64,0.1,0.9,0.0005,True,0,60,0.1,1.0,2,,disagreement,1.0,1,0.0,0.5,weight,complete,0.0,0.0,42,0,45000,5000,10000,5640048,125,0.0010000000000000002,2,180.65,0.70725,0.004698492666093399,0.6958,0.7155,0.7422,0.034949999999999926,0.7067666666666667,0.738,0.21028787878787877,0.6923741157391751,0.2132363636363636,0.6911857540614426,0.70725,resnet32,0.7155,0.7086,0.870204184458337,0.6746839421631937,0.19552024362862788,resnet32,0.7077,0.7084,0.8516074438918043,0.6652607063085518,0.18634673857807435,resnet32,0.7136,0.7112,0.847645162943412,0.6559558078985323,0.19168935711918908,resnet32,0.7067,0.7122,0.8610388742421161,0.6732511812905696,0.18778769024224443,resnet32,0.7083,0.7082,0.8584694379771297,0.6716584663160823,0.18681097095197235,resnet32,0.6958,0.6932,0.8986129008064215,0.7065990214574743,0.19201387889386917,resnet32,0.7066,0.7058,0.8573382034559142,0.6711018810218031,0.18623632133345713,resnet32,0.7041,0.7032,0.8566175206479701,0.6712368143383752,0.18538070464803075,resnet32,0.7048,0.7042,0.8581796916709705,0.6694782939316197,0.18870139685036105,resnet32,0.7066,0.7108,0.8737633363767103,0.6834430502812293,0.19032028584148397,resnet32,0.7074,0.7078,0.8618080375546758,0.6697079379704188,0.1921000980179418,resnet32,0.7099,0.7076,0.8543576689606364,0.6675842706198719,0.18677339804443446,9000000.0,5000.0,36010000.0,4537260000.0,54447120000.0
resnet32x12_cifar100_K12_mwmd2_seed0002_d011,d011,resnet32:12,cifar100,12,matched,mwmd2,peers,2,200,64,0.1,0.9,0.0005,True,0,60,0.1,1.0,2,,disagreement,1.0,1,0.0,0.5,weight,complete,0.0,0.0,42,0,45000,5000,10000,5640048,126,0.0010000000000000002,2,180.71,0.7071583333333332,0.004193339626386391,0.6978,0.7134,0.7427,0.035541666666666805,0.7062,0.744,0.213209090909091,0.6892280008279865,0.21569242424242427,0.687509575864835,0.7071583333333332,resnet32,0.7127,0.71,0.8527241883460771,0.6652466504919258,0.18747753895480523,resnet32,0.7134,0.7044,0.8434686543081295,0.6552252290685746,0.1882434254935519,resnet32,0.7104,0.7108,0.8341920120556924,0.6448406731201843,0.18935133918950503,resnet32,0.7092,0.7106,0.8618307142010466,0.6632288578813049,0.1986018572193147,resnet32,0.7088,0.7086,0.8499789549545809,0.6622926025143401,0.18768635303290052,resnet32,0.7019,0.6966,0.8934265375560657,0.6953159770081666,0.19811056084422904,resnet32,0.7068,0.7004,0.8514455637301911,0.6614365018480881,0.19000906109894541,resnet32,0.6978,0.7056,0.8566239295019344,0.6650404459796846,0.19158348177602005,resnet32,0.705,0.7046,0.8530760073441673,0.6640882806175135,0.1889877263456583,resnet32,0.7066,0.7058,0.8702459651130167,0.6772048178721558,0.1930411501194943,resnet32,0.7054,0.7096,0.854333323595876,0.6602782301012088,0.19405509333591908,resnet32,0.7079,0.7074,0.856185120953755,0.659532559315928,0.19665256214582108,9000000.0,5000.0,36010000.0,4573270000.0,54879240000.0
resnet32x12_cifar100_K12_mwmd2_seed0002_d011,d011,resnet32:12,cifar100,12,matched,mwmd2,peers,2,200,64,0.1,0.9,0.0005,True,0,60,0.1,1.0,2,,disagreement,1.0,1,0.0,0.5,weight,complete,0.0,0.0,42,0,45000,5000,10000,5640048,127,0.0010000000000000002,2,180.75,0.7086,0.0037956115010188748,0.701,0.7156,0.7411,0.03249999999999997,0.7072666666666666,0.7434,0.2123757575757574,0.690044281176699,0.214260606060606,0.6874876720073446,0.7086,resnet32,0.7156,0.715,0.8607166679152711,0.6637879618528214,0.19692870523695918,resnet32,0.7128,0.7104,0.8418018962679938,0.6516991778784855,0.19010272026273675,resnet32,0.7106,0.7088,0.8329263840040023,0.6405923217111691,0.1923340628643266,resnet32,0.7115,0.7118,0.8544063948687505,0.6603671717880801,0.19403922215993094,resnet32,0.7072,0.7052,0.8516939546574246,0.6593828483230688,0.1923111045563763,resnet32,0.701,0.6904,0.8912935776805336,0.6898267676376484,0.20146680957722393,resnet32,0.7102,0.706,0.8529486477544362,0.6611639976670797,0.1917846497275274,resnet32,0.7038,0.7048,0.8535769522105429,0.6611814294010401,0.1923955234127458,resnet32,0.7071,0.7058,0.8532898348163475,0.6579812568273734,0.195308580042117,resnet32,0.7062,0.7068,0.8760302069342949,0.6743981828489765,0.20163202460389584,resnet32,0.7091,0.7086,0.8459084718488157,0.6550451005724344,0.19086337225003677,resnet32,0.7081,0.7136,0.8489835923537612,0.6567949846132912,0.1921886089152064,9000000.0,5000.0,36010000.0,4609280000.0,55311360000.0
resnet32x12_cifar100_K12_mwmd2_seed0002_d011,d011,resnet32:12,cifar100,12,matched,mwmd2,peers,2,200,64,0.1,0.9,0.0005,True,0,60,0.1,1.0,2,,disagreement,1.0,1,0.0,0.5,weight,complete,0.0,0.0,42,0,45000,5000,10000,5640048,128,0.0010000000000000002,2,180.65,0.7078666666666668,0.00349769765544265,0.7016,0.7134,0.7425,0.034633333333333294,0.7072833333333333,0.7424,0.2132727272727272,0.68560417212915,0.21694848484848478,0.6869318766048227,0.7078666666666668,resnet32,0.7134,0.7118,0.8536881545812569,0.6540618922815404,0.19962626368611713,resnet32,0.7133,0.7056,0.8429610891775652,0.6457054225981913,0.1972556678599424,resnet32,0.7102,0.7144,0.8307331571016799,0.6342293697155335,0.19650378840213473,resnet32,0.7096,0.7088,0.8456621461293914,0.6516961253840815,0.19396602095697413,resnet32,0.7055,0.7084,0.8428627178919587,0.6503134008750997,0.19254931780001658,resnet32,0.7016,0.6962,0.8813476702198386,0.6840975997038186,0.19725006990219382,resnet32,0.7077,0.7074,0.844055556438186,0.650314351586117,0.1937412036244165,resnet32,0.7031,0.7066,0.845642619215968,0.6527564598416741,0.1928861596917903,resnet32,0.71,0.704,0.8491189320656386,0.6537382165816698,0.19538071520880543,resnet32,0.7064,0.71,0.8561873283575882,0.6613853287629106,0.19480200042016804,resnet32,0.7077,0.7086,0.837481209373271,0.6454002318734472,0.19208097764798862,resnet32,0.7059,0.7056,0.838963321833448,0.6464911883019588,0.19247213602912697,9000000.0,5000.0,36010000.0,4645290000.0,55743480000.0
resnet32x12_cifar100_K12_mwmd2_seed0002_d011,d011,resnet32:12,cifar100,12,matched,mwmd2,peers,2,200,64,0.1,0.9,0.0005,True,0,60,0.1,1.0,2,,disagreement,1.0,1,0.0,0.5,weight,complete,0.0,0.0,42,0,45000,5000,10000,5640048,129,0.0010000000000000002,2,180.78,0.7096,0.004151505750929418,0.6984,0.7173,0.7436,0.03400000000000003,0.7059666666666665,0.7406,0.21535454545454544,0.686324674374404,0.21694545454545455,0.6860082663850459,0.7096,resnet32,0.7173,0.709,0.8426032852042805,0.6433728835968808,0.19923040105707265,resnet32,0.7134,0.7082,0.8284756325354631,0.6366083994084462,0.19186723274602133,resnet32,0.7101,0.7102,0.818144235378978,0.6230961062776094,0.1950481285087087,resnet32,0.7106,0.7086,0.8345838570967317,0.6406240855258974,0.19395977118983865,resnet32,0.7085,0.7088,0.8341725822538137,0.6395537951876494,0.19461878693916582,resnet32,0.6984,0.6882,0.8726625626229427,0.6714322597042404,0.20123030329969796,resnet32,0.7102,0.704,0.8367751598019492,0.6421746506186371,0.19460050958547404,resnet32,0.7085,0.7022,0.8356665885922584,0.6433635873466053,0.19230300070590933,resnet32,0.7095,0.706,0.8375037031417544,0.6423734371042387,0.19513026502152736,resnet32,0.709,0.709,0.8536649255759337,0.6532696404240348,0.20039528695104475,resnet32,0.7111,0.7078,0.826935915615071,0.6348943707787178,0.19204154492101885,resnet32,0.7086,0.7096,0.8333598941733892,0.6390142234634947,0.19434567060406235,9000000.0,5000.0,36010000.0,4681300000.0,56175600000.0
resnet32x12_cifar100_K12_mwmd2_seed0002_d011,d011,resnet32:12,cifar100,12,matched,mwmd2,peers,2,200,64,0.1,0.9,0.0005,True,0,60,0.1,1.0,2,,disagreement,1.0,1,0.0,0.5,weight,complete,0.0,0.0,42,0,45000,5000,10000,5640048,130,0.0010000000000000002,2,180.59,0.7091583333333333,0.004614191574792805,0.6972,0.7143,0.746,0.03684166666666666,0.7082833333333333,0.7438,0.21428484848484855,0.6848510844084954,0.21705454545454544,0.6870631601391444,0.7091583333333333,resnet32,0.7143,0.7112,0.839732534844767,0.6395063028162853,0.20022623056799851,resnet32,0.7137,0.709,0.8267629192295399,0.63128496367823,0.19547795507506552,resnet32,0.7109,0.7112,0.8118886951018464,0.6198183063587005,0.19207038925114003,resnet32,0.7124,0.7154,0.832887842785567,0.6367487093349072,0.19613913296383212,resnet32,0.7093,0.71,0.8289472852748904,0.6361209135502577,0.19282637197862973,resnet32,0.6972,0.6944,0.8708059519360011,0.6689290582541038,0.20187689319506966,resnet32,0.707,0.706,0.8304333331232722,0.6354238420555537,0.1950094905068082,resnet32,0.7038,0.7042,0.8308864706619219,0.6371424257416617,0.193744045460004,resnet32,0.7105,0.7066,0.8430463416840542,0.6390205193734304,0.20402582245878875,resnet32,0.7077,0.7134,0.8458959544924173,0.6489075149240141,0.19698843899690968,resnet32,0.7128,0.7098,0.8337242466990243,0.6334620947018266,0.2002621506848796,resnet32,0.7103,0.7082,0.8255927709185265,0.6333909637125378,0.19220180705782364,9000000.0,5000.0,36010000.0,4717310000.0,56607720000.0
resnet32x12_cifar100_K12_mwmd2_seed0002_d011,d011,resnet32:12,cifar100,12,matched,mwmd2,peers,2,200,64,0.1,0.9,0.0005,True,0,60,0.1,1.0,2,,disagreement,1.0,1,0.0,0.5,weight,complete,0.0,0.0,42,0,45000,5000,10000,5640048,131,0.0010000000000000002,2,180.77,0.7099916666666667,0.0038534526365614184,0.7002,0.7165,0.746,0.03600833333333331,0.7082333333333333,0.7434,0.21484545454545453,0.6854312214720194,0.2160333333333333,0.6849209778879879,0.7099916666666667,resnet32,0.7165,0.71,0.8356449975716796,0.6332679763436317,0.20237702169370922,resnet32,0.7131,0.712,0.8157879381694577,0.6231189862486314,0.19266895114825192,resnet32,0.7123,0.713,0.8041584084911103,0.6096670970913362,0.19449131247926166,resnet32,0.712,0.7108,0.8255997186695988,0.627334223213521,0.19826549568890847,resnet32,0.7121,0.7138,0.827145545404743,0.6290250233459201,0.19812052250331777,resnet32,0.7002,0.6936,0.8642839837650006,0.6616312823766335,0.2026527008168738,resnet32,0.7071,0.704,0.8235881200737574,0.6266340963881124,0.19695402330464937,resnet32,0.7094,0.7102,0.8253811064430259,0.6295672226697206,0.19581388478929346,resnet32,0.7085,0.6998,0.8297899682921442,0.6295023333619941,0.2002876353323121,resnet32,0.7092,0.7086,0.8478479758751664,0.643767514477738,0.2040804619689218,resnet32,0.7113,0.7102,0.8210436374118383,0.6270392002453181,0.1940044368384406,resnet32,0.7082,0.7128,0.820230327969925,0.6251274544999681,0.19510287355462258,9000000.0,5000.0,36010000.0,4753320000.0,57039840000.0
resnet32x12_cifar100_K12_mwmd2_seed0002_d011,d011,resnet32:12,cifar100,12,matched,mwmd2,peers,2,200,64,0.1,0.9,0.0005,True,0,60,0.1,1.0,2,,disagreement,1.0,1,0.0,0.5,weight,complete,0.0,0.0,42,0,45000,5000,10000,5640048,132,0.0010000000000000002,2,180.9,0.7103916666666666,0.004236047358354491,0.7002,0.7181,0.747,0.036608333333333354,0.7080500000000001,0.742,0.2188212121212121,0.67870471854451,0.21934848484848485,0.6764150694085608,0.7103916666666666,resnet32,0.7181,0.7144,0.8225333974696696,0.6276877254501663,0.19484567259099672,resnet32,0.7127,0.712,0.8175241536545482,0.6176079389723864,0.1999162133486772,resnet32,0.7128,0.7116,0.8042140498080037,0.6056227599778636,0.19859128860248762,resnet32,0.711,0.7118,0.8305113393474709,0.6278527467934922,0.2026585925539786,resnet32,0.7098,0.7148,0.8194188887930729,0.6232955361377787,0.19612335368186573,resnet32,0.7002,0.6968,0.8564980893649838,0.6548501667989926,0.2016479222379117,resnet32,0.7081,0.7012,0.8196255618875677,0.6232695129530673,0.1963560483524237,resnet32,0.7064,0.7074,0.8195202978835865,0.6260400584221564,0.19348023913335055,resnet32,0.7119,0.7074,0.8310119317505847,0.6252502551386979,0.2057616761462255,resnet32,0.7086,0.7058,0.8357611042870716,0.6376952739771117,0.1980658326276832,resnet32,0.714,0.7034,0.8147856840355829,0.61930420643396,0.19548147681846537,resnet32,0.7111,0.71,0.817748506299474,0.6226245558566668,0.19512395177629183,9000000.0,5000.0,36010000.0,4789330000.0,57471960000.0
resnet32x12_cifar100_K12_mwmd2_seed0002_d011,d011,resnet32:12,cifar100,12,matched,mwmd2,peers,2,200,64,0.1,0.9,0.0005,True,0,60,0.1,1.0,2,,disagreement,1.0,1,0.0,0.5,weight,complete,0.0,0.0,42,0,45000,5000,10000,5640048,133,0.0010000000000000002,2,180.73,0.7107666666666668,0.004162598013527377,0.7012,0.7191,0.7485,0.037733333333333285,0.7087499999999999,0.744,0.2163454545454545,0.6850552494902711,0.21942727272727278,0.6781424630575383,0.7107666666666668,resnet32,0.7191,0.7124,0.821639231744815,0.6189294206401841,0.2027098112951287,resnet32,0.7103,0.7114,0.8087105860679664,0.6107353140092031,0.19797527133910495,resnet32,0.7127,0.7092,0.8034821725027128,0.5987391327084466,0.20474303970960053,resnet32,0.7102,0.7148,0.8116699762811715,0.6167263036001135,0.19494367301972074,resnet32,0.7135,0.7086,0.8109092764471743,0.6143805682235821,0.1965287083717571,resnet32,0.7012,0.6962,0.8548266462643038,0.6514853096821092,0.20334133601070128,resnet32,0.7128,0.7082,0.8127449380064552,0.615873757453466,0.196871181441979,resnet32,0.7053,0.7042,0.8180086866698482,0.6158540736968544,0.20215461199933832,resnet32,0.7112,0.7078,0.819219883531332,0.6175892633724619,0.20163062083619562,resnet32,0.7114,0.7116,0.8341537132351236,0.630978736222129,0.2031749782194807,resnet32,0.7102,0.7074,0.8089688636193221,0.6120563096959483,0.19691255436786873,resnet32,0.7113,0.7132,0.8100191800939766,0.6135738290507685,0.1964453502177176,9000000.0,5000.0,36010000.0,4825340000.0,57904080000.0
resnet32x12_cifar100_K12_mwmd2_seed0002_d011,d011,resnet32:12,cifar100,12,matched,mwmd2,peers,2,200,64,0.1,0.9,0.0005,True,0,60,0.1,1.0,2,,disagreement,1.0,1,0.0,0.5,weight,complete,0.0,0.0,42,0,45000,5000,10000,5640048,134,0.0010000000000000002,2,180.71,0.7097416666666666,0.004456915662453366,0.6983,0.7156,0.7458,0.036058333333333414,0.7094833333333334,0.7428,0.21621818181818186,0.6814366860737285,0.21897878787878777,0.6797904965872678,0.7097416666666666,resnet32,0.7156,0.7086,0.8169305068864063,0.6105168242938817,0.20641368164003573,resnet32,0.7138,0.7168,0.801769390321252,0.6028359827839516,0.19893340726213699,resnet32,0.7146,0.7152,0.7919107035903091,0.5938743590377271,0.1980363448806615,resnet32,0.7102,0.7114,0.8182468132793226,0.6097008139741692,0.20854599938981913,resnet32,0.7121,0.7132,0.8089025295762853,0.6081674621779133,0.20073506811803038,resnet32,0.6983,0.6952,0.8468114377253435,0.6408210807818581,0.20599035716573286,resnet32,0.7073,0.711,0.8091574023393068,0.6103567335839298,0.19880066812038422,resnet32,0.7063,0.7036,0.8076116237789392,0.6103285932913423,0.1972830307733437,resnet32,0.7113,0.7112,0.8095191717147827,0.6109931790269911,0.19852599089922893,resnet32,0.7076,0.7082,0.8240286103788425,0.622081802522933,0.2019468069034205,resnet32,0.7088,0.7054,0.8014097612097182,0.6048085224306718,0.19660123871554705,resnet32,0.711,0.714,0.8069116095588966,0.6052051480774853,0.20170646222223612,9000000.0,5000.0,36010000.0,4861350000.0,58336200000.0
resnet32x12_cifar100_K12_mwmd2_seed0002_d011,d011,resnet32:12,cifar100,12,matched,mwmd2,peers,2,200,64,0.1,0.9,0.0005,True,0,60,0.1,1.0,2,,disagreement,1.0,1,0.0,0.5,weight,complete,0.0,0.0,42,0,45000,5000,10000,5640048,135,0.0010000000000000002,2,180.72,0.7098,0.005195992045156861,0.6965,0.7194,0.7495,0.03970000000000007,0.7066166666666667,0.7428,0.21998484848484845,0.6793129975055076,0.22011060606060603,0.6774675881416115,0.7098,resnet32,0.7194,0.7108,0.8193661691197618,0.6116593718444082,0.20770679700019007,resnet32,0.7125,0.7102,0.7985525044019927,0.6024414106187496,0.19611109459815038,resnet32,0.7136,0.7112,0.7877229769206182,0.5905410053039138,0.19718197124629197,resnet32,0.7112,0.7122,0.8110229265452786,0.6097220842811194,0.20130084184083072,resnet32,0.7122,0.712,0.8137166205878285,0.606103001924401,0.20761361692778088,resnet32,0.6965,0.6886,0.8474726654081182,0.6399166708473455,0.20755599426444282,resnet32,0.7108,0.7048,0.8069279759444974,0.6082091355188326,0.198718841441653,resnet32,0.7053,0.704,0.8118669583716176,0.6093549151820216,0.20251204342242668,resnet32,0.7097,0.7056,0.8078347061845389,0.6079818700355563,0.19985283649822866,resnet32,0.7097,0.7052,0.8255744559944354,0.6219340769828043,0.2036403778474778,resnet32,0.7083,0.704,0.8052306898700242,0.6026169316081161,0.2026137581772425,resnet32,0.7084,0.7108,0.8056842000647024,0.6049890179102394,0.20069518323395064,9000000.0,5000.0,36010000.0,4897360000.0,58768320000.0
resnet32x12_cifar100_K12_mwmd2_seed0002_d011,d011,resnet32:12,cifar100,12,matched,mwmd2,peers,2,200,64,0.1,0.9,0.0005,True,0,60,0.1,1.0,2,,disagreement,1.0,1,0.0,0.5,weight,complete,0.0,0.0,42,0,45000,5000,10000,5640048,136,0.0010000000000000002,2,180.86,0.71005,0.004248431082960697,0.6975,0.7142,0.7486,0.038550000000000084,0.7089833333333333,0.7446,0.2173787878787878,0.6791640555354674,0.2211015151515151,0.6783316141309625,0.71005,resnet32,0.7139,0.7128,0.8142245790328492,0.6071603295223956,0.20706424955278635,resnet32,0.7124,0.7126,0.8010876368392598,0.5957771533761512,0.20531048301861368,resnet32,0.712,0.7102,0.7869027451273393,0.5856487912295217,0.2012539536438205,resnet32,0.711,0.71,0.8078441614369777,0.6035020969046111,0.20434206491336226,resnet32,0.7077,0.7128,0.8046561494808305,0.602563883474266,0.20209226647222583,resnet32,0.6975,0.6952,0.8403102126480504,0.6353860584257002,0.2049241539260203,resnet32,0.7142,0.7074,0.8075087384998121,0.6036707242442803,0.20383801382162015,resnet32,0.7093,0.7064,0.8063791839575226,0.6034742344848134,0.2029049496420405,resnet32,0.7118,0.7104,0.8091045761142265,0.6055950488979843,0.20350952592509036,resnet32,0.709,0.7088,0.8220274213870818,0.6157915032130074,0.20623591722158546,resnet32,0.7093,0.7098,0.7988464493219826,0.5997257059524682,0.19912074370817703,resnet32,0.7125,0.7114,0.802696761929176,0.6019810004244474,0.2007157611448995,9000000.0,5000.0,36010000.0,4933370000.0,59200440000.0
resnet32x12_cifar100_K12_mwmd2_seed0002_d011,d011,resnet32:12,cifar100,12,matched,mwmd2,peers,2,200,64,0.1,0.9,0.0005,True,0,60,0.1,1.0,2,,disagreement,1.0,1,0.0,0.5,weight,complete,0.0,0.0,42,0,45000,5000,10000,5640048,137,0.0010000000000000002,2,180.86,0.7101583333333333,0.004243909034002598,0.6985,0.7161,0.7497,0.0395416666666667,0.7093999999999999,0.7442,0.21765151515151512,0.681797161085668,0.22179848484848477,0.6731801163110379,0.7101583333333333,resnet32,0.7161,0.7138,0.8057183899324049,0.6024625907990743,0.20325579873116856,resnet32,0.7112,0.7106,0.8000087241049517,0.5932776303538545,0.20673109375109727,resnet32,0.7138,0.7082,0.7874163765968247,0.5819347117265518,0.2054816639389504,resnet32,0.7105,0.7132,0.8047419271685861,0.600845710882409,0.20389621685767037,resnet32,0.7092,0.7086,0.7994090400805528,0.5970726406879046,0.20233640021813865,resnet32,0.6985,0.6978,0.83941775217483,0.6298057030547749,0.20961204905655573,resnet32,0.707,0.7032,0.802916363262656,0.5987872713753446,0.2041290915063159,resnet32,0.7091,0.705,0.8016698607666926,0.6004783620380543,0.20119149863338945,resnet32,0.7106,0.7142,0.8149357685734603,0.6020231471312317,0.21291262032040817,resnet32,0.7097,0.7138,0.8130473690954122,0.6091569353487681,0.203890434296971,resnet32,0.7125,0.7132,0.8020811686292291,0.5942598480561917,0.20782131905963813,resnet32,0.7137,0.7112,0.7999123407273807,0.5971121529371224,0.20280018721876497,9000000.0,5000.0,36010000.0,4969380000.0,59632560000.0
resnet32x12_cifar100_K12_mwmd2_seed0002_d011,d011,resnet32:12,cifar100,12,matched,mwmd2,peers,2,200,64,0.1,0.9,0.0005,True,0,60,0.1,1.0,2,,disagreement,1.0,1,0.0,0.5,weight,complete,0.0,0.0,42,0,45000,5000,10000,5640048,138,0.0010000000000000002,2,180.72,0.7096083333333333,0.0035977906028870376,0.6987,0.7144,0.7462,0.03659166666666669,0.7094,0.7474,0.2206484848484848,0.6767444344129493,0.22249848484848486,0.6750108875973774,0.7096083333333333,resnet32,0.7144,0.7174,0.7943061241372065,0.5927706823938272,0.20153544167988002,resnet32,0.7113,0.7086,0.7886633427644317,0.5839387216097252,0.20472462123937227,resnet32,0.7097,0.7114,0.7870282662016425,0.5742294836620038,0.21279878146015108,resnet32,0.711,0.7158,0.7951023821634325,0.5883739961903881,0.20672838331665844,resnet32,0.7098,0.7078,0.791925021531907,0.588180582631718,0.20374443953518162,resnet32,0.6987,0.698,0.832355409564281,0.6254973278634928,0.20685808068480005,resnet32,0.7107,0.7092,0.7990259081125259,0.592024861623279,0.2070010459600863,resnet32,0.7077,0.7028,0.7969546436586163,0.5943174734288319,0.2026371703461998,resnet32,0.711,0.7092,0.7929972503757612,0.5923295291987333,0.2006677220554345,resnet32,0.7106,0.7124,0.8100849409079687,0.6048231480473821,0.20526179214092818,resnet32,0.7104,0.7094,0.7837642129849304,0.584441590546207,0.1993226233912124,resnet32,0.71,0.7108,0.7915535734289072,0.58985707688738,0.20169649776917967,9000000.0,5000.0,36010000.0,5005390000.0,60064680000.0
resnet32x12_cifar100_K12_mwmd2_seed0002_d011,d011,resnet32:12,cifar100,12,matched,mwmd2,peers,2,200,64,0.1,0.9,0.0005,True,0,60,0.1,1.0,2,,disagreement,1.0,1,0.0,0.5,weight,complete,0.0,0.0,42,0,45000,5000,10000,5640048,139,0.0010000000000000002,2,180.76,0.7115416666666667,0.005142220391577501,0.6982,0.7209,0.7501,0.03855833333333325,0.7104833333333334,0.746,0.22059090909090914,0.672070291181916,0.22157878787878799,0.6750918312724499,0.7115416666666667,resnet32,0.7209,0.7178,0.8041308386759325,0.59254925431345,0.21158158508214084,resnet32,0.714,0.717,0.7851315956054763,0.5853104278106581,0.1998211672021584,resnet32,0.7128,0.7136,0.7792613379741934,0.570163959467953,0.20909737806174566,resnet32,0.7127,0.7146,0.8031044269657948,0.5924322669902309,0.21067215982739898,resnet32,0.7123,0.7108,0.789138295179741,0.5864967015910555,0.2026415937368504,resnet32,0.6982,0.694,0.8342037583616647,0.6245124796405435,0.20969127863645554,resnet32,0.7124,0.7076,0.7959129964848134,0.591476306276904,0.20443668969991532,resnet32,0.7115,0.7076,0.8007907415740192,0.5954749698073349,0.2053157734176652,resnet32,0.7111,0.7084,0.7994169276207685,0.5919395153918727,0.20747741225006228,resnet32,0.7097,0.7094,0.8128156004134904,0.603006565774029,0.20980903451246294,resnet32,0.7071,0.7106,0.7923747607591477,0.5869648373601112,0.20540992378003217,resnet32,0.7158,0.7144,0.7917611709033902,0.5881710849194364,0.20359008680944415,9000000.0,5000.0,36010000.0,5041400000.0,60496800000.0
resnet32x12_cifar100_K12_mwmd2_seed0002_d011,d011,resnet32:12,cifar100,12,matched,mwmd2,peers,2,200,64,0.1,0.9,0.0005,True,0,60,0.1,1.0,2,,disagreement,1.0,1,0.0,0.5,weight,complete,0.0,0.0,42,0,45000,5000,10000,5640048,140,0.0010000000000000002,2,180.99,0.7107666666666668,0.004868321636411812,0.6995,0.7188,0.7491,0.03833333333333322,0.7114166666666667,0.747,0.2186242424242424,0.6757132706546212,0.22181666666666666,0.6731290423916104,0.7107666666666668,resnet32,0.7188,0.7128,0.8025503686036576,0.5911236226728017,0.21142674595202235,resnet32,0.7139,0.7124,0.7818707891485908,0.5802589350126006,0.20161185335283252,resnet32,0.7128,0.716,0.7695494715801694,0.5678289977579631,0.201720473959788,resnet32,0.7129,0.7178,0.7883178065954284,0.5835091952149841,0.20480861178260634,resnet32,0.7088,0.7098,0.7948119041340594,0.5826076398264955,0.21220426389481872,resnet32,0.6995,0.6994,0.828744382597506,0.6171281393617392,0.21161624238911,resnet32,0.7093,0.7112,0.7891629324294627,0.5860782730477777,0.20308466058817098,resnet32,0.7052,0.7064,0.7949202840047126,0.5889470472677865,0.2059732381127436,resnet32,0.7135,0.7094,0.7893223784101958,0.5839064489542083,0.20541592858816413,resnet32,0.7072,0.7172,0.8090770507062023,0.5999927989799868,0.20908425212837756,resnet32,0.7142,0.7126,0.7866590288891033,0.5825567065992139,0.204102321411483,resnet32,0.7131,0.712,0.7942932768386196,0.585286620200019,0.2090066552839496,9000000.0,5000.0,36010000.0,5077410000.0,60928920000.0
resnet32x12_cifar100_K12_mwmd2_seed0002_d011,d011,resnet32:12,cifar100,12,matched,mwmd2,peers,2,200,64,0.1,0.9,0.0005,True,0,60,0.1,1.0,2,,disagreement,1.0,1,0.0,0.5,weight,complete,0.0,0.0,42,0,45000,5000,10000,5640048,141,0.0010000000000000002,2,180.85,0.709225,0.004416658805024464,0.6988,0.7183,0.7457,0.036475000000000035,0.7094333333333335,0.7454,0.22035151515151521,0.674908034028764,0.22340909090909092,0.67447894728504,0.709225,resnet32,0.7183,0.7134,0.7983915739777413,0.5865606182593514,0.2118309551786462,resnet32,0.7112,0.7084,0.7829937558113174,0.5777146744287827,0.2052790807052092,resnet32,0.7099,0.7134,0.767323880456388,0.5628815616311674,0.20444231924854897,resnet32,0.7081,0.7122,0.7897542622787032,0.5822524843652818,0.20750177835791625,resnet32,0.7086,0.7064,0.7888482601635836,0.5843795636160807,0.20446869716132907,resnet32,0.6988,0.698,0.8306003756905821,0.6157266118309714,0.21487376451576976,resnet32,0.7127,0.7108,0.788304996973073,0.5825756235386838,0.20572937277823009,resnet32,0.7046,0.7068,0.7936355992728337,0.5863809251141819,0.20725467408456924,resnet32,0.7096,0.7098,0.7955759973265231,0.5852661040103571,0.21030989337966524,resnet32,0.7092,0.7152,0.8121687928214669,0.595812308898365,0.21635648400776766,resnet32,0.711,0.7112,0.7901121073995124,0.5809057134796273,0.2092063937717202,resnet32,0.7087,0.7076,0.7835193300535056,0.5802821433594958,0.20323718741366809,9000000.0,5000.0,36010000.0,5113420000.0,61361040000.0
resnet32x12_cifar100_K12_mwmd2_seed0002_d011,d011,resnet32:12,cifar100,12,matched,mwmd2,peers,2,200,64,0.1,0.9,0.0005,True,0,60,0.1,1.0,2,,disagreement,1.0,1,0.0,0.5,weight,complete,0.0,0.0,42,0,45000,5000,10000,5640048,142,0.0010000000000000002,2,180.64,0.7104499999999999,0.004256074090833791,0.6999,0.7179,0.7476,0.03715000000000013,0.7087000000000002,0.743,0.2222151515151515,0.6727107057847812,0.22296060606060614,0.6743906580010318,0.7104499999999999,resnet32,0.7179,0.7174,0.7821069756438109,0.5772335238924081,0.2048734516138211,resnet32,0.7151,0.7126,0.7764158431355926,0.570937198036435,0.20547864427366716,resnet32,0.7115,0.7154,0.761881781953641,0.5577053275297988,0.2041764546143399,resnet32,0.7088,0.7088,0.7817655752666972,0.5740856416523457,0.20767993323335593,resnet32,0.711,0.7092,0.7849274778484621,0.5747984150339934,0.2101290634071285,resnet32,0.6999,0.696,0.8202656563794748,0.6074823453937742,0.21278331193818964,resnet32,0.7123,0.711,0.7797886747866869,0.5749091950922527,0.20487947996959768,resnet32,0.7065,0.7038,0.7852182752368125,0.5779988751746714,0.20721939942714843,resnet32,0.7099,0.7094,0.7921649036844346,0.5760731269097463,0.21609177624552764,resnet32,0.709,0.7066,0.7956113085912709,0.5869015063667162,0.2087098007005724,resnet32,0.7117,0.7038,0.7826527675021101,0.571013740348545,0.21163902804255486,resnet32,0.7118,0.7104,0.7782980805601586,0.5742742006497626,0.20402387944473463,9000000.0,5000.0,36010000.0,5149430000.0,61793160000.0
resnet32x12_cifar100_K12_mwmd2_seed0002_d011,d011,resnet32:12,cifar100,12,matched,mwmd2,peers,2,200,64,0.1,0.9,0.0005,True,0,60,0.1,1.0,2,,disagreement,1.0,1,0.0,0.5,weight,complete,0.0,0.0,42,0,45000,5000,10000,5640048,143,0.0010000000000000002,2,180.76,0.7102749999999999,0.0034622066662751507,0.7018,0.7143,0.7478,0.03752500000000014,0.7088666666666666,0.7438,0.22124545454545455,0.6758477056389887,0.22333181818181816,0.672838766328143,0.7102749999999999,resnet32,0.7143,0.7144,0.78980514542623,0.5787174565802243,0.21108768778768452,resnet32,0.714,0.7088,0.7737375529567626,0.5709915139119733,0.2027460387696258,resnet32,0.7135,0.7132,0.763385730583898,0.5572739410298791,0.2061117892153561,resnet32,0.7099,0.712,0.7929261247204109,0.5777016512795605,0.2152244729540226,resnet32,0.7103,0.708,0.781499382616444,0.575373992450874,0.20612538984807377,resnet32,0.7018,0.6986,0.8235453543337908,0.6086711281995204,0.21487422816624696,resnet32,0.7118,0.71,0.7814338953572918,0.5746791822073812,0.20675471233500337,resnet32,0.705,0.7064,0.7877458014356141,0.5792402832938189,0.2085055178560486,resnet32,0.7101,0.7084,0.790254506917501,0.5778595521961424,0.21239495475310832,resnet32,0.7107,0.7086,0.8003141271289099,0.5897507391954687,0.21056338685395365,resnet32,0.7112,0.7062,0.7827234230935574,0.5740149256942625,0.2087084973887117,resnet32,0.7107,0.7118,0.7798248698765581,0.5732312723570927,0.20659359749829906,9000000.0,5000.0,36010000.0,5185440000.0,62225280000.0
resnet32x12_cifar100_K12_mwmd2_seed0002_d011,d011,resnet32:12,cifar100,12,matched,mwmd2,peers,2,200,64,0.1,0.9,0.0005,True,0,60,0.1,1.0,2,,disagreement,1.0,1,0.0,0.5,weight,complete,0.0,0.0,42,0,45000,5000,10000,5640048,144,0.0010000000000000002,2,180.83,0.7095250000000001,0.004330343519860756,0.6986,0.7165,0.749,0.03947499999999993,0.7092333333333333,0.7468,0.22221515151515153,0.6703800383326846,0.2249606060606061,0.6711120811258298,0.7095250000000001,resnet32,0.7165,0.7118,0.781631881752136,0.5754897219806232,0.20614216004667635,resnet32,0.7131,0.7144,0.7773765081285753,0.5673292369412427,0.21004727061583914,resnet32,0.7114,0.7134,0.7598657484420321,0.5508041901259937,0.20906155751171437,resnet32,0.7124,0.7126,0.7833732073618607,0.5737324278717014,0.20964078020981766,resnet32,0.7077,0.7064,0.7798501784828576,0.5713031919334423,0.2085469858085906,resnet32,0.6986,0.6946,0.8236937185072086,0.605582941535183,0.21811077764935113,resnet32,0.7087,0.7112,0.7805431791242551,0.5714829962869937,0.20906018266793003,resnet32,0.7059,0.7048,0.777983546553349,0.5732491616667672,0.20473438471725042,resnet32,0.7108,0.7098,0.7918298786760054,0.5752175620926375,0.2166123165833679,resnet32,0.7072,0.7086,0.8006530718623914,0.5844800126823512,0.21617305962453512,resnet32,0.7096,0.7086,0.7723497436805205,0.5652910224162042,0.20705872020599517,resnet32,0.7124,0.7146,0.7765591742301529,0.5687289273112335,0.20783024736341427,9000000.0,5000.0,36010000.0,5221450000.0,62657400000.0
resnet32x12_cifar100_K12_mwmd2_seed0002_d011,d011,resnet32:12,cifar100,12,matched,mwmd2,peers,2,200,64,0.1,0.9,0.0005,True,0,60,0.1,1.0,2,,disagreement,1.0,1,0.0,0.5,weight,complete,0.0,0.0,42,0,45000,5000,10000,5640048,145,0.0010000000000000002,2,180.75,0.70945,0.0031306282649546935,0.7005,0.7141,0.7476,0.03815000000000002,0.7089333333333334,0.7482,0.2206727272727273,0.6747360326599707,0.22370151515151518,0.674189295308297,0.70945,resnet32,0.7141,0.7144,0.7761936495503918,0.5684624607674778,0.2077311889416623,resnet32,0.7097,0.7116,0.7741644073870372,0.5636478407223794,0.2105165659661659,resnet32,0.712,0.7102,0.7613131290047683,0.5505950287915766,0.2107181011656807,resnet32,0.7096,0.7148,0.7798918431455438,0.5693739116276529,0.21051793240688063,resnet32,0.7082,0.7106,0.7859522691419856,0.5684024493464015,0.21754982044116,resnet32,0.7005,0.698,0.8202824069356377,0.6013769775375046,0.2189054286149754,resnet32,0.7093,0.7066,0.7757893235592003,0.5658848317848011,0.20990449128757147,resnet32,0.7088,0.7052,0.7784681516614828,0.570892139845951,0.2075760125034404,resnet32,0.7095,0.7046,0.782841426066377,0.5699674188244072,0.21287400787696242,resnet32,0.7099,0.7098,0.7972230302085254,0.5803330663845621,0.2168899625963108,resnet32,0.7121,0.7106,0.7727646006863903,0.5650728812695227,0.207691719988361,resnet32,0.7097,0.7108,0.7730620353567329,0.5648781196214259,0.20818391675129533,9000000.0,5000.0,36010000.0,5257460000.0,63089520000.0
resnet32x12_cifar100_K12_mwmd2_seed0002_d011,d011,resnet32:12,cifar100,12,matched,mwmd2,peers,2,200,64,0.1,0.9,0.0005,True,0,60,0.1,1.0,2,,disagreement,1.0,1,0.0,0.5,weight,complete,0.0,0.0,42,0,45000,5000,10000,5640048,146,0.0010000000000000002,2,181.16,0.7088416666666667,0.004344624712088349,0.6974,0.7162,0.7462,0.03735833333333327,0.7091500000000001,0.746,0.2259181818181818,0.6660357373182823,0.22854848484848486,0.6667163110846559,0.7088416666666667,resnet32,0.7162,0.7076,0.7742250835184347,0.5670620863410559,0.20716299609789116,resnet32,0.7117,0.7122,0.7737230409614064,0.562523758419874,0.21119928326119075,resnet32,0.711,0.716,0.7586796648631041,0.5467724668878046,0.21190719812346454,resnet32,0.7107,0.7106,0.7763035682622682,0.5667757582427426,0.20952781110959637,resnet32,0.7116,0.7136,0.7864635635844686,0.5650890838693489,0.22137447899546137,resnet32,0.6974,0.6978,0.8131163224831901,0.5973853533664211,0.21573096968826244,resnet32,0.708,0.711,0.7757735322652892,0.565552881791849,0.2102206503464417,resnet32,0.7053,0.7088,0.7795750096186318,0.5720180392434652,0.20755697024816816,resnet32,0.7092,0.7058,0.7767060795290903,0.564734127203172,0.21197195337365635,resnet32,0.7071,0.7076,0.7931115497326986,0.5812153000892564,0.21189624957994305,resnet32,0.7097,0.7104,0.7816020075485788,0.5650687173262916,0.2165332902540368,resnet32,0.7082,0.7084,0.7709564337168228,0.5615104967304929,0.20944593782240356,9000000.0,5000.0,36010000.0,5293470000.0,63521640000.0
resnet32x12_cifar100_K12_mwmd2_seed0002_d011,d011,resnet32:12,cifar100,12,matched,mwmd2,peers,2,200,64,0.1,0.9,0.0005,True,0,60,0.1,1.0,2,,disagreement,1.0,1,0.0,0.5,weight,complete,0.0,0.0,42,0,45000,5000,10000,5640048,147,0.0010000000000000002,2,180.73,0.7098750000000001,0.003969073149573681,0.7019,0.7175,0.7498,0.03992499999999988,0.7111833333333334,0.7486,0.22360303030303036,0.6657690726685055,0.2281545454545454,0.6662540621952183,0.7098750000000001,resnet32,0.7175,0.7158,0.7849422679282725,0.5648058286275376,0.22013643944889985,resnet32,0.7133,0.7138,0.7730572820979763,0.5605759866197001,0.2124812947797843,resnet32,0.7106,0.716,0.7643130561760203,0.5449027317914773,0.21941032449037515,resnet32,0.711,0.713,0.7735805628313259,0.5641887554560195,0.20939180853945966,resnet32,0.7097,0.7172,0.7735995121130889,0.5622868156483904,0.2113126975865188,resnet32,0.7019,0.7012,0.8138067188926719,0.5966532317582857,0.21715348696505482,resnet32,0.7103,0.709,0.7711269903335382,0.5619206771000542,0.20920631168833512,resnet32,0.7088,0.7058,0.7771325136788867,0.565638551149856,0.21149396185170521,resnet32,0.7088,0.7098,0.7770329031839289,0.5645604236898097,0.21247247907079078,resnet32,0.7034,0.7056,0.7894628418778832,0.5750568319874053,0.21440601141446017,resnet32,0.7103,0.7104,0.7716566341167147,0.5615650046701458,0.21009162929840386,resnet32,0.7129,0.7166,0.7710796040059491,0.5621531817384742,0.20892642142081802,9000000.0,5000.0,36010000.0,5329480000.0,63953760000.0
resnet32x12_cifar100_K12_mwmd2_seed0002_d011,d011,resnet32:12,cifar100,12,matched,mwmd2,peers,2,200,64,0.1,0.9,0.0005,True,0,60,0.1,1.0,2,,disagreement,1.0,1,0.0,0.5,weight,complete,0.0,0.0,42,0,45000,5000,10000,5640048,148,0.0010000000000000002,2,180.82,0.7103,0.0043962104893495065,0.6992,0.7165,0.7487,0.03839999999999999,0.7088166666666668,0.7442,0.22357878787878796,0.6725165262838858,0.22612424242424245,0.6683756983033555,0.7103,resnet32,0.7165,0.7144,0.7760931530713358,0.5624153302051127,0.21367782256989318,resnet32,0.7141,0.7118,0.7611868763765828,0.5500967599112879,0.2110901151318103,resnet32,0.7103,0.7126,0.753773120909252,0.5401546823241833,0.2136184377384118,resnet32,0.7125,0.712,0.7752244629135187,0.5614303334362127,0.213794130387462,resnet32,0.7069,0.7116,0.7714378286407075,0.5603862230835314,0.2110516062133353,resnet32,0.6992,0.698,0.8097794943235137,0.591028900986368,0.21875059282915157,resnet32,0.7097,0.706,0.7781842753968455,0.5583913148042153,0.21979296069846235,resnet32,0.7059,0.7056,0.7736338553103533,0.566170262215151,0.20746359358203004,resnet32,0.7127,0.7096,0.7767457733015445,0.560228816868568,0.21651695624247871,resnet32,0.7104,0.7102,0.7861757073551416,0.5740239546549591,0.21215175244618545,resnet32,0.7138,0.7038,0.7689483914608982,0.5565623469142751,0.2123860442502932,resnet32,0.7116,0.7102,0.7692807078446177,0.5570494759065862,0.21223123320801693,9000000.0,5000.0,36010000.0,5365490000.0,64385880000.0
resnet32x12_cifar100_K12_mwmd2_seed0002_d011,d011,resnet32:12,cifar100,12,matched,mwmd2,peers,2,200,64,0.1,0.9,0.0005,True,0,60,0.1,1.0,2,,disagreement,1.0,1,0.0,0.5,weight,complete,0.0,0.0,42,0,45000,5000,10000,5640048,149,0.0010000000000000002,2,180.8,0.7116333333333333,0.004290558109254432,0.7008,0.7176,0.7527,0.041066666666666696,0.7128166666666665,0.75,0.22339090909090897,0.6653390087357731,0.22701969696969695,0.6636196616392736,0.7116333333333333,resnet32,0.7176,0.7178,0.773361090655354,0.5634909899989989,0.20987010024360975,resnet32,0.7143,0.7158,0.771838802547956,0.5526813204315576,0.21915748247622766,resnet32,0.7153,0.7198,0.7515014505267821,0.5406460724347695,0.21085537629286674,resnet32,0.714,0.7212,0.7762944299135018,0.5617930655875667,0.21450136311944912,resnet32,0.7118,0.712,0.778781168374487,0.558641391382976,0.22013977703384377,resnet32,0.7008,0.6996,0.8132758102887734,0.5935955851508136,0.21968022536020726,resnet32,0.7103,0.7142,0.7691333313811232,0.5582555771636014,0.21087775447151877,resnet32,0.7064,0.7074,0.7703486083244736,0.5615071376192976,0.20884147049351173,resnet32,0.7121,0.7114,0.7757402380759065,0.5605487435717474,0.2151914930225096,resnet32,0.7128,0.7104,0.7878711754032834,0.5727730254558,0.2150981513444673,resnet32,0.7144,0.7074,0.771318340843374,0.5554879559203982,0.21583038511347363,resnet32,0.7098,0.7168,0.7701221247711643,0.5587272581390359,0.21139486707662317,9000000.0,5000.0,36010000.0,5401500000.0,64818000000.0
resnet32x12_cifar100_K12_mwmd2_seed0002_d011,d011,resnet32:12,cifar100,12,matched,mwmd2,peers,2,200,64,0.1,0.9,0.0005,True,0,60,0.1,1.0,2,,disagreement,1.0,1,0.0,0.5,weight,complete,0.0,0.0,42,0,45000,5000,10000,5640048,150,0.0010000000000000002,2,181.27,0.7118333333333333,0.0038223756429157495,0.7015,0.7166,0.7527,0.04086666666666672,0.7100333333333332,0.7518,0.2252909090909091,0.6697256296564414,0.22956818181818184,0.6621483165785177,0.7118333333333333,resnet32,0.7166,0.7118,0.7685308394191618,0.5553156479092484,0.2132151929280636,resnet32,0.714,0.7154,0.7705520671707663,0.5516361457888376,0.21891592140309513,resnet32,0.7148,0.7134,0.7550815175372091,0.5362251781943169,0.2188563388983973,resnet32,0.7121,0.7148,0.774830708449537,0.5567410521378572,0.21808965648101133,resnet32,0.7114,0.7114,0.769589791667055,0.5552812249569054,0.21430856664665043,resnet32,0.7015,0.7006,0.8047611972063102,0.5874641170217232,0.21729708050208335,resnet32,0.7108,0.7106,0.7703712014481425,0.5541353168558668,0.21623588376678526,resnet32,0.7081,0.7088,0.768159448380836,0.5566363865509629,0.2115230619145388,resnet32,0.7155,0.7064,0.7628261681053449,0.5533195463517173,0.20950662247328597,resnet32,0.7111,0.7078,0.783069430088455,0.5664431026459418,0.2166263266170228,resnet32,0.7128,0.7056,0.7685622186823324,0.551902935967188,0.21665928222831676,resnet32,0.7133,0.7138,0.7625613956373524,0.5519163930280642,0.21064500188962978,9000000.0,5000.0,36010000.0,5437510000.0,65250120000.0
resnet32x12_cifar100_K12_mwmd2_seed0002_d011,d011,resnet32:12,cifar100,12,matched,mwmd2,peers,2,200,64,0.1,0.9,0.0005,True,0,60,0.1,1.0,2,,disagreement,1.0,1,0.0,0.5,weight,complete,0.0,0.0,42,0,45000,5000,10000,5640048,151,0.0010000000000000002,2,180.72,0.7098916666666666,0.004166624999791659,0.7004,0.7162,0.7514,0.04150833333333337,0.7096833333333333,0.751,0.22511212121212118,0.6663693898007073,0.22767727272727267,0.6657794105559933,0.7098916666666666,resnet32,0.7162,0.7166,0.7655355195006863,0.5539914983409372,0.21154402041892437,resnet32,0.714,0.715,0.7644799093461849,0.5479467593302781,0.21653314914808355,resnet32,0.7129,0.7168,0.7498588353734125,0.5338310427455739,0.2160277925220064,resnet32,0.7081,0.7086,0.7672233209437267,0.5542878069152887,0.2129355134357783,resnet32,0.7117,0.7088,0.7681406166573818,0.5534557692113925,0.21468484758357095,resnet32,0.7004,0.6976,0.8057213644920425,0.5838051321492954,0.22191623147492381,resnet32,0.7133,0.7056,0.7668700160204687,0.5521470172415402,0.21472299951975318,resnet32,0.7067,0.7066,0.7620691067369824,0.5501850605095652,0.21188404542309316,resnet32,0.7093,0.709,0.7672565456225791,0.5514805162833496,0.21577602982605723,resnet32,0.7051,0.7078,0.7856269891543145,0.5641308601268313,0.22149612818082626,resnet32,0.7102,0.7096,0.7626723703420297,0.5476505766961385,0.2150217942597175,resnet32,0.7108,0.7142,0.7611928221515634,0.5486755484122444,0.2125172732101584,9000000.0,5000.0,36010000.0,5473520000.0,65682240000.0
resnet32x12_cifar100_K12_mwmd2_seed0002_d011,d011,resnet32:12,cifar100,12,matched,mwmd2,peers,2,200,64,0.1,0.9,0.0005,True,0,60,0.1,1.0,2,,disagreement,1.0,1,0.0,0.5,weight,complete,0.0,0.0,42,0,45000,5000,10000,5640048,152,0.0010000000000000002,2,180.89,0.7091416666666667,0.004386049538657273,0.699,0.7178,0.7529,0.043758333333333344,0.7099833333333332,0.7512,0.22886969696969695,0.6612836431321241,0.23039999999999994,0.6631972289320583,0.7091416666666667,resnet32,0.7178,0.7102,0.7618548937819221,0.5488011387854137,0.21305375442501495,resnet32,0.7122,0.7098,0.7583536424420096,0.5454044674353843,0.21294917502779176,resnet32,0.7125,0.7128,0.7402368128215048,0.5300681270997633,0.21016868483275175,resnet32,0.7105,0.7154,0.7659799405796961,0.5509421915577893,0.21503774938173592,resnet32,0.7098,0.7126,0.770576349078593,0.5505831122229045,0.2199932375965132,resnet32,0.699,0.701,0.80281012640758,0.5790798337283459,0.22373029244640333,resnet32,0.707,0.7096,0.7628233508545567,0.5492320135235786,0.21359133697114885,resnet32,0.7046,0.702,0.7679617803713138,0.5513714675537564,0.2165903134948828,resnet32,0.709,0.7082,0.7677982344122772,0.5503305870700966,0.21746764672835442,resnet32,0.7083,0.7128,0.7837787170217119,0.5616317150945013,0.2221470038110221,resnet32,0.7081,0.7102,0.7568040583706037,0.5437132106162608,0.21309084686535326,resnet32,0.7109,0.7152,0.7626549606211483,0.5468086339110001,0.21584632588465782,9000000.0,5000.0,36010000.0,5509530000.0,66114360000.0
resnet32x12_cifar100_K12_mwmd2_seed0002_d011,d011,resnet32:12,cifar100,12,matched,mwmd2,peers,2,200,64,0.1,0.9,0.0005,True,0,60,0.1,1.0,2,,disagreement,1.0,1,0.0,0.5,weight,complete,0.0,0.0,42,0,45000,5000,10000,5640048,153,0.0010000000000000002,2,180.68,0.7102083333333334,0.0043587953865973274,0.6973,0.7169,0.7523,0.04209166666666653,0.7106666666666666,0.7504,0.2286515151515152,0.6613200648151337,0.23101666666666668,0.6613989728618879,0.7102083333333334,resnet32,0.7169,0.7152,0.76143603221598,0.5472845032557168,0.21415152929892595,resnet32,0.7126,0.714,0.7631095727820966,0.541407023937526,0.2217025491620668,resnet32,0.7125,0.7168,0.7400823165239259,0.5266403286633167,0.21344198737378148,resnet32,0.7111,0.708,0.763234930366955,0.5468159514394674,0.21641897903331977,resnet32,0.7094,0.713,0.7673188696869395,0.5462736828591336,0.22104518502866002,resnet32,0.6973,0.6986,0.7962032552723858,0.5760015414350412,0.22020171394317664,resnet32,0.7116,0.7092,0.763745057862252,0.5479921911927786,0.21575286660597406,resnet32,0.7093,0.7024,0.7671407529322262,0.5503435119647871,0.21679723986678504,resnet32,0.7106,0.713,0.7615255622870543,0.544208921703764,0.21731664113361726,resnet32,0.7112,0.7138,0.7726790572685952,0.5573374824810096,0.2153415739620951,resnet32,0.7103,0.7104,0.7583621327595954,0.5429975151677023,0.21536461732731285,resnet32,0.7097,0.7136,0.7543515979566358,0.5400230743371967,0.2143285245719281,9000000.0,5000.0,36010000.0,5545540000.0,66546480000.0
resnet32x12_cifar100_K12_mwmd2_seed0002_d011,d011,resnet32:12,cifar100,12,matched,mwmd2,peers,2,200,64,0.1,0.9,0.0005,True,0,60,0.1,1.0,2,,disagreement,1.0,1,0.0,0.5,weight,complete,0.0,0.0,42,0,45000,5000,10000,5640048,154,0.0010000000000000002,2,180.72,0.7065083333333333,0.004454858458906288,0.695,0.714,0.7479,0.041391666666666715,0.7054833333333334,0.7468,0.22982424242424235,0.6679605964927744,0.23278636363636365,0.6626976924132113,0.7065083333333333,resnet32,0.714,0.7098,0.7559098056517541,0.5438551482405852,0.21205465831074186,resnet32,0.7111,0.7052,0.7597545655020936,0.5398118420165371,0.21994272386655211,resnet32,0.7076,0.7082,0.7381752507168461,0.5235068490728736,0.21466840111481195,resnet32,0.7079,0.711,0.7632657572288405,0.5482884788970378,0.21497727826830337,resnet32,0.7055,0.7074,0.7586844871667299,0.5448127901181579,0.21387169656174426,resnet32,0.695,0.6938,0.7989762141792611,0.576644575392658,0.22233163785528054,resnet32,0.7087,0.7024,0.7618003582412546,0.5435634853995659,0.21823687307451936,resnet32,0.703,0.7014,0.7613446840762415,0.5489372059872205,0.2124074786605144,resnet32,0.7081,0.7066,0.7741046866232698,0.5474624559706585,0.22664223048328,resnet32,0.7046,0.7052,0.7752400639636273,0.5560364475558427,0.21920361649245024,resnet32,0.707,0.7038,0.7592889248732139,0.5419230118224566,0.21736591336825353,resnet32,0.7056,0.711,0.753860018893399,0.539010544815524,0.21484947465995158,9000000.0,5000.0,36010000.0,5581550000.0,66978600000.0
resnet32x12_cifar100_K12_mwmd2_seed0002_d011,d011,resnet32:12,cifar100,12,matched,mwmd2,peers,2,200,64,0.1,0.9,0.0005,True,0,60,0.1,1.0,2,,disagreement,1.0,1,0.0,0.5,weight,complete,0.0,0.0,42,0,45000,5000,10000,5640048,155,0.0010000000000000002,2,180.7,0.7088666666666666,0.004252319628417204,0.699,0.7152,0.7507,0.04183333333333339,0.70725,0.7464,0.23223939393939402,0.658670966010943,0.23271212121212126,0.6605177719465405,0.7088666666666666,resnet32,0.7152,0.7102,0.7597725051878528,0.5449978652494875,0.21477464025586165,resnet32,0.7121,0.713,0.7579308588227088,0.5410834212618117,0.21684743819588964,resnet32,0.7084,0.7134,0.754907155494121,0.5292887953956696,0.22561835889196533,resnet32,0.7115,0.7072,0.7682547516358847,0.5473816549744118,0.22087309583598239,resnet32,0.7098,0.7076,0.7710842396640643,0.5477233907123181,0.2233608498195694,resnet32,0.699,0.703,0.80671845740554,0.5807968496175652,0.22592160721648147,resnet32,0.7076,0.7048,0.770898219875314,0.5463810948739675,0.22451712567867202,resnet32,0.7035,0.7044,0.7660530314950104,0.5514768944968554,0.21457613715690307,resnet32,0.706,0.7098,0.7779970381154933,0.5490505198355425,0.22894651756029238,resnet32,0.709,0.7042,0.7835573480803181,0.5588321838612583,0.2247251653408801,resnet32,0.7115,0.7032,0.7660031937570735,0.544477460228584,0.2215257336131551,resnet32,0.7128,0.7062,0.7618398824706674,0.5438844800334085,0.21795540283942086,9000000.0,5000.0,36010000.0,5617560000.0,67410720000.0
resnet32x12_cifar100_K12_mwmd2_seed0002_d011,d011,resnet32:12,cifar100,12,matched,mwmd2,peers,2,200,64,0.1,0.9,0.0005,True,0,60,0.1,1.0,2,,disagreement,1.0,1,0.0,0.5,weight,complete,0.0,0.0,42,0,45000,5000,10000,5640048,156,0.0010000000000000002,2,180.88,0.710575,0.004473649703169301,0.698,0.717,0.7535,0.04292499999999999,0.7080833333333333,0.7462,0.23083030303030308,0.6596419679851091,0.23062272727272726,0.6613947676023585,0.710575,resnet32,0.717,0.7102,0.7551431480202485,0.5391700647094033,0.215973082146692,resnet32,0.7123,0.7148,0.7503387651152231,0.532229355621067,0.21810940907082774,resnet32,0.7107,0.7156,0.7457296969369054,0.5237863686951724,0.22194332870739428,resnet32,0.714,0.7142,0.7589996867305175,0.5423413477838039,0.21665833907371218,resnet32,0.7122,0.7072,0.7609387932937931,0.5399944808080115,0.220944311554459,resnet32,0.698,0.6956,0.7906057187779383,0.5686281039379537,0.22197761505164884,resnet32,0.7125,0.709,0.7588004803454335,0.5426379023119807,0.21616257750429213,resnet32,0.707,0.705,0.7594869108447297,0.5441113959743895,0.21537551434117963,resnet32,0.711,0.708,0.7584909065203234,0.5411093905991451,0.21738151471469214,resnet32,0.7104,0.7036,0.769217599437318,0.5499109108085659,0.2193066869777712,resnet32,0.7127,0.7028,0.7594326842914928,0.5357044188475067,0.22372826595198025,resnet32,0.7091,0.711,0.7539700978350911,0.5382991040294821,0.21567099416543814,9000000.0,5000.0,36010000.0,5653570000.0,67842840000.0
resnet32x12_cifar100_K12_mwmd2_seed0002_d011,d011,resnet32:12,cifar100,12,matched,mwmd2,peers,2,200,64,0.1,0.9,0.0005,True,0,60,0.1,1.0,2,,disagreement,1.0,1,0.0,0.5,weight,complete,0.0,0.0,42,0,45000,5000,10000,5640048,157,0.0010000000000000002,2,180.79,0.7070083333333333,0.003909914392356384,0.6978,0.712,0.7501,0.04309166666666664,0.7061833333333333,0.7488,0.23409999999999997,0.6552943756085011,0.2371166666666667,0.6564134638828609,0.7070083333333333,resnet32,0.7118,0.7106,0.7521809798411347,0.5374723977239971,0.2147085819478062,resnet32,0.7104,0.7108,0.7520008618435399,0.5341682950542732,0.21783256706443022,resnet32,0.7056,0.7112,0.7365789193321358,0.5217303963462737,0.2148485229435292,resnet32,0.712,0.7044,0.7586355928162282,0.5401021972383288,0.21853339559906584,resnet32,0.7079,0.711,0.7638737632131035,0.5387890252538703,0.22508473874239082,resnet32,0.6978,0.7004,0.7955577851865779,0.5680444000966169,0.2275133852169595,resnet32,0.7083,0.6998,0.7655297725630755,0.5391268628141419,0.22640291070142252,resnet32,0.7035,0.704,0.7556637766855684,0.5428300243802369,0.2128337529085746,resnet32,0.7069,0.7088,0.7585470441474833,0.540910299232399,0.2176367436662655,resnet32,0.7028,0.7004,0.7710622690448706,0.5513727496039461,0.21968951893293046,resnet32,0.7087,0.7056,0.7590510592033918,0.5380920566703108,0.22095900191925466,resnet32,0.7084,0.7072,0.7494342692027037,0.5341245775449682,0.2153096909380772,9000000.0,5000.0,36010000.0,5689580000.0,68274960000.0
resnet32x12_cifar100_K12_mwmd2_seed0002_d011,d011,resnet32:12,cifar100,12,matched,mwmd2,peers,2,200,64,0.1,0.9,0.0005,True,0,60,0.1,1.0,2,,disagreement,1.0,1,0.0,0.5,weight,complete,0.0,0.0,42,0,45000,5000,10000,5640048,158,0.0010000000000000002,2,180.76,0.7102583333333333,0.0037531005700472335,0.7016,0.7181,0.7511,0.040841666666666665,0.7094166666666667,0.7512,0.23037272727272723,0.6605883478163436,0.2313712121212121,0.6591498335782072,0.7102583333333333,resnet32,0.7181,0.7126,0.7594066738489677,0.5366814796050842,0.22272519502704116,resnet32,0.7135,0.7146,0.7497708463025364,0.5290145181881433,0.22075632682324134,resnet32,0.7122,0.708,0.7318592078729786,0.5149220172315836,0.21693718928674405,resnet32,0.7114,0.7134,0.7551950793290003,0.5370016942562704,0.21819338409907438,resnet32,0.7096,0.7122,0.7542770718309012,0.5386478073302318,0.21562926456416873,resnet32,0.7016,0.6978,0.7895318757827309,0.564504617698152,0.22502725797874684,resnet32,0.7094,0.7038,0.7505680901337076,0.5345811227082529,0.21598696619780225,resnet32,0.7066,0.7078,0.7511130468073216,0.5369678023694591,0.21414524285038086,resnet32,0.7104,0.7134,0.7600480151278052,0.5365532688711855,0.2234947455792942,resnet32,0.7104,0.7116,0.767475025982342,0.5471871938471767,0.22028783183883538,resnet32,0.7089,0.7042,0.7578765095465563,0.5345017529431392,0.22337475774640386,resnet32,0.711,0.7136,0.7465764338319952,0.5299660301005299,0.2166104025461457,9000000.0,5000.0,36010000.0,5725590000.0,68707080000.0
resnet32x12_cifar100_K12_mwmd2_seed0002_d011,d011,resnet32:12,cifar100,12,matched,mwmd2,peers,2,200,64,0.1,0.9,0.0005,True,0,60,0.1,1.0,2,,disagreement,1.0,1,0.0,0.5,weight,complete,0.0,0.0,42,0,45000,5000,10000,5640048,159,0.0010000000000000002,2,180.85,0.7098166666666668,0.0036246455765433895,0.7009,0.7161,0.7517,0.04188333333333327,0.7087500000000001,0.747,0.22897575757575753,0.6637422106721437,0.23090454545454545,0.6652836189835898,0.7098166666666668,resnet32,0.7161,0.7136,0.7465190521272068,0.5325421360321343,0.21397691607390615,resnet32,0.7091,0.7128,0.7432373967021704,0.5271376840431582,0.21609971289184282,resnet32,0.7118,0.7132,0.7379367487420413,0.5158187881620093,0.22211796104569326,resnet32,0.7136,0.7122,0.7501993152651597,0.532331598753279,0.21786771594038742,resnet32,0.7096,0.7086,0.7497180260887201,0.5306332975795324,0.21908472944051027,resnet32,0.7009,0.6982,0.7867438736456361,0.5612081061964008,0.22553576685657556,resnet32,0.7095,0.7068,0.7443423714827407,0.5293444464491173,0.21499792594377967,resnet32,0.7063,0.7028,0.7602783475409854,0.5357570880600675,0.22452125825326552,resnet32,0.7088,0.7088,0.759777154688808,0.5318645953031426,0.2279125592586669,resnet32,0.7091,0.7076,0.7639409515329383,0.541430309033868,0.22251064196990972,resnet32,0.7118,0.7096,0.7506134753877466,0.5318199835548346,0.21879349124025216,resnet32,0.7112,0.7108,0.7467643169432201,0.5282604339193891,0.2185038828333332,9000000.0,5000.0,36010000.0,5761600000.0,69139200000.0
resnet32x12_cifar100_K12_mwmd2_seed0002_d011,d011,resnet32:12,cifar100,12,matched,mwmd2,peers,2,200,64,0.1,0.9,0.0005,True,0,60,0.1,1.0,2,,disagreement,1.0,1,0.0,0.5,weight,complete,0.0,0.0,42,0,45000,5000,10000,5640048,160,0.0010000000000000002,2,181.07,0.7091583333333334,0.004728364469407543,0.6959,0.7168,0.7524,0.04324166666666651,0.7091666666666666,0.7552,0.2331333333333334,0.654121170078835,0.2327424242424243,0.6598669200739529,0.7091583333333334,resnet32,0.7115,0.7144,0.7552798206663944,0.53131714285436,0.22396267694421113,resnet32,0.7168,0.7096,0.7455831705169245,0.526378923307427,0.21920424837365068,resnet32,0.7096,0.7152,0.7287556429986249,0.5114240760237656,0.21733156773685056,resnet32,0.7107,0.713,0.7487672754902054,0.5305637031031604,0.21820357347711583,resnet32,0.7058,0.7092,0.7588655387305401,0.5332976260476492,0.22556791253472594,resnet32,0.6959,0.6972,0.7890433964996852,0.5611429388042201,0.22790045803412795,resnet32,0.7104,0.7088,0.7507828196341341,0.52825614081865,0.22252667900598186,resnet32,0.7077,0.7068,0.7530210383490406,0.5342495885931633,0.2187714485493912,resnet32,0.7094,0.7022,0.7540811968289993,0.5313863828566603,0.22269481329501353,resnet32,0.7091,0.7078,0.7634680947204205,0.5425902456891808,0.22087785033297472,resnet32,0.7113,0.7158,0.7490974448790605,0.5289346708027138,0.2201627743091773,resnet32,0.7117,0.71,0.7448015563951974,0.5263649776831947,0.21843657769601454,9000000.0,5000.0,36010000.0,5797610000.0,69571320000.0
resnet32x12_cifar100_K12_mwmd2_seed0002_d011,d011,resnet32:12,cifar100,12,matched,mwmd2,peers,2,200,64,0.1,0.9,0.0005,True,0,60,0.1,1.0,2,,disagreement,1.0,1,0.0,0.5,weight,complete,0.0,0.0,42,0,45000,5000,10000,5640048,161,0.0010000000000000002,2,181.12,0.708675,0.003920060586266473,0.6983,0.7131,0.7495,0.040825,0.7081,0.7536,0.23411515151515144,0.6517043034459584,0.23560151515151512,0.6560184297633048,0.708675,resnet32,0.7128,0.7118,0.7492430912838741,0.5271497721021826,0.2220933188006959,resnet32,0.7131,0.709,0.7443062386644835,0.5235785754312846,0.22072766450318423,resnet32,0.7093,0.7136,0.7290578109042888,0.5118709837128832,0.21718682640824805,resnet32,0.7099,0.71,0.7521091495132581,0.5309803159060803,0.22112883354367857,resnet32,0.7082,0.7044,0.7546484762464057,0.5286916930821132,0.2259567832701247,resnet32,0.6983,0.6962,0.7856906276111576,0.559737094847316,0.2259535325098444,resnet32,0.7101,0.7088,0.7470218320800499,0.5263032321394845,0.22071859883991155,resnet32,0.7053,0.704,0.7482118770395491,0.5312168899161572,0.2169949867741459,resnet32,0.711,0.7108,0.7519044884565201,0.5279029236937111,0.2240015652708032,resnet32,0.7056,0.7114,0.7614614409394562,0.5395616465671496,0.22189979417122563,resnet32,0.7118,0.7082,0.7440925287929449,0.5245484557764774,0.21954407312229954,resnet32,0.7087,0.709,0.7460716738026928,0.5273067634552717,0.21876491026275538,9000000.0,5000.0,36010000.0,5833620000.0,70003440000.0
resnet32x12_cifar100_K12_mwmd2_seed0002_d011,d011,resnet32:12,cifar100,12,matched,mwmd2,peers,2,200,64,0.1,0.9,0.0005,True,0,60,0.1,1.0,2,,disagreement,1.0,1,0.0,0.5,weight,complete,0.0,0.0,42,0,45000,5000,10000,5640048,162,0.0010000000000000002,2,180.99,0.7106249999999998,0.00437704714010103,0.6984,0.7174,0.7524,0.04177500000000012,0.70795,0.749,0.23233939393939396,0.6578556315993503,0.2337636363636364,0.6568682746584359,0.7106249999999998,resnet32,0.7174,0.7122,0.7522704023021188,0.5282768172381277,0.22399358548731965,resnet32,0.7123,0.7104,0.745510044592348,0.5239990736273202,0.22151097115552562,resnet32,0.7131,0.715,0.728456296492368,0.5087121416475963,0.21974415579726073,resnet32,0.7132,0.71,0.7569114435040816,0.5298033524727956,0.22710809122178366,resnet32,0.71,0.7084,0.7565739088776436,0.5304171007803895,0.22615680877457967,resnet32,0.6984,0.6948,0.7878229527903552,0.5591836953535676,0.22863925781778313,resnet32,0.7095,0.707,0.7569794467735019,0.527635477906601,0.22934396886690098,resnet32,0.7084,0.6992,0.7575381310572001,0.53182871110568,0.22570941984568807,resnet32,0.7101,0.71,0.7502747139131482,0.5284509363330223,0.22182377834211697,resnet32,0.7105,0.7128,0.7637472630224444,0.5385245870883492,0.2252226762304252,resnet32,0.7105,0.7058,0.7443890036507086,0.5237989264371042,0.22059007818725976,resnet32,0.7141,0.7098,0.7466953191059557,0.5256928463297134,0.2210024716755883,9000000.0,5000.0,36010000.0,5869630000.0,70435560000.0
resnet32x12_cifar100_K12_mwmd2_seed0002_d011,d011,resnet32:12,cifar100,12,matched,mwmd2,peers,2,200,64,0.1,0.9,0.0005,True,0,60,0.1,1.0,2,,disagreement,1.0,1,0.0,0.5,weight,complete,0.0,0.0,42,0,45000,5000,10000,5640048,163,0.0010000000000000002,2,181.27,0.7078000000000001,0.0051115881419900545,0.6936,0.7139,0.7529,0.04509999999999992,0.7073499999999999,0.7502,0.23361515151515147,0.6569705743878455,0.23831515151515148,0.6534919329801394,0.7078000000000001,resnet32,0.7139,0.716,0.7509228660809723,0.526219858195294,0.2247030083090067,resnet32,0.7094,0.7112,0.7511357147754594,0.5215443263931031,0.22959138825535774,resnet32,0.71,0.709,0.7303203381597996,0.5070011340589686,0.22331920473582365,resnet32,0.7133,0.7056,0.7522684640928425,0.5294653301296587,0.22280313442884522,resnet32,0.7042,0.711,0.7476421719078313,0.5272350621579046,0.22040711006742308,resnet32,0.6936,0.6994,0.7860098277133974,0.5537077438678931,0.23230208253318613,resnet32,0.7115,0.702,0.7471034539101477,0.5259040320630778,0.22119942212223329,resnet32,0.7053,0.7068,0.747484477490864,0.5277172049761496,0.2197672729803757,resnet32,0.7089,0.7086,0.7539271622557532,0.5283366592008282,0.225590502504598,resnet32,0.7074,0.7074,0.7723283575085754,0.539279852528125,0.23304850525561382,resnet32,0.7092,0.705,0.7452172685245221,0.5223347934978929,0.22288247460330074,resnet32,0.7069,0.7062,0.7452497147023678,0.5235536093400284,0.22169610476967963,9000000.0,5000.0,36010000.0,5905640000.0,70867680000.0
resnet32x12_cifar100_K12_mwmd2_seed0002_d011,d011,resnet32:12,cifar100,12,matched,mwmd2,peers,2,200,64,0.1,0.9,0.0005,True,0,60,0.1,1.0,2,,disagreement,1.0,1,0.0,0.5,weight,complete,0.0,0.0,42,0,45000,5000,10000,5640048,164,0.0010000000000000002,2,181.17,0.7116666666666668,0.005070229010826056,0.6983,0.7188,0.7525,0.040833333333333166,0.70805,0.7484,0.23462121212121215,0.6518058785412522,0.2326,0.6551133449216605,0.7116666666666668,resnet32,0.7188,0.7168,0.7485957410271195,0.5233811779709702,0.22521456381814045,resnet32,0.7152,0.7058,0.7473622819154777,0.5192588117735629,0.228103469803252,resnet32,0.7148,0.7122,0.7234371993267401,0.5054432609626516,0.217993938787417,resnet32,0.7139,0.7072,0.7529661168598316,0.5252617771144618,0.22770433930087497,resnet32,0.7115,0.714,0.7466594629328359,0.5250307865102183,0.22162867716344242,resnet32,0.6983,0.6924,0.781265900851312,0.5534938973882659,0.22777200380170887,resnet32,0.7097,0.7116,0.7483586232939904,0.526451079513539,0.2219075443836945,resnet32,0.7071,0.7062,0.7535534893924539,0.5285040870816871,0.22504940241659907,resnet32,0.7122,0.7104,0.7495631979439746,0.523287916471335,0.2262752806048163,resnet32,0.7091,0.7048,0.755929135082459,0.5316352041607554,0.22429393001154743,resnet32,0.7156,0.7086,0.7437395651994104,0.5205222833054987,0.2232172813435847,resnet32,0.7138,0.7066,0.7430227453905073,0.5207551912489262,0.2222675546707416,9000000.0,5000.0,36010000.0,5941650000.0,71299800000.0
resnet32x12_cifar100_K12_mwmd2_seed0002_d011,d011,resnet32:12,cifar100,12,matched,mwmd2,peers,2,200,64,0.1,0.9,0.0005,True,0,60,0.1,1.0,2,,disagreement,1.0,1,0.0,0.5,weight,complete,0.0,0.0,42,0,45000,5000,10000,5640048,165,0.0010000000000000002,2,181.12,0.7089166666666666,0.004313125961011989,0.6975,0.7154,0.7522,0.04328333333333334,0.7076333333333333,0.7508,0.23490303030303028,0.6542331735185555,0.23767424242424245,0.6520461830204368,0.7089166666666666,resnet32,0.7154,0.7104,0.7497903464192693,0.518741662190719,0.23104868424971672,resnet32,0.7117,0.712,0.7426302631978284,0.5163668093948879,0.22626345265995373,resnet32,0.7137,0.7176,0.7262208086269145,0.5027821499600329,0.22343865991570055,resnet32,0.7109,0.7082,0.7504943824711848,0.5238339425572618,0.22666044082407924,resnet32,0.7068,0.7114,0.7419242196377706,0.5197835641235791,0.22214065583168782,resnet32,0.6975,0.6922,0.7790164087306369,0.5525360083292153,0.2264804010787471,resnet32,0.7077,0.707,0.7414109815250743,0.5182068738663062,0.22320410807151347,resnet32,0.7075,0.7066,0.7456740079108964,0.523617983372374,0.2220560238506137,resnet32,0.7075,0.7068,0.7522535322403366,0.5239932069724257,0.22826032422017306,resnet32,0.7092,0.7056,0.7594791398891672,0.5330096075141971,0.22646953234322031,resnet32,0.7112,0.7082,0.7400603118267927,0.51781626151536,0.22224405073476108,resnet32,0.7079,0.7056,0.7430031344040551,0.5186676271259785,0.22433550776490432,9000000.0,5000.0,36010000.0,5977660000.0,71731920000.0
resnet32x12_cifar100_K12_mwmd2_seed0002_d011,d011,resnet32:12,cifar100,12,matched,mwmd2,peers,2,200,64,0.1,0.9,0.0005,True,0,60,0.1,1.0,2,,disagreement,1.0,1,0.0,0.5,weight,complete,0.0,0.0,42,0,45000,5000,10000,5640048,166,0.0010000000000000002,2,181.07,0.7069833333333332,0.004488101553614357,0.6959,0.7149,0.7501,0.0431166666666668,0.7049666666666666,0.7476,0.2368121212121212,0.6549105307256571,0.2392075757575757,0.6517313746258473,0.7069833333333332,resnet32,0.7149,0.7142,0.7545455381358889,0.5239103558388624,0.23063518208536235,resnet32,0.7065,0.7086,0.7357706566002559,0.5129990125582977,0.22277164351279763,resnet32,0.7091,0.7074,0.7245584220879457,0.5002016489478674,0.22435677341524174,resnet32,0.7126,0.7068,0.7450261884792284,0.5214125864546407,0.22361360291357746,resnet32,0.7047,0.7098,0.73957610308108,0.5182821248996664,0.22129397733475675,resnet32,0.6959,0.6972,0.7842610654082488,0.5512940710071813,0.23296699275008656,resnet32,0.7087,0.6996,0.7423393181525171,0.5192471894604916,0.2230921280358664,resnet32,0.7064,0.7022,0.7435364014553753,0.522171170747077,0.22136523223228075,resnet32,0.704,0.7078,0.7540782864882865,0.5212787873196331,0.23279949830083008,resnet32,0.7057,0.7024,0.7529552006162703,0.5318119817794386,0.2211432202761485,resnet32,0.7076,0.7028,0.7406880680725656,0.5152459807524626,0.2254420865792781,resnet32,0.7077,0.7008,0.7370759308422831,0.51717320474034,0.21990272696976634,9000000.0,5000.0,36010000.0,6013670000.0,72164040000.0
resnet32x12_cifar100_K12_mwmd2_seed0002_d011,d011,resnet32:12,cifar100,12,matched,mwmd2,peers,2,200,64,0.1,0.9,0.0005,True,0,60,0.1,1.0,2,,disagreement,1.0,1,0.0,0.5,weight,complete,0.0,0.0,42,0,45000,5000,10000,5640048,167,0.0010000000000000002,2,181.03,0.7086499999999999,0.00506087937022806,0.6959,0.714,0.7532,0.04455000000000009,0.7087499999999999,0.7524,0.23664242424242424,0.6456611152640422,0.23629090909090916,0.6529135152245372,0.7086499999999999,resnet32,0.7132,0.7152,0.7502448387359354,0.5230155636090785,0.22722927360287445,resnet32,0.7126,0.7132,0.7436708949336951,0.5145839243619279,0.22908697088926352,resnet32,0.7097,0.7124,0.7217107642526653,0.4995765656825494,0.22213419926860792,resnet32,0.714,0.7146,0.7522113801572811,0.5237037815492261,0.2285075985868885,resnet32,0.7115,0.7116,0.7382082768546586,0.5158934309782292,0.2223148450509391,resnet32,0.6959,0.694,0.7771637191233988,0.5502630845558915,0.2269006364724853,resnet32,0.7118,0.7054,0.7407323789190162,0.5183186274529858,0.22241375125436622,resnet32,0.7045,0.7104,0.7411421288905496,0.5183698378333991,0.22277229169214313,resnet32,0.7067,0.7074,0.7480552193962715,0.5202701150609012,0.2277851052031937,resnet32,0.7032,0.7074,0.7599224558269436,0.5310399556871165,0.22888249774802139,resnet32,0.7089,0.7054,0.7379918504845012,0.5154522947797721,0.22253955704879694,resnet32,0.7118,0.708,0.7380742981860583,0.5166461970233782,0.2214281018400057,9000000.0,5000.0,36010000.0,6049680000.0,72596160000.0
resnet32x12_cifar100_K12_mwmd2_seed0002_d011,d011,resnet32:12,cifar100,12,matched,mwmd2,peers,2,200,64,0.1,0.9,0.0005,True,0,60,0.1,1.0,2,,disagreement,1.0,1,0.0,0.5,weight,complete,0.0,0.0,42,0,45000,5000,10000,5640048,168,0.0010000000000000002,2,181.16,0.7088000000000001,0.004215250091433888,0.6969,0.7135,0.7529,0.04409999999999992,0.7077333333333332,0.7512,0.23597272727272725,0.6536403197123554,0.23913333333333336,0.6494950287029984,0.7088000000000001,resnet32,0.7135,0.7148,0.743467663499442,0.517146335660734,0.22632132862186569,resnet32,0.711,0.7098,0.7402979224412278,0.5094000997275792,0.23089782339097423,resnet32,0.7096,0.7094,0.7367119645615193,0.5022462699773975,0.23446569441479037,resnet32,0.7117,0.709,0.745167840610851,0.5194183922880753,0.22574944703162395,resnet32,0.7088,0.7086,0.7417981217361309,0.5166270253671841,0.22517109575512056,resnet32,0.6969,0.6966,0.7781726214611395,0.548448374833573,0.2297242464582351,resnet32,0.7098,0.7108,0.7401595229536972,0.5153593705882403,0.22480015192096206,resnet32,0.7047,0.7058,0.748351383319294,0.5204367214729163,0.2279146618040448,resnet32,0.7096,0.7096,0.7419021336615763,0.5170384182340719,0.2248637150888416,resnet32,0.7082,0.7088,0.7591985787519,0.5287392047572542,0.23045937426980923,resnet32,0.7129,0.705,0.7416543212973259,0.5126003714024343,0.2290539500430565,resnet32,0.7089,0.7046,0.7430827033875341,0.5157213901508261,0.22736131268638102,9000000.0,5000.0,36010000.0,6085690000.0,73028280000.0
resnet32x12_cifar100_K12_mwmd2_seed0002_d011,d011,resnet32:12,cifar100,12,matched,mwmd2,peers,2,200,64,0.1,0.9,0.0005,True,0,60,0.1,1.0,2,,disagreement,1.0,1,0.0,0.5,weight,complete,0.0,0.0,42,0,45000,5000,10000,5640048,169,0.0010000000000000002,2,181.21,0.7077,0.003714386445520542,0.6978,0.7124,0.7538,0.04610000000000003,0.7089666666666666,0.7512,0.23615454545454545,0.6482798863069896,0.23795757575757573,0.652300024710563,0.7077,resnet32,0.7124,0.712,0.7449958563612943,0.5217100160662085,0.22328583891926843,resnet32,0.7068,0.7134,0.7430647863921794,0.5146100667559288,0.22845471900125797,resnet32,0.7108,0.718,0.7237928782335736,0.5021076221865687,0.22168525644916703,resnet32,0.7084,0.708,0.7453896452418782,0.5187594712796536,0.22663017400455746,resnet32,0.7039,0.7064,0.7398509110578082,0.5166243584826589,0.22322655259631574,resnet32,0.6978,0.694,0.7829507809894328,0.5504916096106172,0.2324591698336669,resnet32,0.7098,0.7082,0.7506451773965224,0.5183763757602058,0.23226880076849324,resnet32,0.7067,0.711,0.7458924609659747,0.5199272161010992,0.22596524523528802,resnet32,0.7111,0.7148,0.7587920814667913,0.5210668209686198,0.2377252597361803,resnet32,0.7073,0.7072,0.7629831666550175,0.531777907924896,0.23120525804221292,resnet32,0.708,0.7058,0.7394831068390473,0.5150413770990615,0.22444172893566164,resnet32,0.7094,0.7088,0.7384559271264483,0.5162919899448752,0.22216393669474532,9000000.0,5000.0,36010000.0,6121700000.0,73460400000.0
resnet32x12_cifar100_K12_mwmd2_seed0002_d011,d011,resnet32:12,cifar100,12,matched,mwmd2,peers,2,200,64,0.1,0.9,0.0005,True,0,60,0.1,1.0,2,,disagreement,1.0,1,0.0,0.5,weight,complete,0.0,0.0,42,0,45000,5000,10000,5640048,170,0.0010000000000000002,2,181.23,0.7078333333333333,0.0038764961269453614,0.6988,0.7145,0.7526,0.04476666666666673,0.7076833333333333,0.7488,0.23471818181818188,0.6544688734816592,0.23850151515151513,0.6502897360319702,0.7078333333333333,resnet32,0.7106,0.7116,0.7370214450003748,0.5133917848579586,0.22362966192039577,resnet32,0.7104,0.7118,0.732951174701818,0.508180351800878,0.22477082276335833,resnet32,0.7103,0.712,0.7162112342193723,0.4921987949531864,0.22401243916035377,resnet32,0.7145,0.7084,0.7380913700061765,0.512388462158428,0.2257029085674069,resnet32,0.7077,0.706,0.7436398409561,0.5105159483765337,0.23312389200807296,resnet32,0.6988,0.6988,0.7793332021260126,0.5418492067097262,0.23748399401930245,resnet32,0.7093,0.7054,0.7367132387801327,0.5109113733368841,0.22580186628990553,resnet32,0.7031,0.7074,0.7452650242061778,0.5164974888109348,0.22876753607256847,resnet32,0.7076,0.7068,0.7383784155615352,0.5094950099221685,0.2288834072903476,resnet32,0.7049,0.7084,0.7600796806033362,0.5250258913094347,0.2350537897807292,resnet32,0.7086,0.7052,0.7350442225367508,0.508753526405516,0.2262906953269108,resnet32,0.7082,0.7104,0.7364240770058875,0.5082545855336569,0.22816949045624246,9000000.0,5000.0,36010000.0,6157710000.0,73892520000.0
resnet32x12_cifar100_K12_mwmd2_seed0002_d011,d011,resnet32:12,cifar100,12,matched,mwmd2,peers,2,200,64,0.1,0.9,0.0005,True,0,60,0.1,1.0,2,,disagreement,1.0,1,0.0,0.5,weight,complete,0.0,0.0,42,0,45000,5000,10000,5640048,171,0.0010000000000000002,2,182.53,0.7090416666666667,0.004044019933460064,0.6999,0.7165,0.7514,0.042358333333333276,0.7081333333333335,0.7524,0.23553636363636363,0.6519083847334545,0.23908939393939393,0.6504943119107942,0.7090416666666667,resnet32,0.7123,0.713,0.7501048368232494,0.5146802282807502,0.23542460890232839,resnet32,0.7165,0.7106,0.737772219856693,0.5087162763176655,0.2290559426923706,resnet32,0.7124,0.7134,0.7185240419666198,0.4930019346489148,0.22552210752936927,resnet32,0.7104,0.71,0.7487256088378754,0.5170026444406672,0.23172296560369432,resnet32,0.7096,0.707,0.7468856290321458,0.5127097645520486,0.2341758632312783,resnet32,0.6999,0.6952,0.7789682655341246,0.5437816911885007,0.23518657487478445,resnet32,0.7099,0.709,0.7404270022260871,0.5125355566005138,0.22789144435558806,resnet32,0.7106,0.707,0.7439300166019662,0.5155664010142739,0.22836361512203107,resnet32,0.7059,0.7088,0.7366320331242274,0.5106233675879511,0.22600866532461208,resnet32,0.7053,0.7094,0.7512657296928492,0.5210322348654948,0.2302334944675253,resnet32,0.7066,0.705,0.7357796024615791,0.5097012574869123,0.22607834508049895,resnet32,0.7091,0.7092,0.7379929581233724,0.5128733636388048,0.2251195941670713,9000000.0,5000.0,36010000.0,6193720000.0,74324640000.0
resnet32x12_cifar100_K12_mwmd2_seed0002_d011,d011,resnet32:12,cifar100,12,matched,mwmd2,peers,2,200,64,0.1,0.9,0.0005,True,0,60,0.1,1.0,2,,disagreement,1.0,1,0.0,0.5,weight,complete,0.0,0.0,42,0,45000,5000,10000,5640048,172,0.0010000000000000002,2,181.34,0.70925,0.003381198012539344,0.7012,0.7137,0.7541,0.044849999999999945,0.7071666666666667,0.7508,0.23983333333333326,0.6437919578744384,0.2385363636363636,0.6512869215971118,0.70925,resnet32,0.7113,0.7124,0.7465048683383926,0.5131756544790484,0.2333292146636681,resnet32,0.7109,0.7054,0.7318886122666299,0.5062899975614115,0.22559861548837612,resnet32,0.7095,0.7074,0.7201922513036565,0.49291745431467215,0.22727479665032166,resnet32,0.7137,0.7146,0.7457085664976727,0.5175898940175433,0.22811867161230606,resnet32,0.71,0.7088,0.7389538840560074,0.5101697364060039,0.2287841479251669,resnet32,0.7012,0.6974,0.7806511601348493,0.5445825297554786,0.23606863082386553,resnet32,0.7118,0.7056,0.7395193421027877,0.5117460990917276,0.22777324472554028,resnet32,0.7066,0.7066,0.7446290507743304,0.5155388404699889,0.229090210177343,resnet32,0.7096,0.7062,0.755129888442091,0.5157732237553732,0.2393566656815396,resnet32,0.7061,0.7126,0.7591594011861492,0.5260905202435837,0.2330688806885684,resnet32,0.7133,0.6996,0.7455590920184146,0.5092909286348996,0.23626816285435448,resnet32,0.707,0.7094,0.7401166156950322,0.5103087463331494,0.2298078684517267,9000000.0,5000.0,36010000.0,6229730000.0,74756760000.0
resnet32x12_cifar100_K12_mwmd2_seed0002_d011,d011,resnet32:12,cifar100,12,matched,mwmd2,peers,2,200,64,0.1,0.9,0.0005,True,0,60,0.1,1.0,2,,disagreement,1.0,1,0.0,0.5,weight,complete,0.0,0.0,42,0,45000,5000,10000,5640048,173,0.0010000000000000002,2,181.33,0.7079416666666667,0.003310704439977834,0.7,0.7123,0.7533,0.04535833333333328,0.7072000000000002,0.7538,0.2414060606060606,0.6430872957602085,0.23957272727272724,0.650411907926731,0.7079416666666667,resnet32,0.712,0.7096,0.7308991046791727,0.5069328701250594,0.2239662346176126,resnet32,0.7086,0.7042,0.7340526929633184,0.5031648862006312,0.2308878059160303,resnet32,0.7123,0.7218,0.7160533159886572,0.4888035608455539,0.22724975425411353,resnet32,0.7099,0.7044,0.7385890684937212,0.5107965771828524,0.22779249086637388,resnet32,0.7072,0.7054,0.7434989721090957,0.5088899474675682,0.2346090244933624,resnet32,0.7,0.693,0.7716671821068634,0.53880019151521,0.23286699101498182,resnet32,0.708,0.7054,0.7322627458806065,0.5071185920387506,0.22514415233903987,resnet32,0.7035,0.709,0.7359817924655296,0.5115246007811617,0.2244571911234578,resnet32,0.7081,0.7084,0.7377851544456049,0.5086520545353944,0.22913309904238718,resnet32,0.7066,0.709,0.7472563113339923,0.5179349735421552,0.22932133785533634,resnet32,0.7087,0.7064,0.7360627511939541,0.5052020817741074,0.23086066903885116,resnet32,0.7104,0.7098,0.7325127179819074,0.5052442612253468,0.2272684572010555,9000000.0,5000.0,36010000.0,6265740000.0,75188880000.0
resnet32x12_cifar100_K12_mwmd2_seed0002_d011,d011,resnet32:12,cifar100,12,matched,mwmd2,peers,2,200,64,0.1,0.9,0.0005,True,0,60,0.1,1.0,2,,disagreement,1.0,1,0.0,0.5,weight,complete,0.0,0.0,42,0,45000,5000,10000,5640048,174,0.0010000000000000002,2,181.23,0.706325,0.0032619332202442923,0.7003,0.7099,0.7513,0.04497499999999999,0.7065333333333332,0.7528,0.24088484848484848,0.6418979446508589,0.24054545454545456,0.6488445714716643,0.706325,resnet32,0.7089,0.7092,0.7313562453809109,0.5072184769140388,0.22413776867853646,resnet32,0.705,0.706,0.7297309781001373,0.5020310474686663,0.22769993103363298,resnet32,0.7092,0.7172,0.710622054440054,0.4856593671932139,0.22496268701400945,resnet32,0.7089,0.712,0.7466481709006157,0.5092229004526003,0.237425269220363,resnet32,0.7027,0.7018,0.7338355345736173,0.5069598330354149,0.22687570164403456,resnet32,0.7007,0.6964,0.7764693687415936,0.5362177365036174,0.24025163077749312,resnet32,0.706,0.7038,0.73079432123764,0.503711484033953,0.22708283758468248,resnet32,0.7003,0.704,0.7337085827338424,0.5075471874495799,0.22616139486093412,resnet32,0.7076,0.7098,0.7307071716270663,0.5040015974505381,0.2267055747268552,resnet32,0.7078,0.7088,0.7547455410557714,0.517786886416037,0.2369586541952396,resnet32,0.7089,0.7042,0.7309193258512426,0.5033022941682826,0.22761703238145195,resnet32,0.7099,0.7052,0.730034470431168,0.5014542805623602,0.22858018959364432,9000000.0,5000.0,36010000.0,6301750000.0,75621000000.0
resnet32x12_cifar100_K12_mwmd2_seed0002_d011,d011,resnet32:12,cifar100,12,matched,mwmd2,peers,2,200,64,0.1,0.9,0.0005,True,0,60,0.1,1.0,2,,disagreement,1.0,1,0.0,0.5,weight,complete,0.0,0.0,42,0,45000,5000,10000,5640048,175,0.0010000000000000002,2,181.28,0.7075999999999999,0.004307938408720977,0.6993,0.7153,0.7511,0.043500000000000094,0.7069666666666667,0.7512,0.23678181818181823,0.6501995330555567,0.23788484848484842,0.6535609538444328,0.7075999999999999,resnet32,0.7114,0.7148,0.7419741400517523,0.5068463985384866,0.23512774138626727,resnet32,0.704,0.7056,0.729363729415292,0.5007805576632646,0.22858317168852824,resnet32,0.7097,0.7126,0.7169417170384391,0.4860748643140224,0.23086685227992182,resnet32,0.7153,0.7142,0.7415503128855065,0.5102848515380174,0.23126546227881176,resnet32,0.7083,0.7066,0.7385839467698877,0.5074842293873768,0.23109971678985114,resnet32,0.6993,0.6958,0.776080261958255,0.5380733991465108,0.23800686321390624,resnet32,0.7062,0.7016,0.7338661284778606,0.5058482308787379,0.22801789831878108,resnet32,0.7029,0.707,0.7318935466676273,0.5072528664657677,0.22464067967269907,resnet32,0.7069,0.7064,0.7346018473617733,0.5040234600786458,0.2305783876429566,resnet32,0.7048,0.704,0.7570238978686658,0.5186534457289699,0.23837045330384915,resnet32,0.7098,0.7076,0.736162514468147,0.5038917832796208,0.23227073025720363,resnet32,0.7126,0.7074,0.7317288592457771,0.5027249802792952,0.22900387843732128,9000000.0,5000.0,36010000.0,6337760000.0,76053120000.0
resnet32x12_cifar100_K12_mwmd2_seed0002_d011,d011,resnet32:12,cifar100,12,matched,mwmd2,peers,2,200,64,0.1,0.9,0.0005,True,0,60,0.1,1.0,2,,disagreement,1.0,1,0.0,0.5,weight,complete,0.0,0.0,42,0,45000,5000,10000,5640048,176,0.0010000000000000002,2,181.35,0.7056583333333334,0.0030742094738141846,0.6984,0.7102,0.7534,0.04774166666666657,0.7039333333333334,0.7478,0.244830303030303,0.6400295740053996,0.24550909090909093,0.6433359139135072,0.7056583333333334,resnet32,0.7068,0.7046,0.7349790697917342,0.5060522711454806,0.2289267974821004,resnet32,0.7085,0.7066,0.7361997250382873,0.5008603546091102,0.23533937040801076,resnet32,0.7059,0.7084,0.7293508575213227,0.48943026431582193,0.23992059329016643,resnet32,0.7102,0.7112,0.7426229844039137,0.5099051962183281,0.2327177875717594,resnet32,0.7043,0.7082,0.7385714514689012,0.5079772094349292,0.23059424249963326,resnet32,0.6984,0.6902,0.7728139837695793,0.53821708697995,0.2345968968319622,resnet32,0.708,0.6988,0.7345420915887437,0.5059585806871341,0.2285835106264461,resnet32,0.7066,0.6992,0.7347426457669247,0.5080551451326094,0.2266875006131489,resnet32,0.7057,0.7006,0.7404476035470989,0.5057911116799171,0.2346564923116768,resnet32,0.7029,0.705,0.7551584300500426,0.5202966501766985,0.2348617810798301,resnet32,0.7026,0.708,0.7330182206139646,0.5027788460508666,0.23023937466893007,resnet32,0.708,0.7064,0.7345339013686911,0.5041967947459356,0.23033710609359498,9000000.0,5000.0,36010000.0,6373770000.0,76485240000.0
resnet32x12_cifar100_K12_mwmd2_seed0002_d011,d011,resnet32:12,cifar100,12,matched,mwmd2,peers,2,200,64,0.1,0.9,0.0005,True,0,60,0.1,1.0,2,,disagreement,1.0,1,0.0,0.5,weight,complete,0.0,0.0,42,0,45000,5000,10000,5640048,177,0.0010000000000000002,2,181.38,0.7077833333333334,0.0026645303943138372,0.702,0.712,0.7544,0.04661666666666653,0.7069833333333332,0.7518,0.23893030303030305,0.6452943547103946,0.2421833333333333,0.6457255019230399,0.7077833333333334,resnet32,0.7115,0.7132,0.734910458241674,0.5054182160899721,0.2294922415802086,resnet32,0.7086,0.713,0.7252334380437705,0.49766782400282944,0.22756561410444026,resnet32,0.705,0.7116,0.7254645886661654,0.48766352858563716,0.2378010612658479,resnet32,0.712,0.711,0.7413669092665341,0.5081173254346306,0.23324958328157663,resnet32,0.7098,0.7068,0.7371892223811962,0.5026546352204274,0.2345345865469426,resnet32,0.702,0.699,0.7678235721012409,0.5337647605179385,0.23405881094830958,resnet32,0.7054,0.7028,0.7316499807956544,0.5002266941592097,0.2314232858956199,resnet32,0.7078,0.7028,0.7369395590133287,0.5078319599851966,0.22910759928212923,resnet32,0.7073,0.7078,0.7392987936565821,0.5053266457239673,0.233972147742117,resnet32,0.7071,0.7058,0.7488303769125857,0.5144786611199379,0.23435171602547847,resnet32,0.708,0.7046,0.736252966040576,0.5017399366691031,0.2345130293503065,resnet32,0.7089,0.7054,0.7269744070839476,0.49907532296228135,0.22789908564564856,9000000.0,5000.0,36010000.0,6409780000.0,76917360000.0
resnet32x12_cifar100_K12_mwmd2_seed0002_d011,d011,resnet32:12,cifar100,12,matched,mwmd2,peers,2,200,64,0.1,0.9,0.0005,True,0,60,0.1,1.0,2,,disagreement,1.0,1,0.0,0.5,weight,complete,0.0,0.0,42,0,45000,5000,10000,5640048,178,0.0010000000000000002,2,181.31,0.707475,0.003796517044169135,0.6984,0.7133,0.7526,0.04512500000000008,0.7073,0.7502,0.23644242424242426,0.6505323366364871,0.23946060606060607,0.6520200810189288,0.707475,resnet32,0.7124,0.712,0.7323630577461286,0.5026947908442129,0.22966826770623977,resnet32,0.7097,0.7092,0.7353388342837041,0.4979294292120771,0.23740940490229565,resnet32,0.7103,0.7092,0.7084236818958413,0.4825940582562577,0.2258296235549179,resnet32,0.7133,0.716,0.7331066895699636,0.504603560611775,0.2285031295720149,resnet32,0.7045,0.707,0.74334973922338,0.5041514339602806,0.2391983059827577,resnet32,0.6984,0.6948,0.767317373347892,0.5311570879579945,0.23616028661754998,resnet32,0.707,0.707,0.7404529854909263,0.5038913588928566,0.23656162729656155,resnet32,0.7048,0.7064,0.7386060070500455,0.506699699908495,0.23190630692988634,resnet32,0.7079,0.7064,0.7368115687065504,0.5048942380076782,0.23191733029671013,resnet32,0.7061,0.7032,0.7498242579908534,0.5139569229531017,0.23586733486842026,resnet32,0.7069,0.7044,0.7307780884968286,0.49901430952278053,0.23176377922804517,resnet32,0.7084,0.712,0.7270137387835844,0.4981765667484565,0.22883717136838558,9000000.0,5000.0,36010000.0,6445790000.0,77349480000.0
resnet32x12_cifar100_K12_mwmd2_seed0002_d011,d011,resnet32:12,cifar100,12,matched,mwmd2,peers,2,200,64,0.1,0.9,0.0005,True,0,60,0.1,1.0,2,,disagreement,1.0,1,0.0,0.5,weight,complete,0.0,0.0,42,0,45000,5000,10000,5640048,179,0.0010000000000000002,2,181.5,0.7055833333333332,0.00416089600393421,0.6949,0.7114,0.7534,0.04781666666666673,0.7046666666666668,0.7532,0.2428727272727273,0.6437795525406177,0.24473333333333333,0.6439540799904666,0.7055833333333332,resnet32,0.7076,0.7082,0.7316851013932716,0.4975631764920598,0.23412192581136795,resnet32,0.7086,0.7042,0.7300279937176541,0.4944131166928194,0.23561487689783628,resnet32,0.7065,0.7092,0.7068345191973177,0.4787863311357796,0.22804818797687237,resnet32,0.7114,0.7102,0.7357424564066936,0.5011258190497756,0.23461663752624934,resnet32,0.7075,0.7114,0.7327424704774537,0.500662218102,0.23208025260828435,resnet32,0.6949,0.6976,0.7626673785376955,0.5279478964141824,0.2347194835416634,resnet32,0.7026,0.703,0.7316023318774321,0.49675613082945347,0.2348461997779933,resnet32,0.7046,0.701,0.7323599525050006,0.501768137793988,0.23059181617149574,resnet32,0.7059,0.7046,0.7317575972781263,0.5003470663743262,0.23141053166579117,resnet32,0.7018,0.7022,0.7399677217260681,0.5074811377774247,0.23248658413914117,resnet32,0.7058,0.7058,0.7261210685934533,0.4953618861142207,0.23075918305072596,resnet32,0.7098,0.6986,0.7263321021402424,0.4956225494176827,0.23070955179123717,9000000.0,5000.0,36010000.0,6481800000.0,77781600000.0
resnet32x12_cifar100_K12_mwmd2_seed0002_d011,d011,resnet32:12,cifar100,12,matched,mwmd2,peers,2,200,64,0.1,0.9,0.0005,True,0,60,0.1,1.0,2,,disagreement,1.0,1,0.0,0.5,weight,complete,0.0,0.0,42,0,45000,5000,10000,5640048,180,0.00010000000000000003,2,181.22,0.711825,0.0035951645766686816,0.7038,0.7169,0.7557,0.043875,0.7105,0.7572,0.2336454545454546,0.6503629777834201,0.2353787878787879,0.6534912737263571,0.711825,resnet32,0.7146,0.7188,0.6932504547082565,0.4766298718962141,0.21662058332003653,resnet32,0.7135,0.7082,0.6805101389658045,0.4710809955034744,0.20942914302841845,resnet32,0.7157,0.7222,0.6651165705089542,0.455072230447761,0.21004434005060996,resnet32,0.7169,0.7142,0.6905828247016127,0.4761455880732022,0.21443723707290535,resnet32,0.7112,0.714,0.6894080500880425,0.4736751079855656,0.21573294237764043,resnet32,0.7038,0.7002,0.7314100204120305,0.5085477187848565,0.22286230213516814,resnet32,0.7131,0.7128,0.6891976176253096,0.4732114454223351,0.21598617232997308,resnet32,0.7082,0.705,0.6867072155529802,0.4760784933512861,0.21062872224402698,resnet32,0.7127,0.7076,0.6856340449303389,0.47329263926737686,0.21234140600162474,resnet32,0.7077,0.7102,0.7084493941034783,0.484253628031266,0.22419576555363496,resnet32,0.7105,0.7042,0.683495713016865,0.4714190359015695,0.21207667707296257,resnet32,0.714,0.7086,0.6818660465915772,0.4708117616828531,0.21105428514155475,9000000.0,5000.0,36010000.0,6517810000.0,78213720000.0
resnet32x12_cifar100_K12_mwmd2_seed0002_d011,d011,resnet32:12,cifar100,12,matched,mwmd2,peers,2,200,64,0.1,0.9,0.0005,True,0,60,0.1,1.0,2,,disagreement,1.0,1,0.0,0.5,weight,complete,0.0,0.0,42,0,45000,5000,10000,5640048,181,0.00010000000000000003,2,181.25,0.7145916666666667,0.0033929972819847086,0.7051,0.7197,0.7566,0.042008333333333314,0.7152166666666666,0.7532,0.22790606060606067,0.6546989127985197,0.23057727272727271,0.6582875568376142,0.7145916666666667,resnet32,0.716,0.7232,0.6590021038851277,0.46207413521849294,0.1969279689629647,resnet32,0.7161,0.717,0.6580132349309596,0.4574805522887883,0.20053268372165886,resnet32,0.7136,0.7198,0.6399283823557198,0.4422561766114086,0.19767220527864993,resnet32,0.7197,0.7156,0.6781990626742217,0.46295903231525287,0.21524002898315137,resnet32,0.7139,0.7224,0.6699608288366686,0.460936611878093,0.20902421590025452,resnet32,0.7051,0.7038,0.7013022256591781,0.4902000776915388,0.21110214684581893,resnet32,0.7153,0.7166,0.666174491063099,0.45986259944567626,0.20631189106709577,resnet32,0.7124,0.7134,0.6649860641919076,0.464970524253493,0.20001553991724821,resnet32,0.7176,0.7132,0.6670792306434702,0.46005105663260276,0.20702817500568926,resnet32,0.7145,0.7152,0.6733231085183268,0.46968655195087194,0.20363655651453882,resnet32,0.715,0.7074,0.6617226367816329,0.4562095081306655,0.20551313055594536,resnet32,0.7159,0.715,0.6545045463876291,0.4559686957773837,0.19853585097007453,9000000.0,5000.0,36010000.0,6553820000.0,78645840000.0
resnet32x12_cifar100_K12_mwmd2_seed0002_d011,d011,resnet32:12,cifar100,12,matched,mwmd2,peers,2,200,64,0.1,0.9,0.0005,True,0,60,0.1,1.0,2,,disagreement,1.0,1,0.0,0.5,weight,complete,0.0,0.0,42,0,45000,5000,10000,5640048,182,0.00010000000000000003,2,181.23,0.7146916666666666,0.003647249724868811,0.706,0.7198,0.7561,0.04140833333333338,0.7134,0.7568,0.22927272727272724,0.6536131772224597,0.22953939393939393,0.6592230695123705,0.7146916666666666,resnet32,0.7171,0.722,0.660857846791094,0.4572069981685755,0.20365084913051265,resnet32,0.717,0.7154,0.653861737344414,0.45417050314559176,0.19969123510897838,resnet32,0.716,0.7222,0.6354839900000528,0.43729568588208745,0.19818830374755303,resnet32,0.7198,0.7136,0.662872665731067,0.4587784714954482,0.20409419339954515,resnet32,0.714,0.7148,0.6529789865863594,0.4553069099148905,0.1976720757613128,resnet32,0.706,0.702,0.6928436756134033,0.48334504177116533,0.20949863441373137,resnet32,0.7154,0.714,0.6513836590827189,0.4523569396485321,0.1990267199845138,resnet32,0.7132,0.7096,0.6595261157066985,0.4596151107583534,0.1999110046625984,resnet32,0.7171,0.7102,0.6597733324054967,0.45574870019812475,0.20402463267303325,resnet32,0.7091,0.7128,0.675510286776857,0.46540759611790156,0.21010269039437512,resnet32,0.7147,0.7094,0.6502733629789542,0.4521557661408389,0.19811759730377657,resnet32,0.7169,0.7148,0.6536890254355967,0.45391212653538043,0.19977690015961838,9000000.0,5000.0,36010000.0,6589830000.0,79077960000.0
resnet32x12_cifar100_K12_mwmd2_seed0002_d011,d011,resnet32:12,cifar100,12,matched,mwmd2,peers,2,200,64,0.1,0.9,0.0005,True,0,60,0.1,1.0,2,,disagreement,1.0,1,0.0,0.5,weight,complete,0.0,0.0,42,0,45000,5000,10000,5640048,183,0.00010000000000000003,2,181.27,0.7125083333333334,0.002870963349740907,0.7059,0.7178,0.7567,0.04419166666666663,0.7107666666666667,0.754,0.23231515151515156,0.6522149943310142,0.2343393939393939,0.6527448682797552,0.7125083333333334,resnet32,0.7145,0.72,0.6570937502282587,0.45567996821112255,0.20141378222880038,resnet32,0.7142,0.7136,0.6579443081282079,0.45142311651513656,0.20652119216339831,resnet32,0.7123,0.716,0.6346039958298206,0.43688857060095126,0.1977154251653701,resnet32,0.7178,0.7142,0.661321364173835,0.45994693684307014,0.20137442701326852,resnet32,0.7124,0.7134,0.6547786099412902,0.4553185594903136,0.19946005148813128,resnet32,0.7059,0.7018,0.6884403374808078,0.48473756286230957,0.20370277398350564,resnet32,0.7103,0.712,0.6576532582244412,0.45561477275226603,0.20203848682682624,resnet32,0.7106,0.7052,0.6561928677203303,0.45744724167426204,0.19874562532640994,resnet32,0.7142,0.7082,0.6589655745774508,0.45648749972778285,0.20247807537882842,resnet32,0.7104,0.7092,0.6664484155956995,0.4648171081631021,0.20163130658594045,resnet32,0.7129,0.705,0.6515230427665467,0.45341521639122884,0.1981078272748908,resnet32,0.7146,0.7106,0.6483692839657041,0.44969877547753806,0.1986705081283369,9000000.0,5000.0,36010000.0,6625840000.0,79510080000.0
resnet32x12_cifar100_K12_mwmd2_seed0002_d011,d011,resnet32:12,cifar100,12,matched,mwmd2,peers,2,200,64,0.1,0.9,0.0005,True,0,60,0.1,1.0,2,,disagreement,1.0,1,0.0,0.5,weight,complete,0.0,0.0,42,0,45000,5000,10000,5640048,184,0.00010000000000000003,2,181.38,0.71415,0.003576660453551599,0.7049,0.7202,0.7585,0.04435,0.7133833333333333,0.7574,0.23017575757575767,0.653136135165658,0.23239545454545452,0.6548591583112106,0.71415,resnet32,0.7154,0.7216,0.6499924539927054,0.4546599568883804,0.19533249555917626,resnet32,0.7172,0.7138,0.6507870594293557,0.450362809933722,0.20042424933688546,resnet32,0.7143,0.7218,0.6369261358949271,0.4371964387722652,0.1997296971226619,resnet32,0.7202,0.7176,0.6594427852383391,0.4592179071623832,0.2002248784992844,resnet32,0.7142,0.7158,0.6568691145882688,0.4560084362217987,0.2008606773398986,resnet32,0.7049,0.7004,0.6963500910946592,0.4858846655115485,0.2104654248211194,resnet32,0.7147,0.716,0.6551511215300045,0.4535174053797329,0.2016337160338563,resnet32,0.7102,0.7094,0.6651310090991583,0.45907667969268834,0.20605432849631392,resnet32,0.7151,0.709,0.6647744044153527,0.45461458348753775,0.2101598209172318,resnet32,0.7134,0.7122,0.6700044591403143,0.46635656084188004,0.2036478986582634,resnet32,0.7159,0.7086,0.6524375397711992,0.45140212564729154,0.20103541353124788,resnet32,0.7143,0.7144,0.6626737613908269,0.4523941242051395,0.21027963841333985,9000000.0,5000.0,36010000.0,6661850000.0,79942200000.0
resnet32x12_cifar100_K12_mwmd2_seed0002_d011,d011,resnet32:12,cifar100,12,matched,mwmd2,peers,2,200,64,0.1,0.9,0.0005,True,0,60,0.1,1.0,2,,disagreement,1.0,1,0.0,0.5,weight,complete,0.0,0.0,42,0,45000,5000,10000,5640048,185,0.00010000000000000003,2,181.54,0.7149833333333332,0.0037380550498294592,0.7062,0.7197,0.755,0.04001666666666681,0.71515,0.7584,0.22801818181818176,0.6545529097207415,0.22921363636363637,0.6580858076865818,0.7149833333333332,resnet32,0.7193,0.7232,0.6451834849166599,0.4515004673634063,0.19368301688651132,resnet32,0.716,0.7198,0.647170180793513,0.44895577807487413,0.19821440257047387,resnet32,0.717,0.7198,0.62867974976755,0.43243801803328097,0.1962417315966873,resnet32,0.7197,0.7166,0.6563878214748745,0.4519669489765709,0.20442087300629777,resnet32,0.7129,0.7158,0.6540579784407534,0.4482796084220437,0.20577836940488356,resnet32,0.7062,0.7026,0.6864988444034349,0.48033080516721716,0.2061680392150513,resnet32,0.7146,0.717,0.6468152612109076,0.44994311077012256,0.19687215177426962,resnet32,0.71,0.7146,0.6586560332216322,0.454679822655056,0.20397621108515357,resnet32,0.7165,0.713,0.6518102565949614,0.4496618166608228,0.20214843957430936,resnet32,0.7136,0.7116,0.6652151632376693,0.4615308593281291,0.20368430534885687,resnet32,0.7158,0.712,0.6522003845735029,0.44727884575893934,0.2049215394495563,resnet32,0.7182,0.7158,0.6470558939670975,0.448760571021756,0.19829532256434587,9000000.0,5000.0,36010000.0,6697860000.0,80374320000.0
resnet32x12_cifar100_K12_mwmd2_seed0002_d011,d011,resnet32:12,cifar100,12,matched,mwmd2,peers,2,200,64,0.1,0.9,0.0005,True,0,60,0.1,1.0,2,,disagreement,1.0,1,0.0,0.5,weight,complete,0.0,0.0,42,0,45000,5000,10000,5640048,186,0.00010000000000000003,2,181.22,0.7152666666666666,0.003109751687121587,0.7086,0.7189,0.7568,0.04153333333333342,0.7132833333333334,0.7562,0.2319848484848484,0.6504258131581679,0.23183636363636356,0.655222235963465,0.7152666666666666,resnet32,0.7189,0.722,0.6518607486716725,0.4505971479441293,0.20126360129903664,resnet32,0.7179,0.7152,0.6506860467012633,0.44560610613023693,0.20507994120601902,resnet32,0.715,0.7192,0.6291212068701332,0.43333842618052254,0.19578277988528664,resnet32,0.7186,0.7162,0.6532584163783626,0.4539158159274269,0.19934260011227292,resnet32,0.716,0.7154,0.6544652392833747,0.45022483506578614,0.2042404038154266,resnet32,0.7099,0.7018,0.6802732610059056,0.4774967973459173,0.2027764634694904,resnet32,0.7174,0.7144,0.6482806480912999,0.4485868806950748,0.19969376813704995,resnet32,0.7086,0.7098,0.6509202271276577,0.45402916736731475,0.19689106168648737,resnet32,0.7159,0.7114,0.6475406081246381,0.4496215925636617,0.1979190160583874,resnet32,0.7133,0.7134,0.662662900518626,0.4611495223150335,0.2015133778860962,resnet32,0.715,0.7082,0.6511662621051073,0.4502171307632869,0.20094913064332848,resnet32,0.7167,0.7124,0.6449252649379725,0.4464747993360189,0.19845046577128497,9000000.0,5000.0,36010000.0,6733870000.0,80806440000.0
resnet32x12_cifar100_K12_mwmd2_seed0002_d011,d011,resnet32:12,cifar100,12,matched,mwmd2,peers,2,200,64,0.1,0.9,0.0005,True,0,60,0.1,1.0,2,,disagreement,1.0,1,0.0,0.5,weight,complete,0.0,0.0,42,0,45000,5000,10000,5640048,187,0.00010000000000000003,2,181.31,0.7144,0.0035562152165844363,0.704,0.7177,0.7558,0.04139999999999999,0.7131166666666667,0.7532,0.22946060606060614,0.6543781092141526,0.2301454545454546,0.6572432765400388,0.7144,resnet32,0.7158,0.7238,0.6438836865550415,0.44747585972601717,0.19640782600353388,resnet32,0.7177,0.7164,0.647608167576519,0.44710171063938603,0.20050645689480007,resnet32,0.7169,0.7164,0.6270591406659647,0.43180073044178163,0.19525841231965882,resnet32,0.7163,0.7158,0.6650483137081292,0.4538186805915426,0.21122963370924647,resnet32,0.717,0.7164,0.6567831657911566,0.44989588649266143,0.206887279340828,resnet32,0.704,0.7014,0.6894807617857375,0.4792984032749452,0.21018235952678052,resnet32,0.7135,0.712,0.6484515627168796,0.4469243003351783,0.20152726267803123,resnet32,0.7123,0.711,0.6567851376550441,0.4531314078379761,0.20365373040972787,resnet32,0.7161,0.71,0.6541396785442802,0.4499445922926746,0.2041950861246071,resnet32,0.7125,0.7104,0.6617374969223007,0.4594908567060801,0.20224663966589354,resnet32,0.7148,0.7096,0.6507723748853261,0.45059417679228564,0.20017819722521712,resnet32,0.7159,0.7142,0.6426190109500154,0.4454199559351599,0.19719905546993355,9000000.0,5000.0,36010000.0,6769880000.0,81238560000.0
resnet32x12_cifar100_K12_mwmd2_seed0002_d011,d011,resnet32:12,cifar100,12,matched,mwmd2,peers,2,200,64,0.1,0.9,0.0005,True,0,60,0.1,1.0,2,,disagreement,1.0,1,0.0,0.5,weight,complete,0.0,0.0,42,0,45000,5000,10000,5640048,188,0.00010000000000000003,2,181.33,0.71435,0.0039890475053576385,0.7036,0.7182,0.7563,0.04194999999999993,0.71555,0.7564,0.22790909090909095,0.655215718386638,0.23061818181818186,0.6593579162056459,0.71435,resnet32,0.7182,0.722,0.6533174066465687,0.4496542763557624,0.20366313001564282,resnet32,0.717,0.7174,0.6454750049689953,0.44513065670616925,0.20034434906715018,resnet32,0.7139,0.723,0.6265866159122776,0.43015701575628057,0.1964295999443328,resnet32,0.7179,0.7188,0.6489691755903716,0.4506417746147649,0.1983274012296037,resnet32,0.713,0.7166,0.651222040919079,0.44861187709664757,0.20261016246778044,resnet32,0.7036,0.7046,0.6902627191844989,0.4802330014380542,0.21002971749244767,resnet32,0.7157,0.7138,0.6458008186891675,0.4458295829721134,0.19997123725161972,resnet32,0.7132,0.7124,0.6515586000274528,0.4524238755587827,0.19913472478616645,resnet32,0.7164,0.7142,0.6464699564332311,0.44716013059951365,0.19930982557972046,resnet32,0.7099,0.713,0.6691260754384778,0.4578003270593895,0.21132574865425174,resnet32,0.7161,0.7148,0.6425374087623574,0.4439080573025752,0.19862935118461875,resnet32,0.7173,0.716,0.6465421754189513,0.4455100362697108,0.20103213875766165,9000000.0,5000.0,36010000.0,6805890000.0,81670680000.0
resnet32x12_cifar100_K12_mwmd2_seed0002_d011,d011,resnet32:12,cifar100,12,matched,mwmd2,peers,2,200,64,0.1,0.9,0.0005,True,0,60,0.1,1.0,2,,disagreement,1.0,1,0.0,0.5,weight,complete,0.0,0.0,42,0,45000,5000,10000,5640048,189,0.00010000000000000003,2,181.24,0.7153583333333334,0.003160816965420312,0.7074,0.7203,0.7565,0.04114166666666652,0.7148499999999999,0.7554,0.22956969696969698,0.6534991522199063,0.22935000000000005,0.659731589123403,0.7153583333333334,resnet32,0.7191,0.7222,0.6501555916514586,0.44885752093978226,0.20129807088100773,resnet32,0.718,0.7168,0.6462762371044267,0.4435736115979539,0.20270262532655828,resnet32,0.7157,0.7218,0.6243570122698491,0.4292272395369681,0.19512977241538465,resnet32,0.7203,0.7194,0.6520052392628383,0.4499381268820302,0.2020671110896563,resnet32,0.7151,0.7148,0.6434633786874738,0.4474544541867958,0.19600892340002413,resnet32,0.7074,0.7058,0.6789326197891072,0.47597993622449314,0.20295268267562444,resnet32,0.7164,0.716,0.6454450154931031,0.4460357175504958,0.19940929845060137,resnet32,0.7135,0.7112,0.6542929484170269,0.4513909068085592,0.20290204139680348,resnet32,0.7158,0.7152,0.6480876488018442,0.4473486703989858,0.20073897882618688,resnet32,0.7129,0.714,0.6604917009615086,0.4578034743158655,0.20268822596831756,resnet32,0.715,0.71,0.6428952312350951,0.4441734828816896,0.19872174799357625,resnet32,0.7151,0.711,0.6390145293182947,0.44369104466485704,0.19532348458993842,9000000.0,5000.0,36010000.0,6841900000.0,82102800000.0
resnet32x12_cifar100_K12_mwmd2_seed0002_d011,d011,resnet32:12,cifar100,12,matched,mwmd2,peers,2,200,64,0.1,0.9,0.0005,True,0,60,0.1,1.0,2,,disagreement,1.0,1,0.0,0.5,weight,complete,0.0,0.0,42,0,45000,5000,10000,5640048,190,0.00010000000000000003,2,181.3,0.7144666666666667,0.002978907331369815,0.7072,0.7179,0.757,0.04253333333333331,0.7135833333333332,0.7528,0.23096666666666663,0.6521269325523972,0.23089242424242423,0.6570640560738115,0.7144666666666667,resnet32,0.7157,0.7194,0.6336163604970683,0.44258544289252977,0.19103091741404074,resnet32,0.7164,0.7126,0.6370005653324452,0.43818969222378323,0.19881087279116566,resnet32,0.7174,0.7232,0.619735602331771,0.42610674582167785,0.1936288561608473,resnet32,0.7179,0.7176,0.6423933517018502,0.4460766199679876,0.19631673200902613,resnet32,0.7138,0.713,0.6494321403601631,0.4436747318303043,0.20575740800069814,resnet32,0.7072,0.7034,0.6787171107716858,0.4720377540004186,0.2066793577449227,resnet32,0.7146,0.713,0.6427694319070063,0.4414816772438247,0.20128775379535827,resnet32,0.7095,0.7114,0.6412752279165116,0.44437883754091506,0.19689639025918124,resnet32,0.7157,0.7138,0.6358884668231688,0.4408976913599128,0.19499077626758002,resnet32,0.715,0.712,0.6531408756802027,0.45339847914874554,0.19974239490164275,resnet32,0.7153,0.7096,0.6381210376169871,0.44013858218254015,0.1979824553286149,resnet32,0.7151,0.714,0.6480538396334107,0.44170490514741023,0.20634893482466313,9000000.0,5000.0,36010000.0,6877910000.0,82534920000.0
resnet32x12_cifar100_K12_mwmd2_seed0002_d011,d011,resnet32:12,cifar100,12,matched,mwmd2,peers,2,200,64,0.1,0.9,0.0005,True,0,60,0.1,1.0,2,,disagreement,1.0,1,0.0,0.5,weight,complete,0.0,0.0,42,0,45000,5000,10000,5640048,191,0.00010000000000000003,2,181.43,0.7153583333333334,0.0033442633302750214,0.7073,0.7193,0.758,0.04264166666666658,0.7144,0.754,0.22999696969696967,0.6535015761020384,0.2305515151515151,0.657171544808724,0.7153583333333334,resnet32,0.7193,0.7224,0.6409615592777052,0.44473430433903227,0.19622725388035178,resnet32,0.7191,0.7192,0.6386156887747347,0.4398658592888916,0.1987498294540935,resnet32,0.7154,0.7208,0.6309372030029242,0.4262733642562208,0.20466383931819687,resnet32,0.719,0.716,0.6510976272296499,0.44805261096917093,0.20304501766804606,resnet32,0.7144,0.7168,0.641650918405503,0.4435868472792208,0.1980640706182881,resnet32,0.7073,0.7036,0.6790094826455143,0.4720666004895148,0.20694288291799073,resnet32,0.7145,0.7114,0.638583098792217,0.44160804779014806,0.19697505126664924,resnet32,0.7111,0.7134,0.6441216506487266,0.4465191212525083,0.19760252768173814,resnet32,0.7153,0.7116,0.6398144015534357,0.44048424395309255,0.19933015774850818,resnet32,0.7152,0.7108,0.6653614928099242,0.4553170090710575,0.21004448462785644,resnet32,0.7179,0.7126,0.6397246673533862,0.441007106310942,0.19871756131760776,resnet32,0.7158,0.7142,0.6364608588205143,0.43904542704959487,0.19741543223658067,9000000.0,5000.0,36010000.0,6913920000.0,82967040000.0
resnet32x12_cifar100_K12_mwmd2_seed0002_d011,d011,resnet32:12,cifar100,12,matched,mwmd2,peers,2,200,64,0.1,0.9,0.0005,True,0,60,0.1,1.0,2,,disagreement,1.0,1,0.0,0.5,weight,complete,0.0,0.0,42,0,45000,5000,10000,5640048,192,0.00010000000000000003,2,181.3,0.7163833333333334,0.003557581887868355,0.7077,0.7214,0.756,0.03961666666666663,0.7158666666666668,0.7544,0.22785151515151517,0.6563722365603959,0.22923636363636363,0.6568320017632376,0.7163833333333334,resnet32,0.7168,0.7218,0.6402325866828588,0.4441879253030162,0.19604466167617252,resnet32,0.7205,0.7206,0.6416129408488896,0.44010442558845336,0.20150851708074863,resnet32,0.7188,0.7222,0.619636831254783,0.4242140619634566,0.19542276933365924,resnet32,0.7214,0.7184,0.6434318042275581,0.4453353139741177,0.19809649198908696,resnet32,0.7147,0.7188,0.640016991560432,0.4433661587324671,0.19665083364287222,resnet32,0.7077,0.7014,0.6801236823031848,0.471291404386813,0.20883227723904632,resnet32,0.7181,0.719,0.6384360609491441,0.4410719085611742,0.19736415361562235,resnet32,0.7131,0.7134,0.6410011879845776,0.4438980543477969,0.19710313397544352,resnet32,0.7183,0.7144,0.6486373200419951,0.44253374909220095,0.20610357283360578,resnet32,0.7136,0.7134,0.6594478449868885,0.45280970103869383,0.2066381431227042,resnet32,0.7169,0.7124,0.6355554199862209,0.4380976681978526,0.1974577521905303,resnet32,0.7167,0.7146,0.6356004450724206,0.43695423868484795,0.19864620648282158,9000000.0,5000.0,36010000.0,6949930000.0,83399160000.0
resnet32x12_cifar100_K12_mwmd2_seed0002_d011,d011,resnet32:12,cifar100,12,matched,mwmd2,peers,2,200,64,0.1,0.9,0.0005,True,0,60,0.1,1.0,2,,disagreement,1.0,1,0.0,0.5,weight,complete,0.0,0.0,42,0,45000,5000,10000,5640048,193,0.00010000000000000003,2,181.37,0.7148249999999999,0.003279513429357061,0.7084,0.7193,0.7576,0.04277500000000012,0.7143333333333334,0.7552,0.23025454545454543,0.6536393190183037,0.2323681818181818,0.6552736606620888,0.7148249999999999,resnet32,0.7181,0.7236,0.6531460922719403,0.44584060754542326,0.20730548423968934,resnet32,0.7184,0.7134,0.6418264060789212,0.442695954200727,0.19913045158186418,resnet32,0.7154,0.725,0.6302045328034596,0.42933296206915245,0.20087157014164736,resnet32,0.7193,0.7174,0.6490974360653623,0.44987146878107026,0.19922596709379417,resnet32,0.715,0.7164,0.6462389544414525,0.44582841801457107,0.20041053619405086,resnet32,0.7092,0.7018,0.6856395647945729,0.47681999509222806,0.2088195697235113,resnet32,0.7142,0.7118,0.6457625389183786,0.4453809597021477,0.20038157913156532,resnet32,0.7084,0.7116,0.6541666521860118,0.44946825614368374,0.20469839695248415,resnet32,0.7168,0.7114,0.6485554729165002,0.4465679065112702,0.2019875660665672,resnet32,0.7128,0.7174,0.6653189138001339,0.45501126964915206,0.21030764512463726,resnet32,0.7138,0.7098,0.6375371417538687,0.4385962392711504,0.19894090164664455,resnet32,0.7165,0.7124,0.6439847687513314,0.44276142425157805,0.20122334351551466,9000000.0,5000.0,36010000.0,6985940000.0,83831280000.0
resnet32x12_cifar100_K12_mwmd2_seed0002_d011,d011,resnet32:12,cifar100,12,matched,mwmd2,peers,2,200,64,0.1,0.9,0.0005,True,0,60,0.1,1.0,2,,disagreement,1.0,1,0.0,0.5,weight,complete,0.0,0.0,42,0,45000,5000,10000,5640048,194,0.00010000000000000003,2,181.22,0.714375,0.0036023429875568364,0.7054,0.7199,0.7571,0.04272500000000001,0.7138500000000002,0.7574,0.23274545454545456,0.6495818195971061,0.2334060606060606,0.6531775815570743,0.714375,resnet32,0.718,0.7212,0.637872290162539,0.44127564485692844,0.19659664437428795,resnet32,0.7174,0.7168,0.6342182530259545,0.43543539532798936,0.1987828568724746,resnet32,0.7136,0.7202,0.6171023290689018,0.42152655514126475,0.19557577416046776,resnet32,0.7199,0.7144,0.64138577086851,0.44249254145490174,0.19889322998510164,resnet32,0.7125,0.7146,0.6475097370249304,0.4415564742362635,0.20595326177267867,resnet32,0.7054,0.7008,0.6756459481760182,0.46679475505582313,0.2088511950251731,resnet32,0.7141,0.7112,0.6370985000817613,0.43874591936103324,0.1983525809323923,resnet32,0.7122,0.7108,0.6403888838619671,0.4434787019113587,0.19691018279726533,resnet32,0.7161,0.7148,0.6346974437209693,0.43812447832897305,0.19657296554016118,resnet32,0.7118,0.7148,0.6629354991865429,0.4526603286239234,0.2102751711341129,resnet32,0.7159,0.7106,0.6442498797127469,0.43851599283516407,0.2057338853112676,resnet32,0.7156,0.716,0.6355027588592335,0.4385675228073854,0.19693523541685531,9000000.0,5000.0,36010000.0,7021950000.0,84263400000.0
resnet32x12_cifar100_K12_mwmd2_seed0002_d011,d011,resnet32:12,cifar100,12,matched,mwmd2,peers,2,200,64,0.1,0.9,0.0005,True,0,60,0.1,1.0,2,,disagreement,1.0,1,0.0,0.5,weight,complete,0.0,0.0,42,0,45000,5000,10000,5640048,195,0.00010000000000000003,2,181.28,0.714725,0.003212767498590583,0.7067,0.7188,0.7572,0.04247499999999993,0.7143666666666667,0.7582,0.23092424242424245,0.6517308470230331,0.2313318181818182,0.6556443858924371,0.714725,resnet32,0.7163,0.7236,0.630636858499863,0.4372361097696491,0.1934007483492182,resnet32,0.7188,0.7194,0.6399069524539466,0.43595863394015893,0.2039483187042854,resnet32,0.7155,0.7134,0.617444230963222,0.42158166943541303,0.19586256256496365,resnet32,0.7186,0.7166,0.6440661151216112,0.4419295416763899,0.20213657390029932,resnet32,0.7128,0.7162,0.6324513118544762,0.4361694040284915,0.19628190760373732,resnet32,0.7067,0.704,0.6681160310029306,0.46634092823263595,0.20177510217763484,resnet32,0.717,0.7126,0.6357954892075874,0.4387478412721645,0.19704764848574996,resnet32,0.7112,0.7126,0.6454192597249692,0.4427779045760293,0.20264135481027717,resnet32,0.7153,0.7146,0.63846384416419,0.4373913084961135,0.20107253626073626,resnet32,0.7134,0.7134,0.6518181156875058,0.4497200639241121,0.20209805243013595,resnet32,0.7155,0.7092,0.6411100447347219,0.43834852458993817,0.20276151930870998,resnet32,0.7156,0.7168,0.6354619220576503,0.43596308384175325,0.19949883851222694,9000000.0,5000.0,36010000.0,7057960000.0,84695520000.0
resnet32x12_cifar100_K12_mwmd2_seed0002_d011,d011,resnet32:12,cifar100,12,matched,mwmd2,peers,2,200,64,0.1,0.9,0.0005,True,0,60,0.1,1.0,2,,disagreement,1.0,1,0.0,0.5,weight,complete,0.0,0.0,42,0,45000,5000,10000,5640048,196,0.00010000000000000003,2,181.42,0.7129583333333334,0.0031001232054369905,0.705,0.7181,0.7571,0.044141666666666635,0.7139166666666666,0.7568,0.23166666666666672,0.652920910664048,0.23326363636363628,0.6569889146122049,0.7129583333333334,resnet32,0.7147,0.7198,0.6392328151163053,0.4419412949672816,0.19729152181058784,resnet32,0.7122,0.7152,0.6371574591506611,0.43776636255312373,0.19939109687270087,resnet32,0.7146,0.7196,0.6243348849767988,0.42590282891284337,0.19843205593695695,resnet32,0.7181,0.7164,0.6451800462620502,0.44575913148847496,0.1994209147735753,resnet32,0.7121,0.716,0.6474082278172401,0.4404137904374776,0.2069944368717684,resnet32,0.705,0.7046,0.682759371035817,0.47337516210973263,0.20938420873558658,resnet32,0.7138,0.713,0.638734975406392,0.44106751563958824,0.1976674598303031,resnet32,0.7111,0.7092,0.6415576194836334,0.44385004295459524,0.1977075766031207,resnet32,0.7139,0.7126,0.6383291551504623,0.4391550173855979,0.19917413816702637,resnet32,0.7107,0.716,0.6627384423786267,0.454749918225306,0.20798852614296431,resnet32,0.7135,0.7084,0.6410847538658841,0.4393664710435339,0.20171828417700122,resnet32,0.7158,0.7162,0.6373830783942883,0.4392581036399034,0.198124976310117,9000000.0,5000.0,36010000.0,7093970000.0,85127640000.0
resnet32x12_cifar100_K12_mwmd2_seed0002_d011,d011,resnet32:12,cifar100,12,matched,mwmd2,peers,2,200,64,0.1,0.9,0.0005,True,0,60,0.1,1.0,2,,disagreement,1.0,1,0.0,0.5,weight,complete,0.0,0.0,42,0,45000,5000,10000,5640048,197,0.00010000000000000003,2,181.26,0.7156500000000001,0.0028709754439911043,0.7072,0.7186,0.7586,0.04294999999999993,0.7145666666666667,0.757,0.2297272727272727,0.6550948842695807,0.2313242424242425,0.6544640660743459,0.7156500000000001,resnet32,0.7168,0.7202,0.6409150870008902,0.44421558460982685,0.19669950168198821,resnet32,0.7182,0.7172,0.6365052346055481,0.4395125465552238,0.1969926881773228,resnet32,0.7162,0.72,0.6207960495640609,0.42378634186884895,0.19700970976952126,resnet32,0.7172,0.7206,0.6451854154213585,0.4445861698212949,0.2005992446475747,resnet32,0.7174,0.7174,0.6442158741199158,0.44199112976308574,0.202224744907157,resnet32,0.7072,0.7008,0.6837095556018705,0.4731218838132918,0.21058767130175096,resnet32,0.7164,0.7138,0.6379804321226071,0.4400963961697099,0.1978840353602374,resnet32,0.7137,0.7106,0.6451106506230478,0.4436274113091217,0.2014832396737554,resnet32,0.7186,0.717,0.651586000341922,0.4389753854960542,0.21261061438020656,resnet32,0.715,0.7144,0.6598850514062427,0.4507962144826623,0.20908883666958322,resnet32,0.716,0.7088,0.6411366930908777,0.4400293086867102,0.2011073844676668,resnet32,0.7151,0.714,0.6376898107965562,0.43744487941942434,0.20024493082680486,9000000.0,5000.0,36010000.0,7129980000.0,85559760000.0
resnet32x12_cifar100_K12_mwmd2_seed0002_d011,d011,resnet32:12,cifar100,12,matched,mwmd2,peers,2,200,64,0.1,0.9,0.0005,True,0,60,0.1,1.0,2,,disagreement,1.0,1,0.0,0.5,weight,complete,0.0,0.0,42,0,45000,5000,10000,5640048,198,0.00010000000000000003,2,181.26,0.7148666666666667,0.0035896456030582737,0.7059,0.7203,0.7567,0.04183333333333339,0.7143333333333333,0.756,0.22989696969696968,0.6553755588149456,0.2296712121212121,0.6574654066581088,0.7148666666666667,resnet32,0.718,0.7214,0.6422516339543191,0.43993362193842506,0.20231801146556708,resnet32,0.7156,0.7164,0.6315390018068932,0.4337276031940498,0.19781139786143534,resnet32,0.7149,0.7222,0.6165667301128533,0.4191807864276184,0.19738594370640136,resnet32,0.7203,0.7192,0.6454366711814973,0.442102640401572,0.20333403200757774,resnet32,0.7136,0.7162,0.645451457620683,0.43797784453173255,0.20747361302545125,resnet32,0.7059,0.702,0.6734222402288155,0.46699297152967617,0.20642926986329257,resnet32,0.7141,0.712,0.6346802131950178,0.43649729451333935,0.1981829188404266,resnet32,0.7103,0.7142,0.6430002328601073,0.4412613296881318,0.20173890380696816,resnet32,0.7171,0.7118,0.640148265033283,0.43680885434150696,0.20333941086110743,resnet32,0.7154,0.7172,0.6539318724112078,0.45049552168612456,0.20343635100024668,resnet32,0.7165,0.7108,0.635577998420393,0.43511465716768394,0.2004633415596221,resnet32,0.7167,0.7086,0.6340708677995611,0.4340405540159819,0.20003031336025082,9000000.0,5000.0,36010000.0,7165990000.0,85991880000.0
resnet32x12_cifar100_K12_mwmd2_seed0002_d011,d011,resnet32:12,cifar100,12,matched,mwmd2,peers,2,200,64,0.1,0.9,0.0005,True,0,60,0.1,1.0,2,,disagreement,1.0,1,0.0,0.5,weight,complete,0.0,0.0,42,0,45000,5000,10000,5640048,199,0.00010000000000000003,2,181.2,0.71565,0.0028259216785560958,0.7076,0.719,0.7581,0.04244999999999999,0.7132999999999999,0.7554,0.23107272727272726,0.6533366348009856,0.23051969696969696,0.6572862401653689,0.71565,resnet32,0.7176,0.7204,0.6424328694543378,0.4365826543335887,0.20585021473975343,resnet32,0.7167,0.7172,0.6344670310447161,0.4339159818323837,0.20055105071514845,resnet32,0.7159,0.7166,0.6183552203107286,0.42046693490225484,0.19788828581063586,resnet32,0.719,0.7136,0.6434062052179467,0.44012150062586775,0.20328470482490957,resnet32,0.7155,0.713,0.6412869309583171,0.43663174913010816,0.20465518172237684,resnet32,0.7076,0.704,0.6715620035644282,0.466118830954656,0.2054431736680933,resnet32,0.7167,0.7152,0.640732398933985,0.43621947309425607,0.20451292651705444,resnet32,0.7129,0.7108,0.6421466998501935,0.4409091057763858,0.2012375935446471,resnet32,0.718,0.7128,0.6312358341687783,0.43465234830298205,0.1965834850508889,resnet32,0.7162,0.711,0.6537222370336001,0.449836988912218,0.20388524754988877,resnet32,0.7155,0.7112,0.6350877570327033,0.4348708462732082,0.2002169108018279,resnet32,0.7162,0.7138,0.6329858069392768,0.4336188133932989,0.1993669925723225,9000000.0,5000.0,36010000.0,7202000000.0,86424000000.0
