run_id,run_tag,cohort,dataset,K,arm,arm_label,target,seed,epochs,batch_size,base_lr,momentum,weight_decay,nesterov,graph_seed,lr_step,lr_gamma,kd_T,k_matchings,k_anneal,match_weight,kappa,rematch_every_epochs,recency_lambda,recency_gamma,peel_weighting,graph,label_noise_rate,actual_noise_rate,noise_seed,split_seed,n_train,n_valid,n_test,cohort_params,epoch,lr,k_current,epoch_seconds,avg_test_acc,std_test_acc,min_test_acc,max_test_acc,ensemble_test_acc,ens_minus_avg_test,avg_val_acc,ensemble_val_acc,disagreement_val,rho_val,disagreement_test,rho_test,avg_test_acc_resnet32,model_00_arch,model_00_test_acc,model_00_val_acc,model_00_train_loss,model_00_ce_loss,model_00_kd_loss,model_01_arch,model_01_test_acc,model_01_val_acc,model_01_train_loss,model_01_ce_loss,model_01_kd_loss,model_02_arch,model_02_test_acc,model_02_val_acc,model_02_train_loss,model_02_ce_loss,model_02_kd_loss,model_03_arch,model_03_test_acc,model_03_val_acc,model_03_train_loss,model_03_ce_loss,model_03_kd_loss,model_04_arch,model_04_test_acc,model_04_val_acc,model_04_train_loss,model_04_ce_loss,model_04_kd_loss,model_05_arch,model_05_test_acc,model_05_val_acc,model_05_train_loss,model_05_ce_loss,model_05_kd_loss,model_06_arch,model_06_test_acc,model_06_val_acc,model_06_train_loss,model_06_ce_loss,model_06_kd_loss,model_07_arch,model_07_test_acc,model_07_val_acc,model_07_train_loss,model_07_ce_loss,model_07_kd_loss,model_08_arch,model_08_test_acc,model_08_val_acc,model_08_train_loss,model_08_ce_loss,model_08_kd_loss,model_09_arch,model_09_test_acc,model_09_val_acc,model_09_train_loss,model_09_ce_loss,model_09_kd_loss,model_10_arch,model_10_test_acc,model_10_val_acc,model_10_train_loss,model_10_ce_loss,model_10_kd_loss,model_11_arch,model_11_test_acc,model_11_val_acc,model_11_train_loss,model_11_ce_loss,model_11_kd_loss,comm_logit_floats_epoch,comm_matcher_ints_epoch,comm_bytes_epoch,comm_bytes_cum,comm_bytes_cum_cohort
resnet32x12_cifar100_K12_topo-clusters2_seed0002_d011,d011,resnet32:12,cifar100,12,topology,topo-clusters2,peers,2,200,64,0.1,0.9,0.0005,True,0,60,0.1,1.0,1,,disagreement,1.0,1,0.0,0.5,weight,clusters:2,0.0,0.0,42,0,45000,5000,10000,5640048,0,0.1,1,108.45,0.03045,0.012903326444500011,0.0157,0.0629,0.0612,0.030749999999999996,0.03145,0.0654,0.8175393939393938,0.23030100140625792,0.8220590909090908,0.22584188131665303,0.03045,resnet32,0.0157,0.0184,4.6968303688547826,4.5944676345044915,0.1023627304741901,resnet32,0.0158,0.0182,4.720083133063533,4.624700244177472,0.09538288345158269,resnet32,0.0368,0.0374,4.65596335449002,4.527212773534385,0.1287505861030447,resnet32,0.017,0.0168,4.701606558805162,4.591137603602626,0.1104689505803187,resnet32,0.0379,0.0426,4.633664222603494,4.542640560729937,0.09102366366774235,resnet32,0.031,0.0308,4.693970277905464,4.552277124063536,0.14169315867713356,resnet32,0.0375,0.0362,4.677606090225956,4.5380560166456485,0.13955008185373366,resnet32,0.0192,0.0176,4.791542440652847,4.641150985929099,0.15039145557900405,resnet32,0.0307,0.032,4.681418332186612,4.550484038889408,0.13093428762361078,resnet32,0.0359,0.038,4.6865027993917465,4.566904737868092,0.11959807117868464,resnet32,0.0629,0.0642,4.638496660373428,4.5170058513229545,0.12149081035981495,resnet32,0.025,0.0252,4.745648046108809,4.626875406639143,0.11877264200037727,4500000.0,0.0,18000000.0,18000000.0,216000000.0
resnet32x12_cifar100_K12_topo-clusters2_seed0002_d011,d011,resnet32:12,cifar100,12,topology,topo-clusters2,peers,2,200,64,0.1,0.9,0.0005,True,0,60,0.1,1.0,1,,disagreement,1.0,1,0.0,0.5,weight,clusters:2,0.0,0.0,42,0,45000,5000,10000,5640048,1,0.1,1,103.18,0.06541666666666666,0.018678143793095597,0.0371,0.097,0.1002,0.03478333333333333,0.06685,0.1002,0.8033818181818183,0.32733628707878587,0.8043606060606063,0.3302012016854635,0.06541666666666666,resnet32,0.0374,0.0414,4.4748673418706115,4.417923288589174,0.05694405322852121,resnet32,0.0473,0.0484,4.501954549415545,4.445297833532095,0.05665671909810044,resnet32,0.097,0.099,4.107640750367533,4.035302440551194,0.0723383073292842,resnet32,0.0612,0.0606,4.218960341743448,4.146076302636754,0.07288403677309609,resnet32,0.0855,0.0874,4.199764945290306,4.163645428690043,0.03611951620074582,resnet32,0.0765,0.0764,4.257993884384632,4.221220344643701,0.03677353702898307,resnet32,0.0764,0.079,4.250336001881144,4.185216598212719,0.06511940058341927,resnet32,0.0547,0.0538,4.384704686701298,4.31843490018086,0.06626978982239962,resnet32,0.0577,0.0626,4.20973973382603,4.166595891456712,0.04314384520032697,resnet32,0.0371,0.0374,4.210335807028142,4.167780986563726,0.04255482130842707,resnet32,0.0861,0.087,4.145377137444236,4.065204964442686,0.08017216972075403,resnet32,0.0681,0.0692,4.339551193470305,4.25790367343209,0.08164751551918346,4500000.0,0.0,18000000.0,36000000.0,432000000.0
resnet32x12_cifar100_K12_topo-clusters2_seed0002_d011,d011,resnet32:12,cifar100,12,topology,topo-clusters2,peers,2,200,64,0.1,0.9,0.0005,True,0,60,0.1,1.0,1,,disagreement,1.0,1,0.0,0.5,weight,clusters:2,0.0,0.0,42,0,45000,5000,10000,5640048,2,0.1,1,108.88,0.105875,0.02284648495939802,0.0649,0.1551,0.1228,0.01692500000000001,0.10579999999999999,0.1218,0.6972939393939394,0.46755873008327214,0.701972727272727,0.48824136636082366,0.105875,resnet32,0.0852,0.0822,4.0297851965508675,3.9629856547848745,0.06679953959643502,resnet32,0.102,0.097,3.953966912220825,3.8866273388266563,0.06733957046261904,resnet32,0.1284,0.1292,3.6940906162966383,3.6033885807476262,0.09070203567601064,resnet32,0.0649,0.0624,3.770963258025321,3.6806903583082287,0.09027289866935462,resnet32,0.1251,0.1198,3.7324524582786993,3.661083692854101,0.07136876747244969,resnet32,0.1076,0.1052,3.7678343558853324,3.696652468632568,0.07118189187762751,resnet32,0.1067,0.1142,3.898472852327607,3.8238389475101773,0.07463390387023207,resnet32,0.0907,0.0942,3.9677767851813273,3.89395458759232,0.07382220199691471,resnet32,0.1208,0.1276,3.8647756319154394,3.800725448199294,0.06405017846158113,resnet32,0.0916,0.0988,3.8914406336843967,3.8280413303185594,0.06339930594284934,resnet32,0.1551,0.1516,3.7470512976023285,3.6650873090733183,0.08196398909521205,resnet32,0.0924,0.0874,3.853005998513915,3.7722301110625267,0.08077588460450484,4500000.0,0.0,18000000.0,54000000.0,648000000.0
resnet32x12_cifar100_K12_topo-clusters2_seed0002_d011,d011,resnet32:12,cifar100,12,topology,topo-clusters2,peers,2,200,64,0.1,0.9,0.0005,True,0,60,0.1,1.0,1,,disagreement,1.0,1,0.0,0.5,weight,clusters:2,0.0,0.0,42,0,45000,5000,10000,5640048,3,0.1,1,102.13,0.17151666666666668,0.022180540770884938,0.1376,0.2113,0.2148,0.04328333333333331,0.1645,0.213,0.6657333333333334,0.4770018686381265,0.6680151515151517,0.48590384026995215,0.17151666666666668,resnet32,0.146,0.1338,3.635924116793004,3.5450620359995146,0.09086208407957615,resnet32,0.1605,0.1526,3.5985721346329558,3.507507900622758,0.09106423667716709,resnet32,0.1626,0.1556,3.3484975848008287,3.231206223029982,0.1172913618343459,resnet32,0.176,0.1748,3.406631718643687,3.2897398885000837,0.11689182924403047,resnet32,0.2051,0.1976,3.335717841305516,3.2283433821390974,0.10737445794934915,resnet32,0.1696,0.1672,3.3584875183349308,3.2511305162175135,0.10735700148242441,resnet32,0.1829,0.1738,3.5625293857671996,3.466987992552194,0.09554139247418127,resnet32,0.145,0.1354,3.6230553385208952,3.5285688266158104,0.09448651100022042,resnet32,0.1718,0.164,3.5501123670149934,3.4574320793829183,0.09268028576943008,resnet32,0.1376,0.1304,3.57501250336116,3.4830004711720077,0.0920120365388522,resnet32,0.2113,0.2096,3.4101940528912977,3.30825166370381,0.10194238664751704,resnet32,0.1898,0.1792,3.484201916916804,3.383126299489628,0.10107561861249534,4500000.0,0.0,18000000.0,72000000.0,864000000.0
resnet32x12_cifar100_K12_topo-clusters2_seed0002_d011,d011,resnet32:12,cifar100,12,topology,topo-clusters2,peers,2,200,64,0.1,0.9,0.0005,True,0,60,0.1,1.0,1,,disagreement,1.0,1,0.0,0.5,weight,clusters:2,0.0,0.0,42,0,45000,5000,10000,5640048,4,0.1,1,102.04,0.1844916666666667,0.024558720729893256,0.1255,0.2224,0.2231,0.0386083333333333,0.17828333333333335,0.212,0.6216575757575757,0.4910016226180563,0.6289833333333333,0.49171399570499735,0.1844916666666667,resnet32,0.1896,0.1804,3.295565434477546,3.17283046618104,0.1227349657247859,resnet32,0.1841,0.1806,3.294643858955665,3.1723061241209507,0.12233773603061722,resnet32,0.1903,0.1844,3.0862630463459273,2.949532152238217,0.13673088668887926,resnet32,0.1916,0.1866,3.12854118374261,2.9924125237898394,0.13612866058776324,resnet32,0.2224,0.2206,3.0455493469807235,2.9108619195493786,0.13468742556869984,resnet32,0.2015,0.1936,3.0441011247987095,2.909217870370908,0.13488325557078829,resnet32,0.1747,0.1674,3.2788618582893503,3.154942561279644,0.12391930257647553,resnet32,0.2047,0.1936,3.347920136018233,3.22503569891507,0.12288443678566678,resnet32,0.1255,0.119,3.316380664028905,3.19689872556112,0.11948193782220849,resnet32,0.1494,0.1446,3.362483509900895,3.243966220793399,0.11851728468371386,resnet32,0.1822,0.1814,3.1496219692582432,3.0219833078709515,0.12763866274194283,resnet32,0.1979,0.1872,3.1886388588358057,3.0616558038375596,0.126983057400635,4500000.0,0.0,18000000.0,90000000.0,1080000000.0
resnet32x12_cifar100_K12_topo-clusters2_seed0002_d011,d011,resnet32:12,cifar100,12,topology,topo-clusters2,peers,2,200,64,0.1,0.9,0.0005,True,0,60,0.1,1.0,1,,disagreement,1.0,1,0.0,0.5,weight,clusters:2,0.0,0.0,42,0,45000,5000,10000,5640048,5,0.1,1,102.14,0.25648333333333334,0.0262203430353016,0.2174,0.3064,0.3113,0.05481666666666668,0.2588666666666667,0.3116,0.597942424242424,0.5353214455546651,0.605762121212121,0.5363267285714169,0.25648333333333334,resnet32,0.2707,0.2738,3.031331231648272,2.876799935982986,0.15453129573936827,resnet32,0.259,0.2574,3.0582217794250357,2.9045986140316185,0.15362316864246334,resnet32,0.3064,0.3052,2.908351221545176,2.7507810721343215,0.15757014874411238,resnet32,0.259,0.2748,2.942175616256215,2.7851950201121243,0.15698059312787585,resnet32,0.3019,0.3096,2.845905152572827,2.688395053825595,0.15751010142478414,resnet32,0.2382,0.2414,2.831750126386231,2.6737854887138712,0.1579646338518201,resnet32,0.2634,0.2654,3.0550693182105366,2.9094054885208607,0.1456638296790929,resnet32,0.2316,0.233,3.1125619794157418,2.9680867608297956,0.14447521706196395,resnet32,0.2535,0.2558,3.1336714564399286,2.9874133579432964,0.14625810025344518,resnet32,0.2174,0.2132,3.206373364410617,3.0619851262731985,0.14438824224370447,resnet32,0.2264,0.2266,2.9591439840468494,2.8083441758697685,0.15079980688592928,resnet32,0.2503,0.2502,2.9784267978234724,2.8279262855648994,0.15050050741146234,4500000.0,0.0,18000000.0,108000000.0,1296000000.0
resnet32x12_cifar100_K12_topo-clusters2_seed0002_d011,d011,resnet32:12,cifar100,12,topology,topo-clusters2,peers,2,200,64,0.1,0.9,0.0005,True,0,60,0.1,1.0,1,,disagreement,1.0,1,0.0,0.5,weight,clusters:2,0.0,0.0,42,0,45000,5000,10000,5640048,6,0.1,1,104.11,0.29368333333333335,0.024225359761117185,0.2551,0.3523,0.3441,0.050416666666666665,0.2908,0.346,0.555772727272727,0.5592941442068239,0.5586999999999999,0.5618267989670687,0.29368333333333335,resnet32,0.2862,0.2846,2.8369747146286746,2.663067226044156,0.1739074917065657,resnet32,0.265,0.2704,2.8767208487472753,2.70410239120776,0.17261845618486404,resnet32,0.2959,0.293,2.7790068767287512,2.604746933687817,0.17425994177094914,resnet32,0.299,0.2944,2.8116957650265912,2.638380747965791,0.1733150156849826,resnet32,0.3194,0.3184,2.6926626708697188,2.5122188060459765,0.18044386416758326,resnet32,0.3523,0.3498,2.6761301142925564,2.4951662358573894,0.18096388050947676,resnet32,0.2759,0.2748,2.888842150568962,2.725868531926112,0.16297361891801385,resnet32,0.287,0.283,2.941863539205356,2.7801521992818876,0.1617113389709795,resnet32,0.2871,0.2736,2.9931373572485014,2.8280163183808327,0.16512103732251984,resnet32,0.2551,0.2462,3.0761129920455543,2.9132956506853755,0.16281733578282662,resnet32,0.296,0.2974,2.8237998604097148,2.653597518801689,0.17020234481473875,resnet32,0.3053,0.304,2.8387478193776174,2.6691840436648238,0.16956377471797168,4500000.0,0.0,18000000.0,126000000.0,1512000000.0
resnet32x12_cifar100_K12_topo-clusters2_seed0002_d011,d011,resnet32:12,cifar100,12,topology,topo-clusters2,peers,2,200,64,0.1,0.9,0.0005,True,0,60,0.1,1.0,1,,disagreement,1.0,1,0.0,0.5,weight,clusters:2,0.0,0.0,42,0,45000,5000,10000,5640048,7,0.1,1,102.07,0.29484166666666667,0.03243954526842542,0.2168,0.3437,0.3552,0.06035833333333335,0.28965,0.3462,0.5622666666666667,0.5474485382847558,0.5671378787878787,0.5466570382228808,0.29484166666666667,resnet32,0.3324,0.3266,2.7077642039141874,2.515230595388196,0.19253360721367327,resnet32,0.2777,0.2736,2.7503046342595057,2.5594302263449538,0.1908744094385342,resnet32,0.3437,0.33,2.6781080121343788,2.4841220182451336,0.19398599295792254,resnet32,0.3266,0.3174,2.70665265890685,2.5134180851958017,0.1932345750656995,resnet32,0.2733,0.2652,2.5697302002121103,2.3687670408663424,0.20096316594969144,resnet32,0.3094,0.3036,2.556556050919674,2.355498642745343,0.20105741084129972,resnet32,0.2779,0.2764,2.7716212933036415,2.588832986964421,0.18278830691071396,resnet32,0.2904,0.2898,2.8299200416288595,2.6489044289019974,0.18101561624048787,resnet32,0.2795,0.2722,2.881089022891088,2.7010016278787092,0.1800873960495334,resnet32,0.2168,0.2204,2.948072438890284,2.7699981460517105,0.178074291261675,resnet32,0.3037,0.2926,2.7269082675603302,2.542696899819103,0.18421136697923596,resnet32,0.3067,0.308,2.7316820848394525,2.5476055809042673,0.1840765031308613,4500000.0,0.0,18000000.0,144000000.0,1728000000.0
resnet32x12_cifar100_K12_topo-clusters2_seed0002_d011,d011,resnet32:12,cifar100,12,topology,topo-clusters2,peers,2,200,64,0.1,0.9,0.0005,True,0,60,0.1,1.0,1,,disagreement,1.0,1,0.0,0.5,weight,clusters:2,0.0,0.0,42,0,45000,5000,10000,5640048,8,0.1,1,125.27,0.3276416666666667,0.028514571080219465,0.2654,0.3636,0.3859,0.0582583333333333,0.3259666666666667,0.3822,0.5416606060606061,0.5622422671589039,0.5450363636363639,0.5687695688708254,0.3276416666666667,resnet32,0.3437,0.3466,2.617769576270472,2.41201150925322,0.20575806468894536,resnet32,0.3291,0.3228,2.6549388508905065,2.4510492621497675,0.20388958298347212,resnet32,0.3636,0.3588,2.5931018672206183,2.391032190824097,0.2020696739412167,resnet32,0.3444,0.3272,2.612657557495616,2.4112290484322743,0.201428508491848,resnet32,0.3559,0.3538,2.4816371730782767,2.267697589302605,0.21393958079120654,resnet32,0.3625,0.3598,2.4635894809934227,2.249087461524389,0.2145020172677257,resnet32,0.3221,0.3286,2.6739324666559696,2.476732152090831,0.1972003162902018,resnet32,0.3275,0.3218,2.7372686314311894,2.5421788086268036,0.1950898209205744,resnet32,0.2947,0.2966,2.78518054058606,2.5969638262282717,0.18821671562777323,resnet32,0.2974,0.3014,2.848864607174288,2.663028187033805,0.18583642105063933,resnet32,0.3254,0.326,2.643881044943224,2.4516362944109873,0.19224475025707347,resnet32,0.2654,0.2682,2.6502269757064907,2.458082027733326,0.19214494826949455,4500000.0,0.0,18000000.0,162000000.0,1944000000.0
resnet32x12_cifar100_K12_topo-clusters2_seed0002_d011,d011,resnet32:12,cifar100,12,topology,topo-clusters2,peers,2,200,64,0.1,0.9,0.0005,True,0,60,0.1,1.0,1,,disagreement,1.0,1,0.0,0.5,weight,clusters:2,0.0,0.0,42,0,45000,5000,10000,5640048,9,0.1,1,124.92,0.3214916666666667,0.028704107090952842,0.2766,0.3687,0.3913,0.0698083333333333,0.3143000000000001,0.3786,0.5719757575757576,0.5202388105619367,0.5749454545454546,0.5270448285122118,0.3214916666666667,resnet32,0.3687,0.3538,2.5444305650889874,2.3246995772827757,0.21973098509690978,resnet32,0.3283,0.324,2.5874932669103146,2.369980750944127,0.2175125163471834,resnet32,0.3146,0.3116,2.543529868803241,2.331405816769058,0.21212405326183548,resnet32,0.2956,0.3008,2.5591316107999194,2.347284380515868,0.21184723036871714,resnet32,0.2766,0.2726,2.417889432304285,2.193883033807982,0.22400640162893318,resnet32,0.3559,0.3444,2.405199172991243,2.1804939200255005,0.22470525446855885,resnet32,0.3164,0.31,2.6036712994629685,2.39189672622491,0.21177457575686276,resnet32,0.2913,0.286,2.662504694001241,2.452789682386951,0.20971501231278208,resnet32,0.3309,0.313,2.712889666923068,2.5146962424570862,0.19819342537613754,resnet32,0.2868,0.2808,2.7664773955263873,2.5710765736346897,0.1954008183992383,resnet32,0.3358,0.3284,2.5962275574830445,2.3894620448012245,0.2067655114541677,resnet32,0.357,0.3462,2.597887671467933,2.391305775635622,0.20658189598047597,4500000.0,0.0,18000000.0,180000000.0,2160000000.0
resnet32x12_cifar100_K12_topo-clusters2_seed0002_d011,d011,resnet32:12,cifar100,12,topology,topo-clusters2,peers,2,200,64,0.1,0.9,0.0005,True,0,60,0.1,1.0,1,,disagreement,1.0,1,0.0,0.5,weight,clusters:2,0.0,0.0,42,0,45000,5000,10000,5640048,10,0.1,1,125.42,0.3456916666666667,0.024023199146288206,0.3015,0.3906,0.4101,0.06440833333333335,0.33346666666666663,0.386,0.526439393939394,0.5608668222196046,0.5268242424242422,0.5665290632774392,0.3456916666666667,resnet32,0.3357,0.3298,2.4717620816081762,2.242269169877876,0.22949291590008547,resnet32,0.3406,0.3216,2.520602659068324,2.293480235405944,0.22712242550385947,resnet32,0.3444,0.335,2.484255472875454,2.258410745723681,0.22584472545845943,resnet32,0.3591,0.3414,2.493891070004214,2.2683876923878086,0.22550337717191063,resnet32,0.3906,0.3762,2.365335874936797,2.1334675289690495,0.2318683482113887,resnet32,0.3753,0.359,2.351313443177126,2.118981669233604,0.23233177567916838,resnet32,0.3462,0.3332,2.5293941206552764,2.3030173074115408,0.2263768145772205,resnet32,0.3672,0.3574,2.5860432013869286,2.3620796251026066,0.22396358075043696,resnet32,0.3015,0.2928,2.646323100071062,2.439750137654218,0.20657296499914743,resnet32,0.3161,0.299,2.704328815029426,2.5003451368009504,0.20398367655632849,resnet32,0.3249,0.3152,2.535297501493584,2.323800774460489,0.21149672514928336,resnet32,0.3467,0.341,2.541844406080517,2.3306025485084816,0.21124185651371424,4500000.0,0.0,18000000.0,198000000.0,2376000000.0
resnet32x12_cifar100_K12_topo-clusters2_seed0002_d011,d011,resnet32:12,cifar100,12,topology,topo-clusters2,peers,2,200,64,0.1,0.9,0.0005,True,0,60,0.1,1.0,1,,disagreement,1.0,1,0.0,0.5,weight,clusters:2,0.0,0.0,42,0,45000,5000,10000,5640048,11,0.1,1,125.3,0.34651666666666664,0.03497234224672723,0.2876,0.4093,0.4189,0.07238333333333336,0.3427166666666667,0.417,0.5432636363636363,0.5547865936431354,0.5428378787878789,0.5605798692689774,0.34651666666666664,resnet32,0.3694,0.375,2.432880884205753,2.1968863047659397,0.23599457562985746,resnet32,0.3528,0.3538,2.475043136626482,2.2413211568174036,0.2337219795127484,resnet32,0.3934,0.3916,2.4445027463476765,2.211353373459794,0.23314936765977604,resnet32,0.3514,0.3514,2.4566092897545206,2.223888876763257,0.23272041510790586,resnet32,0.4093,0.3936,2.3304788629439743,2.0893259785053404,0.24115288272415372,resnet32,0.3727,0.3654,2.315994571386413,2.0737772788852453,0.24221729311499407,resnet32,0.3497,0.3486,2.4731346507641403,2.241863682188771,0.23127096823670648,resnet32,0.3333,0.3312,2.5340460396625777,2.3057670545848934,0.22827898440035907,resnet32,0.3247,0.3246,2.6065359853885393,2.3904385134916413,0.21609747147356922,resnet32,0.3061,0.293,2.652324541895227,2.4390485246073115,0.21327601984905248,resnet32,0.3078,0.301,2.493705441667275,2.275922602042556,0.21778284241868692,resnet32,0.2876,0.2834,2.503689720549367,2.2862020204351707,0.21748770227317105,4500000.0,0.0,18000000.0,216000000.0,2592000000.0
resnet32x12_cifar100_K12_topo-clusters2_seed0002_d011,d011,resnet32:12,cifar100,12,topology,topo-clusters2,peers,2,200,64,0.1,0.9,0.0005,True,0,60,0.1,1.0,1,,disagreement,1.0,1,0.0,0.5,weight,clusters:2,0.0,0.0,42,0,45000,5000,10000,5640048,12,0.1,1,124.52,0.3006083333333333,0.046961836604015206,0.1765,0.3796,0.3609,0.06029166666666669,0.29658333333333337,0.3566,0.5812969696969694,0.5170477722923296,0.5838742424242424,0.5277578323619299,0.3006083333333333,resnet32,0.3015,0.3022,2.389680076898499,2.1412085118618878,0.24847156048583036,resnet32,0.302,0.3014,2.4349115209823307,2.1888664879582147,0.24604503681290557,resnet32,0.2801,0.273,2.401173704049804,2.1560281222178177,0.2451455790168521,resnet32,0.3083,0.3048,2.4172334781085905,2.1725234968418423,0.24470997978509826,resnet32,0.3796,0.3746,2.298984508114782,2.054431742903861,0.24455276929604058,resnet32,0.3369,0.3378,2.290971223434264,2.0461548202755777,0.24481640028005297,resnet32,0.3453,0.3394,2.420786801725626,2.182771300219677,0.23801549871198155,resnet32,0.2789,0.2758,2.4733919316733424,2.237658766860312,0.2357331654268571,resnet32,0.3115,0.3106,2.5593337128785523,2.3343881902030925,0.22494552553292702,resnet32,0.2805,0.2686,2.6040148365903986,2.3816711365837944,0.22234369708563795,resnet32,0.1765,0.1704,2.462580195204778,2.2337814178317785,0.22879876913926142,resnet32,0.3062,0.3004,2.4656069842590527,2.237531429664655,0.22807555334557864,4500000.0,0.0,18000000.0,234000000.0,2808000000.0
resnet32x12_cifar100_K12_topo-clusters2_seed0002_d011,d011,resnet32:12,cifar100,12,topology,topo-clusters2,peers,2,200,64,0.1,0.9,0.0005,True,0,60,0.1,1.0,1,,disagreement,1.0,1,0.0,0.5,weight,clusters:2,0.0,0.0,42,0,45000,5000,10000,5640048,13,0.1,1,125.07,0.3400666666666667,0.035217356831855263,0.2774,0.3921,0.3955,0.055433333333333334,0.3360666666666667,0.3836,0.5353333333333334,0.5612479100098459,0.5388742424242423,0.5582165982382723,0.3400666666666667,resnet32,0.3615,0.3504,2.3586099317128006,2.10505221309987,0.25355771799910476,resnet32,0.3348,0.3356,2.3966320856389673,2.145341596142812,0.2512904846490445,resnet32,0.2774,0.2718,2.373056310144338,2.1229311380196703,0.25012517360631714,resnet32,0.3867,0.3792,2.3846280935474415,2.1343769180503758,0.2502511753065681,resnet32,0.3112,0.3038,2.2759263647550885,2.027126193893227,0.24880016995170576,resnet32,0.3845,0.3832,2.2607599454508587,2.0110160813412885,0.24974386540072208,resnet32,0.3921,0.3816,2.3846975146708163,2.142674319107424,0.24202319736253808,resnet32,0.3197,0.3156,2.4325104181400756,2.192808670076457,0.2397017467301339,resnet32,0.3471,0.3432,2.5298630774698476,2.29978451335972,0.23007856688292866,resnet32,0.3273,0.327,2.5710500478744507,2.3436829156496306,0.22736713484945623,resnet32,0.3446,0.343,2.437616504051469,2.2037901991808955,0.23382630487057296,resnet32,0.2939,0.2984,2.4351875108074057,2.201617344705896,0.23357016773132439,4500000.0,0.0,18000000.0,252000000.0,3024000000.0
resnet32x12_cifar100_K12_topo-clusters2_seed0002_d011,d011,resnet32:12,cifar100,12,topology,topo-clusters2,peers,2,200,64,0.1,0.9,0.0005,True,0,60,0.1,1.0,1,,disagreement,1.0,1,0.0,0.5,weight,clusters:2,0.0,0.0,42,0,45000,5000,10000,5640048,14,0.1,1,124.0,0.326575,0.031237107340469285,0.2519,0.3759,0.3995,0.07292500000000002,0.3211,0.3978,0.583690909090909,0.5259779988578717,0.5808075757575758,0.5363236885250131,0.326575,resnet32,0.3149,0.3156,2.3253921253437344,2.0684411700137635,0.25695095827210357,resnet32,0.3573,0.3558,2.366397077725692,2.1120065575973554,0.25439052063633094,resnet32,0.3055,0.3022,2.342734147371216,2.0870783012360334,0.25565584971230815,resnet32,0.2987,0.292,2.3510100675577466,2.0952968704090877,0.2557131925555454,resnet32,0.3759,0.356,2.253523313186385,2.0001506676728074,0.25337264335460286,resnet32,0.3487,0.3394,2.2483960962430998,1.995085028254173,0.2533110660627823,resnet32,0.3257,0.319,2.354750585996292,2.1092327780682933,0.245517807144841,resnet32,0.3255,0.3126,2.397901400415735,2.1544891941276463,0.24341220781207085,resnet32,0.2519,0.251,2.4935251315209,2.256349752403118,0.23717537987977266,resnet32,0.3248,0.3198,2.5388414216312496,2.3050580354915424,0.23378338489088824,resnet32,0.3556,0.3534,2.4051192108203066,2.1671547454527835,0.23796446227722548,resnet32,0.3344,0.3364,2.405381604351781,2.1676729575476865,0.23770864508961412,4500000.0,0.0,18000000.0,270000000.0,3240000000.0
resnet32x12_cifar100_K12_topo-clusters2_seed0002_d011,d011,resnet32:12,cifar100,12,topology,topo-clusters2,peers,2,200,64,0.1,0.9,0.0005,True,0,60,0.1,1.0,1,,disagreement,1.0,1,0.0,0.5,weight,clusters:2,0.0,0.0,42,0,45000,5000,10000,5640048,15,0.1,1,124.92,0.3723,0.027553705135002556,0.3013,0.4068,0.4413,0.069,0.36375,0.4288,0.5328424242424243,0.555205978296605,0.5292469696969694,0.5601179309281519,0.3723,resnet32,0.3841,0.3728,2.30207631889392,2.0410900571468202,0.2609862591436302,resnet32,0.3013,0.2986,2.33791653862731,2.079186799343337,0.2587297371461649,resnet32,0.3774,0.3648,2.3150117234750227,2.054406424645673,0.2606053010306575,resnet32,0.3917,0.3836,2.3204728332771496,2.0603384363719006,0.26013439758257434,resnet32,0.3737,0.3662,2.233434120701118,1.9748092466457323,0.25862487439404835,resnet32,0.3487,0.3404,2.2318850672719153,1.9732120453634046,0.2586730160665783,resnet32,0.4034,0.3996,2.3301094695925713,2.0806206369941886,0.2494888330005448,resnet32,0.4068,0.4062,2.3705929829315706,2.1231930420141327,0.24739994654770603,resnet32,0.375,0.3618,2.4599896662614564,2.218611441213976,0.24137822551314125,resnet32,0.3527,0.3412,2.5123771652579308,2.274060534313321,0.23831662851047108,resnet32,0.3903,0.3764,2.378976517102935,2.1366685649210755,0.24230794902806255,resnet32,0.3625,0.3534,2.379688613116741,2.1380537924441425,0.24163481781513177,4500000.0,0.0,18000000.0,288000000.0,3456000000.0
resnet32x12_cifar100_K12_topo-clusters2_seed0002_d011,d011,resnet32:12,cifar100,12,topology,topo-clusters2,peers,2,200,64,0.1,0.9,0.0005,True,0,60,0.1,1.0,1,,disagreement,1.0,1,0.0,0.5,weight,clusters:2,0.0,0.0,42,0,45000,5000,10000,5640048,16,0.1,1,125.28,0.3599583333333333,0.02734652501791691,0.3087,0.4013,0.4202,0.06024166666666669,0.35556666666666664,0.4132,0.5223333333333335,0.5582732955849654,0.5182818181818181,0.5667116383880155,0.3599583333333333,resnet32,0.3549,0.3508,2.2843408908017655,2.0175057365135713,0.26683515742082486,resnet32,0.3923,0.3896,2.3182675889269873,2.0543865293941717,0.2638810568235137,resnet32,0.3959,0.3884,2.2940532211214304,2.0314231391318818,0.2626300847623497,resnet32,0.3846,0.3828,2.2984417258677157,2.035915242677385,0.2625264822166752,resnet32,0.3436,0.3388,2.2249743606556547,1.9660459953275593,0.2589283676564016,resnet32,0.4013,0.3926,2.2197797369550574,1.9608455004001206,0.2589342357929457,resnet32,0.3087,0.3098,2.31110031157732,2.057715966450897,0.2533843420996246,resnet32,0.3659,0.3544,2.3477951542220334,2.09659652327272,0.25119863433594053,resnet32,0.3317,0.3294,2.4362927331504496,2.1907113544981587,0.2455813818272542,resnet32,0.3525,0.3432,2.4955765889449553,2.253271411935037,0.24230517667125573,resnet32,0.3454,0.3448,2.360148743472316,2.1158131660724226,0.2443355820565061,resnet32,0.3427,0.3422,2.3575795728035946,2.1136655680496585,0.24391400342045183,4500000.0,0.0,18000000.0,306000000.0,3672000000.0
resnet32x12_cifar100_K12_topo-clusters2_seed0002_d011,d011,resnet32:12,cifar100,12,topology,topo-clusters2,peers,2,200,64,0.1,0.9,0.0005,True,0,60,0.1,1.0,1,,disagreement,1.0,1,0.0,0.5,weight,clusters:2,0.0,0.0,42,0,45000,5000,10000,5640048,17,0.1,1,125.18,0.40395833333333325,0.021385994573292332,0.36,0.4499,0.4658,0.06184166666666674,0.3972166666666666,0.4582,0.4909030303030303,0.5804736343272624,0.4867712121212122,0.590994034683428,0.40395833333333325,resnet32,0.407,0.402,2.2684628800912336,1.999390296638012,0.2690725904169746,resnet32,0.4173,0.4192,2.304255036637187,2.037591761655428,0.26666327766989445,resnet32,0.4238,0.422,2.2782450623132964,2.008441311222586,0.26980375208553264,resnet32,0.36,0.3582,2.2911890301514757,2.022420385513793,0.2687686393460767,resnet32,0.4499,0.4358,2.2119331751018763,1.9497640341181646,0.2621691382109103,resnet32,0.3912,0.3872,2.2011159766804087,1.93848195892166,0.26263402131470764,resnet32,0.4048,0.4066,2.2990037827667864,2.04338509995829,0.2556186839303171,resnet32,0.419,0.4,2.3367488667030227,2.0829437874596226,0.25380507530644536,resnet32,0.393,0.3842,2.421463772485202,2.1731717864220794,0.2482919908044013,resnet32,0.389,0.3836,2.4744227332147686,2.2295795665545897,0.24484316746450283,resnet32,0.3987,0.3882,2.3457850111140446,2.097143515605818,0.2486414909362793,resnet32,0.3938,0.3796,2.3391228199682454,2.090504062954675,0.24861875466409733,4500000.0,0.0,18000000.0,324000000.0,3888000000.0
resnet32x12_cifar100_K12_topo-clusters2_seed0002_d011,d011,resnet32:12,cifar100,12,topology,topo-clusters2,peers,2,200,64,0.1,0.9,0.0005,True,0,60,0.1,1.0,1,,disagreement,1.0,1,0.0,0.5,weight,clusters:2,0.0,0.0,42,0,45000,5000,10000,5640048,18,0.1,1,123.9,0.39004999999999995,0.028271024624752,0.3329,0.4256,0.4641,0.07405000000000006,0.3832666666666667,0.4596,0.5386212121212123,0.520063654069604,0.5303363636363637,0.5368759659774067,0.39004999999999995,resnet32,0.3831,0.3704,2.2402398816563864,1.9685072597454896,0.27173262157223443,resnet32,0.4182,0.415,2.279235843399709,2.010317199101502,0.26891864044591784,resnet32,0.4093,0.4126,2.259269541637464,1.9894978568296542,0.2697716845749793,resnet32,0.3846,0.381,2.2610936689783228,1.990721850063313,0.27037182194180787,resnet32,0.4035,0.3962,2.1896349090066822,1.9232391566038132,0.2663957560011609,resnet32,0.4256,0.4124,2.1866746905513783,1.9199823412028225,0.2666923499200493,resnet32,0.396,0.3864,2.2696605644781482,2.012073274871165,0.25758729174479167,resnet32,0.4228,0.417,2.307832628657872,2.052180785855109,0.2556518438187512,resnet32,0.3329,0.3286,2.389350105415691,2.136052967980504,0.2532971397211606,resnet32,0.344,0.3354,2.4413644657893614,2.191851058974862,0.24951340002007782,resnet32,0.3908,0.3766,2.3241628139195116,2.0737078105184166,0.2504549973051656,resnet32,0.3698,0.3676,2.3152455003424124,2.0641518419777807,0.25109365400434897,4500000.0,0.0,18000000.0,342000000.0,4104000000.0
resnet32x12_cifar100_K12_topo-clusters2_seed0002_d011,d011,resnet32:12,cifar100,12,topology,topo-clusters2,peers,2,200,64,0.1,0.9,0.0005,True,0,60,0.1,1.0,1,,disagreement,1.0,1,0.0,0.5,weight,clusters:2,0.0,0.0,42,0,45000,5000,10000,5640048,19,0.1,1,124.74,0.39959999999999996,0.033578093056832965,0.3126,0.4316,0.4753,0.07570000000000005,0.3966166666666667,0.4806,0.5257060606060604,0.5479188038112057,0.5237378787878788,0.5597385520962702,0.39959999999999996,resnet32,0.4106,0.4142,2.2275071543726055,1.9590613327243112,0.26844582202928985,resnet32,0.4186,0.4136,2.2667070349509064,2.0008473492820156,0.2658596843777394,resnet32,0.4297,0.4346,2.2468818998472257,1.9744645897299051,0.27241731037131767,resnet32,0.4176,0.4202,2.2509627330370923,1.9777148682624102,0.2732478651345115,resnet32,0.4139,0.4058,2.185680857266892,1.9211383715949275,0.2645424848464741,resnet32,0.4316,0.4336,2.1782506399533967,1.913495313714851,0.2647553220052611,resnet32,0.4033,0.4024,2.266310280188918,2.0036196065219967,0.26269067665138707,resnet32,0.3869,0.3774,2.2884548780593006,2.0280338024551217,0.26042107259854674,resnet32,0.3772,0.3722,2.37344029054723,2.1153445489365947,0.25809573801234365,resnet32,0.3126,0.3064,2.4273693793537943,2.173282551663843,0.25408682781694963,resnet32,0.4307,0.427,2.3106258272786033,2.0551359804177824,0.2554898418020457,resnet32,0.3625,0.352,2.3042409181256187,2.048625420948321,0.2556154988706112,4500000.0,0.0,18000000.0,360000000.0,4320000000.0
resnet32x12_cifar100_K12_topo-clusters2_seed0002_d011,d011,resnet32:12,cifar100,12,topology,topo-clusters2,peers,2,200,64,0.1,0.9,0.0005,True,0,60,0.1,1.0,1,,disagreement,1.0,1,0.0,0.5,weight,clusters:2,0.0,0.0,42,0,45000,5000,10000,5640048,20,0.1,1,122.6,0.3762916666666667,0.021057083461127477,0.339,0.4095,0.4348,0.05850833333333333,0.3703,0.4274,0.5127181818181817,0.5697382570084382,0.5094969696969698,0.5759636401769154,0.3762916666666667,resnet32,0.3417,0.3312,2.213873054324226,1.9408033583313227,0.27306969808837905,resnet32,0.4095,0.4048,2.254127676514062,1.9830962637947365,0.27103141064501624,resnet32,0.389,0.3916,2.2391676884144545,1.963436674665321,0.27573101626793767,resnet32,0.3772,0.3702,2.2410808408802207,1.9646776557307353,0.27640318779528816,resnet32,0.3853,0.3846,2.1774210364303808,1.9087831694632769,0.26863786635327747,resnet32,0.385,0.3842,2.1675008587877858,1.8985167933119969,0.2689840665976094,resnet32,0.3682,0.3644,2.246190150522373,1.9805212677879767,0.265668883877383,resnet32,0.3938,0.3744,2.282716015861793,2.019135215065696,0.26358079827729275,resnet32,0.3556,0.3482,2.350969363003969,2.0879600510339844,0.2630093112503263,resnet32,0.3986,0.3884,2.409685521301898,2.1500726257535545,0.25961289751682093,resnet32,0.3726,0.369,2.2952946085821497,2.0350474874404343,0.26024712351235474,resnet32,0.339,0.3326,2.2901530799201946,2.029681199992245,0.2604718813884326,4500000.0,0.0,18000000.0,378000000.0,4536000000.0
resnet32x12_cifar100_K12_topo-clusters2_seed0002_d011,d011,resnet32:12,cifar100,12,topology,topo-clusters2,peers,2,200,64,0.1,0.9,0.0005,True,0,60,0.1,1.0,1,,disagreement,1.0,1,0.0,0.5,weight,clusters:2,0.0,0.0,42,0,45000,5000,10000,5640048,21,0.1,1,128.0,0.37807499999999994,0.04118341342903313,0.29,0.428,0.4534,0.07532500000000009,0.3754166666666667,0.453,0.5313454545454545,0.5377502268062329,0.5340803030303027,0.5473689417076293,0.37807499999999994,resnet32,0.378,0.369,2.215406626293605,1.9384464425119488,0.27696018443781545,resnet32,0.3873,0.3888,2.2449928894639015,1.9706481283699924,0.27434476143257186,resnet32,0.3798,0.3818,2.2277001946825874,1.9535321613604373,0.27416803675111046,resnet32,0.4048,0.4024,2.225703723897988,1.9513436000455509,0.2743601286148822,resnet32,0.3924,0.392,2.170993620529771,1.9010054667226293,0.26998815253715625,resnet32,0.4135,0.4136,2.165295061740008,1.8947003275494685,0.27059473474086687,resnet32,0.3466,0.3358,2.23365081355653,1.9728436261754145,0.26080718338066206,resnet32,0.428,0.4096,2.264526469124989,2.0054005684161726,0.2591258986768397,resnet32,0.3059,0.3066,2.3462587286802856,2.07957455211065,0.26668418086641893,resnet32,0.29,0.2904,2.3935940604318273,2.131056631491943,0.26253742747940123,resnet32,0.4142,0.4092,2.2795950289477003,2.0199996182187037,0.2595954116814854,resnet32,0.3964,0.4058,2.2803581042045895,2.0213889567689463,0.25896914244036784,4500000.0,0.0,18000000.0,396000000.0,4752000000.0
resnet32x12_cifar100_K12_topo-clusters2_seed0002_d011,d011,resnet32:12,cifar100,12,topology,topo-clusters2,peers,2,200,64,0.1,0.9,0.0005,True,0,60,0.1,1.0,1,,disagreement,1.0,1,0.0,0.5,weight,clusters:2,0.0,0.0,42,0,45000,5000,10000,5640048,22,0.1,1,130.75,0.40645000000000003,0.021809917468894748,0.354,0.4259,0.4755,0.06904999999999994,0.40573333333333333,0.4792,0.5025757575757576,0.561949856923546,0.5073439393939394,0.5660592601048229,0.40645000000000003,resnet32,0.4107,0.4116,2.203712975436991,1.9285949808968739,0.27511799782091245,resnet32,0.424,0.4266,2.239615656096827,1.9673392994498664,0.2722763522231782,resnet32,0.4248,0.4246,2.2230766002427447,1.947358706796711,0.2757178896784105,resnet32,0.3686,0.362,2.2260759989307686,1.9501361909576438,0.2759398103225976,resnet32,0.4259,0.4264,2.1654667779803276,1.8969326664439656,0.26853411189619114,resnet32,0.4186,0.4258,2.1604633868079293,1.8923063948750496,0.2681569908110594,resnet32,0.4098,0.4056,2.2301428406076,1.965292608534748,0.26485023427415977,resnet32,0.4214,0.423,2.2656046475537797,2.00263319096782,0.26297145772894676,resnet32,0.4138,0.4104,2.320223222402009,2.0520732021805914,0.2681500196499242,resnet32,0.3996,0.3906,2.3772387482564556,2.1131957618688997,0.2640429920601574,resnet32,0.354,0.3516,2.27483598718589,2.0108141228556633,0.2640218687963418,resnet32,0.4062,0.4106,2.275925352153453,2.012288557026874,0.2636367923326113,4500000.0,0.0,18000000.0,414000000.0,4968000000.0
resnet32x12_cifar100_K12_topo-clusters2_seed0002_d011,d011,resnet32:12,cifar100,12,topology,topo-clusters2,peers,2,200,64,0.1,0.9,0.0005,True,0,60,0.1,1.0,1,,disagreement,1.0,1,0.0,0.5,weight,clusters:2,0.0,0.0,42,0,45000,5000,10000,5640048,23,0.1,1,130.38,0.39408333333333334,0.022469120785844933,0.3569,0.4295,0.4597,0.06561666666666666,0.38411666666666666,0.454,0.5147181818181819,0.559541466281841,0.5086015151515151,0.566909898192609,0.39408333333333334,resnet32,0.4295,0.4208,2.182966196570884,1.9023768295618622,0.28058936730535194,resnet32,0.4104,0.4012,2.2221752103756773,1.9443926767192103,0.27778253450312396,resnet32,0.4151,0.4116,2.204018234359947,1.9239206009290435,0.28009763031943957,resnet32,0.4093,0.4072,2.202459930357608,1.921730176969008,0.2807297529017722,resnet32,0.4144,0.4078,2.149882623079148,1.879623144018379,0.2702594787856056,resnet32,0.3766,0.3626,2.142145687375556,1.8714531031860546,0.27069258501499216,resnet32,0.3976,0.387,2.209368610077284,1.9416709244251251,0.267697684424506,resnet32,0.3592,0.3528,2.2392862738872115,1.972652160816572,0.2666341141712936,resnet32,0.3569,0.3362,2.292844191870906,2.019677860662341,0.27316633315587585,resnet32,0.38,0.365,2.3508605322038587,2.0819134050133554,0.2689471308311278,resnet32,0.3777,0.367,2.252877391366796,1.9869484716857022,0.2659289206547493,resnet32,0.4023,0.3902,2.2464284984902902,1.9806592875922269,0.2657692113002254,4500000.0,0.0,18000000.0,432000000.0,5184000000.0
resnet32x12_cifar100_K12_topo-clusters2_seed0002_d011,d011,resnet32:12,cifar100,12,topology,topo-clusters2,peers,2,200,64,0.1,0.9,0.0005,True,0,60,0.1,1.0,1,,disagreement,1.0,1,0.0,0.5,weight,clusters:2,0.0,0.0,42,0,45000,5000,10000,5640048,24,0.1,1,129.96,0.38880833333333337,0.02519998208773614,0.3459,0.4312,0.4475,0.05869166666666664,0.3848833333333334,0.4444,0.4965424242424241,0.5687019418535948,0.4976075757575759,0.5684886553427269,0.38880833333333337,resnet32,0.4265,0.4318,2.1866323853080925,1.9059261413799091,0.2807062405415557,resnet32,0.4312,0.4276,2.2163065626201304,1.9373437501490116,0.2789628151804209,resnet32,0.408,0.3984,2.196320564909415,1.92002540522001,0.27629515617577866,resnet32,0.376,0.3684,2.1965533339164476,1.9196980698880823,0.2768552651713518,resnet32,0.4027,0.402,2.1488619778643954,1.8768432091244243,0.2720187675334852,resnet32,0.4031,0.3972,2.143858842382377,1.8718880997462706,0.2719707408369603,resnet32,0.3913,0.3838,2.213146909563379,1.9444338960403746,0.2687130159571428,resnet32,0.3736,0.3682,2.2374923818490724,1.9702062549238855,0.2672861316241324,resnet32,0.3459,0.3432,2.2917394060641527,2.0183320680463854,0.27340733647261833,resnet32,0.3816,0.3852,2.32980362850834,2.0594657104123724,0.2703379144765098,resnet32,0.3631,0.3554,2.2476074720986863,1.97856655462899,0.26904092115265404,resnet32,0.3627,0.3574,2.2460122406482697,1.9763932468538934,0.2696189949585294,4500000.0,0.0,18000000.0,450000000.0,5400000000.0
resnet32x12_cifar100_K12_topo-clusters2_seed0002_d011,d011,resnet32:12,cifar100,12,topology,topo-clusters2,peers,2,200,64,0.1,0.9,0.0005,True,0,60,0.1,1.0,1,,disagreement,1.0,1,0.0,0.5,weight,clusters:2,0.0,0.0,42,0,45000,5000,10000,5640048,25,0.1,1,128.72,0.40425833333333333,0.02772028313748296,0.3292,0.4355,0.4727,0.06844166666666668,0.4011333333333333,0.469,0.5030272727272727,0.5764716509869835,0.5089060606060607,0.5706378282327684,0.40425833333333333,resnet32,0.4304,0.4272,2.1687663329595868,1.888852653347633,0.2799136777704751,resnet32,0.4145,0.4162,2.208806873383847,1.9314105563204398,0.2773963195187124,resnet32,0.4143,0.4156,2.196184046397155,1.9155656317756935,0.2806184179657562,resnet32,0.3292,0.3374,2.1908013111149724,1.9091332426125354,0.2816680712752383,resnet32,0.4355,0.4338,2.136368830942295,1.8628491774540057,0.27351965357295493,resnet32,0.4192,0.4164,2.137746123597026,1.8639972819523378,0.27374883931638166,resnet32,0.4197,0.406,2.1943186062642117,1.9262887925248255,0.2680298138875514,resnet32,0.419,0.4132,2.2194861217655917,1.9531725629825483,0.2663135585290464,resnet32,0.4002,0.4012,2.2682256351479073,1.9928291328251362,0.275396504862742,resnet32,0.402,0.3972,2.321058737114072,2.0493119135499,0.27174682513048704,resnet32,0.3926,0.3804,2.230628119612282,1.9587942891838876,0.27183383171954617,resnet32,0.3745,0.369,2.2323605248873886,1.9605848276141016,0.27177569566463883,4500000.0,0.0,18000000.0,468000000.0,5616000000.0
resnet32x12_cifar100_K12_topo-clusters2_seed0002_d011,d011,resnet32:12,cifar100,12,topology,topo-clusters2,peers,2,200,64,0.1,0.9,0.0005,True,0,60,0.1,1.0,1,,disagreement,1.0,1,0.0,0.5,weight,clusters:2,0.0,0.0,42,0,45000,5000,10000,5640048,26,0.1,1,130.32,0.41266666666666657,0.02346622868909465,0.3711,0.4484,0.4827,0.07003333333333345,0.4071666666666666,0.4732,0.4902939393939395,0.5761317799857807,0.4907015151515151,0.575425621536467,0.41266666666666657,resnet32,0.4484,0.4424,2.1671746855771,1.889181350273165,0.27799333342012356,resnet32,0.4361,0.433,2.1973912954669106,1.9217125246809288,0.27567877182313666,resnet32,0.4109,0.4182,2.1876427609134805,1.908046063713052,0.27959669912657276,resnet32,0.4105,0.4056,2.1815212839706377,1.9010494161735882,0.2804718699771911,resnet32,0.4311,0.4218,2.132747658782385,1.8611128199845552,0.2716348383533345,resnet32,0.4333,0.4266,2.1357800867408514,1.8642294212159785,0.2715506625827402,resnet32,0.3904,0.3824,2.1927870642393827,1.9234483426606113,0.26933872659521346,resnet32,0.427,0.4158,2.2176301162689924,1.9492314898154952,0.2683986307714473,resnet32,0.3711,0.3606,2.2631763880225746,1.9890656180002473,0.2741107700646601,resnet32,0.3748,0.3646,2.3098560343073173,2.0390061998570506,0.27084983696907083,resnet32,0.417,0.4106,2.221091616729444,1.9515882464633747,0.26950337047773326,resnet32,0.4014,0.4044,2.2292178208855065,1.9604517802257428,0.26876604271290655,4500000.0,0.0,18000000.0,486000000.0,5832000000.0
resnet32x12_cifar100_K12_topo-clusters2_seed0002_d011,d011,resnet32:12,cifar100,12,topology,topo-clusters2,peers,2,200,64,0.1,0.9,0.0005,True,0,60,0.1,1.0,1,,disagreement,1.0,1,0.0,0.5,weight,clusters:2,0.0,0.0,42,0,45000,5000,10000,5640048,27,0.1,1,129.43,0.3961333333333334,0.03179958944528827,0.3462,0.447,0.4623,0.0661666666666666,0.3915,0.4572,0.5130454545454545,0.5613754740133787,0.5156969696969697,0.5537220484974406,0.3961333333333334,resnet32,0.447,0.4352,2.1669562499631536,1.885304598476399,0.28165164960294287,resnet32,0.4,0.3984,2.195898278023709,1.9165092506869272,0.2793890217700126,resnet32,0.3469,0.3464,2.19109111008319,1.9072193611751904,0.2838717505589805,resnet32,0.3462,0.3414,2.182387602430853,1.8973452364179222,0.2850423673675819,resnet32,0.4223,0.4102,2.1315695858475836,1.8594636578451504,0.27210592425597663,resnet32,0.4293,0.4182,2.126586614684625,1.8540921825915575,0.27249443137340923,resnet32,0.4155,0.4112,2.186843221837824,1.9168602959676222,0.26998292771168053,resnet32,0.4133,0.4108,2.211367952214046,1.9433464204723185,0.26802153199572454,resnet32,0.357,0.3542,2.2565321598879318,1.9785065843977712,0.278025575468994,resnet32,0.4098,0.4036,2.2985653579235077,2.0246473059735517,0.27391805072230374,resnet32,0.3904,0.3922,2.2197860796004534,1.9450551933524283,0.27473089046014304,resnet32,0.3759,0.3762,2.215403823351318,1.9413445427675138,0.27405928363176907,4500000.0,0.0,18000000.0,504000000.0,6048000000.0
resnet32x12_cifar100_K12_topo-clusters2_seed0002_d011,d011,resnet32:12,cifar100,12,topology,topo-clusters2,peers,2,200,64,0.1,0.9,0.0005,True,0,60,0.1,1.0,1,,disagreement,1.0,1,0.0,0.5,weight,clusters:2,0.0,0.0,42,0,45000,5000,10000,5640048,28,0.1,1,128.29,0.4047083333333334,0.023233935609123332,0.3792,0.444,0.4778,0.07309166666666661,0.3946,0.4654,0.5126939393939394,0.5538732952629012,0.5158636363636363,0.5580596320941854,0.4047083333333334,resnet32,0.444,0.439,2.1586735753173176,1.8748329622163014,0.28384061388417403,resnet32,0.4263,0.41,2.18611130727963,1.9043736044656148,0.28173770262351766,resnet32,0.4065,0.4052,2.1784710726616057,1.8940728078172966,0.28439826564863324,resnet32,0.3988,0.3968,2.177614823661067,1.8918281661515886,0.28578665797513997,resnet32,0.3844,0.3798,2.124971692704342,1.8488844517957082,0.2760872409932993,resnet32,0.4384,0.4304,2.1208718671378763,1.8448633488944985,0.2760085190688683,resnet32,0.3792,0.3684,2.178627445447174,1.9062190118499778,0.27240843478251586,resnet32,0.3879,0.374,2.204234180802649,1.9334993169388988,0.27073486348275433,resnet32,0.3851,0.3652,2.2465473830022593,1.9649494634094564,0.2815979180053215,resnet32,0.3871,0.372,2.2952915755185215,2.017195337197997,0.2780962367542088,resnet32,0.3848,0.3642,2.214558757672256,1.938154376027259,0.27640437914735894,resnet32,0.434,0.4302,2.2188909639689056,1.9430945535952395,0.27579640880735085,4500000.0,0.0,18000000.0,522000000.0,6264000000.0
resnet32x12_cifar100_K12_topo-clusters2_seed0002_d011,d011,resnet32:12,cifar100,12,topology,topo-clusters2,peers,2,200,64,0.1,0.9,0.0005,True,0,60,0.1,1.0,1,,disagreement,1.0,1,0.0,0.5,weight,clusters:2,0.0,0.0,42,0,45000,5000,10000,5640048,29,0.1,1,124.26,0.41835833333333333,0.017944936998743936,0.3813,0.4481,0.4898,0.07144166666666668,0.41006666666666675,0.4808,0.4955303030303029,0.5739371271073873,0.49357272727272716,0.579753416801626,0.41835833333333333,resnet32,0.4163,0.4026,2.1544442151419143,1.8716923990710215,0.2827518162825568,resnet32,0.4238,0.422,2.1825076326389206,1.9018619722602041,0.2806456594897265,resnet32,0.4071,0.397,2.177162181586027,1.8956791186197237,0.28148305913518096,resnet32,0.3813,0.3702,2.1663361093537374,1.8834403795613484,0.2828957303638824,resnet32,0.4442,0.4302,2.1236114512113007,1.848180108111013,0.2754313472065736,resnet32,0.4481,0.4362,2.1206040892072697,1.8448140736330638,0.2757900167171928,resnet32,0.4369,0.4222,2.176178704947233,1.9026504197919911,0.2735282843509181,resnet32,0.4084,0.4028,2.2058487443084065,1.933267229321328,0.2725815227974884,resnet32,0.4228,0.4244,2.241083466701887,1.9612029287964106,0.27988053945062513,resnet32,0.4031,0.3976,2.285064939240163,2.008813002570109,0.27625193260610104,resnet32,0.419,0.4152,2.2115521339530293,1.9378930359062823,0.2736591026398607,resnet32,0.4093,0.4004,2.2080691387368874,1.9343747589737177,0.2736943782180209,4500000.0,0.0,18000000.0,540000000.0,6480000000.0
resnet32x12_cifar100_K12_topo-clusters2_seed0002_d011,d011,resnet32:12,cifar100,12,topology,topo-clusters2,peers,2,200,64,0.1,0.9,0.0005,True,0,60,0.1,1.0,1,,disagreement,1.0,1,0.0,0.5,weight,clusters:2,0.0,0.0,42,0,45000,5000,10000,5640048,30,0.1,1,115.47,0.39405,0.02582319693608829,0.3561,0.4382,0.4655,0.07145000000000001,0.3873333333333333,0.4604,0.5242878787878787,0.5474712512334219,0.5268651515151515,0.5472243494461901,0.39405,resnet32,0.3911,0.3782,2.1415810473263264,1.8577459855851801,0.2838350620798089,resnet32,0.4091,0.4048,2.169081836600195,1.8869914002716541,0.28209043738686224,resnet32,0.4084,0.4168,2.167626554654403,1.879947317256169,0.2876792372924022,resnet32,0.3786,0.3754,2.161038339476694,1.8723835564133795,0.2886547820684923,resnet32,0.3561,0.3504,2.1138573918830263,1.8370753640139645,0.2767820289908824,resnet32,0.4382,0.4178,2.114610427143899,1.8375203619626435,0.27709006528708746,resnet32,0.4124,0.406,2.1669048992070286,1.89506885019893,0.2718360533048822,resnet32,0.388,0.3874,2.183928222818808,1.9137921255420556,0.2701360972132534,resnet32,0.3757,0.37,2.2188612805171446,1.9402692836116662,0.27859199277802627,resnet32,0.3572,0.3422,2.274370572614399,1.9999750607054343,0.2743955068713562,resnet32,0.4346,0.428,2.192876122045246,1.9175316361202435,0.27534448713148857,resnet32,0.3792,0.371,2.195408246903257,1.9204122290353884,0.2749960156453943,4500000.0,0.0,18000000.0,558000000.0,6696000000.0
resnet32x12_cifar100_K12_topo-clusters2_seed0002_d011,d011,resnet32:12,cifar100,12,topology,topo-clusters2,peers,2,200,64,0.1,0.9,0.0005,True,0,60,0.1,1.0,1,,disagreement,1.0,1,0.0,0.5,weight,clusters:2,0.0,0.0,42,0,45000,5000,10000,5640048,31,0.1,1,115.15,0.3828916666666667,0.02721220493128445,0.3269,0.422,0.454,0.07110833333333333,0.37528333333333325,0.444,0.5247242424242423,0.5508969877258041,0.5242075757575757,0.5539305831547355,0.3828916666666667,resnet32,0.422,0.4114,2.144003973427144,1.8589825090020895,0.28502146480605006,resnet32,0.3766,0.371,2.169837852262638,1.887078523974527,0.2827593294310976,resnet32,0.4126,0.4082,2.1676197460090574,1.8829891275275836,0.28463061691515823,resnet32,0.3829,0.3868,2.1554884339936753,1.870255666530945,0.2852327662774108,resnet32,0.4039,0.3948,2.113948985256932,1.8378333501856436,0.27611563746309414,resnet32,0.3749,0.37,2.116520984944972,1.8407711075110869,0.2757498797621917,resnet32,0.4215,0.41,2.1597484663467514,1.8859980710866777,0.27375039405358786,resnet32,0.3773,0.3642,2.1897492329166695,1.9179274951192467,0.2718217404432256,resnet32,0.3513,0.3378,2.224296863106164,1.9408548948439686,0.2834419683891941,resnet32,0.3672,0.3554,2.264307586137544,1.9845044766976074,0.27980310935527086,resnet32,0.3776,0.3728,2.195140203969045,1.9169283114712348,0.27821189080449665,resnet32,0.3269,0.321,2.198857716030695,1.9208836711265824,0.27797404649159446,4500000.0,0.0,18000000.0,576000000.0,6912000000.0
resnet32x12_cifar100_K12_topo-clusters2_seed0002_d011,d011,resnet32:12,cifar100,12,topology,topo-clusters2,peers,2,200,64,0.1,0.9,0.0005,True,0,60,0.1,1.0,1,,disagreement,1.0,1,0.0,0.5,weight,clusters:2,0.0,0.0,42,0,45000,5000,10000,5640048,32,0.1,1,105.35,0.36514166666666664,0.051914680941157886,0.2509,0.4445,0.4418,0.07665833333333338,0.35483333333333333,0.427,0.5577272727272728,0.5077653246724827,0.5518515151515152,0.5221318073287453,0.36514166666666664,resnet32,0.3662,0.3596,2.1361796730621294,1.8517302631993184,0.28444940933365037,resnet32,0.2509,0.2416,2.1623240680518476,1.8798380529677325,0.2824860159942711,resnet32,0.4061,0.4026,2.1610558715394954,1.8753323297608981,0.2857235409107737,resnet32,0.4445,0.436,2.152161707085642,1.8658024463802576,0.2863592603667216,resnet32,0.411,0.396,2.1055560421875934,1.829998218031092,0.2755578263789754,resnet32,0.3918,0.3704,2.10338966937905,1.8274338634854013,0.27595580354417587,resnet32,0.3351,0.3218,2.1492126120085064,1.8742410525340925,0.27497156228954817,resnet32,0.2923,0.2756,2.1860753067515115,1.9131303229792551,0.27294498220594093,resnet32,0.3505,0.3422,2.2107387747276914,1.9290366001765837,0.2817021735351194,resnet32,0.3867,0.383,2.250701471147212,1.9719965176826173,0.2787049507341263,resnet32,0.3461,0.3364,2.1893229443918574,1.9108896705914626,0.2784332771023566,resnet32,0.4005,0.3928,2.190355574034832,1.9120013012804769,0.27835427482866426,4500000.0,0.0,18000000.0,594000000.0,7128000000.0
resnet32x12_cifar100_K12_topo-clusters2_seed0002_d011,d011,resnet32:12,cifar100,12,topology,topo-clusters2,peers,2,200,64,0.1,0.9,0.0005,True,0,60,0.1,1.0,1,,disagreement,1.0,1,0.0,0.5,weight,clusters:2,0.0,0.0,42,0,45000,5000,10000,5640048,33,0.1,1,113.57,0.3932083333333333,0.03502809487476524,0.3105,0.4422,0.4581,0.06489166666666668,0.3907666666666667,0.458,0.5208272727272727,0.550675688019405,0.5157181818181817,0.562156553754245,0.3932083333333333,resnet32,0.4053,0.4042,2.1386914407326416,1.8554876355284995,0.2832038075112822,resnet32,0.3105,0.3144,2.1616825595159423,1.8797025164081291,0.28198004160499707,resnet32,0.37,0.3634,2.1610380390828308,1.8753822008994492,0.2856558364265683,resnet32,0.428,0.4252,2.1480393682352523,1.861237245188518,0.28680212175558234,resnet32,0.3953,0.3872,2.1140909938311037,1.839359851046042,0.27473114477470517,resnet32,0.4366,0.4404,2.1086271947080437,1.8336134114387361,0.2750137825496495,resnet32,0.4084,0.411,2.154955760829828,1.8783802258020097,0.27657553367316723,resnet32,0.3975,0.3958,2.183125822042877,1.9086796262047507,0.274446194970303,resnet32,0.392,0.3822,2.217046968638897,1.9354702042923733,0.281576762505045,resnet32,0.3682,0.3652,2.2517714364962145,1.9731567921963604,0.278614649570293,resnet32,0.4422,0.4436,2.1916951545598833,1.9134830053557048,0.278212148738517,resnet32,0.3645,0.3566,2.193573373793201,1.9151805781505324,0.27839279564266856,4500000.0,0.0,18000000.0,612000000.0,7344000000.0
resnet32x12_cifar100_K12_topo-clusters2_seed0002_d011,d011,resnet32:12,cifar100,12,topology,topo-clusters2,peers,2,200,64,0.1,0.9,0.0005,True,0,60,0.1,1.0,1,,disagreement,1.0,1,0.0,0.5,weight,clusters:2,0.0,0.0,42,0,45000,5000,10000,5640048,34,0.1,1,105.94,0.42639999999999995,0.015161794089091176,0.3868,0.4423,0.4967,0.07030000000000003,0.42238333333333333,0.4906,0.48071515151515143,0.5692139267325025,0.4840893939393939,0.5704684721891935,0.42639999999999995,resnet32,0.4188,0.4014,2.134614897553216,1.8475631910630248,0.2870517068288543,resnet32,0.4195,0.427,2.165928951549259,1.8809176724065433,0.2850112769414078,resnet32,0.4144,0.4208,2.149985335259275,1.865939171646129,0.28404616115784104,resnet32,0.4352,0.4372,2.1415265380320223,1.856691474094987,0.2848350655880164,resnet32,0.4355,0.4302,2.109735094349493,1.831745277412913,0.2779898161322556,resnet32,0.4423,0.429,2.103349141945893,1.8253507659855215,0.2779983723409135,resnet32,0.4216,0.4228,2.151100182228468,1.8765267314897343,0.27457345122556115,resnet32,0.4401,0.4394,2.173758093267679,1.9002864738418297,0.2734716220293194,resnet32,0.3868,0.3746,2.202438649975441,1.91937600990588,0.28306264292702754,resnet32,0.4422,0.4312,2.241182487627322,1.9607220883057876,0.28046039563857694,resnet32,0.4258,0.4238,2.17681897431612,1.8994329216128045,0.2773860543542965,resnet32,0.4346,0.4312,2.1784071082418617,1.901341119103811,0.2770659845661033,4500000.0,0.0,18000000.0,630000000.0,7560000000.0
resnet32x12_cifar100_K12_topo-clusters2_seed0002_d011,d011,resnet32:12,cifar100,12,topology,topo-clusters2,peers,2,200,64,0.1,0.9,0.0005,True,0,60,0.1,1.0,1,,disagreement,1.0,1,0.0,0.5,weight,clusters:2,0.0,0.0,42,0,45000,5000,10000,5640048,35,0.1,1,112.67,0.36154166666666665,0.0343710745233385,0.3144,0.4277,0.4197,0.05815833333333337,0.3529333333333333,0.4084,0.5183454545454544,0.5762442071521525,0.5151696969696969,0.5829739235395782,0.36154166666666665,resnet32,0.3976,0.3864,2.1254387335343794,1.842102126641707,0.28333660610951483,resnet32,0.3405,0.322,2.155895819887519,1.8750297899611972,0.2808660296088254,resnet32,0.3379,0.3322,2.1500728093087673,1.8614336091347716,0.28863919869234617,resnet32,0.3633,0.3522,2.144306582314047,1.8545786101709714,0.2897279692432759,resnet32,0.3903,0.3888,2.0951487208631905,1.8179604773494331,0.27718824124895036,resnet32,0.4277,0.419,2.094816090539098,1.8173036783594976,0.27751241154460743,resnet32,0.3505,0.3448,2.143200183287263,1.8675445004958997,0.2756556771610948,resnet32,0.3144,0.3076,2.173946015028791,1.9007294418459588,0.2732165770351209,resnet32,0.3348,0.3292,2.2009011598473247,1.9180285348133608,0.28287262450480327,resnet32,0.3373,0.3342,2.232726677236232,1.952593194320798,0.28013348365625873,resnet32,0.3347,0.3186,2.177389311011542,1.900660009377382,0.2767292999620126,resnet32,0.4095,0.4002,2.1801024467091668,1.9031961985271086,0.27690624949437653,4500000.0,0.0,18000000.0,648000000.0,7776000000.0
resnet32x12_cifar100_K12_topo-clusters2_seed0002_d011,d011,resnet32:12,cifar100,12,topology,topo-clusters2,peers,2,200,64,0.1,0.9,0.0005,True,0,60,0.1,1.0,1,,disagreement,1.0,1,0.0,0.5,weight,clusters:2,0.0,0.0,42,0,45000,5000,10000,5640048,36,0.1,1,104.58,0.4388499999999999,0.016680952211030005,0.4083,0.467,0.5061,0.06725000000000009,0.4330833333333333,0.4968,0.471648484848485,0.572843606117913,0.46947272727272726,0.5801561643768104,0.4388499999999999,resnet32,0.4083,0.4052,2.124052158980207,1.83750784244727,0.2865443150512874,resnet32,0.4305,0.4294,2.1482139934193003,1.8630662379278378,0.28514775714244356,resnet32,0.4212,0.419,2.140320271422917,1.8532760685140437,0.28704419964924455,resnet32,0.4241,0.4174,2.1318536050279033,1.843658054078167,0.28819554654712026,resnet32,0.4454,0.4374,2.096863762221553,1.815941602668979,0.2809221560601145,resnet32,0.4669,0.4644,2.0964574429460545,1.8145542486824773,0.28190319117327983,resnet32,0.4348,0.4298,2.1499398345635696,1.8710293361747807,0.27891049574298615,resnet32,0.4496,0.4344,2.166536385024136,1.8886858609251,0.27785052822648804,resnet32,0.445,0.4412,2.1986802850257265,1.9155329288068144,0.28314735602841457,resnet32,0.4384,0.422,2.2292851873419504,1.9490933072837917,0.28019188543442974,resnet32,0.467,0.4664,2.175523780286312,1.8929077132859013,0.28261606716974214,resnet32,0.435,0.4304,2.177992293272506,1.8961393113502047,0.28185297995382413,4500000.0,0.0,18000000.0,666000000.0,7992000000.0
resnet32x12_cifar100_K12_topo-clusters2_seed0002_d011,d011,resnet32:12,cifar100,12,topology,topo-clusters2,peers,2,200,64,0.1,0.9,0.0005,True,0,60,0.1,1.0,1,,disagreement,1.0,1,0.0,0.5,weight,clusters:2,0.0,0.0,42,0,45000,5000,10000,5640048,37,0.1,1,113.32,0.4110833333333333,0.024312234003115017,0.3709,0.4532,0.4726,0.06151666666666672,0.41281666666666667,0.4772,0.4857333333333332,0.5861582036944696,0.4869484848484849,0.5838883647933577,0.4110833333333333,resnet32,0.3709,0.384,2.121163194660436,1.8387690342285417,0.2823941597757353,resnet32,0.3908,0.3902,2.1417160056192768,1.8608059136366302,0.28091009202497924,resnet32,0.4123,0.418,2.13740120743486,1.8537516229870645,0.2836495859294452,resnet32,0.3972,0.3918,2.1325439895418556,1.848683130334724,0.2838608633769168,resnet32,0.4532,0.4558,2.0901373548602518,1.8157286684621463,0.27440868904390797,resnet32,0.3935,0.4006,2.0896435649218885,1.815387629649856,0.27425593662668357,resnet32,0.3836,0.3838,2.138093734329397,1.8648121417923407,0.27328159158456733,resnet32,0.4119,0.4124,2.155455556613478,1.8833910524845123,0.27206450421363115,resnet32,0.4145,0.4192,2.180562057278373,1.898934061893008,0.2816279967823489,resnet32,0.448,0.4416,2.2203950306231324,1.9416410223665563,0.278754005483775,resnet32,0.4335,0.4338,2.1687349837950687,1.8869868159632792,0.2817481613336978,resnet32,0.4236,0.4226,2.174836843528531,1.8934410619126125,0.2813957814042541,4500000.0,0.0,18000000.0,684000000.0,8208000000.0
resnet32x12_cifar100_K12_topo-clusters2_seed0002_d011,d011,resnet32:12,cifar100,12,topology,topo-clusters2,peers,2,200,64,0.1,0.9,0.0005,True,0,60,0.1,1.0,1,,disagreement,1.0,1,0.0,0.5,weight,clusters:2,0.0,0.0,42,0,45000,5000,10000,5640048,38,0.1,1,104.24,0.39737500000000003,0.04012931440979275,0.3012,0.4499,0.4673,0.06992499999999996,0.39585,0.468,0.5192363636363636,0.5586256351165633,0.5204727272727272,0.5657116188600251,0.39737500000000003,resnet32,0.4499,0.4488,2.1130131014030087,1.8290225562046876,0.2839905479287898,resnet32,0.3507,0.3424,2.1365780388428406,1.8544152451848441,0.28216279662129556,resnet32,0.3012,0.3008,2.1356509124690835,1.8491249805824324,0.28652593413029204,resnet32,0.4354,0.4348,2.12646495195275,1.839169303463264,0.2872956509659575,resnet32,0.4278,0.4266,2.085476013577797,1.809402962977236,0.27607305187054654,resnet32,0.4031,0.3922,2.0811139004813,1.805286973037503,0.2758269216865301,resnet32,0.4345,0.4368,2.1287917987528173,1.8506378131833943,0.2781539888502183,resnet32,0.3981,0.3914,2.152324294502085,1.8759748834100636,0.27634940620257775,resnet32,0.37,0.3716,2.1765886226838287,1.8913432112471624,0.2852454074997116,resnet32,0.3839,0.385,2.2120326689698477,1.9293374114415862,0.28269525363364,resnet32,0.4179,0.42,2.1603571667589923,1.8805451213636182,0.27981204219924455,resnet32,0.396,0.3998,2.162825822152875,1.883133054626259,0.27969276949509303,4500000.0,0.0,18000000.0,702000000.0,8424000000.0
resnet32x12_cifar100_K12_topo-clusters2_seed0002_d011,d011,resnet32:12,cifar100,12,topology,topo-clusters2,peers,2,200,64,0.1,0.9,0.0005,True,0,60,0.1,1.0,1,,disagreement,1.0,1,0.0,0.5,weight,clusters:2,0.0,0.0,42,0,45000,5000,10000,5640048,39,0.1,1,124.65,0.3868833333333334,0.02890037004761166,0.3316,0.4187,0.455,0.0681166666666666,0.3828833333333334,0.4504,0.5191454545454545,0.5648837865213019,0.5249409090909091,0.5519342525529535,0.3868833333333334,resnet32,0.4185,0.4232,2.114208232272755,1.829860871149735,0.2843473657373,resnet32,0.3412,0.3316,2.1434449768540533,1.8614755655554207,0.28196941038847645,resnet32,0.3904,0.39,2.130964084782384,1.8446862745014103,0.28627781025980686,resnet32,0.4136,0.4106,2.1280883440578524,1.8406692424958402,0.28741910033435986,resnet32,0.4187,0.412,2.0930674357170407,1.8132884563370184,0.2797789794646881,resnet32,0.3696,0.3598,2.0918304672972723,1.81181817332452,0.2800122960682281,resnet32,0.3316,0.329,2.133040763437748,1.854219493710182,0.27882126860574563,resnet32,0.404,0.4058,2.1611736804585564,1.8835872206836939,0.2775864611083472,resnet32,0.3964,0.3946,2.1810806852511386,1.898225798356262,0.2828548879531974,resnet32,0.3946,0.3902,2.2149233237247574,1.9351313879544085,0.2797919364265082,resnet32,0.356,0.3472,2.163700780915943,1.881460988047448,0.2822397931436585,resnet32,0.408,0.4006,2.1691502165049314,1.8879402096975932,0.2812100033360449,4500000.0,0.0,18000000.0,720000000.0,8640000000.0
resnet32x12_cifar100_K12_topo-clusters2_seed0002_d011,d011,resnet32:12,cifar100,12,topology,topo-clusters2,peers,2,200,64,0.1,0.9,0.0005,True,0,60,0.1,1.0,1,,disagreement,1.0,1,0.0,0.5,weight,clusters:2,0.0,0.0,42,0,45000,5000,10000,5640048,40,0.1,1,125.81,0.42944999999999994,0.027442955987526805,0.3708,0.4634,0.5013,0.07185000000000002,0.4228833333333333,0.4954,0.4826575757575757,0.5813202680173307,0.4861621212121212,0.5740680625359103,0.42944999999999994,resnet32,0.4202,0.4126,2.115761419927532,1.8303533545271917,0.28540806169621646,resnet32,0.4565,0.4466,2.1399915726347403,1.8566048807379874,0.28338669682852924,resnet32,0.4034,0.3934,2.1390179739418356,1.852125271308151,0.28689270113086834,resnet32,0.4207,0.4096,2.123861787502061,1.8361751489679923,0.2876866417301988,resnet32,0.4634,0.4608,2.0925759808583693,1.815485381097956,0.2770905987020921,resnet32,0.3708,0.3698,2.08413889513097,1.807416669516401,0.27672222650355915,resnet32,0.4387,0.4356,2.1265299625017424,1.8516545143317094,0.2748754486780275,resnet32,0.4251,0.417,2.1468303774229507,1.8738081900572234,0.27302218615924095,resnet32,0.4442,0.441,2.1768841709602964,1.8931856141848997,0.2836985624479977,resnet32,0.4572,0.445,2.215302286330949,1.93551068499007,0.2797916013620455,resnet32,0.3969,0.3908,2.167517753148621,1.8869482554833998,0.28056949827904726,resnet32,0.4563,0.4524,2.1673076562583447,1.8872075052085249,0.2801001489966769,4500000.0,0.0,18000000.0,738000000.0,8856000000.0
resnet32x12_cifar100_K12_topo-clusters2_seed0002_d011,d011,resnet32:12,cifar100,12,topology,topo-clusters2,peers,2,200,64,0.1,0.9,0.0005,True,0,60,0.1,1.0,1,,disagreement,1.0,1,0.0,0.5,weight,clusters:2,0.0,0.0,42,0,45000,5000,10000,5640048,41,0.1,1,124.69,0.4394833333333333,0.016069579611454957,0.4071,0.4722,0.5067,0.06721666666666676,0.42968333333333336,0.4958,0.47832121212121215,0.5727063992566565,0.4802924242424241,0.5753189767382647,0.4394833333333333,resnet32,0.4492,0.4356,2.1096566300839186,1.8217938936908136,0.2878627362026071,resnet32,0.4497,0.438,2.1311968846077267,1.8447344680740074,0.286462415009737,resnet32,0.4351,0.4226,2.1312013144858857,1.845409595830874,0.28579171700403094,resnet32,0.434,0.4352,2.1163971168412403,1.828787939961661,0.28760917563076044,resnet32,0.4164,0.4108,2.0838375320150093,1.8028956084427508,0.2809419242284176,resnet32,0.4722,0.45,2.082645218480717,1.801570227369666,0.28107498926957225,resnet32,0.4478,0.4322,2.1275647448545154,1.8489391461692073,0.2786255968649956,resnet32,0.4399,0.4284,2.1505543145943773,1.8735961246896873,0.27695818965069274,resnet32,0.4452,0.4352,2.167765199630098,1.8837412031875416,0.2840239977972074,resnet32,0.4317,0.4194,2.1972704231739044,1.916046854616566,0.2812235705893148,resnet32,0.4455,0.4492,2.159062506800348,1.877754051915624,0.2813084524082528,resnet32,0.4071,0.3996,2.1590891880067913,1.8782385413280942,0.28085064168342133,4500000.0,0.0,18000000.0,756000000.0,9072000000.0
resnet32x12_cifar100_K12_topo-clusters2_seed0002_d011,d011,resnet32:12,cifar100,12,topology,topo-clusters2,peers,2,200,64,0.1,0.9,0.0005,True,0,60,0.1,1.0,1,,disagreement,1.0,1,0.0,0.5,weight,clusters:2,0.0,0.0,42,0,45000,5000,10000,5640048,42,0.1,1,125.79,0.44573333333333337,0.02160109307933796,0.4075,0.4731,0.5133,0.06756666666666661,0.43816666666666665,0.5028,0.4579151515151515,0.5924050351052237,0.46036060606060614,0.5932314938904667,0.44573333333333337,resnet32,0.4673,0.4664,2.1157811472023074,1.8306643768129023,0.28511677142655983,resnet32,0.4731,0.4636,2.13307714919475,1.8496414338323204,0.2834357146004384,resnet32,0.4283,0.4176,2.134567902338776,1.8486757068471475,0.2858921951741319,resnet32,0.4345,0.434,2.1159998075189916,1.828547111458399,0.2874526974999092,resnet32,0.4537,0.4488,2.0885348482565447,1.8113555279983715,0.277179320554503,resnet32,0.4651,0.46,2.0868799325756053,1.8100328098305247,0.27684712278741325,resnet32,0.4567,0.4526,2.1310043431479824,1.8530789071863347,0.27792543543248693,resnet32,0.4208,0.405,2.155106298964132,1.8789555002003908,0.27615080433051015,resnet32,0.4705,0.4618,2.170284239744598,1.887443493205038,0.2828407512808388,resnet32,0.4075,0.3982,2.2107238686558874,1.9313885339281776,0.2793353363998573,resnet32,0.4199,0.4094,2.158562883565372,1.8788700242611496,0.27969285945238714,resnet32,0.4514,0.4406,2.162782085212794,1.8832483323798939,0.2795337481762875,4500000.0,0.0,18000000.0,774000000.0,9288000000.0
resnet32x12_cifar100_K12_topo-clusters2_seed0002_d011,d011,resnet32:12,cifar100,12,topology,topo-clusters2,peers,2,200,64,0.1,0.9,0.0005,True,0,60,0.1,1.0,1,,disagreement,1.0,1,0.0,0.5,weight,clusters:2,0.0,0.0,42,0,45000,5000,10000,5640048,43,0.1,1,126.7,0.3918416666666666,0.03334237689820901,0.3299,0.4454,0.4734,0.0815583333333334,0.38648333333333335,0.4732,0.5559909090909092,0.51507353433789,0.5489363636363636,0.5324846721430573,0.3918416666666666,resnet32,0.3832,0.3808,2.1013727719810875,1.8149098096923395,0.286462962331081,resnet32,0.3663,0.368,2.123929726467891,1.8389511653645472,0.28497855964286084,resnet32,0.3851,0.374,2.129109770228917,1.841192874210802,0.2879168995740739,resnet32,0.3903,0.3924,2.112012651494958,1.8228676793250171,0.2891449699474668,resnet32,0.3945,0.388,2.078469852662899,1.799296059222384,0.2791737933981825,resnet32,0.4336,0.4318,2.0787204881622032,1.800158109346574,0.27856237945062196,resnet32,0.4299,0.4186,2.1206303252415224,1.8397292283109643,0.28090109913186595,resnet32,0.4454,0.4298,2.1496939620172437,1.8709991296583957,0.2786948310676962,resnet32,0.4033,0.4,2.1607733822681685,1.8741150803186677,0.28665830311365426,resnet32,0.3299,0.3204,2.19717419824817,1.9136217360130765,0.2835524569434876,resnet32,0.3986,0.3962,2.1542255549945613,1.8738459450277416,0.2803796104113148,resnet32,0.342,0.3378,2.1518487102267416,1.8718800869855015,0.279968622373417,4500000.0,0.0,18000000.0,792000000.0,9504000000.0
resnet32x12_cifar100_K12_topo-clusters2_seed0002_d011,d011,resnet32:12,cifar100,12,topology,topo-clusters2,peers,2,200,64,0.1,0.9,0.0005,True,0,60,0.1,1.0,1,,disagreement,1.0,1,0.0,0.5,weight,clusters:2,0.0,0.0,42,0,45000,5000,10000,5640048,44,0.1,1,123.28,0.406275,0.04957795419000936,0.287,0.4608,0.4788,0.072525,0.40831666666666666,0.486,0.5151636363636364,0.554171952473077,0.5166257575757577,0.5545611260807598,0.406275,resnet32,0.4608,0.4658,2.1083184130151165,1.8201583229344,0.28816008576276625,resnet32,0.4325,0.4208,2.1257326062768698,1.8390523569489068,0.2866802502592856,resnet32,0.332,0.3406,2.1231085036627273,1.8356184417551213,0.28749006034129043,resnet32,0.4422,0.4526,2.115324162624099,1.8264636190777475,0.2888605469541455,resnet32,0.4052,0.4038,2.080796653574163,1.8010052574629134,0.27979139393110847,resnet32,0.4243,0.425,2.0781651594760744,1.7985820462080566,0.2795831135220148,resnet32,0.4392,0.4434,2.1219215608117254,1.844385284253142,0.277536272875626,resnet32,0.4282,0.4314,2.1396698094904423,1.863235367462039,0.2764344431713901,resnet32,0.436,0.437,2.156291322443973,1.869772006334229,0.2865193119187924,resnet32,0.287,0.2888,2.194432496516542,1.9118064122105187,0.2826260875233195,resnet32,0.3646,0.3734,2.152919037944891,1.873879588632421,0.27903944573534484,resnet32,0.4233,0.4172,2.151356432925571,1.8725937808101827,0.2787626504644074,4500000.0,0.0,18000000.0,810000000.0,9720000000.0
resnet32x12_cifar100_K12_topo-clusters2_seed0002_d011,d011,resnet32:12,cifar100,12,topology,topo-clusters2,peers,2,200,64,0.1,0.9,0.0005,True,0,60,0.1,1.0,1,,disagreement,1.0,1,0.0,0.5,weight,clusters:2,0.0,0.0,42,0,45000,5000,10000,5640048,45,0.1,1,125.45,0.42612500000000003,0.02487180884053269,0.3838,0.4707,0.4991,0.07297499999999996,0.4293666666666667,0.5054,0.49197272727272734,0.5532179360821583,0.49393181818181825,0.5600528950044977,0.42612500000000003,resnet32,0.431,0.4388,2.1033359940417786,1.8178103464570912,0.2855256520084698,resnet32,0.4437,0.443,2.12389504249123,1.8402511904185468,0.28364385167052125,resnet32,0.4034,0.4152,2.119292788715525,1.8318728990852833,0.28741988709027116,resnet32,0.4478,0.4552,2.1078127578578214,1.8193028367717157,0.28850991604849696,resnet32,0.4707,0.4658,2.0746856281025843,1.7943612469190902,0.2803243819454854,resnet32,0.3974,0.41,2.0767863634973764,1.7973469573665748,0.27943940848027443,resnet32,0.3838,0.3868,2.1200966140763327,1.8403652623634448,0.2797313523478806,resnet32,0.4406,0.4414,2.140592453323982,1.8623513064601205,0.2782411525999619,resnet32,0.4492,0.4454,2.1555699304762213,1.8710592319680885,0.28451069800013845,resnet32,0.3992,0.4078,2.1966283851387827,1.9155477053401144,0.281080683756789,resnet32,0.4203,0.4246,2.1478416166183623,1.8668232993646101,0.2810183154969392,resnet32,0.4264,0.4184,2.1506870724260807,1.8702596481889486,0.28042742353864014,4500000.0,0.0,18000000.0,828000000.0,9936000000.0
resnet32x12_cifar100_K12_topo-clusters2_seed0002_d011,d011,resnet32:12,cifar100,12,topology,topo-clusters2,peers,2,200,64,0.1,0.9,0.0005,True,0,60,0.1,1.0,1,,disagreement,1.0,1,0.0,0.5,weight,clusters:2,0.0,0.0,42,0,45000,5000,10000,5640048,46,0.1,1,126.0,0.41040000000000004,0.020887596000178345,0.3809,0.4478,0.482,0.07159999999999994,0.4052166666666666,0.4728,0.4944969696969697,0.5690123615217434,0.5001424242424242,0.5570226855053367,0.41040000000000004,resnet32,0.4178,0.4106,2.092461733994159,1.8067174100063064,0.2857443271204829,resnet32,0.4038,0.3932,2.111434964971109,1.8265944294292817,0.28484053505499934,resnet32,0.4135,0.4042,2.115308512679555,1.8276095600290732,0.28769895030100917,resnet32,0.3809,0.377,2.099839682436802,1.8110196160321885,0.28882006646811287,resnet32,0.4478,0.4512,2.0681812504137103,1.7888628208840436,0.27931843215430324,resnet32,0.4335,0.4348,2.0665846826000647,1.7873083898289637,0.27927629031579604,resnet32,0.4377,0.4314,2.1120842417532746,1.8319173026829958,0.28016693399033765,resnet32,0.4019,0.3914,2.132949560034004,1.8543890790844506,0.2785604768432677,resnet32,0.3858,0.3854,2.152926718138836,1.8642489920285614,0.2886777292217382,resnet32,0.4204,0.41,2.1874936504120175,1.9029435163194484,0.28455013629387726,resnet32,0.3952,0.3904,2.1438020332293077,1.8619096201251855,0.28189241037365387,resnet32,0.3865,0.383,2.145912775939161,1.8634903317486697,0.2824224467516284,4500000.0,0.0,18000000.0,846000000.0,10152000000.0
resnet32x12_cifar100_K12_topo-clusters2_seed0002_d011,d011,resnet32:12,cifar100,12,topology,topo-clusters2,peers,2,200,64,0.1,0.9,0.0005,True,0,60,0.1,1.0,1,,disagreement,1.0,1,0.0,0.5,weight,clusters:2,0.0,0.0,42,0,45000,5000,10000,5640048,47,0.1,1,122.48,0.39759999999999995,0.037792481615615915,0.3395,0.4509,0.4857,0.08810000000000007,0.3961666666666666,0.4826,0.5476151515151515,0.5099964532880051,0.5509469696969699,0.5184848354796113,0.39759999999999995,resnet32,0.4199,0.4204,2.0945693750611762,1.807720859958367,0.28684851281683554,resnet32,0.3448,0.3416,2.116671585562554,1.8312874641269445,0.28538412075828423,resnet32,0.3874,0.3838,2.1180345571853896,1.8285339049656282,0.2895006550983949,resnet32,0.4509,0.446,2.1013236118649896,1.8106316133317621,0.29069199195046996,resnet32,0.4132,0.4106,2.063776634125547,1.7856045041910626,0.27817212807183916,resnet32,0.3395,0.3432,2.067858490584926,1.788712915033102,0.2791455777954649,resnet32,0.3737,0.3658,2.1084117362783714,1.8265872601081024,0.2818244737572968,resnet32,0.3419,0.3404,2.136173429475589,1.8557685554366221,0.2804048754782839,resnet32,0.4404,0.444,2.150764811276035,1.8614242017607798,0.28934060845693405,resnet32,0.4081,0.4088,2.1897960657423194,1.903989583931186,0.2858064810068093,resnet32,0.4188,0.418,2.145074000920762,1.8619002538987182,0.28317374564622616,resnet32,0.4326,0.4314,2.1452751948752184,1.8617270275611768,0.28354816316542303,4500000.0,0.0,18000000.0,864000000.0,10368000000.0
resnet32x12_cifar100_K12_topo-clusters2_seed0002_d011,d011,resnet32:12,cifar100,12,topology,topo-clusters2,peers,2,200,64,0.1,0.9,0.0005,True,0,60,0.1,1.0,1,,disagreement,1.0,1,0.0,0.5,weight,clusters:2,0.0,0.0,42,0,45000,5000,10000,5640048,48,0.1,1,125.96,0.430375,0.021519337234217964,0.3902,0.4678,0.5069,0.07652500000000001,0.42973333333333336,0.5108,0.5016060606060606,0.5587936354970205,0.5000515151515151,0.5636656441612088,0.430375,resnet32,0.4221,0.4182,2.1005027998577463,1.8118266314268112,0.2886761700184169,resnet32,0.4026,0.4126,2.115340778773481,1.8272253185171972,0.28811545608649874,resnet32,0.4025,0.4036,2.119229154322635,1.830456173724749,0.2887729814022102,resnet32,0.4513,0.4556,2.1007278832522305,1.8107924510470845,0.2899354335386306,resnet32,0.4433,0.447,2.074285951019688,1.7954465674067086,0.2788393816656687,resnet32,0.441,0.431,2.068185591562228,1.7893586556681178,0.2788269372275946,resnet32,0.4343,0.4224,2.1128744962201877,1.8326435160230508,0.2802309807262976,resnet32,0.3902,0.3926,2.1358113786713644,1.857698279517618,0.2781130991114134,resnet32,0.4325,0.4408,2.1481710619885814,1.8584237958897243,0.28974726631052117,resnet32,0.4331,0.428,2.1907764593647285,1.905043939975175,0.2857325227126818,resnet32,0.4438,0.4444,2.1437468267977238,1.8602299412543124,0.283516884971918,resnet32,0.4678,0.4606,2.1449341655454854,1.8617958861657165,0.2831382819409059,4500000.0,0.0,18000000.0,882000000.0,10584000000.0
resnet32x12_cifar100_K12_topo-clusters2_seed0002_d011,d011,resnet32:12,cifar100,12,topology,topo-clusters2,peers,2,200,64,0.1,0.9,0.0005,True,0,60,0.1,1.0,1,,disagreement,1.0,1,0.0,0.5,weight,clusters:2,0.0,0.0,42,0,45000,5000,10000,5640048,49,0.1,1,125.11,0.37273333333333336,0.027000380655752904,0.3109,0.4128,0.4328,0.06006666666666666,0.3742833333333333,0.4382,0.49533636363636363,0.5767615173476739,0.495290909090909,0.5825787808973906,0.37273333333333336,resnet32,0.3971,0.4044,2.096478120000525,1.8117126893590798,0.28476543176326563,resnet32,0.3463,0.3598,2.117993864992803,1.8345137482339686,0.28348011834631587,resnet32,0.356,0.3542,2.112331421707164,1.8253446187485347,0.2869868049059402,resnet32,0.3811,0.3898,2.0982452136549083,1.810380845753984,0.287864369594238,resnet32,0.3653,0.363,2.0648808511482044,1.7863304743712598,0.27855037366548047,resnet32,0.4128,0.42,2.070990744300864,1.7937999526885422,0.2771907896861773,resnet32,0.3902,0.3954,2.114687903868881,1.8352120158008554,0.2794758875176988,resnet32,0.349,0.3464,2.1320387998765167,1.8543104859576984,0.27772831366482104,resnet32,0.3929,0.382,2.151642298156565,1.8676188261332838,0.28402347124012356,resnet32,0.3109,0.3064,2.1878318927166136,1.9069788987663658,0.2808529962997206,resnet32,0.3828,0.38,2.144440995359963,1.8622777050530368,0.2821632912805812,resnet32,0.3884,0.39,2.150012595917691,1.867708569392562,0.2823040261864662,4500000.0,0.0,18000000.0,900000000.0,10800000000.0
resnet32x12_cifar100_K12_topo-clusters2_seed0002_d011,d011,resnet32:12,cifar100,12,topology,topo-clusters2,peers,2,200,64,0.1,0.9,0.0005,True,0,60,0.1,1.0,1,,disagreement,1.0,1,0.0,0.5,weight,clusters:2,0.0,0.0,42,0,45000,5000,10000,5640048,50,0.1,1,125.46,0.4210666666666667,0.05117052102746486,0.287,0.4705,0.4951,0.07403333333333328,0.4106,0.4776,0.5169515151515149,0.560885230393465,0.512709090909091,0.5549378398624788,0.4210666666666667,resnet32,0.4403,0.424,2.090399955484,1.8037217232314022,0.28667823235842993,resnet32,0.4705,0.4542,2.1075300149280918,1.822400801391764,0.2851292129648341,resnet32,0.3706,0.3662,2.105822276493365,1.8191126712005248,0.2867096044885164,resnet32,0.4655,0.4604,2.0915925575589593,1.8030367403883825,0.2885558146517724,resnet32,0.4586,0.4444,2.0603131794116716,1.781763524155725,0.27854965771125123,resnet32,0.4439,0.4336,2.0593824176625772,1.7803804948925972,0.27900192329914053,resnet32,0.4075,0.3952,2.1026883313263003,1.8228822948241776,0.27980603770860896,resnet32,0.4593,0.4528,2.123638775368983,1.8450406474823302,0.2785981264050034,resnet32,0.4425,0.4318,2.145520070059733,1.856596855785359,0.28892321478236804,resnet32,0.287,0.2856,2.182249280878089,1.8969058817760511,0.28534339679489756,resnet32,0.3765,0.3594,2.133425413546237,1.8494442821565,0.2839811340990392,resnet32,0.4306,0.4196,2.1365261313251476,1.85240352881903,0.28412260267544875,4500000.0,0.0,18000000.0,918000000.0,11016000000.0
resnet32x12_cifar100_K12_topo-clusters2_seed0002_d011,d011,resnet32:12,cifar100,12,topology,topo-clusters2,peers,2,200,64,0.1,0.9,0.0005,True,0,60,0.1,1.0,1,,disagreement,1.0,1,0.0,0.5,weight,clusters:2,0.0,0.0,42,0,45000,5000,10000,5640048,51,0.1,1,125.56,0.42815833333333336,0.03144642158585863,0.3406,0.4629,0.5093,0.08114166666666661,0.42395000000000005,0.5062,0.511242424242424,0.5410415964939997,0.5061454545454546,0.5455086590544433,0.42815833333333336,resnet32,0.4359,0.4332,2.0926880199800837,1.8035611628808759,0.28912686093033035,resnet32,0.4178,0.4136,2.108113266696984,1.820088484578512,0.2880247813988138,resnet32,0.4399,0.4454,2.104582829062234,1.8161146862601691,0.2884681430348957,resnet32,0.4555,0.453,2.0959054314616052,1.806760673326525,0.2891447565687651,resnet32,0.3406,0.342,2.0604639837349,1.7812455623325976,0.2792184209578078,resnet32,0.4267,0.4236,2.0636630175127224,1.7853177719834177,0.27834524936042726,resnet32,0.4507,0.4342,2.1040302874012426,1.8239253425801343,0.28010494873689656,resnet32,0.4568,0.4458,2.128721433776346,1.8501396898857572,0.27858174266293645,resnet32,0.4156,0.41,2.1464576922695744,1.8555378549816934,0.2909198402723467,resnet32,0.4069,0.4082,2.1800455508584324,1.8931079918349332,0.2869375578805127,resnet32,0.4629,0.4576,2.143726074898785,1.8568061285398223,0.2869199430993335,resnet32,0.4286,0.4208,2.141604319384152,1.8553083351051265,0.28629598214121704,4500000.0,0.0,18000000.0,936000000.0,11232000000.0
resnet32x12_cifar100_K12_topo-clusters2_seed0002_d011,d011,resnet32:12,cifar100,12,topology,topo-clusters2,peers,2,200,64,0.1,0.9,0.0005,True,0,60,0.1,1.0,1,,disagreement,1.0,1,0.0,0.5,weight,clusters:2,0.0,0.0,42,0,45000,5000,10000,5640048,52,0.1,1,125.6,0.43629999999999997,0.02919363515106219,0.3752,0.4669,0.5247,0.08840000000000009,0.43131666666666674,0.5202,0.513590909090909,0.5301729461050952,0.5144348484848484,0.5333529495916445,0.43629999999999997,resnet32,0.4669,0.4546,2.0864222429015418,1.7967639155685902,0.289658324687149,resnet32,0.4415,0.4402,2.1087431604550644,1.8214205036109143,0.28732265694998205,resnet32,0.4377,0.4346,2.10164770280773,1.815727097066966,0.28592060620642523,resnet32,0.4599,0.4618,2.0860710177909243,1.7988851326094433,0.2871858843348243,resnet32,0.4488,0.4464,2.0605278318239884,1.782120357690887,0.2784074716777964,resnet32,0.4348,0.4334,2.058998207815669,1.7810754496604204,0.2779227558481084,resnet32,0.3752,0.3572,2.1000203276899727,1.8203136470507493,0.2797066767657684,resnet32,0.4501,0.4344,2.1200262805954977,1.8419453542340884,0.27808092517608946,resnet32,0.4611,0.4584,2.1362017936665905,1.8501422218978405,0.2860595742240548,resnet32,0.3952,0.394,2.169452518055385,1.8867640309035778,0.2826884876386347,resnet32,0.466,0.4616,2.1343849306418137,1.8505703847516666,0.2838145455303179,resnet32,0.3984,0.3992,2.133313772691922,1.8497440371323715,0.2835697356653823,4500000.0,0.0,18000000.0,954000000.0,11448000000.0
resnet32x12_cifar100_K12_topo-clusters2_seed0002_d011,d011,resnet32:12,cifar100,12,topology,topo-clusters2,peers,2,200,64,0.1,0.9,0.0005,True,0,60,0.1,1.0,1,,disagreement,1.0,1,0.0,0.5,weight,clusters:2,0.0,0.0,42,0,45000,5000,10000,5640048,53,0.1,1,123.6,0.39988333333333337,0.023841065179410266,0.3608,0.4331,0.4722,0.07231666666666664,0.39165000000000005,0.4626,0.5262,0.5520637708205178,0.521610606060606,0.5624771538767032,0.39988333333333337,resnet32,0.4331,0.424,2.0902286151593383,1.80229783735492,0.28793077848174353,resnet32,0.3608,0.3536,2.1041098790751263,1.8178267312998122,0.28628314834680746,resnet32,0.3935,0.3846,2.100590418008241,1.8168704863637686,0.28371993282979185,resnet32,0.4256,0.4122,2.0909952407872137,1.805814997039058,0.2851802429014986,resnet32,0.3796,0.3702,2.06428184394132,1.7809552211653104,0.2833266193047166,resnet32,0.4044,0.4012,2.064843436364423,1.781747593121095,0.2830958407668566,resnet32,0.4042,0.3998,2.1068335419351403,1.8249389574947683,0.28189458374188026,resnet32,0.4007,0.3896,2.123381920497526,1.8424341854724018,0.2809477327814834,resnet32,0.4233,0.4218,2.140719951892441,1.8506640473550016,0.29005590225146577,resnet32,0.3618,0.35,2.175929234617136,1.889531366696412,0.2863978689367121,resnet32,0.4278,0.4166,2.140204296701334,1.8554964123124427,0.2847078882200135,resnet32,0.3838,0.3762,2.1320372247560457,1.8481179165907882,0.2839193112132224,4500000.0,0.0,18000000.0,972000000.0,11664000000.0
resnet32x12_cifar100_K12_topo-clusters2_seed0002_d011,d011,resnet32:12,cifar100,12,topology,topo-clusters2,peers,2,200,64,0.1,0.9,0.0005,True,0,60,0.1,1.0,1,,disagreement,1.0,1,0.0,0.5,weight,clusters:2,0.0,0.0,42,0,45000,5000,10000,5640048,54,0.1,1,125.43,0.42394166666666666,0.022051699040109257,0.39,0.4714,0.4912,0.06725833333333336,0.4198333333333333,0.4938,0.49058484848484846,0.5546566714711895,0.48894393939393926,0.5709172226679674,0.42394166666666666,resnet32,0.4481,0.4492,2.088022781535983,1.7969435472041368,0.29107923598282714,resnet32,0.4287,0.4228,2.1135730232027443,1.8240429696372964,0.28953005538576027,resnet32,0.4155,0.4202,2.103456230156801,1.8174504898488522,0.28600573793730955,resnet32,0.39,0.3948,2.088324857537042,1.8013949358666486,0.2869299179451032,resnet32,0.4013,0.393,2.055915442380038,1.7769063011827795,0.2790091387419538,resnet32,0.4714,0.4696,2.0611554998904467,1.782805585217747,0.27834991507486184,resnet32,0.417,0.398,2.1053311878984626,1.8230346141552383,0.2822965790136633,resnet32,0.409,0.3958,2.1233178436417472,1.8416755030100995,0.28164234003898775,resnet32,0.419,0.4274,2.1372080640020696,1.847019133750688,0.2901889333416792,resnet32,0.4104,0.4008,2.175400770354,1.8891382230953737,0.2862625470257957,resnet32,0.4515,0.4536,2.137807211246003,1.8522382222793319,0.285568987569687,resnet32,0.4254,0.4128,2.1409658784554764,1.8557095952670684,0.28525628454305907,4500000.0,0.0,18000000.0,990000000.0,11880000000.0
resnet32x12_cifar100_K12_topo-clusters2_seed0002_d011,d011,resnet32:12,cifar100,12,topology,topo-clusters2,peers,2,200,64,0.1,0.9,0.0005,True,0,60,0.1,1.0,1,,disagreement,1.0,1,0.0,0.5,weight,clusters:2,0.0,0.0,42,0,45000,5000,10000,5640048,55,0.1,1,126.45,0.38679166666666664,0.04347170455850819,0.3094,0.4426,0.4552,0.06840833333333335,0.38786666666666664,0.4562,0.521030303030303,0.5576047151047963,0.517371212121212,0.565445170296112,0.38679166666666664,resnet32,0.4062,0.4098,2.0852937298742207,1.799029254777865,0.2862644718790596,resnet32,0.3995,0.4012,2.1008473507721317,1.815708471123468,0.28513887911950325,resnet32,0.4426,0.4432,2.091060747477141,1.807787655598738,0.28327309124341066,resnet32,0.318,0.3164,2.077825067903508,1.7935277950018644,0.2842972763517702,resnet32,0.3926,0.389,2.052704826674678,1.7744157581844113,0.2782890686807646,resnet32,0.4176,0.4134,2.0542928119274704,1.7760189629413865,0.2782738479277627,resnet32,0.3235,0.3244,2.092338567599654,1.8104415652765469,0.2818969984284856,resnet32,0.412,0.413,2.117390252480453,1.8370467600497333,0.28034349757416005,resnet32,0.4021,0.4104,2.1320300198752773,1.8469172595915468,0.2851127610880543,resnet32,0.436,0.44,2.1632256731390953,1.880585135214708,0.28264053944836964,resnet32,0.382,0.3802,2.12496382963251,1.8412153460085392,0.2837484826503152,resnet32,0.3094,0.3134,2.127652585337108,1.844023299318823,0.28362928409214044,4500000.0,0.0,18000000.0,1008000000.0,12096000000.0
resnet32x12_cifar100_K12_topo-clusters2_seed0002_d011,d011,resnet32:12,cifar100,12,topology,topo-clusters2,peers,2,200,64,0.1,0.9,0.0005,True,0,60,0.1,1.0,1,,disagreement,1.0,1,0.0,0.5,weight,clusters:2,0.0,0.0,42,0,45000,5000,10000,5640048,56,0.1,1,127.27,0.42890000000000006,0.03330720642743849,0.3655,0.4849,0.5037,0.07479999999999998,0.4248166666666666,0.4986,0.4945030303030303,0.5630879574158087,0.49836515151515137,0.5622725571609746,0.42890000000000006,resnet32,0.4452,0.4398,2.0793268423188818,1.79232046126642,0.2870063815816221,resnet32,0.4608,0.4516,2.097013393078338,1.8111415046521209,0.28587188846855,resnet32,0.3655,0.3616,2.0948707149787382,1.8048329520970583,0.2900377622890202,resnet32,0.4654,0.4594,2.088557664474303,1.7978475300425834,0.29071013324640016,resnet32,0.4306,0.439,2.0514022028920325,1.7708318120037967,0.28057039554484864,resnet32,0.4849,0.479,2.054053686051206,1.7743025777692145,0.27975111037746747,resnet32,0.3836,0.3898,2.0972300210798327,1.8123996435579928,0.2848303750453686,resnet32,0.4174,0.4042,2.1140547665682705,1.8304296249354428,0.28362514201382344,resnet32,0.4499,0.4298,2.123441421003504,1.8323603912510655,0.2910810260694813,resnet32,0.4164,0.415,2.1624888200312853,1.874852216379209,0.2876366047950631,resnet32,0.4255,0.4232,2.1221455918117003,1.8389518894255161,0.28319370257668197,resnet32,0.4016,0.4054,2.124989878386259,1.8422441267493097,0.282745751213621,4500000.0,0.0,18000000.0,1026000000.0,12312000000.0
resnet32x12_cifar100_K12_topo-clusters2_seed0002_d011,d011,resnet32:12,cifar100,12,topology,topo-clusters2,peers,2,200,64,0.1,0.9,0.0005,True,0,60,0.1,1.0,1,,disagreement,1.0,1,0.0,0.5,weight,clusters:2,0.0,0.0,42,0,45000,5000,10000,5640048,57,0.1,1,126.27,0.41863333333333325,0.03333687481186895,0.3211,0.4448,0.5027,0.08406666666666679,0.4147,0.4908,0.5224242424242425,0.5392788325673536,0.5252545454545456,0.5464879446081812,0.41863333333333325,resnet32,0.4359,0.4308,2.075500650839372,1.788457321680405,0.28704332446002145,resnet32,0.412,0.4112,2.0995997327633877,1.8148121684789658,0.2847875638610937,resnet32,0.4351,0.4262,2.0937452229925175,1.8074387245896189,0.28630649897439236,resnet32,0.4052,0.4058,2.081804967231371,1.7940614543516527,0.2877435102762485,resnet32,0.4337,0.438,2.055354283614592,1.7766160301186822,0.27873825190842827,resnet32,0.4365,0.4268,2.0530911584130744,1.7741575398567049,0.27893361665139144,resnet32,0.4426,0.4432,2.0982138765129177,1.8145829622041096,0.2836309161291204,resnet32,0.3211,0.3196,2.1176919137889687,1.8354537107727744,0.28223820631815627,resnet32,0.4267,0.4226,2.129662911492315,1.8401608843017707,0.28950202120044694,resnet32,0.4448,0.4396,2.165028777142817,1.8796681379052727,0.28536064247600734,resnet32,0.3912,0.3856,2.12268241613426,1.839415579526262,0.2832668364386667,resnet32,0.4388,0.427,2.1224308132447978,1.8403012105687098,0.28212960180826485,4500000.0,0.0,18000000.0,1044000000.0,12528000000.0
resnet32x12_cifar100_K12_topo-clusters2_seed0002_d011,d011,resnet32:12,cifar100,12,topology,topo-clusters2,peers,2,200,64,0.1,0.9,0.0005,True,0,60,0.1,1.0,1,,disagreement,1.0,1,0.0,0.5,weight,clusters:2,0.0,0.0,42,0,45000,5000,10000,5640048,58,0.1,1,126.44,0.4367999999999999,0.021540736601456643,0.4054,0.4792,0.5114,0.07460000000000006,0.4289,0.5012,0.4908181818181819,0.5767166839532897,0.48863636363636354,0.5746656552066152,0.4367999999999999,resnet32,0.422,0.4106,2.0834215219047936,1.795564361085946,0.2878571603531865,resnet32,0.4555,0.4526,2.1005384898321195,1.8145042635839095,0.28603422502055764,resnet32,0.4054,0.395,2.094290280714631,1.8086193163286557,0.28567096436480904,resnet32,0.4521,0.4508,2.0797260295261037,1.7933132309805264,0.28641280087388377,resnet32,0.4196,0.41,2.0529175597158345,1.7746198492294007,0.2782977103382688,resnet32,0.4792,0.463,2.0563964408568363,1.7781295573169535,0.27826688324355264,resnet32,0.4534,0.4472,2.0926933937113392,1.809660361402414,0.28303303357891063,resnet32,0.4585,0.4466,2.1181271116841924,1.8365703076124191,0.2815568044951016,resnet32,0.4174,0.414,2.127289917828007,1.8389039760963484,0.28838594357313757,resnet32,0.427,0.419,2.1654367631470617,1.880757507614114,0.2846792552366175,resnet32,0.4152,0.4118,2.128147368234667,1.8448689742521807,0.28327839614146133,resnet32,0.4363,0.4262,2.1341139929877087,1.8510402810167184,0.2830737116323276,4500000.0,0.0,18000000.0,1062000000.0,12744000000.0
resnet32x12_cifar100_K12_topo-clusters2_seed0002_d011,d011,resnet32:12,cifar100,12,topology,topo-clusters2,peers,2,200,64,0.1,0.9,0.0005,True,0,60,0.1,1.0,1,,disagreement,1.0,1,0.0,0.5,weight,clusters:2,0.0,0.0,42,0,45000,5000,10000,5640048,59,0.1,1,124.62,0.3885333333333334,0.022847149104915088,0.3326,0.4204,0.4568,0.06826666666666659,0.3844666666666667,0.452,0.5213484848484847,0.563603943428002,0.5247378787878788,0.564501684951254,0.3885333333333334,resnet32,0.3882,0.3756,2.0859155241738665,1.798961472443559,0.2869540524922989,resnet32,0.3851,0.385,2.102160128849474,1.8166871887039056,0.2854729411827231,resnet32,0.4044,0.404,2.0971378966827285,1.810367567803372,0.2867703326258131,resnet32,0.3929,0.3964,2.085559651424939,1.797411797060208,0.28814785641787405,resnet32,0.3966,0.395,2.052596687423912,1.7719714250415564,0.2806252636100081,resnet32,0.3995,0.4052,2.063995337452401,1.7839794280854138,0.28001590593802655,resnet32,0.353,0.349,2.099228127266873,1.8181055474349044,0.2811225822449408,resnet32,0.3888,0.3752,2.1208360731940377,1.8412115650082177,0.2796245072968304,resnet32,0.4077,0.3936,2.1369266017255457,1.848185197365555,0.28874140211635013,resnet32,0.3932,0.394,2.1672974440523167,1.8821294179016894,0.28516802996058355,resnet32,0.4204,0.4178,2.1288543192839082,1.8461298405785451,0.28272448262115096,resnet32,0.3326,0.3228,2.126428731801835,1.8434656885537235,0.28296304030597885,4500000.0,0.0,18000000.0,1080000000.0,12960000000.0
resnet32x12_cifar100_K12_topo-clusters2_seed0002_d011,d011,resnet32:12,cifar100,12,topology,topo-clusters2,peers,2,200,64,0.1,0.9,0.0005,True,0,60,0.1,1.0,1,,disagreement,1.0,1,0.0,0.5,weight,clusters:2,0.0,0.0,42,0,45000,5000,10000,5640048,60,0.010000000000000002,1,126.61,0.620075,0.007082504853510508,0.6058,0.633,0.6461,0.026024999999999965,0.6121666666666667,0.6408,0.23470606060606058,0.7311099818017485,0.23811515151515153,0.7330448118081674,0.620075,resnet32,0.6223,0.6138,1.5345761195163836,1.3864478713578798,0.1481282512593845,resnet32,0.6234,0.6166,1.5510019768368115,1.4045447703789582,0.14645720507145266,resnet32,0.62,0.6074,1.5457337637516586,1.4028495026075027,0.14288426014933397,resnet32,0.6227,0.618,1.5292824704877355,1.3851383303884754,0.14414414145391097,resnet32,0.633,0.6256,1.4931200805374167,1.355764895254238,0.13735518404494293,resnet32,0.6295,0.6166,1.5019723071970723,1.3653673925013705,0.136604916960509,resnet32,0.6207,0.6094,1.5565873870456761,1.4121346776797012,0.14445270802190696,resnet32,0.6174,0.6032,1.58284134502438,1.4399872246960348,0.1428541185291992,resnet32,0.6186,0.6104,1.5832616731693798,1.4305340563878417,0.15272761472839524,resnet32,0.6058,0.6036,1.6271056200970302,1.477914061989974,0.14919155853038485,resnet32,0.6099,0.6098,1.585258332673799,1.4405722916126251,0.14468604132575405,resnet32,0.6176,0.6116,1.5881097204983234,1.443516031669622,0.14459368874403564,4500000.0,0.0,18000000.0,1098000000.0,13176000000.0
resnet32x12_cifar100_K12_topo-clusters2_seed0002_d011,d011,resnet32:12,cifar100,12,topology,topo-clusters2,peers,2,200,64,0.1,0.9,0.0005,True,0,60,0.1,1.0,1,,disagreement,1.0,1,0.0,0.5,weight,clusters:2,0.0,0.0,42,0,45000,5000,10000,5640048,61,0.010000000000000002,1,127.08,0.629675,0.006501554301344665,0.6188,0.6425,0.6548,0.025125000000000064,0.6239666666666667,0.651,0.2321545454545455,0.7278327585104082,0.23402272727272735,0.7308551218067052,0.629675,resnet32,0.6333,0.6274,1.3836709613149816,1.2426061463457616,0.1410648148316382,resnet32,0.6248,0.6174,1.4047029538249427,1.264856993390078,0.13984596147201955,resnet32,0.6283,0.6164,1.390938926488161,1.252217916348441,0.13872100924014708,resnet32,0.6309,0.6294,1.3819028695367954,1.2420691037550569,0.1398337672633881,resnet32,0.6407,0.6414,1.3434458213265648,1.2139612233096904,0.1294845954769037,resnet32,0.6425,0.6348,1.3480639321390877,1.2188589923422446,0.12920494027308782,resnet32,0.629,0.6258,1.4062798156149008,1.2688702863048424,0.13740952919364313,resnet32,0.6298,0.622,1.4321729640730403,1.2964388307353312,0.135734133686955,resnet32,0.6297,0.6234,1.4425528263673186,1.2932965167882768,0.14925630996003747,resnet32,0.6188,0.6088,1.4862653081389992,1.3404595356603914,0.14580577135678718,resnet32,0.6234,0.6228,1.4301841584965587,1.294171335260299,0.1360128234690902,resnet32,0.6249,0.618,1.4329547875306823,1.2970666142857887,0.1358881740492176,4500000.0,0.0,18000000.0,1116000000.0,13392000000.0
resnet32x12_cifar100_K12_topo-clusters2_seed0002_d011,d011,resnet32:12,cifar100,12,topology,topo-clusters2,peers,2,200,64,0.1,0.9,0.0005,True,0,60,0.1,1.0,1,,disagreement,1.0,1,0.0,0.5,weight,clusters:2,0.0,0.0,42,0,45000,5000,10000,5640048,62,0.010000000000000002,1,125.14,0.6280249999999999,0.007128244875142829,0.6144,0.6415,0.6534,0.025375000000000036,0.6248666666666667,0.653,0.2413636363636364,0.7188623498123928,0.24211060606060605,0.7195895387121353,0.6280249999999999,resnet32,0.6341,0.633,1.332258346236565,1.186591611667113,0.14566673580768771,resnet32,0.6298,0.6268,1.3563723358410327,1.2120371400801973,0.14433519746473228,resnet32,0.6307,0.6274,1.3442440377548337,1.2017373458736322,0.14250669198703358,resnet32,0.6321,0.6308,1.331836780702526,1.1878938486968929,0.14394293252421034,resnet32,0.6415,0.6402,1.2945483673194593,1.1598333252424544,0.13471504356923766,resnet32,0.6358,0.6316,1.2998306272890081,1.1652975100177256,0.13453311624471098,resnet32,0.6235,0.622,1.3553540350191973,1.2138374623927204,0.14151657579085705,resnet32,0.623,0.6162,1.3797253874892539,1.23961504354057,0.14011034655215387,resnet32,0.6243,0.6226,1.3888790111311458,1.2362767790698193,0.15260223126758568,resnet32,0.6144,0.6146,1.433212660253048,1.284225053153932,0.1489876073425297,resnet32,0.6205,0.6204,1.3824166049334137,1.241443103602664,0.14097350153183055,resnet32,0.6266,0.6128,1.381418088959022,1.2407690169797703,0.14064907455097206,4500000.0,0.0,18000000.0,1134000000.0,13608000000.0
resnet32x12_cifar100_K12_topo-clusters2_seed0002_d011,d011,resnet32:12,cifar100,12,topology,topo-clusters2,peers,2,200,64,0.1,0.9,0.0005,True,0,60,0.1,1.0,1,,disagreement,1.0,1,0.0,0.5,weight,clusters:2,0.0,0.0,42,0,45000,5000,10000,5640048,63,0.010000000000000002,1,124.45,0.6364333333333333,0.00853046826902772,0.6187,0.6491,0.665,0.02856666666666674,0.6355666666666666,0.6674,0.2402212121212122,0.7081170714709901,0.24202121212121214,0.7138091110815302,0.6364333333333333,resnet32,0.6434,0.6406,1.3054396181621335,1.1548225211656906,0.15061709841459311,resnet32,0.6369,0.6354,1.3279339544983073,1.178521621548994,0.1494123321238228,resnet32,0.6394,0.6446,1.3135096420618622,1.164446290921081,0.14906335023062472,resnet32,0.6424,0.6376,1.3072119440714067,1.157165282913907,0.1500466604060917,resnet32,0.6491,0.6498,1.270300188948485,1.1299877772954376,0.1403124134098603,resnet32,0.6469,0.6414,1.2728168949146161,1.1327515685592184,0.14006532663056118,resnet32,0.6361,0.636,1.3293942087753252,1.1804442204196344,0.1489499892340973,resnet32,0.6365,0.6308,1.3527567521245643,1.2055901526050135,0.14716660280034624,resnet32,0.6338,0.6322,1.3652128690684384,1.207522021521899,0.15769084807570008,resnet32,0.6187,0.6192,1.4068348408592017,1.253024829212915,0.1538100123130293,resnet32,0.6293,0.635,1.355830898339098,1.2100110788914291,0.1458198211621493,resnet32,0.6247,0.6242,1.3537548866800286,1.2080164544115013,0.1457384322367778,4500000.0,0.0,18000000.0,1152000000.0,13824000000.0
resnet32x12_cifar100_K12_topo-clusters2_seed0002_d011,d011,resnet32:12,cifar100,12,topology,topo-clusters2,peers,2,200,64,0.1,0.9,0.0005,True,0,60,0.1,1.0,1,,disagreement,1.0,1,0.0,0.5,weight,clusters:2,0.0,0.0,42,0,45000,5000,10000,5640048,64,0.010000000000000002,1,125.68,0.6356833333333334,0.007992687630300303,0.626,0.6502,0.6704,0.03471666666666662,0.6315166666666666,0.6674,0.2472090909090909,0.7016543174922579,0.24890757575757572,0.7048502066986168,0.6356833333333334,resnet32,0.6431,0.6414,1.2884757093746553,1.1300227520140735,0.15845295655625788,resnet32,0.6274,0.6234,1.311246428554031,1.1546125305308537,0.15663389739876782,resnet32,0.6426,0.6402,1.298399235883897,1.1427492644129829,0.15564997324889357,resnet32,0.6339,0.6336,1.290436507456682,1.13301505419341,0.15742145277644423,resnet32,0.6451,0.6404,1.251328433525156,1.103848159567199,0.14748027360871097,resnet32,0.6502,0.641,1.2562435993247412,1.1093486222353848,0.14689497696235776,resnet32,0.6277,0.6338,1.312456075610085,1.1568690099838106,0.1555870653934438,resnet32,0.6412,0.627,1.334495522081852,1.180552560497414,0.15394296056844972,resnet32,0.6322,0.6282,1.3502975642173127,1.1838060824877836,0.1664914813273671,resnet32,0.6268,0.6162,1.3917520507662133,1.229287150654603,0.16246489972003142,resnet32,0.632,0.628,1.338860446841202,1.1847701261497356,0.1540903209560466,resnet32,0.626,0.625,1.3357533486559987,1.1814991720867427,0.15425417825198648,4500000.0,0.0,18000000.0,1170000000.0,14040000000.0
resnet32x12_cifar100_K12_topo-clusters2_seed0002_d011,d011,resnet32:12,cifar100,12,topology,topo-clusters2,peers,2,200,64,0.1,0.9,0.0005,True,0,60,0.1,1.0,1,,disagreement,1.0,1,0.0,0.5,weight,clusters:2,0.0,0.0,42,0,45000,5000,10000,5640048,65,0.010000000000000002,1,126.17,0.6352916666666667,0.008413625688264354,0.6215,0.6507,0.668,0.03270833333333334,0.6308666666666666,0.669,0.25115151515151524,0.7005738682430143,0.25481060606060607,0.7001772527909407,0.6352916666666667,resnet32,0.6507,0.638,1.278315107168799,1.1141402711245147,0.16417483520821075,resnet32,0.6395,0.6338,1.2984221012077548,1.1354816652495752,0.16294043583118104,resnet32,0.6431,0.64,1.2848957385021178,1.1232489326291464,0.16164680602113632,resnet32,0.6379,0.6396,1.2761810580268502,1.1132732013409787,0.1629078571303663,resnet32,0.6419,0.6442,1.2442248643968592,1.0889220976863394,0.15530276759950953,resnet32,0.6404,0.632,1.2457820343869654,1.0903456703844396,0.1554363624679602,resnet32,0.6372,0.6306,1.301878511143679,1.1410114120861345,0.16086710018994796,resnet32,0.6307,0.626,1.3272611545398831,1.1682176183570514,0.15904353485993025,resnet32,0.6299,0.6278,1.3376265359534458,1.165329601446336,0.17229693303604357,resnet32,0.6226,0.6156,1.385377905077555,1.2172521522945978,0.16812575106847694,resnet32,0.6215,0.6166,1.3283228476277806,1.1695112201639197,0.15881162869151344,resnet32,0.6281,0.6262,1.3217203180220993,1.163027149794454,0.15869316810064696,4500000.0,0.0,18000000.0,1188000000.0,14256000000.0
resnet32x12_cifar100_K12_topo-clusters2_seed0002_d011,d011,resnet32:12,cifar100,12,topology,topo-clusters2,peers,2,200,64,0.1,0.9,0.0005,True,0,60,0.1,1.0,1,,disagreement,1.0,1,0.0,0.5,weight,clusters:2,0.0,0.0,42,0,45000,5000,10000,5640048,66,0.010000000000000002,1,124.43,0.6433249999999999,0.007462475572265993,0.6253,0.6535,0.6791,0.03577500000000011,0.6393833333333333,0.6694,0.24500909090909087,0.7041210169160158,0.2519621212121211,0.6970898422064549,0.6433249999999999,resnet32,0.6471,0.6476,1.262906462462111,1.0927650853144852,0.17014137938068333,resnet32,0.6428,0.6402,1.2825123776935718,1.1142808279361238,0.1682315486038781,resnet32,0.6466,0.6316,1.2705405906520106,1.1024594350125303,0.16808115475049074,resnet32,0.6456,0.6464,1.2651526784862985,1.0964226095344534,0.16873006865551526,resnet32,0.6535,0.6494,1.2283889354968613,1.068660208193416,0.15972872625570744,resnet32,0.6535,0.651,1.232785116373138,1.0737920361994342,0.1589930811685256,resnet32,0.6473,0.6384,1.290542813356627,1.1216399087993936,0.1689029031179168,resnet32,0.6444,0.6308,1.3161751605062322,1.1495205929333514,0.16665456990118732,resnet32,0.6374,0.636,1.32604439844462,1.148398952727968,0.17764544464774767,resnet32,0.6253,0.6304,1.3704087347300216,1.1966051948680119,0.17380354115316135,resnet32,0.639,0.635,1.3162324191494421,1.1503685980357907,0.16586382290221413,resnet32,0.6374,0.6358,1.3135520973327486,1.147995367476886,0.16555672930553555,4500000.0,0.0,18000000.0,1206000000.0,14472000000.0
resnet32x12_cifar100_K12_topo-clusters2_seed0002_d011,d011,resnet32:12,cifar100,12,topology,topo-clusters2,peers,2,200,64,0.1,0.9,0.0005,True,0,60,0.1,1.0,1,,disagreement,1.0,1,0.0,0.5,weight,clusters:2,0.0,0.0,42,0,45000,5000,10000,5640048,67,0.010000000000000002,1,120.03,0.64055,0.0062954348539239055,0.6312,0.6524,0.6754,0.03485000000000005,0.6361500000000001,0.669,0.25642424242424233,0.6891055243980361,0.2598363636363637,0.690632388831031,0.64055,resnet32,0.6455,0.643,1.262367606671019,1.0861783424731006,0.176189264473082,resnet32,0.6388,0.6358,1.2798697376115755,1.105165136216039,0.17470460207286206,resnet32,0.6405,0.639,1.2723461824723266,1.0985930941321633,0.1737530872606757,resnet32,0.6476,0.6456,1.2612519766288726,1.0854064757851036,0.17584550031460822,resnet32,0.6524,0.6462,1.224877198988741,1.0580631021240896,0.16681409705514935,resnet32,0.6458,0.6432,1.2300425981256096,1.0636677966368469,0.16637479985894804,resnet32,0.6436,0.6436,1.2784354947507381,1.106328771026297,0.1721067235339433,resnet32,0.6361,0.63,1.3061699637804518,1.136031575246968,0.17013838944364001,resnet32,0.6389,0.6314,1.318661642684178,1.1349739703265103,0.18368767443197695,resnet32,0.6329,0.6254,1.366131747564809,1.1864879057657989,0.17964384316424417,resnet32,0.6333,0.6272,1.3096919069066644,1.1369278810241006,0.17276402555448425,resnet32,0.6312,0.6234,1.3065904038534923,1.1332581977105953,0.17333220506340943,4500000.0,0.0,18000000.0,1224000000.0,14688000000.0
resnet32x12_cifar100_K12_topo-clusters2_seed0002_d011,d011,resnet32:12,cifar100,12,topology,topo-clusters2,peers,2,200,64,0.1,0.9,0.0005,True,0,60,0.1,1.0,1,,disagreement,1.0,1,0.0,0.5,weight,clusters:2,0.0,0.0,42,0,45000,5000,10000,5640048,68,0.010000000000000002,1,116.34,0.6418,0.008534049449118536,0.6273,0.6559,0.6831,0.0413,0.6381666666666667,0.672,0.25993939393939397,0.6837633976605764,0.2647409090909091,0.676816370146353,0.6418,resnet32,0.6559,0.655,1.2622761095620014,1.0767432934689252,0.18553281379651956,resnet32,0.6458,0.6386,1.2813209064982154,1.09673533546315,0.1845855729294602,resnet32,0.6461,0.648,1.266164212487638,1.0856803165410052,0.1804838938088241,resnet32,0.6342,0.6338,1.2567688075148247,1.0756477821956982,0.18112102241932668,resnet32,0.6509,0.6414,1.2204444931650704,1.0488584400577978,0.17158605265219443,resnet32,0.6521,0.6384,1.2219868272712284,1.0508144919929856,0.17117233389184217,resnet32,0.6424,0.639,1.2769564598460088,1.0986179340292106,0.17833852556280114,resnet32,0.641,0.629,1.304175679995255,1.1270549054342238,0.1771207740001211,resnet32,0.6373,0.6436,1.3176532496952198,1.1284062228250233,0.1892470261822878,resnet32,0.6273,0.6254,1.3606654094024138,1.1750331746244973,0.18563223435458812,resnet32,0.6393,0.633,1.307466802695258,1.1287149103697052,0.17875189120373267,resnet32,0.6293,0.6328,1.3058924068781463,1.126887619749389,0.1790047858481888,4500000.0,0.0,18000000.0,1242000000.0,14904000000.0
resnet32x12_cifar100_K12_topo-clusters2_seed0002_d011,d011,resnet32:12,cifar100,12,topology,topo-clusters2,peers,2,200,64,0.1,0.9,0.0005,True,0,60,0.1,1.0,1,,disagreement,1.0,1,0.0,0.5,weight,clusters:2,0.0,0.0,42,0,45000,5000,10000,5640048,69,0.010000000000000002,1,123.9,0.6388916666666667,0.009400217934825898,0.623,0.653,0.6776,0.038708333333333234,0.6342666666666666,0.676,0.27360303030303035,0.6685595238638395,0.2724499999999999,0.6721653922707183,0.6388916666666667,resnet32,0.653,0.6518,1.2578173880888657,1.067034344442866,0.19078304279934277,resnet32,0.6406,0.6312,1.2803949593481692,1.0917727504433556,0.18862221067220988,resnet32,0.6375,0.6366,1.2677320958199827,1.0794463188133456,0.18828577648805964,resnet32,0.6427,0.6398,1.2594014153900472,1.0698344568637284,0.18956695775374433,resnet32,0.6503,0.6472,1.2235235677693377,1.0434461184353991,0.180077448698946,resnet32,0.6522,0.6454,1.2267870158803733,1.0467500966888936,0.1800369196783074,resnet32,0.6243,0.6264,1.2759398687630892,1.0883296921171925,0.18761017661414703,resnet32,0.6383,0.628,1.3095715856179595,1.1244678853757002,0.18510370186149058,resnet32,0.6315,0.619,1.3202906471084466,1.1228532884269953,0.19743735816287386,resnet32,0.623,0.622,1.3656121829355305,1.172250885516405,0.19336129673121666,resnet32,0.6381,0.633,1.3032218023118647,1.1175388416106051,0.18568296143150126,resnet32,0.6352,0.6308,1.303117137402296,1.1185897594656458,0.18452737846581097,4500000.0,0.0,18000000.0,1260000000.0,15120000000.0
resnet32x12_cifar100_K12_topo-clusters2_seed0002_d011,d011,resnet32:12,cifar100,12,topology,topo-clusters2,peers,2,200,64,0.1,0.9,0.0005,True,0,60,0.1,1.0,1,,disagreement,1.0,1,0.0,0.5,weight,clusters:2,0.0,0.0,42,0,45000,5000,10000,5640048,70,0.010000000000000002,1,125.05,0.6377916666666668,0.006368602454402565,0.6264,0.6467,0.6804,0.04260833333333325,0.6379333333333332,0.6792,0.26846060606060607,0.6755548596174819,0.2763757575757575,0.6676575444629116,0.6377916666666668,resnet32,0.6467,0.6532,1.2552715848115357,1.0601984187113969,0.19507316586730833,resnet32,0.6313,0.6342,1.2758964457633821,1.0823277124965733,0.19356873493895613,resnet32,0.6421,0.6354,1.265821386721324,1.0730514070865782,0.19276997974057766,resnet32,0.6408,0.6402,1.2571337459270249,1.0630166719413616,0.19411707318133928,resnet32,0.6439,0.6432,1.2219877068630673,1.0347819353707812,0.18720576935447752,resnet32,0.6444,0.6444,1.2255273817784407,1.0383768419481136,0.187150540380654,resnet32,0.6264,0.6258,1.2780072600157424,1.0865275174887343,0.19147974320433356,resnet32,0.6385,0.641,1.3004259440878576,1.1106133738701993,0.18981256831268017,resnet32,0.6392,0.638,1.3161557360806249,1.1151897908950394,0.2009659458205781,resnet32,0.6279,0.6346,1.3593082707375288,1.162352798421952,0.1969554720827463,resnet32,0.6329,0.6294,1.3038831762122838,1.1136403257365932,0.1902428522113372,resnet32,0.6394,0.6358,1.2988395999947733,1.1091693675314838,0.18967023196587848,4500000.0,0.0,18000000.0,1278000000.0,15336000000.0
resnet32x12_cifar100_K12_topo-clusters2_seed0002_d011,d011,resnet32:12,cifar100,12,topology,topo-clusters2,peers,2,200,64,0.1,0.9,0.0005,True,0,60,0.1,1.0,1,,disagreement,1.0,1,0.0,0.5,weight,clusters:2,0.0,0.0,42,0,45000,5000,10000,5640048,71,0.010000000000000002,1,126.67,0.6308166666666667,0.01608994682678873,0.5827,0.6525,0.6758,0.044983333333333264,0.6272166666666666,0.6734,0.2853424242424241,0.6633228142683947,0.2858439393939394,0.6600252609454705,0.6308166666666667,resnet32,0.6386,0.6352,1.256654269231314,1.0564147037538616,0.2002395639428869,resnet32,0.6239,0.6128,1.2742577069015666,1.075958670709621,0.1982990362766114,resnet32,0.6365,0.6342,1.2669113285162232,1.0677881148559125,0.19912321406247263,resnet32,0.633,0.6316,1.2594227613034574,1.0589061763814904,0.20051658648828213,resnet32,0.6525,0.6544,1.2190641084347258,1.0279261940582232,0.19113791547715664,resnet32,0.6433,0.6406,1.2220246018841863,1.031284586103125,0.19074001469099047,resnet32,0.6317,0.6288,1.2771878367797895,1.0820333165201275,0.19515451879917897,resnet32,0.6323,0.63,1.2993694959547033,1.105984651822258,0.19338484273546122,resnet32,0.6293,0.6242,1.3167788498950275,1.1092737061394886,0.20750514323696156,resnet32,0.5827,0.5786,1.359006946483119,1.1558969436552038,0.20311000460589473,resnet32,0.6314,0.6242,1.3035711552101104,1.1092966220934282,0.19427453354001045,resnet32,0.6346,0.632,1.2967334528538315,1.1026475454087963,0.19408590726512062,4500000.0,0.0,18000000.0,1296000000.0,15552000000.0
resnet32x12_cifar100_K12_topo-clusters2_seed0002_d011,d011,resnet32:12,cifar100,12,topology,topo-clusters2,peers,2,200,64,0.1,0.9,0.0005,True,0,60,0.1,1.0,1,,disagreement,1.0,1,0.0,0.5,weight,clusters:2,0.0,0.0,42,0,45000,5000,10000,5640048,72,0.010000000000000002,1,125.1,0.6216333333333334,0.011609789930150428,0.606,0.6472,0.664,0.042366666666666664,0.6179,0.6628,0.2881060606060606,0.6678147798528864,0.2906030303030303,0.6633208945897452,0.6216333333333334,resnet32,0.635,0.6332,1.264128302054649,1.0555850153958255,0.20854328742081468,resnet32,0.6205,0.6202,1.2825422369113022,1.0756196076558395,0.206922630419616,resnet32,0.6308,0.6198,1.2635771529749036,1.060811541805213,0.2027656122703444,resnet32,0.6205,0.6186,1.256768293509429,1.0522647301920436,0.20450356435454028,resnet32,0.6472,0.6422,1.2271272203123027,1.0307831172408028,0.19634410346307876,resnet32,0.6203,0.6204,1.2285722260448066,1.0329470376230099,0.1956251900621944,resnet32,0.6259,0.6176,1.2732358899136835,1.0729204881089656,0.20031540169888598,resnet32,0.6149,0.607,1.3016270953653888,1.1031599381769246,0.19846715784462338,resnet32,0.606,0.6098,1.3202662456950003,1.1088053241202778,0.21146091976499354,resnet32,0.6086,0.6044,1.3636154054071417,1.1560016968710856,0.20761371029286899,resnet32,0.6069,0.6018,1.3084604065357284,1.1059084647250446,0.20255194352516395,resnet32,0.623,0.6198,1.3038262452252887,1.1013836654072457,0.2024425796698779,4500000.0,0.0,18000000.0,1314000000.0,15768000000.0
resnet32x12_cifar100_K12_topo-clusters2_seed0002_d011,d011,resnet32:12,cifar100,12,topology,topo-clusters2,peers,2,200,64,0.1,0.9,0.0005,True,0,60,0.1,1.0,1,,disagreement,1.0,1,0.0,0.5,weight,clusters:2,0.0,0.0,42,0,45000,5000,10000,5640048,73,0.010000000000000002,1,127.12,0.636775,0.010186602721221622,0.6175,0.6511,0.6808,0.04402499999999998,0.6322666666666666,0.68,0.28071515151515153,0.6573751347211613,0.27884393939393937,0.6624308998748041,0.636775,resnet32,0.6486,0.6422,1.2596987229348584,1.0480763900347732,0.2116223320957612,resnet32,0.6394,0.6378,1.2776261724700981,1.0672683714973656,0.21035780112089758,resnet32,0.64,0.6366,1.266243211586367,1.0550244833258065,0.2112187284933911,resnet32,0.6448,0.644,1.2613686305386098,1.049367932094769,0.2120006979146803,resnet32,0.6441,0.6408,1.2252794002944773,1.0231046394699,0.2021747614172372,resnet32,0.6511,0.6468,1.2282819890163161,1.0272871741009029,0.20099481453441762,resnet32,0.6354,0.6284,1.2742448637092656,1.069230503487316,0.20501435827463865,resnet32,0.6303,0.6214,1.2966511028564789,1.0933862253176896,0.20326487770812077,resnet32,0.6418,0.63,1.3191035458479414,1.1033599926158786,0.21574355462904682,resnet32,0.6175,0.6088,1.3534701898355375,1.1419244460253553,0.21154574592682449,resnet32,0.6258,0.6262,1.3028341638432308,1.0955883945253762,0.2072457728103142,resnet32,0.6225,0.6242,1.2997830403460697,1.0935032861307263,0.20627975288185885,4500000.0,0.0,18000000.0,1332000000.0,15984000000.0
resnet32x12_cifar100_K12_topo-clusters2_seed0002_d011,d011,resnet32:12,cifar100,12,topology,topo-clusters2,peers,2,200,64,0.1,0.9,0.0005,True,0,60,0.1,1.0,1,,disagreement,1.0,1,0.0,0.5,weight,clusters:2,0.0,0.0,42,0,45000,5000,10000,5640048,74,0.010000000000000002,1,126.08,0.6229916666666667,0.011355061891313302,0.6008,0.6399,0.6701,0.04710833333333331,0.6179500000000001,0.6638,0.3024818181818182,0.6453944846577253,0.30201060606060603,0.6508330579364326,0.6229916666666667,resnet32,0.6364,0.6322,1.2538318562914024,1.0393056945705956,0.21452615968883038,resnet32,0.6092,0.5988,1.274887352335182,1.062553732994605,0.21233361986973745,resnet32,0.6184,0.6118,1.262241437946531,1.0512745672498236,0.21096687073904005,resnet32,0.6173,0.6134,1.2543058772148057,1.04170574484901,0.21260013181546872,resnet32,0.6008,0.5966,1.225648291578347,1.0202224280854517,0.20542586453004993,resnet32,0.6399,0.6372,1.224579685875638,1.0190148693086072,0.2055648158685389,resnet32,0.6325,0.6284,1.2758066199550575,1.0650538330559025,0.2107527849306776,resnet32,0.6325,0.6258,1.3015041393651203,1.0923395772379907,0.20916456430727107,resnet32,0.6272,0.6184,1.3139264028180728,1.0945860034870831,0.21934039719318124,resnet32,0.6179,0.6122,1.3606415993788026,1.1461917652155866,0.21444983348589053,resnet32,0.6296,0.626,1.303257800300013,1.0947257105938413,0.2085320878435265,resnet32,0.6142,0.6146,1.2921561098403551,1.083376786925576,0.20877932338044047,4500000.0,0.0,18000000.0,1350000000.0,16200000000.0
resnet32x12_cifar100_K12_topo-clusters2_seed0002_d011,d011,resnet32:12,cifar100,12,topology,topo-clusters2,peers,2,200,64,0.1,0.9,0.0005,True,0,60,0.1,1.0,1,,disagreement,1.0,1,0.0,0.5,weight,clusters:2,0.0,0.0,42,0,45000,5000,10000,5640048,75,0.010000000000000002,1,118.15,0.6325583333333334,0.009436494611642372,0.6129,0.6448,0.6792,0.04664166666666658,0.6284166666666666,0.6772,0.2883848484848486,0.6474798670012741,0.2866575757575757,0.6546381569949058,0.6325583333333334,resnet32,0.6415,0.6346,1.2636982807042925,1.0451719132675366,0.21852636595510624,resnet32,0.6363,0.632,1.2813899102197452,1.0639833818951792,0.21740652752024206,resnet32,0.625,0.6294,1.2716648988425732,1.0560708581046625,0.21559404042041438,resnet32,0.6376,0.6372,1.2641369377008893,1.0475869558920914,0.2165499810573899,resnet32,0.6431,0.6368,1.2314552022144198,1.0227540347047828,0.20870116628198462,resnet32,0.6448,0.6396,1.2337069922888821,1.025150660002096,0.20855633353560485,resnet32,0.6417,0.6372,1.2783814690668474,1.0632449048994617,0.21513656398747116,resnet32,0.6311,0.628,1.3145569666204127,1.102361256426031,0.21219570896672932,resnet32,0.6284,0.6202,1.3236240065571936,1.1011426304043694,0.2224813768513162,resnet32,0.6238,0.617,1.3647110093892976,1.1465867179530589,0.21812429192306643,resnet32,0.6129,0.6048,1.3144166566092859,1.1001282810148867,0.2142883744725788,resnet32,0.6245,0.6242,1.304581152444536,1.090119232592935,0.21446192224340682,4500000.0,0.0,18000000.0,1368000000.0,16416000000.0
resnet32x12_cifar100_K12_topo-clusters2_seed0002_d011,d011,resnet32:12,cifar100,12,topology,topo-clusters2,peers,2,200,64,0.1,0.9,0.0005,True,0,60,0.1,1.0,1,,disagreement,1.0,1,0.0,0.5,weight,clusters:2,0.0,0.0,42,0,45000,5000,10000,5640048,76,0.010000000000000002,1,114.94,0.6342833333333334,0.008896706631607512,0.6143,0.6459,0.6844,0.05011666666666659,0.6326833333333334,0.678,0.28816363636363634,0.6542851159880776,0.29053636363636365,0.6504537171830919,0.6342833333333334,resnet32,0.6351,0.6458,1.2550738023763353,1.033773458647457,0.221300343263217,resnet32,0.6422,0.6428,1.2746573265811258,1.0548070450736717,0.21985027869232,resnet32,0.6356,0.638,1.268454398451881,1.0480466030368751,0.22040779640982774,resnet32,0.6459,0.6408,1.2560157277198,1.033753314394165,0.222262410023673,resnet32,0.6414,0.6404,1.2261349527503957,1.011790864592926,0.21434408661232077,resnet32,0.643,0.6434,1.2263185184618288,1.0131700299680233,0.21314848754131657,resnet32,0.6393,0.6302,1.271842904304239,1.0546961987221783,0.21714670524339785,resnet32,0.6336,0.6278,1.2983809801834552,1.0832877408882433,0.21509324143302033,resnet32,0.6309,0.6332,1.315841092812744,1.0882243948395958,0.22761669968762857,resnet32,0.6143,0.6142,1.358385064385154,1.1352862200107088,0.22309884530576793,resnet32,0.6279,0.6218,1.305655239742588,1.0884218922054225,0.2172333468386734,resnet32,0.6222,0.6138,1.2982595430009745,1.0816669094968925,0.21659263195893305,4500000.0,0.0,18000000.0,1386000000.0,16632000000.0
resnet32x12_cifar100_K12_topo-clusters2_seed0002_d011,d011,resnet32:12,cifar100,12,topology,topo-clusters2,peers,2,200,64,0.1,0.9,0.0005,True,0,60,0.1,1.0,1,,disagreement,1.0,1,0.0,0.5,weight,clusters:2,0.0,0.0,42,0,45000,5000,10000,5640048,77,0.010000000000000002,1,105.0,0.6378750000000001,0.007922134076960166,0.6254,0.6485,0.6863,0.04842499999999994,0.6323499999999999,0.6818,0.2893303030303031,0.6501318398189798,0.2871303030303032,0.6509783269876722,0.6378750000000001,resnet32,0.6431,0.6364,1.2574665574356914,1.0328203348273581,0.22464622389948505,resnet32,0.6433,0.635,1.2758054591884667,1.052856050770391,0.22294940977272662,resnet32,0.6417,0.639,1.261364080181176,1.038967164995318,0.22239691361954267,resnet32,0.6485,0.6454,1.2603976826437495,1.0369977670806376,0.22339991611343893,resnet32,0.648,0.6424,1.227792261083695,1.0112287170169028,0.21656354465945202,resnet32,0.6427,0.6336,1.2265886950560592,1.0104980768466538,0.2160906183152375,resnet32,0.6402,0.628,1.2726048966023056,1.0520203687589278,0.2205845250705765,resnet32,0.6365,0.622,1.303745936856351,1.0867312098429962,0.21701472661119292,resnet32,0.6264,0.6262,1.3169430940496651,1.0883266958831386,0.22861639681187543,resnet32,0.6254,0.6198,1.359569180587476,1.1352162462743847,0.2243529369165613,resnet32,0.6281,0.6254,1.304736520925706,1.083864562467418,0.2208719585852867,resnet32,0.6306,0.635,1.3012263506481594,1.080383898097683,0.22084245263514193,4500000.0,0.0,18000000.0,1404000000.0,16848000000.0
resnet32x12_cifar100_K12_topo-clusters2_seed0002_d011,d011,resnet32:12,cifar100,12,topology,topo-clusters2,peers,2,200,64,0.1,0.9,0.0005,True,0,60,0.1,1.0,1,,disagreement,1.0,1,0.0,0.5,weight,clusters:2,0.0,0.0,42,0,45000,5000,10000,5640048,78,0.010000000000000002,1,105.27,0.6369166666666667,0.007239916359246776,0.6223,0.6471,0.6868,0.04988333333333328,0.6342166666666667,0.6912,0.29575757575757583,0.6410614506435367,0.2956439393939395,0.6457148791343094,0.6369166666666667,resnet32,0.6471,0.6424,1.2605232396586374,1.0315069751814008,0.2290162669748745,resnet32,0.6413,0.6402,1.2784042344851927,1.0511794008991935,0.2272248325065117,resnet32,0.6378,0.6374,1.266756349412555,1.040834254754538,0.22592209493318063,resnet32,0.646,0.6438,1.2595138080756774,1.0324109073897654,0.22710290210406212,resnet32,0.6404,0.6328,1.2252656209536574,1.0062467397444628,0.21901888090228153,resnet32,0.6391,0.64,1.2293122423474083,1.0111617208035155,0.21815052173439076,resnet32,0.6427,0.6398,1.2740225343203002,1.0493502234193413,0.22467231039296498,resnet32,0.6349,0.6304,1.3050277385522018,1.0833156950433145,0.22171204190023922,resnet32,0.6341,0.6318,1.3228838615627452,1.0884475247426466,0.234436335592446,resnet32,0.6223,0.6256,1.3597947428510948,1.1296438104049726,0.23015093301761558,resnet32,0.6264,0.6232,1.3074248096143657,1.0858730166642503,0.22155179288661617,resnet32,0.6309,0.6232,1.3004024013538251,1.0785617340694775,0.22184066802517258,4500000.0,0.0,18000000.0,1422000000.0,17064000000.0
resnet32x12_cifar100_K12_topo-clusters2_seed0002_d011,d011,resnet32:12,cifar100,12,topology,topo-clusters2,peers,2,200,64,0.1,0.9,0.0005,True,0,60,0.1,1.0,1,,disagreement,1.0,1,0.0,0.5,weight,clusters:2,0.0,0.0,42,0,45000,5000,10000,5640048,79,0.010000000000000002,1,105.04,0.626975,0.010141098313299197,0.6035,0.6404,0.6778,0.05082500000000001,0.6184666666666666,0.6726,0.2990818181818184,0.6451599472430936,0.30013636363636353,0.6443882715665831,0.626975,resnet32,0.6385,0.635,1.2633742189712145,1.0306958363984118,0.23267838327129456,resnet32,0.6226,0.6078,1.2805779727853157,1.0492612273347648,0.23131674312224443,resnet32,0.6288,0.6188,1.2697466493330218,1.0376820160414686,0.23206463221206583,resnet32,0.6319,0.6218,1.2672728158702904,1.0340091489594092,0.23326366756704042,resnet32,0.6354,0.6276,1.2264577022499659,1.0038657659156756,0.22259193373082037,resnet32,0.6404,0.6336,1.2359195015477864,1.014457444321703,0.22146205796690827,resnet32,0.6244,0.6152,1.2784826080738143,1.050022817386145,0.22845978994684463,resnet32,0.6346,0.6182,1.3044867713681676,1.0788133600726724,0.22567341082983397,resnet32,0.6154,0.615,1.3243486363948747,1.0881045717238025,0.23624406312592328,resnet32,0.6198,0.6066,1.36158320536329,1.129945240237496,0.23163796597245065,resnet32,0.6284,0.6216,1.312586505135352,1.0863194463943893,0.22626705907962538,resnet32,0.6035,0.6004,1.3019824538549238,1.0758600385690278,0.22612241557164287,4500000.0,0.0,18000000.0,1440000000.0,17280000000.0
resnet32x12_cifar100_K12_topo-clusters2_seed0002_d011,d011,resnet32:12,cifar100,12,topology,topo-clusters2,peers,2,200,64,0.1,0.9,0.0005,True,0,60,0.1,1.0,1,,disagreement,1.0,1,0.0,0.5,weight,clusters:2,0.0,0.0,42,0,45000,5000,10000,5640048,80,0.010000000000000002,1,113.38,0.6387916666666666,0.008125111110351378,0.6226,0.6542,0.6876,0.04880833333333334,0.6344666666666666,0.6814,0.2895666666666666,0.6469040225098833,0.2901833333333333,0.647794735193355,0.6387916666666666,resnet32,0.6435,0.6402,1.2624165309931745,1.0284602066332644,0.23395632675171577,resnet32,0.6396,0.6378,1.2836624640463428,1.0521322626789862,0.23153020030903546,resnet32,0.6417,0.6432,1.2710279316895388,1.0398098543624987,0.23121807715770873,resnet32,0.639,0.638,1.2649755266241052,1.0329127572476864,0.2320627688790079,resnet32,0.6494,0.6438,1.226508335972374,1.0006533704528755,0.22585496477867392,resnet32,0.6542,0.6464,1.2349695824086666,1.0099055039781062,0.2250640777744014,resnet32,0.6362,0.6372,1.2809434227476066,1.0511236854574897,0.22981973716311835,resnet32,0.6367,0.6296,1.3064214849675244,1.079021666452966,0.2273998191707175,resnet32,0.6342,0.62,1.3225473325530237,1.0833791559562087,0.23916817547499455,resnet32,0.6226,0.6176,1.3676088098436594,1.1334084881977602,0.2342003241647035,resnet32,0.6403,0.6384,1.3103386077352546,1.0810126727446914,0.22932593617588282,resnet32,0.6281,0.6214,1.304212365638126,1.0742994283579967,0.22991293922744013,4500000.0,0.0,18000000.0,1458000000.0,17496000000.0
resnet32x12_cifar100_K12_topo-clusters2_seed0002_d011,d011,resnet32:12,cifar100,12,topology,topo-clusters2,peers,2,200,64,0.1,0.9,0.0005,True,0,60,0.1,1.0,1,,disagreement,1.0,1,0.0,0.5,weight,clusters:2,0.0,0.0,42,0,45000,5000,10000,5640048,81,0.010000000000000002,1,112.48,0.62965,0.011211266654575659,0.6016,0.6437,0.6797,0.05004999999999993,0.62385,0.6738,0.29522727272727267,0.6454174787553906,0.299619696969697,0.6426573540249026,0.62965,resnet32,0.6371,0.6284,1.258103277618912,1.0214600704441017,0.23664320711131123,resnet32,0.6312,0.6232,1.2810249574143777,1.0467624999582767,0.23426245802759446,resnet32,0.6437,0.6402,1.2707480320876294,1.0362961513244293,0.2344518825835125,resnet32,0.6331,0.6302,1.2628139034760268,1.0266365921124816,0.2361773121043701,resnet32,0.641,0.6362,1.2316301945088939,1.0008279031819918,0.23080229103057223,resnet32,0.6397,0.6366,1.233035354113037,1.002861295318739,0.23017405801114033,resnet32,0.6195,0.6152,1.272529816593636,1.0400036989965222,0.2325261184861037,resnet32,0.6301,0.6196,1.3044897868213328,1.0741488892923703,0.23034089678813788,resnet32,0.6334,0.6274,1.320161521434784,1.079215019094673,0.24094650075262922,resnet32,0.6016,0.6022,1.3631617150015451,1.1271938371726058,0.23596787880259482,resnet32,0.6204,0.6102,1.3078468745913019,1.0761494294486262,0.2316974439573559,resnet32,0.625,0.6168,1.304933162406087,1.0728753641755744,0.232057798251679,4500000.0,0.0,18000000.0,1476000000.0,17712000000.0
resnet32x12_cifar100_K12_topo-clusters2_seed0002_d011,d011,resnet32:12,cifar100,12,topology,topo-clusters2,peers,2,200,64,0.1,0.9,0.0005,True,0,60,0.1,1.0,1,,disagreement,1.0,1,0.0,0.5,weight,clusters:2,0.0,0.0,42,0,45000,5000,10000,5640048,82,0.010000000000000002,1,106.54,0.62905,0.011587097709665402,0.6054,0.6501,0.6797,0.05064999999999997,0.6220500000000001,0.6708,0.30172424242424245,0.6457685216640432,0.3022242424242424,0.6392490592836056,0.62905,resnet32,0.6338,0.627,1.2657027379186316,1.0280353597957979,0.23766737676818261,resnet32,0.6171,0.613,1.2803175882859663,1.0436767061156305,0.23664088242433287,resnet32,0.6187,0.6136,1.2780564880337228,1.0384131355888464,0.23964335170405154,resnet32,0.6337,0.616,1.2728224845433778,1.0332163253968412,0.23960616122084585,resnet32,0.6336,0.6342,1.2353364838795229,1.00400017447431,0.23133630968037655,resnet32,0.6501,0.6446,1.2427329760552808,1.012804069810293,0.22992890764197166,resnet32,0.6385,0.6326,1.284779084423049,1.0473103107545862,0.23746877345679837,resnet32,0.6181,0.6026,1.313090204599906,1.077339650385759,0.2357505533463237,resnet32,0.6286,0.6234,1.3257562894035468,1.0812187914482572,0.24453749708746644,resnet32,0.6054,0.5974,1.368875736286017,1.1288889108903029,0.23998682594604112,resnet32,0.6347,0.6296,1.3149773290550166,1.0794187033210287,0.23555862340568143,resnet32,0.6363,0.6306,1.3156365786933086,1.0805621195415205,0.2350744573314759,4500000.0,0.0,18000000.0,1494000000.0,17928000000.0
resnet32x12_cifar100_K12_topo-clusters2_seed0002_d011,d011,resnet32:12,cifar100,12,topology,topo-clusters2,peers,2,200,64,0.1,0.9,0.0005,True,0,60,0.1,1.0,1,,disagreement,1.0,1,0.0,0.5,weight,clusters:2,0.0,0.0,42,0,45000,5000,10000,5640048,83,0.010000000000000002,1,123.29,0.6350083333333334,0.005912621856860316,0.6222,0.6451,0.6831,0.048091666666666644,0.6319499999999999,0.6848,0.2887060606060606,0.6461908369046976,0.2928772727272727,0.6451750961039807,0.6350083333333334,resnet32,0.6346,0.6388,1.2569897919893265,1.0200632472776554,0.23692654684947972,resnet32,0.6421,0.6452,1.2710420618849723,1.0352603967555545,0.23578166352076965,resnet32,0.6303,0.6264,1.267606252635067,1.029802662574432,0.23780358900231394,resnet32,0.6402,0.6368,1.2617233420976184,1.0226483229039744,0.23907501904547893,resnet32,0.6355,0.6286,1.230006757107648,0.998511166989126,0.23149559043601833,resnet32,0.6451,0.6306,1.2327476330948146,1.001066778363152,0.23168085356750948,resnet32,0.6368,0.633,1.2728677564723925,1.0380461389537563,0.23482161732813853,resnet32,0.6355,0.6304,1.3007335120134733,1.0676617602055722,0.23307175455953588,resnet32,0.6329,0.6294,1.3196259915659374,1.0734475431117145,0.24617844851772216,resnet32,0.6222,0.6254,1.358346544629471,1.116697920994325,0.241648621391505,resnet32,0.6284,0.6298,1.3059112222187899,1.0724298413842916,0.23348138155415654,resnet32,0.6365,0.629,1.2990801932967522,1.0653353275900537,0.23374486521987076,4500000.0,0.0,18000000.0,1512000000.0,18144000000.0
resnet32x12_cifar100_K12_topo-clusters2_seed0002_d011,d011,resnet32:12,cifar100,12,topology,topo-clusters2,peers,2,200,64,0.1,0.9,0.0005,True,0,60,0.1,1.0,1,,disagreement,1.0,1,0.0,0.5,weight,clusters:2,0.0,0.0,42,0,45000,5000,10000,5640048,84,0.010000000000000002,1,127.73,0.6350166666666667,0.007048739051931366,0.6209,0.6481,0.6847,0.0496833333333333,0.6289666666666666,0.6742,0.2923363636363636,0.6513385230129893,0.29625454545454555,0.6437682092050888,0.6350166666666667,resnet32,0.6399,0.6332,1.2627995362166653,1.0172653056850487,0.24553422703915698,resnet32,0.6243,0.6206,1.2823258120227943,1.0388855444775387,0.2434402687305754,resnet32,0.6316,0.6254,1.2698796203529292,1.0310761197893457,0.23880350179123608,resnet32,0.635,0.6342,1.262514433230866,1.0222991500896486,0.24021528151140295,resnet32,0.6481,0.6362,1.2302385340868072,0.9943459962748669,0.23589253607629376,resnet32,0.6351,0.6258,1.235077192498879,1.0001022926616399,0.23497490189038217,resnet32,0.6391,0.6316,1.272393817759373,1.0361937184564092,0.23620009777898138,resnet32,0.6421,0.6346,1.300019846721129,1.0655693478712982,0.2344504986170002,resnet32,0.6369,0.6324,1.3138106538152152,1.0682585531507025,0.2455520993521945,resnet32,0.6209,0.6202,1.3543328843502835,1.1136051298711787,0.2407277542674406,resnet32,0.6343,0.6264,1.3089752660386942,1.0685834047299894,0.24039185953072525,resnet32,0.6329,0.627,1.3038616155866871,1.0633588245307857,0.24050279179672626,4500000.0,0.0,18000000.0,1530000000.0,18360000000.0
resnet32x12_cifar100_K12_topo-clusters2_seed0002_d011,d011,resnet32:12,cifar100,12,topology,topo-clusters2,peers,2,200,64,0.1,0.9,0.0005,True,0,60,0.1,1.0,1,,disagreement,1.0,1,0.0,0.5,weight,clusters:2,0.0,0.0,42,0,45000,5000,10000,5640048,85,0.010000000000000002,1,127.44,0.625575,0.006641175222303162,0.6139,0.6387,0.6795,0.053925,0.6239666666666667,0.6806,0.3039757575757576,0.6340158190359755,0.30716666666666675,0.6320178769183084,0.625575,resnet32,0.632,0.633,1.2618670066479931,1.0167339288375594,0.24513307738710532,resnet32,0.6257,0.6278,1.277454726990651,1.0347600645301016,0.24269466315904123,resnet32,0.6276,0.6268,1.2697850525040517,1.0300869989970869,0.23969805194064975,resnet32,0.6281,0.6272,1.2560704056681558,1.0135290304368192,0.2425413764166561,resnet32,0.6314,0.6282,1.2245721220970154,0.9896818452768705,0.23489027696830983,resnet32,0.6387,0.6302,1.2326412868940018,0.9989405197345398,0.23370076663030143,resnet32,0.6244,0.629,1.2708329172296957,1.030917189168659,0.23991572818803517,resnet32,0.6162,0.6106,1.299647675403817,1.062489265830002,0.23715840851549397,resnet32,0.6245,0.6174,1.3155711401592602,1.0670602156526663,0.24851092310960998,resnet32,0.6139,0.6218,1.3538843749768354,1.1101386378603904,0.24374573576179417,resnet32,0.6189,0.6214,1.3011132376268506,1.0628099844536998,0.23830325395630841,resnet32,0.6255,0.6142,1.295012603344565,1.056919314221225,0.23809329030865972,4500000.0,0.0,18000000.0,1548000000.0,18576000000.0
resnet32x12_cifar100_K12_topo-clusters2_seed0002_d011,d011,resnet32:12,cifar100,12,topology,topo-clusters2,peers,2,200,64,0.1,0.9,0.0005,True,0,60,0.1,1.0,1,,disagreement,1.0,1,0.0,0.5,weight,clusters:2,0.0,0.0,42,0,45000,5000,10000,5640048,86,0.010000000000000002,1,125.26,0.6311333333333334,0.006659621277186536,0.616,0.6404,0.6841,0.052966666666666606,0.6253333333333334,0.6752,0.3011030303030302,0.6427122064719181,0.3016742424242424,0.637916837829054,0.6311333333333334,resnet32,0.64,0.6284,1.2639358677816661,1.0163183142854408,0.24761755267073485,resnet32,0.6265,0.6256,1.2814180807803164,1.0354069522158666,0.24601112693463537,resnet32,0.6305,0.6138,1.2753537942401387,1.0295724523338405,0.24578134408643978,resnet32,0.6404,0.6478,1.2634050894359297,1.0159021345051853,0.24750295423225246,resnet32,0.636,0.6314,1.2302730501714079,0.9896653343669393,0.2406077169474553,resnet32,0.6357,0.6212,1.23619680555368,0.9964388673278418,0.23975793843750248,resnet32,0.616,0.6046,1.271823469718749,1.0277703475545754,0.244053122587502,resnet32,0.6349,0.6302,1.3038504169407217,1.06301612212238,0.2408342946913432,resnet32,0.6269,0.621,1.3178558335216208,1.0662207789719105,0.251635054232214,resnet32,0.6268,0.6362,1.3631881370463155,1.1162945602766492,0.2468935766426677,resnet32,0.6269,0.6208,1.3117418486455625,1.0684202036566355,0.24332164657640865,resnet32,0.633,0.623,1.3012131853875788,1.0570527143268422,0.24416047099723734,4500000.0,0.0,18000000.0,1566000000.0,18792000000.0
resnet32x12_cifar100_K12_topo-clusters2_seed0002_d011,d011,resnet32:12,cifar100,12,topology,topo-clusters2,peers,2,200,64,0.1,0.9,0.0005,True,0,60,0.1,1.0,1,,disagreement,1.0,1,0.0,0.5,weight,clusters:2,0.0,0.0,42,0,45000,5000,10000,5640048,87,0.010000000000000002,1,127.39,0.6270000000000001,0.009739267597377822,0.6112,0.6437,0.681,0.05399999999999994,0.6205166666666667,0.6726,0.30841818181818187,0.632807265851014,0.310801515151515,0.6239070962929483,0.6270000000000001,resnet32,0.6266,0.6238,1.2602569786831737,1.0136532805521379,0.2466036967340518,resnet32,0.6235,0.6168,1.2713329847055403,1.0260932048444042,0.24523977988230233,resnet32,0.6156,0.6172,1.2650503681295298,1.02102734783495,0.24402302016758107,resnet32,0.6286,0.6162,1.2538101951676337,1.0087238649245014,0.24508632969280536,resnet32,0.6384,0.631,1.22929444629699,0.9883116628466682,0.240982784868472,resnet32,0.6437,0.6348,1.2322960069233722,0.9921362830156629,0.24015972196039828,resnet32,0.6326,0.6292,1.2699753358452157,1.0261395019902424,0.24383583292365074,resnet32,0.613,0.6092,1.3029042602601377,1.062593893740665,0.24031036501665684,resnet32,0.6233,0.6186,1.3148255277933045,1.0641525141386823,0.2506730148399418,resnet32,0.6112,0.6032,1.354988956569948,1.108897354453802,0.24609160298396918,resnet32,0.6326,0.6188,1.3115903797813437,1.0678905106403611,0.24369986924681475,resnet32,0.6349,0.6274,1.3013543163172223,1.0579254305498167,0.24342888756655157,4500000.0,0.0,18000000.0,1584000000.0,19008000000.0
resnet32x12_cifar100_K12_topo-clusters2_seed0002_d011,d011,resnet32:12,cifar100,12,topology,topo-clusters2,peers,2,200,64,0.1,0.9,0.0005,True,0,60,0.1,1.0,1,,disagreement,1.0,1,0.0,0.5,weight,clusters:2,0.0,0.0,42,0,45000,5000,10000,5640048,88,0.010000000000000002,1,125.61,0.6390333333333333,0.008482858532881995,0.6217,0.655,0.693,0.05396666666666661,0.6349833333333333,0.69,0.2981757575757576,0.632171963174108,0.3002378787878787,0.6316907511322151,0.6390333333333333,resnet32,0.6438,0.6366,1.2555118597705255,1.0046630572019652,0.2508488020817326,resnet32,0.644,0.6416,1.2750170487402515,1.0259120330553164,0.24910501644692637,resnet32,0.6433,0.6356,1.2654574576087974,1.0186238465830684,0.2468336111738939,resnet32,0.6438,0.6422,1.2601131988181309,1.011793815700168,0.24831938445144755,resnet32,0.655,0.6548,1.2220738227055832,0.9817730035124854,0.24030082145790485,resnet32,0.6464,0.642,1.2298958076333457,0.9896395733918656,0.24025623496113854,resnet32,0.6395,0.6384,1.2709105803885243,1.024002721617845,0.2469078602523289,resnet32,0.6346,0.6208,1.302659428678453,1.0585270309820771,0.2441323981408707,resnet32,0.6313,0.6298,1.3098409610207786,1.0570989113978364,0.25274204958060925,resnet32,0.632,0.6278,1.35215399609032,1.104612354866483,0.24754164535128934,resnet32,0.6217,0.6206,1.3018974479795857,1.0582308060574261,0.24366663959385318,resnet32,0.633,0.6296,1.2942276840013536,1.0500897092067383,0.24413797454061834,4500000.0,0.0,18000000.0,1602000000.0,19224000000.0
resnet32x12_cifar100_K12_topo-clusters2_seed0002_d011,d011,resnet32:12,cifar100,12,topology,topo-clusters2,peers,2,200,64,0.1,0.9,0.0005,True,0,60,0.1,1.0,1,,disagreement,1.0,1,0.0,0.5,weight,clusters:2,0.0,0.0,42,0,45000,5000,10000,5640048,89,0.010000000000000002,1,126.83,0.6260083333333333,0.010493367614302335,0.6109,0.6471,0.6811,0.05509166666666676,0.6198666666666667,0.6746,0.3080424242424242,0.6301403046866495,0.30738939393939396,0.6369084710075548,0.6260083333333333,resnet32,0.6109,0.6074,1.2543781658803874,1.0047198295254598,0.24965833506377583,resnet32,0.6384,0.6292,1.2672215222635053,1.018960937264968,0.24826058381321756,resnet32,0.6389,0.628,1.2617039863358845,1.0157262781126932,0.2459777090063488,resnet32,0.617,0.6218,1.2510589440776543,1.0030129562894052,0.24804598814807832,resnet32,0.6271,0.623,1.2192564161325044,0.9785033803094517,0.24075303520922633,resnet32,0.6471,0.6368,1.2267096043479713,0.9859194649722088,0.24079014047641645,resnet32,0.624,0.6168,1.2716156754812056,1.0248284042728217,0.2467872733885253,resnet32,0.6286,0.6176,1.2982619596137241,1.0536512523381547,0.24461070812222632,resnet32,0.6141,0.6052,1.311635748652572,1.057725234888494,0.25391051416624,resnet32,0.6184,0.6206,1.3512514241209084,1.1024801589717919,0.24877126248214732,resnet32,0.6202,0.6112,1.3023442225530744,1.0566023204644972,0.24574190443804997,resnet32,0.6274,0.6208,1.2964539610018784,1.0513054683635181,0.24514849376018075,4500000.0,0.0,18000000.0,1620000000.0,19440000000.0
resnet32x12_cifar100_K12_topo-clusters2_seed0002_d011,d011,resnet32:12,cifar100,12,topology,topo-clusters2,peers,2,200,64,0.1,0.9,0.0005,True,0,60,0.1,1.0,1,,disagreement,1.0,1,0.0,0.5,weight,clusters:2,0.0,0.0,42,0,45000,5000,10000,5640048,90,0.010000000000000002,1,124.47,0.63015,0.011318973746177996,0.6033,0.6486,0.6886,0.05845,0.6274333333333333,0.6846,0.3148000000000001,0.6177832074246271,0.31725303030303026,0.6229227165454378,0.63015,resnet32,0.6486,0.6408,1.246871500868689,0.9960699475963007,0.2508015535052188,resnet32,0.6033,0.5976,1.2626771115782587,1.0139216571538285,0.24875545580024747,resnet32,0.6301,0.6292,1.2605007317086512,1.0109416105869142,0.24955912182022902,resnet32,0.633,0.631,1.2571990489959717,1.0066031092269854,0.25059593898582866,resnet32,0.6428,0.6446,1.2177682032977992,0.9765398567542434,0.24122834592972967,resnet32,0.6368,0.6308,1.2167950568043373,0.9765799793160774,0.2402150775729255,resnet32,0.6383,0.636,1.2636251325973056,1.0149139370769262,0.24871119395406407,resnet32,0.6185,0.621,1.2929229906506159,1.0473704058676958,0.24555258389393037,resnet32,0.6228,0.619,1.3040537767281586,1.0519346128302542,0.2521191633475775,resnet32,0.6274,0.625,1.343556773764166,1.0967805663293058,0.24677620641887188,resnet32,0.6301,0.6336,1.2926882539283147,1.0463473481041463,0.24634090664965863,resnet32,0.6301,0.6206,1.2901157341389493,1.0436080471527847,0.246507687557658,4500000.0,0.0,18000000.0,1638000000.0,19656000000.0
resnet32x12_cifar100_K12_topo-clusters2_seed0002_d011,d011,resnet32:12,cifar100,12,topology,topo-clusters2,peers,2,200,64,0.1,0.9,0.0005,True,0,60,0.1,1.0,1,,disagreement,1.0,1,0.0,0.5,weight,clusters:2,0.0,0.0,42,0,45000,5000,10000,5640048,91,0.010000000000000002,1,125.24,0.6352833333333333,0.007637280638784707,0.6172,0.6508,0.6877,0.05241666666666667,0.63345,0.686,0.3013727272727273,0.6314328092946575,0.3033560606060607,0.6327967504358324,0.6352833333333333,resnet32,0.6396,0.6402,1.2519584345546635,0.9974428732794794,0.25451556171967904,resnet32,0.637,0.6372,1.2679599788547917,1.0151331930167296,0.25282678533006797,resnet32,0.6381,0.6362,1.2585418962619521,1.009212694638832,0.24932920122095806,resnet32,0.6391,0.6408,1.2503422329371625,0.9999639654362743,0.2503782673315568,resnet32,0.6347,0.6394,1.2202877539464019,0.9765428015115586,0.24374495311216873,resnet32,0.6508,0.6394,1.2219637248834425,0.9784878263757988,0.24347590100528163,resnet32,0.6342,0.629,1.2634594163603403,1.014494894157079,0.24896452478556472,resnet32,0.6339,0.6258,1.289748040959239,1.0431632135402074,0.24658482665704054,resnet32,0.6361,0.6342,1.3063649289648642,1.048910192383284,0.25745473632758314,resnet32,0.6262,0.6304,1.3534743404862555,1.1011621919883923,0.2523121453017335,resnet32,0.6365,0.6306,1.294040303507989,1.046549933369864,0.24749037011695857,resnet32,0.6172,0.6182,1.290359805253419,1.0425223711539398,0.2478374347133054,4500000.0,0.0,18000000.0,1656000000.0,19872000000.0
resnet32x12_cifar100_K12_topo-clusters2_seed0002_d011,d011,resnet32:12,cifar100,12,topology,topo-clusters2,peers,2,200,64,0.1,0.9,0.0005,True,0,60,0.1,1.0,1,,disagreement,1.0,1,0.0,0.5,weight,clusters:2,0.0,0.0,42,0,45000,5000,10000,5640048,92,0.010000000000000002,1,127.18,0.63725,0.00720214088541269,0.623,0.6505,0.6899,0.052649999999999975,0.6323000000000001,0.686,0.3042818181818182,0.6253397328221395,0.3033939393939393,0.6269534537303992,0.63725,resnet32,0.6482,0.6432,1.250589277256619,0.9947150623087179,0.25587421587922354,resnet32,0.6391,0.631,1.2678410823202946,1.013691651634872,0.25414943356405606,resnet32,0.6361,0.6332,1.255105142227628,1.0031763614070686,0.2519287799950689,resnet32,0.6348,0.6354,1.2515239671550014,0.9987240469252522,0.25279992139390245,resnet32,0.6386,0.6352,1.2190647451207042,0.9722695464945652,0.24679519816047765,resnet32,0.6505,0.641,1.2213539054447955,0.9755748871883209,0.24577901906079866,resnet32,0.6426,0.6396,1.2664681682363153,1.0126622083850882,0.2538059601052241,resnet32,0.623,0.618,1.2939102455804294,1.042923587967049,0.2509866576557132,resnet32,0.6326,0.6292,1.3039232748983935,1.0459489385512741,0.25797433736310765,resnet32,0.6316,0.6286,1.346957166509872,1.0932069573212753,0.2537502083842727,resnet32,0.638,0.6348,1.2948059783401815,1.0443768349730156,0.25042914442548697,resnet32,0.6319,0.6184,1.2901018370281567,1.0393073324283415,0.2507945055734705,4500000.0,0.0,18000000.0,1674000000.0,20088000000.0
resnet32x12_cifar100_K12_topo-clusters2_seed0002_d011,d011,resnet32:12,cifar100,12,topology,topo-clusters2,peers,2,200,64,0.1,0.9,0.0005,True,0,60,0.1,1.0,1,,disagreement,1.0,1,0.0,0.5,weight,clusters:2,0.0,0.0,42,0,45000,5000,10000,5640048,93,0.010000000000000002,1,126.5,0.6268416666666666,0.005171630679861908,0.6198,0.6369,0.6839,0.05705833333333332,0.6216,0.6826,0.3174424242424241,0.6188224372303935,0.31478484848484856,0.6209724348972473,0.6268416666666666,resnet32,0.6282,0.6194,1.2507432486692613,0.9949213127520952,0.25582193780097773,resnet32,0.6254,0.6234,1.2669511693106457,1.012914392335171,0.25403677680614317,resnet32,0.6241,0.6232,1.2586916282095693,1.0057892047546126,0.2529024239841171,resnet32,0.6219,0.6142,1.2475199892439626,0.9930146827616475,0.2545053062494844,resnet32,0.6321,0.6288,1.2148329754444687,0.96949953018603,0.2453334459145977,resnet32,0.6369,0.6372,1.219377445988357,0.9736697209829633,0.2457077257885513,resnet32,0.6292,0.6244,1.264889490536668,1.010688502595506,0.2542009867558425,resnet32,0.6312,0.6224,1.2955320800061931,1.0448667454448612,0.25066533530215646,resnet32,0.6222,0.611,1.301443313925781,1.0435858418826351,0.2578574729956348,resnet32,0.6309,0.6234,1.3442880214953965,1.0915880916978826,0.2526999313426627,resnet32,0.6198,0.615,1.2980192544108087,1.0478790984912352,0.25014015625823627,resnet32,0.6202,0.6168,1.2928910936990923,1.041842815212228,0.2510482786350291,4500000.0,0.0,18000000.0,1692000000.0,20304000000.0
resnet32x12_cifar100_K12_topo-clusters2_seed0002_d011,d011,resnet32:12,cifar100,12,topology,topo-clusters2,peers,2,200,64,0.1,0.9,0.0005,True,0,60,0.1,1.0,1,,disagreement,1.0,1,0.0,0.5,weight,clusters:2,0.0,0.0,42,0,45000,5000,10000,5640048,94,0.010000000000000002,1,125.75,0.6395083333333333,0.008809886334239632,0.6201,0.6503,0.696,0.05649166666666661,0.6372333333333333,0.6934,0.30597878787878796,0.6171252327266508,0.30269393939393946,0.6241606239213829,0.6395083333333333,resnet32,0.6316,0.6342,1.2465535832399672,0.9911572117019783,0.25539636916734954,resnet32,0.6503,0.6482,1.2646348595788532,1.010695584457029,0.2539392758626491,resnet32,0.6443,0.6446,1.2557040751827033,0.9999012025919828,0.2558028726330535,resnet32,0.6493,0.6454,1.254495519636707,0.9978775332089175,0.2566179871051149,resnet32,0.6377,0.634,1.2113293192603372,0.9641546196388927,0.24717469947327944,resnet32,0.6472,0.64,1.2191346831281076,0.9728793962435289,0.24625528658824888,resnet32,0.6448,0.6372,1.2599735462360762,1.0076016829433767,0.2523718620862134,resnet32,0.6363,0.6328,1.290765760297125,1.042032606984404,0.2487331545403735,resnet32,0.6471,0.6412,1.3034706146202304,1.0425942321731285,0.26087638255293394,resnet32,0.631,0.632,1.350168927741999,1.0945721609009937,0.2555967654440213,resnet32,0.6201,0.6236,1.2917348266663877,1.039544715715403,0.25219011012549425,resnet32,0.6344,0.6336,1.2923228115859358,1.0406307528980754,0.2516920599366792,4500000.0,0.0,18000000.0,1710000000.0,20520000000.0
resnet32x12_cifar100_K12_topo-clusters2_seed0002_d011,d011,resnet32:12,cifar100,12,topology,topo-clusters2,peers,2,200,64,0.1,0.9,0.0005,True,0,60,0.1,1.0,1,,disagreement,1.0,1,0.0,0.5,weight,clusters:2,0.0,0.0,42,0,45000,5000,10000,5640048,95,0.010000000000000002,1,125.72,0.6316833333333335,0.00866360522851518,0.6112,0.6465,0.69,0.05831666666666646,0.6315666666666667,0.695,0.3093575757575757,0.6174751055837732,0.312160606060606,0.6190113330688272,0.6316833333333335,resnet32,0.6465,0.641,1.247123754075305,0.9901512612334706,0.25697249224917457,resnet32,0.6278,0.6308,1.2626184086230667,1.0079192095012828,0.2546991996932775,resnet32,0.6282,0.6316,1.258918266404759,1.0042075387794862,0.2547107260589572,resnet32,0.6347,0.6382,1.25021169944243,0.993830464949662,0.2563812336884439,resnet32,0.6445,0.6448,1.216375027275221,0.9658759120343761,0.2504991149021821,resnet32,0.6317,0.6334,1.218849397010424,0.9695283511484211,0.24932104804214428,resnet32,0.626,0.6266,1.257068983194503,1.002646810629151,0.25442217343317514,resnet32,0.6339,0.636,1.288650211285461,1.0376544786109165,0.2509957347700203,resnet32,0.6328,0.6268,1.3057386078448459,1.0442649947310036,0.2614736143203283,resnet32,0.6348,0.636,1.3488576454533772,1.091544563289393,0.2573130838572979,resnet32,0.6112,0.6076,1.2928242270242085,1.040649501352825,0.25217472785152495,resnet32,0.6281,0.626,1.286326547999951,1.033370717597956,0.25295583029616286,4500000.0,0.0,18000000.0,1728000000.0,20736000000.0
resnet32x12_cifar100_K12_topo-clusters2_seed0002_d011,d011,resnet32:12,cifar100,12,topology,topo-clusters2,peers,2,200,64,0.1,0.9,0.0005,True,0,60,0.1,1.0,1,,disagreement,1.0,1,0.0,0.5,weight,clusters:2,0.0,0.0,42,0,45000,5000,10000,5640048,96,0.010000000000000002,1,124.46,0.6315833333333334,0.00649420682009915,0.6199,0.6438,0.6858,0.05421666666666658,0.63075,0.6872,0.3022424242424241,0.6307546556032531,0.30518484848484845,0.6339507517755397,0.6315833333333334,resnet32,0.6231,0.628,1.2469216997481205,0.9885304997759786,0.2583911992419003,resnet32,0.6438,0.6444,1.264353163879026,1.0080214584754272,0.25633170138197864,resnet32,0.6274,0.6392,1.2589842847294428,1.004527418112213,0.2544568676967174,resnet32,0.6396,0.64,1.2504242957484992,0.9937083002349193,0.25671599587340926,resnet32,0.6199,0.6194,1.2100963335145603,0.9594163466244936,0.2506799852390858,resnet32,0.635,0.6328,1.2209044177593156,0.9717619541863148,0.24914246295917442,resnet32,0.6353,0.6222,1.2621847799217158,1.0083555909381672,0.2538291873114014,resnet32,0.63,0.6258,1.2881197372282094,1.0369495635174892,0.2511701711284166,resnet32,0.6347,0.6266,1.304174157960171,1.042099054648795,0.26207510388286953,resnet32,0.6337,0.6336,1.344019312326881,1.0871725370260803,0.2568467741366476,resnet32,0.6293,0.628,1.3001679713753136,1.045417821839113,0.25475014898587356,resnet32,0.6272,0.629,1.2909255849874832,1.036332275633785,0.25459331092001364,4500000.0,0.0,18000000.0,1746000000.0,20952000000.0
resnet32x12_cifar100_K12_topo-clusters2_seed0002_d011,d011,resnet32:12,cifar100,12,topology,topo-clusters2,peers,2,200,64,0.1,0.9,0.0005,True,0,60,0.1,1.0,1,,disagreement,1.0,1,0.0,0.5,weight,clusters:2,0.0,0.0,42,0,45000,5000,10000,5640048,97,0.010000000000000002,1,126.83,0.6335083333333335,0.012203787549591132,0.6094,0.654,0.6922,0.058691666666666586,0.6296666666666667,0.6848,0.3085060606060606,0.6233305688757749,0.30898030303030294,0.6289914356255554,0.6335083333333335,resnet32,0.6402,0.6386,1.2413688777014613,0.9813864524052902,0.2599824236451902,resnet32,0.6231,0.6152,1.2616414998404004,1.003649177537723,0.2579923217946833,resnet32,0.6239,0.6262,1.2483258503065868,0.9909570001235063,0.25736885047941044,resnet32,0.6484,0.643,1.2437051195143298,0.9849436101926998,0.25876150762831623,resnet32,0.6479,0.6402,1.213630816391246,0.9611865092407573,0.2524443063461645,resnet32,0.654,0.6476,1.2207689375870607,0.9689751536670056,0.25179378590969875,resnet32,0.6319,0.6266,1.2581660427491774,1.0018498913638971,0.2563161508772861,resnet32,0.6354,0.6308,1.286449495956979,1.0330163013528695,0.25343319515443663,resnet32,0.6254,0.6228,1.297560255466537,1.0370061461051756,0.2605541102080183,resnet32,0.6351,0.6334,1.3358275392516092,1.0793574770743197,0.2564700622196225,resnet32,0.6274,0.629,1.292382208545777,1.0367135487666184,0.25566865935583005,resnet32,0.6094,0.6026,1.2853977585380727,1.029525366273116,0.2558723917992955,4500000.0,0.0,18000000.0,1764000000.0,21168000000.0
resnet32x12_cifar100_K12_topo-clusters2_seed0002_d011,d011,resnet32:12,cifar100,12,topology,topo-clusters2,peers,2,200,64,0.1,0.9,0.0005,True,0,60,0.1,1.0,1,,disagreement,1.0,1,0.0,0.5,weight,clusters:2,0.0,0.0,42,0,45000,5000,10000,5640048,98,0.010000000000000002,1,124.94,0.6298666666666666,0.010937727775406051,0.6152,0.6482,0.6854,0.055533333333333434,0.6291333333333332,0.684,0.30834848484848487,0.6245507443183068,0.3126954545454545,0.6244007210263045,0.6298666666666666,resnet32,0.6191,0.6226,1.2362863140350038,0.9769837496886876,0.2593025625471703,resnet32,0.6253,0.624,1.2555234003812075,0.9976267984390936,0.257896603000435,resnet32,0.6362,0.639,1.2527990944006226,0.9951348457146775,0.2576642486859452,resnet32,0.6172,0.6172,1.2418804448097944,0.9824363556267186,0.2594440905377269,resnet32,0.6461,0.6448,1.2112118015912445,0.9588976797055114,0.2523141207639128,resnet32,0.6445,0.6344,1.2159464980729602,0.9643872211771932,0.251559278102253,resnet32,0.6482,0.6398,1.2579418623142622,1.0009209229187532,0.25702093935317616,resnet32,0.6299,0.6398,1.2843983218243176,1.0308515321124683,0.25354678903452377,resnet32,0.6238,0.6168,1.300037233158946,1.0371814098378473,0.26285582537424157,resnet32,0.6152,0.6214,1.3398003991354595,1.081979801370339,0.25782059922560374,resnet32,0.6243,0.6274,1.2875861407850275,1.0330392874946648,0.2545468535866927,resnet32,0.6286,0.6224,1.2813383997841314,1.026842454787005,0.2544959442774681,4500000.0,0.0,18000000.0,1782000000.0,21384000000.0
resnet32x12_cifar100_K12_topo-clusters2_seed0002_d011,d011,resnet32:12,cifar100,12,topology,topo-clusters2,peers,2,200,64,0.1,0.9,0.0005,True,0,60,0.1,1.0,1,,disagreement,1.0,1,0.0,0.5,weight,clusters:2,0.0,0.0,42,0,45000,5000,10000,5640048,99,0.010000000000000002,1,125.47,0.6350166666666667,0.008090615276699024,0.6201,0.6481,0.6984,0.06338333333333335,0.6312,0.694,0.30924242424242426,0.6152867034922033,0.3166212121212121,0.6089456074183776,0.6350166666666667,resnet32,0.6372,0.6322,1.2454367283393035,0.983629271896048,0.2618074549404396,resnet32,0.6366,0.6326,1.2587528742680496,0.9991618692028251,0.259591005848382,resnet32,0.6348,0.6316,1.2491043065251275,0.9901630544865673,0.2589412514247339,resnet32,0.6469,0.647,1.244460474869067,0.984419047832489,0.26004142610525544,resnet32,0.6392,0.6394,1.2112701034004039,0.9577570047060197,0.2535130974667316,resnet32,0.6481,0.6486,1.215553886849772,0.9626458995890889,0.25290798651985824,resnet32,0.6352,0.6248,1.248873995109038,0.9928872846066952,0.2559867099520158,resnet32,0.621,0.621,1.2844070407815955,1.0303543494506315,0.25405269291844557,resnet32,0.6329,0.6238,1.2983675183389674,1.03176662562923,0.2666008919689127,resnet32,0.6201,0.613,1.3410113041543148,1.079656799831851,0.26135450356047263,resnet32,0.6307,0.63,1.2911967859518798,1.0317236102101477,0.25947317728688096,resnet32,0.6375,0.6304,1.2807803314856507,1.020737331191247,0.2600430005695671,4500000.0,0.0,18000000.0,1800000000.0,21600000000.0
resnet32x12_cifar100_K12_topo-clusters2_seed0002_d011,d011,resnet32:12,cifar100,12,topology,topo-clusters2,peers,2,200,64,0.1,0.9,0.0005,True,0,60,0.1,1.0,1,,disagreement,1.0,1,0.0,0.5,weight,clusters:2,0.0,0.0,42,0,45000,5000,10000,5640048,100,0.010000000000000002,1,112.74,0.6329416666666667,0.010737198450040657,0.614,0.6476,0.6925,0.05955833333333327,0.6309166666666667,0.6868,0.30811818181818196,0.6187014496502234,0.3122878787878787,0.6211445818874815,0.6329416666666667,resnet32,0.636,0.6432,1.2362412499602546,0.9756969938224013,0.26054425693159416,resnet32,0.614,0.606,1.2497032978148623,0.990851254879751,0.2588520425541157,resnet32,0.6476,0.6404,1.2479424132880839,0.9878936774012718,0.26004873571748083,resnet32,0.64,0.6398,1.2429957933385263,0.9814109240065921,0.2615848698822612,resnet32,0.6449,0.6464,1.2088170476596465,0.95458358052102,0.2542334669904614,resnet32,0.6431,0.6448,1.2185990050096402,0.9654797516255216,0.2531192533629523,resnet32,0.6281,0.633,1.2524160410023548,0.9933254410597411,0.2590906027789143,resnet32,0.6146,0.6162,1.2819432065060192,1.0258388648825614,0.25610434056513687,resnet32,0.634,0.6316,1.297581839883192,1.0330989739264955,0.2644828634590588,resnet32,0.6223,0.6178,1.3379427475685424,1.0776822905648837,0.2602604581466453,resnet32,0.6323,0.6254,1.2911572762002999,1.0328679862008854,0.25828929124823347,resnet32,0.6384,0.6264,1.2814715478399938,1.0234108000824398,0.25806075002236123,4500000.0,0.0,18000000.0,1818000000.0,21816000000.0
resnet32x12_cifar100_K12_topo-clusters2_seed0002_d011,d011,resnet32:12,cifar100,12,topology,topo-clusters2,peers,2,200,64,0.1,0.9,0.0005,True,0,60,0.1,1.0,1,,disagreement,1.0,1,0.0,0.5,weight,clusters:2,0.0,0.0,42,0,45000,5000,10000,5640048,101,0.010000000000000002,1,108.05,0.6363333333333333,0.008751412584390153,0.6247,0.6549,0.6958,0.05946666666666667,0.6336666666666667,0.6964,0.31000303030303034,0.613571083753223,0.3095575757575757,0.6155767525218793,0.6363333333333333,resnet32,0.6406,0.6414,1.2448447422886437,0.9776036383753474,0.26724110056900163,resnet32,0.6283,0.6284,1.2630436246029355,0.9986934881149367,0.26435013684782793,resnet32,0.6247,0.6362,1.2468281839550897,0.9860217304561626,0.26080645322376356,resnet32,0.6458,0.6432,1.2408408112823963,0.9794491509991613,0.26139165782793,resnet32,0.6292,0.63,1.207937648943202,0.9524169400842353,0.25552070792764425,resnet32,0.6549,0.645,1.2159404460848733,0.960323428735137,0.2556170160374181,resnet32,0.6289,0.6158,1.2523182164030997,0.9925022135404024,0.25981600455601106,resnet32,0.6356,0.6316,1.278440647927875,1.0206745657223193,0.25776608411053364,resnet32,0.636,0.6302,1.2951350538906725,1.0290515333922072,0.266083520879461,resnet32,0.6332,0.629,1.335044649768282,1.073291739448905,0.2617529079487378,resnet32,0.6313,0.6314,1.280457305637273,1.02171846115115,0.25873884556561033,resnet32,0.6475,0.6418,1.282906837253408,1.0261276557364247,0.25677918136881833,4500000.0,0.0,18000000.0,1836000000.0,22032000000.0
resnet32x12_cifar100_K12_topo-clusters2_seed0002_d011,d011,resnet32:12,cifar100,12,topology,topo-clusters2,peers,2,200,64,0.1,0.9,0.0005,True,0,60,0.1,1.0,1,,disagreement,1.0,1,0.0,0.5,weight,clusters:2,0.0,0.0,42,0,45000,5000,10000,5640048,102,0.010000000000000002,1,114.44,0.6372416666666667,0.008695924172980242,0.622,0.6547,0.6952,0.057958333333333334,0.6357999999999999,0.6924,0.309369696969697,0.6173308893335898,0.3131439393939395,0.6152071691439109,0.6372416666666667,resnet32,0.6438,0.6442,1.2360551822930574,0.9722443945197896,0.26381078868342395,resnet32,0.6405,0.6306,1.247201670807871,0.9844083918935873,0.2627932784697888,resnet32,0.622,0.6252,1.243623991750858,0.9807284122163599,0.26289558002132585,resnet32,0.6318,0.6356,1.2392505460672758,0.9756378966637633,0.26361265018667007,resnet32,0.6385,0.6394,1.2029948682439597,0.9477569646286693,0.2552379031496292,resnet32,0.6547,0.6556,1.2039580903947353,0.9487318611619148,0.2552262284708294,resnet32,0.6468,0.6406,1.2436306541785598,0.9850043372505091,0.25862631625072524,resnet32,0.6268,0.6352,1.272809622216631,1.017651317387142,0.25515830531631684,resnet32,0.6405,0.6358,1.2876030817119912,1.0184656581418081,0.26913742342201824,resnet32,0.6293,0.6294,1.3367586772550235,1.0729612524367191,0.263797425749627,resnet32,0.6382,0.6322,1.2801330189474605,1.0205207169902595,0.2596123003908856,resnet32,0.634,0.6258,1.2752480158074335,1.0155393436381763,0.2597086722962558,4500000.0,0.0,18000000.0,1854000000.0,22248000000.0
resnet32x12_cifar100_K12_topo-clusters2_seed0002_d011,d011,resnet32:12,cifar100,12,topology,topo-clusters2,peers,2,200,64,0.1,0.9,0.0005,True,0,60,0.1,1.0,1,,disagreement,1.0,1,0.0,0.5,weight,clusters:2,0.0,0.0,42,0,45000,5000,10000,5640048,103,0.010000000000000002,1,105.02,0.6366916666666667,0.007905426230690476,0.6192,0.6468,0.6942,0.057508333333333383,0.6317333333333334,0.6928,0.306778787878788,0.6198178228764918,0.3071015151515152,0.6287137338092678,0.6366916666666667,resnet32,0.6435,0.6404,1.2352257010272958,0.9691670989956368,0.2660586033016443,resnet32,0.6192,0.6198,1.2492462477900765,0.9844747160307386,0.26477152936753223,resnet32,0.643,0.6348,1.2440480683845552,0.9793478687378493,0.2647001982497221,resnet32,0.6468,0.6358,1.2389993862333624,0.9737851333550431,0.2652142546562986,resnet32,0.6381,0.6396,1.2013508539477533,0.9463080203329975,0.25504283336075867,resnet32,0.6377,0.6324,1.1996656660498544,0.9446623043411158,0.2550033639523793,resnet32,0.6344,0.6226,1.2446921335702592,0.9826727360486984,0.26201939555308357,resnet32,0.6404,0.636,1.2688695212656802,1.0091324168342082,0.25973710701377556,resnet32,0.6391,0.6252,1.2805998321114616,1.0140823311257092,0.26651749994859775,resnet32,0.6221,0.6238,1.3273221466012977,1.066339042376388,0.2609831022775986,resnet32,0.6356,0.6288,1.2796551326120442,1.019552570937032,0.2601025636646558,resnet32,0.6404,0.6416,1.2718995309180834,1.0109342841262168,0.26096524579704483,4500000.0,0.0,18000000.0,1872000000.0,22464000000.0
resnet32x12_cifar100_K12_topo-clusters2_seed0002_d011,d011,resnet32:12,cifar100,12,topology,topo-clusters2,peers,2,200,64,0.1,0.9,0.0005,True,0,60,0.1,1.0,1,,disagreement,1.0,1,0.0,0.5,weight,clusters:2,0.0,0.0,42,0,45000,5000,10000,5640048,104,0.010000000000000002,1,104.53,0.6357,0.010181519205567176,0.6152,0.6486,0.6949,0.05919999999999992,0.6310166666666667,0.6928,0.31401212121212124,0.619330802191621,0.3113545454545456,0.6200033280452679,0.6357,resnet32,0.6404,0.63,1.2387131469493562,0.9739444437860088,0.26476870267651975,resnet32,0.6395,0.6336,1.2560068424791098,0.9925596452402797,0.26344719698483293,resnet32,0.6471,0.6462,1.2386350521648473,0.9786142893135548,0.2600207614331422,resnet32,0.6318,0.6292,1.239172546362335,0.9773067115721378,0.26186583567918703,resnet32,0.645,0.6466,1.202659578062594,0.9481461309743199,0.2545134475751018,resnet32,0.6486,0.6434,1.2081899868155068,0.9549846018410542,0.25320538505911827,resnet32,0.6262,0.6142,1.248340943574228,0.9883689981123264,0.25997194463641127,resnet32,0.6468,0.6436,1.2724627316506072,1.0145705071362583,0.25789222423918545,resnet32,0.6346,0.6252,1.290434913625094,1.0225036217069083,0.2679312927648425,resnet32,0.6245,0.6158,1.3322290188040247,1.0697886589067904,0.2624403634108603,resnet32,0.6152,0.6292,1.279746096496555,1.0208880956369368,0.25885800272226334,resnet32,0.6287,0.6152,1.2730914940210907,1.0145575799555941,0.258533913240006,4500000.0,0.0,18000000.0,1890000000.0,22680000000.0
resnet32x12_cifar100_K12_topo-clusters2_seed0002_d011,d011,resnet32:12,cifar100,12,topology,topo-clusters2,peers,2,200,64,0.1,0.9,0.0005,True,0,60,0.1,1.0,1,,disagreement,1.0,1,0.0,0.5,weight,clusters:2,0.0,0.0,42,0,45000,5000,10000,5640048,105,0.010000000000000002,1,105.13,0.6380750000000001,0.008037840194977743,0.6256,0.6522,0.6951,0.05702499999999999,0.6299,0.685,0.31333030303030296,0.61831046195441,0.312510606060606,0.6159879586886152,0.6380750000000001,resnet32,0.6494,0.645,1.2349546960639683,0.9693835721435872,0.26557112542319705,resnet32,0.6325,0.6266,1.2475399453700944,0.9843583234839819,0.26318162302909925,resnet32,0.6256,0.6224,1.247796318070455,0.9818196863952008,0.2659766312095929,resnet32,0.6369,0.6306,1.238906729119745,0.9718397536569021,0.26706697717732325,resnet32,0.6439,0.6406,1.2062546030872248,0.9465055876326832,0.2597490188411691,resnet32,0.6419,0.6292,1.2105011057785966,0.9514146619899706,0.2590864430266348,resnet32,0.6522,0.6396,1.2526184033433145,0.9890668401494622,0.26355156469666824,resnet32,0.6256,0.6212,1.2753884024410085,1.0155869387090206,0.25980146642012353,resnet32,0.6377,0.6348,1.2918917369944127,1.0202810116620227,0.2716107284015214,resnet32,0.6316,0.6224,1.3313457407057285,1.06553111335432,0.2658146288118918,resnet32,0.6379,0.623,1.2845774613828822,1.0188513673333959,0.26572609201750974,resnet32,0.6417,0.6234,1.2763907052576542,1.0102813956751064,0.26610931038687174,4500000.0,0.0,18000000.0,1908000000.0,22896000000.0
resnet32x12_cifar100_K12_topo-clusters2_seed0002_d011,d011,resnet32:12,cifar100,12,topology,topo-clusters2,peers,2,200,64,0.1,0.9,0.0005,True,0,60,0.1,1.0,1,,disagreement,1.0,1,0.0,0.5,weight,clusters:2,0.0,0.0,42,0,45000,5000,10000,5640048,106,0.010000000000000002,1,105.57,0.6315833333333333,0.010557685457628597,0.617,0.6471,0.6869,0.05531666666666668,0.6263833333333334,0.684,0.31502121212121226,0.618574901299704,0.31117272727272716,0.6232469102509163,0.6315833333333333,resnet32,0.641,0.6342,1.2351835666393691,0.9657686026766896,0.2694149643013423,resnet32,0.6216,0.6132,1.2507864710959522,0.9840839809992097,0.26670249085873365,resnet32,0.6457,0.6422,1.2387700248509645,0.9743938521397385,0.2643761729017239,resnet32,0.6302,0.6302,1.2364504122259943,0.9707428073002533,0.2657076050527394,resnet32,0.6449,0.641,1.204147014343603,0.9444767657498067,0.2596702481281351,resnet32,0.6471,0.64,1.2103684060275555,0.9517783035354858,0.25859010431238194,resnet32,0.6189,0.6092,1.2452380325306545,0.9829575935040008,0.26228043900548736,resnet32,0.628,0.623,1.2767548897218974,1.0174256414175034,0.2593292484737255,resnet32,0.6337,0.6294,1.293417638675733,1.0235806480896743,0.2698369894854047,resnet32,0.617,0.6136,1.3292481701143763,1.0628810529173776,0.26636711916547606,resnet32,0.6311,0.6272,1.280558335002173,1.0178778721019626,0.2626804633870382,resnet32,0.6198,0.6134,1.2719136642461473,1.0086616138842972,0.2632520474620502,4500000.0,0.0,18000000.0,1926000000.0,23112000000.0
resnet32x12_cifar100_K12_topo-clusters2_seed0002_d011,d011,resnet32:12,cifar100,12,topology,topo-clusters2,peers,2,200,64,0.1,0.9,0.0005,True,0,60,0.1,1.0,1,,disagreement,1.0,1,0.0,0.5,weight,clusters:2,0.0,0.0,42,0,45000,5000,10000,5640048,107,0.010000000000000002,1,104.9,0.6411333333333334,0.00970217615910071,0.6188,0.655,0.698,0.05686666666666651,0.6348999999999999,0.6936,0.3061333333333333,0.6166261110632415,0.30399696969696965,0.6226307503139419,0.6411333333333334,resnet32,0.655,0.6484,1.2287301520224323,0.9606176740066572,0.2681124768304554,resnet32,0.6499,0.6416,1.2426892151548103,0.975758214481175,0.26693100058896974,resnet32,0.6387,0.6336,1.241294978779148,0.9762982086871158,0.2649967704518614,resnet32,0.6364,0.6326,1.2315880864519964,0.9659603834152222,0.2656277045607567,resnet32,0.6471,0.6506,1.2027306799692186,0.9410807122053071,0.26164996715008537,resnet32,0.6481,0.6426,1.205235467969694,0.944040688093413,0.26119477869096125,resnet32,0.6517,0.6438,1.2393300177698785,0.9754931102930144,0.2638369072440334,resnet32,0.6337,0.6286,1.2717037772421131,1.0116178654134274,0.2600859103893692,resnet32,0.6323,0.624,1.2833891612562267,1.0142514736137607,0.26913768649947917,resnet32,0.6188,0.6144,1.3260542906990105,1.0620602371001786,0.26399405508048157,resnet32,0.6395,0.6316,1.2733977369286797,1.009501193057407,0.26389654382893984,resnet32,0.6424,0.627,1.276350936429067,1.0120355703613975,0.26431536579250614,4500000.0,0.0,18000000.0,1944000000.0,23328000000.0
resnet32x12_cifar100_K12_topo-clusters2_seed0002_d011,d011,resnet32:12,cifar100,12,topology,topo-clusters2,peers,2,200,64,0.1,0.9,0.0005,True,0,60,0.1,1.0,1,,disagreement,1.0,1,0.0,0.5,weight,clusters:2,0.0,0.0,42,0,45000,5000,10000,5640048,108,0.010000000000000002,1,104.86,0.6346083333333333,0.008054756186392136,0.6224,0.6481,0.6985,0.06389166666666668,0.63115,0.6974,0.3187999999999999,0.6062160626692833,0.3181348484848484,0.609566809365322,0.6346083333333333,resnet32,0.6323,0.6306,1.2243286285718733,0.9548716972666708,0.26945693069137633,resnet32,0.638,0.6252,1.2381994499909608,0.9711580464447086,0.26704140373674984,resnet32,0.6224,0.626,1.224919905632057,0.9600735476917841,0.2648463572206145,resnet32,0.6475,0.6462,1.2243322963741692,0.9572310546751727,0.2671012415084988,resnet32,0.6481,0.6408,1.197513050569052,0.9378990345549855,0.25961401616223156,resnet32,0.6412,0.638,1.1965943562205543,0.9383141568607904,0.25828019859777257,resnet32,0.6233,0.6238,1.2331529125063256,0.971110915595835,0.2620419955770062,resnet32,0.6292,0.6268,1.2631135357713157,1.0046178208325396,0.2584957137746228,resnet32,0.6359,0.6282,1.275432618419555,1.0075389653952285,0.26789365425197914,resnet32,0.6273,0.618,1.3173477692868223,1.054141252640296,0.2632065153342079,resnet32,0.6371,0.6404,1.271803034808148,1.0088394120843573,0.26296362331645057,resnet32,0.633,0.6298,1.263016968796199,1.0012819901616736,0.2617349794388495,4500000.0,0.0,18000000.0,1962000000.0,23544000000.0
resnet32x12_cifar100_K12_topo-clusters2_seed0002_d011,d011,resnet32:12,cifar100,12,topology,topo-clusters2,peers,2,200,64,0.1,0.9,0.0005,True,0,60,0.1,1.0,1,,disagreement,1.0,1,0.0,0.5,weight,clusters:2,0.0,0.0,42,0,45000,5000,10000,5640048,109,0.010000000000000002,1,104.85,0.6324333333333334,0.009212612128067815,0.6139,0.6481,0.6923,0.059866666666666624,0.6297499999999999,0.6918,0.31645454545454554,0.6065349426735952,0.3154166666666667,0.6190914730135934,0.6324333333333334,resnet32,0.6399,0.6366,1.2314150738106533,0.9619196250357411,0.26949544602327724,resnet32,0.6424,0.6386,1.2427684235471217,0.9746604886921969,0.2681079358497465,resnet32,0.6293,0.631,1.2362089422108098,0.9706589416177436,0.26554999919608235,resnet32,0.6267,0.6202,1.225125715136528,0.9583597631955688,0.26676595238545403,resnet32,0.6368,0.6492,1.1928779264404015,0.9333555038002405,0.259522422386164,resnet32,0.6481,0.6408,1.1957305775616656,0.9365078297189691,0.2592227492820133,resnet32,0.6346,0.6362,1.2328904320231893,0.9699070820246231,0.26298335135321727,resnet32,0.6359,0.6344,1.2648042621599003,1.0059138860722834,0.25889037623578176,resnet32,0.6187,0.605,1.2810274677520448,1.008717435920103,0.2723100313662805,resnet32,0.6298,0.6324,1.3229312703690745,1.0563375807621262,0.26659368973394687,resnet32,0.6331,0.6254,1.2725870594043622,1.0072915080765432,0.2652955498250032,resnet32,0.6139,0.6072,1.2682371926070615,1.003273087807677,0.264964103825729,4500000.0,0.0,18000000.0,1980000000.0,23760000000.0
resnet32x12_cifar100_K12_topo-clusters2_seed0002_d011,d011,resnet32:12,cifar100,12,topology,topo-clusters2,peers,2,200,64,0.1,0.9,0.0005,True,0,60,0.1,1.0,1,,disagreement,1.0,1,0.0,0.5,weight,clusters:2,0.0,0.0,42,0,45000,5000,10000,5640048,110,0.010000000000000002,1,105.09,0.6373833333333333,0.008867058262029319,0.6194,0.6539,0.6954,0.058016666666666716,0.6303,0.6908,0.30638181818181826,0.6183287598195798,0.3065515151515152,0.6185089287207199,0.6373833333333333,resnet32,0.6539,0.6384,1.2247848381203683,0.9558597758243029,0.26892506041225384,resnet32,0.6356,0.6278,1.2400400039993904,0.9721194476058538,0.26792055582204327,resnet32,0.6433,0.64,1.239329869435592,0.9706141842021183,0.2687156852546402,resnet32,0.6381,0.635,1.232951917770234,0.9634311641143127,0.26952075357125566,resnet32,0.6448,0.6364,1.197088748470626,0.9330136556686326,0.26407509322532197,resnet32,0.6417,0.6308,1.2026224235411396,0.9395398293113844,0.26308259285393765,resnet32,0.6366,0.636,1.232216302559457,0.9683353866196491,0.2638809159398079,resnet32,0.6194,0.6146,1.261994069188156,1.0010803198780527,0.2609137481036173,resnet32,0.6258,0.62,1.2820151355964216,1.0083115437830037,0.2737035892311145,resnet32,0.6445,0.6346,1.324086755514145,1.0551866706968709,0.2689000839071179,resnet32,0.6331,0.6324,1.2696632553230633,1.0050676680085333,0.2645955885845152,resnet32,0.6318,0.6176,1.265396298586645,1.0013367977331986,0.26405950051478366,4500000.0,0.0,18000000.0,1998000000.0,23976000000.0
resnet32x12_cifar100_K12_topo-clusters2_seed0002_d011,d011,resnet32:12,cifar100,12,topology,topo-clusters2,peers,2,200,64,0.1,0.9,0.0005,True,0,60,0.1,1.0,1,,disagreement,1.0,1,0.0,0.5,weight,clusters:2,0.0,0.0,42,0,45000,5000,10000,5640048,111,0.010000000000000002,1,105.08,0.6311083333333334,0.008922299622606017,0.6169,0.6471,0.6904,0.05929166666666663,0.6274333333333334,0.6892,0.3141454545454545,0.616376758179185,0.31539393939393934,0.6184270079540706,0.6311083333333334,resnet32,0.6395,0.6348,1.2149622127921744,0.9465761950916864,0.26838601721366023,resnet32,0.6471,0.6442,1.232830259102312,0.9668011023578319,0.2660291585859589,resnet32,0.638,0.6326,1.2271941795267842,0.9616807841441848,0.2655133974569088,resnet32,0.6301,0.6272,1.2195053096352653,0.9528380171819166,0.2666672902308743,resnet32,0.6371,0.6398,1.1818072749301791,0.9226926736194979,0.259114600696855,resnet32,0.6316,0.6196,1.190277661027556,0.9316289189948954,0.25864874171516433,resnet32,0.624,0.6204,1.2294430234892801,0.9647350975058295,0.26470792505212803,resnet32,0.6249,0.623,1.2556649222970009,0.9934747793965719,0.26219014450907707,resnet32,0.6169,0.6084,1.2748181189156391,1.0018069203096358,0.27301119799217716,resnet32,0.6402,0.6382,1.3156045532192697,1.0482411487874659,0.2673634041143073,resnet32,0.6207,0.6186,1.2593270723115315,0.9949267656457695,0.2644003057132729,resnet32,0.6232,0.6224,1.2545045160434463,0.990143594162708,0.26436092105524783,4500000.0,0.0,18000000.0,2016000000.0,24192000000.0
resnet32x12_cifar100_K12_topo-clusters2_seed0002_d011,d011,resnet32:12,cifar100,12,topology,topo-clusters2,peers,2,200,64,0.1,0.9,0.0005,True,0,60,0.1,1.0,1,,disagreement,1.0,1,0.0,0.5,weight,clusters:2,0.0,0.0,42,0,45000,5000,10000,5640048,112,0.010000000000000002,1,105.16,0.6379499999999999,0.008822272949756202,0.6157,0.6487,0.6982,0.06025000000000014,0.6345500000000001,0.7006,0.31622727272727286,0.6064350410535783,0.31595606060606063,0.6121150525116353,0.6379499999999999,resnet32,0.6384,0.6324,1.2208373557606882,0.9509631184522401,0.2698742384937676,resnet32,0.6464,0.6458,1.2362758732316168,0.9681072646582668,0.26816860897551204,resnet32,0.6442,0.6428,1.2339581044560128,0.964794180101969,0.26916392297822644,resnet32,0.6374,0.6324,1.2258021404797381,0.955547616309063,0.2702545231546868,resnet32,0.6411,0.633,1.1896703253415497,0.9273160298524256,0.26235429650511255,resnet32,0.6487,0.6506,1.1989876163954085,0.9374241649427197,0.26156345157968725,resnet32,0.6443,0.642,1.2336339620365337,0.9664783934131265,0.26715556919490074,resnet32,0.6393,0.639,1.259040305983614,0.9948166877200658,0.26422361841171305,resnet32,0.64,0.6308,1.2804371437735178,1.0046172810041092,0.27581986160525546,resnet32,0.6157,0.6154,1.3210770834914662,1.049661589617079,0.2714154932605611,resnet32,0.6337,0.6258,1.2707767662676899,1.0028416157107463,0.2679351508321071,resnet32,0.6262,0.6246,1.2665697723965754,0.9984064368869771,0.26816333671608433,4500000.0,0.0,18000000.0,2034000000.0,24408000000.0
resnet32x12_cifar100_K12_topo-clusters2_seed0002_d011,d011,resnet32:12,cifar100,12,topology,topo-clusters2,peers,2,200,64,0.1,0.9,0.0005,True,0,60,0.1,1.0,1,,disagreement,1.0,1,0.0,0.5,weight,clusters:2,0.0,0.0,42,0,45000,5000,10000,5640048,113,0.010000000000000002,1,105.24,0.6321749999999999,0.010310765005565789,0.6052,0.6466,0.6906,0.05842500000000006,0.6334166666666666,0.6916,0.3089575757575758,0.6187396393007648,0.31474696969696975,0.6192835069870097,0.6321749999999999,resnet32,0.6408,0.644,1.2192362441088667,0.9505972559987144,0.26863898745399306,resnet32,0.6466,0.6452,1.2316577240655369,0.9651385157961737,0.2665192054330625,resnet32,0.6321,0.629,1.2286678494208239,0.9590294582091949,0.26963839099996467,resnet32,0.6332,0.6406,1.2241449572823264,0.954310212707655,0.2698347438550131,resnet32,0.6367,0.6462,1.1875001863491805,0.9258015864020721,0.2616986008149318,resnet32,0.6414,0.6454,1.1935647807338021,0.9333396190777421,0.26022516267204826,resnet32,0.6333,0.6378,1.230227390812202,0.9631442375989123,0.26708315418694506,resnet32,0.6324,0.6306,1.2621775329621001,0.9982156532562592,0.2639618795576759,resnet32,0.6338,0.6352,1.2741452469913797,0.9983721687035128,0.27577307917685673,resnet32,0.6052,0.6068,1.3208058279177004,1.0503000471402297,0.2705057811372998,resnet32,0.6308,0.6296,1.2674610725688664,1.0004998034035617,0.26696126781065355,resnet32,0.6198,0.6106,1.2647423364899375,0.9983945058828051,0.2663478321734477,4500000.0,0.0,18000000.0,2052000000.0,24624000000.0
resnet32x12_cifar100_K12_topo-clusters2_seed0002_d011,d011,resnet32:12,cifar100,12,topology,topo-clusters2,peers,2,200,64,0.1,0.9,0.0005,True,0,60,0.1,1.0,1,,disagreement,1.0,1,0.0,0.5,weight,clusters:2,0.0,0.0,42,0,45000,5000,10000,5640048,114,0.010000000000000002,1,105.82,0.6383999999999999,0.012052454798366474,0.6163,0.657,0.6924,0.05400000000000016,0.6345166666666667,0.6894,0.3050878787878788,0.6211672520028598,0.30473939393939403,0.6227332344838742,0.6383999999999999,resnet32,0.6499,0.6482,1.223427144895223,0.9527984971011226,0.27062864893708716,resnet32,0.657,0.6476,1.2333058957857164,0.9637567640536211,0.26954913190142676,resnet32,0.6213,0.6252,1.2325084283947945,0.9630617976865985,0.2694466312585229,resnet32,0.6501,0.639,1.2254062631082805,0.9542560258202932,0.2711502395104617,resnet32,0.6163,0.6246,1.191256844269281,0.9259953896769069,0.2652614548992874,resnet32,0.6496,0.6402,1.1973104877397418,0.9334446237507191,0.2638658635445278,resnet32,0.6456,0.6384,1.2338273780928417,0.9638521115041592,0.26997526529753074,resnet32,0.6357,0.6236,1.2653230313550343,0.9986127354204655,0.26671029528899287,resnet32,0.6362,0.6254,1.278451051139696,1.0018231941556388,0.27662785529074346,resnet32,0.6274,0.6276,1.322576698339121,1.0515740843151102,0.2710026130291887,resnet32,0.6324,0.6332,1.2678112545982003,0.9998094226148996,0.2680018298243257,resnet32,0.6393,0.6412,1.2669251000677997,0.9983357715166428,0.2685893274716694,4500000.0,0.0,18000000.0,2070000000.0,24840000000.0
resnet32x12_cifar100_K12_topo-clusters2_seed0002_d011,d011,resnet32:12,cifar100,12,topology,topo-clusters2,peers,2,200,64,0.1,0.9,0.0005,True,0,60,0.1,1.0,1,,disagreement,1.0,1,0.0,0.5,weight,clusters:2,0.0,0.0,42,0,45000,5000,10000,5640048,115,0.010000000000000002,1,104.97,0.6351583333333334,0.009238818316694439,0.6201,0.6513,0.6955,0.06034166666666663,0.6343333333333333,0.6916,0.31411212121212123,0.6056365016324669,0.31748636363636373,0.6118032438541959,0.6351583333333334,resnet32,0.6201,0.625,1.2221930707720192,0.9502861098894342,0.27190695923160424,resnet32,0.6513,0.6424,1.2334506421942601,0.9625064711171117,0.2709441704421558,resnet32,0.6237,0.626,1.2304638282988558,0.9603845687921752,0.2700792577498677,resnet32,0.6425,0.6408,1.2256246186284856,0.9540117305110801,0.2716128865299238,resnet32,0.6343,0.6466,1.1873949404636568,0.9202070657841184,0.26718787508170033,resnet32,0.6428,0.6476,1.1948072636838665,0.9300012298097665,0.2648060329851102,resnet32,0.6312,0.6202,1.232203265821392,0.9648300935090943,0.26737317303195596,resnet32,0.6415,0.6408,1.263631782325154,0.9982432953336022,0.2653884907380085,resnet32,0.6215,0.6262,1.273627045395022,0.9984634207476947,0.2751636253881522,resnet32,0.6422,0.6374,1.3155642827464775,1.0462023604830557,0.2693619244012304,resnet32,0.6349,0.6302,1.2679509989578615,0.998585616831075,0.2693653814282946,resnet32,0.6359,0.6288,1.2607551517642357,0.9914269463413141,0.26932820542292163,4500000.0,0.0,18000000.0,2088000000.0,25056000000.0
resnet32x12_cifar100_K12_topo-clusters2_seed0002_d011,d011,resnet32:12,cifar100,12,topology,topo-clusters2,peers,2,200,64,0.1,0.9,0.0005,True,0,60,0.1,1.0,1,,disagreement,1.0,1,0.0,0.5,weight,clusters:2,0.0,0.0,42,0,45000,5000,10000,5640048,116,0.010000000000000002,1,112.9,0.6355000000000001,0.006606940794851039,0.6262,0.6467,0.6969,0.0613999999999999,0.6299166666666666,0.6908,0.3137636363636363,0.6138507497556034,0.3162303030303031,0.6159054454659852,0.6355000000000001,resnet32,0.6381,0.6368,1.2125117662786082,0.941414366137575,0.271097400627861,resnet32,0.6293,0.6176,1.2282502866265448,0.9594803168015047,0.2687699708621949,resnet32,0.6328,0.6286,1.2229946060952814,0.9524712396616285,0.2705233668781478,resnet32,0.6286,0.6272,1.2156460301273249,0.9441995471715927,0.2714464809660884,resnet32,0.6262,0.6242,1.1820671219717374,0.9183015776798129,0.2637655448210849,resnet32,0.6467,0.6416,1.1879923148080707,0.9261763812127438,0.2618159303145314,resnet32,0.6417,0.6384,1.2220970665697346,0.9554790129715746,0.2666180522646755,resnet32,0.6312,0.6232,1.250031716867604,0.9868875984949145,0.26314412108199164,resnet32,0.6392,0.64,1.2636788721111687,0.9899504583498294,0.27372841410000215,resnet32,0.6367,0.6254,1.3092934781346808,1.0409858101470904,0.2683076699984006,resnet32,0.6458,0.6294,1.2615238407796079,0.9927258724346757,0.2687979683872651,resnet32,0.6297,0.6266,1.2546433458443393,0.9863688423382965,0.2682745031885464,4500000.0,0.0,18000000.0,2106000000.0,25272000000.0
resnet32x12_cifar100_K12_topo-clusters2_seed0002_d011,d011,resnet32:12,cifar100,12,topology,topo-clusters2,peers,2,200,64,0.1,0.9,0.0005,True,0,60,0.1,1.0,1,,disagreement,1.0,1,0.0,0.5,weight,clusters:2,0.0,0.0,42,0,45000,5000,10000,5640048,117,0.010000000000000002,1,105.25,0.6398583333333333,0.006995767569673036,0.6288,0.6528,0.6999,0.06004166666666666,0.6391166666666668,0.6956,0.30693030303030316,0.6164189433914125,0.3068575757575757,0.6249619595117601,0.6398583333333333,resnet32,0.6444,0.6366,1.2206537929278882,0.9453701753677293,0.2752836174754934,resnet32,0.642,0.6468,1.2419989952309565,0.9694017171013084,0.2725972767114978,resnet32,0.6355,0.641,1.2299667464738542,0.956264602528377,0.2737021461467851,resnet32,0.6327,0.6292,1.2229150325398555,0.9487917475741018,0.2741232829972763,resnet32,0.6528,0.6542,1.187491366978396,0.9214937115426768,0.26599765655753965,resnet32,0.6498,0.6436,1.1908633583648638,0.9249113572084091,0.26595200109295547,resnet32,0.6419,0.638,1.2253876943987878,0.9570006330243566,0.2683870589826256,resnet32,0.6427,0.643,1.2545577794821425,0.989404565400698,0.2651532119648023,resnet32,0.6288,0.63,1.2690808623182503,0.9902146417986263,0.2788662191014737,resnet32,0.6309,0.6302,1.3134069132872603,1.0406063447960399,0.2728005690838803,resnet32,0.6366,0.6432,1.2657518093897537,0.9958771298724142,0.26987468072382564,resnet32,0.6402,0.6336,1.2595527317713608,0.9911606125533581,0.2683921195566654,4500000.0,0.0,18000000.0,2124000000.0,25488000000.0
resnet32x12_cifar100_K12_topo-clusters2_seed0002_d011,d011,resnet32:12,cifar100,12,topology,topo-clusters2,peers,2,200,64,0.1,0.9,0.0005,True,0,60,0.1,1.0,1,,disagreement,1.0,1,0.0,0.5,weight,clusters:2,0.0,0.0,42,0,45000,5000,10000,5640048,118,0.010000000000000002,1,105.46,0.6379833333333333,0.008354223815265871,0.6239,0.6524,0.6981,0.06011666666666671,0.6337333333333334,0.6956,0.31490303030303035,0.6140071155948942,0.31278030303030313,0.6170702227913001,0.6379833333333333,resnet32,0.6524,0.6512,1.2098781064322048,0.9369704468514432,0.2729076605120843,resnet32,0.6423,0.6362,1.2270416578447276,0.9565360494465991,0.2705056084616279,resnet32,0.6389,0.6448,1.2275602336634288,0.9557727564295585,0.2717874765142121,resnet32,0.6493,0.6502,1.217418454164131,0.9441747272556479,0.27324372466484254,resnet32,0.6419,0.6398,1.181587691080164,0.915661278180778,0.265926412708888,resnet32,0.6439,0.6318,1.1897044646638362,0.9254082686013796,0.26429619729010895,resnet32,0.6401,0.634,1.226845358921723,0.9592142274433916,0.26763112853619864,resnet32,0.6239,0.6188,1.253120165487582,0.9878006996586919,0.2653194651727311,resnet32,0.6298,0.627,1.2674588504332034,0.9914594969119538,0.2759993509177796,resnet32,0.6312,0.6226,1.3110751877115532,1.04087998311628,0.27019520313479006,resnet32,0.6279,0.6272,1.2583434953438966,0.991307632743635,0.2670358602084558,resnet32,0.6342,0.6212,1.2535814868116921,0.9861993872645226,0.26738209810785274,4500000.0,0.0,18000000.0,2142000000.0,25704000000.0
resnet32x12_cifar100_K12_topo-clusters2_seed0002_d011,d011,resnet32:12,cifar100,12,topology,topo-clusters2,peers,2,200,64,0.1,0.9,0.0005,True,0,60,0.1,1.0,1,,disagreement,1.0,1,0.0,0.5,weight,clusters:2,0.0,0.0,42,0,45000,5000,10000,5640048,119,0.010000000000000002,1,105.34,0.640875,0.008935987634279727,0.6251,0.6601,0.6995,0.05862500000000004,0.63685,0.695,0.30950606060606056,0.6114887239727321,0.3129560606060607,0.6093051401311208,0.640875,resnet32,0.6601,0.6526,1.2103909901766614,0.935411053117026,0.27497993868945,resnet32,0.6486,0.6448,1.2245139790360222,0.9508037293668498,0.27371024880134925,resnet32,0.6364,0.6258,1.2168855012648485,0.9449292196130211,0.2719562807628377,resnet32,0.6347,0.6338,1.2116471876982937,0.9385461465201594,0.27310103872282937,resnet32,0.648,0.651,1.1766464835540815,0.9108420637944206,0.26580441815101286,resnet32,0.643,0.6412,1.180108922533691,0.9145059693096713,0.26560295138254086,resnet32,0.6422,0.6436,1.2197030189193108,0.9512944233349778,0.2684085941238498,resnet32,0.6467,0.639,1.245048089460893,0.9792385567826304,0.2658095304981213,resnet32,0.6251,0.6184,1.2569568211382085,0.9812400546771559,0.27571676643988624,resnet32,0.6315,0.6306,1.3004675115543334,1.0299561654471538,0.2705113423818892,resnet32,0.6344,0.6284,1.2571885680610484,0.9867120107466524,0.2704765568910675,resnet32,0.6398,0.633,1.2459083059802651,0.9751855128190734,0.270722793224691,4500000.0,0.0,18000000.0,2160000000.0,25920000000.0
resnet32x12_cifar100_K12_topo-clusters2_seed0002_d011,d011,resnet32:12,cifar100,12,topology,topo-clusters2,peers,2,200,64,0.1,0.9,0.0005,True,0,60,0.1,1.0,1,,disagreement,1.0,1,0.0,0.5,weight,clusters:2,0.0,0.0,42,0,45000,5000,10000,5640048,120,0.0010000000000000002,1,105.64,0.6945833333333332,0.005981336714221048,0.684,0.7047,0.7311,0.03651666666666675,0.6925166666666667,0.7278,0.22467575757575764,0.6864476245021705,0.22768181818181815,0.6839199666555168,0.6945833333333332,resnet32,0.6998,0.6958,0.9635779514739459,0.7848920324732634,0.1786859207998284,resnet32,0.697,0.6966,0.9783638279715722,0.8009159213185988,0.17744790635664354,resnet32,0.6942,0.6902,0.9721014173701406,0.794753713321618,0.17734770427076993,resnet32,0.6944,0.7032,0.9658819922161374,0.7876171094196086,0.17826488305052574,resnet32,0.7029,0.7038,0.9273680737242103,0.7576141214760189,0.16975395238577304,resnet32,0.7047,0.7006,0.9313411802392114,0.7627736926078796,0.16856748683759096,resnet32,0.6975,0.695,0.9807290706614201,0.8024392764676701,0.17828979543198578,resnet32,0.6935,0.6906,1.0077238299629905,0.8314467549154704,0.1762770746876909,resnet32,0.6872,0.6826,1.021087329496037,0.8342194583859633,0.18686787019991738,resnet32,0.684,0.6826,1.064469544386322,0.8826663214713335,0.18180322489404882,resnet32,0.6884,0.6846,1.0169413418255069,0.8354869647036222,0.1814543763598935,resnet32,0.6914,0.6846,1.0135286445306106,0.8316902248188853,0.1818384207594632,4500000.0,0.0,18000000.0,2178000000.0,26136000000.0
resnet32x12_cifar100_K12_topo-clusters2_seed0002_d011,d011,resnet32:12,cifar100,12,topology,topo-clusters2,peers,2,200,64,0.1,0.9,0.0005,True,0,60,0.1,1.0,1,,disagreement,1.0,1,0.0,0.5,weight,clusters:2,0.0,0.0,42,0,45000,5000,10000,5640048,121,0.0010000000000000002,1,105.05,0.6991916666666668,0.005320316145577145,0.6916,0.7073,0.7354,0.03620833333333329,0.6973166666666666,0.7342,0.22588181818181816,0.6762942519484761,0.22669090909090914,0.6789846711787803,0.6991916666666668,resnet32,0.704,0.701,0.8851038084619425,0.7263522882183845,0.15875152028589087,resnet32,0.7009,0.7024,0.8984675193205476,0.7408082865771245,0.15765923148402097,resnet32,0.7005,0.6998,0.8924534534188834,0.7351025958884169,0.15735085830304094,resnet32,0.7006,0.707,0.8877702445130456,0.7291004207323898,0.15866982420398432,resnet32,0.7073,0.7058,0.8495518666776743,0.6997979931025342,0.1497538736386394,resnet32,0.7069,0.7078,0.854337053077126,0.7048694835975766,0.14946756810373205,resnet32,0.7017,0.6994,0.9033786784857512,0.7418260291980748,0.16155264956283977,resnet32,0.6975,0.6886,0.9328835749660026,0.774084656583992,0.15879891782110048,resnet32,0.6919,0.6904,0.9446896857328035,0.7749865861524913,0.16970309890298682,resnet32,0.6922,0.6876,0.9886379143731161,0.8242181887088175,0.16441972598179497,resnet32,0.6916,0.6888,0.9395143211057241,0.7774115225130861,0.1621027983068912,resnet32,0.6952,0.6892,0.9317632306536491,0.7687645367854699,0.162998694810085,4500000.0,0.0,18000000.0,2196000000.0,26352000000.0
resnet32x12_cifar100_K12_topo-clusters2_seed0002_d011,d011,resnet32:12,cifar100,12,topology,topo-clusters2,peers,2,200,64,0.1,0.9,0.0005,True,0,60,0.1,1.0,1,,disagreement,1.0,1,0.0,0.5,weight,clusters:2,0.0,0.0,42,0,45000,5000,10000,5640048,122,0.0010000000000000002,1,110.61,0.7008416666666667,0.005881391322543393,0.6913,0.7128,0.7369,0.0360583333333333,0.6964999999999999,0.7352,0.22728484848484856,0.6757101706339165,0.22769242424242436,0.6747662238674096,0.7008416666666667,resnet32,0.701,0.699,0.8644609929655086,0.7050823842767965,0.15937860832888295,resnet32,0.7032,0.6976,0.880485787987709,0.7225547556934709,0.15793103036809375,resnet32,0.7037,0.703,0.8697735353118994,0.7133115373382514,0.15646199868272312,resnet32,0.7037,0.7076,0.864568935029886,0.7067000672475181,0.1578688687348569,resnet32,0.7068,0.708,0.8259882835501974,0.6776883195323701,0.14829996377441354,resnet32,0.7128,0.7084,0.8304993972520937,0.6826241943477229,0.14787520275620575,resnet32,0.7035,0.6944,0.8840232776816596,0.7235962614332411,0.1604270159415054,resnet32,0.6993,0.6906,0.9105533610352061,0.7526702280579642,0.15788313426839357,resnet32,0.6933,0.6888,0.9212737068195235,0.7520852382718162,0.16918846719305625,resnet32,0.6913,0.6822,0.9699048719961535,0.806396766057746,0.16350810685914688,resnet32,0.6941,0.6926,0.919067260724577,0.7572793900881979,0.16178787193811414,resnet32,0.6974,0.6858,0.9135872036726638,0.751438889017498,0.162148314464668,4500000.0,0.0,18000000.0,2214000000.0,26568000000.0
resnet32x12_cifar100_K12_topo-clusters2_seed0002_d011,d011,resnet32:12,cifar100,12,topology,topo-clusters2,peers,2,200,64,0.1,0.9,0.0005,True,0,60,0.1,1.0,1,,disagreement,1.0,1,0.0,0.5,weight,clusters:2,0.0,0.0,42,0,45000,5000,10000,5640048,123,0.0010000000000000002,1,105.75,0.7025666666666668,0.005958234264910677,0.6909,0.7112,0.7413,0.038733333333333175,0.7005,0.7372,0.22645151515151515,0.6738343516136573,0.22646060606060606,0.6767099665699796,0.7025666666666668,resnet32,0.7085,0.703,0.8414166298356246,0.6818856687962331,0.15953096193896438,resnet32,0.7046,0.6996,0.8564321727237918,0.6990991437977011,0.15733302783602002,resnet32,0.7027,0.7062,0.8496566964313388,0.6937020939182151,0.15595460340211337,resnet32,0.7048,0.709,0.8418409632603553,0.6844942791980099,0.1573466838930141,resnet32,0.7101,0.7132,0.8043099446645514,0.6565489254637875,0.1477610188091851,resnet32,0.7112,0.7084,0.809570054481314,0.6625391292301092,0.14703092447863045,resnet32,0.7055,0.7038,0.8633943828330799,0.7036297704008493,0.15976461175490508,resnet32,0.7004,0.6974,0.8906875538893722,0.7336955120025034,0.15699204402467745,resnet32,0.6954,0.6956,0.8997154071588408,0.7311668820171193,0.1685485261788761,resnet32,0.6909,0.6858,0.9473585319620642,0.7840082360092889,0.1633502935080535,resnet32,0.6957,0.691,0.8963303874162111,0.7364890530112792,0.1598413342779333,resnet32,0.701,0.693,0.8909673692489212,0.7305886169726198,0.1603787520223043,4500000.0,0.0,18000000.0,2232000000.0,26784000000.0
resnet32x12_cifar100_K12_topo-clusters2_seed0002_d011,d011,resnet32:12,cifar100,12,topology,topo-clusters2,peers,2,200,64,0.1,0.9,0.0005,True,0,60,0.1,1.0,1,,disagreement,1.0,1,0.0,0.5,weight,clusters:2,0.0,0.0,42,0,45000,5000,10000,5640048,124,0.0010000000000000002,1,112.43,0.7021833333333333,0.004828532098083459,0.6925,0.7094,0.7417,0.039516666666666755,0.7009833333333334,0.738,0.2240666666666666,0.6749219952051267,0.2274409090909091,0.6733719116919925,0.7021833333333333,resnet32,0.7059,0.7046,0.8272039585492827,0.6686363844200969,0.15856757492292672,resnet32,0.7034,0.702,0.8440561298788949,0.6870151339098811,0.15704099770466035,resnet32,0.7043,0.7052,0.8343783997591924,0.6785630594769662,0.15581534122413193,resnet32,0.7031,0.7106,0.824148262935606,0.6663120863535865,0.15783617760859092,resnet32,0.7086,0.7096,0.7894407118755308,0.6418216902000661,0.14761902204587718,resnet32,0.7094,0.714,0.7947034705853597,0.6473444838246162,0.14735898570242253,resnet32,0.7041,0.7044,0.8470466151748869,0.6871391848915003,0.15990743174386973,resnet32,0.7022,0.6958,0.8785079792988572,0.7217254278842699,0.15678255156275223,resnet32,0.6968,0.6944,0.8917739788832312,0.7206821915778246,0.17109178706199268,resnet32,0.6925,0.6878,0.9372298960489306,0.771690980065614,0.16553891674530777,resnet32,0.6966,0.6928,0.8796919454735789,0.7189185269261625,0.160773419637487,resnet32,0.6993,0.6906,0.872615485875444,0.7119505327110264,0.16066495179918341,4500000.0,0.0,18000000.0,2250000000.0,27000000000.0
resnet32x12_cifar100_K12_topo-clusters2_seed0002_d011,d011,resnet32:12,cifar100,12,topology,topo-clusters2,peers,2,200,64,0.1,0.9,0.0005,True,0,60,0.1,1.0,1,,disagreement,1.0,1,0.0,0.5,weight,clusters:2,0.0,0.0,42,0,45000,5000,10000,5640048,125,0.0010000000000000002,1,105.93,0.7031666666666667,0.0062498444425086105,0.6896,0.7133,0.7425,0.03933333333333333,0.7012333333333333,0.7388,0.22649393939393944,0.6722442793100509,0.22789242424242423,0.6707694891335816,0.7031666666666667,resnet32,0.7066,0.7072,0.8137393567541783,0.6548652678982101,0.15887409034820105,resnet32,0.7041,0.7064,0.8276503358290277,0.6700798945332115,0.15757044130639936,resnet32,0.7017,0.7086,0.8224848814477975,0.665387085173279,0.15709779558660972,resnet32,0.7062,0.708,0.8156959890726615,0.6571854126047004,0.15851057615046474,resnet32,0.7108,0.7118,0.7737578644671224,0.6259308975951915,0.1478269653373652,resnet32,0.7133,0.7094,0.7776967825537379,0.6301451655612751,0.14755161806136707,resnet32,0.7055,0.702,0.8313826944425025,0.6706640791063282,0.1607186151350933,resnet32,0.7041,0.6944,0.8633115305988626,0.7055515708317134,0.15775996109005064,resnet32,0.695,0.6986,0.87642237205397,0.70574585754763,0.17067651425234295,resnet32,0.6896,0.687,0.9239025073633953,0.7592802838507023,0.1646222218934616,resnet32,0.698,0.6956,0.8662760212001476,0.7053293987515975,0.160946624152447,resnet32,0.7031,0.6858,0.859316298992119,0.6977849039249122,0.1615313951201229,4500000.0,0.0,18000000.0,2268000000.0,27216000000.0
resnet32x12_cifar100_K12_topo-clusters2_seed0002_d011,d011,resnet32:12,cifar100,12,topology,topo-clusters2,peers,2,200,64,0.1,0.9,0.0005,True,0,60,0.1,1.0,1,,disagreement,1.0,1,0.0,0.5,weight,clusters:2,0.0,0.0,42,0,45000,5000,10000,5640048,126,0.0010000000000000002,1,104.91,0.7022750000000001,0.006161997105917321,0.692,0.7151,0.742,0.0397249999999999,0.7015999999999999,0.7392,0.22894848484848482,0.6674870849458421,0.23000757575757583,0.670831828173284,0.7022750000000001,resnet32,0.7069,0.7034,0.8057454161938619,0.6467913781631399,0.15895403936420652,resnet32,0.7055,0.705,0.8185293779877777,0.660236640917984,0.15829273740845648,resnet32,0.7005,0.7066,0.8110472035848282,0.6542437242513354,0.15680348107972267,resnet32,0.7074,0.7132,0.8021634216420352,0.6440059761093422,0.1581574458078566,resnet32,0.7074,0.7136,0.7677842725322328,0.6185420817610893,0.14924218983982096,resnet32,0.7151,0.7062,0.7723868818191643,0.6241907259788025,0.1481961557027799,resnet32,0.7024,0.7052,0.8276045162400062,0.6647383742965758,0.16286614113910633,resnet32,0.6995,0.6934,0.8550143817185678,0.6954244438728149,0.15958993799391796,resnet32,0.698,0.6974,0.8686562077226964,0.6953857143155553,0.17327049277214843,resnet32,0.692,0.6876,0.9158926206556234,0.7488487643951719,0.16704385421789167,resnet32,0.6969,0.6956,0.8589801543222909,0.6957916978492655,0.16318845706568522,resnet32,0.6957,0.692,0.8529217649166557,0.6899615410630676,0.16296022305984728,4500000.0,0.0,18000000.0,2286000000.0,27432000000.0
resnet32x12_cifar100_K12_topo-clusters2_seed0002_d011,d011,resnet32:12,cifar100,12,topology,topo-clusters2,peers,2,200,64,0.1,0.9,0.0005,True,0,60,0.1,1.0,1,,disagreement,1.0,1,0.0,0.5,weight,clusters:2,0.0,0.0,42,0,45000,5000,10000,5640048,127,0.0010000000000000002,1,105.09,0.7039833333333333,0.006642393310312857,0.6941,0.7143,0.7424,0.038416666666666655,0.7000500000000001,0.7396,0.22969090909090914,0.6678009189851216,0.22859242424242424,0.6709265406354118,0.7039833333333333,resnet32,0.7097,0.709,0.8037387724881145,0.6402450953186913,0.16349367688367653,resnet32,0.7046,0.7006,0.8156046626073393,0.6534824508072977,0.16212221065705473,resnet32,0.7043,0.7032,0.8100468584082343,0.6500537880611691,0.1599930698073215,resnet32,0.7107,0.711,0.801900255959481,0.6398807033388452,0.1620195510860702,resnet32,0.7134,0.7058,0.7655527781779793,0.6124159634875302,0.1531368156006052,resnet32,0.7143,0.7054,0.773590837224302,0.6214757614176382,0.1521150761982426,resnet32,0.7046,0.7056,0.8227031368508257,0.6598831308497624,0.16282000644555825,resnet32,0.7,0.6932,0.8491728502664376,0.6894710608758032,0.15970178910488772,resnet32,0.6965,0.6964,0.8686787007715214,0.6941658165305853,0.17451288402927193,resnet32,0.6941,0.6882,0.9121144531633366,0.7434491648508067,0.1686652886406095,resnet32,0.6956,0.6928,0.8570865545083176,0.6908419024707242,0.16624465110627087,resnet32,0.7,0.6894,0.8517310237511992,0.6857525780797005,0.16597844468726014,4500000.0,0.0,18000000.0,2304000000.0,27648000000.0
resnet32x12_cifar100_K12_topo-clusters2_seed0002_d011,d011,resnet32:12,cifar100,12,topology,topo-clusters2,peers,2,200,64,0.1,0.9,0.0005,True,0,60,0.1,1.0,1,,disagreement,1.0,1,0.0,0.5,weight,clusters:2,0.0,0.0,42,0,45000,5000,10000,5640048,128,0.0010000000000000002,1,105.42,0.7035416666666667,0.005804087400750927,0.6939,0.7151,0.7445,0.04095833333333332,0.7016666666666667,0.7412,0.2304454545454546,0.6633927545481355,0.23242272727272728,0.6665473669740614,0.7035416666666667,resnet32,0.7094,0.7038,0.795484324705533,0.6312090729532595,0.1642752509902824,resnet32,0.7055,0.7094,0.8105020028200339,0.6473788656717674,0.16312313512687318,resnet32,0.7031,0.7038,0.8051042620261962,0.6439021346159279,0.16120212913533163,resnet32,0.7044,0.7106,0.7998797722499479,0.636716048529541,0.16316372504330834,resnet32,0.7103,0.7122,0.7597012902948667,0.6058930136602033,0.15380827696274288,resnet32,0.7151,0.7062,0.7645622628148306,0.611078370404853,0.15348389209248126,resnet32,0.7053,0.7056,0.8151140595701608,0.6507394278252666,0.16437463131098246,resnet32,0.6997,0.6934,0.8470241011713039,0.6852248761887577,0.1617992237972265,resnet32,0.6985,0.6988,0.8628311590714888,0.6868655568581413,0.175965602689592,resnet32,0.6939,0.6884,0.9068438089876012,0.7367187547920779,0.17012505456593566,resnet32,0.6996,0.694,0.8517852296460081,0.6855153741569004,0.16626985429320484,resnet32,0.6977,0.6938,0.8451801569793712,0.678298721132292,0.16688143506392158,4500000.0,0.0,18000000.0,2322000000.0,27864000000.0
resnet32x12_cifar100_K12_topo-clusters2_seed0002_d011,d011,resnet32:12,cifar100,12,topology,topo-clusters2,peers,2,200,64,0.1,0.9,0.0005,True,0,60,0.1,1.0,1,,disagreement,1.0,1,0.0,0.5,weight,clusters:2,0.0,0.0,42,0,45000,5000,10000,5640048,129,0.0010000000000000002,1,105.2,0.7044666666666667,0.005440179735592899,0.6939,0.7137,0.7441,0.0396333333333333,0.7021333333333333,0.7398,0.22879696969696967,0.669744678251687,0.23095757575757575,0.6655319314051699,0.7044666666666667,resnet32,0.7063,0.707,0.7877198047935963,0.6222948450171812,0.1654249606654048,resnet32,0.7035,0.709,0.8007698322392323,0.6369733499278399,0.16379648250189016,resnet32,0.7022,0.7056,0.7941962698982521,0.6316392701542513,0.1625569989396767,resnet32,0.708,0.7128,0.7891666732135821,0.6249051506377079,0.16426152266053992,resnet32,0.7125,0.709,0.7513292429714717,0.5972077999348667,0.15412144335410136,resnet32,0.7137,0.7074,0.7543220580555499,0.6007893546907739,0.15353270240170372,resnet32,0.7091,0.7068,0.8082318487153812,0.6414724538441409,0.16675939499823886,resnet32,0.7021,0.6956,0.8373492480340329,0.6735018260184337,0.16384742302100427,resnet32,0.6994,0.7012,0.8512699668380347,0.6752710779705509,0.17599888798907737,resnet32,0.6939,0.6852,0.8965158023109491,0.7267084920948202,0.1698073114331981,resnet32,0.7021,0.6952,0.8389704682102258,0.6736772830428724,0.1652931860669262,resnet32,0.7008,0.6908,0.8344351915134625,0.6685494576072828,0.16588573436125775,4500000.0,0.0,18000000.0,2340000000.0,28080000000.0
resnet32x12_cifar100_K12_topo-clusters2_seed0002_d011,d011,resnet32:12,cifar100,12,topology,topo-clusters2,peers,2,200,64,0.1,0.9,0.0005,True,0,60,0.1,1.0,1,,disagreement,1.0,1,0.0,0.5,weight,clusters:2,0.0,0.0,42,0,45000,5000,10000,5640048,130,0.0010000000000000002,1,106.14,0.7045999999999998,0.0051966335256586876,0.6953,0.7142,0.7458,0.041200000000000236,0.7027166666666665,0.744,0.23159696969696972,0.6646886750600629,0.23155757575757582,0.6668433964529641,0.7045999999999998,resnet32,0.7075,0.7084,0.7847279633649371,0.6182041188955985,0.16652384524191308,resnet32,0.7062,0.7064,0.7992673254233192,0.6344561510804024,0.1648111748614941,resnet32,0.7051,0.7112,0.7904811862178824,0.6277024267156693,0.1627787593011321,resnet32,0.7072,0.7106,0.7822241187095642,0.6169910692525181,0.16523304893846877,resnet32,0.7116,0.7128,0.747393108015372,0.5921665270897475,0.15522657996255226,resnet32,0.7142,0.7106,0.7548646686005999,0.6007507489994168,0.15411391910377212,resnet32,0.7061,0.7036,0.8068821424703029,0.6397847491316497,0.16709739379373126,resnet32,0.7002,0.6928,0.8345430173318494,0.6703131875361908,0.16422983079048042,resnet32,0.6991,0.6984,0.8469986982474272,0.6690476232377643,0.17795107596215198,resnet32,0.6953,0.6926,0.891751054674387,0.7205520788292316,0.17119897704105824,resnet32,0.703,0.696,0.8377731830220331,0.6698925214904276,0.16788066225126386,resnet32,0.6997,0.6892,0.8313318805938418,0.6627500885674222,0.1685817914125933,4500000.0,0.0,18000000.0,2358000000.0,28296000000.0
resnet32x12_cifar100_K12_topo-clusters2_seed0002_d011,d011,resnet32:12,cifar100,12,topology,topo-clusters2,peers,2,200,64,0.1,0.9,0.0005,True,0,60,0.1,1.0,1,,disagreement,1.0,1,0.0,0.5,weight,clusters:2,0.0,0.0,42,0,45000,5000,10000,5640048,131,0.0010000000000000002,1,105.56,0.705625,0.005870849597800992,0.6953,0.7165,0.7451,0.03947500000000004,0.7028166666666668,0.7432,0.23044545454545454,0.6648267100713565,0.23091060606060607,0.6660812736772462,0.705625,resnet32,0.7098,0.7074,0.7802262718111954,0.6120290039530532,0.16819726767822762,resnet32,0.7055,0.708,0.7936320077119903,0.6265016700225797,0.16713033827148716,resnet32,0.7057,0.709,0.7847191491587595,0.6190547339025546,0.16566441498104145,resnet32,0.7099,0.709,0.7803754201582209,0.6130112267776646,0.16736419426954605,resnet32,0.7165,0.7122,0.7373994522389363,0.5830871693112634,0.15431228270542555,resnet32,0.7137,0.7072,0.7427233381366188,0.588985999495807,0.1537373387466439,resnet32,0.7063,0.706,0.7975322727791287,0.6300744081593372,0.16745786386838352,resnet32,0.702,0.6972,0.8248764449222521,0.6611024828373708,0.1637739616403864,resnet32,0.6986,0.6988,0.8416192823682319,0.6618161105804823,0.17980317104692486,resnet32,0.6953,0.6904,0.8892795694145289,0.7158563493496992,0.1734232199589976,resnet32,0.7021,0.6964,0.8285374144430865,0.6602954155003483,0.16824199870990758,resnet32,0.7021,0.6922,0.8246996940367601,0.656542397019538,0.16815729717597028,4500000.0,0.0,18000000.0,2376000000.0,28512000000.0
resnet32x12_cifar100_K12_topo-clusters2_seed0002_d011,d011,resnet32:12,cifar100,12,topology,topo-clusters2,peers,2,200,64,0.1,0.9,0.0005,True,0,60,0.1,1.0,1,,disagreement,1.0,1,0.0,0.5,weight,clusters:2,0.0,0.0,42,0,45000,5000,10000,5640048,132,0.0010000000000000002,1,104.85,0.7058166666666668,0.005765100943512516,0.6958,0.7161,0.7468,0.04098333333333326,0.7031000000000001,0.7456,0.23074545454545456,0.6629781583993434,0.23323636363636363,0.6596065726807899,0.7058166666666668,resnet32,0.7108,0.7102,0.7743540898558091,0.6063131143084981,0.16804097530389714,resnet32,0.709,0.7074,0.786367729602551,0.6195802010003139,0.1667875302638012,resnet32,0.705,0.712,0.7803533724932508,0.6154477709734981,0.16490560203832996,resnet32,0.7083,0.7148,0.7728514912622896,0.6061907247216864,0.16666076679460026,resnet32,0.7136,0.7096,0.7351893095553599,0.5779911181889474,0.15719819064675408,resnet32,0.7161,0.7082,0.7401982515796341,0.5839822338470682,0.15621601694940843,resnet32,0.7053,0.7038,0.793434032747014,0.6247517227787863,0.16868231176737358,resnet32,0.7025,0.6978,0.8217863719910383,0.6565008384006267,0.16528553434181958,resnet32,0.7004,0.698,0.8406125379048965,0.6601657463152978,0.1804467924891717,resnet32,0.6958,0.69,0.884963218884712,0.7103527553633533,0.17461046419868415,resnet32,0.699,0.696,0.8295297057113864,0.6600912847894836,0.16943842099598524,resnet32,0.704,0.6894,0.8207725266164,0.6514752279035747,0.16929729842707852,4500000.0,0.0,18000000.0,2394000000.0,28728000000.0
resnet32x12_cifar100_K12_topo-clusters2_seed0002_d011,d011,resnet32:12,cifar100,12,topology,topo-clusters2,peers,2,200,64,0.1,0.9,0.0005,True,0,60,0.1,1.0,1,,disagreement,1.0,1,0.0,0.5,weight,clusters:2,0.0,0.0,42,0,45000,5000,10000,5640048,133,0.0010000000000000002,1,104.78,0.7049083333333334,0.005533603156071889,0.6903,0.712,0.7475,0.042591666666666694,0.7025333333333333,0.7418,0.23298787878787883,0.6626715271043426,0.23411515151515144,0.6602067349691693,0.7049083333333334,resnet32,0.7091,0.7044,0.7656458178111776,0.5964694978161291,0.1691763187673959,resnet32,0.7054,0.7026,0.7811412067067894,0.6139129892584275,0.16722821760711007,resnet32,0.7041,0.711,0.777301031418822,0.6100163635459136,0.1672846678411588,resnet32,0.7053,0.7152,0.7689998987215486,0.5995352335528217,0.16946466518989342,resnet32,0.712,0.712,0.7291679592295126,0.5725992092100735,0.156568749606694,resnet32,0.7119,0.7096,0.7333138165572151,0.5769423393278637,0.15637147752568126,resnet32,0.7067,0.7046,0.7906039293262769,0.6186788193458184,0.17192510974762792,resnet32,0.703,0.6996,0.8204196227121759,0.6515933208760213,0.16882630199490284,resnet32,0.7067,0.7026,0.8326333270154216,0.652372209101238,0.18026111720510843,resnet32,0.6903,0.6868,0.8784136634574018,0.70432293897664,0.1740907235176895,resnet32,0.7046,0.694,0.81766674536365,0.64765226544643,0.17001447968438946,resnet32,0.6998,0.688,0.8128657197071747,0.6426834032701497,0.17018231579144907,4500000.0,0.0,18000000.0,2412000000.0,28944000000.0
resnet32x12_cifar100_K12_topo-clusters2_seed0002_d011,d011,resnet32:12,cifar100,12,topology,topo-clusters2,peers,2,200,64,0.1,0.9,0.0005,True,0,60,0.1,1.0,1,,disagreement,1.0,1,0.0,0.5,weight,clusters:2,0.0,0.0,42,0,45000,5000,10000,5640048,134,0.0010000000000000002,1,104.88,0.7053916666666668,0.006253193628503422,0.6889,0.7133,0.7455,0.0401083333333333,0.7030333333333333,0.7464,0.23334242424242427,0.6630094828927945,0.23324242424242422,0.661404841655098,0.7053916666666668,resnet32,0.7117,0.7064,0.7596122929403051,0.5893385001373562,0.17027379345910792,resnet32,0.7077,0.7088,0.7722542654638264,0.603818001394922,0.1684362642170692,resnet32,0.7056,0.706,0.7666389274156906,0.5989702642387287,0.16766866455277937,resnet32,0.7075,0.709,0.7619728571311994,0.5930840403095565,0.16888881641948086,resnet32,0.7133,0.7144,0.7239161099899899,0.5640943201936104,0.15982179082295095,resnet32,0.7124,0.7044,0.7305070394226774,0.5718958273699338,0.1586112120209939,resnet32,0.7069,0.7046,0.7834286202507262,0.6129535527222536,0.17047506805763327,resnet32,0.7018,0.6996,0.8105005881833759,0.642436085565185,0.16806450370826165,resnet32,0.7043,0.706,0.8243048196997155,0.6430355534804139,0.18126926652621478,resnet32,0.6889,0.6898,0.8709093867377802,0.6952714188532396,0.17563796898519451,resnet32,0.7028,0.6968,0.8132717766883698,0.6412179950963367,0.17205378187777984,resnet32,0.7018,0.6906,0.8105884776027366,0.6384470783682032,0.17214139947794715,4500000.0,0.0,18000000.0,2430000000.0,29160000000.0
resnet32x12_cifar100_K12_topo-clusters2_seed0002_d011,d011,resnet32:12,cifar100,12,topology,topo-clusters2,peers,2,200,64,0.1,0.9,0.0005,True,0,60,0.1,1.0,1,,disagreement,1.0,1,0.0,0.5,weight,clusters:2,0.0,0.0,42,0,45000,5000,10000,5640048,135,0.0010000000000000002,1,104.62,0.7048166666666665,0.006517774841837423,0.6896,0.7147,0.7489,0.044083333333333474,0.7044833333333332,0.7458,0.23223939393939394,0.6619157496211947,0.23408484848484856,0.660120323143319,0.7048166666666665,resnet32,0.7087,0.7096,0.7614969834261998,0.5902154250493781,0.17128155768891287,resnet32,0.7058,0.7068,0.7725363018160517,0.603755319448696,0.16878098124553534,resnet32,0.7019,0.7072,0.767862044528804,0.598058738745749,0.16980330651329661,resnet32,0.7078,0.7118,0.7617310180159454,0.5901744389398531,0.17155657871626318,resnet32,0.7124,0.7162,0.7240573932332072,0.5637009776282039,0.16035641602833162,resnet32,0.7147,0.7134,0.7247715624133971,0.5653790403369137,0.15939252321947028,resnet32,0.7097,0.7062,0.779855811079456,0.6079779531044717,0.17187785825014792,resnet32,0.6991,0.6978,0.80874404696409,0.640600923999128,0.1681431231025437,resnet32,0.7048,0.699,0.8259339297020977,0.6432317765852944,0.18270215282047336,resnet32,0.6896,0.6914,0.8706545020368966,0.6942831447601996,0.17637135698036713,resnet32,0.6991,0.6972,0.8107596044851975,0.6361464327201247,0.17461317209315233,resnet32,0.7042,0.6972,0.8065535696223378,0.6321206125854091,0.17443295726975935,4500000.0,0.0,18000000.0,2448000000.0,29376000000.0
resnet32x12_cifar100_K12_topo-clusters2_seed0002_d011,d011,resnet32:12,cifar100,12,topology,topo-clusters2,peers,2,200,64,0.1,0.9,0.0005,True,0,60,0.1,1.0,1,,disagreement,1.0,1,0.0,0.5,weight,clusters:2,0.0,0.0,42,0,45000,5000,10000,5640048,136,0.0010000000000000002,1,105.17,0.7050083333333332,0.004894632831536554,0.6956,0.7149,0.7497,0.044691666666666796,0.7025833333333334,0.745,0.23458787878787882,0.6597731462502013,0.23601060606060598,0.6586972699137595,0.7050083333333332,resnet32,0.7092,0.7096,0.7577852816744284,0.5841979490254413,0.17358733142133465,resnet32,0.7065,0.7062,0.7732739137824286,0.6015391448004679,0.17173476938412272,resnet32,0.706,0.7076,0.7631581835025414,0.5936055808243427,0.1695526024877009,resnet32,0.7083,0.7128,0.7570633958093822,0.5849427199414508,0.17212067527527158,resnet32,0.7088,0.7098,0.7190473758276891,0.5583673084408722,0.16068006717515262,resnet32,0.7149,0.7088,0.7230517732995477,0.5631907462057743,0.1598610270726071,resnet32,0.7048,0.6988,0.7781134023415771,0.6046647594987669,0.1734486430756409,resnet32,0.7025,0.6966,0.8042303649708629,0.63465485683727,0.16957550792192871,resnet32,0.6996,0.697,0.8246793021363291,0.6393720107153058,0.18530729127285833,resnet32,0.6956,0.6912,0.8690841060809114,0.6904046778059141,0.17867942778816956,resnet32,0.7013,0.7004,0.8084858531894331,0.6333966129036113,0.17508924098431386,resnet32,0.7026,0.6922,0.8053305011073296,0.6298581762239337,0.17547232549722222,4500000.0,0.0,18000000.0,2466000000.0,29592000000.0
resnet32x12_cifar100_K12_topo-clusters2_seed0002_d011,d011,resnet32:12,cifar100,12,topology,topo-clusters2,peers,2,200,64,0.1,0.9,0.0005,True,0,60,0.1,1.0,1,,disagreement,1.0,1,0.0,0.5,weight,clusters:2,0.0,0.0,42,0,45000,5000,10000,5640048,137,0.0010000000000000002,1,112.83,0.7063,0.005557277510916055,0.6945,0.7169,0.7503,0.04399999999999993,0.7034833333333332,0.7466,0.2350636363636363,0.6584938155747528,0.23470454545454553,0.6569051814117364,0.7063,resnet32,0.7093,0.708,0.7527255073020404,0.5793341900729998,0.17339131693271073,resnet32,0.709,0.7094,0.7659282387572933,0.5938269644975662,0.17210127457722343,resnet32,0.7049,0.7106,0.7589229415594176,0.5887737726708028,0.17014916757629675,resnet32,0.7089,0.7108,0.7533062739213082,0.5804529029621996,0.17285336982670493,resnet32,0.7095,0.712,0.7142478530718521,0.5516885351812975,0.16255931764714082,resnet32,0.7169,0.709,0.7192332756451585,0.5572930259884081,0.1619402489900081,resnet32,0.7116,0.7046,0.7730230120941997,0.5970842011950233,0.17593881007368592,resnet32,0.7046,0.6952,0.8030938170426949,0.6306800654750656,0.17241375118663366,resnet32,0.7028,0.6998,0.8190546920523047,0.6318756945600564,0.1871789961799302,resnet32,0.6945,0.687,0.8685939692130143,0.6885000475766984,0.18009392078965902,resnet32,0.7019,0.7008,0.8060621895234693,0.6311785797165199,0.1748836108335209,resnet32,0.7017,0.6946,0.7993934109214355,0.6242714679630642,0.17512194234454495,4500000.0,0.0,18000000.0,2484000000.0,29808000000.0
resnet32x12_cifar100_K12_topo-clusters2_seed0002_d011,d011,resnet32:12,cifar100,12,topology,topo-clusters2,peers,2,200,64,0.1,0.9,0.0005,True,0,60,0.1,1.0,1,,disagreement,1.0,1,0.0,0.5,weight,clusters:2,0.0,0.0,42,0,45000,5000,10000,5640048,138,0.0010000000000000002,1,105.18,0.705825,0.005353989945202864,0.6958,0.7162,0.7483,0.04247499999999993,0.7025166666666666,0.7444,0.2361515151515152,0.6568265593735508,0.23518484848484847,0.6599846813139324,0.705825,resnet32,0.7119,0.709,0.7449200862425972,0.5712541981854222,0.17366588869216767,resnet32,0.7069,0.7082,0.7577741194770418,0.5865137367932634,0.1712603839749301,resnet32,0.7042,0.7114,0.752010034524243,0.580093655565923,0.17191637938164853,resnet32,0.7065,0.7166,0.7470602145079862,0.5732877457683737,0.1737724696603519,resnet32,0.7123,0.707,0.7075541401705281,0.5455273958346383,0.16202674416655843,resnet32,0.7162,0.7094,0.7116548283110288,0.5510157406838103,0.16063908929936588,resnet32,0.7057,0.6982,0.7646885452030058,0.5901037407192317,0.17458480411336164,resnet32,0.7048,0.6946,0.7920590283941816,0.6210507885976271,0.17100823852656918,resnet32,0.7001,0.7006,0.8123674605634402,0.6262043027037923,0.18616315759506755,resnet32,0.6958,0.6884,0.8609181327575987,0.6813098169778559,0.17960831591732462,resnet32,0.7027,0.6964,0.7959753296930682,0.6216244447807019,0.17435088625643402,resnet32,0.7028,0.6904,0.793026922439987,0.6177497550591149,0.17527716741262173,4500000.0,0.0,18000000.0,2502000000.0,30024000000.0
resnet32x12_cifar100_K12_topo-clusters2_seed0002_d011,d011,resnet32:12,cifar100,12,topology,topo-clusters2,peers,2,200,64,0.1,0.9,0.0005,True,0,60,0.1,1.0,1,,disagreement,1.0,1,0.0,0.5,weight,clusters:2,0.0,0.0,42,0,45000,5000,10000,5640048,139,0.0010000000000000002,1,104.55,0.7062249999999999,0.005667910402726325,0.6944,0.7169,0.7516,0.045375000000000165,0.7044166666666666,0.7444,0.23531515151515148,0.6549050169566586,0.2362151515151515,0.6562311016287373,0.7062249999999999,resnet32,0.7068,0.7128,0.7471563675102185,0.5715903216041625,0.17556604591663927,resnet32,0.7063,0.711,0.7620765149424021,0.5883505053564229,0.17372600954364648,resnet32,0.7083,0.7046,0.7548648784021762,0.5822072106582875,0.17265766685489903,resnet32,0.7052,0.7122,0.7460543997585773,0.5717275998639789,0.17432680106933482,resnet32,0.715,0.7112,0.7089605244215239,0.5453964626755227,0.16356406149200417,resnet32,0.7169,0.7104,0.7139310197989371,0.5509736049835655,0.16295741467778993,resnet32,0.7079,0.7038,0.7677705713801763,0.590902267320251,0.1768683041340079,resnet32,0.7048,0.7004,0.7990646231919527,0.6262753895399246,0.17278923285828734,resnet32,0.7001,0.6972,0.8136279612610285,0.6267037490721453,0.18692421140572565,resnet32,0.6944,0.6894,0.8578658099709586,0.6779089743186805,0.17995683591685852,resnet32,0.7051,0.7024,0.8020572631873868,0.6243567541664974,0.17770050969821485,resnet32,0.7039,0.6976,0.795353535732085,0.6179081452587112,0.17744538954205133,4500000.0,0.0,18000000.0,2520000000.0,30240000000.0
resnet32x12_cifar100_K12_topo-clusters2_seed0002_d011,d011,resnet32:12,cifar100,12,topology,topo-clusters2,peers,2,200,64,0.1,0.9,0.0005,True,0,60,0.1,1.0,1,,disagreement,1.0,1,0.0,0.5,weight,clusters:2,0.0,0.0,42,0,45000,5000,10000,5640048,140,0.0010000000000000002,1,106.09,0.7069333333333332,0.004863012326623165,0.6999,0.7192,0.7485,0.04156666666666686,0.7042000000000002,0.7452,0.23444242424242426,0.6585904277101264,0.23517272727272728,0.6560883010682592,0.7069333333333332,resnet32,0.7086,0.7088,0.7434309788725593,0.5672432164746252,0.1761877625037662,resnet32,0.7064,0.7072,0.7586015161465515,0.5838353821415115,0.1747661343542859,resnet32,0.7078,0.705,0.7514891531741754,0.5777160335670818,0.17377312055958266,resnet32,0.7058,0.7128,0.7455841467969797,0.5705449165437709,0.17503923155494372,resnet32,0.7125,0.7104,0.7041371050714091,0.5409205734137107,0.16321653135078537,resnet32,0.7192,0.713,0.7091050449843433,0.5469688259657811,0.16213621908206155,resnet32,0.7085,0.7016,0.7607492191124369,0.5837785363705321,0.17697068301706828,resnet32,0.7045,0.7,0.7909106523306533,0.6176317602988671,0.17327889189420437,resnet32,0.7028,0.6988,0.8093480698510327,0.6225054973567073,0.18684257207099686,resnet32,0.6999,0.6942,0.8532947204075754,0.6731240666810084,0.18017065299632537,resnet32,0.7038,0.703,0.7946322615343061,0.6179185582917522,0.17671370266047728,resnet32,0.7034,0.6956,0.7922231400893494,0.6151718051088128,0.17705133516045118,4500000.0,0.0,18000000.0,2538000000.0,30456000000.0
resnet32x12_cifar100_K12_topo-clusters2_seed0002_d011,d011,resnet32:12,cifar100,12,topology,topo-clusters2,peers,2,200,64,0.1,0.9,0.0005,True,0,60,0.1,1.0,1,,disagreement,1.0,1,0.0,0.5,weight,clusters:2,0.0,0.0,42,0,45000,5000,10000,5640048,141,0.0010000000000000002,1,105.41,0.7052,0.004959670687992627,0.6933,0.7132,0.7493,0.04409999999999992,0.7021000000000001,0.7458,0.23651818181818188,0.6565867929688153,0.23706212121212117,0.6561033295570524,0.7052,resnet32,0.708,0.711,0.7438754159533842,0.5662603311410005,0.1776150861987844,resnet32,0.7056,0.7076,0.7540693675929849,0.578921959227459,0.17514740815386176,resnet32,0.7066,0.7126,0.7512970745394175,0.5762530123306946,0.17504406213464047,resnet32,0.7067,0.7092,0.7429961624385958,0.5659276489168406,0.17706851310901006,resnet32,0.7132,0.7108,0.7017693979750302,0.5362186119045046,0.16555078492753886,resnet32,0.7122,0.7084,0.7100773741152476,0.5455140148458834,0.16456335835920816,resnet32,0.7017,0.6998,0.7649412669072096,0.5867080902680755,0.1782331763110547,resnet32,0.7035,0.6948,0.7912659247998487,0.6165155469101261,0.174750378662297,resnet32,0.7017,0.6968,0.8078134404918687,0.6191415193660016,0.1886719213586978,resnet32,0.6933,0.687,0.8541213643991135,0.6720946556465193,0.18202670891134237,resnet32,0.7043,0.6964,0.7919233378276906,0.6126727362756025,0.17925060156267136,resnet32,0.7056,0.6908,0.7903172505426813,0.6108574971810661,0.17945975508667866,4500000.0,0.0,18000000.0,2556000000.0,30672000000.0
resnet32x12_cifar100_K12_topo-clusters2_seed0002_d011,d011,resnet32:12,cifar100,12,topology,topo-clusters2,peers,2,200,64,0.1,0.9,0.0005,True,0,60,0.1,1.0,1,,disagreement,1.0,1,0.0,0.5,weight,clusters:2,0.0,0.0,42,0,45000,5000,10000,5640048,142,0.0010000000000000002,1,105.79,0.70545,0.005830451669181957,0.6931,0.7163,0.7499,0.04444999999999999,0.7031833333333335,0.7456,0.23599696969696965,0.6554262027279428,0.23756363636363637,0.6547634874553666,0.70545,resnet32,0.7065,0.71,0.7352081780237231,0.5578939119692553,0.17731426629788158,resnet32,0.7087,0.7026,0.7464490293694491,0.5711755827069283,0.17527344594286245,resnet32,0.7033,0.7084,0.7378086053596978,0.5651046161285855,0.1727039897814393,resnet32,0.7053,0.7096,0.7315186047926545,0.5562820291908627,0.17523657691410996,resnet32,0.7135,0.7102,0.6942379359071228,0.5286503966305066,0.16558753887445413,resnet32,0.7163,0.71,0.6995071436871182,0.5350855501707305,0.16442159374921836,resnet32,0.7086,0.702,0.7564584150995043,0.5773340583863583,0.17912435700947588,resnet32,0.7024,0.6934,0.7848395591771061,0.6101956344209611,0.1746439239624041,resnet32,0.6997,0.7022,0.7990827668373558,0.6089115479791706,0.19017121799036182,resnet32,0.6931,0.6932,0.8470025557008657,0.663619182580574,0.1833833744008602,resnet32,0.7038,0.7026,0.788030665833503,0.6092239653014324,0.1788066994525831,resnet32,0.7042,0.694,0.7831081995655867,0.6034301387738775,0.17967805996621874,4500000.0,0.0,18000000.0,2574000000.0,30888000000.0
resnet32x12_cifar100_K12_topo-clusters2_seed0002_d011,d011,resnet32:12,cifar100,12,topology,topo-clusters2,peers,2,200,64,0.1,0.9,0.0005,True,0,60,0.1,1.0,1,,disagreement,1.0,1,0.0,0.5,weight,clusters:2,0.0,0.0,42,0,45000,5000,10000,5640048,143,0.0010000000000000002,1,104.46,0.7052666666666667,0.0050191854142104,0.692,0.7124,0.7516,0.04633333333333334,0.7037666666666667,0.7472,0.23566363636363635,0.6550224511615649,0.23766363636363638,0.6565601947596943,0.7052666666666667,resnet32,0.7076,0.7088,0.7356062120419334,0.5564681427468631,0.17913806925273754,resnet32,0.7056,0.7088,0.7497772291218016,0.5727058338763361,0.17707139456813986,resnet32,0.7045,0.7086,0.7424504852599718,0.5671989513476464,0.17525153322441672,resnet32,0.7069,0.7092,0.7346473248167471,0.5577857251363721,0.17686160005078735,resnet32,0.7102,0.7124,0.6955451461147856,0.5290753245777027,0.16646982107142155,resnet32,0.7124,0.7132,0.7010849826884541,0.5351285929368301,0.16595639112744143,resnet32,0.7094,0.706,0.7550953875126486,0.5756632935848426,0.1794320932928134,resnet32,0.7042,0.6988,0.7834812128831717,0.607444562187249,0.1760366522304883,resnet32,0.7006,0.7004,0.80148845911026,0.6116498917849227,0.1898385676322505,resnet32,0.692,0.6866,0.8488094782118093,0.6654705983501944,0.18333888158667833,resnet32,0.7039,0.6992,0.7871172140267763,0.6063619525679811,0.18075526285577903,resnet32,0.7059,0.6932,0.7815958173860881,0.6014525030993603,0.1801433144666424,4500000.0,0.0,18000000.0,2592000000.0,31104000000.0
resnet32x12_cifar100_K12_topo-clusters2_seed0002_d011,d011,resnet32:12,cifar100,12,topology,topo-clusters2,peers,2,200,64,0.1,0.9,0.0005,True,0,60,0.1,1.0,1,,disagreement,1.0,1,0.0,0.5,weight,clusters:2,0.0,0.0,42,0,45000,5000,10000,5640048,144,0.0010000000000000002,1,105.13,0.7053083333333333,0.004685875644482624,0.6941,0.711,0.7502,0.04489166666666666,0.7030666666666666,0.7452,0.23780606060606055,0.654031873576025,0.23866666666666664,0.6536928943933844,0.7053083333333333,resnet32,0.7089,0.7068,0.7317432791248641,0.5527459246699106,0.17899735462428493,resnet32,0.7058,0.7062,0.7443866886791181,0.5675410029732368,0.1768456868277016,resnet32,0.7081,0.7112,0.7372509572146968,0.5617116249420426,0.17553933265364982,resnet32,0.7076,0.7132,0.7325284704566002,0.5548240340484137,0.17770443712784487,resnet32,0.7108,0.7076,0.6985414585267956,0.5301820068112151,0.16835945218124174,resnet32,0.711,0.7094,0.7004838361066174,0.5327042926695537,0.16777954290790315,resnet32,0.7083,0.7042,0.7529311335476284,0.5713832647624341,0.18154786818195134,resnet32,0.7021,0.6992,0.7845253125679764,0.6076313852417198,0.17689392738975585,resnet32,0.7009,0.6948,0.8011496664363552,0.610154926226559,0.1909947398288006,resnet32,0.6941,0.6898,0.8442836417393251,0.6596753064289012,0.18460833484476263,resnet32,0.7034,0.7028,0.7854531727815893,0.6044966253367338,0.1809565481962636,resnet32,0.7027,0.6916,0.7812365234660154,0.5997778717428446,0.18145865260157734,4500000.0,0.0,18000000.0,2610000000.0,31320000000.0
resnet32x12_cifar100_K12_topo-clusters2_seed0002_d011,d011,resnet32:12,cifar100,12,topology,topo-clusters2,peers,2,200,64,0.1,0.9,0.0005,True,0,60,0.1,1.0,1,,disagreement,1.0,1,0.0,0.5,weight,clusters:2,0.0,0.0,42,0,45000,5000,10000,5640048,145,0.0010000000000000002,1,105.68,0.7046583333333333,0.005569030186865768,0.6915,0.7147,0.7475,0.04284166666666678,0.7035333333333335,0.7464,0.2364545454545454,0.6545056908183375,0.2371575757575758,0.6566109536593192,0.7046583333333333,resnet32,0.7064,0.7084,0.7306782401336188,0.5488362579437142,0.18184198272964833,resnet32,0.7061,0.707,0.7436798461712897,0.5641510205936026,0.17952882566235281,resnet32,0.704,0.7112,0.7369673634794626,0.5584788810546425,0.1784884832608937,resnet32,0.709,0.7172,0.7312726090154187,0.5509782252325253,0.1802943837511438,resnet32,0.7091,0.7118,0.6967543709430505,0.5260966161308303,0.17065775594462387,resnet32,0.7147,0.7054,0.7016893819990483,0.5310443006879226,0.17064508151220667,resnet32,0.7082,0.7022,0.7499587536704811,0.567566762720658,0.18239199014549906,resnet32,0.6998,0.6982,0.7815481127578426,0.602709895465523,0.1788382178320634,resnet32,0.7012,0.6974,0.7971995861100202,0.6039143338460814,0.19328525085637177,resnet32,0.6915,0.6894,0.8442427617582408,0.6585998133840886,0.1856429485752332,resnet32,0.7027,0.6998,0.7848877498287369,0.6027288290841336,0.18215892045885662,resnet32,0.7032,0.6944,0.7755886080928824,0.592828016939827,0.18276059124830432,4500000.0,0.0,18000000.0,2628000000.0,31536000000.0
resnet32x12_cifar100_K12_topo-clusters2_seed0002_d011,d011,resnet32:12,cifar100,12,topology,topo-clusters2,peers,2,200,64,0.1,0.9,0.0005,True,0,60,0.1,1.0,1,,disagreement,1.0,1,0.0,0.5,weight,clusters:2,0.0,0.0,42,0,45000,5000,10000,5640048,146,0.0010000000000000002,1,112.9,0.7049,0.005511351921262155,0.6903,0.7138,0.7494,0.044499999999999984,0.70335,0.7496,0.23947272727272723,0.6487896425610126,0.24408636363636357,0.6439011981783446,0.7049,resnet32,0.7082,0.7086,0.7302885168994014,0.5485291268507188,0.1817593890009448,resnet32,0.7044,0.7062,0.7421784090216864,0.56204436249523,0.18013404674870384,resnet32,0.7054,0.7108,0.7315723636102948,0.5524946629408408,0.1790777008599517,resnet32,0.7067,0.712,0.7274485515769232,0.5461755099029026,0.18127304238309574,resnet32,0.7094,0.7124,0.6887006334621798,0.5187182730825787,0.16998236023143612,resnet32,0.7138,0.706,0.6956337681886825,0.5271534336815503,0.1684803344965489,resnet32,0.7063,0.704,0.7495690545659851,0.5660834874195809,0.1834855661727488,resnet32,0.7064,0.7004,0.779559868091548,0.6005264154466038,0.1790334526555274,resnet32,0.7019,0.7004,0.7942582000131634,0.6004180648702789,0.19384013457139107,resnet32,0.6903,0.6856,0.8403441359034993,0.6538385010578416,0.18650563421066513,resnet32,0.7001,0.7006,0.7831413708627224,0.5999323153360323,0.18320905552669006,resnet32,0.7059,0.6932,0.7741087857125835,0.5910728997974233,0.18303588533308357,4500000.0,0.0,18000000.0,2646000000.0,31752000000.0
resnet32x12_cifar100_K12_topo-clusters2_seed0002_d011,d011,resnet32:12,cifar100,12,topology,topo-clusters2,peers,2,200,64,0.1,0.9,0.0005,True,0,60,0.1,1.0,1,,disagreement,1.0,1,0.0,0.5,weight,clusters:2,0.0,0.0,42,0,45000,5000,10000,5640048,147,0.0010000000000000002,1,104.87,0.706625,0.0049376318547794985,0.6942,0.7136,0.7517,0.04507500000000009,0.7044833333333335,0.7504,0.23915454545454543,0.6496315302021655,0.24005606060606058,0.6494812654271727,0.706625,resnet32,0.71,0.7096,0.7262026727707549,0.5440437774470245,0.18215889624446968,resnet32,0.7058,0.7068,0.7404610238207335,0.5593722769990563,0.1810887478270822,resnet32,0.7061,0.7092,0.7351355994628235,0.5532733222300356,0.18186227703170682,resnet32,0.7099,0.712,0.7301214761524037,0.547020743643357,0.18310073226563295,resnet32,0.7121,0.7118,0.6880604944361205,0.5163211571475999,0.1717393365688622,resnet32,0.7136,0.7044,0.6922824456441131,0.5213788721964441,0.17090357343708587,resnet32,0.7094,0.704,0.7487412630580366,0.5649500310590322,0.18379123278216206,resnet32,0.7056,0.7044,0.7754077726382423,0.5954731219786812,0.1799346519507129,resnet32,0.7019,0.6966,0.7961569036865099,0.6013152582824908,0.1948416452876038,resnet32,0.6942,0.6912,0.8408598396080461,0.653134685560045,0.18772515378342094,resnet32,0.7043,0.7018,0.7794561583379452,0.5970795038579539,0.18237665413074533,resnet32,0.7066,0.702,0.7695096624083817,0.5858607266775586,0.18364893675739455,4500000.0,0.0,18000000.0,2664000000.0,31968000000.0
resnet32x12_cifar100_K12_topo-clusters2_seed0002_d011,d011,resnet32:12,cifar100,12,topology,topo-clusters2,peers,2,200,64,0.1,0.9,0.0005,True,0,60,0.1,1.0,1,,disagreement,1.0,1,0.0,0.5,weight,clusters:2,0.0,0.0,42,0,45000,5000,10000,5640048,148,0.0010000000000000002,1,104.99,0.7058833333333333,0.0057179298895861244,0.693,0.7146,0.7489,0.0430166666666667,0.7035166666666667,0.7472,0.23805454545454544,0.6538366704749226,0.2390651515151516,0.6517684479717237,0.7058833333333333,resnet32,0.7118,0.708,0.7230821164240214,0.5394031762314792,0.1836789402877912,resnet32,0.7072,0.7008,0.734640820459886,0.5531191927465525,0.1815216280096634,resnet32,0.7064,0.7098,0.727940181481906,0.5485064206560227,0.1794337620217861,resnet32,0.7038,0.7138,0.7212471794760362,0.5395631675439124,0.18168401382651858,resnet32,0.7146,0.7092,0.6859580282206562,0.5138286387717182,0.17212938926902346,resnet32,0.714,0.7114,0.6915000805800612,0.520130739885975,0.1713693402072584,resnet32,0.7068,0.7024,0.7394065851853653,0.5560178860006008,0.1833887000525878,resnet32,0.704,0.6988,0.7709805682640184,0.5919342676431618,0.17904629999644717,resnet32,0.7,0.6984,0.791457341010259,0.5954116011800413,0.19604573986196722,resnet32,0.693,0.6918,0.8368542340838097,0.648730646353215,0.18812358788934283,resnet32,0.7049,0.7004,0.7763971840031445,0.591093881775371,0.18530330195260997,resnet32,0.7041,0.6974,0.7732595043172213,0.5879250968044455,0.18533440737519413,4500000.0,0.0,18000000.0,2682000000.0,32184000000.0
resnet32x12_cifar100_K12_topo-clusters2_seed0002_d011,d011,resnet32:12,cifar100,12,topology,topo-clusters2,peers,2,200,64,0.1,0.9,0.0005,True,0,60,0.1,1.0,1,,disagreement,1.0,1,0.0,0.5,weight,clusters:2,0.0,0.0,42,0,45000,5000,10000,5640048,149,0.0010000000000000002,1,112.64,0.705825,0.005880919004146665,0.6925,0.7173,0.7543,0.048474999999999935,0.7052,0.7496,0.24097272727272723,0.6449397769602189,0.24222121212121211,0.6456012826490899,0.705825,resnet32,0.7095,0.7086,0.7224305357191373,0.5381119288504124,0.1843186066464775,resnet32,0.7092,0.7074,0.7350055712529204,0.5519814663143321,0.18302410530900073,resnet32,0.7057,0.7086,0.7327879840000109,0.5524213054556061,0.18036667863965372,resnet32,0.7067,0.712,0.722073148978366,0.5385533072139052,0.18351984130938284,resnet32,0.7111,0.7082,0.6861748470162804,0.5135570919056508,0.17261775391472672,resnet32,0.7173,0.71,0.6913388084874235,0.5191883008334447,0.17215050735764884,resnet32,0.7077,0.7088,0.743581470017406,0.5583875797773626,0.1851938907057047,resnet32,0.7028,0.6994,0.775618479502472,0.594123667741025,0.18149481307376514,resnet32,0.7018,0.7068,0.7888693167320029,0.5942025822163983,0.194666735034182,resnet32,0.6925,0.6936,0.8324803624048152,0.6452146174216812,0.18726574439047414,resnet32,0.7012,0.6982,0.7778900457884778,0.5921182223934341,0.18577182323629546,resnet32,0.7044,0.7008,0.7717719971286979,0.5850865168242969,0.18668548144738784,4500000.0,0.0,18000000.0,2700000000.0,32400000000.0
resnet32x12_cifar100_K12_topo-clusters2_seed0002_d011,d011,resnet32:12,cifar100,12,topology,topo-clusters2,peers,2,200,64,0.1,0.9,0.0005,True,0,60,0.1,1.0,1,,disagreement,1.0,1,0.0,0.5,weight,clusters:2,0.0,0.0,42,0,45000,5000,10000,5640048,150,0.0010000000000000002,1,104.49,0.706175,0.0046007472219195145,0.6939,0.7121,0.7545,0.04832499999999995,0.7039833333333334,0.7478,0.24135151515151512,0.6477990340805941,0.24222424242424243,0.6477911931056345,0.706175,resnet32,0.7086,0.7084,0.720764718907462,0.5337728859687393,0.18699183289638974,resnet32,0.7095,0.7104,0.7358641820875081,0.5514542206867852,0.18440996227912942,resnet32,0.7045,0.7084,0.7297436330806125,0.5466751523146575,0.18306848101995207,resnet32,0.7067,0.7132,0.7213273626244203,0.5363885404288091,0.18493882192044772,resnet32,0.7121,0.7076,0.6807823963886634,0.5079693929503926,0.17281300440134312,resnet32,0.7093,0.7062,0.6855588928288356,0.5135209410324354,0.17203795290763743,resnet32,0.7112,0.704,0.7432812499305741,0.5573111451654271,0.18597010596104982,resnet32,0.7041,0.6962,0.7708328204144809,0.5890126253308897,0.1818201953270049,resnet32,0.7047,0.702,0.7913088130933995,0.59327342111448,0.19803539195775308,resnet32,0.6939,0.6938,0.8374094808982178,0.6468712341209705,0.19053824746515602,resnet32,0.7059,0.7,0.7714154888367788,0.5853968370621178,0.1860186509068378,resnet32,0.7036,0.6976,0.7653335809114982,0.5788944222202356,0.1864391587335955,4500000.0,0.0,18000000.0,2718000000.0,32616000000.0
resnet32x12_cifar100_K12_topo-clusters2_seed0002_d011,d011,resnet32:12,cifar100,12,topology,topo-clusters2,peers,2,200,64,0.1,0.9,0.0005,True,0,60,0.1,1.0,1,,disagreement,1.0,1,0.0,0.5,weight,clusters:2,0.0,0.0,42,0,45000,5000,10000,5640048,151,0.0010000000000000002,1,105.18,0.70655,0.005315935163888537,0.6956,0.7148,0.7508,0.04425000000000001,0.7037833333333334,0.7472,0.24002121212121216,0.6506607653361018,0.2389969696969696,0.6518792660980776,0.70655,resnet32,0.7074,0.7104,0.7189720179462298,0.5333336508324877,0.18563836708199233,resnet32,0.7098,0.7096,0.7304030441763726,0.5467845687473362,0.183618476011113,resnet32,0.7072,0.7092,0.7255106354555623,0.542008023370396,0.18350261100567877,resnet32,0.7065,0.711,0.7192365638488396,0.5339861544780433,0.18525040937079626,resnet32,0.7148,0.7082,0.6766547153449871,0.5030621231364255,0.17359259257897397,resnet32,0.7141,0.7062,0.6831915656274016,0.5106431453446434,0.17254842064258727,resnet32,0.7113,0.7008,0.7426145373504948,0.5546375485560433,0.1879769885087047,resnet32,0.7018,0.699,0.7691055024889383,0.5854609842327508,0.18364451828793707,resnet32,0.7013,0.7014,0.787445083302869,0.5894052366810766,0.19803984734145078,resnet32,0.6956,0.6934,0.8319115784357894,0.6407539010132578,0.1911576779622754,resnet32,0.7039,0.6994,0.768576570447873,0.5826396088708531,0.18593695982020686,resnet32,0.7049,0.6968,0.76489955263043,0.5788494105535474,0.18605014275420795,4500000.0,0.0,18000000.0,2736000000.0,32832000000.0
resnet32x12_cifar100_K12_topo-clusters2_seed0002_d011,d011,resnet32:12,cifar100,12,topology,topo-clusters2,peers,2,200,64,0.1,0.9,0.0005,True,0,60,0.1,1.0,1,,disagreement,1.0,1,0.0,0.5,weight,clusters:2,0.0,0.0,42,0,45000,5000,10000,5640048,152,0.0010000000000000002,1,105.21,0.7052916666666667,0.005088951813051045,0.694,0.7132,0.7531,0.04780833333333334,0.7044999999999999,0.7548,0.24349696969696968,0.6450549750671457,0.24567575757575755,0.6423038881356538,0.7052916666666667,resnet32,0.7049,0.707,0.7127036298201843,0.5274675518951633,0.18523607836951586,resnet32,0.7069,0.7072,0.724785827904601,0.5409920301119034,0.18379379801494491,resnet32,0.7089,0.7114,0.722048741003329,0.5392185659994456,0.18283017429480838,resnet32,0.7051,0.7108,0.7156603998843242,0.5307616607540033,0.18489874064372006,resnet32,0.7127,0.7118,0.6750438708219338,0.5007216534788974,0.17432221687737515,resnet32,0.7132,0.7116,0.6804688908159733,0.506998542315242,0.17347034826790067,resnet32,0.7088,0.7032,0.7367196616039358,0.5499284207312898,0.18679123952857812,resnet32,0.7023,0.7002,0.7662236695601181,0.5828913340175693,0.1833323351721364,resnet32,0.7023,0.7052,0.7797780958088961,0.5819499423219399,0.1978281538044526,resnet32,0.694,0.6902,0.8268617071973329,0.636965574146333,0.18989613254300572,resnet32,0.7028,0.6992,0.7687427683902736,0.5817347171885724,0.18700805103236978,resnet32,0.7016,0.6962,0.7617866285568611,0.5746705276806924,0.18711610015651042,4500000.0,0.0,18000000.0,2754000000.0,33048000000.0
resnet32x12_cifar100_K12_topo-clusters2_seed0002_d011,d011,resnet32:12,cifar100,12,topology,topo-clusters2,peers,2,200,64,0.1,0.9,0.0005,True,0,60,0.1,1.0,1,,disagreement,1.0,1,0.0,0.5,weight,clusters:2,0.0,0.0,42,0,45000,5000,10000,5640048,153,0.0010000000000000002,1,104.76,0.7056666666666668,0.005938340583773297,0.6917,0.7156,0.7521,0.046433333333333215,0.7029833333333334,0.7508,0.24373333333333336,0.6472499840313491,0.24363939393939396,0.6442613422124661,0.7056666666666668,resnet32,0.7064,0.7066,0.7115354649722576,0.5236401527442716,0.1878953110955825,resnet32,0.7066,0.705,0.7255290099842981,0.5398453467694874,0.18568366371222178,resnet32,0.7074,0.7088,0.7184319706549022,0.5334943119775165,0.18493765913246368,resnet32,0.7057,0.7124,0.7139893786304377,0.5279197879982266,0.18606958974322135,resnet32,0.7136,0.7072,0.671366105237129,0.49760441816496576,0.17376168779182163,resnet32,0.7156,0.7066,0.6770356339402497,0.5037119394083592,0.17332369444722479,resnet32,0.7093,0.703,0.735693099569868,0.5474677450785582,0.1882253533589061,resnet32,0.7014,0.6986,0.7639196936295114,0.5792797042310915,0.18463998927142133,resnet32,0.7007,0.7002,0.7797694083472545,0.5811347880570049,0.1986346197505058,resnet32,0.6917,0.6878,0.8243702261878009,0.6332036108625206,0.1911666156956926,resnet32,0.7033,0.7018,0.763552765531296,0.5757434145462784,0.1878093502230265,resnet32,0.7063,0.6978,0.7616478615779091,0.5736702517606318,0.18797761065335097,4500000.0,0.0,18000000.0,2772000000.0,33264000000.0
resnet32x12_cifar100_K12_topo-clusters2_seed0002_d011,d011,resnet32:12,cifar100,12,topology,topo-clusters2,peers,2,200,64,0.1,0.9,0.0005,True,0,60,0.1,1.0,1,,disagreement,1.0,1,0.0,0.5,weight,clusters:2,0.0,0.0,42,0,45000,5000,10000,5640048,154,0.0010000000000000002,1,104.86,0.7019916666666667,0.00528747865769268,0.6915,0.7093,0.7486,0.04660833333333336,0.7017500000000001,0.7482,0.24530909090909092,0.6434475234822173,0.24665,0.6462549439404139,0.7019916666666667,resnet32,0.7013,0.7088,0.7118423466824673,0.523247936105525,0.18859441043936054,resnet32,0.7013,0.7032,0.7262498176741329,0.5400073071941733,0.18624251055404206,resnet32,0.7043,0.7088,0.7195346047678455,0.5322847702032463,0.18724983547475527,resnet32,0.7074,0.7092,0.7151781682517718,0.5267718545669182,0.18840631291227924,resnet32,0.7067,0.7036,0.6760731137526984,0.499209052099931,0.17686406210784547,resnet32,0.7093,0.7054,0.6802824657749046,0.5041806472846392,0.17610181735786187,resnet32,0.708,0.7022,0.7325788828205656,0.5446353232572702,0.18794355854730715,resnet32,0.7008,0.697,0.7628819765099748,0.579162838276137,0.18371913820208813,resnet32,0.6975,0.6956,0.7810322726568715,0.57982471678406,0.20120755617972463,resnet32,0.6915,0.6896,0.8282395761290734,0.6351917776787146,0.19304779815402898,resnet32,0.6945,0.697,0.7660531448200345,0.576620707923377,0.1894324365897443,resnet32,0.7013,0.7006,0.7603490075773813,0.5708142672242089,0.18953474013092506,4500000.0,0.0,18000000.0,2790000000.0,33480000000.0
resnet32x12_cifar100_K12_topo-clusters2_seed0002_d011,d011,resnet32:12,cifar100,12,topology,topo-clusters2,peers,2,200,64,0.1,0.9,0.0005,True,0,60,0.1,1.0,1,,disagreement,1.0,1,0.0,0.5,weight,clusters:2,0.0,0.0,42,0,45000,5000,10000,5640048,155,0.0010000000000000002,1,105.7,0.7049083333333335,0.00622929347697009,0.6881,0.7123,0.7527,0.047791666666666566,0.7012,0.75,0.24694545454545444,0.6419307721303767,0.24690303030303032,0.6399861473860785,0.7049083333333335,resnet32,0.7067,0.7092,0.7196949335153807,0.5280604257925667,0.19163450731006873,resnet32,0.7098,0.7048,0.7310201772911982,0.5420355074192312,0.18898466901472685,resnet32,0.7089,0.7056,0.7208116349594836,0.5347005343487994,0.18611110164783895,resnet32,0.7043,0.705,0.7143756365826861,0.5263988613574342,0.1879767745479264,resnet32,0.7123,0.7102,0.6799622847359966,0.5002754680727693,0.17968681470533324,resnet32,0.712,0.7046,0.6855473009530794,0.5063525961119343,0.17919470442839983,resnet32,0.7072,0.6998,0.7401398058811371,0.5478981668552891,0.1922416391105137,resnet32,0.7009,0.6958,0.7684139350259845,0.5808569588275119,0.18755697649480266,resnet32,0.7027,0.7002,0.7841922885484316,0.582513714717193,0.2016785741804845,resnet32,0.6881,0.687,0.83257520258088,0.6380358557216823,0.19453934668986636,resnet32,0.7038,0.6992,0.7666033358651806,0.5759787296198986,0.19062460655219515,resnet32,0.7022,0.693,0.7641668359495022,0.5733077337711372,0.19085910185028546,4500000.0,0.0,18000000.0,2808000000.0,33696000000.0
resnet32x12_cifar100_K12_topo-clusters2_seed0002_d011,d011,resnet32:12,cifar100,12,topology,topo-clusters2,peers,2,200,64,0.1,0.9,0.0005,True,0,60,0.1,1.0,1,,disagreement,1.0,1,0.0,0.5,weight,clusters:2,0.0,0.0,42,0,45000,5000,10000,5640048,156,0.0010000000000000002,1,104.64,0.7051416666666667,0.00563108313046631,0.693,0.7128,0.7536,0.04845833333333338,0.70345,0.7484,0.24445151515151517,0.6424454737101287,0.24545303030303023,0.6409200712806987,0.7051416666666667,resnet32,0.7091,0.7086,0.7088557724332945,0.5187267321585254,0.19012904074043036,resnet32,0.7101,0.7094,0.7187230006622319,0.5306940686634996,0.18802893081341276,resnet32,0.7063,0.7082,0.7189806643026796,0.531177845952863,0.1878028175031597,resnet32,0.7077,0.714,0.711542337963527,0.5222974349744618,0.18924490249165418,resnet32,0.711,0.709,0.6694153047759425,0.49137256743217056,0.178042737449604,resnet32,0.7128,0.7084,0.6795015773227946,0.5021174044178968,0.1773841733388095,resnet32,0.7087,0.7018,0.7327089543793012,0.5430039104751565,0.18970504439097235,resnet32,0.7019,0.694,0.7595922787335109,0.5732117856598713,0.18638049353930083,resnet32,0.7004,0.7006,0.7755862580273639,0.5748799842020328,0.20070627363483337,resnet32,0.693,0.6952,0.8204214023426175,0.6279146738604389,0.19250672866209326,resnet32,0.7008,0.6962,0.7634013632989742,0.5726961727169427,0.19070519022220236,resnet32,0.6999,0.696,0.7540650405836377,0.5630558622069657,0.1910091781544245,4500000.0,0.0,18000000.0,2826000000.0,33912000000.0
resnet32x12_cifar100_K12_topo-clusters2_seed0002_d011,d011,resnet32:12,cifar100,12,topology,topo-clusters2,peers,2,200,64,0.1,0.9,0.0005,True,0,60,0.1,1.0,1,,disagreement,1.0,1,0.0,0.5,weight,clusters:2,0.0,0.0,42,0,45000,5000,10000,5640048,157,0.0010000000000000002,1,104.69,0.702775,0.004818908071337317,0.6912,0.7111,0.7538,0.05102499999999999,0.6995666666666667,0.7496,0.24724848484848486,0.6428711008744141,0.24885909090909086,0.6397078438402755,0.702775,resnet32,0.7063,0.7064,0.7049094501205466,0.5143669225190851,0.19054252816237172,resnet32,0.7018,0.6978,0.7202910713174127,0.532778019212525,0.18751305297271095,resnet32,0.7041,0.7062,0.7132686437107623,0.5255411088635976,0.18772753534457562,resnet32,0.7056,0.709,0.7064778375524011,0.51704360938377,0.1894342287083749,resnet32,0.7073,0.7052,0.6664429548704489,0.48966111814264546,0.17678183820945295,resnet32,0.7111,0.702,0.672074650710618,0.49611478950828314,0.1759598606943407,resnet32,0.7044,0.7,0.7272579906169664,0.537084274798293,0.19017371759665283,resnet32,0.7023,0.698,0.7543086948465895,0.5685616962357678,0.1857469971291721,resnet32,0.6989,0.6992,0.7754837454042651,0.5736977254379202,0.20178602032617413,resnet32,0.6912,0.6826,0.820540793875063,0.6265064429237761,0.19403434975538403,resnet32,0.7004,0.6958,0.7573967381295833,0.5661200858991254,0.19127665346869352,resnet32,0.6999,0.6926,0.7563351988792419,0.5645769659260457,0.19175823219120502,4500000.0,0.0,18000000.0,2844000000.0,34128000000.0
resnet32x12_cifar100_K12_topo-clusters2_seed0002_d011,d011,resnet32:12,cifar100,12,topology,topo-clusters2,peers,2,200,64,0.1,0.9,0.0005,True,0,60,0.1,1.0,1,,disagreement,1.0,1,0.0,0.5,weight,clusters:2,0.0,0.0,42,0,45000,5000,10000,5640048,158,0.0010000000000000002,1,108.94,0.7053083333333334,0.005138167366765007,0.6961,0.7154,0.7541,0.04879166666666657,0.7042833333333333,0.7492,0.24333333333333343,0.6438376475033545,0.24504696969696968,0.643117322114389,0.7053083333333334,resnet32,0.7052,0.71,0.7049129561690445,0.5131732517938045,0.19173970420590855,resnet32,0.7079,0.7098,0.7186737647280097,0.5290527216751467,0.18962104304227978,resnet32,0.7055,0.7054,0.7120923174291172,0.5218240745280954,0.1902682431973517,resnet32,0.7031,0.7094,0.7104942225004461,0.5186535994606939,0.19184062345249747,resnet32,0.713,0.709,0.667927376714281,0.487587329169566,0.1803400476717136,resnet32,0.7154,0.7112,0.6724632730368864,0.49291492492722516,0.17954834791916338,resnet32,0.7093,0.706,0.724695744458586,0.5318867675113407,0.19280897612175482,resnet32,0.7018,0.7012,0.7544109218499877,0.5670790385285561,0.18733188283460384,resnet32,0.7014,0.6964,0.7768435824069787,0.5729608233510093,0.20388275961687957,resnet32,0.6961,0.6932,0.8207156364805996,0.6240723476829854,0.19664328910452736,resnet32,0.7027,0.7014,0.7617824407379058,0.5686211365867745,0.19316130484962327,resnet32,0.7023,0.6984,0.7556115029464391,0.5623342204754326,0.19327728162434968,4500000.0,0.0,18000000.0,2862000000.0,34344000000.0
resnet32x12_cifar100_K12_topo-clusters2_seed0002_d011,d011,resnet32:12,cifar100,12,topology,topo-clusters2,peers,2,200,64,0.1,0.9,0.0005,True,0,60,0.1,1.0,1,,disagreement,1.0,1,0.0,0.5,weight,clusters:2,0.0,0.0,42,0,45000,5000,10000,5640048,159,0.0010000000000000002,1,105.07,0.7043666666666667,0.004747338435610247,0.6949,0.7127,0.7518,0.04743333333333333,0.7013833333333332,0.7454,0.24448787878787878,0.6438864053120696,0.24553030303030307,0.6442679213879479,0.7043666666666667,resnet32,0.7054,0.7054,0.7038899869234725,0.5119331759739328,0.1919568101875484,resnet32,0.7056,0.7034,0.716899211645465,0.5277032392014834,0.1891959733012217,resnet32,0.7051,0.7086,0.7104374873875217,0.5221233459782194,0.18831414127172055,resnet32,0.7054,0.7096,0.7045963334173642,0.5134888249026104,0.1911075099434873,resnet32,0.7117,0.7064,0.664104260165583,0.48492399869825353,0.17918026239865206,resnet32,0.7127,0.7086,0.6681696899573911,0.4896578789603981,0.1785118114626543,resnet32,0.7074,0.697,0.7219695054756646,0.530638126148419,0.1913313803326508,resnet32,0.7008,0.6948,0.7494072923013433,0.56212846304036,0.1872788285519081,resnet32,0.7011,0.6974,0.7713675322434441,0.5684058571827005,0.20296167394950648,resnet32,0.6949,0.6898,0.8128854198042642,0.6176533619449898,0.1952320565363731,resnet32,0.7014,0.6986,0.753947862804952,0.5620726836760613,0.1918751778165725,resnet32,0.7009,0.697,0.7476043209687553,0.5564532675357028,0.19115105330605398,4500000.0,0.0,18000000.0,2880000000.0,34560000000.0
resnet32x12_cifar100_K12_topo-clusters2_seed0002_d011,d011,resnet32:12,cifar100,12,topology,topo-clusters2,peers,2,200,64,0.1,0.9,0.0005,True,0,60,0.1,1.0,1,,disagreement,1.0,1,0.0,0.5,weight,clusters:2,0.0,0.0,42,0,45000,5000,10000,5640048,160,0.0010000000000000002,1,104.94,0.7047666666666667,0.005055415138465114,0.6941,0.7126,0.7541,0.04933333333333334,0.70235,0.7506,0.24546969696969698,0.6396432904407943,0.24587575757575755,0.6440745652506764,0.7047666666666667,resnet32,0.7028,0.7072,0.7042951042848554,0.5111573499373414,0.1931377555645833,resnet32,0.7093,0.7084,0.7173085346902636,0.5261064396366816,0.1912020951276645,resnet32,0.7073,0.7074,0.703747452787039,0.5156154948371378,0.1881319576853209,resnet32,0.7054,0.7104,0.7012022406878796,0.5108310975642367,0.1903711435575546,resnet32,0.7126,0.7092,0.6645599888552997,0.4852055211720819,0.17935446713289077,resnet32,0.7112,0.7068,0.6695720774798908,0.4905356645626439,0.1790364135204899,resnet32,0.7085,0.7028,0.7250781493600119,0.5311039673079821,0.1939741812900386,resnet32,0.7003,0.695,0.7544958453032781,0.5652622721919959,0.18923357425426895,resnet32,0.7024,0.6974,0.7712677326900038,0.5681350602006371,0.20313267249994996,resnet32,0.6941,0.6916,0.8140316836705263,0.6178458420221101,0.1961858422516591,resnet32,0.7016,0.6966,0.7551843014715071,0.5624824345365844,0.1927018669349226,resnet32,0.7017,0.6954,0.7508926864459433,0.557172960601747,0.19371972741051155,4500000.0,0.0,18000000.0,2898000000.0,34776000000.0
resnet32x12_cifar100_K12_topo-clusters2_seed0002_d011,d011,resnet32:12,cifar100,12,topology,topo-clusters2,peers,2,200,64,0.1,0.9,0.0005,True,0,60,0.1,1.0,1,,disagreement,1.0,1,0.0,0.5,weight,clusters:2,0.0,0.0,42,0,45000,5000,10000,5640048,161,0.0010000000000000002,1,105.07,0.7035416666666667,0.005630491146920981,0.6928,0.714,0.7544,0.05085833333333323,0.7003333333333334,0.7464,0.24830303030303033,0.6370351853073863,0.24981666666666666,0.6367614227378544,0.7035416666666667,resnet32,0.7009,0.7058,0.7030203302644871,0.5093122745694761,0.1937080570919947,resnet32,0.709,0.7058,0.7116294305940921,0.52113092567941,0.19049850358119744,resnet32,0.7038,0.7036,0.7069439856250855,0.5182463059794497,0.18869767925405706,resnet32,0.7015,0.7078,0.6975226646119898,0.506482801146128,0.19103986404793846,resnet32,0.7105,0.7046,0.6624479212544181,0.48083319098011335,0.18161473016847263,resnet32,0.714,0.705,0.670960677660663,0.4897699476939372,0.1811907304112207,resnet32,0.7075,0.7,0.724246633366089,0.5321167516945438,0.19212988163979555,resnet32,0.7017,0.6996,0.7507563260468569,0.5625188364224001,0.1882374910214408,resnet32,0.7027,0.6978,0.7690943511710926,0.5650980784134432,0.20399627379480412,resnet32,0.6928,0.6864,0.8154120997271754,0.618187991944565,0.19722410756036302,resnet32,0.7008,0.6946,0.7546009887856516,0.5603473216972568,0.19425366756463933,resnet32,0.6973,0.693,0.7505124905569986,0.555849785450846,0.1946627046087418,4500000.0,0.0,18000000.0,2916000000.0,34992000000.0
resnet32x12_cifar100_K12_topo-clusters2_seed0002_d011,d011,resnet32:12,cifar100,12,topology,topo-clusters2,peers,2,200,64,0.1,0.9,0.0005,True,0,60,0.1,1.0,1,,disagreement,1.0,1,0.0,0.5,weight,clusters:2,0.0,0.0,42,0,45000,5000,10000,5640048,162,0.0010000000000000002,1,105.19,0.7058249999999999,0.004554141887703258,0.6956,0.7143,0.7534,0.047575000000000034,0.70145,0.748,0.24594848484848475,0.643087421658676,0.24696515151515158,0.6408911714167453,0.7058249999999999,resnet32,0.709,0.7084,0.7019306138496507,0.5069783646401695,0.19495224884965204,resnet32,0.7076,0.704,0.7158903862688352,0.5230442260138013,0.19284616065719587,resnet32,0.7055,0.7052,0.7087034221569245,0.5184959656220268,0.1902074571698904,resnet32,0.706,0.7088,0.7003620071336627,0.5076237049123103,0.19273830247534948,resnet32,0.7106,0.7042,0.6654465780170127,0.4822786760474132,0.1831679021071812,resnet32,0.7143,0.7094,0.6689438218335536,0.48642580181529577,0.18251801929859954,resnet32,0.7081,0.7016,0.7243011778813194,0.5275832127187062,0.19671796428420665,resnet32,0.7015,0.6924,0.7542480840771035,0.5620151171460748,0.19223296791526742,resnet32,0.7046,0.6946,0.7719112966548313,0.5661927401511506,0.20571855622851712,resnet32,0.6956,0.6902,0.8137684549966996,0.6149952936155553,0.19877316101073203,resnet32,0.7041,0.7032,0.7530435209839859,0.5579863031479445,0.19505721707405013,resnet32,0.703,0.6954,0.7518933221528475,0.5566314278509129,0.19526189301078292,4500000.0,0.0,18000000.0,2934000000.0,35208000000.0
resnet32x12_cifar100_K12_topo-clusters2_seed0002_d011,d011,resnet32:12,cifar100,12,topology,topo-clusters2,peers,2,200,64,0.1,0.9,0.0005,True,0,60,0.1,1.0,1,,disagreement,1.0,1,0.0,0.5,weight,clusters:2,0.0,0.0,42,0,45000,5000,10000,5640048,163,0.0010000000000000002,1,104.68,0.7034750000000001,0.005701187741748788,0.6886,0.7105,0.7513,0.047824999999999895,0.7005499999999999,0.7468,0.24893636363636365,0.6377383228038521,0.25050909090909085,0.6390249176121627,0.7034750000000001,resnet32,0.7059,0.705,0.7009277429685674,0.5057342074472796,0.19519353518262506,resnet32,0.7048,0.702,0.7150652528401803,0.5221173695542596,0.19294788198418578,resnet32,0.7024,0.7082,0.7072660349817439,0.5159813215194101,0.19128471400207755,resnet32,0.7044,0.7054,0.6994655102237382,0.5061899101869627,0.19327560084109957,resnet32,0.7105,0.7058,0.6602723099799319,0.4795782207934694,0.18069408936637707,resnet32,0.71,0.7084,0.6646100482903421,0.4845628989013759,0.1800471496429633,resnet32,0.71,0.705,0.72098238626495,0.5274469657716426,0.19353542029222642,resnet32,0.7016,0.6936,0.7458275582387366,0.5563300647349521,0.18949749344028533,resnet32,0.7011,0.6984,0.7684258602728898,0.5638019367205825,0.20462392537261953,resnet32,0.6886,0.6852,0.8111614509993657,0.6132200572809036,0.19794139471328395,resnet32,0.6996,0.6968,0.7520814383063804,0.556095988066359,0.1959854511819272,resnet32,0.7028,0.6928,0.7485437189990823,0.5524105560034513,0.1961331624664705,4500000.0,0.0,18000000.0,2952000000.0,35424000000.0
resnet32x12_cifar100_K12_topo-clusters2_seed0002_d011,d011,resnet32:12,cifar100,12,topology,topo-clusters2,peers,2,200,64,0.1,0.9,0.0005,True,0,60,0.1,1.0,1,,disagreement,1.0,1,0.0,0.5,weight,clusters:2,0.0,0.0,42,0,45000,5000,10000,5640048,164,0.0010000000000000002,1,113.13,0.7047,0.005716059248584931,0.6902,0.7124,0.7533,0.04859999999999998,0.7025166666666666,0.7506,0.24529393939393943,0.6437047006307964,0.24851212121212113,0.6381981554319514,0.7047,resnet32,0.7037,0.7076,0.697398029521785,0.5022276240739633,0.19517040579706768,resnet32,0.709,0.7048,0.7102710180915892,0.5174559683073312,0.19281504931859672,resnet32,0.7064,0.7046,0.7029278774915094,0.5115870118395172,0.19134086627640168,resnet32,0.7073,0.7108,0.6974582716145299,0.5039378761483188,0.19352039594245565,resnet32,0.7106,0.7082,0.6621035709553822,0.4775470805100419,0.18455648987384682,resnet32,0.7124,0.7082,0.6683783487162807,0.48445780943571165,0.18392053951339965,resnet32,0.708,0.7026,0.7200177080336619,0.524320725097575,0.19569698269267313,resnet32,0.7051,0.6946,0.7490303570150652,0.5581903767518022,0.1908399801891805,resnet32,0.6998,0.6978,0.7688508692451499,0.559498506217179,0.20935236408629201,resnet32,0.6902,0.6898,0.8128116947852753,0.6113114566965536,0.20150023661765523,resnet32,0.6999,0.6998,0.7524489662186666,0.5553766256621615,0.19707234087400138,resnet32,0.704,0.7014,0.7446970255960795,0.5469253780320287,0.1977716476275501,4500000.0,0.0,18000000.0,2970000000.0,35640000000.0
resnet32x12_cifar100_K12_topo-clusters2_seed0002_d011,d011,resnet32:12,cifar100,12,topology,topo-clusters2,peers,2,200,64,0.1,0.9,0.0005,True,0,60,0.1,1.0,1,,disagreement,1.0,1,0.0,0.5,weight,clusters:2,0.0,0.0,42,0,45000,5000,10000,5640048,165,0.0010000000000000002,1,105.22,0.7040583333333333,0.005342667612927281,0.6933,0.7149,0.754,0.04994166666666666,0.7005333333333333,0.7478,0.25073939393939404,0.6363558146757053,0.24947727272727277,0.6386119941564651,0.7040583333333333,resnet32,0.7047,0.711,0.6969582758928564,0.5014402882026677,0.19551798893900757,resnet32,0.7056,0.7058,0.7073267870159312,0.5137322113679891,0.1935945759019391,resnet32,0.7046,0.7068,0.7007531330243431,0.5089872514575042,0.1917658816620877,resnet32,0.7056,0.7082,0.6962168947370215,0.5023905853317543,0.19382630923593586,resnet32,0.71,0.7062,0.6575066067532382,0.47339843334206805,0.18410817376041616,resnet32,0.7149,0.7046,0.6627845558845862,0.4796207183972001,0.1831638385245407,resnet32,0.7078,0.7008,0.715661551380022,0.5206644331443716,0.1949971186378124,resnet32,0.7006,0.6934,0.7450873770073734,0.5535308268259872,0.19155654970514166,resnet32,0.6997,0.6974,0.7626830081201412,0.554401162546128,0.20828184619842266,resnet32,0.6933,0.6846,0.8071867369792678,0.6071259623224085,0.20006077447694473,resnet32,0.6995,0.6946,0.7471476757729595,0.5503200962716206,0.19682757897217842,resnet32,0.7024,0.693,0.7424272994764827,0.5454558985815807,0.19697140127589757,4500000.0,0.0,18000000.0,2988000000.0,35856000000.0
resnet32x12_cifar100_K12_topo-clusters2_seed0002_d011,d011,resnet32:12,cifar100,12,topology,topo-clusters2,peers,2,200,64,0.1,0.9,0.0005,True,0,60,0.1,1.0,1,,disagreement,1.0,1,0.0,0.5,weight,clusters:2,0.0,0.0,42,0,45000,5000,10000,5640048,166,0.0010000000000000002,1,105.3,0.7027583333333333,0.006202883514051254,0.6886,0.7141,0.7544,0.0516416666666667,0.6995833333333333,0.7476,0.25112727272727275,0.6378211229968314,0.2521878787878787,0.6357732098680965,0.7027583333333333,resnet32,0.7021,0.7076,0.6952789031731134,0.4983428587121042,0.19693604461975733,resnet32,0.7049,0.6994,0.7073887642049654,0.5126821873286231,0.19470657637893138,resnet32,0.7043,0.7032,0.6994669096205722,0.5066952987955037,0.19277161119548095,resnet32,0.702,0.7054,0.6951750627803531,0.5007914630272849,0.19438359982715073,resnet32,0.7104,0.7066,0.6575501728379591,0.47201012005098164,0.1855400534113869,resnet32,0.7141,0.7106,0.6625731959092346,0.47814564768817613,0.18442754778714682,resnet32,0.7062,0.7014,0.7161540003408763,0.5191637969745154,0.19699020330286163,resnet32,0.7014,0.6936,0.7444992881183597,0.5523035103793849,0.19219577841630037,resnet32,0.6982,0.6948,0.7631445610472425,0.5560984041287818,0.20704615692904388,resnet32,0.6886,0.6842,0.8071601498787376,0.6077714563262734,0.19938869422978975,resnet32,0.6972,0.6958,0.7494205652143467,0.5508428765037521,0.1985776892715049,resnet32,0.7037,0.6924,0.7427558629688892,0.5433770928277888,0.199378769220361,4500000.0,0.0,18000000.0,3006000000.0,36072000000.0
resnet32x12_cifar100_K12_topo-clusters2_seed0002_d011,d011,resnet32:12,cifar100,12,topology,topo-clusters2,peers,2,200,64,0.1,0.9,0.0005,True,0,60,0.1,1.0,1,,disagreement,1.0,1,0.0,0.5,weight,clusters:2,0.0,0.0,42,0,45000,5000,10000,5640048,167,0.0010000000000000002,1,104.56,0.7041833333333334,0.005677563053126061,0.6913,0.7149,0.7524,0.048216666666666574,0.70275,0.7504,0.24956363636363635,0.6328103461933511,0.2509196969696969,0.6346025118078344,0.7041833333333334,resnet32,0.7013,0.7076,0.693987765815109,0.49559299842539156,0.19839476701930503,resnet32,0.7068,0.7034,0.7097000747241757,0.5130806284617971,0.19661944607188078,resnet32,0.7089,0.7096,0.7045018747872249,0.5098925933495841,0.19460928133180874,resnet32,0.705,0.7136,0.6990061548792503,0.5032282728193835,0.1957778814566237,resnet32,0.7072,0.7058,0.6583894916640763,0.47144235399636353,0.1869471380063756,resnet32,0.7149,0.709,0.6649151273833757,0.4786523440852761,0.1862627832240171,resnet32,0.7085,0.7026,0.7185939784500409,0.5203796372410249,0.1982143411561,resnet32,0.6994,0.6998,0.7502787347290326,0.5554491418667815,0.1948295930315825,resnet32,0.7014,0.6984,0.7681362992999229,0.5567279058847238,0.21140839339403267,resnet32,0.6913,0.6864,0.811920440078459,0.6093354245055128,0.20258501632435416,resnet32,0.7011,0.6994,0.7510435520671308,0.5510678708299317,0.19997568148061295,resnet32,0.7044,0.6974,0.7454841590317135,0.5461543980477885,0.19932976056059654,4500000.0,0.0,18000000.0,3024000000.0,36288000000.0
resnet32x12_cifar100_K12_topo-clusters2_seed0002_d011,d011,resnet32:12,cifar100,12,topology,topo-clusters2,peers,2,200,64,0.1,0.9,0.0005,True,0,60,0.1,1.0,1,,disagreement,1.0,1,0.0,0.5,weight,clusters:2,0.0,0.0,42,0,45000,5000,10000,5640048,168,0.0010000000000000002,1,105.21,0.7024083333333334,0.005729086363073565,0.6886,0.7107,0.7557,0.053291666666666626,0.7009500000000001,0.7488,0.25073636363636365,0.6352590843495154,0.25453484848484864,0.6319063068035858,0.7024083333333334,resnet32,0.7043,0.705,0.6952512988566675,0.49630457421087404,0.19894672427538104,resnet32,0.7071,0.7028,0.7070885912345891,0.51123616209423,0.19585242796562274,resnet32,0.7038,0.71,0.701621806122024,0.5059822850902989,0.19563952112697403,resnet32,0.7055,0.7108,0.6957273520105942,0.49783475227145985,0.19789260038471018,resnet32,0.7091,0.706,0.654655861583623,0.4686623632230542,0.1859934984134849,resnet32,0.7107,0.7068,0.659598980860954,0.4745346588844603,0.18506432142616672,resnet32,0.7024,0.704,0.716351783792065,0.5161231775260107,0.20022860569456083,resnet32,0.6977,0.6918,0.7460375861264765,0.5505378534594043,0.19549973277290436,resnet32,0.7007,0.691,0.761200674682517,0.5513390023261309,0.20986167301254516,resnet32,0.6886,0.6888,0.8088137449865992,0.6070458865724504,0.2017678588374772,resnet32,0.6972,0.6992,0.7462801973081448,0.5453394067643041,0.20094079117883334,resnet32,0.7018,0.6952,0.7449165290983563,0.5440063710663129,0.20091015881520102,4500000.0,0.0,18000000.0,3042000000.0,36504000000.0
resnet32x12_cifar100_K12_topo-clusters2_seed0002_d011,d011,resnet32:12,cifar100,12,topology,topo-clusters2,peers,2,200,64,0.1,0.9,0.0005,True,0,60,0.1,1.0,1,,disagreement,1.0,1,0.0,0.5,weight,clusters:2,0.0,0.0,42,0,45000,5000,10000,5640048,169,0.0010000000000000002,1,105.03,0.7030666666666666,0.005904423953462534,0.6881,0.7106,0.7544,0.05133333333333334,0.7011833333333334,0.7522,0.252169696969697,0.6340883985947298,0.25163636363636366,0.6329328223094625,0.7030666666666666,resnet32,0.7092,0.7102,0.7002082284201275,0.4995005368043415,0.20070769228252835,resnet32,0.7026,0.6998,0.708134142470292,0.5105121909979392,0.19762195274233818,resnet32,0.7058,0.7036,0.7021600904620506,0.506910377309065,0.19524971272965724,resnet32,0.706,0.7046,0.696622752584517,0.498853599102321,0.1977691531858661,resnet32,0.7106,0.7116,0.6585357167588716,0.4712116720832207,0.18732404489789836,resnet32,0.7088,0.7096,0.6669836427000436,0.4797567416786809,0.1872269002487883,resnet32,0.7008,0.7008,0.7185212158259343,0.5201513321689245,0.1983698834135959,resnet32,0.7012,0.6964,0.7428149203769863,0.5488659255629913,0.1939489942107519,resnet32,0.7027,0.6984,0.7676620546051047,0.5554684752344408,0.21219357893675228,resnet32,0.6881,0.686,0.810330679894171,0.6061520348726348,0.20417864476753908,resnet32,0.7043,0.6984,0.750050191979178,0.5490132150324908,0.201036977941509,resnet32,0.6967,0.6948,0.7458354322324422,0.5443311203694479,0.20150431177832864,4500000.0,0.0,18000000.0,3060000000.0,36720000000.0
resnet32x12_cifar100_K12_topo-clusters2_seed0002_d011,d011,resnet32:12,cifar100,12,topology,topo-clusters2,peers,2,200,64,0.1,0.9,0.0005,True,0,60,0.1,1.0,1,,disagreement,1.0,1,0.0,0.5,weight,clusters:2,0.0,0.0,42,0,45000,5000,10000,5640048,170,0.0010000000000000002,1,105.37,0.7040083333333332,0.004697598381679252,0.6944,0.7107,0.7532,0.049191666666666745,0.7008166666666668,0.749,0.2522393939393939,0.6312420175074731,0.2504681818181819,0.6344427457712537,0.7040083333333332,resnet32,0.7051,0.7088,0.6887205154635012,0.49100787162950094,0.1977126429873434,resnet32,0.7056,0.7064,0.69889185577631,0.5032882466065612,0.19560360880991953,resnet32,0.7056,0.7048,0.694398661355742,0.49936337929896335,0.19503528182394803,resnet32,0.7083,0.704,0.6894053590314632,0.4932016103782437,0.19620374824047426,resnet32,0.7107,0.705,0.6518805645490912,0.464223297926682,0.1876572652465918,resnet32,0.7084,0.708,0.6543678975325417,0.46876627424816514,0.18560162546451797,resnet32,0.7066,0.7018,0.7075677728280425,0.5099894572049379,0.1975783161205155,resnet32,0.7049,0.697,0.7367436750791967,0.5425858009945262,0.1941578754816543,resnet32,0.6964,0.6966,0.7554535947062753,0.5449938355013728,0.21045975883449006,resnet32,0.6944,0.688,0.8003984627059915,0.5984505357813429,0.2019479259509932,resnet32,0.7017,0.695,0.7413852892985399,0.5416563364931128,0.19972895171535623,resnet32,0.7004,0.6944,0.7358564186671918,0.5349040820093994,0.20095233695412223,4500000.0,0.0,18000000.0,3078000000.0,36936000000.0
resnet32x12_cifar100_K12_topo-clusters2_seed0002_d011,d011,resnet32:12,cifar100,12,topology,topo-clusters2,peers,2,200,64,0.1,0.9,0.0005,True,0,60,0.1,1.0,1,,disagreement,1.0,1,0.0,0.5,weight,clusters:2,0.0,0.0,42,0,45000,5000,10000,5640048,171,0.0010000000000000002,1,104.84,0.7043416666666666,0.004903308123660556,0.6947,0.7109,0.7553,0.05095833333333333,0.7013333333333334,0.7526,0.25156363636363643,0.634802161960699,0.2536772727272727,0.6294716844290059,0.7043416666666666,resnet32,0.7097,0.7044,0.6952955850230699,0.49310488054867496,0.20219070377590304,resnet32,0.706,0.7064,0.7033984185704454,0.5029682377988304,0.20043018078219824,resnet32,0.7073,0.7058,0.6985327331349254,0.5011663445779546,0.19736638838763942,resnet32,0.708,0.7084,0.6929109072397378,0.4932088155130094,0.19970209226647223,resnet32,0.7083,0.7118,0.6520669904368167,0.4637063224799931,0.18836066730066456,resnet32,0.7109,0.7076,0.6601624104871668,0.4719954105729068,0.18816699980842796,resnet32,0.7065,0.7042,0.7121231606314805,0.511289834214205,0.2008333263749426,resnet32,0.702,0.698,0.7410406699742783,0.5438199833204801,0.19722068417732688,resnet32,0.6978,0.6946,0.7602192481810396,0.5465675715611062,0.21365167731842535,resnet32,0.6947,0.6886,0.8072377592748539,0.602515531661497,0.20472222793085332,resnet32,0.7003,0.6934,0.74778866361488,0.5466435197317465,0.20114514365030284,resnet32,0.7006,0.6928,0.7402224384078925,0.538074600700797,0.20214783655352553,4500000.0,0.0,18000000.0,3096000000.0,37152000000.0
resnet32x12_cifar100_K12_topo-clusters2_seed0002_d011,d011,resnet32:12,cifar100,12,topology,topo-clusters2,peers,2,200,64,0.1,0.9,0.0005,True,0,60,0.1,1.0,1,,disagreement,1.0,1,0.0,0.5,weight,clusters:2,0.0,0.0,42,0,45000,5000,10000,5640048,172,0.0010000000000000002,1,104.97,0.7039749999999999,0.004132820868769109,0.6968,0.7112,0.7545,0.05052500000000004,0.7001333333333334,0.7502,0.2526545454545454,0.6324918237444856,0.2521454545454545,0.6343184962151833,0.7039749999999999,resnet32,0.707,0.7082,0.697848859497092,0.4952659829604355,0.20258287742564624,resnet32,0.7064,0.7018,0.7078583754006434,0.5079304469241337,0.19992792876225643,resnet32,0.7051,0.7016,0.698483458085155,0.49888149716637353,0.19960196083411574,resnet32,0.7059,0.7072,0.6944457544860515,0.4943598331036893,0.20008592125536365,resnet32,0.7094,0.7056,0.6516882216303863,0.46220594868910586,0.18948227307886223,resnet32,0.7112,0.7032,0.6577825165692378,0.47019606532359665,0.1875864525156265,resnet32,0.7027,0.6988,0.7145689322867177,0.511490298689089,0.20307863486761396,resnet32,0.6987,0.6934,0.7424703483385119,0.5441687484271824,0.19830159976316447,resnet32,0.701,0.6968,0.7608020478774878,0.5474037990312685,0.21339824929071421,resnet32,0.6968,0.6904,0.806913916148584,0.602344016502188,0.20456989838699388,resnet32,0.7031,0.6996,0.7470709042284976,0.5435046789829027,0.2035662244095213,resnet32,0.7004,0.695,0.7414000014012511,0.5381796860390089,0.20322031597606838,4500000.0,0.0,18000000.0,3114000000.0,37368000000.0
resnet32x12_cifar100_K12_topo-clusters2_seed0002_d011,d011,resnet32:12,cifar100,12,topology,topo-clusters2,peers,2,200,64,0.1,0.9,0.0005,True,0,60,0.1,1.0,1,,disagreement,1.0,1,0.0,0.5,weight,clusters:2,0.0,0.0,42,0,45000,5000,10000,5640048,173,0.0010000000000000002,1,104.53,0.7042083333333334,0.0036111997852360488,0.6991,0.7117,0.7541,0.049891666666666556,0.7009166666666666,0.751,0.25470000000000004,0.6264476717767611,0.2538181818181818,0.6300315658250657,0.7042083333333334,resnet32,0.7053,0.7062,0.6881697773933411,0.4896525001068684,0.19851727741347117,resnet32,0.7075,0.7044,0.6961774538609792,0.49913538547910075,0.19704206731297413,resnet32,0.7013,0.7072,0.695441013794731,0.4971057899846611,0.19833522388415242,resnet32,0.7047,0.7082,0.6906482611613517,0.49045204561711714,0.20019621526907114,resnet32,0.7092,0.708,0.6493262279016728,0.45875364713455463,0.19057258060836996,resnet32,0.7117,0.7044,0.6570496810176834,0.46715274901891296,0.18989693171302366,resnet32,0.7053,0.7024,0.7097692780873992,0.5083923096006567,0.2013769684338265,resnet32,0.7017,0.6942,0.7366748538122259,0.5401767917739396,0.19649806221820076,resnet32,0.7018,0.6952,0.7566416118801995,0.5449690166860819,0.21167259473903952,resnet32,0.6991,0.6908,0.8023016926917163,0.5989045679823242,0.20339712530205195,resnet32,0.7017,0.6942,0.7432146861471913,0.5401606815867126,0.2030540043593977,resnet32,0.7012,0.6958,0.7352707110430029,0.5322426359423182,0.20302807579917664,4500000.0,0.0,18000000.0,3132000000.0,37584000000.0
resnet32x12_cifar100_K12_topo-clusters2_seed0002_d011,d011,resnet32:12,cifar100,12,topology,topo-clusters2,peers,2,200,64,0.1,0.9,0.0005,True,0,60,0.1,1.0,1,,disagreement,1.0,1,0.0,0.5,weight,clusters:2,0.0,0.0,42,0,45000,5000,10000,5640048,174,0.0010000000000000002,1,106.34,0.701975,0.006322331452873991,0.6881,0.7111,0.7508,0.04882500000000001,0.6997,0.748,0.2547121212121212,0.6282528497851244,0.2561318181818181,0.6293275390636736,0.701975,resnet32,0.702,0.707,0.689956379419362,0.48913563176227565,0.20082074974197894,resnet32,0.707,0.7082,0.6979320675811984,0.4979564077644186,0.19997565952044996,resnet32,0.7052,0.707,0.6947536300021139,0.4975983156526292,0.19715531374624168,resnet32,0.7039,0.7066,0.6857708921571347,0.48545844438062474,0.20031244701451875,resnet32,0.7111,0.7084,0.6480461486869238,0.45739291005090554,0.19065323811744087,resnet32,0.711,0.704,0.653511606453156,0.46429494925012643,0.18921665707603097,resnet32,0.7043,0.699,0.7072451264089481,0.5058974686756053,0.20134765754284506,resnet32,0.6968,0.689,0.7319429074837402,0.5353227597237988,0.1966201488076794,resnet32,0.6983,0.692,0.756888872266493,0.541799019979821,0.21508985211734066,resnet32,0.6881,0.685,0.8043559645725922,0.5984556082720783,0.20590035659684378,resnet32,0.6963,0.6994,0.7389465221203864,0.535508313512599,0.20343820998360487,resnet32,0.6997,0.6908,0.7392312047410418,0.5346740651452406,0.20455713823056695,4500000.0,0.0,18000000.0,3150000000.0,37800000000.0
resnet32x12_cifar100_K12_topo-clusters2_seed0002_d011,d011,resnet32:12,cifar100,12,topology,topo-clusters2,peers,2,200,64,0.1,0.9,0.0005,True,0,60,0.1,1.0,1,,disagreement,1.0,1,0.0,0.5,weight,clusters:2,0.0,0.0,42,0,45000,5000,10000,5640048,175,0.0010000000000000002,1,105.01,0.7023,0.006122363378086379,0.6867,0.713,0.7521,0.049799999999999955,0.6998666666666667,0.7494,0.2528545454545455,0.6357127017287031,0.25300454545454537,0.6337143422994402,0.7023,resnet32,0.7066,0.7062,0.6880113581957464,0.485504085007547,0.20250727219337766,resnet32,0.706,0.7014,0.7005029139532284,0.4994349373843182,0.20106797649482774,resnet32,0.7049,0.7068,0.6932567631487142,0.49357050602239644,0.19968625850213523,resnet32,0.7034,0.7118,0.6877929697829214,0.48652571359310637,0.20126725670839238,resnet32,0.7049,0.7032,0.6491381728767671,0.45710644614882767,0.19203172641044314,resnet32,0.713,0.702,0.6554504473778334,0.46508876503106544,0.19036168316167526,resnet32,0.705,0.6988,0.7109245965257287,0.5073533685539257,0.20357122959103435,resnet32,0.7001,0.6914,0.7352953686971556,0.5361481372859668,0.19914723135827278,resnet32,0.6986,0.6996,0.7587935773825104,0.5441628663207997,0.21463071082888002,resnet32,0.6867,0.6824,0.8051723907278343,0.5982921410521324,0.20688024995086546,resnet32,0.6992,0.6986,0.7386313807219267,0.5352818656670437,0.20334951583804053,resnet32,0.6992,0.6962,0.7340877107767896,0.5303405311635949,0.20374717968727715,4500000.0,0.0,18000000.0,3168000000.0,38016000000.0
resnet32x12_cifar100_K12_topo-clusters2_seed0002_d011,d011,resnet32:12,cifar100,12,topology,topo-clusters2,peers,2,200,64,0.1,0.9,0.0005,True,0,60,0.1,1.0,1,,disagreement,1.0,1,0.0,0.5,weight,clusters:2,0.0,0.0,42,0,45000,5000,10000,5640048,176,0.0010000000000000002,1,105.64,0.7005833333333333,0.005011459091145237,0.69,0.7085,0.7524,0.05181666666666662,0.69715,0.749,0.2563666666666666,0.632201231910244,0.2580666666666667,0.6295605014345416,0.7005833333333333,resnet32,0.7028,0.7032,0.6882633970288391,0.48536172130314464,0.20290167605377396,resnet32,0.7058,0.6998,0.6985800004225563,0.49721862335520034,0.2013613764323633,resnet32,0.7012,0.7028,0.6979227535934611,0.49598786084574054,0.20193489207039503,resnet32,0.7023,0.7018,0.6906922383826565,0.4865206742066551,0.20417156455699692,resnet32,0.7038,0.703,0.6559270708398386,0.46202551234852185,0.19390155958138744,resnet32,0.7085,0.7012,0.6570766806094483,0.46449786761182954,0.19257881421468814,resnet32,0.7037,0.6992,0.7152212936092507,0.5098775965161622,0.2053436975481666,resnet32,0.6999,0.6938,0.7394084406762638,0.5377917607653547,0.2016166806305674,resnet32,0.6986,0.6946,0.7590780147266659,0.5423340228047561,0.2167439927474003,resnet32,0.6931,0.683,0.8013036494058642,0.5933224759064615,0.20798117388039827,resnet32,0.69,0.6902,0.7441001010381363,0.5398684170689773,0.20423168323891747,resnet32,0.6973,0.6932,0.7350622593763877,0.529978163476864,0.20508409642868422,4500000.0,0.0,18000000.0,3186000000.0,38232000000.0
resnet32x12_cifar100_K12_topo-clusters2_seed0002_d011,d011,resnet32:12,cifar100,12,topology,topo-clusters2,peers,2,200,64,0.1,0.9,0.0005,True,0,60,0.1,1.0,1,,disagreement,1.0,1,0.0,0.5,weight,clusters:2,0.0,0.0,42,0,45000,5000,10000,5640048,177,0.0010000000000000002,1,105.23,0.7032250000000001,0.005070687823165613,0.693,0.7118,0.7556,0.05237499999999995,0.7013833333333332,0.7502,0.25370606060606055,0.6256154137212843,0.2548121212121212,0.6283721641502391,0.7032250000000001,resnet32,0.7084,0.7108,0.6886953420259736,0.4844267113049599,0.20426863049876623,resnet32,0.706,0.7002,0.6976978172209453,0.49450737466527656,0.20319044309541245,resnet32,0.703,0.7092,0.6908415638926354,0.4915140653875741,0.19932749849447812,resnet32,0.7058,0.7076,0.6848922839642249,0.4841891107234088,0.20070317253174091,resnet32,0.7086,0.706,0.6530102868141099,0.45981821532107214,0.19319207296410407,resnet32,0.7118,0.7094,0.6579048117538068,0.46482627076858823,0.193078540508974,resnet32,0.7045,0.7002,0.7095439586026425,0.5040238337506625,0.20552012450273402,resnet32,0.6998,0.695,0.7382555881261148,0.5378242496570403,0.20043133829974316,resnet32,0.6994,0.6982,0.7581959934058514,0.5414795698598027,0.21671642347196626,resnet32,0.693,0.694,0.8021579123610123,0.5931441121396016,0.2090138001790778,resnet32,0.6991,0.6926,0.7401347276331349,0.534203112040731,0.20593161605806512,resnet32,0.6993,0.6934,0.7350349811921743,0.5300564635968343,0.20497851618777282,4500000.0,0.0,18000000.0,3204000000.0,38448000000.0
resnet32x12_cifar100_K12_topo-clusters2_seed0002_d011,d011,resnet32:12,cifar100,12,topology,topo-clusters2,peers,2,200,64,0.1,0.9,0.0005,True,0,60,0.1,1.0,1,,disagreement,1.0,1,0.0,0.5,weight,clusters:2,0.0,0.0,42,0,45000,5000,10000,5640048,178,0.0010000000000000002,1,105.13,0.7047,0.004555948492538818,0.6974,0.7147,0.7537,0.049000000000000044,0.7023333333333334,0.7524,0.2509909090909091,0.6329604494063257,0.2528787878787879,0.6315804200300104,0.7047,resnet32,0.7035,0.71,0.687843156978488,0.48454454947601666,0.20329860808454792,resnet32,0.7056,0.6974,0.6968878750181333,0.4954891860993071,0.20139868892940946,resnet32,0.7011,0.7074,0.6925088544799523,0.49173097960142925,0.20077787465627558,resnet32,0.7054,0.7076,0.6874890641139989,0.4833096922375262,0.20417937168597497,resnet32,0.7147,0.7136,0.6468938060358844,0.4540537437000735,0.19284006300255319,resnet32,0.7117,0.7066,0.6538522494110194,0.4618257794698531,0.19202646921092476,resnet32,0.7048,0.7004,0.7070764932273463,0.5043253228915009,0.20275116891769523,resnet32,0.7054,0.6996,0.7340263099917634,0.5346049279905856,0.19942138198001141,resnet32,0.7,0.7002,0.753954300318252,0.5390335636382754,0.21492073584390295,resnet32,0.6974,0.6908,0.7959697375666689,0.5890970284711908,0.20687270859806714,resnet32,0.7018,0.698,0.7389509434896436,0.5338793784718622,0.2050715651553632,resnet32,0.705,0.6964,0.7340172644789246,0.5283319337124174,0.2056853298351846,4500000.0,0.0,18000000.0,3222000000.0,38664000000.0
resnet32x12_cifar100_K12_topo-clusters2_seed0002_d011,d011,resnet32:12,cifar100,12,topology,topo-clusters2,peers,2,200,64,0.1,0.9,0.0005,True,0,60,0.1,1.0,1,,disagreement,1.0,1,0.0,0.5,weight,clusters:2,0.0,0.0,42,0,45000,5000,10000,5640048,179,0.0010000000000000002,1,105.45,0.7024250000000002,0.005426190345598516,0.6916,0.7091,0.7556,0.05317499999999986,0.6995666666666667,0.7482,0.2551424242424243,0.6293409333576585,0.25721060606060603,0.6261776866440651,0.7024250000000002,resnet32,0.709,0.7042,0.6808403847231106,0.47769045817073097,0.203149926869876,resnet32,0.7041,0.6992,0.6917501967400312,0.4911738640459424,0.2005763327046721,resnet32,0.7068,0.7028,0.6866688506085087,0.4860978642563251,0.2005709843413735,resnet32,0.7031,0.704,0.6832808974960988,0.48046303769065574,0.20281785986894232,resnet32,0.7089,0.7036,0.649257353041321,0.45415073730559513,0.19510661583097483,resnet32,0.7091,0.7066,0.6504534610801123,0.4555517162027007,0.1949017456817356,resnet32,0.7031,0.6964,0.7021807240830227,0.49641625621271407,0.20576446809255602,resnet32,0.6983,0.701,0.7303714998151091,0.5307877129790458,0.19958378684664654,resnet32,0.7015,0.6998,0.7531968726437878,0.5357911060987548,0.21740576618520374,resnet32,0.6916,0.6914,0.7989781090397049,0.5894222764763981,0.20955583288080312,resnet32,0.6957,0.6898,0.7335320615886964,0.528128525919535,0.20540353450500828,resnet32,0.6979,0.696,0.7285353186624971,0.522773311812092,0.20576200747481463,4500000.0,0.0,18000000.0,3240000000.0,38880000000.0
resnet32x12_cifar100_K12_topo-clusters2_seed0002_d011,d011,resnet32:12,cifar100,12,topology,topo-clusters2,peers,2,200,64,0.1,0.9,0.0005,True,0,60,0.1,1.0,1,,disagreement,1.0,1,0.0,0.5,weight,clusters:2,0.0,0.0,42,0,45000,5000,10000,5640048,180,0.00010000000000000003,1,104.96,0.708225,0.005054721390277932,0.6971,0.7188,0.757,0.04877500000000001,0.7044833333333332,0.756,0.24698181818181816,0.638063708829297,0.2480666666666667,0.6344705476217314,0.708225,resnet32,0.7112,0.7094,0.6388572026890788,0.4547877272760326,0.18406947631261905,resnet32,0.7092,0.7056,0.6462126900441945,0.4645370799540119,0.1816756094234403,resnet32,0.7081,0.7096,0.6421795879829336,0.46180930287069216,0.1803702857260677,resnet32,0.7069,0.7118,0.6381674013947222,0.45616694929247553,0.18200045202816414,resnet32,0.7132,0.7156,0.5979859553362158,0.42710287126035174,0.17088308444627645,resnet32,0.7188,0.71,0.6038190967149355,0.4340166248677468,0.16980247212235222,resnet32,0.709,0.7052,0.6629170680587942,0.47733065227723936,0.18558641504073006,resnet32,0.705,0.6978,0.6900088605894283,0.507282595361837,0.18272626572500236,resnet32,0.705,0.7002,0.7072659926912324,0.5106639935296368,0.19660199952142482,resnet32,0.6971,0.689,0.7490891143679619,0.5591604565270245,0.18992865725886077,resnet32,0.7051,0.6994,0.6918125765990805,0.5049024419859052,0.18691013403109868,resnet32,0.7101,0.7002,0.6863852842202918,0.4990961029067297,0.18728918240363288,4500000.0,0.0,18000000.0,3258000000.0,39096000000.0
resnet32x12_cifar100_K12_topo-clusters2_seed0002_d011,d011,resnet32:12,cifar100,12,topology,topo-clusters2,peers,2,200,64,0.1,0.9,0.0005,True,0,60,0.1,1.0,1,,disagreement,1.0,1,0.0,0.5,weight,clusters:2,0.0,0.0,42,0,45000,5000,10000,5640048,181,0.00010000000000000003,1,105.68,0.7098916666666666,0.004814121299768928,0.7002,0.7184,0.7581,0.04820833333333341,0.7069333333333335,0.7532,0.24376666666666666,0.6389660087150832,0.2444621212121212,0.6386116970976183,0.7098916666666666,resnet32,0.7103,0.7094,0.613583527717062,0.43864912408488715,0.17493440429891713,resnet32,0.7098,0.7082,0.6245420491322875,0.4519484923432835,0.17259355673608792,resnet32,0.7088,0.7122,0.61919664489952,0.44738824254917825,0.17180840278425338,resnet32,0.7115,0.7136,0.6139692037620328,0.4404261089565063,0.17354309542993593,resnet32,0.7178,0.7116,0.5771285340359266,0.4133128355553543,0.16381569880865177,resnet32,0.7184,0.7096,0.5797673620876264,0.4175079401836477,0.1622594229622998,resnet32,0.7135,0.7094,0.6369055962105367,0.46138311111876235,0.17552248463669623,resnet32,0.7067,0.7032,0.6642147725956007,0.4922033285468139,0.17201144390062176,resnet32,0.7065,0.7068,0.6857276355255056,0.4968882473608987,0.1888393878047778,resnet32,0.7002,0.6936,0.729451768015596,0.5486800046637654,0.18077176211359489,resnet32,0.7078,0.703,0.6662029060535133,0.49017288271253084,0.17603002228266137,resnet32,0.7074,0.7026,0.6615241906097666,0.4840027224695818,0.17752146888100964,4500000.0,0.0,18000000.0,3276000000.0,39312000000.0
resnet32x12_cifar100_K12_topo-clusters2_seed0002_d011,d011,resnet32:12,cifar100,12,topology,topo-clusters2,peers,2,200,64,0.1,0.9,0.0005,True,0,60,0.1,1.0,1,,disagreement,1.0,1,0.0,0.5,weight,clusters:2,0.0,0.0,42,0,45000,5000,10000,5640048,182,0.00010000000000000003,1,104.64,0.7105666666666667,0.004442284197222066,0.7006,0.7168,0.756,0.045433333333333326,0.7057666666666668,0.7562,0.2433121212121212,0.6420185069440957,0.24237272727272727,0.6416801978891831,0.7105666666666667,resnet32,0.714,0.7068,0.6080795897763561,0.4362136120484634,0.17186597690240227,resnet32,0.7099,0.7088,0.6179718119938943,0.44817598231814126,0.16979583002499898,resnet32,0.7109,0.7062,0.6129983921365981,0.4434000825805759,0.16959831083659083,resnet32,0.7124,0.7156,0.6077085796066306,0.4356368839190426,0.17207169555000623,resnet32,0.7155,0.7138,0.571117202878337,0.41097969602031464,0.16013750760943035,resnet32,0.7168,0.7094,0.5760181483135305,0.41705962630327453,0.1589585214916786,resnet32,0.7129,0.7072,0.6327591034668413,0.4578557044309987,0.17490339917342432,resnet32,0.7062,0.6996,0.6595479141158814,0.4883444928352467,0.1712034204339778,resnet32,0.705,0.705,0.6819310447370465,0.49626967471770267,0.18566136885519055,resnet32,0.7006,0.6944,0.7213954351503741,0.5427024529146199,0.1786929827225818,resnet32,0.7103,0.701,0.6598219667900015,0.48458282298154454,0.1752391452689401,resnet32,0.7123,0.7014,0.6563860699534416,0.48132553561167285,0.17506053471218117,4500000.0,0.0,18000000.0,3294000000.0,39528000000.0
resnet32x12_cifar100_K12_topo-clusters2_seed0002_d011,d011,resnet32:12,cifar100,12,topology,topo-clusters2,peers,2,200,64,0.1,0.9,0.0005,True,0,60,0.1,1.0,1,,disagreement,1.0,1,0.0,0.5,weight,clusters:2,0.0,0.0,42,0,45000,5000,10000,5640048,183,0.00010000000000000003,1,104.71,0.7077416666666666,0.004921459528319717,0.6989,0.7176,0.7568,0.049058333333333426,0.70425,0.7544,0.24565151515151512,0.6395586155307643,0.24894696969696972,0.6340866816104616,0.7077416666666666,resnet32,0.7089,0.7118,0.6062023293396289,0.4345889438832687,0.17161338644059884,resnet32,0.7094,0.7036,0.6159868505360051,0.4463053957389837,0.16968145502985202,resnet32,0.7086,0.7082,0.6108447378077968,0.44255251570774073,0.16829222286204723,resnet32,0.7085,0.7146,0.6059853694909676,0.4360890803773972,0.16989628862674264,resnet32,0.7142,0.7112,0.5654907306994904,0.4062845259269869,0.1592062051111663,resnet32,0.7176,0.7082,0.5724287301894616,0.4143616193905473,0.1580671111693267,resnet32,0.7108,0.7094,0.6321044076149437,0.45688351980325853,0.1752208887112581,resnet32,0.705,0.698,0.656041450671513,0.48523562062870373,0.1708058295983144,resnet32,0.7029,0.6996,0.6785614474845881,0.49336793836714193,0.18519350844012064,resnet32,0.6989,0.6864,0.7180430669845506,0.5400952619331126,0.1779478038661182,resnet32,0.7035,0.6984,0.6609652950428426,0.48639989318326116,0.17456540209241211,resnet32,0.7046,0.7016,0.6560302667573772,0.48037372332658956,0.17565654249946502,4500000.0,0.0,18000000.0,3312000000.0,39744000000.0
resnet32x12_cifar100_K12_topo-clusters2_seed0002_d011,d011,resnet32:12,cifar100,12,topology,topo-clusters2,peers,2,200,64,0.1,0.9,0.0005,True,0,60,0.1,1.0,1,,disagreement,1.0,1,0.0,0.5,weight,clusters:2,0.0,0.0,42,0,45000,5000,10000,5640048,184,0.00010000000000000003,1,104.58,0.7101083333333333,0.004993739135713404,0.6988,0.7205,0.7591,0.048991666666666656,0.7075333333333335,0.7552,0.24478181818181802,0.6362447844406794,0.2451515151515151,0.6372740000519683,0.7101083333333333,resnet32,0.7091,0.7092,0.6076947366395458,0.43566981791941956,0.1720249174395576,resnet32,0.7115,0.713,0.618578436318785,0.4487332093360072,0.16984522741668942,resnet32,0.7126,0.7108,0.6109660371968691,0.4425506795417856,0.16841535743283617,resnet32,0.7119,0.714,0.6076188597150824,0.43867183722216974,0.1689470219320025,resnet32,0.7147,0.7146,0.5683140651830896,0.408847296631641,0.15946676842444998,resnet32,0.7205,0.7142,0.5739996107718484,0.4155346223745834,0.15846498852426355,resnet32,0.7119,0.7108,0.628724495837973,0.4547748993235556,0.17394959704357793,resnet32,0.7083,0.7014,0.6563724184578116,0.4867772023532201,0.16959521613634107,resnet32,0.7072,0.7042,0.682828542183746,0.4966283203949305,0.18620022202164613,resnet32,0.6988,0.6948,0.7215960292484273,0.5427955239587887,0.17880050374448977,resnet32,0.707,0.7018,0.6568812191571024,0.4834873226301914,0.17339389566967095,resnet32,0.7078,0.7016,0.6530566471205517,0.47913246330889786,0.17392418274274943,4500000.0,0.0,18000000.0,3330000000.0,39960000000.0
resnet32x12_cifar100_K12_topo-clusters2_seed0002_d011,d011,resnet32:12,cifar100,12,topology,topo-clusters2,peers,2,200,64,0.1,0.9,0.0005,True,0,60,0.1,1.0,1,,disagreement,1.0,1,0.0,0.5,weight,clusters:2,0.0,0.0,42,0,45000,5000,10000,5640048,185,0.00010000000000000003,1,105.07,0.7105916666666666,0.00533455064232739,0.699,0.7192,0.7564,0.04580833333333334,0.7077666666666667,0.756,0.2415575757575758,0.6424837562987995,0.2424272727272727,0.6378504737267383,0.7105916666666666,resnet32,0.7107,0.7106,0.6022598409009251,0.4311605650635267,0.1710992756574838,resnet32,0.7141,0.7082,0.6095084634778852,0.44072641677815805,0.1687820460859009,resnet32,0.7094,0.709,0.6055132306434892,0.4376467553348365,0.16786647454666143,resnet32,0.7123,0.7144,0.6030597779053178,0.43338975875469093,0.16967001924587582,resnet32,0.7179,0.7138,0.5630952030504969,0.4052813475824554,0.15781385512937876,resnet32,0.7192,0.7122,0.5654041292569176,0.4084136327516965,0.15699049599722706,resnet32,0.7135,0.7108,0.6198971905237571,0.4484965910457752,0.17140060030347246,resnet32,0.7092,0.7022,0.6485752624628897,0.481677678307857,0.16689758552026682,resnet32,0.704,0.7058,0.6715098710900004,0.4881017313931476,0.183408139760352,resnet32,0.699,0.699,0.7133069330064411,0.5367518905550241,0.17655504285357893,resnet32,0.7076,0.7034,0.6505945067937401,0.4788132381456142,0.17178126953711564,resnet32,0.7102,0.7038,0.6455513306639411,0.4735339805272154,0.17201734998856077,4500000.0,0.0,18000000.0,3348000000.0,40176000000.0
resnet32x12_cifar100_K12_topo-clusters2_seed0002_d011,d011,resnet32:12,cifar100,12,topology,topo-clusters2,peers,2,200,64,0.1,0.9,0.0005,True,0,60,0.1,1.0,1,,disagreement,1.0,1,0.0,0.5,weight,clusters:2,0.0,0.0,42,0,45000,5000,10000,5640048,186,0.00010000000000000003,1,105.53,0.7108583333333335,0.005073699888203446,0.6988,0.7195,0.7585,0.04764166666666647,0.70605,0.755,0.2449636363636363,0.6390994952077598,0.24550454545454548,0.6350235803077373,0.7108583333333335,resnet32,0.7135,0.7094,0.6021463517099619,0.4319533076856963,0.17019304489208895,resnet32,0.7129,0.708,0.6100293015637859,0.44164071657525544,0.1683885841207071,resnet32,0.7117,0.7082,0.6049140602011572,0.4370547992134975,0.1678592608394948,resnet32,0.7125,0.7154,0.5987262248315595,0.42949468255127693,0.169231542005119,resnet32,0.7166,0.714,0.5607855417342349,0.4025914913509041,0.15819405036216433,resnet32,0.7195,0.7088,0.5677985547703098,0.40992882172577083,0.15786973293870687,resnet32,0.7123,0.7078,0.623148543336852,0.4503236259968782,0.17282491629223592,resnet32,0.7096,0.6978,0.65058888905597,0.4822540599429472,0.16833482895427468,resnet32,0.7056,0.7048,0.6751969628544017,0.4897723493843593,0.18542461322662843,resnet32,0.6988,0.6948,0.7172181806950406,0.5387200737710703,0.17849810712505132,resnet32,0.7083,0.7036,0.6532982430336151,0.4796188685789027,0.17367937495212324,resnet32,0.709,0.7,0.6484512497078289,0.4740890700962733,0.17436217973855409,4500000.0,0.0,18000000.0,3366000000.0,40392000000.0
resnet32x12_cifar100_K12_topo-clusters2_seed0002_d011,d011,resnet32:12,cifar100,12,topology,topo-clusters2,peers,2,200,64,0.1,0.9,0.0005,True,0,60,0.1,1.0,1,,disagreement,1.0,1,0.0,0.5,weight,clusters:2,0.0,0.0,42,0,45000,5000,10000,5640048,187,0.00010000000000000003,1,104.71,0.709975,0.005191198480762095,0.6977,0.7181,0.7561,0.04612499999999997,0.7063,0.7516,0.24349696969696974,0.6409018664983558,0.24324545454545446,0.6407865350785696,0.709975,resnet32,0.7119,0.7106,0.599661071065136,0.42961910407228227,0.17004196754318068,resnet32,0.7125,0.7072,0.6087912387976592,0.4405241143381731,0.1682671234117482,resnet32,0.7094,0.711,0.6053768434477124,0.4365585884291001,0.16881825542077422,resnet32,0.7118,0.7162,0.6009958855892447,0.43046107109297405,0.17053481504659762,resnet32,0.7175,0.712,0.5624591529115357,0.4026149687441913,0.15984418406151235,resnet32,0.7181,0.7082,0.5671487659300593,0.40773160491054034,0.15941716176034373,resnet32,0.7118,0.7084,0.6221663285131481,0.44946549426425586,0.17270083338106898,resnet32,0.7076,0.7002,0.6474250819618729,0.47907774829813704,0.16834733442572708,resnet32,0.7057,0.7034,0.672869881784374,0.48703481282361527,0.18583507007199593,resnet32,0.6977,0.6942,0.7160812633704733,0.5373660129156302,0.17871525071942332,resnet32,0.708,0.7032,0.6519795595244928,0.47850849686867813,0.17347106300506063,resnet32,0.7077,0.701,0.6493441627191548,0.47532819528979336,0.17401596761985935,4500000.0,0.0,18000000.0,3384000000.0,40608000000.0
resnet32x12_cifar100_K12_topo-clusters2_seed0002_d011,d011,resnet32:12,cifar100,12,topology,topo-clusters2,peers,2,200,64,0.1,0.9,0.0005,True,0,60,0.1,1.0,1,,disagreement,1.0,1,0.0,0.5,weight,clusters:2,0.0,0.0,42,0,45000,5000,10000,5640048,188,0.00010000000000000003,1,109.16,0.7110416666666667,0.004552738797202808,0.7011,0.7198,0.7571,0.04605833333333331,0.70715,0.7538,0.2433515151515151,0.6405462107871173,0.24326969696969694,0.6401885748031609,0.7110416666666667,resnet32,0.7132,0.7106,0.5977662470276383,0.42674762129106303,0.17101862601173873,resnet32,0.7122,0.7082,0.6071634905158796,0.43773402919230814,0.16942945995833725,resnet32,0.7109,0.713,0.6003812232732095,0.43379009508697147,0.16659112778407606,resnet32,0.7125,0.716,0.5975008518011733,0.42874699155800045,0.16875386132266035,resnet32,0.7167,0.7146,0.5573348517275669,0.40044342199425126,0.15689143089746888,resnet32,0.7198,0.7122,0.5632022272964771,0.40626342564990575,0.15693880160423843,resnet32,0.7114,0.7086,0.6187815203077414,0.4459641919132661,0.17281732786531476,resnet32,0.7094,0.6986,0.6467862621119077,0.47844111548990687,0.16834514717232774,resnet32,0.7061,0.704,0.6744553097100421,0.4893670850645073,0.18508822562977334,resnet32,0.7011,0.6966,0.7141620868139646,0.5361065949863669,0.17805549255783923,resnet32,0.7087,0.7026,0.652612772473896,0.4791560030372983,0.17345676954242994,resnet32,0.7105,0.7008,0.6459685987369581,0.4710730487819422,0.1748955490660261,4500000.0,0.0,18000000.0,3402000000.0,40824000000.0
resnet32x12_cifar100_K12_topo-clusters2_seed0002_d011,d011,resnet32:12,cifar100,12,topology,topo-clusters2,peers,2,200,64,0.1,0.9,0.0005,True,0,60,0.1,1.0,1,,disagreement,1.0,1,0.0,0.5,weight,clusters:2,0.0,0.0,42,0,45000,5000,10000,5640048,189,0.00010000000000000003,1,104.99,0.7107666666666667,0.00483947885164875,0.7005,0.719,0.7576,0.04683333333333339,0.7066,0.7554,0.24415757575757577,0.6380416735881927,0.2435090909090909,0.640294745122573,0.7107666666666667,resnet32,0.7109,0.71,0.5963186023079536,0.426489752209322,0.1698288507865403,resnet32,0.7131,0.7072,0.6075979097830978,0.43968411907553673,0.16791379068639467,resnet32,0.7121,0.714,0.6016678451983766,0.4349084715358913,0.1667593736519021,resnet32,0.7114,0.717,0.594487586947666,0.426085767950016,0.168401819600893,resnet32,0.7185,0.7194,0.557196314742958,0.3993886299431324,0.15780768325467678,resnet32,0.719,0.7112,0.5615637718530541,0.40485557435419073,0.15670819737186487,resnet32,0.7114,0.7072,0.6200902957723222,0.4490374134303155,0.17105288385540585,resnet32,0.7091,0.6974,0.6441033839840781,0.4767258951694451,0.16737748816905712,resnet32,0.7052,0.7016,0.6662580456838689,0.4838964095423845,0.18236163542182607,resnet32,0.7005,0.6918,0.7083502704785629,0.5337245842357251,0.1746256850892678,resnet32,0.709,0.7034,0.6475685505535115,0.4745230538643558,0.17304549657274038,resnet32,0.709,0.699,0.6461997855539349,0.47254182609983464,0.1736579604595053,4500000.0,0.0,18000000.0,3420000000.0,41040000000.0
resnet32x12_cifar100_K12_topo-clusters2_seed0002_d011,d011,resnet32:12,cifar100,12,topology,topo-clusters2,peers,2,200,64,0.1,0.9,0.0005,True,0,60,0.1,1.0,1,,disagreement,1.0,1,0.0,0.5,weight,clusters:2,0.0,0.0,42,0,45000,5000,10000,5640048,190,0.00010000000000000003,1,104.68,0.7107083333333334,0.004319424794524784,0.7013,0.7174,0.76,0.04929166666666662,0.7074166666666667,0.7542,0.24213030303030306,0.6429202805185027,0.2440363636363637,0.638086453188688,0.7107083333333334,resnet32,0.7129,0.7132,0.5922341345470737,0.4232918370345777,0.1689422982215712,resnet32,0.7131,0.7116,0.6018550200811164,0.43437255410985515,0.16748246598184446,resnet32,0.7102,0.7118,0.5966340310617604,0.4307090974074196,0.16592493313576348,resnet32,0.7106,0.7182,0.5909447423605756,0.42265205773186276,0.1682926847662946,resnet32,0.7174,0.713,0.5532006144269623,0.39651804231107235,0.15668257211589,resnet32,0.717,0.7152,0.5557344683699987,0.3999862680211663,0.155748199576258,resnet32,0.7133,0.7072,0.6161974835717543,0.44391212925653567,0.17228535504546016,resnet32,0.7063,0.7004,0.6433346319774335,0.4748345770111138,0.16850005434191023,resnet32,0.7075,0.7008,0.6654370479201052,0.482381142845208,0.18305590453515339,resnet32,0.7013,0.6938,0.7040135160257871,0.52821929206733,0.17579422374679285,resnet32,0.7089,0.7022,0.6430292197672481,0.47221811386671936,0.17081110617569226,resnet32,0.71,0.7016,0.6378544497896325,0.4664471882226115,0.17140726170460271,4500000.0,0.0,18000000.0,3438000000.0,41256000000.0
resnet32x12_cifar100_K12_topo-clusters2_seed0002_d011,d011,resnet32:12,cifar100,12,topology,topo-clusters2,peers,2,200,64,0.1,0.9,0.0005,True,0,60,0.1,1.0,1,,disagreement,1.0,1,0.0,0.5,weight,clusters:2,0.0,0.0,42,0,45000,5000,10000,5640048,191,0.00010000000000000003,1,104.69,0.7103083333333333,0.004822423030893191,0.7,0.7185,0.7582,0.047891666666666666,0.7060666666666666,0.7538,0.24516666666666673,0.6413917516960452,0.24327878787878776,0.6404040938890618,0.7103083333333333,resnet32,0.7136,0.7088,0.5904961001889949,0.4216515511824665,0.1688445487525314,resnet32,0.711,0.7076,0.6035646357234906,0.43664260365238244,0.16692203349984167,resnet32,0.7099,0.7106,0.5940943839536472,0.42911979875696654,0.16497458530251274,resnet32,0.7123,0.7154,0.5911344679665159,0.42412761956537987,0.16700684812597252,resnet32,0.7166,0.7112,0.5557574231431566,0.39691819640045817,0.15883922538804737,resnet32,0.7185,0.7092,0.5632669942622835,0.4053532452195544,0.1579137497200546,resnet32,0.7126,0.706,0.6153546436266466,0.44350927001373336,0.17184537419498983,resnet32,0.7078,0.6996,0.6387398590503092,0.47144083119928837,0.1672990269408646,resnet32,0.7048,0.7032,0.6646436881273985,0.4804498338648541,0.1841938536381349,resnet32,0.7,0.6946,0.7055456447838382,0.5276857829568061,0.17785986134020443,resnet32,0.7089,0.7032,0.6396565582518551,0.4676088244146244,0.1720477352130481,resnet32,0.7077,0.7034,0.6384874088266357,0.4658198382451453,0.17266756965016777,4500000.0,0.0,18000000.0,3456000000.0,41472000000.0
resnet32x12_cifar100_K12_topo-clusters2_seed0002_d011,d011,resnet32:12,cifar100,12,topology,topo-clusters2,peers,2,200,64,0.1,0.9,0.0005,True,0,60,0.1,1.0,1,,disagreement,1.0,1,0.0,0.5,weight,clusters:2,0.0,0.0,42,0,45000,5000,10000,5640048,192,0.00010000000000000003,1,105.03,0.7116750000000001,0.004682258180265866,0.7003,0.7189,0.7583,0.046624999999999917,0.7086166666666666,0.7566,0.24161515151515156,0.6411203263162764,0.24250909090909087,0.6393477667535643,0.7116750000000001,resnet32,0.7157,0.7092,0.5921854242597792,0.4229049874173308,0.16928043750919064,resnet32,0.7145,0.711,0.6019224011847242,0.434818879193203,0.16710352267942985,resnet32,0.7104,0.7088,0.5924031385643915,0.4271055936855687,0.16529754477299072,resnet32,0.7133,0.7176,0.5889669200828807,0.42216807950965385,0.16679884086955676,resnet32,0.7156,0.7158,0.5537808418527923,0.395756508752873,0.1580243321685967,resnet32,0.7189,0.7124,0.5557674213566564,0.39939345366490836,0.15637396659109404,resnet32,0.7147,0.7118,0.6183935875835066,0.4461088106459515,0.17228477668355813,resnet32,0.7102,0.7026,0.6414296238005839,0.47324090920896694,0.16818871415770528,resnet32,0.7081,0.7074,0.665569198275493,0.482280467425219,0.183288729601455,resnet32,0.7003,0.6992,0.7023764877495441,0.526535897960209,0.17584058914375914,resnet32,0.7084,0.7046,0.6446528463539752,0.4725500946568156,0.17210275188765742,resnet32,0.71,0.703,0.6396965020420876,0.4669849365653301,0.17271156653507866,4500000.0,0.0,18000000.0,3474000000.0,41688000000.0
resnet32x12_cifar100_K12_topo-clusters2_seed0002_d011,d011,resnet32:12,cifar100,12,topology,topo-clusters2,peers,2,200,64,0.1,0.9,0.0005,True,0,60,0.1,1.0,1,,disagreement,1.0,1,0.0,0.5,weight,clusters:2,0.0,0.0,42,0,45000,5000,10000,5640048,193,0.00010000000000000003,1,104.49,0.7106416666666666,0.004961595565496611,0.6987,0.7194,0.7617,0.05105833333333343,0.7062166666666666,0.753,0.24549393939393946,0.6364315762658475,0.24559696969696967,0.6367629059523221,0.7106416666666666,resnet32,0.7128,0.7088,0.5974476660855792,0.4273720338559625,0.17007563200736928,resnet32,0.7136,0.7058,0.6070943068797615,0.4385823269205337,0.168511980869384,resnet32,0.7099,0.71,0.601078871849247,0.4321800603277304,0.16889881006103347,resnet32,0.713,0.7186,0.5953091435049745,0.4254214566158639,0.16988768712194127,resnet32,0.7156,0.7138,0.5559486537663774,0.397729337638752,0.15821931657212024,resnet32,0.7194,0.712,0.5606738014400683,0.4029363581953062,0.15773744270501827,resnet32,0.7116,0.706,0.6191995763643221,0.4482058882924982,0.17099368812474,resnet32,0.7096,0.6996,0.6447527388703417,0.4780570266091011,0.16669571120291948,resnet32,0.7059,0.7054,0.6693279787220738,0.48353662995875557,0.1857913490278985,resnet32,0.6987,0.6926,0.7134848444045268,0.5354130418801849,0.1780718037837439,resnet32,0.7094,0.7036,0.6511752559718761,0.47764672311446205,0.17352853331249207,resnet32,0.7082,0.6984,0.6476383028467271,0.4733023561791263,0.17433594773650507,4500000.0,0.0,18000000.0,3492000000.0,41904000000.0
resnet32x12_cifar100_K12_topo-clusters2_seed0002_d011,d011,resnet32:12,cifar100,12,topology,topo-clusters2,peers,2,200,64,0.1,0.9,0.0005,True,0,60,0.1,1.0,1,,disagreement,1.0,1,0.0,0.5,weight,clusters:2,0.0,0.0,42,0,45000,5000,10000,5640048,194,0.00010000000000000003,1,104.65,0.71,0.0045564971926543105,0.6994,0.7162,0.7583,0.04830000000000001,0.7072333333333334,0.7574,0.24648787878787878,0.6344682729748828,0.2468060606060605,0.6353093650259742,0.71,resnet32,0.7142,0.7082,0.5903865574774417,0.4200059222269126,0.17038063529286196,resnet32,0.712,0.7106,0.602714919400486,0.43461595181460405,0.1680989672048864,resnet32,0.7105,0.7144,0.5950583584013988,0.4284312955569476,0.16662706329952925,resnet32,0.7112,0.7164,0.5879502180032432,0.4195612260267477,0.16838899162724952,resnet32,0.7162,0.7162,0.5497886517339132,0.39338818236931483,0.15640046990434217,resnet32,0.7153,0.7096,0.5557928836735134,0.40011858846992254,0.15567429511892525,resnet32,0.7117,0.7112,0.6182703055356714,0.4451270462013781,0.17314325965178962,resnet32,0.7085,0.6994,0.6393476073968817,0.4697787178553302,0.16956888968971642,resnet32,0.704,0.7068,0.6620445601557466,0.4785200720017945,0.18352448850319805,resnet32,0.6994,0.6944,0.7022315764545717,0.5268797496841713,0.1753518255850808,resnet32,0.7077,0.7,0.6405193301510405,0.46852328992364084,0.17199603888333181,resnet32,0.7093,0.6996,0.6377320511435921,0.4655408392533321,0.17219121203842488,4500000.0,0.0,18000000.0,3510000000.0,42120000000.0
resnet32x12_cifar100_K12_topo-clusters2_seed0002_d011,d011,resnet32:12,cifar100,12,topology,topo-clusters2,peers,2,200,64,0.1,0.9,0.0005,True,0,60,0.1,1.0,1,,disagreement,1.0,1,0.0,0.5,weight,clusters:2,0.0,0.0,42,0,45000,5000,10000,5640048,195,0.00010000000000000003,1,105.37,0.7100583333333333,0.004781641686933687,0.6991,0.7192,0.7587,0.048641666666666694,0.7082666666666667,0.7548,0.24361212121212125,0.6378363190194323,0.24486818181818187,0.6376680307491318,0.7100583333333333,resnet32,0.7123,0.71,0.5890582896853712,0.4202430484901098,0.16881524106826296,resnet32,0.7127,0.7098,0.5984407912262462,0.4310636803804135,0.16737711052833634,resnet32,0.7078,0.7106,0.5907523278146982,0.4250692755449563,0.1656830518887463,resnet32,0.7096,0.7202,0.5874338875609365,0.4200425840787251,0.16739130220164292,resnet32,0.7158,0.7148,0.5465633282437921,0.3894211254717613,0.15714220220053737,resnet32,0.7192,0.7116,0.5531026325188577,0.3962039267644286,0.15689870543693277,resnet32,0.712,0.714,0.61134318490936,0.43929209949618037,0.17205108520151538,resnet32,0.7075,0.7004,0.6348903858187523,0.4674635777376931,0.16742680851497094,resnet32,0.708,0.7072,0.6592148105105893,0.4757248476062986,0.18348996375094762,resnet32,0.6991,0.6958,0.6993021907454188,0.5233491279438816,0.1759530625157905,resnet32,0.7085,0.7026,0.6396374089897356,0.4676935743879188,0.17194383395624094,resnet32,0.7082,0.7022,0.6373826185749336,0.46503151225095446,0.17235110610173168,4500000.0,0.0,18000000.0,3528000000.0,42336000000.0
resnet32x12_cifar100_K12_topo-clusters2_seed0002_d011,d011,resnet32:12,cifar100,12,topology,topo-clusters2,peers,2,200,64,0.1,0.9,0.0005,True,0,60,0.1,1.0,1,,disagreement,1.0,1,0.0,0.5,weight,clusters:2,0.0,0.0,42,0,45000,5000,10000,5640048,196,0.00010000000000000003,1,105.47,0.7084666666666665,0.005592008186291885,0.6973,0.7199,0.7591,0.05063333333333353,0.7059666666666665,0.755,0.2475212121212121,0.6353647508332508,0.2478515151515152,0.6357390160934143,0.7084666666666665,resnet32,0.7104,0.7136,0.5909961542876606,0.42089179454540665,0.17010435937184162,resnet32,0.7096,0.7094,0.6024124945344572,0.4331115590281446,0.16930093565447765,resnet32,0.7104,0.7074,0.596522982951931,0.42959292768500745,0.1669300558278337,resnet32,0.7117,0.713,0.5895432481034235,0.42135147168301046,0.16819177634633062,resnet32,0.714,0.7142,0.5548385986211625,0.3972217760218138,0.1576168223241852,resnet32,0.7199,0.709,0.559359611985697,0.4018026987006041,0.15755691339092498,resnet32,0.7103,0.708,0.6181446001441642,0.44319527716883883,0.1749493229859085,resnet32,0.7053,0.6964,0.6453368284908886,0.47498857471245254,0.1703482537890192,resnet32,0.7029,0.706,0.6642781672152606,0.48020379384979606,0.1840743730479682,resnet32,0.6973,0.6924,0.7049792032604191,0.5288955212824724,0.1760836809619584,resnet32,0.7052,0.7008,0.6421381190673194,0.4685484640808268,0.17358965490182693,resnet32,0.7046,0.7014,0.6378225750205192,0.4648524835621091,0.1729700919240713,4500000.0,0.0,18000000.0,3546000000.0,42552000000.0
resnet32x12_cifar100_K12_topo-clusters2_seed0002_d011,d011,resnet32:12,cifar100,12,topology,topo-clusters2,peers,2,200,64,0.1,0.9,0.0005,True,0,60,0.1,1.0,1,,disagreement,1.0,1,0.0,0.5,weight,clusters:2,0.0,0.0,42,0,45000,5000,10000,5640048,197,0.00010000000000000003,1,107.0,0.7096499999999999,0.005225338904479472,0.698,0.7209,0.7613,0.051650000000000085,0.7074666666666668,0.753,0.24415151515151517,0.6385947870612951,0.24578939393939395,0.6369651522080428,0.7096499999999999,resnet32,0.7099,0.7134,0.5904284123839303,0.41972850942560896,0.1706999038261446,resnet32,0.7119,0.71,0.6005519485016438,0.4318021829451688,0.16874976448757065,resnet32,0.708,0.7096,0.5998797643591057,0.4311090889598497,0.16877067561092024,resnet32,0.7114,0.716,0.5943864100104705,0.4238647360947322,0.17052167450839822,resnet32,0.7146,0.7138,0.5535836987282065,0.394472140353173,0.1591115578352897,resnet32,0.7209,0.7126,0.5592163073491644,0.4019062897952443,0.15731001827357846,resnet32,0.7108,0.7088,0.6134472991847857,0.4406473895280876,0.17279990868304262,resnet32,0.7084,0.6982,0.6410090333189477,0.47218785572543065,0.1688211780274287,resnet32,0.7053,0.7052,0.6675648760389198,0.48167074215598404,0.18589413539633493,resnet32,0.698,0.695,0.7089293671941216,0.5300944221460007,0.1788349439157173,resnet32,0.7098,0.7022,0.6431902021338994,0.46983353241177445,0.17335667020895265,resnet32,0.7068,0.7048,0.6409385934980079,0.466557639375837,0.17438095470424742,4500000.0,0.0,18000000.0,3564000000.0,42768000000.0
resnet32x12_cifar100_K12_topo-clusters2_seed0002_d011,d011,resnet32:12,cifar100,12,topology,topo-clusters2,peers,2,200,64,0.1,0.9,0.0005,True,0,60,0.1,1.0,1,,disagreement,1.0,1,0.0,0.5,weight,clusters:2,0.0,0.0,42,0,45000,5000,10000,5640048,198,0.00010000000000000003,1,113.23,0.7102166666666668,0.005054178689186032,0.698,0.7175,0.7561,0.045883333333333165,0.7075166666666667,0.7536,0.24370606060606062,0.6393201264788537,0.24313484848484856,0.6398863306621225,0.7102166666666668,resnet32,0.7131,0.714,0.586993280459534,0.41611181042919104,0.17088147047483784,resnet32,0.71,0.7058,0.5982282855124637,0.43089371597902343,0.1673345695334402,resnet32,0.7096,0.711,0.5921466691334817,0.42461226433938876,0.1675344044342637,resnet32,0.7137,0.716,0.5875297091816637,0.41848139170641924,0.1690483165121722,resnet32,0.7171,0.7146,0.5492656759240411,0.3924074502111497,0.15685822538481178,resnet32,0.7175,0.7106,0.5510838398371231,0.3956630244131454,0.15542081515939737,resnet32,0.7117,0.7108,0.6108664386821064,0.4380350614559244,0.17283137668643825,resnet32,0.708,0.702,0.6375775625082579,0.46928085005757486,0.16829671152994374,resnet32,0.7052,0.7048,0.6595390289598568,0.47501399528912525,0.18452503416814248,resnet32,0.698,0.7,0.7022785593501546,0.5260389557277615,0.17623960405630482,resnet32,0.7083,0.6982,0.6394295548512177,0.46716482941569254,0.1722647266102616,resnet32,0.7104,0.7024,0.632765086452392,0.4594015546397052,0.1733635306485336,4500000.0,0.0,18000000.0,3582000000.0,42984000000.0
resnet32x12_cifar100_K12_topo-clusters2_seed0002_d011,d011,resnet32:12,cifar100,12,topology,topo-clusters2,peers,2,200,64,0.1,0.9,0.0005,True,0,60,0.1,1.0,1,,disagreement,1.0,1,0.0,0.5,weight,clusters:2,0.0,0.0,42,0,45000,5000,10000,5640048,199,0.00010000000000000003,1,112.43,0.7107749999999999,0.005015662967146012,0.6993,0.7184,0.7579,0.047125000000000083,0.7064833333333332,0.7546,0.24470606060606068,0.6391575178548221,0.2430878787878788,0.6398778069678592,0.7107749999999999,resnet32,0.713,0.7084,0.5883017118004236,0.41848258868875826,0.1698191239159893,resnet32,0.714,0.7106,0.5990709783509374,0.43127526211636985,0.167795717864382,resnet32,0.7097,0.7092,0.5930785998194055,0.4246264497368512,0.16845215038946745,resnet32,0.7115,0.7158,0.5896373579532586,0.4202357354912568,0.16940162345682355,resnet32,0.7178,0.7134,0.5480271563018587,0.390477512455122,0.15754964339165864,resnet32,0.7184,0.71,0.5516654012555425,0.3943312571765008,0.15733414366629653,resnet32,0.7132,0.7072,0.6140901018780741,0.4399811619765718,0.17410894062116064,resnet32,0.7091,0.7,0.6403535451655361,0.47084364578635857,0.16950989980250597,resnet32,0.7054,0.7052,0.6606499849056656,0.47438493743538857,0.18626504629554058,resnet32,0.6993,0.694,0.7044001741504128,0.5262442899190567,0.1781558848345991,resnet32,0.7098,0.7006,0.6389309385876086,0.46625252694568853,0.1726784117795019,resnet32,0.7081,0.7034,0.6343214597807012,0.46171657914634456,0.1726048816503449,4500000.0,0.0,18000000.0,3600000000.0,43200000000.0
