run_id,run_tag,cohort,dataset,K,arm,arm_label,target,seed,epochs,batch_size,base_lr,momentum,weight_decay,nesterov,graph_seed,lr_step,lr_gamma,kd_T,k_matchings,k_anneal,match_weight,kappa,rematch_every_epochs,recency_lambda,recency_gamma,peel_weighting,graph,label_noise_rate,actual_noise_rate,noise_seed,split_seed,n_train,n_valid,n_test,cohort_params,epoch,lr,k_current,epoch_seconds,avg_test_acc,std_test_acc,min_test_acc,max_test_acc,ensemble_test_acc,ens_minus_avg_test,avg_val_acc,ensemble_val_acc,disagreement_val,rho_val,disagreement_test,rho_test,avg_test_acc_resnet32,model_00_arch,model_00_test_acc,model_00_val_acc,model_00_train_loss,model_00_ce_loss,model_00_kd_loss,model_01_arch,model_01_test_acc,model_01_val_acc,model_01_train_loss,model_01_ce_loss,model_01_kd_loss,model_02_arch,model_02_test_acc,model_02_val_acc,model_02_train_loss,model_02_ce_loss,model_02_kd_loss,model_03_arch,model_03_test_acc,model_03_val_acc,model_03_train_loss,model_03_ce_loss,model_03_kd_loss,model_04_arch,model_04_test_acc,model_04_val_acc,model_04_train_loss,model_04_ce_loss,model_04_kd_loss,model_05_arch,model_05_test_acc,model_05_val_acc,model_05_train_loss,model_05_ce_loss,model_05_kd_loss,model_06_arch,model_06_test_acc,model_06_val_acc,model_06_train_loss,model_06_ce_loss,model_06_kd_loss,model_07_arch,model_07_test_acc,model_07_val_acc,model_07_train_loss,model_07_ce_loss,model_07_kd_loss,model_08_arch,model_08_test_acc,model_08_val_acc,model_08_train_loss,model_08_ce_loss,model_08_kd_loss,model_09_arch,model_09_test_acc,model_09_val_acc,model_09_train_loss,model_09_ce_loss,model_09_kd_loss,model_10_arch,model_10_test_acc,model_10_val_acc,model_10_train_loss,model_10_ce_loss,model_10_kd_loss,model_11_arch,model_11_test_acc,model_11_val_acc,model_11_train_loss,model_11_ce_loss,model_11_kd_loss,comm_logit_floats_epoch,comm_matcher_ints_epoch,comm_bytes_epoch,comm_bytes_cum,comm_bytes_cum_cohort
resnet32x12_cifar100_K12_mwmd1_noise40_seed0004_d011,d011,resnet32:12,cifar100,12,matched,mwmd1,peers,4,200,64,0.1,0.9,0.0005,True,0,60,0.1,1.0,1,,disagreement,1.0,1,0.0,0.5,weight,complete,0.4,0.398956,42,0,45000,5000,10000,5640048,0,0.1,1,104.36,0.015233333333333335,0.00557334928227383,0.0098,0.0297,0.0285,0.013266666666666666,0.016450000000000003,0.0296,0.2524575757575757,0.6703417487809555,0.25252878787878796,0.6590788435504572,0.015233333333333335,resnet32,0.0151,0.018,4.736349712718617,4.635272936387495,0.1010767732396661,resnet32,0.0198,0.0224,4.696298591115258,4.6204367848959835,0.07586181295598428,resnet32,0.0098,0.0104,4.747084348716519,4.636233644729311,0.11085070270916152,resnet32,0.0105,0.011,4.7123399024659935,4.650479458949783,0.061860440006078286,resnet32,0.0211,0.0226,4.687357159500772,4.614046098833734,0.07331106024271734,resnet32,0.0297,0.0308,4.690342757512223,4.616393121806058,0.07394962814776757,resnet32,0.0132,0.015,4.721939013762907,4.632190720601515,0.08974828410429257,resnet32,0.0103,0.012,4.7143033024939625,4.6474496661262075,0.06685363032988789,resnet32,0.0143,0.0148,4.759795558723536,4.670402041890404,0.08939351566575417,resnet32,0.0141,0.0148,4.764324196360328,4.6287831813097,0.1355410166360426,resnet32,0.0147,0.0146,4.73803658309308,4.651190737431699,0.08684584735518994,resnet32,0.0102,0.011,4.740742995657704,4.638146491213278,0.10259649770887336,4500000.0,5000.0,18010000.0,18010000.0,216120000.0
resnet32x12_cifar100_K12_mwmd1_noise40_seed0004_d011,d011,resnet32:12,cifar100,12,matched,mwmd1,peers,4,200,64,0.1,0.9,0.0005,True,0,60,0.1,1.0,1,,disagreement,1.0,1,0.0,0.5,weight,complete,0.4,0.398956,42,0,45000,5000,10000,5640048,1,0.1,1,102.56,0.02210833333333333,0.009054691080073111,0.0108,0.0429,0.0338,0.011691666666666666,0.02305,0.0348,0.7189515151515149,0.3860702210339691,0.7164060606060604,0.39802385628049225,0.02210833333333333,resnet32,0.0292,0.034,4.5718493746085604,4.558513768017292,0.013335608396036232,resnet32,0.0236,0.0222,4.585093630985781,4.567608477717096,0.01748514860413376,resnet32,0.0108,0.0118,4.619752828370441,4.6080046716061505,0.0117481438418591,resnet32,0.0271,0.03,4.584154812449759,4.573148486289111,0.011006328973549402,resnet32,0.0314,0.032,4.572257366370071,4.554497081447732,0.017760277188658205,resnet32,0.0429,0.0422,4.565046740526503,4.539399972693487,0.02564676061129748,resnet32,0.021,0.0232,4.611489886587316,4.584318632429296,0.027171252681662074,resnet32,0.0172,0.0178,4.614184427667748,4.599973983385346,0.014210449059729317,resnet32,0.0215,0.0222,4.596448584713719,4.590371652760289,0.00607694553135926,resnet32,0.0138,0.0142,4.611775362356142,4.593476209450852,0.018299150703982872,resnet32,0.016,0.0154,4.611459709703922,4.592568938027728,0.01889076798529872,resnet32,0.0108,0.0116,4.614898508245295,4.60831351375038,0.0065849914400049865,4500000.0,5000.0,18010000.0,36020000.0,432240000.0
resnet32x12_cifar100_K12_mwmd1_noise40_seed0004_d011,d011,resnet32:12,cifar100,12,matched,mwmd1,peers,4,200,64,0.1,0.9,0.0005,True,0,60,0.1,1.0,1,,disagreement,1.0,1,0.0,0.5,weight,complete,0.4,0.398956,42,0,45000,5000,10000,5640048,2,0.1,1,102.56,0.03689166666666667,0.011905003033272282,0.0142,0.0526,0.0446,0.007708333333333331,0.03705000000000001,0.0476,0.7164000000000001,0.32905012245792864,0.7144999999999997,0.33077747097681903,0.03689166666666667,resnet32,0.0508,0.0508,4.526140722361478,4.497222166847099,0.02891855350886048,resnet32,0.0461,0.0432,4.542435791004788,4.513597810810262,0.02883797846020157,resnet32,0.0142,0.0162,4.619993729347533,4.604194589636543,0.015799140280498912,resnet32,0.0465,0.049,4.537704649296674,4.518625722690062,0.019078929482599382,resnet32,0.0446,0.0438,4.535427055575631,4.508117257194086,0.027309796603565865,resnet32,0.0526,0.0542,4.509421584281054,4.475997326726263,0.033424255713312465,resnet32,0.0354,0.0368,4.561385475099087,4.541376979513601,0.02000849216710776,resnet32,0.0411,0.0394,4.561429858207703,4.541558821092952,0.01987104655100583,resnet32,0.0277,0.029,4.577115126631477,4.562364851886576,0.014750280244863296,resnet32,0.0378,0.0394,4.584057537669485,4.564402070235122,0.019655465338887138,resnet32,0.0257,0.0252,4.608731026676568,4.572282978756861,0.036448048702864486,resnet32,0.0202,0.0176,4.619040672074664,4.589226017621431,0.029814651204188438,4500000.0,5000.0,18010000.0,54030000.0,648360000.0
resnet32x12_cifar100_K12_mwmd1_noise40_seed0004_d011,d011,resnet32:12,cifar100,12,matched,mwmd1,peers,4,200,64,0.1,0.9,0.0005,True,0,60,0.1,1.0,1,,disagreement,1.0,1,0.0,0.5,weight,complete,0.4,0.398956,42,0,45000,5000,10000,5640048,3,0.1,1,102.51,0.056824999999999994,0.009817766633337067,0.0437,0.0814,0.0614,0.00457500000000001,0.05833333333333334,0.0618,0.5930121212121212,0.5109315852769751,0.5988151515151515,0.5187728707385861,0.056824999999999994,resnet32,0.0667,0.0684,4.460245557129383,4.435490352863615,0.02475519246548753,resnet32,0.0575,0.061,4.449252152307467,4.43115536462177,0.018096785008145325,resnet32,0.045,0.0476,4.531423523344777,4.508977584540844,0.022445939149210146,resnet32,0.0622,0.064,4.446016312322834,4.430527634241364,0.015488676347145387,resnet32,0.0575,0.0606,4.447500484910878,4.431965807622129,0.015534686674734323,resnet32,0.0814,0.0818,4.441042295911095,4.407893957739526,0.03314833127131516,resnet32,0.049,0.0492,4.47258356010372,4.456782605160367,0.015800952874335715,resnet32,0.0534,0.055,4.48510165173899,4.463363922455094,0.021737726700269955,resnet32,0.0593,0.0608,4.5109682076356625,4.476878868585283,0.03408933766927062,resnet32,0.0549,0.0582,4.476241433484987,4.460370777005499,0.015870657068841287,resnet32,0.0513,0.0544,4.477415727620775,4.459222461012277,0.018193262680804102,resnet32,0.0437,0.039,4.5270613391291015,4.501637580719861,0.025423758151274258,4500000.0,5000.0,18010000.0,72040000.0,864480000.0
resnet32x12_cifar100_K12_mwmd1_noise40_seed0004_d011,d011,resnet32:12,cifar100,12,matched,mwmd1,peers,4,200,64,0.1,0.9,0.0005,True,0,60,0.1,1.0,1,,disagreement,1.0,1,0.0,0.5,weight,complete,0.4,0.398956,42,0,45000,5000,10000,5640048,4,0.1,1,101.52,0.0739,0.00640949816028265,0.0643,0.0854,0.0831,0.0092,0.0767,0.088,0.5821,0.5681127808128442,0.5846499999999999,0.5597745305884154,0.0739,resnet32,0.0686,0.068,4.397013066167181,4.375160201706669,0.021852877865471368,resnet32,0.0762,0.0856,4.397711298682473,4.375455887480215,0.022255409658431414,resnet32,0.0643,0.0652,4.4340752925385125,4.420054386962544,0.014020905172484081,resnet32,0.0777,0.0808,4.394437964666974,4.37710179253058,0.017336171005312775,resnet32,0.0699,0.0728,4.395009047605774,4.373145860027183,0.02186319187669803,resnet32,0.0854,0.0862,4.3748165579004725,4.349478787996552,0.02533777575643564,resnet32,0.0781,0.0856,4.411994115872816,4.394695659930056,0.017298449397044766,resnet32,0.0779,0.083,4.413908469406041,4.399348104541952,0.014560369651669382,resnet32,0.0718,0.079,4.417741480876099,4.395448935302821,0.022292542545156637,resnet32,0.0822,0.0834,4.4144114743579514,4.388997243209318,0.02541423996973952,resnet32,0.0698,0.0666,4.4183078740130775,4.4037213616750455,0.014586511259866793,resnet32,0.0649,0.0642,4.440330091525208,4.42630225758661,0.014027835478455845,4500000.0,5000.0,18010000.0,90050000.0,1080600000.0
resnet32x12_cifar100_K12_mwmd1_noise40_seed0004_d011,d011,resnet32:12,cifar100,12,matched,mwmd1,peers,4,200,64,0.1,0.9,0.0005,True,0,60,0.1,1.0,1,,disagreement,1.0,1,0.0,0.5,weight,complete,0.4,0.398956,42,0,45000,5000,10000,5640048,5,0.1,1,102.49,0.10308333333333332,0.006735210134476543,0.0874,0.1129,0.1163,0.013216666666666682,0.10186666666666666,0.1138,0.61149696969697,0.527655986979509,0.6111121212121213,0.5440025651904855,0.10308333333333332,resnet32,0.1129,0.1114,4.345100700516593,4.321647214618596,0.02345348226530901,resnet32,0.106,0.103,4.339083275334402,4.317217394709587,0.021865876047575675,resnet32,0.0874,0.0902,4.373433418910611,4.350095005197958,0.02333840475925668,resnet32,0.1015,0.0972,4.344422544606707,4.3214161138642915,0.023006426566015845,resnet32,0.0965,0.0988,4.338000028309497,4.314956436441704,0.02304359994278374,resnet32,0.1097,0.109,4.328195621682839,4.300254601985216,0.02794102669047954,resnet32,0.1036,0.0994,4.362878747284412,4.33949248154055,0.023386258065742863,resnet32,0.1093,0.109,4.355131030760028,4.334846397692507,0.020284644702438858,resnet32,0.1079,0.108,4.354974562132901,4.327040072191846,0.027934491113145752,resnet32,0.0968,0.0964,4.349075679413297,4.325655700130896,0.023419975830951113,resnet32,0.1037,0.0998,4.356114929372614,4.334228957918557,0.021885964172807606,resnet32,0.1017,0.1002,4.386483823711222,4.366181406785142,0.0203024249243423,4500000.0,5000.0,18010000.0,108060000.0,1296720000.0
resnet32x12_cifar100_K12_mwmd1_noise40_seed0004_d011,d011,resnet32:12,cifar100,12,matched,mwmd1,peers,4,200,64,0.1,0.9,0.0005,True,0,60,0.1,1.0,1,,disagreement,1.0,1,0.0,0.5,weight,complete,0.4,0.398956,42,0,45000,5000,10000,5640048,6,0.1,1,102.16,0.11645833333333334,0.010678674881380286,0.0978,0.1285,0.1323,0.015841666666666657,0.11771666666666669,0.1294,0.5440151515151516,0.5872369965051935,0.5424151515151514,0.58899598865366,0.11645833333333334,resnet32,0.1255,0.127,4.299417016519741,4.271652926098216,0.02776409172590568,resnet32,0.1285,0.1268,4.297413661060008,4.269684485075149,0.02772918062295172,resnet32,0.1155,0.1214,4.3211985267698765,4.294527677649802,0.026670849141241473,resnet32,0.1243,0.1286,4.304025291380557,4.2792474708773875,0.024777819058561527,resnet32,0.1262,0.1212,4.293428145010363,4.265521954745054,0.027906189344569364,resnet32,0.1264,0.1246,4.285943034020337,4.2579953277652915,0.027947693920313297,resnet32,0.0978,0.0954,4.316812652755868,4.290784222497181,0.026028430472995915,resnet32,0.1034,0.1096,4.3036523051559925,4.279273777522824,0.02437851954759522,resnet32,0.108,0.1102,4.308257472108711,4.2821903384544635,0.026067136789523913,resnet32,0.1213,0.1216,4.3065715642137965,4.282138839364052,0.024432726513954218,resnet32,0.1202,0.1224,4.3130090727724815,4.286350082267415,0.02665898800478317,resnet32,0.1004,0.1038,4.329442502761429,4.304695881564509,0.024746619217859752,4500000.0,5000.0,18010000.0,126070000.0,1512840000.0
resnet32x12_cifar100_K12_mwmd1_noise40_seed0004_d011,d011,resnet32:12,cifar100,12,matched,mwmd1,peers,4,200,64,0.1,0.9,0.0005,True,0,60,0.1,1.0,1,,disagreement,1.0,1,0.0,0.5,weight,complete,0.4,0.398956,42,0,45000,5000,10000,5640048,7,0.1,1,102.61,0.14295833333333333,0.013244209950851061,0.1132,0.1597,0.1576,0.014641666666666664,0.1448,0.1586,0.5678363636363637,0.5900653413719652,0.5700848484848485,0.5879008198844293,0.14295833333333333,resnet32,0.1482,0.1428,4.257632007653063,4.224570129405368,0.03306188334351067,resnet32,0.1538,0.1538,4.256335735998371,4.223941382698038,0.032394354117886076,resnet32,0.1132,0.1182,4.272305018861186,4.243551635945385,0.028753376700809564,resnet32,0.1423,0.144,4.2641005905514415,4.235344836319035,0.028755766347537494,resnet32,0.151,0.1494,4.243646316907623,4.210550421679562,0.033095895320663905,resnet32,0.1597,0.1616,4.2474061674015084,4.212261707267978,0.03514446246712892,resnet32,0.1441,0.1452,4.276064574718475,4.241053656082261,0.03501090594165197,resnet32,0.157,0.1626,4.255109033124014,4.2226910831576046,0.032417949090648275,resnet32,0.1215,0.1252,4.264192367819223,4.233041225170547,0.031151148265714503,resnet32,0.1386,0.1412,4.272064420309934,4.2409096932546655,0.03115472332468595,resnet32,0.1481,0.1474,4.266950933432037,4.2375516695055095,0.029399263741321523,resnet32,0.138,0.1462,4.281671980226582,4.252305457876488,0.029366524498486382,4500000.0,5000.0,18010000.0,144080000.0,1728960000.0
resnet32x12_cifar100_K12_mwmd1_noise40_seed0004_d011,d011,resnet32:12,cifar100,12,matched,mwmd1,peers,4,200,64,0.1,0.9,0.0005,True,0,60,0.1,1.0,1,,disagreement,1.0,1,0.0,0.5,weight,complete,0.4,0.398956,42,0,45000,5000,10000,5640048,8,0.1,1,102.08,0.1292916666666667,0.013181961053736356,0.0999,0.1447,0.1394,0.010108333333333303,0.12828333333333333,0.1394,0.5407060606060606,0.6149772444254162,0.5460136363636364,0.6245199146329034,0.1292916666666667,resnet32,0.1425,0.1404,4.214943278919566,4.17426346513358,0.040679814021462916,resnet32,0.1316,0.1334,4.216333926740018,4.181794750080868,0.03453917894512415,resnet32,0.131,0.1302,4.228671415285631,4.190095026723363,0.03857639066832648,resnet32,0.1372,0.1336,4.215387287465009,4.180278154936704,0.035109125847653064,resnet32,0.1431,0.1432,4.203889611769807,4.1637228707020935,0.04016673657778566,resnet32,0.1235,0.1228,4.201227955520153,4.160546293990179,0.040681660180615094,resnet32,0.1243,0.1276,4.231926689093763,4.193399754437533,0.038526937167096716,resnet32,0.1336,0.1336,4.21151809326627,4.176411969417876,0.03510612191431309,resnet32,0.1447,0.1472,4.224306672134182,4.184207630428401,0.04009904896321876,resnet32,0.1078,0.1052,4.238024997778914,4.20157003538175,0.03645496872063218,resnet32,0.1323,0.126,4.219264455478299,4.184698967771097,0.03456549352003177,resnet32,0.0999,0.0962,4.237119749865749,4.200648367066275,0.03647139231642624,4500000.0,5000.0,18010000.0,162090000.0,1945080000.0
resnet32x12_cifar100_K12_mwmd1_noise40_seed0004_d011,d011,resnet32:12,cifar100,12,matched,mwmd1,peers,4,200,64,0.1,0.9,0.0005,True,0,60,0.1,1.0,1,,disagreement,1.0,1,0.0,0.5,weight,complete,0.4,0.398956,42,0,45000,5000,10000,5640048,9,0.1,1,102.25,0.18239166666666665,0.008088516379548365,0.1665,0.1935,0.2017,0.019308333333333344,0.17983333333333332,0.1966,0.5041666666666668,0.6451553107555453,0.5132227272727273,0.6438487549276221,0.18239166666666665,resnet32,0.1935,0.1894,4.179742342369123,4.136787065389481,0.04295528573724865,resnet32,0.1665,0.1602,4.191797463731333,4.148375045508146,0.043422424229158256,resnet32,0.1805,0.1762,4.186758157881823,4.142415521497076,0.04434263631066477,resnet32,0.1831,0.1758,4.179887381805615,4.136373039673675,0.04351434577256441,resnet32,0.1929,0.1908,4.158047439361161,4.11751529675993,0.04053213679898446,resnet32,0.1831,0.177,4.1652377769351006,4.122392277487299,0.042845500548454846,resnet32,0.1765,0.1766,4.189799716526812,4.147041003135118,0.0427587176355618,resnet32,0.183,0.1834,4.174655634571206,4.13391501321034,0.04074062228160487,resnet32,0.1916,0.1944,4.18150225112384,4.137105587192557,0.044396658975694496,resnet32,0.1891,0.1868,4.1964950785040855,4.155854993584481,0.04064009222466583,resnet32,0.1732,0.1762,4.180832496082241,4.140342861413956,0.04048962719918398,resnet32,0.1757,0.1712,4.195534046400677,4.152632236480713,0.04290180680320852,4500000.0,5000.0,18010000.0,180100000.0,2161200000.0
resnet32x12_cifar100_K12_mwmd1_noise40_seed0004_d011,d011,resnet32:12,cifar100,12,matched,mwmd1,peers,4,200,64,0.1,0.9,0.0005,True,0,60,0.1,1.0,1,,disagreement,1.0,1,0.0,0.5,weight,complete,0.4,0.398956,42,0,45000,5000,10000,5640048,10,0.1,1,102.4,0.17360833333333336,0.011040490503395017,0.15,0.1939,0.1972,0.023591666666666622,0.1761,0.1946,0.5699272727272727,0.595761259171226,0.5822484848484848,0.586753905736936,0.17360833333333336,resnet32,0.1687,0.1752,4.144590392708778,4.100930562073534,0.043659826753851536,resnet32,0.1697,0.1698,4.167659208855846,4.120884488252076,0.04677471805850721,resnet32,0.1858,0.1876,4.152213808826425,4.1064704277298665,0.045743377434767106,resnet32,0.1712,0.1712,4.140573152425614,4.098097871650349,0.04247528239714236,resnet32,0.1751,0.1786,4.128131938928908,4.084466431967237,0.04366549931265498,resnet32,0.15,0.1532,4.13856368478049,4.091627589003607,0.04693609980379485,resnet32,0.1606,0.1576,4.160036108371886,4.114332360638813,0.045703743388664654,resnet32,0.1939,0.2,4.1414125287397345,4.098993900147351,0.04241863001317887,resnet32,0.1811,0.1896,4.1442406820979985,4.100324686955322,0.0439159978017084,resnet32,0.1793,0.1784,4.164493106982925,4.117668399756605,0.04682471573522145,resnet32,0.1784,0.18,4.150099852207032,4.106215563348749,0.043884286807786506,resnet32,0.1695,0.172,4.158275074918162,4.111394955353304,0.046880128216633406,4500000.0,5000.0,18010000.0,198110000.0,2377320000.0
resnet32x12_cifar100_K12_mwmd1_noise40_seed0004_d011,d011,resnet32:12,cifar100,12,matched,mwmd1,peers,4,200,64,0.1,0.9,0.0005,True,0,60,0.1,1.0,1,,disagreement,1.0,1,0.0,0.5,weight,complete,0.4,0.398956,42,0,45000,5000,10000,5640048,11,0.1,1,101.96,0.180025,0.011921487952432785,0.1616,0.1976,0.1974,0.017375,0.17858333333333332,0.1916,0.4914424242424243,0.646875340526736,0.49024545454545443,0.649920428924442,0.180025,resnet32,0.182,0.178,4.117603850296953,4.0700727511535995,0.04753109261880375,resnet32,0.1621,0.1544,4.135612593455748,4.086910826577381,0.04870177249805155,resnet32,0.1857,0.182,4.122811117632822,4.072840152477676,0.04997097636805847,resnet32,0.1734,0.1652,4.115113966166973,4.065666443244978,0.049447520678354936,resnet32,0.1968,0.1942,4.103938993743875,4.055115972730246,0.04882302790329876,resnet32,0.1825,0.1816,4.104625911875204,4.052169064229185,0.05245684677819637,resnet32,0.1923,0.1896,4.127510328184474,4.079996601424434,0.047513727220410314,resnet32,0.1809,0.1868,4.110442217100751,4.0617988102815366,0.048643405808516865,resnet32,0.1976,0.1982,4.115321050990712,4.0629088109867135,0.05241224279796535,resnet32,0.1653,0.1696,4.131041648374363,4.081665955145251,0.04937569772697647,resnet32,0.1801,0.176,4.121426224031231,4.071447968144309,0.049978251198560676,resnet32,0.1616,0.1674,4.117655117403377,4.06900644403967,0.04864867688791657,4500000.0,5000.0,18010000.0,216120000.0,2593440000.0
resnet32x12_cifar100_K12_mwmd1_noise40_seed0004_d011,d011,resnet32:12,cifar100,12,matched,mwmd1,peers,4,200,64,0.1,0.9,0.0005,True,0,60,0.1,1.0,1,,disagreement,1.0,1,0.0,0.5,weight,complete,0.4,0.398956,42,0,45000,5000,10000,5640048,12,0.1,1,101.59,0.216975,0.012626105562154414,0.2006,0.2481,0.2441,0.02712500000000001,0.21936666666666668,0.2408,0.5281090909090906,0.6354649777433227,0.5329575757575757,0.6261236179107789,0.216975,resnet32,0.2166,0.2272,4.0995944074609065,4.047390519556674,0.05220389300004833,resnet32,0.2027,0.217,4.113271155140617,4.061808187175881,0.051462970277167515,resnet32,0.2162,0.219,4.1007898067208854,4.048606820743192,0.05218298960244283,resnet32,0.2481,0.2432,4.090965999798342,4.03625209053809,0.054713905905373394,resnet32,0.222,0.2246,4.08547917617993,4.032437761398879,0.053041410150895404,resnet32,0.2024,0.2034,4.083332144739953,4.027426709505645,0.0559054370122877,resnet32,0.2006,0.2044,4.109252668239853,4.057709693908691,0.05154297196581452,resnet32,0.2251,0.2308,4.087077912959185,4.031268803572113,0.05580911368385635,resnet32,0.2183,0.2132,4.092354904860258,4.037733230062506,0.05462168014227328,resnet32,0.2261,0.2276,4.104735138064081,4.051726959645748,0.053008175555574286,resnet32,0.2079,0.2076,4.093713701109994,4.041133783757687,0.05257992497751151,resnet32,0.2177,0.2144,4.094238648360426,4.04169936241074,0.0525392854205248,4500000.0,5000.0,18010000.0,234130000.0,2809560000.0
resnet32x12_cifar100_K12_mwmd1_noise40_seed0004_d011,d011,resnet32:12,cifar100,12,matched,mwmd1,peers,4,200,64,0.1,0.9,0.0005,True,0,60,0.1,1.0,1,,disagreement,1.0,1,0.0,0.5,weight,complete,0.4,0.398956,42,0,45000,5000,10000,5640048,13,0.1,1,102.07,0.208925,0.012530570950013944,0.191,0.2301,0.2304,0.021474999999999994,0.2021333333333334,0.2212,0.48937878787878775,0.6401130537326137,0.4969196969696969,0.635618049452306,0.208925,resnet32,0.2002,0.1938,4.080418792637912,4.021629631519318,0.05878915990152481,resnet32,0.1985,0.19,4.0875319682738995,4.033477781171149,0.05405418651538308,resnet32,0.198,0.1968,4.083221178840507,4.028364448046142,0.05485672924921594,resnet32,0.2301,0.2192,4.068816367875446,4.010878320783377,0.05793804563158615,resnet32,0.2247,0.21,4.063332357528535,4.009131661192938,0.05420068580001085,resnet32,0.2268,0.2238,4.064053234390237,4.00519935651259,0.058853878576139156,resnet32,0.191,0.1858,4.090825933285735,4.036004441028291,0.054821482896593145,resnet32,0.2011,0.1952,4.061508410017598,4.00582087954337,0.0556875261827372,resnet32,0.217,0.2068,4.065983009609309,4.010299450633201,0.055683548673352394,resnet32,0.2092,0.1998,4.081205183809454,4.025702639736912,0.055502548353450205,resnet32,0.1986,0.1962,4.073021720417521,4.017485552890734,0.055536169458223,resnet32,0.2119,0.2082,4.07357310232791,4.015712164003741,0.05786093616519462,4500000.0,5000.0,18010000.0,252140000.0,3025680000.0
resnet32x12_cifar100_K12_mwmd1_noise40_seed0004_d011,d011,resnet32:12,cifar100,12,matched,mwmd1,peers,4,200,64,0.1,0.9,0.0005,True,0,60,0.1,1.0,1,,disagreement,1.0,1,0.0,0.5,weight,complete,0.4,0.398956,42,0,45000,5000,10000,5640048,14,0.1,1,102.17,0.22120833333333334,0.018632205914014106,0.1756,0.2441,0.2509,0.029691666666666672,0.21993333333333334,0.2432,0.5388939393939394,0.591786795410211,0.5412287878787881,0.6028627396393147,0.22120833333333334,resnet32,0.2364,0.2276,4.059116310016676,3.998807217925787,0.06030909355137159,resnet32,0.2224,0.2286,4.068833675912836,4.007561883127147,0.06127179205544631,resnet32,0.1921,0.192,4.060414583506909,4.001965687694875,0.05844890586608513,resnet32,0.2296,0.2272,4.047954194247723,3.9875707263973625,0.06038346345832741,resnet32,0.2441,0.2368,4.0413112064654175,3.9825395349074495,0.05877167107643221,resnet32,0.226,0.2238,4.048571449450471,3.987115478312427,0.061455967370420694,resnet32,0.2267,0.2244,4.070520541884682,4.011980708011172,0.0585398332385177,resnet32,0.2385,0.2382,4.045758141374046,3.9872161458161743,0.058541994922879065,resnet32,0.2185,0.2214,4.0491779131645504,3.9903407367792996,0.05883717522638934,resnet32,0.1756,0.178,4.062702026556838,4.001432522115382,0.06126950663218105,resnet32,0.2173,0.2132,4.05624008686705,3.997675149955533,0.0585649372766387,resnet32,0.2273,0.228,4.0549311045218595,3.993570075116374,0.06136103203541345,4500000.0,5000.0,18010000.0,270150000.0,3241800000.0
resnet32x12_cifar100_K12_mwmd1_noise40_seed0004_d011,d011,resnet32:12,cifar100,12,matched,mwmd1,peers,4,200,64,0.1,0.9,0.0005,True,0,60,0.1,1.0,1,,disagreement,1.0,1,0.0,0.5,weight,complete,0.4,0.398956,42,0,45000,5000,10000,5640048,15,0.1,1,102.0,0.2333083333333333,0.009372162533564786,0.2121,0.2436,0.2616,0.028291666666666687,0.23188333333333333,0.2602,0.5105878787878788,0.6300752477045983,0.5156727272727273,0.6251373232532923,0.2333083333333333,resnet32,0.2278,0.2302,4.034797171638771,3.9734042056582193,0.061392963530538094,resnet32,0.2216,0.218,4.048661391843449,3.9861608171327547,0.06250057729299772,resnet32,0.2295,0.227,4.042702462862838,3.980091683905233,0.06261077744949778,resnet32,0.2415,0.242,4.023592897775498,3.9626052382994783,0.06098766639744016,resnet32,0.242,0.2306,4.023884281177413,3.9629000767388125,0.06098420974078842,resnet32,0.2349,0.2328,4.032313460314816,3.969250265847553,0.06306319312848659,resnet32,0.2381,0.243,4.049571853808382,3.986527684398673,0.06304416683269665,resnet32,0.2372,0.2364,4.027451440014622,3.9670511971820486,0.06040024202295833,resnet32,0.2279,0.227,4.029557752676985,3.9681123484942047,0.061445411813276056,resnet32,0.2121,0.214,4.038275363431736,3.9786475693637673,0.05962779966648668,resnet32,0.2435,0.2394,4.031460867348042,3.9711071283302526,0.06035373369443484,resnet32,0.2436,0.2422,4.030422129075635,3.970790807157755,0.05963132047327235,4500000.0,5000.0,18010000.0,288160000.0,3457920000.0
resnet32x12_cifar100_K12_mwmd1_noise40_seed0004_d011,d011,resnet32:12,cifar100,12,matched,mwmd1,peers,4,200,64,0.1,0.9,0.0005,True,0,60,0.1,1.0,1,,disagreement,1.0,1,0.0,0.5,weight,complete,0.4,0.398956,42,0,45000,5000,10000,5640048,16,0.1,1,101.55,0.22063333333333335,0.00792615221206916,0.2018,0.2301,0.244,0.023366666666666647,0.21865,0.2372,0.48697575757575756,0.6471785807606365,0.49154696969696976,0.6498913508140829,0.22063333333333335,resnet32,0.2301,0.2232,4.018244657326829,3.9579337317157877,0.06031091912353242,resnet32,0.2217,0.2206,4.031694165007635,3.9667048925025896,0.06498927168484608,resnet32,0.2018,0.2024,4.031703495166519,3.966557271101258,0.06514621487374163,resnet32,0.2227,0.2172,4.0144215835766355,3.949282721023668,0.06513886398699303,resnet32,0.22,0.215,4.012319370426915,3.9490579387003724,0.06326143641490489,resnet32,0.218,0.2198,4.02095587822524,3.9555580656636846,0.0653978056295521,resnet32,0.2286,0.2204,4.034309610385787,3.9710917611691086,0.06321785137036139,resnet32,0.2206,0.225,4.0131517401473085,3.9505988217212935,0.0625529165580784,resnet32,0.2238,0.222,4.016660280187022,3.9541195322844116,0.06254074813014912,resnet32,0.2081,0.2092,4.031036176464775,3.965890124778856,0.06514605079692873,resnet32,0.2279,0.2288,4.016875728626143,3.9566471932286564,0.060228539657228713,resnet32,0.2243,0.2202,4.0220651514828205,3.956646638160402,0.06541851059194993,4500000.0,5000.0,18010000.0,306170000.0,3674040000.0
resnet32x12_cifar100_K12_mwmd1_noise40_seed0004_d011,d011,resnet32:12,cifar100,12,matched,mwmd1,peers,4,200,64,0.1,0.9,0.0005,True,0,60,0.1,1.0,1,,disagreement,1.0,1,0.0,0.5,weight,complete,0.4,0.398956,42,0,45000,5000,10000,5640048,17,0.1,1,102.08,0.23705833333333337,0.012541162780575371,0.2206,0.2629,0.2661,0.029041666666666632,0.23439999999999997,0.26,0.522530303030303,0.6098939433690546,0.5266500000000002,0.6170128437019319,0.23705833333333337,resnet32,0.2421,0.2348,4.0146133886142215,3.947165663608096,0.06744772547178647,resnet32,0.2272,0.2182,4.017830786041238,3.9525743617930194,0.06525642275069417,resnet32,0.2208,0.2198,4.021097243848172,3.95593437789516,0.06516286452957006,resnet32,0.2629,0.2656,4.005047845908186,3.9374040480364454,0.06764379919993437,resnet32,0.2376,0.236,4.004779655825008,3.939593417739326,0.06518623723373325,resnet32,0.2488,0.2462,4.004373486746442,3.936871547929265,0.0675019440294074,resnet32,0.2231,0.2188,4.0240981605919925,3.95968610657887,0.0644120608816262,resnet32,0.229,0.2224,4.002260499379852,3.936952375552871,0.06530811832371083,resnet32,0.2206,0.2194,4.009141853587194,3.941775168884884,0.06736668171255257,resnet32,0.2438,0.2434,4.015666095031933,3.9512529427354988,0.06441315500044519,resnet32,0.2421,0.2452,4.012973664497787,3.945476574653929,0.06749708485916596,resnet32,0.2467,0.243,4.010458358648148,3.9430196441032668,0.06743871875699949,4500000.0,5000.0,18010000.0,324180000.0,3890160000.0
resnet32x12_cifar100_K12_mwmd1_noise40_seed0004_d011,d011,resnet32:12,cifar100,12,matched,mwmd1,peers,4,200,64,0.1,0.9,0.0005,True,0,60,0.1,1.0,1,,disagreement,1.0,1,0.0,0.5,weight,complete,0.4,0.398956,42,0,45000,5000,10000,5640048,18,0.1,1,102.44,0.242775,0.011558771921503315,0.21,0.2545,0.2745,0.03172500000000003,0.2399,0.2716,0.5416090909090908,0.5817796366433289,0.5440909090909091,0.5929121804483617,0.242775,resnet32,0.2498,0.2412,4.001387811519883,3.9331836117939516,0.06820420363642783,resnet32,0.2406,0.2292,4.004280994900248,3.934943448752165,0.06933754687303338,resnet32,0.236,0.2336,4.006123661994934,3.9378441507843407,0.06827951398339462,resnet32,0.2484,0.2546,3.9905093424022198,3.9205651621926916,0.06994416841983118,resnet32,0.21,0.205,3.9873485165563496,3.921454369683157,0.06589415041327645,resnet32,0.2423,0.234,3.9915849309075964,3.9225788810713724,0.069006048518614,resnet32,0.2371,0.243,4.008342106572607,3.942477476190437,0.06586462583668022,resnet32,0.2414,0.2416,3.9869551499458877,3.919795574451035,0.06715957006037404,resnet32,0.254,0.2518,3.9970312250608746,3.9277144457128914,0.06931678006235002,resnet32,0.2478,0.2502,3.9991731840101155,3.9320231757380744,0.0671500073354268,resnet32,0.2514,0.2458,3.9969938587058675,3.928154191171581,0.06883966526418756,resnet32,0.2545,0.2488,3.9958337592807682,3.92594506659291,0.06988869240211154,4500000.0,5000.0,18010000.0,342190000.0,4106280000.0
resnet32x12_cifar100_K12_mwmd1_noise40_seed0004_d011,d011,resnet32:12,cifar100,12,matched,mwmd1,peers,4,200,64,0.1,0.9,0.0005,True,0,60,0.1,1.0,1,,disagreement,1.0,1,0.0,0.5,weight,complete,0.4,0.398956,42,0,45000,5000,10000,5640048,19,0.1,1,102.5,0.2554083333333333,0.01682951070457948,0.2116,0.2803,0.2854,0.029991666666666694,0.2519333333333333,0.2836,0.5316757575757574,0.5996420647502322,0.5321757575757577,0.6212865865821918,0.2554083333333333,resnet32,0.2571,0.259,3.9930188984356145,3.9230649379844014,0.06995395523368973,resnet32,0.2586,0.2582,4.0012649914080445,3.931114982474934,0.07015001358443194,resnet32,0.256,0.2528,3.9999430223622103,3.9306595261124047,0.06928348370870067,resnet32,0.2803,0.283,3.981748642230576,3.9116452315991577,0.07010341216069223,resnet32,0.2666,0.26,3.9823427484794096,3.912445586852052,0.06989715902388773,resnet32,0.26,0.255,3.9846271130849016,3.9143020138144493,0.07032510062510317,resnet32,0.2366,0.2266,4.001105487346649,3.9300870309499176,0.0710184582435018,resnet32,0.2576,0.2512,3.9872286319732666,3.9162361818281086,0.0709924560717561,resnet32,0.2116,0.2068,3.9854827645150097,3.9156555706127123,0.06982719371179966,resnet32,0.2603,0.256,3.9929465160451154,3.9244683672758667,0.06847814572128383,resnet32,0.2718,0.271,3.9923156960444017,3.9230537089434536,0.06926198706390675,resnet32,0.2484,0.2436,3.986360266804695,3.917925705963915,0.0684345577081496,4500000.0,5000.0,18010000.0,360200000.0,4322400000.0
resnet32x12_cifar100_K12_mwmd1_noise40_seed0004_d011,d011,resnet32:12,cifar100,12,matched,mwmd1,peers,4,200,64,0.1,0.9,0.0005,True,0,60,0.1,1.0,1,,disagreement,1.0,1,0.0,0.5,weight,complete,0.4,0.398956,42,0,45000,5000,10000,5640048,20,0.1,1,102.14,0.25614166666666666,0.014363696038585921,0.2369,0.2848,0.2818,0.02565833333333334,0.2574166666666666,0.2848,0.47926363636363634,0.6518519119246139,0.48573787878787883,0.6549164226378474,0.25614166666666666,resnet32,0.2445,0.2474,3.9813856191255828,3.913702593946999,0.0676830241467211,resnet32,0.2369,0.2372,3.986811835318804,3.913414305583997,0.07339753134874627,resnet32,0.2426,0.2458,3.9877183999527586,3.918183221058412,0.06953517130089247,resnet32,0.2848,0.2856,3.9671945602379064,3.8936262059618127,0.0735683564086106,resnet32,0.2658,0.2754,3.9700260629708115,3.900350395251404,0.06967566344908184,resnet32,0.2659,0.2568,3.9738940982656046,3.901584820313887,0.07230927294056694,resnet32,0.2399,0.2398,3.9853796742179175,3.917685707861727,0.06769397277490828,resnet32,0.2703,0.2752,3.9738705432550474,3.90184675258669,0.07202379661612213,resnet32,0.2565,0.2554,3.976144919002598,3.9039963165467437,0.07214860142928294,resnet32,0.251,0.255,3.9770486155016855,3.908778491345319,0.06827012632592497,resnet32,0.2696,0.2714,3.978406799110499,3.910184845666994,0.06822195907906545,resnet32,0.2459,0.244,3.973851290954785,3.901724108579484,0.07212718190434812,4500000.0,5000.0,18010000.0,378210000.0,4538520000.0
resnet32x12_cifar100_K12_mwmd1_noise40_seed0004_d011,d011,resnet32:12,cifar100,12,matched,mwmd1,peers,4,200,64,0.1,0.9,0.0005,True,0,60,0.1,1.0,1,,disagreement,1.0,1,0.0,0.5,weight,complete,0.4,0.398956,42,0,45000,5000,10000,5640048,21,0.1,1,101.57,0.2582416666666667,0.010227532965263691,0.2421,0.2724,0.2872,0.028958333333333308,0.25465,0.2842,0.4982515151515152,0.6266955536930597,0.5045863636363637,0.6276568675258734,0.2582416666666667,resnet32,0.2724,0.2624,3.981830311431126,3.911879601803693,0.06995071268598126,resnet32,0.2618,0.2556,3.9802840457043867,3.910312680696899,0.0699713692989793,resnet32,0.2438,0.2452,3.9892520809715446,3.9166100052270023,0.07264207719444213,resnet32,0.2657,0.2554,3.967444194988771,3.8953469639474694,0.07209723329552534,resnet32,0.2569,0.2568,3.9709499915215103,3.898877952247858,0.0720720407394269,resnet32,0.268,0.2696,3.9739172401076015,3.8992411622946914,0.07467607173814693,resnet32,0.2478,0.2476,3.9874484213915737,3.917279341681437,0.07016907644521614,resnet32,0.2688,0.267,3.9736669961024416,3.899034747007218,0.07463225537635894,resnet32,0.2467,0.242,3.9778197448362005,3.9051170389760625,0.07270270537860184,resnet32,0.2585,0.2488,3.9814524819905106,3.9112904948944394,0.07016199551501566,resnet32,0.2664,0.2702,3.9773073606193066,3.9069808091629636,0.07032655206487769,resnet32,0.2421,0.2352,3.9721281098371204,3.901645534417846,0.07048257411753928,4500000.0,5000.0,18010000.0,396220000.0,4754640000.0
resnet32x12_cifar100_K12_mwmd1_noise40_seed0004_d011,d011,resnet32:12,cifar100,12,matched,mwmd1,peers,4,200,64,0.1,0.9,0.0005,True,0,60,0.1,1.0,1,,disagreement,1.0,1,0.0,0.5,weight,complete,0.4,0.398956,42,0,45000,5000,10000,5640048,22,0.1,1,101.64,0.2513083333333334,0.011245329277329125,0.2277,0.2685,0.2782,0.02689166666666659,0.25186666666666674,0.2784,0.5129939393939392,0.6241892790945451,0.5137121212121212,0.6293665296521909,0.2513083333333334,resnet32,0.2509,0.2546,3.9726542962545697,3.89825964956121,0.07439464388880879,resnet32,0.2685,0.269,3.9719753109595994,3.89926144819368,0.07271386018890719,resnet32,0.242,0.2364,3.975535840134729,3.9036030254580756,0.07193281826965342,resnet32,0.2429,0.2426,3.953957621685483,3.879454206675291,0.074503416179637,resnet32,0.2496,0.253,3.9527323787862603,3.880145861682567,0.07258651812497358,resnet32,0.2595,0.2614,3.9606100686571817,3.8867646631869404,0.07384539914677259,resnet32,0.2607,0.2566,3.977383613247763,3.9053306593136354,0.07205294515535404,resnet32,0.2277,0.2316,3.957701324061914,3.885592196136713,0.07210912570801818,resnet32,0.2566,0.2582,3.9649006754837255,3.8921059366654265,0.07279473428339274,resnet32,0.2536,0.2534,3.9676713100211187,3.8951017849824647,0.07256953084354544,resnet32,0.2393,0.2398,3.961491938003085,3.8894239755516704,0.07206796543588015,resnet32,0.2644,0.2658,3.961142870174213,3.8872932490300047,0.07384962355188857,4500000.0,5000.0,18010000.0,414230000.0,4970760000.0
resnet32x12_cifar100_K12_mwmd1_noise40_seed0004_d011,d011,resnet32:12,cifar100,12,matched,mwmd1,peers,4,200,64,0.1,0.9,0.0005,True,0,60,0.1,1.0,1,,disagreement,1.0,1,0.0,0.5,weight,complete,0.4,0.398956,42,0,45000,5000,10000,5640048,23,0.1,1,102.29,0.2394083333333333,0.01136709126772935,0.2228,0.2642,0.2615,0.022091666666666704,0.23811666666666667,0.2582,0.4878060606060607,0.6328079471656017,0.48742121212121203,0.6306007139505796,0.2394083333333333,resnet32,0.2642,0.2632,3.963033056733283,3.8921708457849244,0.07086221074727787,resnet32,0.2278,0.2228,3.962721912020987,3.891676617278294,0.07104529617142609,resnet32,0.2296,0.2252,3.9756406799636106,3.898805456405336,0.07683523049027743,resnet32,0.2425,0.2446,3.9487089938060804,3.8742332461882723,0.0744757454641248,resnet32,0.2433,0.2378,3.947225585579872,3.87254094501788,0.07468463926025751,resnet32,0.2368,0.2342,3.955454808744517,3.87819757651199,0.07725722979838875,resnet32,0.2299,0.2386,3.9694285287775775,3.8985595147718084,0.07086901261936873,resnet32,0.241,0.2418,3.955499452623454,3.8782745118845594,0.07722494060131298,resnet32,0.2443,0.2416,3.9571793543344196,3.8826147822493855,0.07456457340793515,resnet32,0.2228,0.2202,3.963254740969701,3.8887873684818093,0.07446737404891544,resnet32,0.2556,0.2502,3.956225196068937,3.8852006515318696,0.07102454343112186,resnet32,0.2351,0.2372,3.96180900152434,3.884804166853428,0.0770048368351788,4500000.0,5000.0,18010000.0,432240000.0,5186880000.0
resnet32x12_cifar100_K12_mwmd1_noise40_seed0004_d011,d011,resnet32:12,cifar100,12,matched,mwmd1,peers,4,200,64,0.1,0.9,0.0005,True,0,60,0.1,1.0,1,,disagreement,1.0,1,0.0,0.5,weight,complete,0.4,0.398956,42,0,45000,5000,10000,5640048,24,0.1,1,102.47,0.27385,0.008278536505123753,0.263,0.292,0.3024,0.02855000000000002,0.2734833333333333,0.297,0.4907212121212121,0.6433577081961368,0.4924151515151514,0.643245978042686,0.27385,resnet32,0.2643,0.2666,3.9591247432611207,3.884352143853903,0.07477259484056215,resnet32,0.2705,0.27,3.959653362631798,3.8822735100984573,0.0773798569782891,resnet32,0.2761,0.278,3.9643447314473717,3.8894769088788466,0.0748678211609579,resnet32,0.292,0.2912,3.944043706425212,3.8656398745423015,0.0784038266336376,resnet32,0.2791,0.2814,3.939091817560521,3.8635198819366368,0.07557193626946007,resnet32,0.275,0.279,3.9483514895493332,3.868574970825152,0.07977652129061012,resnet32,0.2645,0.2548,3.9678575325418604,3.888237361542203,0.07962017216910185,resnet32,0.2741,0.2682,3.945251529866999,3.867801822721958,0.0774497051448138,resnet32,0.2699,0.2706,3.94836018437689,3.8733916272493927,0.07496855250792578,resnet32,0.263,0.2674,3.952865140681917,3.8778897439214317,0.07497539893004367,resnet32,0.2723,0.2712,3.9492806517942385,3.873839699070562,0.07544095106211236,resnet32,0.2854,0.2834,3.9493959295478733,3.8709804080426693,0.07841552315618504,4500000.0,5000.0,18010000.0,450250000.0,5403000000.0
resnet32x12_cifar100_K12_mwmd1_noise40_seed0004_d011,d011,resnet32:12,cifar100,12,matched,mwmd1,peers,4,200,64,0.1,0.9,0.0005,True,0,60,0.1,1.0,1,,disagreement,1.0,1,0.0,0.5,weight,complete,0.4,0.398956,42,0,45000,5000,10000,5640048,25,0.1,1,102.09,0.26074166666666665,0.01656997577615074,0.2344,0.2817,0.2897,0.028958333333333364,0.24991666666666665,0.2748,0.48233333333333334,0.6237740091386738,0.482598484848485,0.6262037324926345,0.26074166666666665,resnet32,0.2579,0.2458,3.9529385830868375,3.8784878985448317,0.07445068648931655,resnet32,0.2354,0.2242,3.952511799267747,3.8780453218655153,0.07446648036553101,resnet32,0.26,0.2464,3.9612893841483374,3.885119289159775,0.07617010499498891,resnet32,0.261,0.2464,3.9400622499260036,3.8597224662927063,0.0803397845381617,resnet32,0.271,0.2582,3.9360378760505808,3.8594666238535535,0.07657124554018745,resnet32,0.2387,0.2286,3.942060136320916,3.8636187846687706,0.07844135590659623,resnet32,0.2753,0.2648,3.96052824197845,3.880321031944318,0.08020720856306567,resnet32,0.2817,0.27,3.944407080384818,3.8671229634095323,0.07728412153664976,resnet32,0.2555,0.2434,3.9486140141432937,3.8721235391091215,0.07649047703439878,resnet32,0.2344,0.2296,3.9507008150897245,3.873471953313459,0.07722886225250973,resnet32,0.2816,0.2748,3.9464135454459623,3.8702051981606265,0.0762083490897732,resnet32,0.2764,0.2668,3.944267080927437,3.865889111025767,0.07837796220767566,4500000.0,5000.0,18010000.0,468260000.0,5619120000.0
resnet32x12_cifar100_K12_mwmd1_noise40_seed0004_d011,d011,resnet32:12,cifar100,12,matched,mwmd1,peers,4,200,64,0.1,0.9,0.0005,True,0,60,0.1,1.0,1,,disagreement,1.0,1,0.0,0.5,weight,complete,0.4,0.398956,42,0,45000,5000,10000,5640048,26,0.1,1,102.11,0.277425,0.019673591648027393,0.2231,0.303,0.3123,0.034875000000000045,0.26809999999999995,0.3036,0.5264000000000001,0.5976884877679294,0.5270500000000004,0.6074409193921912,0.277425,resnet32,0.303,0.297,3.9485845152627337,3.874073588035323,0.07451093046058138,resnet32,0.2231,0.2178,3.952040378681638,3.872713240710172,0.07932713856412606,resnet32,0.2795,0.2698,3.9560056626796722,3.876419383693825,0.0795862848912789,resnet32,0.2904,0.2774,3.934177553789182,3.8524635203860025,0.08171403804920953,resnet32,0.2846,0.2744,3.934061399237676,3.8544016389006917,0.07965975838438184,resnet32,0.2884,0.2816,3.939931178634817,3.8598398847336117,0.08009128779469227,resnet32,0.2883,0.2722,3.9562240940603344,3.876238189637661,0.0799859040258029,resnet32,0.286,0.2706,3.9437989094717936,3.8621161028065463,0.08168280293995683,resnet32,0.2855,0.279,3.9382518655197187,3.862420632757924,0.07583123414819552,resnet32,0.2742,0.2634,3.9422176839275793,3.867628423666412,0.07458926070037043,resnet32,0.2657,0.2592,3.9380198781463234,3.8623181148008867,0.07570176251465455,resnet32,0.2604,0.2548,3.9369294043969023,3.8573804785582153,0.07954892133553089,4500000.0,5000.0,18010000.0,486270000.0,5835240000.0
resnet32x12_cifar100_K12_mwmd1_noise40_seed0004_d011,d011,resnet32:12,cifar100,12,matched,mwmd1,peers,4,200,64,0.1,0.9,0.0005,True,0,60,0.1,1.0,1,,disagreement,1.0,1,0.0,0.5,weight,complete,0.4,0.398956,42,0,45000,5000,10000,5640048,27,0.1,1,102.17,0.283475,0.016591369493404298,0.2565,0.3103,0.3161,0.032625000000000015,0.28885,0.324,0.48351212121212134,0.6412818243690335,0.48852727272727264,0.6363723733872889,0.283475,resnet32,0.3002,0.3048,3.9441676261750134,3.8647202073850413,0.07944741685853594,resnet32,0.2664,0.273,3.9467396146871825,3.865006897598505,0.08173271232623268,resnet32,0.2772,0.284,3.9487862319431524,3.8705330799249085,0.07825315380151468,resnet32,0.2993,0.3044,3.9289124553853814,3.8478132526982916,0.08109920862956312,resnet32,0.2959,0.295,3.9236825457350775,3.8441211831840603,0.07956136610168456,resnet32,0.3103,0.3062,3.932172844017094,3.8524237627332862,0.07974907536250116,resnet32,0.2627,0.2674,3.952881297943267,3.8711024475368587,0.08177885086148638,resnet32,0.2974,0.2976,3.9328679239208046,3.8533130664039743,0.07955486123682931,resnet32,0.2769,0.2896,3.9366397390311416,3.8553853600539942,0.08125438064400275,resnet32,0.2711,0.2776,3.944923136721958,3.8639734885232015,0.08094964539949698,resnet32,0.2565,0.2684,3.9327529279345814,3.854579172351144,0.07817375008016825,resnet32,0.2878,0.2982,3.9344455555758695,3.8530656272037462,0.08137993146242066,4500000.0,5000.0,18010000.0,504280000.0,6051360000.0
resnet32x12_cifar100_K12_mwmd1_noise40_seed0004_d011,d011,resnet32:12,cifar100,12,matched,mwmd1,peers,4,200,64,0.1,0.9,0.0005,True,0,60,0.1,1.0,1,,disagreement,1.0,1,0.0,0.5,weight,complete,0.4,0.398956,42,0,45000,5000,10000,5640048,28,0.1,1,100.89,0.25891666666666663,0.015499829748168924,0.2259,0.2781,0.2835,0.024583333333333346,0.26266666666666666,0.2844,0.4891212121212122,0.6323007423439236,0.49405151515151524,0.6429966217945188,0.25891666666666663,resnet32,0.2781,0.2846,3.9422513595358892,3.8602312346073715,0.08202012195992707,resnet32,0.2684,0.2676,3.939525219865821,3.8595825389704923,0.07994267937663774,resnet32,0.2543,0.2574,3.952417655424638,3.868193160065196,0.08422449943927032,resnet32,0.2651,0.2736,3.9281885115937754,3.843753518028693,0.08443498799302192,resnet32,0.2558,0.2606,3.922347433187745,3.8409938524392517,0.0813535828333856,resnet32,0.2682,0.2736,3.924576699056409,3.8437269804152576,0.08084971905389632,resnet32,0.259,0.2586,3.948639877140522,3.8696518719873647,0.07898800156015734,resnet32,0.2715,0.2734,3.9336723509159954,3.8536759838461876,0.07999636264602569,resnet32,0.2342,0.237,3.933441850272092,3.8521939861503514,0.08124786711678925,resnet32,0.2259,0.2302,3.9367575963789765,3.8577479591423813,0.0790096389087425,resnet32,0.2496,0.2502,3.929856439883059,3.8492198782888325,0.08063656538301571,resnet32,0.2769,0.2852,3.931360956958749,3.8492354977537286,0.08212545998288658,4500000.0,5000.0,18010000.0,522290000.0,6267480000.0
resnet32x12_cifar100_K12_mwmd1_noise40_seed0004_d011,d011,resnet32:12,cifar100,12,matched,mwmd1,peers,4,200,64,0.1,0.9,0.0005,True,0,60,0.1,1.0,1,,disagreement,1.0,1,0.0,0.5,weight,complete,0.4,0.398956,42,0,45000,5000,10000,5640048,29,0.1,1,102.45,0.2986999999999999,0.015292590798596989,0.2733,0.3263,0.3363,0.03760000000000008,0.30106666666666665,0.3398,0.5100818181818182,0.606515214347975,0.5152136363636364,0.6047913859330807,0.2986999999999999,resnet32,0.2733,0.2786,3.9337590716101904,3.8519232134250077,0.08183585995787078,resnet32,0.3027,0.3104,3.941349747167392,3.8599372516301544,0.08141249769092114,resnet32,0.2779,0.2832,3.9423511427911846,3.860611326653849,0.08173981614791873,resnet32,0.2851,0.2822,3.9202036295424807,3.837010409005664,0.08319321883292022,resnet32,0.313,0.3176,3.911590435288169,3.831475416706367,0.08011501360240138,resnet32,0.304,0.3076,3.923410962928425,3.8415202224119143,0.0818907485703345,resnet32,0.3014,0.305,3.944698440419002,3.863328201865608,0.08137024190827188,resnet32,0.3101,0.3106,3.9254984452643176,3.8422745418819515,0.08322390984870832,resnet32,0.2824,0.2876,3.929093589498238,3.8472173640673812,0.08187622702363032,resnet32,0.2981,0.2938,3.9303830330344764,3.8504196669567716,0.07996336654336615,resnet32,0.3101,0.3086,3.92111274600029,3.8411990532820877,0.07991369110426273,resnet32,0.3263,0.3276,3.9216707057573577,3.8416174812750383,0.08005322799065405,4500000.0,5000.0,18010000.0,540300000.0,6483600000.0
resnet32x12_cifar100_K12_mwmd1_noise40_seed0004_d011,d011,resnet32:12,cifar100,12,matched,mwmd1,peers,4,200,64,0.1,0.9,0.0005,True,0,60,0.1,1.0,1,,disagreement,1.0,1,0.0,0.5,weight,complete,0.4,0.398956,42,0,45000,5000,10000,5640048,30,0.1,1,102.02,0.2743083333333334,0.017086079047640573,0.2485,0.3058,0.3225,0.04819166666666663,0.26953333333333335,0.3152,0.5766212121212122,0.5484214248726393,0.5736954545454546,0.5524987039476055,0.2743083333333334,resnet32,0.2735,0.2696,3.934404171325944,3.8494090370156546,0.0849951346277852,resnet32,0.2867,0.2774,3.9357104938138616,3.853527679700743,0.08218281132973392,resnet32,0.2784,0.2748,3.9357753826135937,3.852263444187966,0.08351193921407685,resnet32,0.2485,0.2462,3.91571546447548,3.829651874574748,0.08606357941276986,resnet32,0.2515,0.2438,3.916122967207974,3.830008236860687,0.08611473099815405,resnet32,0.3058,0.3074,3.923184625127099,3.8388101529668677,0.08437446783698926,resnet32,0.2534,0.2478,3.9412334243004974,3.8577260422435673,0.08350737734740092,resnet32,0.2783,0.2738,3.919762397354299,3.8364579609849234,0.08330444174564698,resnet32,0.2709,0.265,3.9257170852612364,3.8415438725867053,0.08417321444721892,resnet32,0.293,0.2826,3.9269508939575064,3.8446543159132656,0.08229658147320151,resnet32,0.2888,0.2836,3.9184692430902612,3.8352043347602542,0.08326491247333417,resnet32,0.2629,0.2624,3.920872840014371,3.835819104517048,0.08505373403683981,4500000.0,5000.0,18010000.0,558310000.0,6699720000.0
resnet32x12_cifar100_K12_mwmd1_noise40_seed0004_d011,d011,resnet32:12,cifar100,12,matched,mwmd1,peers,4,200,64,0.1,0.9,0.0005,True,0,60,0.1,1.0,1,,disagreement,1.0,1,0.0,0.5,weight,complete,0.4,0.398956,42,0,45000,5000,10000,5640048,31,0.1,1,102.53,0.268675,0.019533950146689055,0.234,0.3099,0.3006,0.03192499999999998,0.26343333333333335,0.2952,0.4921515151515151,0.6248235053133945,0.499310606060606,0.6274876189731695,0.268675,resnet32,0.2576,0.2536,3.930086902596734,3.850602534684268,0.07948436928299171,resnet32,0.259,0.2504,3.9314304017885164,3.8486014638434756,0.0828289319390685,resnet32,0.2854,0.2768,3.933967875147408,3.8544334925033827,0.07953438852829012,resnet32,0.2886,0.2814,3.9123299209909006,3.8259048119864683,0.08642510515743528,resnet32,0.3099,0.3104,3.9109652292999355,3.8278179690241814,0.08314726668917997,resnet32,0.2536,0.254,3.9182766411792147,3.8332973793148994,0.08497926241464236,resnet32,0.2523,0.2528,3.9417990923605184,3.857524385845119,0.08427470196461813,resnet32,0.2573,0.249,3.924152949316935,3.839340982789343,0.08481197050687941,resnet32,0.234,0.2288,3.9291268329728735,3.8429107642309233,0.08621605961922217,resnet32,0.2718,0.262,3.930023055523634,3.847063371403651,0.08295968471793458,resnet32,0.2767,0.269,3.921304176138206,3.8370461308143358,0.08425804794850675,resnet32,0.2779,0.273,3.9187998680228535,3.835881954566999,0.08291791500100358,4500000.0,5000.0,18010000.0,576320000.0,6915840000.0
resnet32x12_cifar100_K12_mwmd1_noise40_seed0004_d011,d011,resnet32:12,cifar100,12,matched,mwmd1,peers,4,200,64,0.1,0.9,0.0005,True,0,60,0.1,1.0,1,,disagreement,1.0,1,0.0,0.5,weight,complete,0.4,0.398956,42,0,45000,5000,10000,5640048,32,0.1,1,102.18,0.2610833333333334,0.01843718314228674,0.2167,0.2968,0.2941,0.03301666666666658,0.26195,0.294,0.5380212121212122,0.5927125378966107,0.5402106060606059,0.6115622021263178,0.2610833333333334,resnet32,0.2745,0.2744,3.9271679530766876,3.8378104374490003,0.0893575135957111,resnet32,0.2622,0.2646,3.927896871824156,3.8375924077223647,0.09030446137661453,resnet32,0.2542,0.2534,3.9250209273939785,3.838955411518162,0.08606551791837608,resnet32,0.2726,0.2748,3.9031001065265047,3.8125665628097276,0.090533544044857,resnet32,0.2578,0.2568,3.9059937958690254,3.8164181109856474,0.08957568569828502,resnet32,0.2167,0.2208,3.9131515615365724,3.824921096929095,0.0882304622315463,resnet32,0.2781,0.2822,3.9330323426560923,3.844861739399758,0.08817060282771391,resnet32,0.2516,0.2526,3.915050087327307,3.828946842727336,0.08610324474813585,resnet32,0.2538,0.243,3.9123699617656795,3.828513115644455,0.08385684411570599,resnet32,0.2581,0.2608,3.913798952305859,3.8293472856960515,0.0844516628474759,resnet32,0.2968,0.2992,3.910267341204665,3.826538649810986,0.08372868896483189,resnet32,0.2566,0.2608,3.9052720459347423,3.8208042345941067,0.08446781655815853,4500000.0,5000.0,18010000.0,594330000.0,7131960000.0
resnet32x12_cifar100_K12_mwmd1_noise40_seed0004_d011,d011,resnet32:12,cifar100,12,matched,mwmd1,peers,4,200,64,0.1,0.9,0.0005,True,0,60,0.1,1.0,1,,disagreement,1.0,1,0.0,0.5,weight,complete,0.4,0.398956,42,0,45000,5000,10000,5640048,33,0.1,1,102.49,0.2977916666666667,0.016964789925673178,0.2685,0.33,0.3475,0.0497083333333333,0.29390000000000005,0.3384,0.5300212121212123,0.5858334705085178,0.5371999999999999,0.5821254289958366,0.2977916666666667,resnet32,0.3097,0.3084,3.9172013361345637,3.8342574370855633,0.08294389574174685,resnet32,0.2981,0.2884,3.9223983514715326,3.8347500139339403,0.08764833348422227,resnet32,0.2685,0.2684,3.923338498242877,3.8368002118712123,0.08653828533980149,resnet32,0.3095,0.2996,3.9010379029945894,3.8107321445237505,0.09030576306395233,resnet32,0.3049,0.3004,3.9020847285335716,3.815406569364396,0.086678161455149,resnet32,0.3005,0.2958,3.910438656468283,3.8225615207444537,0.08787714243887669,resnet32,0.2919,0.2862,3.92868979444558,3.8412932675670493,0.08739652807972478,resnet32,0.287,0.2874,3.9080097885294394,3.8247892741452563,0.08322051402435383,resnet32,0.2853,0.2842,3.9151216748763216,3.827739689160477,0.08738198375265877,resnet32,0.3151,0.318,3.911560308526863,3.8285484750839798,0.08301183201414956,resnet32,0.33,0.3212,3.9044678197665648,3.821344954046336,0.08312286726537753,resnet32,0.273,0.2688,3.9117756695909933,3.8215044499798254,0.09027121208650483,4500000.0,5000.0,18010000.0,612340000.0,7348080000.0
resnet32x12_cifar100_K12_mwmd1_noise40_seed0004_d011,d011,resnet32:12,cifar100,12,matched,mwmd1,peers,4,200,64,0.1,0.9,0.0005,True,0,60,0.1,1.0,1,,disagreement,1.0,1,0.0,0.5,weight,complete,0.4,0.398956,42,0,45000,5000,10000,5640048,34,0.1,1,101.56,0.27999166666666664,0.013111283838316093,0.2551,0.2969,0.313,0.03300833333333336,0.2809833333333333,0.3156,0.49321818181818167,0.612239632031092,0.49875454545454556,0.6158154766035979,0.27999166666666664,resnet32,0.2551,0.2596,3.9158300008963454,3.827583655376326,0.08824635225094178,resnet32,0.2863,0.2888,3.9160360080951993,3.8317483738064766,0.08428763722027229,resnet32,0.2656,0.2686,3.914337344806303,3.829117522320964,0.08521982802035795,resnet32,0.2935,0.2928,3.897888995368372,3.8076535886661573,0.09023541000417688,resnet32,0.274,0.2736,3.9001316848126324,3.8109305307946424,0.08920115476939827,resnet32,0.2863,0.2824,3.9071993180973963,3.8188734132457864,0.08832590425895019,resnet32,0.2954,0.3014,3.923472184687853,3.8343262621624903,0.08914592293810776,resnet32,0.2725,0.2684,3.910254304043271,3.8200663192705675,0.09018798622260378,resnet32,0.2752,0.2782,3.908636184578592,3.82044241103259,0.08819377614947205,resnet32,0.2925,0.2946,3.9081338942050934,3.8238291720097717,0.08430471552260728,resnet32,0.2969,0.2916,3.9026537957516583,3.8174205415628175,0.0852332637983967,resnet32,0.2666,0.2718,3.903836077925834,3.8154994527047332,0.08833662332670594,4500000.0,5000.0,18010000.0,630350000.0,7564200000.0
resnet32x12_cifar100_K12_mwmd1_noise40_seed0004_d011,d011,resnet32:12,cifar100,12,matched,mwmd1,peers,4,200,64,0.1,0.9,0.0005,True,0,60,0.1,1.0,1,,disagreement,1.0,1,0.0,0.5,weight,complete,0.4,0.398956,42,0,45000,5000,10000,5640048,35,0.1,1,102.04,0.29368333333333335,0.02741519752902677,0.2402,0.3363,0.3435,0.049816666666666676,0.2905666666666667,0.3422,0.5697212121212123,0.5546572295714048,0.5672409090909091,0.5755519673513158,0.29368333333333335,resnet32,0.3206,0.3124,3.910917405377735,3.8266935551708396,0.08422385186316785,resnet32,0.2789,0.2752,3.916051232340661,3.8284269093789836,0.08762432201447981,resnet32,0.2912,0.2896,3.9173673797737467,3.8255991448055613,0.09176823424323546,resnet32,0.326,0.3184,3.8949970745227556,3.803181327540766,0.09181574744235893,resnet32,0.3363,0.3324,3.893705790354447,3.8051194680685345,0.08858632074076343,resnet32,0.2933,0.2854,3.9019414260983467,3.8140437301586974,0.08789769756417214,resnet32,0.2796,0.2814,3.9196065481413496,3.8294541402296587,0.09015240755186162,resnet32,0.2402,0.2392,3.908093929968097,3.817935899238695,0.09015802887734026,resnet32,0.3088,0.3056,3.9064022570171137,3.8189507861706344,0.08745147402144292,resnet32,0.253,0.2518,3.906383850696412,3.81891880184412,0.08746504561382938,resnet32,0.3088,0.31,3.8978758318857714,3.813694141805172,0.08418168915985999,resnet32,0.2875,0.2854,3.899838809601285,3.8113368644633074,0.08850194487339733,4500000.0,5000.0,18010000.0,648360000.0,7780320000.0
resnet32x12_cifar100_K12_mwmd1_noise40_seed0004_d011,d011,resnet32:12,cifar100,12,matched,mwmd1,peers,4,200,64,0.1,0.9,0.0005,True,0,60,0.1,1.0,1,,disagreement,1.0,1,0.0,0.5,weight,complete,0.4,0.398956,42,0,45000,5000,10000,5640048,36,0.1,1,102.64,0.29928333333333335,0.014126501886721833,0.2728,0.3196,0.3504,0.051116666666666644,0.29821666666666663,0.3414,0.5384878787878786,0.5885959440480738,0.5454151515151515,0.5845329083614843,0.29928333333333335,resnet32,0.2916,0.2916,3.903265556828542,3.8136478208682756,0.08961773899764838,resnet32,0.273,0.2704,3.907420093024319,3.819590901109305,0.08782919334374707,resnet32,0.3032,0.3062,3.9017263532362203,3.8141688379374417,0.0875575159126046,resnet32,0.3022,0.2944,3.8875357779589566,3.7952359701422127,0.09229980599643155,resnet32,0.2916,0.3,3.887731283564459,3.797417964108966,0.09031331188849766,resnet32,0.2728,0.2684,3.896668889644471,3.804214421998371,0.0924544701225717,resnet32,0.3124,0.3126,3.9083933027630504,3.8206408718092875,0.08775242814921182,resnet32,0.3068,0.3136,3.8981192775747995,3.809494011104107,0.08862526669293981,resnet32,0.3111,0.3006,3.8954161554574966,3.8068948093463075,0.08852135328660635,resnet32,0.2989,0.2876,3.8983423228968275,3.808082773942839,0.09025954946198246,resnet32,0.3082,0.3118,3.8906324461779813,3.8027542534876955,0.08787818864749913,resnet32,0.3196,0.3214,3.889893248338591,3.800170198760249,0.08972305184844034,4500000.0,5000.0,18010000.0,666370000.0,7996440000.0
resnet32x12_cifar100_K12_mwmd1_noise40_seed0004_d011,d011,resnet32:12,cifar100,12,matched,mwmd1,peers,4,200,64,0.1,0.9,0.0005,True,0,60,0.1,1.0,1,,disagreement,1.0,1,0.0,0.5,weight,complete,0.4,0.398956,42,0,45000,5000,10000,5640048,37,0.1,1,102.37,0.2872166666666667,0.015160630667034351,0.2642,0.3163,0.3239,0.036683333333333346,0.2932666666666667,0.3286,0.5176090909090909,0.6060304550838685,0.523428787878788,0.6094209554872415,0.2872166666666667,resnet32,0.2642,0.2686,3.905880903994495,3.8162097693844275,0.08967114342588255,resnet32,0.2733,0.2818,3.9052264598960225,3.8126933821900324,0.09253307655242017,resnet32,0.2822,0.2916,3.90359040112658,3.8151801746677267,0.08841022789816964,resnet32,0.3163,0.3154,3.883005906235088,3.790002007037401,0.0930039023514837,resnet32,0.289,0.3004,3.8831219747662544,3.7904074476523832,0.09271452771711418,resnet32,0.2809,0.2816,3.896019064228643,3.803849991072308,0.09216906685932455,resnet32,0.2704,0.2776,3.9097182733768765,3.817665909501639,0.09205235923449932,resnet32,0.2977,0.3046,3.8997774926776234,3.8113299188288776,0.08844757450490513,resnet32,0.2871,0.2884,3.896089184351943,3.8063774935223837,0.08971168472304601,resnet32,0.277,0.2824,3.8951858502220023,3.8068897995081814,0.0882960461365821,resnet32,0.3089,0.316,3.8915246965532955,3.798608544875275,0.09291614310561934,resnet32,0.2996,0.3108,3.888083028522405,3.799714134159413,0.08836889672304758,4500000.0,5000.0,18010000.0,684380000.0,8212560000.0
resnet32x12_cifar100_K12_mwmd1_noise40_seed0004_d011,d011,resnet32:12,cifar100,12,matched,mwmd1,peers,4,200,64,0.1,0.9,0.0005,True,0,60,0.1,1.0,1,,disagreement,1.0,1,0.0,0.5,weight,complete,0.4,0.398956,42,0,45000,5000,10000,5640048,38,0.1,1,102.43,0.30375833333333335,0.016714088784282828,0.2812,0.3372,0.3526,0.04884166666666667,0.29168333333333335,0.3282,0.5353030303030303,0.6013264130175258,0.5397257575757575,0.5924978830160389,0.30375833333333335,resnet32,0.3045,0.2966,3.897855655374852,3.8097930222072383,0.08806263662832366,resnet32,0.2812,0.274,3.895478294654326,3.8047151474112813,0.0907631441950798,resnet32,0.3101,0.2986,3.899588934061202,3.808767730539495,0.09082120041024279,resnet32,0.3372,0.3174,3.878231705928391,3.7843276705931532,0.09390403948385607,resnet32,0.2822,0.2728,3.8764712840996007,3.7843691435727207,0.09210214027288285,resnet32,0.2955,0.283,3.89021046358076,3.796929120678793,0.09328134509269148,resnet32,0.324,0.31,3.8978741687129843,3.806115539575165,0.09175863065121864,resnet32,0.3069,0.2968,3.8944395533339544,3.8027200285683977,0.09171952832151543,resnet32,0.3163,0.302,3.8947763954373924,3.801856277679855,0.09292012071554465,resnet32,0.2899,0.2764,3.8945563581179488,3.8008779006248172,0.09367845045529645,resnet32,0.3115,0.3026,3.882969604974443,3.7948951470580967,0.08807445640294728,resnet32,0.2858,0.27,3.8854592313820664,3.7933629476888613,0.09209628525952046,4500000.0,5000.0,18010000.0,702390000.0,8428680000.0
resnet32x12_cifar100_K12_mwmd1_noise40_seed0004_d011,d011,resnet32:12,cifar100,12,matched,mwmd1,peers,4,200,64,0.1,0.9,0.0005,True,0,60,0.1,1.0,1,,disagreement,1.0,1,0.0,0.5,weight,complete,0.4,0.398956,42,0,45000,5000,10000,5640048,39,0.1,1,102.13,0.3143083333333333,0.03010601983915435,0.2554,0.3565,0.3627,0.04839166666666672,0.3096,0.3548,0.520869696969697,0.5925760333319262,0.5148242424242424,0.6024575186986753,0.3143083333333333,resnet32,0.333,0.325,3.897295846857808,3.8029402643442154,0.09435558227017861,resnet32,0.2727,0.2742,3.894612583585761,3.803278310732408,0.09133428238882599,resnet32,0.3258,0.3212,3.8957990685647186,3.8063209795139055,0.0894780883258632,resnet32,0.3365,0.323,3.8761576400561766,3.7815406603569333,0.09461698598567057,resnet32,0.3345,0.3258,3.8783657130869953,3.7840065139938486,0.09435919458469884,resnet32,0.2554,0.2534,3.887998040765524,3.795068045570092,0.09292999462393875,resnet32,0.2708,0.2706,3.899349584159526,3.8065452453765003,0.09280434395292435,resnet32,0.3565,0.3532,3.8893604671413247,3.7999369224364106,0.08942354381063276,resnet32,0.3082,0.3002,3.894179715012962,3.8000274033031682,0.09415231388464401,resnet32,0.3172,0.3138,3.88819091191346,3.7971991466527637,0.09099176395896146,resnet32,0.3257,0.3166,3.8821469223634764,3.7912266670980235,0.09092025728155435,resnet32,0.3354,0.3382,3.878969208422032,3.7875232855704697,0.09144591857594522,4500000.0,5000.0,18010000.0,720400000.0,8644800000.0
resnet32x12_cifar100_K12_mwmd1_noise40_seed0004_d011,d011,resnet32:12,cifar100,12,matched,mwmd1,peers,4,200,64,0.1,0.9,0.0005,True,0,60,0.1,1.0,1,,disagreement,1.0,1,0.0,0.5,weight,complete,0.4,0.398956,42,0,45000,5000,10000,5640048,40,0.1,1,100.89,0.25174166666666664,0.02009778007365214,0.2159,0.2871,0.2769,0.025158333333333338,0.25153333333333333,0.2812,0.5155454545454545,0.6195155069545831,0.5179363636363636,0.6233280994810493,0.25174166666666664,resnet32,0.2338,0.2324,3.8958385613831608,3.800409523262219,0.09542903557038782,resnet32,0.2616,0.2674,3.889466481113976,3.7972904816269875,0.09217599795242264,resnet32,0.2571,0.249,3.8913752291012895,3.7982622412118046,0.09311298648720946,resnet32,0.2871,0.2824,3.8742862584238704,3.77628856761889,0.09799769149288874,resnet32,0.2574,0.25,3.876788256520575,3.781248346648433,0.09553991261319342,resnet32,0.257,0.2494,3.882160227068446,3.7890078902921895,0.09315233461728151,resnet32,0.2294,0.228,3.897820077159188,3.7997963414950804,0.09802373586518859,resnet32,0.2778,0.276,3.88809607448903,3.7958857325667683,0.09221033877904782,resnet32,0.2676,0.2712,3.884818368676034,3.7926896647973494,0.0921287037093531,resnet32,0.2159,0.217,3.8839721825312483,3.7917688008059156,0.09220337894194844,resnet32,0.2393,0.2452,3.8795533549379217,3.785868015478958,0.09368532932024788,resnet32,0.2369,0.2504,3.8758160631087692,3.7820181138813496,0.09379794796801764,4500000.0,5000.0,18010000.0,738410000.0,8860920000.0
resnet32x12_cifar100_K12_mwmd1_noise40_seed0004_d011,d011,resnet32:12,cifar100,12,matched,mwmd1,peers,4,200,64,0.1,0.9,0.0005,True,0,60,0.1,1.0,1,,disagreement,1.0,1,0.0,0.5,weight,complete,0.4,0.398956,42,0,45000,5000,10000,5640048,41,0.1,1,102.15,0.2831916666666666,0.021318593540746434,0.2396,0.316,0.3158,0.032608333333333406,0.28465,0.3192,0.5282272727272728,0.6109437484076313,0.5266833333333333,0.6117254584465578,0.2831916666666666,resnet32,0.274,0.2784,3.8884252184493975,3.7973532266914845,0.09107199138750068,resnet32,0.2598,0.263,3.886926814575087,3.794211892580444,0.09271492049711841,resnet32,0.3006,0.3042,3.886453504928134,3.792176695371216,0.09427681008607826,resnet32,0.2947,0.2968,3.8668451244858177,3.7717260626906697,0.09511906237722459,resnet32,0.2713,0.2684,3.8719660395925697,3.7775114710358055,0.09445457200689072,resnet32,0.2932,0.2938,3.8831257362934677,3.7866028638725933,0.09652287445285103,resnet32,0.2595,0.2632,3.888016092506322,3.7925703207200225,0.09544577467022464,resnet32,0.295,0.2872,3.880902321162549,3.789688900790431,0.09121342017103663,resnet32,0.2396,0.2442,3.883693510835821,3.7883383729918436,0.0953551328592849,resnet32,0.2914,0.2956,3.8813259354369207,3.788582884113897,0.0927430497884581,resnet32,0.3032,0.3038,3.875141158022664,3.7801671647890047,0.09497399436606263,resnet32,0.316,0.3172,3.874615263871171,3.778242512182756,0.09637274926486002,4500000.0,5000.0,18010000.0,756420000.0,9077040000.0
resnet32x12_cifar100_K12_mwmd1_noise40_seed0004_d011,d011,resnet32:12,cifar100,12,matched,mwmd1,peers,4,200,64,0.1,0.9,0.0005,True,0,60,0.1,1.0,1,,disagreement,1.0,1,0.0,0.5,weight,complete,0.4,0.398956,42,0,45000,5000,10000,5640048,42,0.1,1,101.58,0.2762833333333333,0.01706042366283896,0.2435,0.3001,0.3107,0.03441666666666665,0.27943333333333337,0.3168,0.5188454545454547,0.600828657908512,0.515218181818182,0.5996761306983666,0.2762833333333333,resnet32,0.2694,0.2722,3.888845218853517,3.793652356686917,0.09519285892813721,resnet32,0.2874,0.2892,3.8924216821112414,3.7958255518566477,0.09659613150341267,resnet32,0.2827,0.2884,3.8840570774945347,3.7929305288602007,0.09112654481379484,resnet32,0.2549,0.2626,3.8664619983597235,3.770152002911676,0.09630999732127582,resnet32,0.2768,0.2782,3.868130239573392,3.773452269760045,0.09467797460754147,resnet32,0.3001,0.3054,3.8820302432233635,3.7866619557819585,0.09536828380078077,resnet32,0.2795,0.2796,3.886104210533879,3.79194765267047,0.0941565561700951,resnet32,0.2996,0.2992,3.8872806622900744,3.7911068336530165,0.09617382744115523,resnet32,0.2912,0.295,3.8832224681973457,3.7866141714833,0.0966082982591946,resnet32,0.274,0.2808,3.8845830370079386,3.7904179604216055,0.09416507085023279,resnet32,0.2435,0.249,3.8704824417152186,3.7793308313597334,0.09115161072589796,resnet32,0.2563,0.2536,3.8709955140948296,3.7762869775972585,0.09470853868829594,4500000.0,5000.0,18010000.0,774430000.0,9293160000.0
resnet32x12_cifar100_K12_mwmd1_noise40_seed0004_d011,d011,resnet32:12,cifar100,12,matched,mwmd1,peers,4,200,64,0.1,0.9,0.0005,True,0,60,0.1,1.0,1,,disagreement,1.0,1,0.0,0.5,weight,complete,0.4,0.398956,42,0,45000,5000,10000,5640048,43,0.1,1,101.93,0.2771666666666667,0.023966724617454277,0.2332,0.3159,0.3229,0.04573333333333335,0.27375,0.3142,0.5456575757575755,0.5815839086496002,0.5533590909090909,0.5821400282922707,0.2771666666666667,resnet32,0.2676,0.2578,3.8863313519819216,3.7943900610235604,0.09194129010112109,resnet32,0.2991,0.2904,3.8896673768758774,3.79224143312736,0.09742594152604314,resnet32,0.2393,0.237,3.887237872928381,3.7921570515768095,0.09508081934076142,resnet32,0.2828,0.2772,3.8682149933143095,3.7705018516968596,0.09771314129995351,resnet32,0.2872,0.2916,3.864758661524816,3.769602581858635,0.09515607402532954,resnet32,0.2825,0.2764,3.8741251511329953,3.77771520242095,0.09640994810880246,resnet32,0.2332,0.237,3.887772051109509,3.793159972198985,0.0946120767197995,resnet32,0.3159,0.3096,3.8776981556280092,3.785740803927183,0.09195735010276125,resnet32,0.2834,0.2792,3.882425116883083,3.7879573574120347,0.09446775341745127,resnet32,0.2917,0.2856,3.88111365925182,3.7851376858624546,0.09597596461588348,resnet32,0.2938,0.2952,3.8720902678641407,3.776068275963718,0.0960219897414473,resnet32,0.2495,0.248,3.8694795322689144,3.7732684896750883,0.09621103745038537,4500000.0,5000.0,18010000.0,792440000.0,9509280000.0
resnet32x12_cifar100_K12_mwmd1_noise40_seed0004_d011,d011,resnet32:12,cifar100,12,matched,mwmd1,peers,4,200,64,0.1,0.9,0.0005,True,0,60,0.1,1.0,1,,disagreement,1.0,1,0.0,0.5,weight,complete,0.4,0.398956,42,0,45000,5000,10000,5640048,44,0.1,1,101.94,0.29172499999999996,0.012361979682343227,0.2588,0.3074,0.3281,0.036375000000000046,0.29068333333333335,0.3236,0.5113151515151514,0.6239383066171044,0.517798484848485,0.6150990103500256,0.29172499999999996,resnet32,0.2936,0.2906,3.885140912437981,3.7915514971722257,0.09358941512817348,resnet32,0.2999,0.2954,3.880229363387281,3.7866716513579544,0.09355770363684067,resnet32,0.2994,0.2944,3.8784253553233365,3.78531450541182,0.09311084749854424,resnet32,0.2939,0.2952,3.8633450066501442,3.766865527087992,0.0964794741012156,resnet32,0.3074,0.311,3.8639332255856558,3.7693033817816866,0.09462985553016717,resnet32,0.2849,0.275,3.870239442383701,3.7755589197305115,0.09468053025193512,resnet32,0.2841,0.28,3.8831274688921193,3.787320999936624,0.09580646768550981,resnet32,0.3061,0.291,3.880743786015294,3.7851650941778314,0.0955786907791414,resnet32,0.2588,0.2696,3.8795813481238755,3.7831994467838244,0.09638189757242799,resnet32,0.2876,0.29,3.8753729117187588,3.7821843319318513,0.09318857575470413,resnet32,0.297,0.2952,3.8646502169695767,3.7701660245656967,0.09448419401252811,resnet32,0.288,0.3008,3.8631457537412643,3.7685651504857973,0.09458060679025948,4500000.0,5000.0,18010000.0,810450000.0,9725400000.0
resnet32x12_cifar100_K12_mwmd1_noise40_seed0004_d011,d011,resnet32:12,cifar100,12,matched,mwmd1,peers,4,200,64,0.1,0.9,0.0005,True,0,60,0.1,1.0,1,,disagreement,1.0,1,0.0,0.5,weight,complete,0.4,0.398956,42,0,45000,5000,10000,5640048,45,0.1,1,101.71,0.2856,0.023103246525109845,0.2395,0.3166,0.3202,0.034599999999999964,0.27968333333333334,0.3162,0.5471060606060605,0.5939018088868068,0.5461454545454545,0.5971559832819395,0.2856,resnet32,0.2751,0.2658,3.8843559101223946,3.788386503403837,0.09596940959719094,resnet32,0.2395,0.237,3.881669936532324,3.7828254594721575,0.09884447464719415,resnet32,0.2433,0.2374,3.878016100688414,3.783133379099044,0.09488272340439091,resnet32,0.3166,0.3046,3.8603461699729618,3.762204159728505,0.09814201501219279,resnet32,0.2858,0.2768,3.8618345111608505,3.7666573873297735,0.09517712524393573,resnet32,0.272,0.262,3.8656915331428703,3.7695113525471906,0.096180177050304,resnet32,0.3043,0.2958,3.882169690660455,3.7864953963594004,0.09567429705268958,resnet32,0.3001,0.29,3.875800408422947,3.7790067331357435,0.09679367701226677,resnet32,0.2989,0.294,3.877049481665546,3.7781538628041744,0.0988956206605177,resnet32,0.2893,0.286,3.8761268827048214,3.778224507177418,0.09790237266464498,resnet32,0.3015,0.3068,3.864753635092215,3.7691273384473543,0.0956262942001393,resnet32,0.3008,0.3,3.8643535555086355,3.7675658870827067,0.0967876666373658,4500000.0,5000.0,18010000.0,828460000.0,9941520000.0
resnet32x12_cifar100_K12_mwmd1_noise40_seed0004_d011,d011,resnet32:12,cifar100,12,matched,mwmd1,peers,4,200,64,0.1,0.9,0.0005,True,0,60,0.1,1.0,1,,disagreement,1.0,1,0.0,0.5,weight,complete,0.4,0.398956,42,0,45000,5000,10000,5640048,46,0.1,1,101.72,0.31243333333333334,0.0108908473295495,0.2908,0.3318,0.3606,0.048166666666666635,0.30733333333333335,0.3512,0.5222242424242425,0.5873177731932475,0.5228469696969696,0.5907445959350792,0.31243333333333334,resnet32,0.3138,0.3064,3.881037332794883,3.7845760956406593,0.09646123721772297,resnet32,0.3112,0.304,3.875195903534239,3.7800799046050417,0.09511599929960952,resnet32,0.2908,0.2922,3.877722655846314,3.7804142209616574,0.0973084348211573,resnet32,0.3318,0.329,3.855264091694897,3.7584587890993464,0.09680529618212445,resnet32,0.2978,0.2922,3.8570716438645665,3.7604019069536165,0.09666973467789251,resnet32,0.3076,0.3052,3.864818837832321,3.7688541016118093,0.09596473921556026,resnet32,0.3111,0.3146,3.8747475137087433,3.7795315354385157,0.09521597981537608,resnet32,0.3174,0.3084,3.8701603866436263,3.774295509538867,0.09586487488228489,resnet32,0.3171,0.3132,3.8698560510846702,3.773405641994693,0.09645040497310799,resnet32,0.3248,0.3142,3.8698357943106783,3.77307873016054,0.096757063832642,resnet32,0.3212,0.3106,3.8618024712936445,3.7650439312512223,0.09675854262472554,resnet32,0.3046,0.298,3.8605923151428048,3.763041724196889,0.09755059332713824,4500000.0,5000.0,18010000.0,846470000.0,10157640000.0
resnet32x12_cifar100_K12_mwmd1_noise40_seed0004_d011,d011,resnet32:12,cifar100,12,matched,mwmd1,peers,4,200,64,0.1,0.9,0.0005,True,0,60,0.1,1.0,1,,disagreement,1.0,1,0.0,0.5,weight,complete,0.4,0.398956,42,0,45000,5000,10000,5640048,47,0.1,1,101.65,0.3151833333333333,0.019281028384283742,0.2781,0.3485,0.3669,0.05171666666666669,0.3064333333333333,0.3482,0.5265969696969697,0.5913888155237014,0.5326893939393939,0.5893224224104661,0.3151833333333333,resnet32,0.3084,0.3028,3.8762330883605913,3.7808780653232876,0.09535502077249641,resnet32,0.3381,0.3216,3.8726185445081103,3.7801627198403533,0.09245582010110164,resnet32,0.2876,0.2808,3.877393341877244,3.7810273167084563,0.0963660198560154,resnet32,0.3485,0.337,3.854137772524899,3.7563189901411533,0.09781878722027283,resnet32,0.2976,0.2928,3.8590632517906753,3.7612793492999943,0.09778390039520507,resnet32,0.3257,0.3216,3.862269404598258,3.765310076150027,0.09695932713591239,resnet32,0.2781,0.2722,3.874618882821365,3.7786022621122273,0.09601662010589446,resnet32,0.3191,0.31,3.86925427175381,3.7734466787766325,0.09580758497626944,resnet32,0.3107,0.2958,3.8682344999503004,3.7717480022798884,0.09648650073954328,resnet32,0.3226,0.3166,3.8678131377832456,3.772399977188219,0.09541316002353349,resnet32,0.3202,0.312,3.8599653684280137,3.767517952079123,0.09244741566098211,resnet32,0.3256,0.314,3.8604220781813967,3.763436373323202,0.09698570369933308,4500000.0,5000.0,18010000.0,864480000.0,10373760000.0
resnet32x12_cifar100_K12_mwmd1_noise40_seed0004_d011,d011,resnet32:12,cifar100,12,matched,mwmd1,peers,4,200,64,0.1,0.9,0.0005,True,0,60,0.1,1.0,1,,disagreement,1.0,1,0.0,0.5,weight,complete,0.4,0.398956,42,0,45000,5000,10000,5640048,48,0.1,1,102.12,0.29341666666666666,0.010596055345688261,0.2729,0.3091,0.3322,0.038783333333333336,0.29045,0.323,0.5304727272727273,0.601882650582259,0.5315590909090909,0.6091720612759963,0.29341666666666666,resnet32,0.3013,0.3024,3.881244059990753,3.7815039713274348,0.09974008755208078,resnet32,0.2915,0.2846,3.8723010820421306,3.7769039879468354,0.09539709458212284,resnet32,0.2729,0.2758,3.8748390796509655,3.7772730988535015,0.09756598591973836,resnet32,0.2962,0.2956,3.855528608980504,3.7564028809693726,0.09912572891070423,resnet32,0.2805,0.2772,3.8585226854140107,3.7585187276655976,0.10000395573760298,resnet32,0.3082,0.3018,3.856847295029597,3.7602180022407663,0.09662928786763753,resnet32,0.2889,0.285,3.8769592348147524,3.777732502330433,0.09922673462212762,resnet32,0.2971,0.2936,3.8640028505840083,3.767504881728779,0.0964979686753147,resnet32,0.3091,0.3088,3.868203408000144,3.7729297818785366,0.0952736242166297,resnet32,0.281,0.2726,3.867135611108758,3.7717421400276097,0.09539346806493333,resnet32,0.2988,0.296,3.862864548509771,3.767541393637657,0.09532315962397578,resnet32,0.2955,0.292,3.8600826778195123,3.7623565227470617,0.09772615787700158,4500000.0,5000.0,18010000.0,882490000.0,10589880000.0
resnet32x12_cifar100_K12_mwmd1_noise40_seed0004_d011,d011,resnet32:12,cifar100,12,matched,mwmd1,peers,4,200,64,0.1,0.9,0.0005,True,0,60,0.1,1.0,1,,disagreement,1.0,1,0.0,0.5,weight,complete,0.4,0.398956,42,0,45000,5000,10000,5640048,49,0.1,1,101.67,0.31123333333333336,0.014596708152487295,0.2837,0.342,0.3492,0.03796666666666665,0.31018333333333337,0.3462,0.5131787878787877,0.6077841320653778,0.5102848484848486,0.6154396469985776,0.31123333333333336,resnet32,0.308,0.3042,3.876371561803601,3.7797830142080784,0.09658854763785546,resnet32,0.3152,0.3174,3.8710036071186718,3.773744961077517,0.09725865098351444,resnet32,0.3133,0.3124,3.8739741021259264,3.776580345562913,0.09739375711334022,resnet32,0.324,0.315,3.8516364974731747,3.754020181907849,0.09761631563940848,resnet32,0.342,0.3404,3.853247544643554,3.7560804723338648,0.09716707048937678,resnet32,0.3071,0.3074,3.859412709081715,3.7630614634941923,0.09635124691042372,resnet32,0.3189,0.3136,3.868561392142014,3.771773569963195,0.09678782600994137,resnet32,0.3009,0.3046,3.861079839142886,3.765243008394133,0.09583682685413143,resnet32,0.2837,0.2872,3.8667009333995255,3.769340505992824,0.09736042832744053,resnet32,0.2905,0.2894,3.8665111136030066,3.7695402926342054,0.0969708146400411,resnet32,0.3176,0.3178,3.8568257435478945,3.761016550727866,0.09580919495783746,resnet32,0.3136,0.3128,3.8549632528288797,3.7587229423224926,0.09624030837916177,4500000.0,5000.0,18010000.0,900500000.0,10806000000.0
resnet32x12_cifar100_K12_mwmd1_noise40_seed0004_d011,d011,resnet32:12,cifar100,12,matched,mwmd1,peers,4,200,64,0.1,0.9,0.0005,True,0,60,0.1,1.0,1,,disagreement,1.0,1,0.0,0.5,weight,complete,0.4,0.398956,42,0,45000,5000,10000,5640048,50,0.1,1,101.85,0.30462500000000003,0.025475188092207154,0.271,0.3547,0.3504,0.045774999999999955,0.30231666666666673,0.3498,0.5442424242424243,0.5755227902910829,0.5404378787878789,0.5855979183168835,0.30462500000000003,resnet32,0.3166,0.3158,3.873870389028029,3.775390437380834,0.09847995174244385,resnet32,0.271,0.2702,3.86081402850422,3.766113941303708,0.0947000895076516,resnet32,0.3353,0.3346,3.871604203500531,3.7748476564884186,0.09675654840909621,resnet32,0.3547,0.3514,3.8494482355361637,3.7516437040811237,0.09780452806841243,resnet32,0.322,0.313,3.85342203554782,3.755419689484618,0.09800234120021659,resnet32,0.273,0.2786,3.85800094360655,3.759337744929574,0.0986632037569176,resnet32,0.3063,0.3044,3.8721924285319718,3.775381367992271,0.09681106324900281,resnet32,0.282,0.2846,3.8616908063942734,3.7646867135031656,0.09700409533582967,resnet32,0.313,0.31,3.865687585351142,3.767756783488122,0.09793080399024555,resnet32,0.2826,0.2778,3.865345206788995,3.7678005891767414,0.09754462179262191,resnet32,0.2816,0.275,3.8521891971203415,3.7573392137207766,0.09484998493413017,resnet32,0.3174,0.3124,3.8556653772565452,3.758432657203891,0.09723272046539932,4500000.0,5000.0,18010000.0,918510000.0,11022120000.0
resnet32x12_cifar100_K12_mwmd1_noise40_seed0004_d011,d011,resnet32:12,cifar100,12,matched,mwmd1,peers,4,200,64,0.1,0.9,0.0005,True,0,60,0.1,1.0,1,,disagreement,1.0,1,0.0,0.5,weight,complete,0.4,0.398956,42,0,45000,5000,10000,5640048,51,0.1,1,101.92,0.30058333333333337,0.022940714655147274,0.2573,0.3283,0.3489,0.04831666666666662,0.30056666666666665,0.342,0.5356939393939396,0.5748824603560896,0.5397621212121213,0.5783928662345463,0.30058333333333337,resnet32,0.3031,0.3112,3.872767963870005,3.7734037658030335,0.09936419681815262,resnet32,0.2685,0.2732,3.865348970348185,3.765519777482206,0.09982919380788437,resnet32,0.2573,0.263,3.866085693917491,3.766267027705908,0.09981866522734477,resnet32,0.307,0.3028,3.844504901969975,3.7463151582262735,0.09818974848497998,resnet32,0.316,0.3188,3.851493792439049,3.7519469013945623,0.09954688780602407,resnet32,0.267,0.2656,3.855803599411791,3.757598315450278,0.09820528500925073,resnet32,0.2925,0.2894,3.8672640940005127,3.768333450298418,0.09893062985925512,resnet32,0.3098,0.3174,3.8600221404975112,3.7608297998932274,0.09919233806960454,resnet32,0.3139,0.3118,3.8599694655700163,3.760772762989456,0.09919670525811274,resnet32,0.3231,0.3226,3.8604917123236437,3.761644113131545,0.09884759937201372,resnet32,0.3283,0.3144,3.8508555851876736,3.7539839392358605,0.09687164079778912,resnet32,0.3205,0.3166,3.8490505049174484,3.752136803147468,0.09691370273305272,4500000.0,5000.0,18010000.0,936520000.0,11238240000.0
resnet32x12_cifar100_K12_mwmd1_noise40_seed0004_d011,d011,resnet32:12,cifar100,12,matched,mwmd1,peers,4,200,64,0.1,0.9,0.0005,True,0,60,0.1,1.0,1,,disagreement,1.0,1,0.0,0.5,weight,complete,0.4,0.398956,42,0,45000,5000,10000,5640048,52,0.1,1,102.01,0.3326833333333334,0.01559133484414411,0.3055,0.3644,0.3871,0.05441666666666661,0.3238666666666667,0.3724,0.5288787878787877,0.5730912924152983,0.5288484848484848,0.5768159332113801,0.3326833333333334,resnet32,0.3364,0.3346,3.8721622712910175,3.7708328403532505,0.10132943273691292,resnet32,0.3201,0.3156,3.860365488651124,3.76613450050354,0.09423099184112455,resnet32,0.3242,0.3082,3.8643382635306227,3.7673473696817052,0.09699089113961566,resnet32,0.3644,0.3482,3.8490069576285104,3.747167381373319,0.10183957704893229,resnet32,0.3382,0.3322,3.849414810876955,3.751655348999934,0.09775945872322402,resnet32,0.3055,0.3012,3.849848226051439,3.7518956437706947,0.09795258457730101,resnet32,0.3398,0.3262,3.8684552538801324,3.769585718824105,0.09886953499252824,resnet32,0.3212,0.3102,3.8600505722517315,3.7613422128964555,0.09870835748204793,resnet32,0.337,0.3282,3.860276233404875,3.7585803876546295,0.1016958526399156,resnet32,0.3148,0.305,3.8587492988868193,3.761730681766163,0.09701862212651494,resnet32,0.3507,0.336,3.8498079624365675,3.755513143810359,0.09429482134080237,resnet32,0.3399,0.3408,3.8532334105534987,3.7515707022764464,0.1016627131453292,4500000.0,5000.0,18010000.0,954530000.0,11454360000.0
resnet32x12_cifar100_K12_mwmd1_noise40_seed0004_d011,d011,resnet32:12,cifar100,12,matched,mwmd1,peers,4,200,64,0.1,0.9,0.0005,True,0,60,0.1,1.0,1,,disagreement,1.0,1,0.0,0.5,weight,complete,0.4,0.398956,42,0,45000,5000,10000,5640048,53,0.1,1,102.18,0.30475833333333335,0.02500854715003563,0.258,0.3423,0.3459,0.04114166666666663,0.3045,0.3534,0.5236090909090911,0.6000487094890845,0.531210606060606,0.59519634059772,0.30475833333333335,resnet32,0.3028,0.3078,3.8655942627652125,3.7680481594394553,0.09754609911363911,resnet32,0.3157,0.3178,3.8564019948244095,3.758124632591551,0.09827736401083795,resnet32,0.2799,0.2792,3.8649871891195122,3.766702305864204,0.09828488303306089,resnet32,0.3338,0.3326,3.839864904907617,3.7429501353339716,0.09691477272744206,resnet32,0.3423,0.3456,3.847912296314131,3.749360703270544,0.0985515974144536,resnet32,0.3091,0.3022,3.84439205378294,3.7469226369126276,0.09746941674860533,resnet32,0.2908,0.2902,3.8629130213098093,3.7652156207371843,0.09769739790565589,resnet32,0.3329,0.3288,3.8558376421305267,3.7575426430187444,0.09829499043884095,resnet32,0.3067,0.311,3.856602465903217,3.7554413618689235,0.1011611041401259,resnet32,0.3151,0.311,3.8570315289226444,3.7557987597855655,0.10123277569866994,resnet32,0.27,0.2704,3.847906929864125,3.7504801994020287,0.09742672803854062,resnet32,0.258,0.2574,3.844551385803656,3.7477847466414627,0.09676663848486813,4500000.0,5000.0,18010000.0,972540000.0,11670480000.0
resnet32x12_cifar100_K12_mwmd1_noise40_seed0004_d011,d011,resnet32:12,cifar100,12,matched,mwmd1,peers,4,200,64,0.1,0.9,0.0005,True,0,60,0.1,1.0,1,,disagreement,1.0,1,0.0,0.5,weight,complete,0.4,0.398956,42,0,45000,5000,10000,5640048,54,0.1,1,101.89,0.32263333333333327,0.019997430390483233,0.2781,0.3425,0.3624,0.03976666666666673,0.322,0.3596,0.4993151515151515,0.6276489200434727,0.5059530303030306,0.6186592311623939,0.32263333333333327,resnet32,0.3366,0.3356,3.8681536039168183,3.766902806406671,0.10125080019828271,resnet32,0.2964,0.2982,3.861505140973763,3.7599135515364734,0.10159158759581094,resnet32,0.3107,0.309,3.8595159480517562,3.7615355473350394,0.09798039973247796,resnet32,0.3378,0.3362,3.843873185867613,3.7419217364354567,0.10195144883420487,resnet32,0.3415,0.342,3.846727478233251,3.7476229213855485,0.09910455632912503,resnet32,0.3304,0.33,3.8484447859227657,3.7488650025969203,0.09957978286018426,resnet32,0.2781,0.2744,3.866176189008084,3.767036631364714,0.09913955603472212,resnet32,0.3155,0.3158,3.8528459942476316,3.754831313748251,0.09801468134603718,resnet32,0.3333,0.3298,3.85937623815103,3.7585023072632877,0.10087393232705918,resnet32,0.3414,0.3418,3.855759012089534,3.7563150697811083,0.09944393558808687,resnet32,0.3425,0.3456,3.849976872517304,3.749003777449781,0.1009730978932401,resnet32,0.3074,0.3056,3.848678892986341,3.74709453670816,0.10158435732591897,4500000.0,5000.0,18010000.0,990550000.0,11886600000.0
resnet32x12_cifar100_K12_mwmd1_noise40_seed0004_d011,d011,resnet32:12,cifar100,12,matched,mwmd1,peers,4,200,64,0.1,0.9,0.0005,True,0,60,0.1,1.0,1,,disagreement,1.0,1,0.0,0.5,weight,complete,0.4,0.398956,42,0,45000,5000,10000,5640048,55,0.1,1,101.57,0.29824999999999996,0.018001597151364106,0.2716,0.3304,0.346,0.047750000000000015,0.2950166666666667,0.3444,0.5571696969696969,0.5676692679300446,0.5503954545454545,0.5775689307891169,0.29824999999999996,resnet32,0.2825,0.2796,3.867683642967181,3.7662537199529735,0.1014299243371087,resnet32,0.3024,0.2936,3.8541416671465742,3.7542469829998235,0.09989468804137273,resnet32,0.2945,0.2916,3.857786211777817,3.758493710309267,0.09929250354285944,resnet32,0.316,0.3074,3.8421241024678405,3.740403913977471,0.10172018629964441,resnet32,0.3228,0.3282,3.848719886419448,3.749363348903981,0.09935653510249474,resnet32,0.2764,0.2682,3.849480077624321,3.7496971142562954,0.09978296498725699,resnet32,0.2779,0.2734,3.86014097454873,3.7596356472508474,0.1005053305469284,resnet32,0.3304,0.3228,3.8576774322851137,3.7580960464071143,0.09958139041819694,resnet32,0.303,0.3112,3.858655158091675,3.759115110066804,0.0995400443630801,resnet32,0.2975,0.3008,3.8571139709516005,3.7575484463437037,0.09956552138001742,resnet32,0.2716,0.2592,3.8501358591020107,3.749732167206027,0.10040369659492915,resnet32,0.304,0.3042,3.8471378087997437,3.7470075864006174,0.10013022175355052,4500000.0,5000.0,18010000.0,1008560000.0,12102720000.0
resnet32x12_cifar100_K12_mwmd1_noise40_seed0004_d011,d011,resnet32:12,cifar100,12,matched,mwmd1,peers,4,200,64,0.1,0.9,0.0005,True,0,60,0.1,1.0,1,,disagreement,1.0,1,0.0,0.5,weight,complete,0.4,0.398956,42,0,45000,5000,10000,5640048,56,0.1,1,102.06,0.33463333333333334,0.018536960076800314,0.2797,0.3505,0.3868,0.05216666666666664,0.3293833333333333,0.3788,0.5265666666666665,0.5848525716981599,0.5313909090909092,0.5847681961323915,0.33463333333333334,resnet32,0.3409,0.3334,3.861780455843969,3.76196316358718,0.09981729350560768,resnet32,0.3452,0.3336,3.8507581908594477,3.7514261400157753,0.09933204754171046,resnet32,0.2797,0.279,3.8521737307310104,3.7537950094450605,0.09837872203735804,resnet32,0.3337,0.332,3.836629241366278,3.7357638109136713,0.10086542617698963,resnet32,0.3307,0.3164,3.842238823121244,3.7427788224409926,0.09946000142107633,resnet32,0.3363,0.3306,3.8423409119925718,3.7422898543829266,0.10005105488975956,resnet32,0.3453,0.3358,3.858790132809769,3.757962340997024,0.1008277881827036,resnet32,0.3289,0.3242,3.846362556584857,3.747933418913321,0.09842913813719695,resnet32,0.35,0.3454,3.8522133861075747,3.750599904155189,0.10161348301070658,resnet32,0.3252,0.3198,3.8539944460446183,3.7514155832203953,0.10257885595571926,resnet32,0.3492,0.349,3.8430658480660482,3.740356186235493,0.10270965971391309,resnet32,0.3505,0.3534,3.8422829424115745,3.7404479740018193,0.10183497035706585,4500000.0,5000.0,18010000.0,1026570000.0,12318840000.0
resnet32x12_cifar100_K12_mwmd1_noise40_seed0004_d011,d011,resnet32:12,cifar100,12,matched,mwmd1,peers,4,200,64,0.1,0.9,0.0005,True,0,60,0.1,1.0,1,,disagreement,1.0,1,0.0,0.5,weight,complete,0.4,0.398956,42,0,45000,5000,10000,5640048,57,0.1,1,102.35,0.3317083333333333,0.012503163488582485,0.3119,0.3513,0.3919,0.0601916666666667,0.32498333333333335,0.3758,0.5268212121212122,0.5922687686359113,0.5362484848484849,0.5758020517741943,0.3317083333333333,resnet32,0.3139,0.3128,3.8625621677122335,3.7631649056618866,0.09939726357432929,resnet32,0.3186,0.312,3.8574681756171314,3.7534626095809718,0.10400556816338477,resnet32,0.3268,0.3176,3.859698189253157,3.7583386657590214,0.10135951999109238,resnet32,0.3513,0.3408,3.8347395959902895,3.735407721589912,0.0993318731727248,resnet32,0.3296,0.3218,3.8404675762761724,3.740637994625352,0.0998295797881755,resnet32,0.3119,0.3196,3.8456524336202578,3.7444056665355507,0.10124676923309876,resnet32,0.3369,0.3348,3.8603107543154196,3.758878207342191,0.10143254719547588,resnet32,0.3374,0.3272,3.8515702712942255,3.7505377571691167,0.10103250689677555,resnet32,0.3332,0.3264,3.85531984642148,3.751382003792308,0.10393783802547577,resnet32,0.3267,0.3154,3.8516932891851123,3.751751344650984,0.0999419444706291,resnet32,0.3504,0.3416,3.844806147231297,3.7452171824195166,0.09958895863118497,resnet32,0.3438,0.3298,3.8422242182899606,3.742950606413863,0.09927360909271309,4500000.0,5000.0,18010000.0,1044580000.0,12534960000.0
resnet32x12_cifar100_K12_mwmd1_noise40_seed0004_d011,d011,resnet32:12,cifar100,12,matched,mwmd1,peers,4,200,64,0.1,0.9,0.0005,True,0,60,0.1,1.0,1,,disagreement,1.0,1,0.0,0.5,weight,complete,0.4,0.398956,42,0,45000,5000,10000,5640048,58,0.1,1,101.58,0.3096583333333333,0.01784729009930889,0.2752,0.3357,0.3493,0.039641666666666686,0.3092333333333333,0.3438,0.506109090909091,0.6164032033718737,0.5045257575757575,0.6180570458320609,0.3096583333333333,resnet32,0.3205,0.3126,3.8570675070990217,3.757811005142602,0.09925650212575089,resnet32,0.3357,0.3352,3.851400502364744,3.7499723803590643,0.10142811908471314,resnet32,0.3026,0.3004,3.8478469123894516,3.7491925721141426,0.09865433933340352,resnet32,0.3249,0.3268,3.8331440632993523,3.7313963838598947,0.10174767138563436,resnet32,0.2752,0.2778,3.8351206688041035,3.7370966120877047,0.09802405347793618,resnet32,0.3175,0.3186,3.8380913944406942,3.7362100556492805,0.10188133919357577,resnet32,0.2953,0.2996,3.8552515229040925,3.7556218305094675,0.09962969647974453,resnet32,0.3205,0.312,3.8402256586334924,3.7414694740013643,0.09875618389130315,resnet32,0.3144,0.313,3.851977620951154,3.7523811256343667,0.09959649339064279,resnet32,0.3046,0.3086,3.848676409572363,3.7493499866263433,0.09932642292485318,resnet32,0.3249,0.3154,3.836479768495668,3.738546333868395,0.09793343235188248,resnet32,0.2798,0.2908,3.8391436619514767,3.7371979901059107,0.10194566782394593,4500000.0,5000.0,18010000.0,1062590000.0,12751080000.0
resnet32x12_cifar100_K12_mwmd1_noise40_seed0004_d011,d011,resnet32:12,cifar100,12,matched,mwmd1,peers,4,200,64,0.1,0.9,0.0005,True,0,60,0.1,1.0,1,,disagreement,1.0,1,0.0,0.5,weight,complete,0.4,0.398956,42,0,45000,5000,10000,5640048,59,0.1,1,102.12,0.32629166666666665,0.013614542367956728,0.2912,0.345,0.3741,0.04780833333333334,0.31811666666666666,0.3572,0.5128333333333334,0.6010286243457297,0.5157227272727273,0.5993071577881741,0.32629166666666665,resnet32,0.328,0.326,3.858527706089345,3.7577200186523525,0.10080768438373608,resnet32,0.3125,0.3054,3.853740360926498,3.7495298957960173,0.10421046731062233,resnet32,0.3348,0.3342,3.8511445457962425,3.748508345674385,0.10263619709505954,resnet32,0.3325,0.3232,3.832500293512236,3.730774065310305,0.10172622436022555,resnet32,0.3406,0.3316,3.840332729233937,3.7393335435878146,0.10099918485238132,resnet32,0.3293,0.3256,3.840588575737043,3.74120163612745,0.09938694267872382,resnet32,0.3161,0.3046,3.855598872019486,3.753921197896654,0.10167767215435478,resnet32,0.329,0.3136,3.8466144641014663,3.7450787248936566,0.1015357427214357,resnet32,0.345,0.3316,3.8519565168429506,3.7480069398880005,0.10394957697611641,resnet32,0.3265,0.3102,3.851234541359273,3.749795423989946,0.10143911648033695,resnet32,0.2912,0.2938,3.840501504188234,3.741361503573981,0.09914000444537537,resnet32,0.33,0.3176,3.8386191244829786,3.7359018132767896,0.1027173112379387,4500000.0,5000.0,18010000.0,1080600000.0,12967200000.0
resnet32x12_cifar100_K12_mwmd1_noise40_seed0004_d011,d011,resnet32:12,cifar100,12,matched,mwmd1,peers,4,200,64,0.1,0.9,0.0005,True,0,60,0.1,1.0,1,,disagreement,1.0,1,0.0,0.5,weight,complete,0.4,0.398956,42,0,45000,5000,10000,5640048,60,0.010000000000000002,1,101.97,0.4870583333333333,0.004284751710685484,0.4791,0.4957,0.5085,0.021441666666666637,0.47936666666666666,0.5006,0.287739393939394,0.7485239499720326,0.2824545454545455,0.7540278861554623,0.4870583333333333,resnet32,0.4791,0.467,3.6152262206781995,3.5394610312174666,0.07576519015922466,resnet32,0.489,0.4782,3.6064682101661507,3.5322309041565116,0.0742373073589988,resnet32,0.4816,0.4686,3.6054231571880253,3.528633891520175,0.07678926568372514,resnet32,0.4957,0.492,3.5733506879345938,3.5015988410873846,0.07175184718587181,resnet32,0.4889,0.4848,3.585847982290116,3.514052613553676,0.07179536568847569,resnet32,0.489,0.4818,3.594731632958759,3.518892405385321,0.07583922721890056,resnet32,0.482,0.48,3.607360380955718,3.5330477275631647,0.07431265348251062,resnet32,0.4865,0.4788,3.59381575408307,3.5220178799195723,0.07179787569806319,resnet32,0.4904,0.4756,3.6012041480703787,3.524216303771192,0.07698784904046492,resnet32,0.4861,0.4796,3.600485083731738,3.5237033167345957,0.0767817631977695,resnet32,0.4875,0.4826,3.597658120773055,3.520668543197892,0.07698957472827962,resnet32,0.4889,0.4834,3.5865878445858304,3.5149286910891533,0.07165915316859768,4500000.0,5000.0,18010000.0,1098610000.0,13183320000.0
resnet32x12_cifar100_K12_mwmd1_noise40_seed0004_d011,d011,resnet32:12,cifar100,12,matched,mwmd1,peers,4,200,64,0.1,0.9,0.0005,True,0,60,0.1,1.0,1,,disagreement,1.0,1,0.0,0.5,weight,complete,0.4,0.398956,42,0,45000,5000,10000,5640048,61,0.010000000000000002,1,101.68,0.4979833333333334,0.005714722701545153,0.4862,0.5078,0.519,0.021016666666666628,0.48623333333333335,0.508,0.28083636363636366,0.7550830107561759,0.28121969696969706,0.7531790620825662,0.4979833333333334,resnet32,0.4862,0.4738,3.5433954884382812,3.464368927546523,0.0790265634528954,resnet32,0.4975,0.48,3.5368803038515826,3.4576042633165014,0.07927603882589293,resnet32,0.4938,0.478,3.5334897342730653,3.4559825496240095,0.07750718600899828,resnet32,0.5078,0.4954,3.5035161206668075,3.4243397390977903,0.07917638478631323,resnet32,0.5037,0.492,3.5167257528413427,3.4399133673445745,0.07681238095127893,resnet32,0.4954,0.4904,3.5233678103170614,3.4439348426054823,0.07943296757399697,resnet32,0.4983,0.4842,3.534134941006249,3.4573630206286907,0.07677192022939297,resnet32,0.4988,0.4852,3.5263691043311898,3.4474071186374533,0.07896198287860236,resnet32,0.4903,0.4766,3.5304831838743254,3.4529150758277285,0.07756810841700909,resnet32,0.4996,0.488,3.530395405536348,3.4515214179727165,0.07887399063805457,resnet32,0.5031,0.497,3.5224755098196594,3.443664192476056,0.0788113116339611,resnet32,0.5013,0.4942,3.5192902816290204,3.4400089027529415,0.07928137833633545,4500000.0,5000.0,18010000.0,1116620000.0,13399440000.0
resnet32x12_cifar100_K12_mwmd1_noise40_seed0004_d011,d011,resnet32:12,cifar100,12,matched,mwmd1,peers,4,200,64,0.1,0.9,0.0005,True,0,60,0.1,1.0,1,,disagreement,1.0,1,0.0,0.5,weight,complete,0.4,0.398956,42,0,45000,5000,10000,5640048,62,0.010000000000000002,1,101.88,0.5086499999999999,0.00597906068431042,0.494,0.5195,0.5322,0.02355000000000007,0.49665,0.5234,0.27708787878787877,0.7482650158911993,0.27299848484848493,0.7543995729815449,0.5086499999999999,resnet32,0.494,0.4868,3.5132078890773384,3.4324858456172724,0.08072204040151766,resnet32,0.51,0.4958,3.5053949833593587,3.42582633447918,0.0795686471868645,resnet32,0.5019,0.4906,3.5012307573448527,3.4193393154577776,0.08189143881794404,resnet32,0.5195,0.506,3.4769659032198517,3.392730921168219,0.0842349786808799,resnet32,0.5124,0.507,3.488028151745146,3.4075156809254126,0.08051247013711625,resnet32,0.5115,0.4972,3.490178293125196,3.4081677760590208,0.0820105173625052,resnet32,0.5051,0.4916,3.509768819605762,3.4257609813728114,0.08400783651847053,resnet32,0.5107,0.4974,3.495606143027544,3.4147277758880095,0.08087837102886458,resnet32,0.5108,0.4918,3.498798367652026,3.4183313592591067,0.08046700490045954,resnet32,0.5086,0.4956,3.498413274572654,3.417644540694627,0.08076873599466952,resnet32,0.511,0.5012,3.4936581914397804,3.414057392288338,0.07960079349471595,resnet32,0.5083,0.4988,3.4870097454298628,3.406087297607552,0.08092244742544029,4500000.0,5000.0,18010000.0,1134630000.0,13615560000.0
resnet32x12_cifar100_K12_mwmd1_noise40_seed0004_d011,d011,resnet32:12,cifar100,12,matched,mwmd1,peers,4,200,64,0.1,0.9,0.0005,True,0,60,0.1,1.0,1,,disagreement,1.0,1,0.0,0.5,weight,complete,0.4,0.398956,42,0,45000,5000,10000,5640048,63,0.010000000000000002,1,101.64,0.510775,0.00510589936576636,0.5034,0.5201,0.5357,0.024924999999999975,0.5019333333333333,0.5308,0.2912151515151516,0.7331115038295305,0.2855257575757575,0.7366342630857818,0.510775,resnet32,0.5046,0.4918,3.491732203147628,3.408672125840729,0.08306007832288742,resnet32,0.512,0.4972,3.489111941646446,3.4029376283288,0.08617431416430256,resnet32,0.5047,0.4994,3.4827171848578886,3.397621112452312,0.08509607462805104,resnet32,0.5201,0.5166,3.4561278647319837,3.369554462080652,0.08657339804763482,resnet32,0.5163,0.5068,3.469949796795845,3.3846888620067728,0.08526093497957019,resnet32,0.5121,0.5088,3.4724008881232957,3.383968497203155,0.08843239412685348,resnet32,0.5034,0.4954,3.493678555908528,3.4053365432403306,0.08834201473192396,resnet32,0.5077,0.492,3.479051664810289,3.3928041234612465,0.08624754682056267,resnet32,0.517,0.504,3.4853304072537203,3.39711220189929,0.08821820756632158,resnet32,0.5074,0.5032,3.4817639074542304,3.393657795746218,0.0881061117080125,resnet32,0.5118,0.5046,3.4738844125108286,3.390709551559253,0.08317486280892891,resnet32,0.5122,0.5034,3.4715571823445233,3.3851627595722675,0.08639441842255606,4500000.0,5000.0,18010000.0,1152640000.0,13831680000.0
resnet32x12_cifar100_K12_mwmd1_noise40_seed0004_d011,d011,resnet32:12,cifar100,12,matched,mwmd1,peers,4,200,64,0.1,0.9,0.0005,True,0,60,0.1,1.0,1,,disagreement,1.0,1,0.0,0.5,weight,complete,0.4,0.398956,42,0,45000,5000,10000,5640048,64,0.010000000000000002,1,101.84,0.516,0.006087144924620504,0.5061,0.5277,0.5391,0.02310000000000001,0.5033333333333334,0.5274,0.2921515151515152,0.7309490745340446,0.2888303030303031,0.7371511305347925,0.516,resnet32,0.5061,0.4966,3.4805096005174248,3.3906628475947813,0.08984675330363891,resnet32,0.5226,0.5052,3.4775912636383013,3.386732669039206,0.09085859300103039,resnet32,0.5135,0.4914,3.4717405854978343,3.3811716447499665,0.09056894032453949,resnet32,0.5277,0.5124,3.4449958201836455,3.354038545692509,0.0909572722686624,resnet32,0.5232,0.5026,3.459535103629936,3.3685099662027578,0.09102513862308115,resnet32,0.5174,0.5096,3.4606881754642185,3.368231974203478,0.09245620299109512,resnet32,0.514,0.4966,3.4790267910469663,3.386692478236827,0.09233430641258812,resnet32,0.5111,0.5034,3.4658419740470974,3.3752746534618465,0.09056732721034098,resnet32,0.5089,0.4986,3.4673909172415733,3.379554183307019,0.08783673594536429,resnet32,0.5117,0.5052,3.4679415188729763,3.377570850943977,0.09037066451062194,resnet32,0.5169,0.5098,3.4635706953704357,3.3757723326032814,0.08779836432288655,resnet32,0.5189,0.5086,3.4564725384116173,3.3664198223162782,0.0900527186141434,4500000.0,5000.0,18010000.0,1170650000.0,14047800000.0
resnet32x12_cifar100_K12_mwmd1_noise40_seed0004_d011,d011,resnet32:12,cifar100,12,matched,mwmd1,peers,4,200,64,0.1,0.9,0.0005,True,0,60,0.1,1.0,1,,disagreement,1.0,1,0.0,0.5,weight,complete,0.4,0.398956,42,0,45000,5000,10000,5640048,65,0.010000000000000002,1,102.05,0.5221416666666666,0.005490364033670458,0.5112,0.5327,0.55,0.02785833333333343,0.5128833333333335,0.5422,0.2958242424242424,0.7263429483774233,0.2953924242424243,0.727537559493564,0.5221416666666666,resnet32,0.5164,0.5096,3.469174949960275,3.3750524646179243,0.09412248641125519,resnet32,0.5152,0.5046,3.4646295356479557,3.371433224867691,0.09319631188091906,resnet32,0.5215,0.5092,3.4608321989124473,3.36768681386655,0.09314538831610909,resnet32,0.5327,0.5266,3.4315589026293973,3.3378746025264263,0.09368430002888833,resnet32,0.5257,0.5128,3.4433524771170183,3.3503997891464015,0.09295268406541171,resnet32,0.5246,0.514,3.447360148484057,3.352919290350242,0.09444085567850959,resnet32,0.5112,0.5048,3.4660250199112026,3.371681895784356,0.09434311659159986,resnet32,0.5251,0.5072,3.4564286781982942,3.362148966301571,0.09427971554793078,resnet32,0.5211,0.513,3.4619718092409046,3.367023836482655,0.09494797314982861,resnet32,0.5216,0.5106,3.4546197199008684,3.3618896430866285,0.09273007755506445,resnet32,0.525,0.5224,3.452726262875579,3.3595204664902254,0.09320579625835473,resnet32,0.5256,0.5198,3.4499161392450333,3.354815572161566,0.09510056835345247,4500000.0,5000.0,18010000.0,1188660000.0,14263920000.0
resnet32x12_cifar100_K12_mwmd1_noise40_seed0004_d011,d011,resnet32:12,cifar100,12,matched,mwmd1,peers,4,200,64,0.1,0.9,0.0005,True,0,60,0.1,1.0,1,,disagreement,1.0,1,0.0,0.5,weight,complete,0.4,0.398956,42,0,45000,5000,10000,5640048,66,0.010000000000000002,1,101.97,0.5192083333333332,0.0068871206287937,0.5045,0.5321,0.5468,0.027591666666666792,0.5121333333333332,0.538,0.3012030303030303,0.7193268668667308,0.3037227272727273,0.7186253674041717,0.5192083333333332,resnet32,0.5045,0.5074,3.4660837328569456,3.366923003711484,0.09916073101869022,resnet32,0.5218,0.5058,3.4617701050910084,3.360570616004142,0.1011994872930121,resnet32,0.5226,0.511,3.4573420306498353,3.3560234988954933,0.10131853289203718,resnet32,0.5321,0.5254,3.426803071390499,3.327571215616031,0.09923185465264726,resnet32,0.5211,0.5144,3.4384904131293297,3.340211107988249,0.09827930262227627,resnet32,0.5189,0.5124,3.4401171789927916,3.3410116674547847,0.09910551100884649,resnet32,0.5154,0.505,3.4645821292969314,3.364899735220454,0.09968239081684839,resnet32,0.5186,0.5068,3.448393814604391,3.3502244139936836,0.09816940200769088,resnet32,0.5177,0.5104,3.4553163217549976,3.3559210649268194,0.09939525398129428,resnet32,0.5112,0.5108,3.450244614346461,3.35104176774621,0.0992028480713171,resnet32,0.5183,0.5168,3.4477708004415035,3.348159786313772,0.0996110172497786,resnet32,0.5283,0.5194,3.4429543048820714,3.3435702723535625,0.09938403064469722,4500000.0,5000.0,18010000.0,1206670000.0,14480040000.0
resnet32x12_cifar100_K12_mwmd1_noise40_seed0004_d011,d011,resnet32:12,cifar100,12,matched,mwmd1,peers,4,200,64,0.1,0.9,0.0005,True,0,60,0.1,1.0,1,,disagreement,1.0,1,0.0,0.5,weight,complete,0.4,0.398956,42,0,45000,5000,10000,5640048,67,0.010000000000000002,1,102.07,0.5165333333333334,0.007659344329350628,0.5033,0.5281,0.548,0.03146666666666664,0.5040333333333334,0.5372,0.31447878787878786,0.7077093609514526,0.31312121212121224,0.7083110784780706,0.5165333333333334,resnet32,0.5094,0.5044,3.4603124284608797,3.354084984822707,0.10622744379692119,resnet32,0.5168,0.4948,3.456871720877561,3.3528542308644815,0.10401748939925297,resnet32,0.5033,0.4858,3.450993127104911,3.3481016484173862,0.10289147767153653,resnet32,0.5253,0.5104,3.424614830450578,3.3179161253977907,0.1066987079102546,resnet32,0.5229,0.5088,3.4374846985394303,3.3332091217691246,0.10427557254760442,resnet32,0.5281,0.5122,3.4335517937486824,3.329287730496038,0.10426406437446448,resnet32,0.5164,0.5098,3.460109766234051,3.3536236140538347,0.10648615372536535,resnet32,0.5037,0.4914,3.444496214389801,3.339666881683198,0.10482933787121014,resnet32,0.5157,0.498,3.447583142329346,3.3447036902335556,0.10287945371502163,resnet32,0.5169,0.5076,3.4469556910070507,3.34057195213708,0.1063837402246215,resnet32,0.5156,0.5136,3.4445864842696623,3.3399451107464055,0.10464137072928927,resnet32,0.5243,0.5116,3.4386434893716467,3.3345733603293244,0.1040701277300038,4500000.0,5000.0,18010000.0,1224680000.0,14696160000.0
resnet32x12_cifar100_K12_mwmd1_noise40_seed0004_d011,d011,resnet32:12,cifar100,12,matched,mwmd1,peers,4,200,64,0.1,0.9,0.0005,True,0,60,0.1,1.0,1,,disagreement,1.0,1,0.0,0.5,weight,complete,0.4,0.398956,42,0,45000,5000,10000,5640048,68,0.010000000000000002,1,101.65,0.5122333333333333,0.008541304870386549,0.4983,0.5263,0.5469,0.034666666666666734,0.49839999999999995,0.5318,0.32726666666666654,0.7017488758653853,0.3220242424242423,0.7056149382064784,0.5122333333333333,resnet32,0.5022,0.4968,3.455107901922681,3.3478074842555956,0.10730041679926217,resnet32,0.5097,0.4944,3.455502835187045,3.344121925532818,0.11138091034213589,resnet32,0.4983,0.49,3.44545795599168,3.3380341292782263,0.10742382566571575,resnet32,0.5263,0.512,3.4163616746664047,3.3075270883061667,0.10883458165070889,resnet32,0.5083,0.496,3.430806705220179,3.323406511748379,0.10740018968301063,resnet32,0.5237,0.5038,3.4326085488904607,3.320786568590186,0.11182197783438658,resnet32,0.5077,0.4948,3.457985579967499,3.347447511147369,0.11053806544408541,resnet32,0.5178,0.5016,3.442182799631899,3.331620425663211,0.11056237590541555,resnet32,0.5087,0.4944,3.445159138603644,3.3366502736779777,0.10850886390967802,resnet32,0.5073,0.4938,3.441740893843499,3.3333939252929254,0.10834696534386073,resnet32,0.5127,0.5008,3.4387065307660536,3.330263712189414,0.10844282028053633,resnet32,0.5241,0.5024,3.430532943457365,3.323147863149643,0.10738508441400799,4500000.0,5000.0,18010000.0,1242690000.0,14912280000.0
resnet32x12_cifar100_K12_mwmd1_noise40_seed0004_d011,d011,resnet32:12,cifar100,12,matched,mwmd1,peers,4,200,64,0.1,0.9,0.0005,True,0,60,0.1,1.0,1,,disagreement,1.0,1,0.0,0.5,weight,complete,0.4,0.398956,42,0,45000,5000,10000,5640048,69,0.010000000000000002,1,101.76,0.524025,0.006993464210723232,0.5115,0.5383,0.5617,0.037675000000000014,0.5147999999999999,0.5436,0.31787575757575753,0.7025406799070654,0.31713787878787886,0.7035595811934926,0.524025,resnet32,0.5115,0.5052,3.446117428893393,3.3358844210478393,0.11023300499866971,resnet32,0.5182,0.512,3.447419156066396,3.3349656364457174,0.11245351893276992,resnet32,0.5218,0.5166,3.4374745447527277,3.328190213577314,0.10928433004301041,resnet32,0.5313,0.521,3.414810967377641,3.299330284988338,0.11548068557484922,resnet32,0.5271,0.5168,3.4246690893037752,3.314622425897555,0.1100466660308567,resnet32,0.5248,0.5208,3.4213104024529457,3.311033684760332,0.11027671440123496,resnet32,0.5158,0.5008,3.448515338315205,3.333470928059383,0.11504441004415805,resnet32,0.5197,0.5052,3.4343889077956025,3.3238485574044963,0.11054034915287048,resnet32,0.5259,0.5118,3.4375684535638853,3.328298385170373,0.10927006505980072,resnet32,0.524,0.5188,3.43535334921696,3.3241788040507925,0.11117454533549873,resnet32,0.5299,0.5222,3.431186679412018,3.32002646679228,0.11116021663077515,resnet32,0.5383,0.5264,3.4285892095755446,3.315900518135591,0.11268868923864582,4500000.0,5000.0,18010000.0,1260700000.0,15128400000.0
resnet32x12_cifar100_K12_mwmd1_noise40_seed0004_d011,d011,resnet32:12,cifar100,12,matched,mwmd1,peers,4,200,64,0.1,0.9,0.0005,True,0,60,0.1,1.0,1,,disagreement,1.0,1,0.0,0.5,weight,complete,0.4,0.398956,42,0,45000,5000,10000,5640048,70,0.010000000000000002,1,102.14,0.515725,0.007964517666919102,0.4994,0.5287,0.5501,0.034375000000000044,0.5071833333333333,0.5406,0.3206848484848485,0.6982025144029701,0.3183136363636363,0.7043135189629877,0.515725,resnet32,0.5109,0.505,3.444129882211035,3.3291254548186604,0.11500442668329924,resnet32,0.5049,0.4986,3.4415294975042343,3.3236138871447607,0.11791560562877831,resnet32,0.5152,0.5034,3.4339222745461897,3.317715645513751,0.11620663050350478,resnet32,0.5253,0.5202,3.408547980541533,3.291406984017654,0.11714100005867129,resnet32,0.5221,0.5138,3.4185664142397316,3.302252938801592,0.1163134744221514,resnet32,0.5287,0.5182,3.420513044365428,3.305137411437251,0.11537563216618517,resnet32,0.4994,0.4902,3.4473629380491646,3.329279923303561,0.11808301695749503,resnet32,0.5125,0.5026,3.431296564299952,3.3145870302211153,0.11670953586739911,resnet32,0.5126,0.5024,3.4344099658456715,3.320632130246271,0.11377783344042572,resnet32,0.5192,0.5136,3.428736894984137,3.314966255290942,0.11377064081501555,resnet32,0.5193,0.517,3.4239570186896757,3.309159663251855,0.11479735822120513,resnet32,0.5186,0.5012,3.4199147989804093,3.305105237120932,0.1148095599968325,4500000.0,5000.0,18010000.0,1278710000.0,15344520000.0
resnet32x12_cifar100_K12_mwmd1_noise40_seed0004_d011,d011,resnet32:12,cifar100,12,matched,mwmd1,peers,4,200,64,0.1,0.9,0.0005,True,0,60,0.1,1.0,1,,disagreement,1.0,1,0.0,0.5,weight,complete,0.4,0.398956,42,0,45000,5000,10000,5640048,71,0.010000000000000002,1,102.18,0.5169750000000001,0.006251549807847637,0.5066,0.5306,0.5501,0.03312499999999996,0.5106666666666667,0.5456,0.3238151515151515,0.7024175054468638,0.32279545454545455,0.7046294261779322,0.5169750000000001,resnet32,0.5066,0.4976,3.4394768842241983,3.3216256228360264,0.11785125844603912,resnet32,0.5133,0.5052,3.438722240992568,3.3181300393559714,0.12059219980570064,resnet32,0.51,0.505,3.4326205985112623,3.3140740946612577,0.11854650400875305,resnet32,0.5306,0.519,3.405169389803301,3.2839424599978058,0.12122693136122754,resnet32,0.5219,0.5136,3.4169550805606623,3.2986440397799015,0.11831103736238385,resnet32,0.515,0.51,3.421389199454676,3.300275956703858,0.1211132442959669,resnet32,0.5112,0.514,3.443557471036911,3.3226377699862826,0.12091970148453997,resnet32,0.5176,0.5098,3.4295954944735225,3.3099454045295715,0.11965008865279908,resnet32,0.5162,0.514,3.4339044696905394,3.3143928958611055,0.11951157550158148,resnet32,0.5176,0.5072,3.4305309446697887,3.312414309179241,0.11811663605145771,resnet32,0.5206,0.5202,3.424986168403517,3.3064356541091744,0.11855051854879341,resnet32,0.5231,0.5124,3.420226866210049,3.301902088251981,0.11832477886822414,4500000.0,5000.0,18010000.0,1296720000.0,15560640000.0
resnet32x12_cifar100_K12_mwmd1_noise40_seed0004_d011,d011,resnet32:12,cifar100,12,matched,mwmd1,peers,4,200,64,0.1,0.9,0.0005,True,0,60,0.1,1.0,1,,disagreement,1.0,1,0.0,0.5,weight,complete,0.4,0.398956,42,0,45000,5000,10000,5640048,72,0.010000000000000002,1,101.69,0.5069416666666667,0.0094871367592593,0.4833,0.5187,0.5473,0.040358333333333274,0.5022333333333333,0.539,0.34425757575757565,0.6816871741919517,0.340159090909091,0.6890532197289604,0.5069416666666667,resnet32,0.5159,0.5122,3.437549702484499,3.3140938867899505,0.12345581058285791,resnet32,0.502,0.4986,3.4363650449297647,3.31319297850132,0.12317206552887167,resnet32,0.5077,0.505,3.42444714971564,3.306209322065115,0.11823782563971524,resnet32,0.513,0.5014,3.398424986072562,3.277448269115253,0.12097671585665508,resnet32,0.5067,0.5018,3.4124309000643818,3.290729553184726,0.12170134527100758,resnet32,0.5187,0.5142,3.410077325661074,3.2893505966798826,0.12072673099200157,resnet32,0.4977,0.4938,3.441384470936927,3.317451633512974,0.12393284000625665,resnet32,0.4833,0.4726,3.4210594736716966,3.2994096756658773,0.12164979944513603,resnet32,0.5118,0.5038,3.4291298443620857,3.305858477272771,0.12327136992561546,resnet32,0.5069,0.5044,3.427230354059826,3.3033316545188427,0.12389869913882152,resnet32,0.5022,0.5026,3.4187074124135752,3.300436149266633,0.118271262078038,resnet32,0.5174,0.5164,3.419180726801807,3.2955311753533105,0.12364955404138361,4500000.0,5000.0,18010000.0,1314730000.0,15776760000.0
resnet32x12_cifar100_K12_mwmd1_noise40_seed0004_d011,d011,resnet32:12,cifar100,12,matched,mwmd1,peers,4,200,64,0.1,0.9,0.0005,True,0,60,0.1,1.0,1,,disagreement,1.0,1,0.0,0.5,weight,complete,0.4,0.398956,42,0,45000,5000,10000,5640048,73,0.010000000000000002,1,102.26,0.5159166666666667,0.007194307162997382,0.5053,0.5316,0.5568,0.04088333333333327,0.50795,0.5446,0.33912727272727256,0.6710645622400512,0.33975909090909096,0.6823015507045799,0.5159166666666667,resnet32,0.5095,0.5004,3.4402348683639006,3.3147621882910077,0.12547268149104307,resnet32,0.5085,0.4972,3.4379230050200764,3.3133822621946987,0.1245407435132868,resnet32,0.5098,0.4984,3.4326801980760964,3.3091785227033226,0.12350168035746636,resnet32,0.5316,0.5226,3.405645027418028,3.278035206212239,0.12760982031679965,resnet32,0.5257,0.514,3.418891806155443,3.293030983683738,0.12586082289503378,resnet32,0.5206,0.5122,3.421555168926716,3.294544566422701,0.12701060154094276,resnet32,0.5161,0.5042,3.4447335478934376,3.31746538288214,0.12726816604845226,resnet32,0.5162,0.5008,3.425017388368195,3.3016277602450415,0.12338963040912693,resnet32,0.5053,0.5048,3.4355723421004685,3.3089965561574157,0.12657578450373627,resnet32,0.5148,0.5124,3.4301022287796843,3.3061668662862345,0.1239353648852557,resnet32,0.5143,0.5066,3.424955254928632,3.3003086180172185,0.12464664009696041,resnet32,0.5186,0.5218,3.4189127544787796,3.2947192385115405,0.12419351663398133,4500000.0,5000.0,18010000.0,1332740000.0,15992880000.0
resnet32x12_cifar100_K12_mwmd1_noise40_seed0004_d011,d011,resnet32:12,cifar100,12,matched,mwmd1,peers,4,200,64,0.1,0.9,0.0005,True,0,60,0.1,1.0,1,,disagreement,1.0,1,0.0,0.5,weight,complete,0.4,0.398956,42,0,45000,5000,10000,5640048,74,0.010000000000000002,1,102.13,0.5062916666666667,0.0067352874639633725,0.4989,0.5225,0.5451,0.038808333333333334,0.5045833333333333,0.545,0.3420181818181818,0.687342300639868,0.3466333333333333,0.6807661829072861,0.5062916666666667,resnet32,0.5032,0.4988,3.4368303932926874,3.312326202677055,0.12450418853073973,resnet32,0.5012,0.492,3.4395353204824706,3.311781993982467,0.12775332658466967,resnet32,0.5021,0.501,3.427831294184381,3.3028214963322338,0.12500979732298714,resnet32,0.5225,0.5214,3.399698969315399,3.2701425427062945,0.12955642779442397,resnet32,0.5135,0.5106,3.4185084243389694,3.288467835296284,0.13004058922259984,resnet32,0.5052,0.506,3.4127091081304983,3.284524654461579,0.12818445729896089,resnet32,0.51,0.5056,3.4408894164318387,3.310866594653238,0.1300228228475052,resnet32,0.5067,0.503,3.427000884305347,3.2978954274546015,0.12910545587709005,resnet32,0.4989,0.497,3.4273597953671757,3.3023004938255656,0.12505930505523627,resnet32,0.5119,0.5106,3.425123818218708,3.300471446392211,0.12465237310706553,resnet32,0.5002,0.5058,3.421990466388789,3.2960961870849133,0.12589427836197006,resnet32,0.5001,0.5032,3.4132712168449704,3.2873552069067955,0.1259160097159276,4500000.0,5000.0,18010000.0,1350750000.0,16209000000.0
resnet32x12_cifar100_K12_mwmd1_noise40_seed0004_d011,d011,resnet32:12,cifar100,12,matched,mwmd1,peers,4,200,64,0.1,0.9,0.0005,True,0,60,0.1,1.0,1,,disagreement,1.0,1,0.0,0.5,weight,complete,0.4,0.398956,42,0,45000,5000,10000,5640048,75,0.010000000000000002,1,101.92,0.5227916666666665,0.006172851628074527,0.5145,0.5348,0.5632,0.04040833333333349,0.5151833333333333,0.554,0.34256060606060607,0.6772078524847573,0.34344545454545455,0.6765631563893049,0.5227916666666665,resnet32,0.5159,0.5146,3.431003875014457,3.3003999177705157,0.13060395946641537,resnet32,0.5167,0.5082,3.431519928642295,3.298702498051253,0.13281742869664662,resnet32,0.5155,0.5124,3.4266381240026518,3.293979758566076,0.13265836448408663,resnet32,0.5348,0.5274,3.392901559106328,3.259621447121555,0.13328011557248168,resnet32,0.5301,0.5238,3.4050183252177457,3.276772893287919,0.12824543041642755,resnet32,0.5221,0.5072,3.4139556305652317,3.279583330520175,0.1343722988279875,resnet32,0.5229,0.5126,3.436221570115198,3.302070514722304,0.13415105526589535,resnet32,0.5282,0.5204,3.4208483049138025,3.287654881450263,0.1331934236117046,resnet32,0.5145,0.5068,3.420518585565415,3.290539202365008,0.12997938327448952,resnet32,0.5223,0.5094,3.418963609771295,3.2908657010306013,0.12809791102666745,resnet32,0.5276,0.5236,3.4143837436356326,3.284321005032821,0.1300627401691269,resnet32,0.5229,0.5158,3.410554947839542,3.279623495922847,0.13093145317609675,4500000.0,5000.0,18010000.0,1368760000.0,16425120000.0
resnet32x12_cifar100_K12_mwmd1_noise40_seed0004_d011,d011,resnet32:12,cifar100,12,matched,mwmd1,peers,4,200,64,0.1,0.9,0.0005,True,0,60,0.1,1.0,1,,disagreement,1.0,1,0.0,0.5,weight,complete,0.4,0.398956,42,0,45000,5000,10000,5640048,76,0.010000000000000002,1,101.88,0.5199083333333334,0.0054009965644211365,0.51,0.5278,0.5607,0.04079166666666656,0.5194666666666667,0.5612,0.33610909090909097,0.6793930274572493,0.3426666666666666,0.677990499282442,0.5199083333333334,resnet32,0.5191,0.529,3.4280260879207742,3.292778604748574,0.13524747741493312,resnet32,0.5278,0.5206,3.427493936974894,3.292937474155968,0.1345564640465785,resnet32,0.51,0.5118,3.4177686036987738,3.2838418185710907,0.13392678170930594,resnet32,0.5236,0.5196,3.3910266259177164,3.25516315177083,0.13586347756526349,resnet32,0.5242,0.525,3.4024586989121004,3.2675597847185354,0.13489891443697904,resnet32,0.5238,0.5258,3.402961808510802,3.2699912454594267,0.13297056506218558,resnet32,0.5156,0.5094,3.431738469749689,3.2979382313787937,0.13380024160935797,resnet32,0.5128,0.5166,3.41470850055868,3.2818816751241684,0.13282682428094136,resnet32,0.5264,0.5194,3.4178014671937986,3.2861986813897435,0.1316027777184817,resnet32,0.5155,0.5136,3.4145443707027217,3.2815940383483064,0.13295033019544047,resnet32,0.5224,0.5212,3.4142426425083117,3.2813054760071365,0.13293716503010894,resnet32,0.5177,0.5216,3.4048591720109638,3.2730082497000694,0.13185092163356868,4500000.0,5000.0,18010000.0,1386770000.0,16641240000.0
resnet32x12_cifar100_K12_mwmd1_noise40_seed0004_d011,d011,resnet32:12,cifar100,12,matched,mwmd1,peers,4,200,64,0.1,0.9,0.0005,True,0,60,0.1,1.0,1,,disagreement,1.0,1,0.0,0.5,weight,complete,0.4,0.398956,42,0,45000,5000,10000,5640048,77,0.010000000000000002,1,102.4,0.5169916666666666,0.0046474828910091,0.5112,0.5269,0.5577,0.040708333333333346,0.5042000000000001,0.5414,0.3467666666666665,0.6829483781188065,0.3453454545454546,0.6796499629092088,0.5169916666666666,resnet32,0.5118,0.499,3.4214395819739862,3.285463401878422,0.13597617905840956,resnet32,0.5135,0.5024,3.424479714171453,3.286689989946105,0.13778972583399576,resnet32,0.5147,0.4958,3.4147333932871167,3.2798706337132235,0.13486276467500086,resnet32,0.5269,0.5142,3.3877230032601138,3.249694576317614,0.1380284250163558,resnet32,0.5138,0.5012,3.4013269641859964,3.2652913721447643,0.13603559497278184,resnet32,0.5146,0.5006,3.4042324674400417,3.2677805792878973,0.1364518875171515,resnet32,0.5227,0.5122,3.4332603527741,3.29462198743766,0.13863836562218654,resnet32,0.5184,0.511,3.4092565558173438,3.2731669528240506,0.13608960078140211,resnet32,0.5201,0.5026,3.4162716675888407,3.2814306792887775,0.1348409892419692,resnet32,0.5213,0.5092,3.4203349754891614,3.2823957221751865,0.13793925172649324,resnet32,0.5112,0.5002,3.4166640642691744,3.279102947562933,0.13756111515050923,resnet32,0.5149,0.502,3.4090297039259565,3.270253926854242,0.13877577895552598,4500000.0,5000.0,18010000.0,1404780000.0,16857360000.0
resnet32x12_cifar100_K12_mwmd1_noise40_seed0004_d011,d011,resnet32:12,cifar100,12,matched,mwmd1,peers,4,200,64,0.1,0.9,0.0005,True,0,60,0.1,1.0,1,,disagreement,1.0,1,0.0,0.5,weight,complete,0.4,0.398956,42,0,45000,5000,10000,5640048,78,0.010000000000000002,1,102.32,0.5147750000000001,0.008338477578870952,0.5028,0.5318,0.5596,0.04482499999999989,0.5042666666666668,0.5506,0.36645151515151514,0.657146789628059,0.3674454545454546,0.6581097272068656,0.5147750000000001,resnet32,0.5085,0.5012,3.4173621894283728,3.2822481508959425,0.13511404324195941,resnet32,0.508,0.497,3.420026238330386,3.2795346816155044,0.14049155826003037,resnet32,0.519,0.5002,3.409000337801196,3.2713855819945987,0.137614758473567,resnet32,0.5318,0.5232,3.382380200041966,3.2409815646030684,0.14139863560822877,resnet32,0.5189,0.5096,3.3976602117446335,3.260658699341796,0.13700151062485846,resnet32,0.5054,0.5004,3.3964427316730674,3.2608299543234436,0.13561277649238368,resnet32,0.5028,0.4952,3.424741615625945,3.287181845442815,0.13755977199285885,resnet32,0.5173,0.505,3.409219041805376,3.269583160904321,0.13963587750384415,resnet32,0.509,0.4924,3.4119135568087753,3.2753619128330187,0.1365516480079598,resnet32,0.5156,0.498,3.4085438190536066,3.272097101265734,0.1364467165919698,resnet32,0.5139,0.5096,3.4036008390513333,3.2669612006707625,0.13663963610518046,resnet32,0.5271,0.5194,3.404240311885422,3.2644969990307633,0.13974331573329188,4500000.0,5000.0,18010000.0,1422790000.0,17073480000.0
resnet32x12_cifar100_K12_mwmd1_noise40_seed0004_d011,d011,resnet32:12,cifar100,12,matched,mwmd1,peers,4,200,64,0.1,0.9,0.0005,True,0,60,0.1,1.0,1,,disagreement,1.0,1,0.0,0.5,weight,complete,0.4,0.398956,42,0,45000,5000,10000,5640048,79,0.010000000000000002,1,102.22,0.5167916666666666,0.004331369747422717,0.5076,0.5253,0.5614,0.04460833333333336,0.5133333333333333,0.5572,0.3501848484848484,0.6699656232438226,0.35073030303030306,0.6726908894874284,0.5167916666666666,resnet32,0.5174,0.5132,3.4171552932397886,3.2755931632762607,0.14156212920153682,resnet32,0.5116,0.5046,3.417257408188148,3.277135356244716,0.1401220532663336,resnet32,0.5076,0.51,3.4031419445845215,3.2645889066837053,0.1385530390332199,resnet32,0.519,0.5182,3.3782378259030255,3.235906647010283,0.1423311804273081,resnet32,0.5152,0.5066,3.3912897502834145,3.2507650391622023,0.1405247130791064,resnet32,0.5253,0.5252,3.396425795826045,3.257109537043355,0.13931625709995965,resnet32,0.5147,0.5172,3.426092131909999,3.283161894502965,0.14293023946017705,resnet32,0.5194,0.5126,3.40129011801698,3.2621097933839667,0.13918032667557287,resnet32,0.52,0.508,3.4055826911194758,3.267404682256959,0.1381780057087202,resnet32,0.5199,0.5148,3.4110230820422824,3.26831266656518,0.14271041200580922,resnet32,0.5157,0.5172,3.4014347375116567,3.2627549225633796,0.13867981410162014,resnet32,0.5157,0.5124,3.3978783979334612,3.2595343613489107,0.13834403623530472,4500000.0,5000.0,18010000.0,1440800000.0,17289600000.0
resnet32x12_cifar100_K12_mwmd1_noise40_seed0004_d011,d011,resnet32:12,cifar100,12,matched,mwmd1,peers,4,200,64,0.1,0.9,0.0005,True,0,60,0.1,1.0,1,,disagreement,1.0,1,0.0,0.5,weight,complete,0.4,0.398956,42,0,45000,5000,10000,5640048,80,0.010000000000000002,1,101.86,0.52195,0.003422839951463297,0.5169,0.5289,0.5617,0.03974999999999995,0.5124166666666667,0.558,0.35471515151515143,0.6652727100817858,0.3534075757575758,0.6681179660337752,0.52195,resnet32,0.518,0.5088,3.4120400669899853,3.268907092172991,0.14313297428783367,resnet32,0.5212,0.508,3.41610188274221,3.270919115028598,0.14518277128015392,resnet32,0.5169,0.5088,3.4030177620324222,3.261641550809145,0.14137621244034645,resnet32,0.5229,0.5202,3.3736295391890136,3.2316167073493656,0.1420128299664198,resnet32,0.519,0.5096,3.388384861024943,3.2482527050782335,0.14013215665578505,resnet32,0.5201,0.5118,3.388991965827617,3.2472309778359802,0.1417609873883934,resnet32,0.5254,0.5182,3.416900386864489,3.275671585039659,0.14122880273498595,resnet32,0.5257,0.5136,3.4001283669336275,3.2564547922123563,0.14367357157805766,resnet32,0.5244,0.512,3.40715549683029,3.2619319439611654,0.14522355123931033,resnet32,0.5197,0.5062,3.3979564387012613,3.258327637545087,0.1396288025531579,resnet32,0.5212,0.5106,3.3997250355102797,3.2563445947387,0.14338043876076964,resnet32,0.5289,0.5212,3.396571843122894,3.253159211101857,0.1434126338201829,4500000.0,5000.0,18010000.0,1458810000.0,17505720000.0
resnet32x12_cifar100_K12_mwmd1_noise40_seed0004_d011,d011,resnet32:12,cifar100,12,matched,mwmd1,peers,4,200,64,0.1,0.9,0.0005,True,0,60,0.1,1.0,1,,disagreement,1.0,1,0.0,0.5,weight,complete,0.4,0.398956,42,0,45000,5000,10000,5640048,81,0.010000000000000002,1,102.34,0.5064333333333334,0.01378062246618619,0.482,0.5242,0.5541,0.047666666666666635,0.49911666666666665,0.5522,0.37366969696969704,0.6463454625004965,0.3736909090909092,0.649073005422814,0.5064333333333334,resnet32,0.5161,0.5128,3.411223526705395,3.2663759724660353,0.1448475536890328,resnet32,0.482,0.472,3.41272292455489,3.266147384250706,0.1465755409920927,resnet32,0.4851,0.4724,3.4010614664717154,3.2561487792567774,0.14491268806159496,resnet32,0.5242,0.5234,3.370941646058451,3.223921350118789,0.14702029720964757,resnet32,0.5052,0.4996,3.3899039714173838,3.243414993651889,0.146488973447545,resnet32,0.5062,0.5016,3.3891530839556996,3.2429287934845146,0.14622428889428687,resnet32,0.4858,0.476,3.420232406732711,3.2735619524663147,0.14667044736614282,resnet32,0.5102,0.5074,3.395574650642547,3.249397749589248,0.14617690464100716,resnet32,0.5145,0.497,3.401841560548002,3.258617562326518,0.14322399723724547,resnet32,0.5113,0.5036,3.4033367765898053,3.257434480569579,0.14590229532173413,resnet32,0.52,0.5064,3.3935633714903486,3.250346641310237,0.14321673157709566,resnet32,0.5166,0.5172,3.392703207040375,3.246557828716256,0.14614538170016286,4500000.0,5000.0,18010000.0,1476820000.0,17721840000.0
resnet32x12_cifar100_K12_mwmd1_noise40_seed0004_d011,d011,resnet32:12,cifar100,12,matched,mwmd1,peers,4,200,64,0.1,0.9,0.0005,True,0,60,0.1,1.0,1,,disagreement,1.0,1,0.0,0.5,weight,complete,0.4,0.398956,42,0,45000,5000,10000,5640048,82,0.010000000000000002,1,101.52,0.5253333333333333,0.006935937011119853,0.5123,0.5345,0.5716,0.04626666666666668,0.5135833333333334,0.56,0.3604969696969697,0.6607969446517891,0.3573075757575757,0.6662858935961424,0.5253333333333333,resnet32,0.5206,0.5132,3.402240705083717,3.2553849748589774,0.1468557290394198,resnet32,0.5178,0.5094,3.408772127194838,3.2606201852587136,0.14815194114238361,resnet32,0.5345,0.5202,3.4017951000820505,3.251921335065907,0.14987376769369637,resnet32,0.5318,0.521,3.3715427592396736,3.2209543982012705,0.1505883613558994,resnet32,0.5123,0.4974,3.383329412476583,3.235888971523805,0.14744043941821225,resnet32,0.5316,0.522,3.383796613324772,3.2363324487073855,0.1474641680251807,resnet32,0.533,0.513,3.4151765819300306,3.2655044570565224,0.1496721249581738,resnet32,0.5231,0.5182,3.3951924927532673,3.2466631558808414,0.1485293310834095,resnet32,0.5296,0.5134,3.401544174348766,3.254108503799547,0.147435673893514,resnet32,0.5171,0.5042,3.399291967126456,3.2519106939435005,0.14738127665424888,resnet32,0.5239,0.517,3.399379788474603,3.2494365044615487,0.14994328189641237,resnet32,0.5287,0.514,3.3889614391055973,3.2415484484623778,0.14741298759525473,4500000.0,5000.0,18010000.0,1494830000.0,17937960000.0
resnet32x12_cifar100_K12_mwmd1_noise40_seed0004_d011,d011,resnet32:12,cifar100,12,matched,mwmd1,peers,4,200,64,0.1,0.9,0.0005,True,0,60,0.1,1.0,1,,disagreement,1.0,1,0.0,0.5,weight,complete,0.4,0.398956,42,0,45000,5000,10000,5640048,83,0.010000000000000002,1,102.24,0.5232333333333333,0.003928174583130899,0.5165,0.5313,0.5684,0.04516666666666669,0.5142166666666667,0.5568,0.35534545454545463,0.664122369691984,0.3524439393939394,0.6688290330455045,0.5232333333333333,resnet32,0.5165,0.5092,3.4033877822485836,3.255936378443783,0.14745140659876846,resnet32,0.5234,0.515,3.4069897210733457,3.259174654429609,0.14781506432601335,resnet32,0.522,0.5064,3.396589072251862,3.2490120100026783,0.14757706329692155,resnet32,0.5313,0.5234,3.365718172016469,3.214458431032571,0.15125974221155047,resnet32,0.5216,0.5162,3.3786185214465316,3.2312664768912573,0.14735204361336815,resnet32,0.5243,0.521,3.385369914837859,3.236084581098773,0.1492853363743052,resnet32,0.5229,0.5118,3.4133732166479933,3.265330770137635,0.1480424489868297,resnet32,0.5243,0.5216,3.394145578823306,3.243283761495894,0.15086182023779574,resnet32,0.5251,0.5044,3.401625818488273,3.2548750964078037,0.14675072383728216,resnet32,0.5176,0.5138,3.398493544621901,3.249529639766975,0.14896390510892327,resnet32,0.5286,0.5126,3.3913349881768227,3.2444232295859945,0.14691176030530848,resnet32,0.5212,0.5152,3.3850921263748948,3.2378463565625926,0.1472457715691152,4500000.0,5000.0,18010000.0,1512840000.0,18154080000.0
resnet32x12_cifar100_K12_mwmd1_noise40_seed0004_d011,d011,resnet32:12,cifar100,12,matched,mwmd1,peers,4,200,64,0.1,0.9,0.0005,True,0,60,0.1,1.0,1,,disagreement,1.0,1,0.0,0.5,weight,complete,0.4,0.398956,42,0,45000,5000,10000,5640048,84,0.010000000000000002,1,101.46,0.5270666666666667,0.00740724120183907,0.515,0.5404,0.5719,0.04483333333333328,0.5190666666666667,0.5672,0.36455151515151507,0.6495820368705333,0.3615939393939394,0.6547540482780638,0.5270666666666667,resnet32,0.5208,0.5172,3.3985396058044652,3.2517702227289025,0.14676938229240477,resnet32,0.5246,0.5182,3.407617823644118,3.256998210806738,0.15061961476352403,resnet32,0.5213,0.5178,3.4005814093080433,3.250832211226225,0.14974920006087897,resnet32,0.5404,0.5306,3.3711763139475477,3.218372528187253,0.15280379037457434,resnet32,0.5285,0.5206,3.384274144741622,3.2344127534465357,0.14986138613047925,resnet32,0.5332,0.5272,3.3862824094566433,3.2391186038201507,0.1471638104624369,resnet32,0.5262,0.5228,3.4160762036388572,3.265922728248618,0.1501534793060273,resnet32,0.5352,0.5196,3.3993319892747835,3.2482163689353247,0.15111561606384136,resnet32,0.5322,0.522,3.403355497528206,3.253108249469237,0.1502472437198528,resnet32,0.5166,0.499,3.3981983797116713,3.248853500593792,0.14934488211292773,resnet32,0.515,0.5116,3.39620090783997,3.2441382428461853,0.1520626678300852,resnet32,0.5308,0.5222,3.3871400965885683,3.2375755144113842,0.14956457976421172,4500000.0,5000.0,18010000.0,1530850000.0,18370200000.0
resnet32x12_cifar100_K12_mwmd1_noise40_seed0004_d011,d011,resnet32:12,cifar100,12,matched,mwmd1,peers,4,200,64,0.1,0.9,0.0005,True,0,60,0.1,1.0,1,,disagreement,1.0,1,0.0,0.5,weight,complete,0.4,0.398956,42,0,45000,5000,10000,5640048,85,0.010000000000000002,1,102.07,0.5250583333333333,0.0067931900132084935,0.5141,0.5371,0.5722,0.04714166666666675,0.5191333333333333,0.564,0.36202727272727275,0.6541703007765474,0.36523787878787867,0.6524305218002251,0.5250583333333333,resnet32,0.5336,0.5264,3.3989159474996002,3.246212447231466,0.15270350327376614,resnet32,0.5166,0.5098,3.4042374674569476,3.2516016878864984,0.1526357786285437,resnet32,0.5253,0.5158,3.3930937556380574,3.2391015335240145,0.1539922204948115,resnet32,0.5253,0.5184,3.3621085170995104,3.2077524834735827,0.15435603610239923,resnet32,0.5141,0.5144,3.3803076933730734,3.2246754318475723,0.15563226316589862,resnet32,0.533,0.5272,3.381766865537925,3.228717039931904,0.15304982454769991,resnet32,0.5202,0.519,3.4106059325012295,3.2551588236608286,0.15544711727521976,resnet32,0.5272,0.5184,3.3882038826969536,3.2353137690912592,0.1528901184633882,resnet32,0.5254,0.509,3.3935313397510485,3.242643451826139,0.15088788495102728,resnet32,0.5251,0.515,3.393526416610588,3.2425203424963085,0.15100607392378151,resnet32,0.5178,0.5206,3.39048114859245,3.2375277995385905,0.15295334890569476,resnet32,0.5371,0.5356,3.3839204206385394,3.2309188703921707,0.1530015507543629,4500000.0,5000.0,18010000.0,1548860000.0,18586320000.0
resnet32x12_cifar100_K12_mwmd1_noise40_seed0004_d011,d011,resnet32:12,cifar100,12,matched,mwmd1,peers,4,200,64,0.1,0.9,0.0005,True,0,60,0.1,1.0,1,,disagreement,1.0,1,0.0,0.5,weight,complete,0.4,0.398956,42,0,45000,5000,10000,5640048,86,0.010000000000000002,1,101.81,0.5238583333333334,0.004255870129075316,0.514,0.5296,0.5728,0.04894166666666655,0.5150333333333332,0.5632,0.35751818181818174,0.6560754032791325,0.35825757575757583,0.6593848455088748,0.5238583333333334,resnet32,0.5232,0.5192,3.3983472304588016,3.241826543753797,0.15652068896981125,resnet32,0.5259,0.5114,3.40283395180648,3.2488253919238392,0.15400855951222844,resnet32,0.514,0.5052,3.3906348818405108,3.235124236480756,0.15551064608999612,resnet32,0.528,0.5238,3.3615773513235827,3.204225430095738,0.1573519185714593,resnet32,0.5218,0.5122,3.3748611086471514,3.2209930182857947,0.15386809096459977,resnet32,0.5272,0.5172,3.381347129629417,3.2254788780754264,0.1558682524853132,resnet32,0.5232,0.514,3.4073959057303993,3.2522592402317305,0.15513666636649182,resnet32,0.5296,0.5216,3.383986619724469,3.2279339243065226,0.15605269929140128,resnet32,0.5227,0.5092,3.394314447248524,3.2409381358460947,0.15337630893654106,resnet32,0.5247,0.5108,3.3941986719993027,3.2391401939094067,0.1550584783650596,resnet32,0.5278,0.525,3.388282525607131,3.2325301122936336,0.15575241389557382,resnet32,0.5182,0.5108,3.381884575567462,3.2271859039637176,0.1546986713285812,4500000.0,5000.0,18010000.0,1566870000.0,18802440000.0
resnet32x12_cifar100_K12_mwmd1_noise40_seed0004_d011,d011,resnet32:12,cifar100,12,matched,mwmd1,peers,4,200,64,0.1,0.9,0.0005,True,0,60,0.1,1.0,1,,disagreement,1.0,1,0.0,0.5,weight,complete,0.4,0.398956,42,0,45000,5000,10000,5640048,87,0.010000000000000002,1,102.1,0.5251583333333334,0.007216700346341742,0.5132,0.5389,0.573,0.04784166666666656,0.5181666666666668,0.5614,0.36203030303030287,0.6554254531567907,0.35956969696969704,0.6562652811722227,0.5251583333333334,resnet32,0.5207,0.5164,3.3925368670712817,3.234871882945299,0.1576649834274907,resnet32,0.5206,0.518,3.394198062067682,3.238406751304865,0.1557913143822754,resnet32,0.5224,0.5148,3.3832686895673927,3.2294487844813955,0.15381990708622403,resnet32,0.5319,0.5272,3.356454562057148,3.1962425955994562,0.16021196721968325,resnet32,0.5389,0.5284,3.3667181374674495,3.2134353271262213,0.15328280700751665,resnet32,0.521,0.5096,3.3691462762653828,3.2153044336221437,0.1538418399974365,resnet32,0.5132,0.5098,3.406449532982978,3.2470545504580843,0.1593949816676534,resnet32,0.5197,0.519,3.383467886596918,3.2270963049747725,0.15637158072257246,resnet32,0.5294,0.5236,3.387370747260072,3.233436594293876,0.15393415036272595,resnet32,0.5195,0.5144,3.3825235248289327,3.229543537917462,0.15297998557798564,resnet32,0.5327,0.5174,3.3808069107207386,3.226855330169201,0.15395157751415603,resnet32,0.5319,0.5194,3.3769148503514854,3.2190372855825857,0.157877565943636,4500000.0,5000.0,18010000.0,1584880000.0,19018560000.0
resnet32x12_cifar100_K12_mwmd1_noise40_seed0004_d011,d011,resnet32:12,cifar100,12,matched,mwmd1,peers,4,200,64,0.1,0.9,0.0005,True,0,60,0.1,1.0,1,,disagreement,1.0,1,0.0,0.5,weight,complete,0.4,0.398956,42,0,45000,5000,10000,5640048,88,0.010000000000000002,1,101.87,0.511025,0.010916816156737268,0.4888,0.5313,0.5596,0.048575000000000035,0.5074666666666666,0.5552,0.3804666666666666,0.6451673789422069,0.37937272727272714,0.6455427506548304,0.511025,resnet32,0.5181,0.5134,3.392922958189791,3.234572157941081,0.15835080060853876,resnet32,0.5119,0.5064,3.400652636519887,3.2424920848147436,0.15816054711203006,resnet32,0.4959,0.4934,3.3879525691948156,3.227617710828781,0.1603348572759635,resnet32,0.5313,0.5298,3.358401781456037,3.1992631547830324,0.15913862799590622,resnet32,0.5103,0.5048,3.3751904019577936,3.2165027775547723,0.15868762523909521,resnet32,0.5215,0.517,3.3730687377127735,3.2165159454399888,0.15655279720456086,resnet32,0.4888,0.4816,3.404920041222464,3.247286944565448,0.15763309501661835,resnet32,0.513,0.5112,3.3840407566590742,3.2275495166805657,0.15649123445407234,resnet32,0.5022,0.4952,3.3885253593325615,3.2334231046790425,0.15510225253687662,resnet32,0.5175,0.5122,3.388837396421216,3.233646531335332,0.15519086518113248,resnet32,0.5133,0.5122,3.3852775520221754,3.227125622670759,0.15815193051556972,resnet32,0.5085,0.5124,3.38313858515837,3.2228124043480917,0.16032618008003655,4500000.0,5000.0,18010000.0,1602890000.0,19234680000.0
resnet32x12_cifar100_K12_mwmd1_noise40_seed0004_d011,d011,resnet32:12,cifar100,12,matched,mwmd1,peers,4,200,64,0.1,0.9,0.0005,True,0,60,0.1,1.0,1,,disagreement,1.0,1,0.0,0.5,weight,complete,0.4,0.398956,42,0,45000,5000,10000,5640048,89,0.010000000000000002,1,101.67,0.5186750000000001,0.008806638121326439,0.5063,0.5362,0.5664,0.047724999999999906,0.5143333333333333,0.5656,0.3682,0.6485713400333595,0.370819696969697,0.6503484660305549,0.5186750000000001,resnet32,0.5177,0.5136,3.389522502029484,3.231280343099074,0.1582421608883041,resnet32,0.5091,0.5042,3.3955423134294422,3.2346091192554343,0.16093319452325391,resnet32,0.5063,0.5068,3.3793663775379006,3.2210335545241833,0.15833282207181168,resnet32,0.5362,0.5386,3.348711961710995,3.188767934726043,0.1599440344143659,resnet32,0.5212,0.5168,3.36752799898386,3.2101901861077007,0.15733781687661327,resnet32,0.5257,0.5188,3.3680664182386617,3.210100068287416,0.15796635072381998,resnet32,0.5086,0.4996,3.404297013174404,3.241022526879202,0.16327448705719275,resnet32,0.5105,0.5068,3.3854876167394896,3.2221672565422277,0.16332036319231105,resnet32,0.5262,0.5182,3.386368102986704,3.2294678180055185,0.15690028498118574,resnet32,0.5278,0.5258,3.386388299478726,3.225436435843056,0.16095186357217078,resnet32,0.5151,0.504,3.3766423981975424,3.219114225019108,0.15752817313610154,resnet32,0.5197,0.5188,3.376128379594196,3.2165825966406953,0.15954578092152422,4500000.0,5000.0,18010000.0,1620900000.0,19450800000.0
resnet32x12_cifar100_K12_mwmd1_noise40_seed0004_d011,d011,resnet32:12,cifar100,12,matched,mwmd1,peers,4,200,64,0.1,0.9,0.0005,True,0,60,0.1,1.0,1,,disagreement,1.0,1,0.0,0.5,weight,complete,0.4,0.398956,42,0,45000,5000,10000,5640048,90,0.010000000000000002,1,102.34,0.5140000000000001,0.005871967302361259,0.5007,0.5236,0.5608,0.04679999999999984,0.50695,0.5554,0.36619393939393924,0.6582668432557403,0.3699318181818182,0.6558951578856175,0.5140000000000001,resnet32,0.5166,0.5126,3.3868032338267025,3.2267503897574814,0.16005284294740044,resnet32,0.5091,0.5054,3.3960404114967044,3.2345071553506632,0.16153325341557237,resnet32,0.5206,0.5136,3.3820189759135246,3.2195693112232466,0.16244966109198603,resnet32,0.5092,0.5008,3.3527494316751305,3.1896542967720465,0.1630951364905658,resnet32,0.5125,0.5016,3.367125940593806,3.2071198733015494,0.1600060652179474,resnet32,0.5164,0.5046,3.37302846766331,3.2109343182634222,0.16209414904005826,resnet32,0.5007,0.4972,3.397239972583272,3.2366807210174473,0.16055925536519763,resnet32,0.5108,0.502,3.3817023855041373,3.2205498855222356,0.161152502595955,resnet32,0.5167,0.5134,3.383451450954784,3.222508416595784,0.16094303696246987,resnet32,0.5132,0.5036,3.385618068277836,3.225240086967295,0.1603779805485498,resnet32,0.5186,0.5138,3.37623876739632,3.2160227725451644,0.1602159940891645,resnet32,0.5236,0.5148,3.37736111168157,3.217062749307264,0.16029836268121886,4500000.0,5000.0,18010000.0,1638910000.0,19666920000.0
resnet32x12_cifar100_K12_mwmd1_noise40_seed0004_d011,d011,resnet32:12,cifar100,12,matched,mwmd1,peers,4,200,64,0.1,0.9,0.0005,True,0,60,0.1,1.0,1,,disagreement,1.0,1,0.0,0.5,weight,complete,0.4,0.398956,42,0,45000,5000,10000,5640048,91,0.010000000000000002,1,102.02,0.522175,0.005150101131693108,0.5161,0.5317,0.571,0.04882500000000001,0.5187,0.567,0.3646606060606061,0.6537389449367949,0.3653212121212121,0.6562926821956279,0.522175,resnet32,0.5248,0.5236,3.378498551520434,3.2175199917771597,0.16097855734088543,resnet32,0.53,0.518,3.3884440047497097,3.2275510890917345,0.16089291619771923,resnet32,0.5161,0.5164,3.378352153707634,3.2160954383963887,0.16225671509958126,resnet32,0.5231,0.5172,3.350353141061284,3.184835100038485,0.16551804083230143,resnet32,0.5178,0.5212,3.365683087232438,3.204998479986733,0.16068460536189377,resnet32,0.5317,0.5224,3.366585463285446,3.206473495811224,0.16011196568565952,resnet32,0.5196,0.513,3.3980208703062753,3.2333876233209264,0.16463324950415303,resnet32,0.5171,0.5188,3.372407991777767,3.212406853044575,0.1600011412837458,resnet32,0.5191,0.5114,3.379749192094261,3.221068124202165,0.15868106743701818,resnet32,0.5276,0.5216,3.375090429390019,3.216407439586791,0.15868299338035285,resnet32,0.5226,0.5226,3.3734286959198387,3.212950163605538,0.16047853756357322,resnet32,0.5166,0.5182,3.3683852434835653,3.206055085767399,0.16233015416020696,4500000.0,5000.0,18010000.0,1656920000.0,19883040000.0
resnet32x12_cifar100_K12_mwmd1_noise40_seed0004_d011,d011,resnet32:12,cifar100,12,matched,mwmd1,peers,4,200,64,0.1,0.9,0.0005,True,0,60,0.1,1.0,1,,disagreement,1.0,1,0.0,0.5,weight,complete,0.4,0.398956,42,0,45000,5000,10000,5640048,92,0.010000000000000002,1,102.43,0.5084416666666668,0.014046616338305656,0.4764,0.5257,0.5575,0.049058333333333204,0.5064000000000001,0.5576,0.3769424242424242,0.6457265912266873,0.3776590909090909,0.6435641421531357,0.5084416666666668,resnet32,0.5196,0.5168,3.3778093948282977,3.214063244109804,0.1637461521472274,resnet32,0.4764,0.4668,3.3900062472305517,3.2257304208522495,0.1642758260290562,resnet32,0.4889,0.4876,3.3753024376928806,3.210540923543952,0.16476150985214522,resnet32,0.5257,0.52,3.3397730825976892,3.1761142868887293,0.16365879076660017,resnet32,0.5169,0.514,3.363552471792156,3.1966066262261434,0.16694584920663724,resnet32,0.5112,0.5126,3.364110318774527,3.2008562822910873,0.1632540360601111,resnet32,0.5077,0.5078,3.392312056638978,3.2256527526134793,0.16665930150669406,resnet32,0.5175,0.5128,3.3738133643161166,3.209922846745361,0.16389052353968675,resnet32,0.4958,0.5004,3.3786798282103105,3.216328200630166,0.16235162470151077,resnet32,0.5075,0.5034,3.3767574432898653,3.2135551683604717,0.1632022753738883,resnet32,0.5228,0.5206,3.3675900386138395,3.2054690166630526,0.1621210195801475,resnet32,0.5113,0.514,3.366908951916478,3.2036354050717573,0.16327354872853242,4500000.0,5000.0,18010000.0,1674930000.0,20099160000.0
resnet32x12_cifar100_K12_mwmd1_noise40_seed0004_d011,d011,resnet32:12,cifar100,12,matched,mwmd1,peers,4,200,64,0.1,0.9,0.0005,True,0,60,0.1,1.0,1,,disagreement,1.0,1,0.0,0.5,weight,complete,0.4,0.398956,42,0,45000,5000,10000,5640048,93,0.010000000000000002,1,102.24,0.522825,0.00631283414957181,0.5115,0.5346,0.5731,0.05027500000000007,0.5107499999999999,0.5602,0.37174545454545455,0.644077707478866,0.3700151515151514,0.649216522804839,0.522825,resnet32,0.5258,0.5144,3.3744768893176857,3.212222272022204,0.1622546206821095,resnet32,0.5191,0.5096,3.3850348784842272,3.2229396517981184,0.16209522690835662,resnet32,0.5188,0.5082,3.3687106425111946,3.204718308353966,0.16399233546954664,resnet32,0.5346,0.5252,3.3426819762045685,3.17374089224772,0.168941086539152,resnet32,0.5213,0.5084,3.3630446920340713,3.194641950455579,0.16840274278497833,resnet32,0.5249,0.515,3.361440943723375,3.195633899081837,0.16580704869490795,resnet32,0.5154,0.5006,3.3922956995666027,3.2264013422483746,0.16589435799555344,resnet32,0.5262,0.5154,3.370293701914224,3.206238879060203,0.1640548211712898,resnet32,0.5205,0.508,3.3802818801592696,3.2146326482973318,0.1656492319254374,resnet32,0.5115,0.497,3.375759290700609,3.2104395915838806,0.16531969809015704,resnet32,0.5325,0.5214,3.3678422350097788,3.2043378336185757,0.16350440137003633,resnet32,0.5233,0.5058,3.3638313216241924,3.2001441192220557,0.16368720244446938,4500000.0,5000.0,18010000.0,1692940000.0,20315280000.0
resnet32x12_cifar100_K12_mwmd1_noise40_seed0004_d011,d011,resnet32:12,cifar100,12,matched,mwmd1,peers,4,200,64,0.1,0.9,0.0005,True,0,60,0.1,1.0,1,,disagreement,1.0,1,0.0,0.5,weight,complete,0.4,0.398956,42,0,45000,5000,10000,5640048,94,0.010000000000000002,1,101.98,0.528025,0.007688749898390498,0.511,0.5387,0.5729,0.044875,0.523,0.5728,0.3638454545454545,0.6492492221289169,0.3637257575757576,0.6509264737783468,0.528025,resnet32,0.5311,0.5278,3.3698807294395836,3.2040422159162434,0.1658385130153461,resnet32,0.5309,0.5234,3.3859466937455265,3.2181694494052366,0.1677772449011999,resnet32,0.5307,0.5172,3.3690696761689405,3.2030528597533703,0.16601681117688052,resnet32,0.5258,0.523,3.331858492033048,3.162899157201702,0.16895933067214422,resnet32,0.5387,0.532,3.3532162748954515,3.187111585316333,0.16610469040460885,resnet32,0.5185,0.5178,3.355318413878029,3.1891052065925165,0.1662132088306614,resnet32,0.511,0.5116,3.386090273206884,3.2202379381792112,0.16585233420218257,resnet32,0.5253,0.523,3.3648565624925224,3.199083524671468,0.16577303777872163,resnet32,0.5362,0.525,3.370716143060814,3.20507402819666,0.16564211375291713,resnet32,0.5323,0.5244,3.368726287375797,3.202378087761727,0.16634820052422583,resnet32,0.5211,0.521,3.3619587929411368,3.1955547620627014,0.16640402770347215,resnet32,0.5347,0.5298,3.3615662276067515,3.1956245963546364,0.1659416325644336,4500000.0,5000.0,18010000.0,1710950000.0,20531400000.0
resnet32x12_cifar100_K12_mwmd1_noise40_seed0004_d011,d011,resnet32:12,cifar100,12,matched,mwmd1,peers,4,200,64,0.1,0.9,0.0005,True,0,60,0.1,1.0,1,,disagreement,1.0,1,0.0,0.5,weight,complete,0.4,0.398956,42,0,45000,5000,10000,5640048,95,0.010000000000000002,1,101.6,0.5284500000000001,0.009288568242737947,0.5117,0.5404,0.5783,0.04984999999999995,0.522,0.5662,0.3635393939393938,0.6466594342537428,0.3655409090909092,0.6513003660472722,0.5284500000000001,resnet32,0.5379,0.5252,3.3747968893836844,3.2055507376790047,0.16924615009603175,resnet32,0.5162,0.5104,3.3825391676615584,3.2138264609331433,0.16871271028437398,resnet32,0.5359,0.5254,3.368121837689118,3.19921631433747,0.16890552250499075,resnet32,0.538,0.5256,3.338578810407357,3.165391419421543,0.17318738958883015,resnet32,0.529,0.5302,3.3519024276597933,3.1842529103159904,0.1676495164759796,resnet32,0.5404,0.5248,3.359264648434791,3.189595574682409,0.1696690713817423,resnet32,0.5209,0.5242,3.387253112075004,3.2184804444285957,0.16877266684208403,resnet32,0.5353,0.522,3.363669169897383,3.193765716457909,0.16990345235998658,resnet32,0.5117,0.5116,3.373417776755311,3.204043610868129,0.16937416878698225,resnet32,0.5247,0.5196,3.372435898943381,3.205086371099407,0.1673495273148133,resnet32,0.5325,0.528,3.3693933127955957,3.1968026896092026,0.17259062642485581,resnet32,0.5189,0.517,3.3595281565053896,3.1905581761490214,0.16896998101252725,4500000.0,5000.0,18010000.0,1728960000.0,20747520000.0
resnet32x12_cifar100_K12_mwmd1_noise40_seed0004_d011,d011,resnet32:12,cifar100,12,matched,mwmd1,peers,4,200,64,0.1,0.9,0.0005,True,0,60,0.1,1.0,1,,disagreement,1.0,1,0.0,0.5,weight,complete,0.4,0.398956,42,0,45000,5000,10000,5640048,96,0.010000000000000002,1,102.02,0.5213583333333333,0.00889601580609107,0.503,0.5323,0.5725,0.05114166666666675,0.5121666666666667,0.5636,0.36822424242424245,0.6463839752143803,0.37104545454545457,0.6489669007646129,0.5213583333333333,resnet32,0.5073,0.4976,3.3678016178309917,3.19797925718806,0.169822360558266,resnet32,0.5183,0.4948,3.3777139952236954,3.209478395567699,0.1682356063657525,resnet32,0.5245,0.5116,3.3635912209071894,3.1938259466127916,0.16976527746936138,resnet32,0.5276,0.5204,3.330704015764323,3.157976007935676,0.1727280031085353,resnet32,0.5221,0.5218,3.34860297055407,3.1807278919626367,0.16787507689811967,resnet32,0.5285,0.5266,3.350151099941947,3.1819478168406268,0.16820328413847496,resnet32,0.5323,0.5198,3.3820468979803,3.212241167371923,0.1698057284282351,resnet32,0.503,0.5024,3.364274885166775,3.193233432756229,0.17104145399802786,resnet32,0.5279,0.5212,3.371266819875349,3.1991564939645203,0.17211032747714358,resnet32,0.5119,0.5028,3.364908683029088,3.1953218311748723,0.1695868506477299,resnet32,0.5256,0.5168,3.363668251443993,3.1928787200965663,0.1707895289450376,resnet32,0.5273,0.5102,3.353332181545821,3.1846199431879954,0.1687122353839434,4500000.0,5000.0,18010000.0,1746970000.0,20963640000.0
resnet32x12_cifar100_K12_mwmd1_noise40_seed0004_d011,d011,resnet32:12,cifar100,12,matched,mwmd1,peers,4,200,64,0.1,0.9,0.0005,True,0,60,0.1,1.0,1,,disagreement,1.0,1,0.0,0.5,weight,complete,0.4,0.398956,42,0,45000,5000,10000,5640048,97,0.010000000000000002,1,101.65,0.5268833333333333,0.008458805405545677,0.5127,0.5417,0.5769,0.05001666666666671,0.5171333333333333,0.5718,0.36943636363636345,0.6456118612534426,0.3705621212121211,0.6476128635977892,0.5268833333333333,resnet32,0.5417,0.5296,3.3684415739368307,3.199986595999111,0.16845497411718083,resnet32,0.5199,0.5036,3.3790572929111393,3.207234415141019,0.1718228755264797,resnet32,0.5288,0.5098,3.3648712665519933,3.193778050894087,0.17109321828254245,resnet32,0.5332,0.523,3.331989675082944,3.159237174486572,0.17275249646891924,resnet32,0.5266,0.5252,3.3485530012033204,3.1793426874686372,0.1692103186029602,resnet32,0.5284,0.5274,3.3533698455853895,3.183011468161236,0.17035837941379708,resnet32,0.5166,0.504,3.381072782996026,3.210939693857323,0.1701330879745497,resnet32,0.5392,0.5286,3.3571808717467566,3.1882397451184015,0.1689411277184263,resnet32,0.5181,0.5078,3.366926719180562,3.1968943761153654,0.17003234247253698,resnet32,0.5297,0.5148,3.3672797842459246,3.196933665736155,0.17034611628729512,resnet32,0.5277,0.5254,3.358755359934135,3.189962923865427,0.16879243835468183,resnet32,0.5127,0.5064,3.3564149242910473,3.18502360988747,0.1713913126890971,4500000.0,5000.0,18010000.0,1764980000.0,21179760000.0
resnet32x12_cifar100_K12_mwmd1_noise40_seed0004_d011,d011,resnet32:12,cifar100,12,matched,mwmd1,peers,4,200,64,0.1,0.9,0.0005,True,0,60,0.1,1.0,1,,disagreement,1.0,1,0.0,0.5,weight,complete,0.4,0.398956,42,0,45000,5000,10000,5640048,98,0.010000000000000002,1,101.45,0.516,0.008397916408252708,0.5042,0.5313,0.5624,0.0464,0.5166333333333333,0.5722,0.375169696969697,0.6424299030058679,0.3741212121212123,0.6497851509265331,0.516,resnet32,0.5095,0.515,3.361112230542031,3.1911788863891903,0.1699333431051028,resnet32,0.5143,0.5226,3.377416643568061,3.204859771173109,0.17255687222562052,resnet32,0.526,0.518,3.3617911724881693,3.1904682889580727,0.1713228850752454,resnet32,0.5289,0.5276,3.3262593146752226,3.153638031672348,0.17262128173288974,resnet32,0.5182,0.5192,3.343792799521576,3.1723063750700518,0.17148642644116824,resnet32,0.5313,0.5338,3.350544857030565,3.1751447529955343,0.1754001064903357,resnet32,0.5149,0.5146,3.381259712305936,3.206312096931718,0.1749476168770343,resnet32,0.516,0.514,3.357281777669083,3.1851759641007944,0.17210580891167576,resnet32,0.5096,0.5104,3.3698913725939663,3.1971139823171226,0.1727773899381811,resnet32,0.5135,0.506,3.3627951700579035,3.1908372938632965,0.17195787445896052,resnet32,0.5056,0.5112,3.3551203324036165,3.185118877413598,0.17000145513818346,resnet32,0.5042,0.5072,3.3522197726097973,3.1802247373217885,0.17199503566900437,4500000.0,5000.0,18010000.0,1782990000.0,21395880000.0
resnet32x12_cifar100_K12_mwmd1_noise40_seed0004_d011,d011,resnet32:12,cifar100,12,matched,mwmd1,peers,4,200,64,0.1,0.9,0.0005,True,0,60,0.1,1.0,1,,disagreement,1.0,1,0.0,0.5,weight,complete,0.4,0.398956,42,0,45000,5000,10000,5640048,99,0.010000000000000002,1,101.93,0.5240083333333333,0.005882099729027221,0.5158,0.5365,0.5787,0.054691666666666694,0.5194166666666667,0.572,0.3785636363636363,0.6308711370890918,0.37789242424242425,0.6406304303681016,0.5240083333333333,resnet32,0.5158,0.5062,3.3674597333778036,3.1907640492374245,0.17669568035158922,resnet32,0.5235,0.5174,3.3701333451000126,3.1976446621119976,0.17248868322084573,resnet32,0.524,0.5162,3.3608816184780816,3.188302346928553,0.17257927118969912,resnet32,0.5365,0.5262,3.330801836130294,3.1531163535334845,0.1776854849674485,resnet32,0.5327,0.5306,3.3427269330078904,3.1703600612553684,0.17236686730757356,resnet32,0.5251,0.523,3.345791443843733,3.172841536389156,0.17294990571893074,resnet32,0.5187,0.5196,3.376657126302069,3.2030861899256706,0.173570938418958,resnet32,0.5269,0.5242,3.3572314036163418,3.1798335141078993,0.1773978917732496,resnet32,0.5174,0.509,3.3607030527835544,3.1886880804191935,0.1720149735708467,resnet32,0.5204,0.5178,3.361018060960553,3.1874744082716377,0.1735436494610357,resnet32,0.5268,0.5266,3.352479564872655,3.1798107596960934,0.1726688034197485,resnet32,0.5203,0.5162,3.3546078503131866,3.177543481303887,0.17706436371769418,4500000.0,5000.0,18010000.0,1801000000.0,21612000000.0
resnet32x12_cifar100_K12_mwmd1_noise40_seed0004_d011,d011,resnet32:12,cifar100,12,matched,mwmd1,peers,4,200,64,0.1,0.9,0.0005,True,0,60,0.1,1.0,1,,disagreement,1.0,1,0.0,0.5,weight,complete,0.4,0.398956,42,0,45000,5000,10000,5640048,100,0.010000000000000002,1,101.75,0.52555,0.009000046296177226,0.5052,0.538,0.579,0.05345,0.5191,0.5678,0.3733757575757577,0.6413480367747201,0.37298484848484853,0.6417877446809375,0.52555,resnet32,0.5354,0.5356,3.3597388220104305,3.184509009800174,0.175229810887355,resnet32,0.523,0.5146,3.3688219491053712,3.194583555852825,0.17423838935792446,resnet32,0.5246,0.5224,3.351958591829647,3.177537539465861,0.1744210549249229,resnet32,0.5342,0.5266,3.3212632428516042,3.1448649571023206,0.1763982867017727,resnet32,0.5298,0.52,3.3422802937301723,3.1666041013192046,0.17567619374445217,resnet32,0.5274,0.5228,3.3449756665663286,3.1698611592027275,0.1751145113217221,resnet32,0.5052,0.4996,3.3735763129185545,3.199409043924375,0.17416726950217376,resnet32,0.5198,0.5092,3.3502224538136613,3.1744976053861054,0.17572484512559391,resnet32,0.538,0.5246,3.3597151044417513,3.1862022158774463,0.1735128921414302,resnet32,0.5138,0.5038,3.3617315363477576,3.1861679581078617,0.17556357569992542,resnet32,0.531,0.5278,3.350362798368389,3.1747474975206633,0.17561529843475332,resnet32,0.5244,0.5222,3.3475716530599375,3.174144758419557,0.17342689510604198,4500000.0,5000.0,18010000.0,1819010000.0,21828120000.0
resnet32x12_cifar100_K12_mwmd1_noise40_seed0004_d011,d011,resnet32:12,cifar100,12,matched,mwmd1,peers,4,200,64,0.1,0.9,0.0005,True,0,60,0.1,1.0,1,,disagreement,1.0,1,0.0,0.5,weight,complete,0.4,0.398956,42,0,45000,5000,10000,5640048,101,0.010000000000000002,1,101.75,0.5239666666666667,0.006281896387415372,0.5133,0.5355,0.5744,0.05043333333333333,0.5145666666666667,0.5666,0.3781636363636364,0.6383851369303859,0.37479696969696974,0.643744422850645,0.5239666666666667,resnet32,0.5133,0.5076,3.359918178482489,3.184616407887502,0.1753017718438059,resnet32,0.5263,0.5194,3.367348732596094,3.192390465939587,0.1749582702547989,resnet32,0.5201,0.5068,3.3550872955132616,3.1791933310980145,0.17589396551590075,resnet32,0.5268,0.5096,3.318903997540474,3.141193409535018,0.17771058438599788,resnet32,0.5211,0.5116,3.336235287175937,3.161793027411808,0.1744422601874579,resnet32,0.5165,0.5076,3.34050988168879,3.1659543189135464,0.17455556302924047,resnet32,0.5199,0.5042,3.3694040839644996,3.1930948607623577,0.17630922146649522,resnet32,0.5355,0.5276,3.34778245030479,3.1706923236223785,0.17709012653424658,resnet32,0.521,0.5112,3.3570296784693543,3.1818269078027117,0.17520277070897547,resnet32,0.5291,0.5194,3.354509023102847,3.1791831356557934,0.17532588621940126,resnet32,0.533,0.524,3.3512013422494586,3.1749982810155912,0.1762030688749457,resnet32,0.525,0.5258,3.3468377112664958,3.17125608230179,0.17558163362131876,4500000.0,5000.0,18010000.0,1837020000.0,22044240000.0
resnet32x12_cifar100_K12_mwmd1_noise40_seed0004_d011,d011,resnet32:12,cifar100,12,matched,mwmd1,peers,4,200,64,0.1,0.9,0.0005,True,0,60,0.1,1.0,1,,disagreement,1.0,1,0.0,0.5,weight,complete,0.4,0.398956,42,0,45000,5000,10000,5640048,102,0.010000000000000002,1,101.34,0.5271,0.005770615218501396,0.514,0.5349,0.5766,0.04949999999999999,0.5200833333333333,0.5664,0.36510909090909094,0.6509938007549138,0.3645863636363635,0.654365772564793,0.5271,resnet32,0.5252,0.5188,3.350438002158295,3.1748577735640784,0.1755802313246849,resnet32,0.5198,0.518,3.363645590164445,3.188205575401133,0.1754400134086609,resnet32,0.5297,0.5184,3.353296577253125,3.176746490326795,0.17655008588917553,resnet32,0.5285,0.519,3.3197207112203944,3.1411883753131735,0.17853233772753316,resnet32,0.5349,0.5232,3.3376707973128017,3.1568870348009197,0.18078376216263595,resnet32,0.5313,0.5262,3.339527053250508,3.1630399416793478,0.1764871104916727,resnet32,0.514,0.5114,3.372284721583128,3.191942714493383,0.18034200681458143,resnet32,0.5326,0.5168,3.3449928625063463,3.1687090254642745,0.17628383934921163,resnet32,0.521,0.519,3.3520538793368773,3.175883402539925,0.17617047713561493,resnet32,0.5298,0.5216,3.3518844995309007,3.1752681898122486,0.17661630842750045,resnet32,0.5296,0.5222,3.347974280742082,3.1719444322992456,0.17602984823117201,resnet32,0.5288,0.5264,3.3448090966452253,3.1669220396063547,0.17788705947300928,4500000.0,5000.0,18010000.0,1855030000.0,22260360000.0
resnet32x12_cifar100_K12_mwmd1_noise40_seed0004_d011,d011,resnet32:12,cifar100,12,matched,mwmd1,peers,4,200,64,0.1,0.9,0.0005,True,0,60,0.1,1.0,1,,disagreement,1.0,1,0.0,0.5,weight,complete,0.4,0.398956,42,0,45000,5000,10000,5640048,103,0.010000000000000002,1,101.8,0.5193083333333333,0.007389684063311195,0.5021,0.5325,0.5775,0.05819166666666675,0.5113666666666666,0.567,0.3865757575757576,0.6170373934999759,0.3881893939393939,0.627721355392654,0.5193083333333333,resnet32,0.512,0.5058,3.356529811905189,3.174419826065952,0.18210998649539595,resnet32,0.5196,0.5238,3.362766244194724,3.1835366887125103,0.17922955559862946,resnet32,0.5203,0.5036,3.35164800895886,3.1732894822277804,0.17835852639241653,resnet32,0.5325,0.518,3.3181188130243258,3.1350783814083445,0.18304042968983678,resnet32,0.5219,0.5184,3.331337121399966,3.1516728181053293,0.1796643076020039,resnet32,0.5187,0.5174,3.3365919329226017,3.1574848382310434,0.17910709397189997,resnet32,0.5021,0.4986,3.3705117113210936,3.192936797710982,0.17757491540925746,resnet32,0.5296,0.5106,3.3456452912227674,3.1646182056177747,0.18102708687497812,resnet32,0.5153,0.503,3.3525505502792923,3.1743617359210146,0.17818881606217474,resnet32,0.5196,0.507,3.353434179994193,3.1747358962893486,0.17869828148237007,resnet32,0.5205,0.5156,3.3436485799876126,3.1658177748322487,0.17783080445687202,resnet32,0.5196,0.5146,3.343339473686435,3.1626578735356983,0.18068159983324056,4500000.0,5000.0,18010000.0,1873040000.0,22476480000.0
resnet32x12_cifar100_K12_mwmd1_noise40_seed0004_d011,d011,resnet32:12,cifar100,12,matched,mwmd1,peers,4,200,64,0.1,0.9,0.0005,True,0,60,0.1,1.0,1,,disagreement,1.0,1,0.0,0.5,weight,complete,0.4,0.398956,42,0,45000,5000,10000,5640048,104,0.010000000000000002,1,102.31,0.5258666666666666,0.006317480158699013,0.5156,0.5362,0.5776,0.05173333333333341,0.5189166666666667,0.5726,0.3754363636363636,0.6460357072432364,0.38053333333333345,0.6419483006125256,0.5258666666666666,resnet32,0.5269,0.5258,3.3520762002603575,3.1703906401314517,0.18168556125072594,resnet32,0.5226,0.5144,3.3618733283470976,3.1827383529056203,0.17913497355766594,resnet32,0.5237,0.5166,3.348020702600479,3.1687753163278103,0.1792453872780739,resnet32,0.5293,0.5176,3.314503043212674,3.1298852827061308,0.1846177591307258,resnet32,0.526,0.5222,3.3319438953291285,3.1500729000703855,0.18187099500474604,resnet32,0.5362,0.534,3.337343589487401,3.1587196574969725,0.17862393511247568,resnet32,0.5163,0.5038,3.373546088283712,3.1896568631583992,0.18388922328383409,resnet32,0.5346,0.534,3.3454308668998154,3.1646330691874027,0.1807978015012023,resnet32,0.5196,0.502,3.355465091426264,3.1747661998326127,0.1806988904929974,resnet32,0.5303,0.5228,3.3507543043656782,3.171362057666887,0.1793922460002994,resnet32,0.5156,0.5116,3.3406473384662108,3.1625351160764694,0.17811222598803314,resnet32,0.5293,0.5222,3.3430796180936424,3.1638432070612907,0.17923640997403048,4500000.0,5000.0,18010000.0,1891050000.0,22692600000.0
resnet32x12_cifar100_K12_mwmd1_noise40_seed0004_d011,d011,resnet32:12,cifar100,12,matched,mwmd1,peers,4,200,64,0.1,0.9,0.0005,True,0,60,0.1,1.0,1,,disagreement,1.0,1,0.0,0.5,weight,complete,0.4,0.398956,42,0,45000,5000,10000,5640048,105,0.010000000000000002,1,102.17,0.5153833333333333,0.009027535039471683,0.4988,0.5358,0.5676,0.05221666666666669,0.5090333333333334,0.5598,0.3769090909090909,0.6458496787623144,0.3779833333333334,0.6427978796012292,0.5153833333333333,resnet32,0.5087,0.5052,3.3436376093463465,3.162786103446375,0.18085150541314346,resnet32,0.5066,0.502,3.3516330759633672,3.1718229827555744,0.1798100915991447,resnet32,0.5074,0.498,3.3394141783091156,3.1604065319353882,0.1790076454000717,resnet32,0.5155,0.5092,3.3115001280199396,3.1285872781141237,0.18291284975765104,resnet32,0.5162,0.504,3.3282788419588045,3.1463829715820877,0.18189587266269056,resnet32,0.5175,0.5108,3.3330803496593777,3.1525682989846575,0.18051204639910298,resnet32,0.4988,0.4954,3.363881917162375,3.182364646006714,0.18151726948351346,resnet32,0.5181,0.511,3.3398883525620806,3.1593222099949014,0.18056614106436344,resnet32,0.517,0.506,3.346160516481508,3.1656601195308296,0.18050039345821875,resnet32,0.5238,0.5158,3.343290196901018,3.164307066662745,0.1789831289682876,resnet32,0.5192,0.5206,3.3437688885764643,3.1614580418575895,0.18231084760786456,resnet32,0.5358,0.5304,3.3405255235054274,3.1603854938664218,0.18014003495177763,4500000.0,5000.0,18010000.0,1909060000.0,22908720000.0
resnet32x12_cifar100_K12_mwmd1_noise40_seed0004_d011,d011,resnet32:12,cifar100,12,matched,mwmd1,peers,4,200,64,0.1,0.9,0.0005,True,0,60,0.1,1.0,1,,disagreement,1.0,1,0.0,0.5,weight,complete,0.4,0.398956,42,0,45000,5000,10000,5640048,106,0.010000000000000002,1,101.44,0.5276416666666667,0.005486720078719376,0.5196,0.5399,0.5792,0.05155833333333337,0.5206666666666666,0.5708,0.3699060606060607,0.6446482997577908,0.36895151515151503,0.6476332043457683,0.5276416666666667,resnet32,0.5319,0.5298,3.3501694344661455,3.166699059646238,0.18347037711646408,resnet32,0.5233,0.5118,3.357487416741523,3.1752453111112118,0.18224210836077956,resnet32,0.5283,0.5158,3.348364279690114,3.1659577140076594,0.18240656456063417,resnet32,0.5327,0.5296,3.312208164483309,3.126735294407064,0.18547287060540507,resnet32,0.5399,0.5334,3.327583910050717,3.1449881314553996,0.1825957787858153,resnet32,0.5221,0.5214,3.3336266726255417,3.1507697931744834,0.18285687585276636,resnet32,0.521,0.515,3.3608455007726494,3.1787921901453626,0.18205330518751658,resnet32,0.5282,0.5234,3.3398424847559496,3.157563278620893,0.1822792026425966,resnet32,0.5196,0.5092,3.349349222061309,3.164628929712556,0.18472029086710376,resnet32,0.5278,0.5196,3.347231772474267,3.165346397933635,0.18188537648794326,resnet32,0.5266,0.522,3.342986199666153,3.1605732261457224,0.18241297368976203,resnet32,0.5303,0.517,3.3394480527124624,3.1552666666155513,0.18418138286903163,4500000.0,5000.0,18010000.0,1927070000.0,23124840000.0
resnet32x12_cifar100_K12_mwmd1_noise40_seed0004_d011,d011,resnet32:12,cifar100,12,matched,mwmd1,peers,4,200,64,0.1,0.9,0.0005,True,0,60,0.1,1.0,1,,disagreement,1.0,1,0.0,0.5,weight,complete,0.4,0.398956,42,0,45000,5000,10000,5640048,107,0.010000000000000002,1,101.62,0.5174416666666667,0.012280910548037115,0.4972,0.5402,0.5712,0.05375833333333335,0.5144000000000001,0.5682,0.38908484848484853,0.6351757780123314,0.3869666666666667,0.6372217181786023,0.5174416666666667,resnet32,0.512,0.5206,3.3448238128965553,3.1627674529498275,0.18205635871907527,resnet32,0.5042,0.5012,3.3621088246052917,3.178551460531625,0.1835573706140911,resnet32,0.4972,0.499,3.345083460211754,3.164038947021419,0.18104450853372162,resnet32,0.5402,0.5308,3.3097851384769785,3.1251945793628693,0.18459056527353823,resnet32,0.522,0.5194,3.3286119401454926,3.146296773783185,0.18231516358950597,resnet32,0.532,0.5318,3.3313753462650557,3.150009512901306,0.18136583050628277,resnet32,0.5095,0.5052,3.3640694343908266,3.1820879338139836,0.18198150193149393,resnet32,0.5115,0.5032,3.3386242277920246,3.15729065916755,0.18133357010612433,resnet32,0.5182,0.5076,3.3480051955716177,3.1660778427665885,0.1819273496935652,resnet32,0.5145,0.5178,3.344129640609026,3.1636139784346926,0.1805156621531668,resnet32,0.5128,0.5078,3.3401925137097184,3.1598119593479415,0.18038055089048363,resnet32,0.5352,0.5284,3.334961910478093,3.1537287915972145,0.18123311797072264,4500000.0,5000.0,18010000.0,1945080000.0,23340960000.0
resnet32x12_cifar100_K12_mwmd1_noise40_seed0004_d011,d011,resnet32:12,cifar100,12,matched,mwmd1,peers,4,200,64,0.1,0.9,0.0005,True,0,60,0.1,1.0,1,,disagreement,1.0,1,0.0,0.5,weight,complete,0.4,0.398956,42,0,45000,5000,10000,5640048,108,0.010000000000000002,1,101.92,0.5285666666666666,0.00607526862689124,0.5164,0.5371,0.5836,0.05503333333333338,0.5202833333333333,0.5746,0.3770454545454546,0.6364073405037994,0.3808969696969698,0.6405097426136487,0.5285666666666666,resnet32,0.5242,0.5192,3.340448794039813,3.157108907672492,0.18333989104510032,resnet32,0.5302,0.5158,3.3555229140276257,3.171433689919385,0.18408922421407292,resnet32,0.535,0.5206,3.3422468799081715,3.160912173038179,0.1813347052084282,resnet32,0.5323,0.53,3.3060672283172607,3.1202192648567935,0.18584796724925665,resnet32,0.5371,0.5306,3.324336843395775,3.142764772881161,0.1815720684932206,resnet32,0.5307,0.5256,3.3269829916005786,3.145739328793504,0.18124366223558105,resnet32,0.5164,0.5118,3.3575758558105337,3.1751864941960033,0.1823893639640036,resnet32,0.5335,0.5238,3.3383133831349285,3.1528825373812155,0.18543084018694406,resnet32,0.521,0.5104,3.344744659621607,3.1605191857300023,0.18422547399743713,resnet32,0.5334,0.5264,3.3462829860773953,3.163080446083437,0.1832025428408418,resnet32,0.5256,0.5212,3.337799986655062,3.156844760883938,0.1809552276761017,resnet32,0.5234,0.508,3.334944378923286,3.1525028307329523,0.18244154819033362,4500000.0,5000.0,18010000.0,1963090000.0,23557080000.0
resnet32x12_cifar100_K12_mwmd1_noise40_seed0004_d011,d011,resnet32:12,cifar100,12,matched,mwmd1,peers,4,200,64,0.1,0.9,0.0005,True,0,60,0.1,1.0,1,,disagreement,1.0,1,0.0,0.5,weight,complete,0.4,0.398956,42,0,45000,5000,10000,5640048,109,0.010000000000000002,1,101.99,0.5287,0.006848965858677752,0.5194,0.5415,0.5827,0.05400000000000005,0.52395,0.5754,0.37651515151515147,0.638536895583255,0.3785787878787879,0.6449905712989831,0.5287,resnet32,0.5257,0.5184,3.338110600682822,3.1542626792056994,0.18384792437692257,resnet32,0.5308,0.5328,3.3530006439171056,3.1674005934460596,0.18560005593198267,resnet32,0.5233,0.5278,3.339112751185894,3.1549224318428473,0.18419032069769772,resnet32,0.5415,0.5362,3.305572090501135,3.118887734684077,0.18668435535139657,resnet32,0.5314,0.5342,3.323644853789698,3.1359243873845446,0.1877204638440162,resnet32,0.5393,0.5202,3.3292790566655723,3.1432448253035545,0.18603423417715187,resnet32,0.5194,0.5072,3.3622350106862458,3.1750330603258177,0.18720194727013056,resnet32,0.5302,0.5298,3.334766465154561,3.149039513008161,0.18572694575414062,resnet32,0.5295,0.5254,3.342986160381274,3.1595364175736904,0.1834497434849089,resnet32,0.5204,0.5096,3.3424951518801125,3.1569740054282276,0.18552114583805882,resnet32,0.5206,0.5186,3.3346391719850628,3.1506314995613964,0.1840076732068238,resnet32,0.5323,0.5272,3.330315795473077,3.144358799877492,0.18595699449493128,4500000.0,5000.0,18010000.0,1981100000.0,23773200000.0
resnet32x12_cifar100_K12_mwmd1_noise40_seed0004_d011,d011,resnet32:12,cifar100,12,matched,mwmd1,peers,4,200,64,0.1,0.9,0.0005,True,0,60,0.1,1.0,1,,disagreement,1.0,1,0.0,0.5,weight,complete,0.4,0.398956,42,0,45000,5000,10000,5640048,110,0.010000000000000002,1,101.58,0.5335333333333335,0.008864379404234806,0.5171,0.5514,0.5916,0.05806666666666649,0.5289166666666666,0.5848,0.3813333333333332,0.6221598319798703,0.38073333333333337,0.6291501319891095,0.5335333333333335,resnet32,0.5261,0.5316,3.3357317972589624,3.147912202233618,0.1878195892680775,resnet32,0.5171,0.5118,3.3496189235963603,3.162674981084737,0.1869439471259036,resnet32,0.5335,0.5314,3.338262254202908,3.151186417110942,0.18707583721896465,resnet32,0.5514,0.551,3.299606853249398,3.1119167757305233,0.18769007912752303,resnet32,0.5332,0.5266,3.3184682831845502,3.1324869245290756,0.18598135579800743,resnet32,0.5361,0.5204,3.323706392198801,3.137685743922537,0.18602064713327723,resnet32,0.5279,0.5278,3.355767072263089,3.1681442372500896,0.18762283272702585,resnet32,0.538,0.5256,3.3263051028956068,3.142369401387193,0.18393569913777438,resnet32,0.5299,0.5196,3.338627138259736,3.154293844307011,0.18433329951949418,resnet32,0.5402,0.5364,3.335058483210477,3.1517939540472897,0.18326452664438297,resnet32,0.525,0.532,3.3318724534050985,3.147412711246447,0.1844597402113405,resnet32,0.544,0.5328,3.3328481418165294,3.14606526595625,0.1867828810672191,4500000.0,5000.0,18010000.0,1999110000.0,23989320000.0
resnet32x12_cifar100_K12_mwmd1_noise40_seed0004_d011,d011,resnet32:12,cifar100,12,matched,mwmd1,peers,4,200,64,0.1,0.9,0.0005,True,0,60,0.1,1.0,1,,disagreement,1.0,1,0.0,0.5,weight,complete,0.4,0.398956,42,0,45000,5000,10000,5640048,111,0.010000000000000002,1,101.56,0.5288499999999999,0.007565987487874036,0.5138,0.5444,0.5823,0.05345000000000011,0.5268333333333334,0.5822,0.37636363636363623,0.6285349276751211,0.38018939393939405,0.6322960842171383,0.5288499999999999,resnet32,0.5228,0.5296,3.33670896562663,3.1484887122430583,0.18822025283324448,resnet32,0.525,0.5184,3.3518494729968635,3.165699665857987,0.18614980440840803,resnet32,0.5229,0.5228,3.3343128805810753,3.1462090608071196,0.18810382362624462,resnet32,0.5375,0.5318,3.2980690876191314,3.1106686656447975,0.18740042246116156,resnet32,0.5264,0.5274,3.3175523094832897,3.1305180462923916,0.18703426168808204,resnet32,0.5322,0.5332,3.3240674767981875,3.135847797109322,0.1882196792232042,resnet32,0.5301,0.5278,3.3524471711028707,3.166774395853281,0.18567277419126846,resnet32,0.5306,0.5314,3.3303005380386654,3.1429081406782973,0.18739240426062184,resnet32,0.5342,0.522,3.3386817442422565,3.151735445315188,0.18694629418579015,resnet32,0.5263,0.5258,3.3369038010185417,3.150093737989664,0.18681006161072714,resnet32,0.5138,0.517,3.329155580225316,3.1432789845222775,0.1858765924434093,resnet32,0.5444,0.5348,3.330063021318479,3.14135798134587,0.18870503912595185,4500000.0,5000.0,18010000.0,2017120000.0,24205440000.0
resnet32x12_cifar100_K12_mwmd1_noise40_seed0004_d011,d011,resnet32:12,cifar100,12,matched,mwmd1,peers,4,200,64,0.1,0.9,0.0005,True,0,60,0.1,1.0,1,,disagreement,1.0,1,0.0,0.5,weight,complete,0.4,0.398956,42,0,45000,5000,10000,5640048,112,0.010000000000000002,1,101.52,0.5291666666666666,0.008890569285609443,0.513,0.5455,0.5836,0.054433333333333445,0.5229333333333334,0.5742,0.37734242424242415,0.6370394374895952,0.3809106060606059,0.6379580017013987,0.5291666666666666,resnet32,0.527,0.5254,3.3402672064575283,3.1522205851294776,0.1880466223440387,resnet32,0.5221,0.5206,3.35118258473548,3.163128174502741,0.1880544072482735,resnet32,0.513,0.5082,3.3355073031376707,3.1478094211356207,0.18769788104956123,resnet32,0.5366,0.5306,3.3044023517180574,3.1109335083853114,0.19346884563988584,resnet32,0.5403,0.5376,3.318017699501731,3.130061109634963,0.18795658724213188,resnet32,0.5327,0.5282,3.322449578480287,3.13361538133838,0.18883419678207825,resnet32,0.5179,0.519,3.3597914664582773,3.167708842253143,0.19208262395113707,resnet32,0.5261,0.5164,3.3274197910319674,3.138669500296766,0.18875028702049432,resnet32,0.5455,0.531,3.340858686038039,3.1538529304618184,0.18700575498356062,resnet32,0.5264,0.515,3.341995806179263,3.1545437191697685,0.1874520846811885,resnet32,0.5345,0.5274,3.3324022719805892,3.144866558299823,0.1875357119874521,resnet32,0.5279,0.5158,3.3282687694511632,3.1411740850995886,0.18709468251009556,4500000.0,5000.0,18010000.0,2035130000.0,24421560000.0
resnet32x12_cifar100_K12_mwmd1_noise40_seed0004_d011,d011,resnet32:12,cifar100,12,matched,mwmd1,peers,4,200,64,0.1,0.9,0.0005,True,0,60,0.1,1.0,1,,disagreement,1.0,1,0.0,0.5,weight,complete,0.4,0.398956,42,0,45000,5000,10000,5640048,113,0.010000000000000002,1,103.55,0.519475,0.008422007381458022,0.4966,0.5329,0.5769,0.05742499999999995,0.5127666666666666,0.5702,0.3909333333333332,0.6219995223551102,0.38776969696969704,0.6282288179392066,0.519475,resnet32,0.5329,0.5276,3.3323165466162292,3.14197570017793,0.19034084493548356,resnet32,0.4966,0.4956,3.3503612645647745,3.1607546288181436,0.18960663572546432,resnet32,0.5215,0.5148,3.3311156549236993,3.142403686249798,0.18871196913956242,resnet32,0.5193,0.509,3.29561887410554,3.1027073365720836,0.19291153829544783,resnet32,0.5245,0.5128,3.311747278679501,3.121332321316004,0.19041495651684023,resnet32,0.52,0.5102,3.3182297254150566,3.126040555198084,0.1921891723547808,resnet32,0.5157,0.5172,3.3522457216273653,3.16064341975884,0.19160230322317642,resnet32,0.525,0.5174,3.324519268829714,3.1341040554371746,0.19041522071612152,resnet32,0.5225,0.5168,3.329800037497824,3.141242166134444,0.18855787204070526,resnet32,0.513,0.5008,3.335067218338901,3.1430131325667556,0.19205408223735337,resnet32,0.5186,0.5126,3.32393025403673,3.1355212581428615,0.1884089962536977,resnet32,0.5241,0.5184,3.3180362971668895,3.1294532364064995,0.1885830654593354,4500000.0,5000.0,18010000.0,2053140000.0,24637680000.0
resnet32x12_cifar100_K12_mwmd1_noise40_seed0004_d011,d011,resnet32:12,cifar100,12,matched,mwmd1,peers,4,200,64,0.1,0.9,0.0005,True,0,60,0.1,1.0,1,,disagreement,1.0,1,0.0,0.5,weight,complete,0.4,0.398956,42,0,45000,5000,10000,5640048,114,0.010000000000000002,1,102.63,0.5236999999999999,0.008782938005018597,0.5079,0.5368,0.5772,0.0535000000000001,0.5184666666666666,0.5658,0.3778636363636364,0.6426550391723935,0.3828575757575758,0.6368228463584742,0.5236999999999999,resnet32,0.5205,0.518,3.330297461287542,3.1391595036468725,0.19113795711150902,resnet32,0.5277,0.5158,3.3467310873622242,3.156510096382011,0.19022098590027203,resnet32,0.5286,0.528,3.3291069716215134,3.1400943747298284,0.1890125936743888,resnet32,0.5281,0.5232,3.295767391947183,3.1002430522983726,0.1955243410034613,resnet32,0.5175,0.5178,3.3178932558406484,3.126966857774691,0.19092639931477606,resnet32,0.5184,0.5194,3.319154094904661,3.1279138807546008,0.1912402159703726,resnet32,0.5193,0.5078,3.3483578637242317,3.1596142771569165,0.18874359200708568,resnet32,0.5368,0.5336,3.3265887630934063,3.13547894731164,0.19110981684008782,resnet32,0.5079,0.5012,3.3346100226044655,3.1473516771061854,0.1872583432969722,resnet32,0.5352,0.532,3.3323143161833286,3.141891480169513,0.1904228326483545,resnet32,0.5325,0.5198,3.331498383121057,3.1368032297627493,0.19469515098766846,resnet32,0.5119,0.505,3.3234947002069517,3.1360555965114725,0.18743910003368827,4500000.0,5000.0,18010000.0,2071150000.0,24853800000.0
resnet32x12_cifar100_K12_mwmd1_noise40_seed0004_d011,d011,resnet32:12,cifar100,12,matched,mwmd1,peers,4,200,64,0.1,0.9,0.0005,True,0,60,0.1,1.0,1,,disagreement,1.0,1,0.0,0.5,weight,complete,0.4,0.398956,42,0,45000,5000,10000,5640048,115,0.010000000000000002,1,102.24,0.5281083333333334,0.009916018886405751,0.5108,0.5407,0.5815,0.053391666666666615,0.5238333333333333,0.5762,0.37720606060606066,0.637784791351819,0.37833636363636364,0.6397245061274552,0.5281083333333334,resnet32,0.5357,0.5394,3.3268120292235506,3.1384994072670285,0.1883126210886985,resnet32,0.5286,0.5238,3.3389623744243924,3.150727065788074,0.188235309059647,resnet32,0.5108,0.5102,3.3274590677835723,3.1381460482423957,0.18931302125565708,resnet32,0.5399,0.5312,3.291452906687151,3.1011569245972415,0.19029598342339424,resnet32,0.5187,0.5212,3.3106007071381267,3.121361520141363,0.1892391890922392,resnet32,0.5407,0.5292,3.31367765604095,3.1243677911433307,0.18930986341597003,resnet32,0.5359,0.5248,3.3482568473978476,3.15460088273341,0.1936559651935981,resnet32,0.5206,0.5088,3.328290985727852,3.1341494701125403,0.1941415158693086,resnet32,0.5193,0.5166,3.32910581915216,3.141055242920464,0.18805058135397054,resnet32,0.5306,0.5282,3.3265910053795036,3.138328247110952,0.18826275994069874,resnet32,0.5174,0.5176,3.3218433812937955,3.1321563388813627,0.18968704385174948,resnet32,0.5391,0.535,3.3224201083860616,3.1333663802255285,0.1890537308063358,4500000.0,5000.0,18010000.0,2089160000.0,25069920000.0
resnet32x12_cifar100_K12_mwmd1_noise40_seed0004_d011,d011,resnet32:12,cifar100,12,matched,mwmd1,peers,4,200,64,0.1,0.9,0.0005,True,0,60,0.1,1.0,1,,disagreement,1.0,1,0.0,0.5,weight,complete,0.4,0.398956,42,0,45000,5000,10000,5640048,116,0.010000000000000002,1,102.62,0.5387583333333333,0.0056024486214114955,0.5304,0.5487,0.5948,0.056041666666666656,0.5338166666666666,0.5864,0.3685424242424241,0.6383827898533155,0.370428787878788,0.6310058680383416,0.5387583333333333,resnet32,0.532,0.5282,3.3296830108897253,3.1389252851632508,0.190757726657797,resnet32,0.5337,0.5262,3.343282189558853,3.152642395347357,0.19063979319550775,resnet32,0.5375,0.5314,3.333244617012414,3.1400611834092573,0.1931834309361875,resnet32,0.5442,0.5342,3.2919847128743474,3.0981720391322267,0.19381267968988555,resnet32,0.5487,0.5468,3.3106325668367473,3.1197181127288123,0.1909144537269392,resnet32,0.5384,0.5374,3.3165435750376093,3.1230068142441185,0.1935367603701624,resnet32,0.5365,0.5312,3.350859880108725,3.1597306548871775,0.19112922687252815,resnet32,0.5432,0.5368,3.3257060548798605,3.1344441917132246,0.19126186325130137,resnet32,0.5304,0.523,3.333905405618928,3.1431096355346115,0.19079576403071935,resnet32,0.5339,0.5296,3.335785943676125,3.142835746095939,0.19295019829984417,resnet32,0.5405,0.5382,3.3272784941575746,3.1366547258062796,0.19062377127226104,resnet32,0.5461,0.5428,3.3235906508158553,3.1319812522693113,0.19160940244116567,4500000.0,5000.0,18010000.0,2107170000.0,25286040000.0
resnet32x12_cifar100_K12_mwmd1_noise40_seed0004_d011,d011,resnet32:12,cifar100,12,matched,mwmd1,peers,4,200,64,0.1,0.9,0.0005,True,0,60,0.1,1.0,1,,disagreement,1.0,1,0.0,0.5,weight,complete,0.4,0.398956,42,0,45000,5000,10000,5640048,117,0.010000000000000002,1,101.67,0.5349666666666666,0.009872464512752399,0.5175,0.5487,0.59,0.05503333333333338,0.52985,0.5852,0.37626666666666664,0.6332632936710514,0.37980606060606054,0.6337710884175479,0.5349666666666666,resnet32,0.5367,0.5352,3.3321834342046217,3.1384895782579076,0.19369385567155073,resnet32,0.5249,0.525,3.3421118543906645,3.150161947716366,0.1919499043036591,resnet32,0.5339,0.5278,3.3268327330323784,3.135108694095503,0.19172403478825634,resnet32,0.5421,0.5338,3.2924918488345365,3.0961842249062927,0.19630761988545684,resnet32,0.5448,0.5362,3.310975866561586,3.1183467426083307,0.19262912791137668,resnet32,0.5487,0.5414,3.3152440430765804,3.118982871486382,0.19626117195002735,resnet32,0.5175,0.5124,3.3439261598343197,3.1518437418748033,0.1920824186156758,resnet32,0.5332,0.5312,3.3251311772248964,3.1305539198219776,0.19457725727592,resnet32,0.5465,0.5402,3.332519290122119,3.140356931835413,0.19216236408630555,resnet32,0.5196,0.5178,3.3261920376257463,3.134668742729859,0.19152329373173416,resnet32,0.5408,0.5362,3.3228633166714148,3.1286454292183574,0.1942178852094168,resnet32,0.5309,0.521,3.320112463764169,3.1265176941048014,0.19359476692889901,4500000.0,5000.0,18010000.0,2125180000.0,25502160000.0
resnet32x12_cifar100_K12_mwmd1_noise40_seed0004_d011,d011,resnet32:12,cifar100,12,matched,mwmd1,peers,4,200,64,0.1,0.9,0.0005,True,0,60,0.1,1.0,1,,disagreement,1.0,1,0.0,0.5,weight,complete,0.4,0.398956,42,0,45000,5000,10000,5640048,118,0.010000000000000002,1,101.81,0.539675,0.007846668613706927,0.5256,0.5533,0.596,0.05632499999999996,0.5305,0.5908,0.37583636363636364,0.6299676843867007,0.3772075757575759,0.6320833020043853,0.539675,resnet32,0.5425,0.5324,3.3251629173755646,3.1301117217676206,0.19505119539627974,resnet32,0.5433,0.5254,3.3443188460713085,3.1482936296273363,0.19602521307851103,resnet32,0.5483,0.535,3.3324884978885,3.1344792477109213,0.19800924996591426,resnet32,0.5533,0.5502,3.2905172123150392,3.091612529686906,0.1989046862899241,resnet32,0.5256,0.5074,3.306491720744155,3.110358549789949,0.1961331695466387,resnet32,0.5423,0.5356,3.3081709999929774,3.113728378984061,0.19444262494587086,resnet32,0.5312,0.524,3.344148351726207,3.1494896740398626,0.19465868172913112,resnet32,0.5418,0.5388,3.3230308541520075,3.126102489503947,0.1969283657487143,resnet32,0.5348,0.5228,3.326135848394849,3.1339163414456626,0.19221950762651183,resnet32,0.528,0.5198,3.324582327495922,3.132192610339685,0.1923897220880132,resnet32,0.5421,0.5384,3.3220087740231645,3.1277623440731657,0.19424642962191932,resnet32,0.5429,0.5362,3.3173551860858095,3.1213398443704303,0.19601534154604783,4500000.0,5000.0,18010000.0,2143190000.0,25718280000.0
resnet32x12_cifar100_K12_mwmd1_noise40_seed0004_d011,d011,resnet32:12,cifar100,12,matched,mwmd1,peers,4,200,64,0.1,0.9,0.0005,True,0,60,0.1,1.0,1,,disagreement,1.0,1,0.0,0.5,weight,complete,0.4,0.398956,42,0,45000,5000,10000,5640048,119,0.010000000000000002,1,102.01,0.5323749999999999,0.008463069281688908,0.5217,0.5525,0.5839,0.05152500000000004,0.5233833333333334,0.5714,0.373760606060606,0.6398174164251477,0.37341818181818187,0.6384284569741897,0.5323749999999999,resnet32,0.5217,0.5154,3.321008661253886,3.127908445217393,0.1931002147665078,resnet32,0.5268,0.5222,3.3370722637257795,3.1437945799394087,0.1932776789815927,resnet32,0.5337,0.5158,3.322659558531913,3.1295022818852556,0.19315728189593012,resnet32,0.5525,0.5406,3.2831329086964782,3.086417616429654,0.196715294722129,resnet32,0.5401,0.5328,3.3031232387504796,3.108577800406651,0.19454544022763995,resnet32,0.5342,0.5232,3.3128421645272863,3.1160107773136008,0.19683138308623296,resnet32,0.5242,0.5146,3.3429935273121703,3.146737871860916,0.1962556565942412,resnet32,0.5258,0.5146,3.313881116495891,3.119653509421782,0.19422760940241543,resnet32,0.523,0.5174,3.3275659070773558,3.1337296955964784,0.19383621156554331,resnet32,0.5354,0.5338,3.329691722311757,3.1339230530641298,0.1957686679353091,resnet32,0.5326,0.527,3.317785596305674,3.124307345260273,0.19347824914042244,resnet32,0.5385,0.5232,3.3163364234973085,3.122130948711525,0.19420547514561226,4500000.0,5000.0,18010000.0,2161200000.0,25934400000.0
resnet32x12_cifar100_K12_mwmd1_noise40_seed0004_d011,d011,resnet32:12,cifar100,12,matched,mwmd1,peers,4,200,64,0.1,0.9,0.0005,True,0,60,0.1,1.0,1,,disagreement,1.0,1,0.0,0.5,weight,complete,0.4,0.398956,42,0,45000,5000,10000,5640048,120,0.0010000000000000002,1,101.53,0.5859833333333334,0.0028693301579908203,0.5808,0.5899,0.6242,0.038216666666666566,0.5815833333333333,0.6202,0.3014515151515151,0.6813549181275806,0.30528636363636374,0.6823437090951288,0.5859833333333334,resnet32,0.5821,0.5806,3.154396356506781,2.9888804687017743,0.1655158919007094,resnet32,0.5872,0.5776,3.1721790331331166,3.0079222717745737,0.16425676342226903,resnet32,0.5837,0.5774,3.1555358699776908,2.990688145160675,0.16484772295437075,resnet32,0.5899,0.5906,3.111123976721005,2.9445979666303503,0.1665260097731582,resnet32,0.5858,0.585,3.1279882866550577,2.9648905535313217,0.16309772895395078,resnet32,0.5883,0.5834,3.137234477495605,2.9718465591696175,0.16538791957480664,resnet32,0.5808,0.5792,3.1778070107102394,3.007936979559335,0.16987003159539943,resnet32,0.5894,0.579,3.1475109112533657,2.982224241237749,0.1652866697827862,resnet32,0.5831,0.5826,3.159875105050477,2.995109725743532,0.16476537996310403,resnet32,0.5853,0.5836,3.164360233328559,2.994325003502044,0.17003523111766713,resnet32,0.5881,0.5808,3.150099029595202,2.9874622723595663,0.1626367616170848,resnet32,0.5881,0.5792,3.1473153209821745,2.9825386994264345,0.164776618338444,4500000.0,5000.0,18010000.0,2179210000.0,26150520000.0
resnet32x12_cifar100_K12_mwmd1_noise40_seed0004_d011,d011,resnet32:12,cifar100,12,matched,mwmd1,peers,4,200,64,0.1,0.9,0.0005,True,0,60,0.1,1.0,1,,disagreement,1.0,1,0.0,0.5,weight,complete,0.4,0.398956,42,0,45000,5000,10000,5640048,121,0.0010000000000000002,1,102.04,0.5894666666666667,0.0030671195317793277,0.585,0.5944,0.6321,0.0426333333333333,0.5878333333333333,0.6312,0.299669696969697,0.6821128944812793,0.30429090909090906,0.6785938055467023,0.5894666666666667,resnet32,0.5853,0.587,3.1015834744003685,2.933435536243699,0.16814794232645494,resnet32,0.5904,0.586,3.123508667742664,2.9553665034472942,0.16814216268672186,resnet32,0.5864,0.5852,3.0998630408536303,2.9342282129959627,0.16563482756133785,resnet32,0.5927,0.592,3.0536298971961844,2.884380828589201,0.16924907015213234,resnet32,0.5892,0.5958,3.080717245963487,2.9126571088351985,0.16806013820777563,resnet32,0.5944,0.5894,3.0854845754802227,2.9180166585878893,0.16746791698758237,resnet32,0.585,0.5824,3.1234225999902594,2.955629828640006,0.16779276957227426,resnet32,0.593,0.585,3.097997159443118,2.9301284809004176,0.1678686753042381,resnet32,0.5897,0.5878,3.107121500779282,2.9401406408710913,0.16698085916736585,resnet32,0.5859,0.587,3.1033535257659177,2.9377465627410193,0.16560696355405857,resnet32,0.5899,0.59,3.0996587957170876,2.9314562241462143,0.1682025732430206,resnet32,0.5917,0.5864,3.096217626875097,2.927481749518351,0.16873587762132625,4500000.0,5000.0,18010000.0,2197220000.0,26366640000.0
resnet32x12_cifar100_K12_mwmd1_noise40_seed0004_d011,d011,resnet32:12,cifar100,12,matched,mwmd1,peers,4,200,64,0.1,0.9,0.0005,True,0,60,0.1,1.0,1,,disagreement,1.0,1,0.0,0.5,weight,complete,0.4,0.398956,42,0,45000,5000,10000,5640048,122,0.0010000000000000002,1,102.06,0.5918499999999999,0.0041540141229097,0.5825,0.598,0.632,0.04015000000000013,0.5902333333333335,0.6296,0.3013666666666668,0.674517028919724,0.30561363636363637,0.6769213744480764,0.5918499999999999,resnet32,0.5875,0.5864,3.084641030566259,2.9092913554473356,0.1753496764524078,resnet32,0.5916,0.5844,3.1058720336718992,2.931533681398088,0.17433834897184913,resnet32,0.589,0.5882,3.0853580375286667,2.9112071662463923,0.17415087604471904,resnet32,0.5952,0.595,3.032684291966937,2.857400906356898,0.17528338455171746,resnet32,0.593,0.5982,3.0602711239321665,2.8869569415057246,0.1733141840456731,resnet32,0.5932,0.5934,3.0695219171995465,2.894340581514619,0.17518133522984994,resnet32,0.5825,0.5858,3.105929243971001,2.9323278357359497,0.1736014077270573,resnet32,0.5975,0.5868,3.07419733161276,2.901224823160605,0.17297250663184308,resnet32,0.5903,0.5914,3.084610824557868,2.9143233106217603,0.17028751550242305,resnet32,0.5905,0.5936,3.0852776640518145,2.914577159353278,0.17070050389421257,resnet32,0.5939,0.586,3.0792091986672445,2.903961069543253,0.17524812785400587,resnet32,0.598,0.5936,3.0761780474673617,2.9021330723031,0.17404497624374926,4500000.0,5000.0,18010000.0,2215230000.0,26582760000.0
resnet32x12_cifar100_K12_mwmd1_noise40_seed0004_d011,d011,resnet32:12,cifar100,12,matched,mwmd1,peers,4,200,64,0.1,0.9,0.0005,True,0,60,0.1,1.0,1,,disagreement,1.0,1,0.0,0.5,weight,complete,0.4,0.398956,42,0,45000,5000,10000,5640048,123,0.0010000000000000002,1,102.3,0.5913833333333334,0.0036043569313941224,0.5865,0.597,0.6334,0.04201666666666659,0.5868666666666665,0.6274,0.3073363636363635,0.672576341092151,0.30866515151515156,0.6746336500261089,0.5913833333333334,resnet32,0.5865,0.5874,3.0706182433800264,2.8904662911187518,0.18015195173211396,resnet32,0.592,0.5854,3.096459699286656,2.9146930033510383,0.18176669153300198,resnet32,0.5887,0.5834,3.0703964125026357,2.8900897066024216,0.18030670598487963,resnet32,0.5966,0.59,3.0199969048527153,2.83992977169427,0.18006713199429214,resnet32,0.5919,0.5934,3.048602062531493,2.868017902767116,0.18058415658941324,resnet32,0.597,0.5902,3.0534827780317175,2.8753027882088316,0.1781799883624031,resnet32,0.5866,0.5802,3.098908932710236,2.9168823422356085,0.18202659108845348,resnet32,0.5943,0.5884,3.0668763728304342,2.8866649002514104,0.18021146716042,resnet32,0.5888,0.5858,3.0769233632494104,2.899124651469968,0.17779871772720732,resnet32,0.5874,0.5852,3.0761467909271065,2.89428325234489,0.18186354110102085,resnet32,0.5921,0.5844,3.0677097355100242,2.88871331512928,0.17899642230688848,resnet32,0.5947,0.5886,3.068579454313625,2.886197726834904,0.1823817265050655,4500000.0,5000.0,18010000.0,2233240000.0,26798880000.0
resnet32x12_cifar100_K12_mwmd1_noise40_seed0004_d011,d011,resnet32:12,cifar100,12,matched,mwmd1,peers,4,200,64,0.1,0.9,0.0005,True,0,60,0.1,1.0,1,,disagreement,1.0,1,0.0,0.5,weight,complete,0.4,0.398956,42,0,45000,5000,10000,5640048,124,0.0010000000000000002,1,102.06,0.5934166666666667,0.0031341754187593734,0.5873,0.5987,0.6369,0.04348333333333332,0.5894499999999999,0.6294,0.308469696969697,0.6687436276762082,0.31077121212121217,0.6721079227969977,0.5934166666666667,resnet32,0.5906,0.5908,3.060408669777892,2.8761314495720645,0.18427722406869923,resnet32,0.5923,0.5842,3.0855641321025113,2.9009849198839883,0.18457921158353036,resnet32,0.5895,0.5856,3.0629823245108128,2.878579271787947,0.18440304944207045,resnet32,0.5976,0.5938,3.015234190293334,2.8274374118244108,0.18779678223654628,resnet32,0.5949,0.5944,3.0393484089184892,2.853473664684729,0.185874745990573,resnet32,0.5987,0.5912,3.0492719780992377,2.864988825707273,0.18428314894183792,resnet32,0.5873,0.5868,3.086712113496932,2.903563377532092,0.1831487342291935,resnet32,0.5961,0.5896,3.056570847264745,2.872116216204383,0.1844546313778582,resnet32,0.5929,0.5874,3.073799459094351,2.8875006891109725,0.18629876972938125,resnet32,0.5932,0.5904,3.0676060666076164,2.8822308992120353,0.18537516885606403,resnet32,0.5943,0.5864,3.0610027445310894,2.876541018486023,0.1844617281828753,resnet32,0.5936,0.5928,3.0568130642853,2.8718047717755493,0.18500829354690557,4500000.0,5000.0,18010000.0,2251250000.0,27015000000.0
resnet32x12_cifar100_K12_mwmd1_noise40_seed0004_d011,d011,resnet32:12,cifar100,12,matched,mwmd1,peers,4,200,64,0.1,0.9,0.0005,True,0,60,0.1,1.0,1,,disagreement,1.0,1,0.0,0.5,weight,complete,0.4,0.398956,42,0,45000,5000,10000,5640048,125,0.0010000000000000002,1,102.78,0.5922416666666667,0.00379043936180962,0.585,0.5983,0.6362,0.04395833333333332,0.5865333333333334,0.6356,0.31509090909090903,0.6644559529151667,0.3151787878787879,0.6690804559174709,0.5922416666666667,resnet32,0.5905,0.5824,3.056888485835357,2.8686399835754526,0.18824849938127128,resnet32,0.5911,0.5812,3.0833761766552925,2.8962023095651106,0.18717386584136297,resnet32,0.5891,0.581,3.059844782745296,2.869187359105457,0.19065742467699404,resnet32,0.5983,0.5958,3.0093377340923655,2.8174347640438513,0.19190296549773353,resnet32,0.5902,0.5912,3.031509084119038,2.843892763961445,0.18761632130057973,resnet32,0.5964,0.5934,3.047234320843762,2.8570315356958997,0.19020278485153208,resnet32,0.585,0.581,3.087329501116818,2.895950384438038,0.19137911540879446,resnet32,0.5938,0.5892,3.0512980960986833,2.863636842844161,0.18766125331802125,resnet32,0.5921,0.5872,3.072323974221945,2.880678844045509,0.19164512960494243,resnet32,0.5883,0.5866,3.0654021037573163,2.877834329212254,0.1875677707562731,resnet32,0.5955,0.5826,3.0586055899885567,2.8701679239218887,0.18843766670166093,resnet32,0.5966,0.5868,3.055194292556156,2.865236810323867,0.18995748022147876,4500000.0,5000.0,18010000.0,2269260000.0,27231120000.0
resnet32x12_cifar100_K12_mwmd1_noise40_seed0004_d011,d011,resnet32:12,cifar100,12,matched,mwmd1,peers,4,200,64,0.1,0.9,0.0005,True,0,60,0.1,1.0,1,,disagreement,1.0,1,0.0,0.5,weight,complete,0.4,0.398956,42,0,45000,5000,10000,5640048,126,0.0010000000000000002,1,101.98,0.5898666666666665,0.004055517503626658,0.583,0.5971,0.6373,0.04743333333333344,0.58535,0.6284,0.3175606060606061,0.6619941491218612,0.31917727272727264,0.6653897608898598,0.5898666666666665,resnet32,0.5895,0.587,3.0454137118702587,2.8559030565348538,0.1895106520334428,resnet32,0.5852,0.5804,3.076304437761957,2.884108021178029,0.19219641436145388,resnet32,0.586,0.579,3.0488152148371395,2.856085197830742,0.1927300170698965,resnet32,0.5953,0.5934,2.999623732472008,2.805870283056389,0.1937534467063167,resnet32,0.5862,0.5868,3.02628190476786,2.8324804868210447,0.1938014147930186,resnet32,0.5971,0.588,3.0377389653162523,2.8458229689435526,0.19191599832001058,resnet32,0.583,0.5766,3.0779746496541933,2.8871288025243715,0.1908458475319838,resnet32,0.5931,0.5874,3.045387001200156,2.8524305837398227,0.19295641832815652,resnet32,0.5896,0.5818,3.053411054340276,2.8670108761977064,0.18640017761340874,resnet32,0.5901,0.5866,3.0535758801481943,2.867046170952645,0.18652970826422627,resnet32,0.5924,0.5892,3.0474697449667887,2.857992013408379,0.18947773189707237,resnet32,0.5909,0.588,3.047812247479504,2.855070798911832,0.19274144363589585,4500000.0,5000.0,18010000.0,2287270000.0,27447240000.0
resnet32x12_cifar100_K12_mwmd1_noise40_seed0004_d011,d011,resnet32:12,cifar100,12,matched,mwmd1,peers,4,200,64,0.1,0.9,0.0005,True,0,60,0.1,1.0,1,,disagreement,1.0,1,0.0,0.5,weight,complete,0.4,0.398956,42,0,45000,5000,10000,5640048,127,0.0010000000000000002,1,101.84,0.5904333333333334,0.003264029547796535,0.5838,0.595,0.6389,0.04846666666666666,0.5857166666666667,0.6342,0.3181060606060606,0.6595803582004223,0.31841818181818177,0.6665462093384998,0.5904333333333334,resnet32,0.5867,0.586,3.045336324382912,2.8455121710219164,0.19982414825988765,resnet32,0.5893,0.5792,3.066546033051881,2.871839747002179,0.19470628327690065,resnet32,0.5887,0.5812,3.042655024338852,2.8446440534158186,0.19801096700724552,resnet32,0.5932,0.5946,2.9918250373818656,2.790003228255294,0.20182180978273126,resnet32,0.5908,0.5906,3.0175272708928045,2.8212076666002925,0.19631960027089174,resnet32,0.594,0.5856,3.0251515829427675,2.830100193111734,0.19505138870921324,resnet32,0.5838,0.5844,3.072181824594736,2.873739241707054,0.19844258223152297,resnet32,0.595,0.5838,3.03807227127254,2.8403935811736365,0.19767868893475019,resnet32,0.5909,0.5844,3.04850019548427,2.8536471104757353,0.19485308524136516,resnet32,0.5877,0.5838,3.048380391841585,2.8531955235045063,0.19518486765975301,resnet32,0.5906,0.5862,3.036697331477295,2.8408341993662445,0.19586312872442332,resnet32,0.5945,0.5888,3.0398848986422475,2.840867716988379,0.19901718258519063,4500000.0,5000.0,18010000.0,2305280000.0,27663360000.0
resnet32x12_cifar100_K12_mwmd1_noise40_seed0004_d011,d011,resnet32:12,cifar100,12,matched,mwmd1,peers,4,200,64,0.1,0.9,0.0005,True,0,60,0.1,1.0,1,,disagreement,1.0,1,0.0,0.5,weight,complete,0.4,0.398956,42,0,45000,5000,10000,5640048,128,0.0010000000000000002,1,102.51,0.5892583333333333,0.0038082056871387104,0.5827,0.5955,0.6358,0.0465416666666667,0.5866,0.6336,0.32113030303030293,0.6568558775464806,0.32452727272727266,0.6590834235509143,0.5892583333333333,resnet32,0.5827,0.5864,3.045398658310825,2.8438815508376467,0.20151711369610645,resnet32,0.5871,0.5818,3.068826299160719,2.8668360872702165,0.20199021299115635,resnet32,0.588,0.5848,3.0409716953608124,2.8402829085561363,0.20068878595801917,resnet32,0.5955,0.5932,2.988792745904489,2.784321019764651,0.20447172633033583,resnet32,0.5873,0.59,3.0151768404651773,2.815679021179676,0.19949782000515948,resnet32,0.5937,0.5894,3.0233261422677473,2.8244122703644363,0.1989138679663566,resnet32,0.5829,0.5824,3.0670325309038162,2.866969910873608,0.20006261943754824,resnet32,0.5928,0.5862,3.03487647020004,2.8358980999751524,0.19897836973805996,resnet32,0.5891,0.585,3.0472958473996683,2.849059986797246,0.19823586409488184,resnet32,0.5892,0.5854,3.047797912901098,2.8469409688629885,0.2008569469590756,resnet32,0.5916,0.5904,3.0353287529538977,2.8367449871518393,0.19858376080678267,resnet32,0.5912,0.5842,3.032538817687468,2.834310614249923,0.1982281995429234,4500000.0,5000.0,18010000.0,2323290000.0,27879480000.0
resnet32x12_cifar100_K12_mwmd1_noise40_seed0004_d011,d011,resnet32:12,cifar100,12,matched,mwmd1,peers,4,200,64,0.1,0.9,0.0005,True,0,60,0.1,1.0,1,,disagreement,1.0,1,0.0,0.5,weight,complete,0.4,0.398956,42,0,45000,5000,10000,5640048,129,0.0010000000000000002,1,102.92,0.5914166666666666,0.0030631773627323067,0.5848,0.5963,0.64,0.04858333333333342,0.5889166666666668,0.6376,0.32150000000000006,0.652661471251542,0.3223227272727272,0.6599530149416413,0.5914166666666666,resnet32,0.5922,0.591,3.0314849601550535,2.8289081322198566,0.20257682634771548,resnet32,0.5906,0.5852,3.0608337088064714,2.8590125763280825,0.2018211344256997,resnet32,0.5904,0.59,3.0397378622808238,2.8366109749132935,0.2031268844888969,resnet32,0.5963,0.5966,2.9881988056004047,2.7798121005974035,0.2083867092362859,resnet32,0.5868,0.5892,3.0117913108657706,2.809549530798739,0.20224178341132673,resnet32,0.5918,0.5872,3.0182881700721653,2.8187848884950983,0.19950327577746726,resnet32,0.5848,0.5848,3.0695578195154667,2.863404306498441,0.2061535130381923,resnet32,0.5935,0.5876,3.030437908389352,2.8287200761789624,0.2017178350466896,resnet32,0.5923,0.5862,3.0438821061768313,2.8409467617219146,0.20293534312143244,resnet32,0.5908,0.589,3.044632777571678,2.840997335247018,0.20363544520329346,resnet32,0.5922,0.5884,3.0319526002488355,2.832645581188527,0.1993070169648325,resnet32,0.5953,0.5918,3.034531878815456,2.8304776190356775,0.2040542626584118,4500000.0,5000.0,18010000.0,2341300000.0,28095600000.0
resnet32x12_cifar100_K12_mwmd1_noise40_seed0004_d011,d011,resnet32:12,cifar100,12,matched,mwmd1,peers,4,200,64,0.1,0.9,0.0005,True,0,60,0.1,1.0,1,,disagreement,1.0,1,0.0,0.5,weight,complete,0.4,0.398956,42,0,45000,5000,10000,5640048,130,0.0010000000000000002,1,101.89,0.5889416666666666,0.0035497554688863914,0.5813,0.5945,0.6393,0.050358333333333394,0.58725,0.6364,0.323290909090909,0.6531298897450759,0.3243924242424244,0.6592532014156193,0.5889416666666666,resnet32,0.5866,0.5882,3.0233895944600757,2.8193804012103514,0.20400919705968013,resnet32,0.5858,0.5838,3.0567745562981474,2.8496952348134736,0.20707932624711908,resnet32,0.5872,0.5854,3.028123756701296,2.8236789041283457,0.20444485151462935,resnet32,0.5934,0.591,2.9759583435952663,2.7664379634979097,0.2095203799703582,resnet32,0.5885,0.5916,3.004947155375372,2.7961745705794203,0.20877258509228175,resnet32,0.5932,0.5926,3.014580750668591,2.807702534578063,0.20687821158207953,resnet32,0.5813,0.58,3.0594136860560286,2.8501681492409925,0.20924553910101001,resnet32,0.5945,0.5882,3.025765353644436,2.8181292841380294,0.207636071623049,resnet32,0.5907,0.5868,3.0379842181097376,2.830355431207202,0.2076287850610573,resnet32,0.5896,0.5876,3.0393703424117784,2.8295968642288987,0.20977347538891164,resnet32,0.5889,0.5834,3.029854031787677,2.822603144090284,0.20725088943303985,resnet32,0.5876,0.5884,3.026292023672299,2.820357234301892,0.20593479347669266,4500000.0,5000.0,18010000.0,2359310000.0,28311720000.0
resnet32x12_cifar100_K12_mwmd1_noise40_seed0004_d011,d011,resnet32:12,cifar100,12,matched,mwmd1,peers,4,200,64,0.1,0.9,0.0005,True,0,60,0.1,1.0,1,,disagreement,1.0,1,0.0,0.5,weight,complete,0.4,0.398956,42,0,45000,5000,10000,5640048,131,0.0010000000000000002,1,102.1,0.59065,0.003228389691471586,0.5832,0.5947,0.6392,0.04854999999999998,0.58565,0.6346,0.3243666666666665,0.6584728308994425,0.32522575757575745,0.6593865552300343,0.59065,resnet32,0.5901,0.5874,3.0278124429962854,2.818424692885442,0.20938774964518167,resnet32,0.5883,0.58,3.0593655431135134,2.8473560088737444,0.2120095301334831,resnet32,0.589,0.582,3.0323037376457993,2.822233267805793,0.21007046655921097,resnet32,0.5934,0.592,2.9830171167850494,2.7683894116092813,0.21462770873172718,resnet32,0.588,0.5876,3.003824554045092,2.7926546006717463,0.2111699557863176,resnet32,0.5945,0.5906,3.0173399583859877,2.8055905110456725,0.21174945138310167,resnet32,0.5832,0.5812,3.061677277426828,2.85148333046924,0.2101939462802627,resnet32,0.5936,0.5876,3.0253128016536888,2.8149690116671,0.21034378844143992,resnet32,0.5911,0.5872,3.039513418620283,2.832748431373726,0.20676498548974367,resnet32,0.5892,0.5834,3.0342331362718884,2.827662204815583,0.20657092982649125,resnet32,0.5947,0.5826,3.0254736867817966,2.8160201250152155,0.20945356153375047,resnet32,0.5927,0.5862,3.0253915546292607,2.8153227977454662,0.2100687583231113,4500000.0,5000.0,18010000.0,2377320000.0,28527840000.0
resnet32x12_cifar100_K12_mwmd1_noise40_seed0004_d011,d011,resnet32:12,cifar100,12,matched,mwmd1,peers,4,200,64,0.1,0.9,0.0005,True,0,60,0.1,1.0,1,,disagreement,1.0,1,0.0,0.5,weight,complete,0.4,0.398956,42,0,45000,5000,10000,5640048,132,0.0010000000000000002,1,101.84,0.5886,0.004109136162260854,0.5807,0.5961,0.6389,0.05030000000000001,0.5851833333333333,0.6366,0.32493939393939386,0.6522545222801366,0.3275681818181819,0.6536500765146106,0.5886,resnet32,0.5872,0.5888,3.0188897015018896,2.8094608783721924,0.20942882340486077,resnet32,0.5835,0.5832,3.049648963930932,2.8373564058406786,0.21229256022806195,resnet32,0.5862,0.5816,3.024048239331354,2.8141827034679325,0.20986554011787203,resnet32,0.5961,0.5886,2.9720797796141016,2.7559036419472913,0.2161761385769668,resnet32,0.5871,0.5892,3.0009070848199455,2.7868815420026127,0.21402554070069033,resnet32,0.5942,0.5898,3.0101300522007723,2.7971836531704124,0.2129463984377005,resnet32,0.5807,0.5806,3.0552946613593535,2.841709705916318,0.2135849577501755,resnet32,0.5911,0.5854,3.020162007348104,2.80740876969966,0.21275323485447603,resnet32,0.5868,0.5828,3.037498812783848,2.8236234858632088,0.21387533011676912,resnet32,0.5899,0.5812,3.027934727004983,2.8184013058516113,0.20953341882506554,resnet32,0.5898,0.5838,3.0190306187353353,2.809442875398831,0.209587742426348,resnet32,0.5906,0.5872,3.018867089328441,2.80408212677999,0.21478495939465408,4500000.0,5000.0,18010000.0,2395330000.0,28743960000.0
resnet32x12_cifar100_K12_mwmd1_noise40_seed0004_d011,d011,resnet32:12,cifar100,12,matched,mwmd1,peers,4,200,64,0.1,0.9,0.0005,True,0,60,0.1,1.0,1,,disagreement,1.0,1,0.0,0.5,weight,complete,0.4,0.398956,42,0,45000,5000,10000,5640048,133,0.0010000000000000002,1,101.91,0.5889083333333334,0.0034262365975253725,0.5831,0.5939,0.638,0.049091666666666645,0.5854499999999999,0.6356,0.3291454545454546,0.6499388571141733,0.33075454545454547,0.6525510194116938,0.5889083333333334,resnet32,0.5868,0.5904,3.0222477076405827,2.806477742100304,0.21576996357180178,resnet32,0.5864,0.5834,3.053947242823514,2.836221467703581,0.2177257732784545,resnet32,0.5858,0.583,3.0288815271448004,2.812405989590016,0.2164755352264778,resnet32,0.5939,0.5908,2.97172499448061,2.7539401867172937,0.2177848081231456,resnet32,0.5856,0.5876,3.0025355345146223,2.7865100337023083,0.21602550807239657,resnet32,0.5906,0.5842,3.0117647966200654,2.796106218953024,0.2156585758890618,resnet32,0.5831,0.5828,3.0558940429579127,2.841142016039653,0.21475202588110484,resnet32,0.5937,0.5862,3.0200295830992134,2.8038444353098217,0.21618514704856684,resnet32,0.5913,0.5808,3.0263366265730425,2.817190742289478,0.20914588335224174,resnet32,0.5884,0.5862,3.0248767100274563,2.8156172043897887,0.2092595035421916,resnet32,0.5881,0.5854,3.0244650041515175,2.8092577674172143,0.21520724067125807,resnet32,0.5932,0.5846,3.0205891386351804,2.801859739490531,0.21872939539819278,4500000.0,5000.0,18010000.0,2413340000.0,28960080000.0
resnet32x12_cifar100_K12_mwmd1_noise40_seed0004_d011,d011,resnet32:12,cifar100,12,matched,mwmd1,peers,4,200,64,0.1,0.9,0.0005,True,0,60,0.1,1.0,1,,disagreement,1.0,1,0.0,0.5,weight,complete,0.4,0.398956,42,0,45000,5000,10000,5640048,134,0.0010000000000000002,1,101.64,0.5897083333333334,0.004083392856709015,0.581,0.5956,0.6388,0.049091666666666645,0.5849000000000001,0.6396,0.3279757575757576,0.6534716341547414,0.3307378787878787,0.652226016897217,0.5897083333333334,resnet32,0.5883,0.582,3.0145661739463154,2.7977262938564476,0.21683987598358231,resnet32,0.5864,0.5784,3.0411487949842755,2.8229574842209164,0.21819131190634586,resnet32,0.5893,0.5828,3.0203432105481625,2.7999461425298993,0.22039706787009808,resnet32,0.5956,0.5892,2.969232003119859,2.74620538408106,0.22302662128243933,resnet32,0.5867,0.585,2.996334383772178,2.7753131565722553,0.2210212252737785,resnet32,0.594,0.591,3.005561150610447,2.787185242230242,0.21837590467608112,resnet32,0.581,0.5844,3.050254584374753,2.8304456140507352,0.21980897104367614,resnet32,0.5948,0.5864,3.0119158679788764,2.7945788986980915,0.21733697211708536,resnet32,0.5904,0.5822,3.030142100697214,2.811358819631013,0.21878328225152058,resnet32,0.5864,0.586,3.02779044481841,2.8073759129778906,0.2204145291947167,resnet32,0.5906,0.588,3.020918974483555,2.799356193027713,0.22156278141350907,resnet32,0.593,0.5834,3.01561577482657,2.7976974821226164,0.21791829414327035,4500000.0,5000.0,18010000.0,2431350000.0,29176200000.0
resnet32x12_cifar100_K12_mwmd1_noise40_seed0004_d011,d011,resnet32:12,cifar100,12,matched,mwmd1,peers,4,200,64,0.1,0.9,0.0005,True,0,60,0.1,1.0,1,,disagreement,1.0,1,0.0,0.5,weight,complete,0.4,0.398956,42,0,45000,5000,10000,5640048,135,0.0010000000000000002,1,102.09,0.5881916666666667,0.0043323316149877205,0.5796,0.5941,0.6397,0.05150833333333338,0.5845333333333333,0.635,0.3304666666666668,0.648051767904618,0.3324727272727273,0.6486559407926215,0.5881916666666667,resnet32,0.5873,0.5872,3.0129287032918497,2.7910070707174865,0.2219216308810494,resnet32,0.5841,0.5824,3.0423812182112173,2.820475526492704,0.22190569347532635,resnet32,0.5866,0.587,3.0167149037800054,2.7940129725770517,0.22270193298093297,resnet32,0.5917,0.5906,2.959160300479694,2.7367186610671608,0.2224416387775405,resnet32,0.5823,0.5844,2.9897402206605133,2.7699654562906786,0.219774764242836,resnet32,0.5932,0.5898,2.9979652996090325,2.7792822151360186,0.21868308360519056,resnet32,0.5796,0.585,3.0456238216297193,2.8247441050003874,0.2208797195291316,resnet32,0.5941,0.5826,3.007129144262184,2.787907686761834,0.21922145841050555,resnet32,0.5928,0.5804,3.0191074078055946,2.8056213957342235,0.21348600982773033,resnet32,0.5886,0.5804,3.015281678262082,2.8020816425030883,0.21320003451017494,resnet32,0.5881,0.5824,3.0160117623480884,2.795036704025485,0.22097505696795203,resnet32,0.5899,0.5822,3.0091830793429506,2.790902965786782,0.21828011091036553,4500000.0,5000.0,18010000.0,2449360000.0,29392320000.0
resnet32x12_cifar100_K12_mwmd1_noise40_seed0004_d011,d011,resnet32:12,cifar100,12,matched,mwmd1,peers,4,200,64,0.1,0.9,0.0005,True,0,60,0.1,1.0,1,,disagreement,1.0,1,0.0,0.5,weight,complete,0.4,0.398956,42,0,45000,5000,10000,5640048,136,0.0010000000000000002,1,101.88,0.5895166666666666,0.003502340487286879,0.5816,0.5953,0.6409,0.05138333333333345,0.5846166666666667,0.6356,0.3337636363636364,0.6419165281686107,0.33294242424242415,0.649708137525296,0.5895166666666666,resnet32,0.5869,0.5866,3.007266131653027,2.7871770723299547,0.2200890614820475,resnet32,0.588,0.5816,3.041136324744333,2.816702715036544,0.22443361004645174,resnet32,0.5872,0.5834,3.0132838982072743,2.793802483853969,0.2194814165122807,resnet32,0.5941,0.5896,2.9607370451770048,2.7332322253760966,0.227504823314534,resnet32,0.5882,0.5836,2.985286273062229,2.763967689634724,0.22131858427416196,resnet32,0.5909,0.5894,3.0016391246833583,2.7793647440319713,0.22227438147687775,resnet32,0.5816,0.5802,3.039929246699268,2.820421616462144,0.21950762678699737,resnet32,0.5953,0.5872,3.0062505968592386,2.7854845847257157,0.2207660129378465,resnet32,0.5922,0.587,3.022976153276183,2.8010327372361314,0.22194341627288272,resnet32,0.589,0.5846,3.017029356211424,2.7979716286063194,0.2190577307165685,resnet32,0.5892,0.5776,3.0146787542511118,2.789156901904128,0.2255218526009809,resnet32,0.5916,0.5846,3.0098887688734313,2.784479778937318,0.22540899033827538,4500000.0,5000.0,18010000.0,2467370000.0,29608440000.0
resnet32x12_cifar100_K12_mwmd1_noise40_seed0004_d011,d011,resnet32:12,cifar100,12,matched,mwmd1,peers,4,200,64,0.1,0.9,0.0005,True,0,60,0.1,1.0,1,,disagreement,1.0,1,0.0,0.5,weight,complete,0.4,0.398956,42,0,45000,5000,10000,5640048,137,0.0010000000000000002,1,102.21,0.5876500000000001,0.0025756876104579603,0.5838,0.592,0.6413,0.053649999999999864,0.58445,0.6398,0.3378272727272727,0.6390645169685449,0.33474848484848485,0.6489098208795571,0.5876500000000001,resnet32,0.5842,0.5884,3.0107490759004247,2.7811172370883552,0.22963183703409,resnet32,0.5868,0.5798,3.0349579710852015,2.8093787868591873,0.22557918323119255,resnet32,0.5878,0.5828,3.01504771174355,2.7880966304378076,0.22695108158090574,resnet32,0.5906,0.5908,2.958714624358849,2.727154106240381,0.23156051722947846,resnet32,0.5863,0.5834,2.9813832972537386,2.7585541909052567,0.22282910935411399,resnet32,0.592,0.5922,2.99615905535492,2.7716218128123065,0.22453724351626905,resnet32,0.5838,0.5828,3.0436029095541346,2.8177386874502357,0.22586422599852085,resnet32,0.5898,0.5806,3.0014436184005304,2.7792484414848415,0.22219517518004234,resnet32,0.5905,0.5804,3.0197321731935847,2.7964713180607017,0.22326085358773443,resnet32,0.5887,0.5814,3.0192556655542417,2.793564712459391,0.22569095690480687,resnet32,0.5863,0.5858,3.0071291530674156,2.7834375449879603,0.22369160731746393,resnet32,0.585,0.585,3.004275228489529,2.781177734786814,0.22309749482453547,4500000.0,5000.0,18010000.0,2485380000.0,29824560000.0
resnet32x12_cifar100_K12_mwmd1_noise40_seed0004_d011,d011,resnet32:12,cifar100,12,matched,mwmd1,peers,4,200,64,0.1,0.9,0.0005,True,0,60,0.1,1.0,1,,disagreement,1.0,1,0.0,0.5,weight,complete,0.4,0.398956,42,0,45000,5000,10000,5640048,138,0.0010000000000000002,1,102.02,0.5851833333333333,0.004043272876712073,0.5774,0.5929,0.6384,0.05321666666666669,0.5821333333333333,0.6346,0.336851515151515,0.6440578514030282,0.33990151515151523,0.6475846421131216,0.5851833333333333,resnet32,0.5828,0.5866,3.0060378120026807,2.7763749567622487,0.22966285678558052,resnet32,0.5798,0.5792,3.0364607965404335,2.807086482644081,0.22937431097538633,resnet32,0.584,0.5824,3.009942456402562,2.781458585777066,0.22848387360996145,resnet32,0.587,0.5874,2.955594936555082,2.7255669737404045,0.23002796626480465,resnet32,0.5839,0.5844,2.986265799199993,2.7549352293664757,0.23133057072250682,resnet32,0.5929,0.5872,2.996106258170171,2.766427031633529,0.2296792301349342,resnet32,0.5774,0.5726,3.037154369056225,2.8084855882281605,0.22866878063756635,resnet32,0.5868,0.5766,3.005725462328304,2.775916005738757,0.22980945597572083,resnet32,0.5883,0.5798,3.019860678775744,2.790463173931295,0.22939750791358,resnet32,0.5847,0.5844,3.0176152261820706,2.7888242896984923,0.22879093354144556,resnet32,0.5899,0.586,3.0056699561801823,2.7771296010098676,0.228540356927128,resnet32,0.5847,0.579,3.003824798220938,2.7751340344548225,0.2286907626654614,4500000.0,5000.0,18010000.0,2503390000.0,30040680000.0
resnet32x12_cifar100_K12_mwmd1_noise40_seed0004_d011,d011,resnet32:12,cifar100,12,matched,mwmd1,peers,4,200,64,0.1,0.9,0.0005,True,0,60,0.1,1.0,1,,disagreement,1.0,1,0.0,0.5,weight,complete,0.4,0.398956,42,0,45000,5000,10000,5640048,139,0.0010000000000000002,1,101.82,0.5876666666666667,0.0031710495984067335,0.5832,0.5928,0.6405,0.05283333333333329,0.5851000000000001,0.6402,0.33594848484848494,0.6395142943527133,0.3360787878787879,0.6452664463865521,0.5876666666666667,resnet32,0.5868,0.586,3.0097885456952183,2.7775762362236325,0.23221230602145873,resnet32,0.5844,0.5784,3.038287975910035,2.8059597953476687,0.2323281776625663,resnet32,0.5885,0.5842,3.012636973099275,2.781440547582778,0.231196425516497,resnet32,0.5917,0.589,2.956385412676768,2.7208086626434866,0.2355767504566095,resnet32,0.5835,0.5834,2.983956428752704,2.752423117445274,0.23153331384740092,resnet32,0.5879,0.5906,2.9940932782536205,2.762986934151162,0.23110634357329796,resnet32,0.5832,0.579,3.0460331213067877,2.8099833144382997,0.23604980318553068,resnet32,0.5928,0.5868,3.0135571628131648,2.776317535814914,0.2372396249451082,resnet32,0.5915,0.5866,3.0212494656443596,2.7906661043790253,0.23058336082083936,resnet32,0.5865,0.5882,3.0147159973328765,2.784783303060315,0.22993269124576313,resnet32,0.5851,0.5834,3.006722932173447,2.7762525528669357,0.2304703783116896,resnet32,0.5901,0.5856,3.0062177238816563,2.773789443075657,0.23242828628810291,4500000.0,5000.0,18010000.0,2521400000.0,30256800000.0
resnet32x12_cifar100_K12_mwmd1_noise40_seed0004_d011,d011,resnet32:12,cifar100,12,matched,mwmd1,peers,4,200,64,0.1,0.9,0.0005,True,0,60,0.1,1.0,1,,disagreement,1.0,1,0.0,0.5,weight,complete,0.4,0.398956,42,0,45000,5000,10000,5640048,140,0.0010000000000000002,1,102.63,0.5854083333333334,0.003753544621051172,0.5807,0.5908,0.6388,0.053391666666666615,0.5808333333333334,0.6336,0.33932727272727276,0.6425093262043268,0.3404318181818182,0.6410376768667609,0.5854083333333334,resnet32,0.5807,0.5818,3.0055929845706983,2.7738453820347786,0.23174760202792558,resnet32,0.5812,0.573,3.0325204387984495,2.8006778860634025,0.2318425539626994,resnet32,0.5855,0.5758,3.0104598751799627,2.7766006541523067,0.2338592248164456,resnet32,0.5904,0.5832,2.9548735076730903,2.718124832111326,0.2367486779324033,resnet32,0.5854,0.5812,2.990949410606514,2.7508733597668735,0.2400760516227985,resnet32,0.59,0.5896,2.989337158812718,2.7590271197259426,0.2303100377956236,resnet32,0.5812,0.5796,3.0491609180515464,2.8110243129459294,0.23813660578294235,resnet32,0.5908,0.5852,3.003771848637949,2.773693521253087,0.23007833087732169,resnet32,0.5893,0.5788,3.019671768288721,2.7849817303093998,0.2346900406886231,resnet32,0.5826,0.5818,3.01725767349655,2.7846364548260514,0.2326212216972966,resnet32,0.5818,0.579,3.0049015662886878,2.773389419710094,0.23151214410212229,resnet32,0.586,0.581,3.0031402696940033,2.7693358382040802,0.23380443510938098,4500000.0,5000.0,18010000.0,2539410000.0,30472920000.0
resnet32x12_cifar100_K12_mwmd1_noise40_seed0004_d011,d011,resnet32:12,cifar100,12,matched,mwmd1,peers,4,200,64,0.1,0.9,0.0005,True,0,60,0.1,1.0,1,,disagreement,1.0,1,0.0,0.5,weight,complete,0.4,0.398956,42,0,45000,5000,10000,5640048,141,0.0010000000000000002,1,102.19,0.587675,0.0026464205385136083,0.5824,0.5913,0.6444,0.056725000000000025,0.58385,0.6392,0.33943636363636365,0.6347361913223737,0.33951212121212127,0.6428240384098255,0.587675,resnet32,0.5853,0.5886,3.005043012513356,2.7665863805873827,0.23845663452944296,resnet32,0.5852,0.5816,3.031989735297181,2.7974493981085042,0.23454033905132252,resnet32,0.5871,0.5826,3.007058660076423,2.772653194991025,0.23440546771003443,resnet32,0.5913,0.5884,2.951752534982833,2.711450406942855,0.24030213024128566,resnet32,0.5861,0.589,2.9800569503144785,2.7432706823403183,0.23678626831282268,resnet32,0.5904,0.589,2.986661914058707,2.7546555389734833,0.2320063769902018,resnet32,0.5824,0.5772,3.032161307944493,2.797774808650667,0.23438649762167849,resnet32,0.5909,0.585,2.999964955516837,2.7652547674422916,0.23471018684689293,resnet32,0.5884,0.5782,3.0155739682641896,2.780327787453478,0.23524618792262944,resnet32,0.5863,0.584,3.0126352228901605,2.7779939862137493,0.23464123796756295,resnet32,0.5882,0.5824,3.0004515109414402,2.769464435563846,0.23098707577975636,resnet32,0.5905,0.5802,2.9984501877968963,2.762425562197512,0.2360246283510192,4500000.0,5000.0,18010000.0,2557420000.0,30689040000.0
resnet32x12_cifar100_K12_mwmd1_noise40_seed0004_d011,d011,resnet32:12,cifar100,12,matched,mwmd1,peers,4,200,64,0.1,0.9,0.0005,True,0,60,0.1,1.0,1,,disagreement,1.0,1,0.0,0.5,weight,complete,0.4,0.398956,42,0,45000,5000,10000,5640048,142,0.0010000000000000002,1,102.17,0.5872166666666666,0.0030068902355903926,0.5798,0.591,0.6411,0.053883333333333394,0.5842999999999999,0.639,0.3347424242424242,0.6438403062690908,0.3355409090909091,0.6487614045054008,0.5872166666666666,resnet32,0.587,0.5902,2.999251692471179,2.7617588117718697,0.23749287536537106,resnet32,0.5836,0.5832,3.0280310206792573,2.7911295531825586,0.2369014605541121,resnet32,0.5855,0.5812,3.0025927647948265,2.7668308415873484,0.23576192269948396,resnet32,0.5902,0.5842,2.948159704154188,2.706910940733823,0.2412487683098086,resnet32,0.5864,0.5862,2.9723028723489153,2.7340062880380587,0.23829658335836773,resnet32,0.5898,0.5884,2.985064059157263,2.7469828364185314,0.23808121721429581,resnet32,0.5798,0.58,3.031466357071291,2.7965313995426353,0.23493495424786073,resnet32,0.591,0.5838,2.9960305870256643,2.757994629104029,0.23803595722314308,resnet32,0.5878,0.5848,3.0128303471614015,2.7758026905357838,0.2370276533448222,resnet32,0.5878,0.5848,3.0109970708462326,2.7740267166359858,0.23697035452774304,resnet32,0.5882,0.584,3.001986076547341,2.76480801589787,0.23717805279672824,resnet32,0.5895,0.5808,2.994983148168434,2.755531011995944,0.2394521357068284,4500000.0,5000.0,18010000.0,2575430000.0,30905160000.0
resnet32x12_cifar100_K12_mwmd1_noise40_seed0004_d011,d011,resnet32:12,cifar100,12,matched,mwmd1,peers,4,200,64,0.1,0.9,0.0005,True,0,60,0.1,1.0,1,,disagreement,1.0,1,0.0,0.5,weight,complete,0.4,0.398956,42,0,45000,5000,10000,5640048,143,0.0010000000000000002,1,101.96,0.58715,0.002776538612493365,0.5828,0.5912,0.642,0.054850000000000065,0.5818500000000001,0.6414,0.3420242424242426,0.6344977689294972,0.34010454545454544,0.643446391836743,0.58715,resnet32,0.5853,0.5828,2.9976742294701664,2.7579131475226446,0.23976108465682378,resnet32,0.5852,0.578,3.02742379497398,2.791950425641103,0.23547336929054422,resnet32,0.5836,0.5812,2.999792907725681,2.7651072425598446,0.23468566279519687,resnet32,0.5902,0.5862,2.9498243027112703,2.703730620105158,0.24609368237328122,resnet32,0.5847,0.5828,2.9754872264509853,2.73709210279313,0.23839512236670338,resnet32,0.5909,0.5848,2.99026233330369,2.749287434938279,0.2409748978150839,resnet32,0.5828,0.5808,3.0339851359074768,2.7953839041292667,0.23860122777775608,resnet32,0.5912,0.5838,3.003893153911287,2.759445683183995,0.24444746833548628,resnet32,0.5883,0.5772,3.013472240079533,2.7770576846193182,0.23641455520621754,resnet32,0.5863,0.5808,3.007343387739225,2.7732103748077694,0.23413301500576464,resnet32,0.5895,0.584,3.0010214773091404,2.7638978663493288,0.2371236086103388,resnet32,0.5878,0.5798,3.000043213367462,2.7599258365278896,0.24011737637391145,4500000.0,5000.0,18010000.0,2593440000.0,31121280000.0
resnet32x12_cifar100_K12_mwmd1_noise40_seed0004_d011,d011,resnet32:12,cifar100,12,matched,mwmd1,peers,4,200,64,0.1,0.9,0.0005,True,0,60,0.1,1.0,1,,disagreement,1.0,1,0.0,0.5,weight,complete,0.4,0.398956,42,0,45000,5000,10000,5640048,144,0.0010000000000000002,1,102.1,0.5838833333333333,0.003708511231687919,0.5758,0.5882,0.6413,0.05741666666666667,0.58105,0.6386,0.34450303030303037,0.6351791065751454,0.3457348484848485,0.6400660671270184,0.5838833333333333,resnet32,0.5802,0.5748,2.995269173925573,2.7518145828084513,0.24345458908514542,resnet32,0.5758,0.5744,3.0270185961642047,2.7854780561544676,0.24154054081406107,resnet32,0.5852,0.5828,2.9945970560339363,2.7555036338215526,0.2390934182330966,resnet32,0.5882,0.5848,2.9418221075426447,2.6963173885914413,0.24550471746955405,resnet32,0.5859,0.5874,2.9685912145809694,2.728342190046202,0.24024902631274678,resnet32,0.5881,0.5912,2.979777870530432,2.737470358948816,0.2423075145660815,resnet32,0.5782,0.5748,3.027980963614854,2.787071432240985,0.24090953342701224,resnet32,0.5864,0.5852,2.9890671253881673,2.7493691139600496,0.2396980101581324,resnet32,0.5849,0.5786,3.0065648843618957,2.7683860300616785,0.2381788559300317,resnet32,0.5859,0.578,3.005007825791836,2.7637803551148283,0.24122747482562606,resnet32,0.5842,0.579,2.997232212600383,2.755555869164792,0.24167633871547878,resnet32,0.5836,0.5816,2.992861320687966,2.7501790530302306,0.2426822672344067,4500000.0,5000.0,18010000.0,2611450000.0,31337400000.0
resnet32x12_cifar100_K12_mwmd1_noise40_seed0004_d011,d011,resnet32:12,cifar100,12,matched,mwmd1,peers,4,200,64,0.1,0.9,0.0005,True,0,60,0.1,1.0,1,,disagreement,1.0,1,0.0,0.5,weight,complete,0.4,0.398956,42,0,45000,5000,10000,5640048,145,0.0010000000000000002,1,101.9,0.5857749999999999,0.003908777515626415,0.5762,0.5915,0.6431,0.05732500000000007,0.5815833333333333,0.6368,0.3460333333333334,0.6341820125909631,0.3489499999999999,0.6342672078580878,0.5857749999999999,resnet32,0.5837,0.5808,2.995010493831201,2.7513522434641016,0.2436582502824339,resnet32,0.5863,0.5762,3.02476198293946,2.7852157554165884,0.23954623103649778,resnet32,0.583,0.5836,3.0025287575342436,2.7574222927743737,0.24510646945881573,resnet32,0.5866,0.5938,2.9374992187050255,2.6905988942493093,0.24690032454038208,resnet32,0.5837,0.5802,2.9659868299283763,2.7232965349473734,0.24269029692831365,resnet32,0.5912,0.5842,2.980545771054246,2.7378466352820396,0.24269913520071318,resnet32,0.5762,0.5778,3.032614941962741,2.788550309159539,0.2440646275750954,resnet32,0.5915,0.5842,2.9886452067982066,2.74684034220197,0.24180486497723244,resnet32,0.5863,0.5826,3.006077656014399,2.765826691788706,0.24025096856480974,resnet32,0.5876,0.5814,3.005506934428757,2.761217351325534,0.24428958240473134,resnet32,0.5847,0.576,2.9971658810973167,2.7538734911517664,0.24329239197752692,resnet32,0.5885,0.5782,2.9940630732612177,2.7523383220488373,0.24172474994239482,4500000.0,5000.0,18010000.0,2629460000.0,31553520000.0
resnet32x12_cifar100_K12_mwmd1_noise40_seed0004_d011,d011,resnet32:12,cifar100,12,matched,mwmd1,peers,4,200,64,0.1,0.9,0.0005,True,0,60,0.1,1.0,1,,disagreement,1.0,1,0.0,0.5,weight,complete,0.4,0.398956,42,0,45000,5000,10000,5640048,146,0.0010000000000000002,1,102.38,0.5849083333333333,0.004074608024774356,0.578,0.5927,0.6395,0.054591666666666705,0.5834833333333334,0.6394,0.3430787878787877,0.6369886409647182,0.34466515151515154,0.6388215527921925,0.5849083333333333,resnet32,0.5908,0.5916,2.988436894660646,2.7435439709912646,0.2448929257013581,resnet32,0.5796,0.5786,3.021022453904152,2.77571383795955,0.24530861359512943,resnet32,0.578,0.582,2.9953708669001404,2.749767146327279,0.24560372067869388,resnet32,0.5863,0.587,2.9353557036004285,2.686390083452517,0.24896561786193738,resnet32,0.583,0.5826,2.9674343016337263,2.7196607779372823,0.2477735222147947,resnet32,0.5867,0.5834,2.975529022853483,2.7293924135579304,0.24613660779273647,resnet32,0.5814,0.5798,3.0236464610153977,2.7789661576124756,0.24468030471524055,resnet32,0.5927,0.5916,2.9895297041670843,2.742173590443351,0.24735611548054626,resnet32,0.5848,0.578,3.0048936602066862,2.7604990364475683,0.2443946231029589,resnet32,0.5835,0.5788,3.0013662962750955,2.7547537101940676,0.2466125814244151,resnet32,0.5871,0.5858,2.9917986416681246,2.7447675893252548,0.24703105168671094,resnet32,0.585,0.5826,2.9881177371875807,2.7427262105047703,0.24539152570915493,4500000.0,5000.0,18010000.0,2647470000.0,31769640000.0
resnet32x12_cifar100_K12_mwmd1_noise40_seed0004_d011,d011,resnet32:12,cifar100,12,matched,mwmd1,peers,4,200,64,0.1,0.9,0.0005,True,0,60,0.1,1.0,1,,disagreement,1.0,1,0.0,0.5,weight,complete,0.4,0.398956,42,0,45000,5000,10000,5640048,147,0.0010000000000000002,1,101.12,0.5847,0.004055449009254901,0.5741,0.5892,0.6439,0.05920000000000003,0.5806833333333333,0.6408,0.34815151515151516,0.6326243051601694,0.34939545454545456,0.6344564577026244,0.5847,resnet32,0.5824,0.5812,2.991622436114333,2.7406692101874133,0.25095322994853964,resnet32,0.5818,0.5818,3.0180249502035705,2.7729842639104887,0.24504068565808915,resnet32,0.5866,0.5814,2.9990898089652713,2.7497139117595824,0.24937589578753847,resnet32,0.5892,0.5884,2.933025652034716,2.683017086407,0.250008565035056,resnet32,0.5829,0.5846,2.966205098073591,2.714224926111373,0.2519801748408513,resnet32,0.5864,0.5824,2.975608518177813,2.729172322391109,0.2464361897542734,resnet32,0.5741,0.574,3.0265015698969364,2.7796290676024826,0.24687250367027114,resnet32,0.5877,0.5828,2.9839340170676056,2.7379259533164175,0.24600806368768893,resnet32,0.588,0.5766,3.004895270209421,2.757309763607654,0.2475855073849247,resnet32,0.5825,0.5798,2.9988814903931185,2.752926786176183,0.24595469953915614,resnet32,0.5864,0.576,2.9951366135342554,2.745922052386132,0.24921456459825012,resnet32,0.5884,0.5792,2.98574366860769,2.7379850430244748,0.24775862105360086,4500000.0,5000.0,18010000.0,2665480000.0,31985760000.0
resnet32x12_cifar100_K12_mwmd1_noise40_seed0004_d011,d011,resnet32:12,cifar100,12,matched,mwmd1,peers,4,200,64,0.1,0.9,0.0005,True,0,60,0.1,1.0,1,,disagreement,1.0,1,0.0,0.5,weight,complete,0.4,0.398956,42,0,45000,5000,10000,5640048,148,0.0010000000000000002,1,101.55,0.5841916666666666,0.0037546545188013748,0.5749,0.5912,0.6434,0.05920833333333342,0.5798,0.639,0.34838484848484846,0.6282472286256552,0.34976969696969695,0.6354601734084128,0.5841916666666666,resnet32,0.583,0.5822,2.9845847202972933,2.734164955263788,0.25041976353068923,resnet32,0.5822,0.5754,3.0135848705064165,2.7650491148233414,0.24853575636040082,resnet32,0.5826,0.5832,2.9899208169769156,2.741610900922255,0.24830991182137618,resnet32,0.5846,0.5862,2.938185279680924,2.681158158420162,0.25702711988494475,resnet32,0.582,0.5784,2.968156906014139,2.7125488926063883,0.2556080150587315,resnet32,0.5912,0.589,2.9744135588407516,2.7256841994822025,0.24872935607775368,resnet32,0.5749,0.5744,3.0207408744503152,2.7727918841622095,0.24794898901812054,resnet32,0.5875,0.5802,2.985291989012198,2.736528429795395,0.24876355881464074,resnet32,0.5846,0.5714,3.000822555612434,2.7570310201157224,0.2437915391796692,resnet32,0.5863,0.5794,2.991830686276609,2.7478102428669278,0.24402044108137488,resnet32,0.5851,0.5806,2.9868747476827013,2.7392432953823698,0.24763145234266465,resnet32,0.5863,0.5772,2.9835806898772717,2.734452781013467,0.24912790596400472,4500000.0,5000.0,18010000.0,2683490000.0,32201880000.0
resnet32x12_cifar100_K12_mwmd1_noise40_seed0004_d011,d011,resnet32:12,cifar100,12,matched,mwmd1,peers,4,200,64,0.1,0.9,0.0005,True,0,60,0.1,1.0,1,,disagreement,1.0,1,0.0,0.5,weight,complete,0.4,0.398956,42,0,45000,5000,10000,5640048,149,0.0010000000000000002,1,102.39,0.5828666666666665,0.0037559582295630363,0.5751,0.589,0.638,0.05513333333333348,0.5791833333333334,0.6424,0.3496939393939395,0.6279779794851305,0.34947575757575755,0.6348603010346624,0.5828666666666665,resnet32,0.5812,0.5844,2.982577746564692,2.7330803435973148,0.24949740535918286,resnet32,0.5812,0.5796,3.0188974304632707,2.7677624279802497,0.2511350039646707,resnet32,0.581,0.576,2.9918556450442835,2.7391109469939363,0.25274469426155766,resnet32,0.5843,0.5836,2.9333062283694744,2.6781280938197267,0.2551781364335594,resnet32,0.5857,0.5806,2.9582939608530565,2.7079517749900166,0.25034218571487477,resnet32,0.5885,0.587,2.9734781099991365,2.722761848772114,0.2507162591315467,resnet32,0.5751,0.5704,3.020486481826414,2.771515140479261,0.24897134030999785,resnet32,0.5843,0.5794,2.978399223902009,2.72922660139474,0.24917262013662944,resnet32,0.589,0.5798,2.995331541381099,2.7530946121974424,0.24223693009381267,resnet32,0.5836,0.5776,2.9871214008466764,2.7452329095791685,0.24188848970119248,resnet32,0.5788,0.5784,2.9903192404996264,2.736969945782965,0.2533493033737283,resnet32,0.5817,0.5734,2.981995199891654,2.7318884180012075,0.25010679073801095,4500000.0,5000.0,18010000.0,2701500000.0,32418000000.0
resnet32x12_cifar100_K12_mwmd1_noise40_seed0004_d011,d011,resnet32:12,cifar100,12,matched,mwmd1,peers,4,200,64,0.1,0.9,0.0005,True,0,60,0.1,1.0,1,,disagreement,1.0,1,0.0,0.5,weight,complete,0.4,0.398956,42,0,45000,5000,10000,5640048,150,0.0010000000000000002,1,101.81,0.58345,0.003085044570180465,0.5792,0.5877,0.6414,0.057949999999999946,0.5808333333333334,0.6396,0.3476242424242425,0.6300045604906788,0.3499424242424242,0.6344910345711362,0.58345,resnet32,0.5816,0.5838,2.9859469529579985,2.729983389716257,0.2559635636015711,resnet32,0.5801,0.5722,3.0178277776999907,2.765480151907964,0.2523476272101768,resnet32,0.5797,0.5824,2.989003585820848,2.737547392533584,0.25145619322376495,resnet32,0.5877,0.5878,2.9301621717485515,2.6714443398470227,0.2587178328328512,resnet32,0.5861,0.583,2.9591792544180695,2.7048162421719595,0.25436301478608087,resnet32,0.5842,0.5864,2.969548516314138,2.717251057990573,0.2522974583870647,resnet32,0.5796,0.5792,3.014017979191108,2.763899699530818,0.2501182794274593,resnet32,0.585,0.5794,2.980084863237359,2.7279715500772,0.2521133107048544,resnet32,0.5876,0.5772,2.9876058606261555,2.7441053688526154,0.2435004890854047,resnet32,0.5792,0.5838,2.982405075634068,2.7389887107366864,0.24341637128964067,resnet32,0.5858,0.578,2.9835328585044905,2.730513324791735,0.2530195329084315,resnet32,0.5848,0.5768,2.982293939725919,2.7285635217346926,0.25373041930354456,4500000.0,5000.0,18010000.0,2719510000.0,32634120000.0
resnet32x12_cifar100_K12_mwmd1_noise40_seed0004_d011,d011,resnet32:12,cifar100,12,matched,mwmd1,peers,4,200,64,0.1,0.9,0.0005,True,0,60,0.1,1.0,1,,disagreement,1.0,1,0.0,0.5,weight,complete,0.4,0.398956,42,0,45000,5000,10000,5640048,151,0.0010000000000000002,1,102.63,0.5827916666666667,0.0032986002923799267,0.576,0.5881,0.642,0.05920833333333331,0.5777333333333333,0.638,0.354690909090909,0.6258374308723752,0.3537272727272726,0.6308097423004321,0.5827916666666667,resnet32,0.5811,0.5808,2.980415406552228,2.7271555475890636,0.25325985733334994,resnet32,0.58,0.5752,3.0141962742940946,2.757812628861178,0.25638365114785056,resnet32,0.5806,0.5754,2.9933058443394573,2.7367524460635404,0.25655340392735193,resnet32,0.5812,0.5788,2.924037656662139,2.665122674947435,0.2589149813760411,resnet32,0.5863,0.5762,2.9549486748874187,2.697968379001726,0.2569802949755368,resnet32,0.5855,0.5836,2.9707513505762275,2.7127726806158368,0.2579786678014154,resnet32,0.576,0.5684,3.0113977969370107,2.758846062828194,0.25255173844793305,resnet32,0.5839,0.583,2.9848614653403107,2.727323757823218,0.2575377068821002,resnet32,0.5854,0.5714,2.996423635293137,2.739770682867278,0.2566529485312375,resnet32,0.5804,0.5764,2.9935450289737093,2.737941396168687,0.25560362808491016,resnet32,0.585,0.5844,2.98366766422987,2.72864568724551,0.25502197351306677,resnet32,0.5881,0.5792,2.97922940349037,2.7244046472690324,0.2548247569409961,4500000.0,5000.0,18010000.0,2737520000.0,32850240000.0
resnet32x12_cifar100_K12_mwmd1_noise40_seed0004_d011,d011,resnet32:12,cifar100,12,matched,mwmd1,peers,4,200,64,0.1,0.9,0.0005,True,0,60,0.1,1.0,1,,disagreement,1.0,1,0.0,0.5,weight,complete,0.4,0.398956,42,0,45000,5000,10000,5640048,152,0.0010000000000000002,1,102.11,0.5835833333333333,0.00394458137477504,0.578,0.5892,0.6432,0.05961666666666665,0.5815333333333333,0.643,0.35216363636363635,0.6227682286903475,0.35342121212121214,0.6285830842948522,0.5835833333333333,resnet32,0.5819,0.58,2.9862127781591634,2.7280041199516165,0.25820866102268075,resnet32,0.584,0.5802,3.012150956148451,2.755533593960784,0.2566173635846512,resnet32,0.5825,0.5796,2.9896476339887488,2.731767174872485,0.25788045179268176,resnet32,0.588,0.578,2.928580554710193,2.6661947142671454,0.26238583513027564,resnet32,0.5789,0.5844,2.960742362859574,2.701158067719503,0.2595842929810963,resnet32,0.5886,0.5882,2.975614359433001,2.7182249812917276,0.25738937606696377,resnet32,0.5794,0.5786,3.0239644836295736,2.7642198448831383,0.25974463612179866,resnet32,0.5892,0.5848,2.984531257640232,2.7266293181614443,0.25790193886496127,resnet32,0.586,0.5756,2.999785442243923,2.740304737267169,0.25948070283894514,resnet32,0.578,0.582,2.9921205805783924,2.7355438884009016,0.2565766928124834,resnet32,0.5794,0.5814,2.9910920689051803,2.7306885431435974,0.2604035304816948,resnet32,0.5871,0.5856,2.984094313938509,2.726637367497791,0.25745694508606737,4500000.0,5000.0,18010000.0,2755530000.0,33066360000.0
resnet32x12_cifar100_K12_mwmd1_noise40_seed0004_d011,d011,resnet32:12,cifar100,12,matched,mwmd1,peers,4,200,64,0.1,0.9,0.0005,True,0,60,0.1,1.0,1,,disagreement,1.0,1,0.0,0.5,weight,complete,0.4,0.398956,42,0,45000,5000,10000,5640048,153,0.0010000000000000002,1,102.22,0.5808583333333334,0.00392034401835123,0.5739,0.5865,0.6393,0.058441666666666614,0.5766666666666667,0.6378,0.35479393939393933,0.625300397410021,0.3571060606060607,0.6273394079119345,0.5808583333333334,resnet32,0.5743,0.575,2.982808440923691,2.7211261740462347,0.2616822696079246,resnet32,0.5739,0.5682,3.012402224608443,2.755640739405697,0.25676148353059863,resnet32,0.5805,0.579,2.987768741832538,2.7322500324384733,0.25551870960572903,resnet32,0.5831,0.5776,2.9271241013299334,2.6634114413437517,0.2637126579542052,resnet32,0.5782,0.5758,2.9609682868150147,2.6962606559761544,0.2647076329766688,resnet32,0.5865,0.5846,2.9704135856167837,2.711736973205751,0.25867660921490326,resnet32,0.578,0.5742,3.024000563066114,2.7619379613209856,0.26206260111013596,resnet32,0.5808,0.5796,2.98146606575359,2.7235220684246584,0.2579439982602542,resnet32,0.5816,0.5736,3.0009064681150694,2.7438317449255423,0.25707472871396353,resnet32,0.5838,0.5758,2.99206605553627,2.736965937539935,0.2551001246214252,resnet32,0.5853,0.581,2.982775667512959,2.7261106608943506,0.2566650030626492,resnet32,0.5843,0.5756,2.97683358700438,2.7198166202076455,0.25701696976003324,4500000.0,5000.0,18010000.0,2773540000.0,33282480000.0
resnet32x12_cifar100_K12_mwmd1_noise40_seed0004_d011,d011,resnet32:12,cifar100,12,matched,mwmd1,peers,4,200,64,0.1,0.9,0.0005,True,0,60,0.1,1.0,1,,disagreement,1.0,1,0.0,0.5,weight,complete,0.4,0.398956,42,0,45000,5000,10000,5640048,154,0.0010000000000000002,1,102.44,0.5823916666666666,0.0032009004809410873,0.5772,0.589,0.6398,0.057408333333333394,0.5796333333333333,0.642,0.3518151515151515,0.6268513911232354,0.35235,0.6303899317163801,0.5823916666666666,resnet32,0.5813,0.586,2.978453642942689,2.7186425473879683,0.2598110944540663,resnet32,0.5819,0.5754,3.013739963146773,2.7545481107451697,0.2591918529095975,resnet32,0.5819,0.578,2.985644918951121,2.7276382029733877,0.25800671333193104,resnet32,0.5843,0.5822,2.9253251393410293,2.6611686022105543,0.2641565332781862,resnet32,0.5796,0.5798,2.9574946541000497,2.6946118633178147,0.2628827922215516,resnet32,0.589,0.5814,2.96310152892362,2.7063712501390413,0.2567302788904106,resnet32,0.5772,0.5724,3.016960386186838,2.755713102153756,0.2612472862767225,resnet32,0.5853,0.5838,2.9766240583902057,2.71873389929533,0.25789015873504634,resnet32,0.5813,0.5778,2.9968238794668154,2.735788192261349,0.2610356911847537,resnet32,0.5835,0.5816,2.987127575346015,2.727058027616956,0.26006954531608656,resnet32,0.578,0.5774,2.9812222956256433,2.722193771465258,0.2590285231867297,resnet32,0.5854,0.5798,2.975038248368285,2.718670901927081,0.2563673493198373,4500000.0,5000.0,18010000.0,2791550000.0,33498600000.0
resnet32x12_cifar100_K12_mwmd1_noise40_seed0004_d011,d011,resnet32:12,cifar100,12,matched,mwmd1,peers,4,200,64,0.1,0.9,0.0005,True,0,60,0.1,1.0,1,,disagreement,1.0,1,0.0,0.5,weight,complete,0.4,0.398956,42,0,45000,5000,10000,5640048,155,0.0010000000000000002,1,102.35,0.5824916666666666,0.0031781698961649276,0.5751,0.5867,0.644,0.06150833333333339,0.5779833333333334,0.6392,0.3567878787878788,0.6216152080556462,0.35893181818181813,0.624833107956887,0.5824916666666666,resnet32,0.5798,0.5862,2.9744162427430805,2.7139585734429685,0.26045767179774965,resnet32,0.5789,0.5748,3.010429208251563,2.7470888244834812,0.26334038588472386,resnet32,0.5839,0.579,2.9817880652844906,2.722656049680981,0.2591320116877217,resnet32,0.5867,0.5856,2.9263522370972415,2.65931667201221,0.26703556514853105,resnet32,0.5827,0.5768,2.949762353165583,2.6901548877358437,0.2596074695360254,resnet32,0.5855,0.5758,2.964985299516808,2.704501476477493,0.2604838239706375,resnet32,0.5751,0.576,3.012268427759409,2.7529521608217196,0.2593162627679042,resnet32,0.5846,0.5754,2.9729053171520885,2.7126492729241196,0.260256043846973,resnet32,0.585,0.575,2.993572908030315,2.7347763556648386,0.25879655054516415,resnet32,0.5845,0.5774,2.9904959347437727,2.7287654419514267,0.26173049133186316,resnet32,0.5824,0.5792,2.9767807820303873,2.7182269152253866,0.2585538702974604,resnet32,0.5808,0.5746,2.9756572862917725,2.713715577328747,0.2619417085185308,4500000.0,5000.0,18010000.0,2809560000.0,33714720000.0
resnet32x12_cifar100_K12_mwmd1_noise40_seed0004_d011,d011,resnet32:12,cifar100,12,matched,mwmd1,peers,4,200,64,0.1,0.9,0.0005,True,0,60,0.1,1.0,1,,disagreement,1.0,1,0.0,0.5,weight,complete,0.4,0.398956,42,0,45000,5000,10000,5640048,156,0.0010000000000000002,1,102.31,0.5805833333333333,0.004331826661146781,0.5731,0.5886,0.6414,0.06081666666666663,0.5772666666666666,0.6408,0.355960606060606,0.6231367220401921,0.35835606060606057,0.6231823054256503,0.5805833333333333,resnet32,0.5752,0.5838,2.9840237013995647,2.718872771005739,0.26515092768452386,resnet32,0.5764,0.5746,3.0106895549053494,2.747479975562204,0.2632095752791925,resnet32,0.5826,0.5782,2.9855315373702482,2.7254158786752005,0.26011565744622867,resnet32,0.5774,0.5842,2.9242731024595825,2.6568189297210085,0.2674541713415899,resnet32,0.5833,0.5752,2.9538623693991792,2.690437498079105,0.26342487265355885,resnet32,0.5861,0.5856,2.965229667723179,2.702559633688493,0.26267004040577874,resnet32,0.5799,0.5714,3.009909077462825,2.7506202408535914,0.2592888378157196,resnet32,0.5886,0.579,2.9750802157954737,2.7125557972626253,0.26252442012033,resnet32,0.5805,0.568,2.9921349703588267,2.729561681097204,0.2625732931139117,resnet32,0.583,0.5736,2.984642414545471,2.722871008921753,0.2617714092855088,resnet32,0.5731,0.5778,2.9804623408073727,2.7177113584158095,0.26275098393671215,resnet32,0.5809,0.5758,2.9771880473602903,2.7123935994776813,0.26479445112107153,4500000.0,5000.0,18010000.0,2827570000.0,33930840000.0
resnet32x12_cifar100_K12_mwmd1_noise40_seed0004_d011,d011,resnet32:12,cifar100,12,matched,mwmd1,peers,4,200,64,0.1,0.9,0.0005,True,0,60,0.1,1.0,1,,disagreement,1.0,1,0.0,0.5,weight,complete,0.4,0.398956,42,0,45000,5000,10000,5640048,157,0.0010000000000000002,1,102.63,0.5790916666666667,0.003941120469556284,0.5718,0.5853,0.64,0.06090833333333334,0.5747333333333334,0.6352,0.3597939393939395,0.6219352637563678,0.359059090909091,0.6284809096114825,0.5790916666666667,resnet32,0.5782,0.5768,2.9750074442814696,2.711534036154097,0.2634734120219946,resnet32,0.5754,0.5718,3.010231850838119,2.745351331139153,0.2648805215827782,resnet32,0.5771,0.5748,2.9823954450813206,2.7182001273401757,0.2641953148836778,resnet32,0.5831,0.5774,2.9228532287207516,2.6545063843103973,0.26834684796631336,resnet32,0.5792,0.5786,2.951947921717709,2.6867678099396555,0.265180111608722,resnet32,0.5853,0.5866,2.9636588123711674,2.701626296409152,0.26203251464969735,resnet32,0.5718,0.568,3.0086946419694205,2.7446615863591433,0.26403305565261026,resnet32,0.58,0.5754,2.9653846059333193,2.7032573754814537,0.26212723267433996,resnet32,0.5847,0.5704,2.9934391213411633,2.728683426637541,0.264755694788288,resnet32,0.5808,0.569,2.98440601981499,2.720312900841236,0.26409312075173313,resnet32,0.5741,0.5726,2.9775946448472412,2.7144105449657547,0.2631840994793244,resnet32,0.5794,0.5754,2.9733255823904816,2.708979460326108,0.2643461269114844,4500000.0,5000.0,18010000.0,2845580000.0,34146960000.0
resnet32x12_cifar100_K12_mwmd1_noise40_seed0004_d011,d011,resnet32:12,cifar100,12,matched,mwmd1,peers,4,200,64,0.1,0.9,0.0005,True,0,60,0.1,1.0,1,,disagreement,1.0,1,0.0,0.5,weight,complete,0.4,0.398956,42,0,45000,5000,10000,5640048,158,0.0010000000000000002,1,101.13,0.5795750000000001,0.002607081701826777,0.5741,0.5832,0.6397,0.060124999999999984,0.5767333333333333,0.6382,0.35811818181818184,0.6182825018028569,0.3588742424242424,0.6245247806879471,0.5795750000000001,resnet32,0.5813,0.5808,2.9732306365939705,2.7047507725656033,0.2684798680076545,resnet32,0.579,0.5734,3.002581508999521,2.7381404719569464,0.26444103774106636,resnet32,0.5755,0.5764,2.9829766543751415,2.714746419171041,0.26823023264296353,resnet32,0.5779,0.5814,2.9192239608276975,2.649217030033469,0.27000692833892326,resnet32,0.5804,0.5768,2.9475879689509217,2.6779831529340963,0.2696048180699687,resnet32,0.5825,0.5806,2.9565740430896934,2.692658930000934,0.26391511387191713,resnet32,0.5741,0.5696,3.0126888565719128,2.7452800368720833,0.2674088241024451,resnet32,0.5786,0.577,2.9738274430009453,2.707208099521019,0.26661934731104836,resnet32,0.5814,0.5752,2.987168336456472,2.721364378251813,0.2658039554741911,resnet32,0.581,0.5742,2.982872960581021,2.71783005615527,0.2650429045104168,resnet32,0.58,0.5762,2.9801761138845575,2.7122437108985404,0.2679324088067832,resnet32,0.5832,0.5792,2.9653739478777754,2.702849941666831,0.2625240030994808,4500000.0,5000.0,18010000.0,2863590000.0,34363080000.0
resnet32x12_cifar100_K12_mwmd1_noise40_seed0004_d011,d011,resnet32:12,cifar100,12,matched,mwmd1,peers,4,200,64,0.1,0.9,0.0005,True,0,60,0.1,1.0,1,,disagreement,1.0,1,0.0,0.5,weight,complete,0.4,0.398956,42,0,45000,5000,10000,5640048,159,0.0010000000000000002,1,101.98,0.5819583333333334,0.0036155816344753656,0.5755,0.5884,0.6469,0.06494166666666668,0.57685,0.6408,0.35818181818181816,0.6231385079113216,0.3584651515151515,0.6246590732542092,0.5819583333333334,resnet32,0.5812,0.5768,2.9705833958631214,2.701491518454118,0.2690918793351474,resnet32,0.5796,0.5724,3.005754577503963,2.73718325285749,0.26857132714411075,resnet32,0.5794,0.578,2.9754551625387236,2.7095362432301044,0.2659189177211374,resnet32,0.5859,0.5834,2.9134741242636335,2.6420713414184074,0.27140278106724675,resnet32,0.5819,0.5794,2.951274376701225,2.6775501331483778,0.27372424078004604,resnet32,0.5856,0.5858,2.960690325972709,2.6912210780111225,0.2694692458872768,resnet32,0.5774,0.5666,3.0009858157824385,2.736044992777434,0.26494082488881593,resnet32,0.5853,0.5782,2.971045905893499,2.7004503807560964,0.2705955254548991,resnet32,0.5884,0.574,2.983687750317834,2.7186541845175354,0.2650335722983899,resnet32,0.5815,0.5752,2.9842229302633894,2.715408298440955,0.26881463262675837,resnet32,0.5755,0.5748,2.9737695171074434,2.70826408859681,0.265505425885997,resnet32,0.5818,0.5776,2.972479663111947,2.699919020757079,0.2725606428840282,4500000.0,5000.0,18010000.0,2881600000.0,34579200000.0
resnet32x12_cifar100_K12_mwmd1_noise40_seed0004_d011,d011,resnet32:12,cifar100,12,matched,mwmd1,peers,4,200,64,0.1,0.9,0.0005,True,0,60,0.1,1.0,1,,disagreement,1.0,1,0.0,0.5,weight,complete,0.4,0.398956,42,0,45000,5000,10000,5640048,160,0.0010000000000000002,1,102.76,0.5788,0.0033334166656250113,0.5731,0.5848,0.6424,0.06359999999999999,0.5748666666666666,0.6408,0.3612909090909091,0.6190167630326411,0.3619272727272727,0.6229438754595572,0.5788,resnet32,0.5772,0.5794,2.9675753282552417,2.697224680503661,0.27035064760341565,resnet32,0.58,0.567,3.002699286422946,2.7338265131481667,0.2688727753702551,resnet32,0.5758,0.569,2.9736161899160254,2.7066107791933147,0.26700540621426294,resnet32,0.583,0.579,2.914142581210895,2.6403814015740696,0.2737611826636236,resnet32,0.5796,0.5774,2.9443116049197586,2.675941340963949,0.268370268675922,resnet32,0.5848,0.582,2.9512359611690044,2.6840606802566485,0.2671752839391543,resnet32,0.5731,0.5724,3.0070375657894393,2.736219158565456,0.2708184149285609,resnet32,0.5812,0.5724,2.9650268605486914,2.6980300044471566,0.26699686171063647,resnet32,0.5808,0.5658,2.9818930531089958,2.7112535258585755,0.27063952589576895,resnet32,0.5744,0.571,2.981728797270493,2.7103482894599438,0.27138050527057866,resnet32,0.5767,0.581,2.9707080969078974,2.703720960427414,0.26698713578199124,resnet32,0.579,0.582,2.9619225036691534,2.6955705957317893,0.2663519084453583,4500000.0,5000.0,18010000.0,2899610000.0,34795320000.0
resnet32x12_cifar100_K12_mwmd1_noise40_seed0004_d011,d011,resnet32:12,cifar100,12,matched,mwmd1,peers,4,200,64,0.1,0.9,0.0005,True,0,60,0.1,1.0,1,,disagreement,1.0,1,0.0,0.5,weight,complete,0.4,0.398956,42,0,45000,5000,10000,5640048,161,0.0010000000000000002,1,101.5,0.57955,0.0037198790302911777,0.572,0.5858,0.6395,0.05994999999999995,0.57545,0.6384,0.36250000000000004,0.6137522193546096,0.360869696969697,0.6223464360809913,0.57955,resnet32,0.5772,0.5792,2.966324281624772,2.6965350048108534,0.26978927660225466,resnet32,0.5777,0.5716,3.0001407600939274,2.7294192679903726,0.270721486388621,resnet32,0.5794,0.5706,2.9756321222944693,2.7017349895428526,0.2738971331961114,resnet32,0.5807,0.5736,2.91154786165465,2.6353289766067807,0.276218880772252,resnet32,0.5772,0.5746,2.947369772263549,2.672740112143484,0.2746296579822559,resnet32,0.5852,0.5842,2.959953458133069,2.6857316487214784,0.2742218082897704,resnet32,0.572,0.5696,3.0040994310243563,2.735177333720706,0.26892209372652526,resnet32,0.5839,0.5776,2.9709739583459767,2.697184346616268,0.2737896134230224,resnet32,0.5858,0.5742,2.986098251220855,2.7142571237954227,0.27184112107550557,resnet32,0.5786,0.5756,2.9771673459221017,2.7082678731530905,0.26889947192235425,resnet32,0.5784,0.5782,2.9751530679112133,2.701937585730444,0.2732154832602563,resnet32,0.5785,0.5764,2.9652088450437244,2.695521218532866,0.2696876259181987,4500000.0,5000.0,18010000.0,2917620000.0,35011440000.0
resnet32x12_cifar100_K12_mwmd1_noise40_seed0004_d011,d011,resnet32:12,cifar100,12,matched,mwmd1,peers,4,200,64,0.1,0.9,0.0005,True,0,60,0.1,1.0,1,,disagreement,1.0,1,0.0,0.5,weight,complete,0.4,0.398956,42,0,45000,5000,10000,5640048,162,0.0010000000000000002,1,102.31,0.5785,0.003970096556340492,0.5688,0.5851,0.643,0.0645,0.5749333333333332,0.64,0.36633939393939396,0.6113410228419195,0.3653909090909091,0.6199076374068981,0.5785,resnet32,0.5768,0.5848,2.968112065372142,2.6949434903534977,0.2731685751668093,resnet32,0.5771,0.5636,2.9965505325658754,2.727892489257184,0.26865804415534844,resnet32,0.5754,0.5718,2.975220926444639,2.702166311104189,0.27305461385880003,resnet32,0.5786,0.576,2.9125757827000185,2.6344767046922986,0.2780990783252161,resnet32,0.5802,0.576,2.945059086111459,2.6726467318155547,0.27241235425357113,resnet32,0.5851,0.58,2.953412708572366,2.6818611283193934,0.27155158622190356,resnet32,0.5688,0.57,3.0016546466133813,2.730277628383853,0.2713770183141936,resnet32,0.5818,0.577,2.9638925692574545,2.6924429923634636,0.27144957712682133,resnet32,0.5785,0.5744,2.9820555130189117,2.7125222120772707,0.2695333028466187,resnet32,0.5831,0.573,2.9802395318719475,2.70785984329202,0.2723796941466968,resnet32,0.5793,0.5762,2.973371195183559,2.7030216977000237,0.2703494962347163,resnet32,0.5773,0.5764,2.9720605178312822,2.6958483295007185,0.2762121836739508,4500000.0,5000.0,18010000.0,2935630000.0,35227560000.0
