run_id,run_tag,cohort,dataset,K,arm,arm_label,target,seed,epochs,batch_size,base_lr,momentum,weight_decay,nesterov,graph_seed,lr_step,lr_gamma,kd_T,k_matchings,k_anneal,match_weight,kappa,rematch_every_epochs,recency_lambda,recency_gamma,peel_weighting,graph,label_noise_rate,actual_noise_rate,noise_seed,split_seed,n_train,n_valid,n_test,cohort_params,epoch,lr,k_current,epoch_seconds,avg_test_acc,std_test_acc,min_test_acc,max_test_acc,ensemble_test_acc,ens_minus_avg_test,avg_val_acc,ensemble_val_acc,disagreement_val,rho_val,disagreement_test,rho_test,avg_test_acc_resnet32,model_00_arch,model_00_test_acc,model_00_val_acc,model_00_train_loss,model_00_ce_loss,model_00_kd_loss,model_01_arch,model_01_test_acc,model_01_val_acc,model_01_train_loss,model_01_ce_loss,model_01_kd_loss,model_02_arch,model_02_test_acc,model_02_val_acc,model_02_train_loss,model_02_ce_loss,model_02_kd_loss,model_03_arch,model_03_test_acc,model_03_val_acc,model_03_train_loss,model_03_ce_loss,model_03_kd_loss,model_04_arch,model_04_test_acc,model_04_val_acc,model_04_train_loss,model_04_ce_loss,model_04_kd_loss,model_05_arch,model_05_test_acc,model_05_val_acc,model_05_train_loss,model_05_ce_loss,model_05_kd_loss,model_06_arch,model_06_test_acc,model_06_val_acc,model_06_train_loss,model_06_ce_loss,model_06_kd_loss,model_07_arch,model_07_test_acc,model_07_val_acc,model_07_train_loss,model_07_ce_loss,model_07_kd_loss,comm_logit_floats_epoch,comm_matcher_ints_epoch,comm_bytes_epoch,comm_bytes_cum,comm_bytes_cum_cohort
resnet32x8_cifar100_K8_mwmd1_noise40_seed0005_d001,d001,resnet32:8,cifar100,8,matched,mwmd1,peers,5,200,64,0.1,0.9,0.0005,True,0,60,0.1,1.0,1,,disagreement,1.0,1,0.0,0.5,weight,complete,0.4,0.398956,42,0,45000,5000,10000,3760032,0,0.1,1,76.82,0.015199999999999998,0.0032027332077461594,0.0093,0.0193,0.0222,0.007000000000000003,0.014225,0.0206,0.5305857142857142,0.407207127500614,0.5310107142857143,0.4250944807360411,0.015199999999999998,resnet32,0.0093,0.009,4.799953426827084,4.696285689418966,0.10366772917768685,resnet32,0.0148,0.0138,4.765182314948603,4.649001592262224,0.116180726441309,resnet32,0.0135,0.0136,4.7322429100220855,4.641579287973317,0.09066361790242312,resnet32,0.0131,0.0116,4.720847267996181,4.629503284665671,0.09134398187717868,resnet32,0.0184,0.018,4.6990561126308,4.629709457131949,0.06934664881191566,resnet32,0.0193,0.0166,4.7060170065272935,4.634897412224249,0.07111958924555108,resnet32,0.0187,0.0172,4.75336552072655,4.6609224710952155,0.09244304942587239,resnet32,0.0145,0.014,4.750712591816079,4.63900006765669,0.11171253488179321,4500000.0,5000.0,18010000.0,18010000.0,144080000.0
resnet32x8_cifar100_K8_mwmd1_noise40_seed0005_d001,d001,resnet32:8,cifar100,8,matched,mwmd1,peers,5,200,64,0.1,0.9,0.0005,True,0,60,0.1,1.0,1,,disagreement,1.0,1,0.0,0.5,weight,complete,0.4,0.398956,42,0,45000,5000,10000,3760032,1,0.1,1,67.86,0.021574999999999997,0.007426094195470456,0.0106,0.0382,0.0402,0.018625000000000003,0.022850000000000002,0.04,0.8597714285714286,0.14657988994763552,0.8581642857142855,0.1525834459955637,0.021574999999999997,resnet32,0.0106,0.0112,4.6160197447646745,4.609164855019613,0.006854900102056986,resnet32,0.019,0.0178,4.60833683068102,4.595513971014456,0.012822862427459437,resnet32,0.0172,0.0188,4.59537645700303,4.583234600045464,0.012141862205184721,resnet32,0.0254,0.0278,4.589543146165934,4.573934624818238,0.015608516123558564,resnet32,0.0217,0.0254,4.595823667943478,4.5896251215176145,0.006198553602933482,resnet32,0.0198,0.0198,4.606572145765478,4.5902469659393486,0.016325180740915875,resnet32,0.0382,0.0402,4.580958488312635,4.567325773564252,0.013632709481250706,resnet32,0.0207,0.0218,4.589864002710039,4.576288673688065,0.013575332205536224,4500000.0,5000.0,18010000.0,36020000.0,288160000.0
resnet32x8_cifar100_K8_mwmd1_noise40_seed0005_d001,d001,resnet32:8,cifar100,8,matched,mwmd1,peers,5,200,64,0.1,0.9,0.0005,True,0,60,0.1,1.0,1,,disagreement,1.0,1,0.0,0.5,weight,complete,0.4,0.398956,42,0,45000,5000,10000,3760032,2,0.1,1,67.92,0.0351625,0.007266006038395509,0.0214,0.0444,0.0447,0.009537499999999997,0.036425,0.047,0.6453642857142856,0.46095338567994176,0.6457821428571427,0.47017251434260166,0.0351625,resnet32,0.0214,0.0218,4.634205340661786,4.602267247709361,0.03193809950872409,resnet32,0.0401,0.0408,4.570614670487967,4.553970510309393,0.01664416408510244,resnet32,0.0363,0.0392,4.561773236502301,4.5452207428487865,0.016552491044752638,resnet32,0.0371,0.0398,4.526655632663857,4.51254211298444,0.014113519933413376,resnet32,0.0378,0.0386,4.540633142671802,4.525958141819998,0.014675005661212543,resnet32,0.0389,0.038,4.599788153036074,4.578120776198127,0.021667373985771766,resnet32,0.0444,0.047,4.5421783890236505,4.513344700363549,0.028833692541494118,resnet32,0.0253,0.0262,4.572704130275683,4.551609383387999,0.021094751546942545,4500000.0,5000.0,18010000.0,54030000.0,432240000.0
resnet32x8_cifar100_K8_mwmd1_noise40_seed0005_d001,d001,resnet32:8,cifar100,8,matched,mwmd1,peers,5,200,64,0.1,0.9,0.0005,True,0,60,0.1,1.0,1,,disagreement,1.0,1,0.0,0.5,weight,complete,0.4,0.398956,42,0,45000,5000,10000,3760032,3,0.1,1,70.07,0.0541625,0.008475986299540602,0.0409,0.0667,0.0621,0.0079375,0.052175,0.062,0.6457785714285714,0.4966783181703943,0.6478821428571431,0.5305010312798356,0.0541625,resnet32,0.0409,0.0406,4.508819235996767,4.493206116286191,0.015613121051997454,resnet32,0.052,0.0474,4.47256708687002,4.454866684295914,0.01770041221937969,resnet32,0.0475,0.047,4.478238697756421,4.468538026918065,0.009700676410416649,resnet32,0.0602,0.0552,4.462164471772584,4.444488676434213,0.017675799094087615,resnet32,0.0654,0.0696,4.444367865269834,4.430634604936296,0.013733252870389895,resnet32,0.0504,0.0466,4.485451377250931,4.4700959094546056,0.01535546881495975,resnet32,0.0667,0.0612,4.448303072967312,4.434602375734936,0.013700700290262996,resnet32,0.0502,0.0498,4.474697262726047,4.464980756017295,0.009716511659710457,4500000.0,5000.0,18010000.0,72040000.0,576320000.0
resnet32x8_cifar100_K8_mwmd1_noise40_seed0005_d001,d001,resnet32:8,cifar100,8,matched,mwmd1,peers,5,200,64,0.1,0.9,0.0005,True,0,60,0.1,1.0,1,,disagreement,1.0,1,0.0,0.5,weight,complete,0.4,0.398956,42,0,45000,5000,10000,3760032,4,0.1,1,67.58,0.0773375,0.006572278429129429,0.0692,0.0906,0.0867,0.009362499999999996,0.08255,0.0908,0.5879214285714287,0.5695914354004766,0.596792857142857,0.5584589036710124,0.0773375,resnet32,0.0754,0.0842,4.431465810672804,4.411343730986118,0.020122080504238096,resnet32,0.0811,0.0822,4.404402673244476,4.384774428199638,0.019628256424436007,resnet32,0.0692,0.0744,4.420836614614183,4.398908485065807,0.02192812734442255,resnet32,0.0719,0.0822,4.406918928027153,4.386806045743552,0.020112879751567645,resnet32,0.0906,0.0898,4.381504739550027,4.361869551241398,0.01963519464929546,resnet32,0.0829,0.0898,4.413812370462851,4.3981011076406995,0.015711267326630397,resnet32,0.0738,0.0792,4.393098602918061,4.37109554017132,0.022003061515120367,resnet32,0.0738,0.0786,4.413089085708965,4.397384280508215,0.01570480805160266,4500000.0,5000.0,18010000.0,90050000.0,720400000.0
resnet32x8_cifar100_K8_mwmd1_noise40_seed0005_d001,d001,resnet32:8,cifar100,8,matched,mwmd1,peers,5,200,64,0.1,0.9,0.0005,True,0,60,0.1,1.0,1,,disagreement,1.0,1,0.0,0.5,weight,complete,0.4,0.398956,42,0,45000,5000,10000,3760032,5,0.1,1,67.58,0.104125,0.010159693646956094,0.0876,0.1211,0.1139,0.009775000000000006,0.10495,0.1114,0.4965642857142856,0.6289111091153065,0.505882142857143,0.6095434852825982,0.104125,resnet32,0.0876,0.0878,4.376107142052867,4.3467643636871465,0.029342785554366525,resnet32,0.1211,0.1154,4.345523751256141,4.3228267119689425,0.022697040676245128,resnet32,0.1104,0.1118,4.353684249249372,4.331021134148944,0.022663113794723442,resnet32,0.1055,0.1064,4.351468581367623,4.328622471202504,0.022846108560439792,resnet32,0.099,0.1014,4.336098912426016,4.306720682504502,0.029378220468061045,resnet32,0.1031,0.1098,4.348577115346085,4.325717404146086,0.022859705953371966,resnet32,0.113,0.1134,4.341113351285458,4.31593219563365,0.02518115473900583,resnet32,0.0933,0.0936,4.360343492166563,4.335153499110178,0.02518999379985458,4500000.0,5000.0,18010000.0,108060000.0,864480000.0
resnet32x8_cifar100_K8_mwmd1_noise40_seed0005_d001,d001,resnet32:8,cifar100,8,matched,mwmd1,peers,5,200,64,0.1,0.9,0.0005,True,0,60,0.1,1.0,1,,disagreement,1.0,1,0.0,0.5,weight,complete,0.4,0.398956,42,0,45000,5000,10000,3760032,6,0.1,1,67.93,0.1343625,0.005133696889182299,0.1252,0.1395,0.1489,0.014537500000000009,0.13612500000000002,0.1516,0.5670428571428572,0.5726804724399034,0.572785714285714,0.5897822901812709,0.1343625,resnet32,0.1365,0.1352,4.323604474013502,4.296406770971688,0.027197710529435426,resnet32,0.1335,0.1366,4.306517632170157,4.279250644824722,0.02726698346404274,resnet32,0.127,0.1254,4.305600755932656,4.278542990711602,0.02705775090990673,resnet32,0.1358,0.1342,4.3045553656464275,4.279550290920517,0.02500507537016264,resnet32,0.1252,0.1254,4.28884750909426,4.261756847189232,0.027090660071487284,resnet32,0.1379,0.1402,4.297174348411235,4.272143670442429,0.025030680135717954,resnet32,0.1395,0.1448,4.294938050887802,4.26991947198456,0.02501857639766637,resnet32,0.1395,0.1472,4.309898219663989,4.2848643440414556,0.025033871619432994,4500000.0,5000.0,18010000.0,126070000.0,1008560000.0
resnet32x8_cifar100_K8_mwmd1_noise40_seed0005_d001,d001,resnet32:8,cifar100,8,matched,mwmd1,peers,5,200,64,0.1,0.9,0.0005,True,0,60,0.1,1.0,1,,disagreement,1.0,1,0.0,0.5,weight,complete,0.4,0.398956,42,0,45000,5000,10000,3760032,7,0.1,1,67.71,0.13525,0.006049586762746688,0.1267,0.1445,0.1404,0.005149999999999988,0.133525,0.14,0.4731,0.6658960441708573,0.4755678571428571,0.6664140427561246,0.13525,resnet32,0.1322,0.1318,4.277966941622171,4.244525871832263,0.03344106850933961,resnet32,0.1348,0.1316,4.2603804905983536,4.227655835788358,0.03272464712922969,resnet32,0.141,0.139,4.260408210822127,4.23324638503519,0.027161828509468414,resnet32,0.1339,0.133,4.258751580999657,4.227206094698473,0.03154548145936464,resnet32,0.1411,0.1426,4.243543664162809,4.211934640664946,0.0316090210637247,resnet32,0.1278,0.1292,4.263204999945381,4.2297563786533745,0.03344862098509276,resnet32,0.1267,0.1208,4.25261622836644,4.219916348768906,0.03269988699519837,resnet32,0.1445,0.1402,4.26425309276039,4.237125808881088,0.02712728988527405,4500000.0,5000.0,18010000.0,144080000.0,1152640000.0
resnet32x8_cifar100_K8_mwmd1_noise40_seed0005_d001,d001,resnet32:8,cifar100,8,matched,mwmd1,peers,5,200,64,0.1,0.9,0.0005,True,0,60,0.1,1.0,1,,disagreement,1.0,1,0.0,0.5,weight,complete,0.4,0.398956,42,0,45000,5000,10000,3760032,8,0.1,1,67.71,0.1522625,0.009850118971362728,0.135,0.1665,0.1668,0.014537500000000009,0.151325,0.1638,0.5014071428571429,0.6264529444313162,0.5007357142857143,0.6278697368446651,0.1522625,resnet32,0.1604,0.1662,4.2329142923382195,4.196726962585341,0.036187334404199974,resnet32,0.1431,0.147,4.218087416142225,4.181856228885326,0.03623119217015549,resnet32,0.1525,0.1506,4.225985146042976,4.188880294561386,0.03710485009254295,resnet32,0.1574,0.1534,4.22069770775058,4.187358040023934,0.03333966757319021,resnet32,0.1446,0.1432,4.206887441941283,4.170544973151251,0.03634246129976501,resnet32,0.1586,0.1546,4.225274835459211,4.191950952464884,0.033323879358993676,resnet32,0.1665,0.1654,4.21563664146445,4.17855611375787,0.037080528603506864,resnet32,0.135,0.1302,4.225147747180679,4.18883583525365,0.03631191368119537,4500000.0,5000.0,18010000.0,162090000.0,1296720000.0
resnet32x8_cifar100_K8_mwmd1_noise40_seed0005_d001,d001,resnet32:8,cifar100,8,matched,mwmd1,peers,5,200,64,0.1,0.9,0.0005,True,0,60,0.1,1.0,1,,disagreement,1.0,1,0.0,0.5,weight,complete,0.4,0.398956,42,0,45000,5000,10000,3760032,9,0.1,1,67.66,0.1815875,0.007978006878287333,0.164,0.1907,0.1987,0.017112499999999975,0.186675,0.205,0.5197857142857142,0.6445967436264561,0.5247107142857143,0.6302485008893156,0.1815875,resnet32,0.1806,0.1894,4.188698657873002,4.145710155367851,0.042988501639973205,resnet32,0.1907,0.1942,4.17818518998948,4.13750239901922,0.04068279884681529,resnet32,0.164,0.1686,4.181428354572166,4.144692812453616,0.03673552927846851,resnet32,0.1775,0.1804,4.187417571517554,4.146742048250004,0.040675532260634514,resnet32,0.1895,0.1968,4.173460655930367,4.130428606136278,0.043032048394459045,resnet32,0.1818,0.1912,4.185916286300529,4.149199440059337,0.03671684304770844,resnet32,0.1876,0.192,4.181859822435812,4.142089292407036,0.03977053756931458,resnet32,0.181,0.1808,4.180892028930512,4.1410462053662,0.039845826974752446,4500000.0,5000.0,18010000.0,180100000.0,1440800000.0
resnet32x8_cifar100_K8_mwmd1_noise40_seed0005_d001,d001,resnet32:8,cifar100,8,matched,mwmd1,peers,5,200,64,0.1,0.9,0.0005,True,0,60,0.1,1.0,1,,disagreement,1.0,1,0.0,0.5,weight,complete,0.4,0.398956,42,0,45000,5000,10000,3760032,10,0.1,1,67.57,0.1864125,0.013510869466840388,0.166,0.2127,0.2017,0.015287499999999982,0.1837,0.1998,0.5107928571428572,0.6314981771427347,0.5056535714285714,0.6442618621414501,0.1864125,resnet32,0.1824,0.1838,4.153889641504396,4.107463138347322,0.046426501212408766,resnet32,0.1769,0.1762,4.144019321961836,4.103221185166728,0.04079813747243448,resnet32,0.1972,0.1976,4.146979530765251,4.1019347553903405,0.04504476991397413,resnet32,0.1854,0.1806,4.15881589258259,4.112331802533432,0.0464840859957886,resnet32,0.2127,0.2138,4.136675403876738,4.091452933509242,0.04522246758411215,resnet32,0.1774,0.1752,4.15204172920097,4.111280253326351,0.040761476988502014,resnet32,0.1933,0.1824,4.1528558846224435,4.107859433374622,0.044996447416699746,resnet32,0.166,0.16,4.144271505149928,4.099068183451891,0.045203326156214724,4500000.0,5000.0,18010000.0,198110000.0,1584880000.0
resnet32x8_cifar100_K8_mwmd1_noise40_seed0005_d001,d001,resnet32:8,cifar100,8,matched,mwmd1,peers,5,200,64,0.1,0.9,0.0005,True,0,60,0.1,1.0,1,,disagreement,1.0,1,0.0,0.5,weight,complete,0.4,0.398956,42,0,45000,5000,10000,3760032,11,0.1,1,69.79,0.18714999999999998,0.01267832796546926,0.1704,0.2069,0.2045,0.017350000000000004,0.18512499999999998,0.2058,0.5299857142857143,0.6242999389640483,0.5383571428571428,0.6241150376412111,0.18714999999999998,resnet32,0.1704,0.1676,4.121874685991894,4.072928211905739,0.04894648151556877,resnet32,0.2069,0.2008,4.1119842573323035,4.062981706789949,0.04900254534599795,resnet32,0.2055,0.2038,4.110334387895736,4.062948885966431,0.04738549768543718,resnet32,0.191,0.1908,4.118912157009948,4.071560041132298,0.047352113300638106,resnet32,0.1852,0.1854,4.102944818071344,4.051163969730789,0.051780850615945055,resnet32,0.1748,0.1826,4.121139561588114,4.069393553178418,0.05174600922989405,resnet32,0.1866,0.1796,4.120944584296509,4.070703394711018,0.050241183473686266,resnet32,0.1768,0.1704,4.1088244403627785,4.058537758548152,0.05028668388364498,4500000.0,5000.0,18010000.0,216120000.0,1728960000.0
resnet32x8_cifar100_K8_mwmd1_noise40_seed0005_d001,d001,resnet32:8,cifar100,8,matched,mwmd1,peers,5,200,64,0.1,0.9,0.0005,True,0,60,0.1,1.0,1,,disagreement,1.0,1,0.0,0.5,weight,complete,0.4,0.398956,42,0,45000,5000,10000,3760032,12,0.1,1,67.78,0.1910375,0.011139113238943215,0.1729,0.2089,0.2136,0.022562500000000013,0.1894,0.2102,0.5505857142857143,0.6134321658475062,0.54985,0.6067288862974591,0.1910375,resnet32,0.1888,0.191,4.097388626160947,4.0423575209623035,0.05503111091886901,resnet32,0.1831,0.1774,4.082154332236811,4.03310092640194,0.04905340154337781,resnet32,0.2038,0.2014,4.085909259251573,4.0304777486757795,0.055431509305807675,resnet32,0.2089,0.2022,4.094114582308314,4.040628338063305,0.05348623949843882,resnet32,0.1835,0.1824,4.079733940010721,4.024671262976798,0.05506267063108019,resnet32,0.189,0.1894,4.0866647891022945,4.037650526924566,0.04901426669146696,resnet32,0.1729,0.1724,4.097104799341071,4.0417031943798065,0.055401601807468316,resnet32,0.1983,0.199,4.084912164306099,4.031382977962494,0.05352918896294961,4500000.0,5000.0,18010000.0,234130000.0,1873040000.0
resnet32x8_cifar100_K8_mwmd1_noise40_seed0005_d001,d001,resnet32:8,cifar100,8,matched,mwmd1,peers,5,200,64,0.1,0.9,0.0005,True,0,60,0.1,1.0,1,,disagreement,1.0,1,0.0,0.5,weight,complete,0.4,0.398956,42,0,45000,5000,10000,3760032,13,0.1,1,67.85,0.21202500000000002,0.007800440692678848,0.2007,0.224,0.2318,0.019774999999999987,0.209125,0.2334,0.5420214285714285,0.6092826328940352,0.5423285714285713,0.6142868471123141,0.21202500000000002,resnet32,0.2007,0.1946,4.073557974939996,4.018041996793314,0.05551597854884511,resnet32,0.2152,0.2058,4.064269814301621,4.008703225376931,0.05556658433686772,resnet32,0.2092,0.2036,4.067621563307264,4.009754375977949,0.05786718712294136,resnet32,0.2149,0.2142,4.0706701583483005,4.013845833187753,0.05682433039923622,resnet32,0.224,0.2256,4.061928227882493,4.003780643371019,0.05814758077560162,resnet32,0.2054,0.207,4.0705772082914,4.012453649531711,0.05812356476566161,resnet32,0.205,0.1982,4.077756025574424,4.020924144170501,0.05683187703305686,resnet32,0.2218,0.224,4.0672450587153435,4.009353534403172,0.057891526539937004,4500000.0,5000.0,18010000.0,252140000.0,2017120000.0
resnet32x8_cifar100_K8_mwmd1_noise40_seed0005_d001,d001,resnet32:8,cifar100,8,matched,mwmd1,peers,5,200,64,0.1,0.9,0.0005,True,0,60,0.1,1.0,1,,disagreement,1.0,1,0.0,0.5,weight,complete,0.4,0.398956,42,0,45000,5000,10000,3760032,14,0.1,1,67.93,0.1943625,0.025573371771238924,0.1413,0.2228,0.2119,0.01753750000000001,0.19845,0.2166,0.5166357142857143,0.6468069727151652,0.525717857142857,0.6392381893080131,0.1943625,resnet32,0.2051,0.2102,4.053507542745634,3.991999772123315,0.06150776539421217,resnet32,0.2183,0.2246,4.042018383064053,3.982344250787388,0.059674133382610635,resnet32,0.2228,0.223,4.04791067709977,3.9863551323386757,0.06155554418960078,resnet32,0.216,0.2152,4.049373617903753,3.989750921726227,0.05962269483345815,resnet32,0.1886,0.1958,4.03895879638466,3.9789191413332117,0.06003966043830256,resnet32,0.1878,0.1898,4.045672568746588,3.9857603667134587,0.05991220112826506,resnet32,0.175,0.184,4.058305618437854,3.998362561179833,0.05994305861267177,resnet32,0.1413,0.145,4.044998906214129,3.985096663575281,0.059902235235891894,4500000.0,5000.0,18010000.0,270150000.0,2161200000.0
resnet32x8_cifar100_K8_mwmd1_noise40_seed0005_d001,d001,resnet32:8,cifar100,8,matched,mwmd1,peers,5,200,64,0.1,0.9,0.0005,True,0,60,0.1,1.0,1,,disagreement,1.0,1,0.0,0.5,weight,complete,0.4,0.398956,42,0,45000,5000,10000,3760032,15,0.1,1,67.75,0.2195,0.01808307219473505,0.1862,0.2395,0.2383,0.01880000000000001,0.21925,0.2356,0.5337714285714285,0.6173923952026462,0.5374357142857142,0.6221985772072426,0.2195,resnet32,0.1862,0.1868,4.040806611491875,3.9753287322819233,0.06547788009365005,resnet32,0.2379,0.2344,4.024155935441906,3.9634756459431215,0.06068028993269598,resnet32,0.2228,0.2184,4.0289908667856995,3.9666001268408517,0.06239074097141962,resnet32,0.2228,0.222,4.03366219387813,3.9718055955388327,0.061856604742140255,resnet32,0.232,0.2382,4.0241532616994595,3.963565817949447,0.06058744813146239,resnet32,0.2196,0.2208,4.030615630474958,3.9651164419271727,0.06549918442562391,resnet32,0.2395,0.2392,4.040700695731423,3.978811865164475,0.06188882074572823,resnet32,0.1952,0.1942,4.027581479061734,3.9651760675690393,0.062405411090532485,4500000.0,5000.0,18010000.0,288160000.0,2305280000.0
resnet32x8_cifar100_K8_mwmd1_noise40_seed0005_d001,d001,resnet32:8,cifar100,8,matched,mwmd1,peers,5,200,64,0.1,0.9,0.0005,True,0,60,0.1,1.0,1,,disagreement,1.0,1,0.0,0.5,weight,complete,0.4,0.398956,42,0,45000,5000,10000,3760032,16,0.1,1,68.02,0.2280625,0.008196026095004824,0.2134,0.2381,0.2548,0.026737500000000025,0.228,0.2528,0.5351571428571429,0.619930365102647,0.5413142857142856,0.6200329840203839,0.2280625,resnet32,0.2262,0.2308,4.020154952325604,3.9531365639784117,0.06701839370758865,resnet32,0.2134,0.2128,4.004904347048565,3.940092736685818,0.06481161684496328,resnet32,0.2366,0.2328,4.015186004001986,3.946885733780536,0.06830027769319713,resnet32,0.2336,0.2336,4.016378386115486,3.949458312243223,0.06692006974481046,resnet32,0.2219,0.2218,4.00919921560721,3.9447978260842236,0.06440139312656935,resnet32,0.2335,0.2358,4.008593579923565,3.9442099803550676,0.06438360012411563,resnet32,0.2212,0.2238,4.030298847366463,3.96206752278588,0.06823131993984465,resnet32,0.2381,0.2326,4.009863872419704,3.945132716135545,0.06473115512529727,4500000.0,5000.0,18010000.0,306170000.0,2449360000.0
resnet32x8_cifar100_K8_mwmd1_noise40_seed0005_d001,d001,resnet32:8,cifar100,8,matched,mwmd1,peers,5,200,64,0.1,0.9,0.0005,True,0,60,0.1,1.0,1,,disagreement,1.0,1,0.0,0.5,weight,complete,0.4,0.398956,42,0,45000,5000,10000,3760032,17,0.1,1,67.55,0.23878749999999999,0.014433159520700935,0.2219,0.2657,0.265,0.026212500000000027,0.23920000000000002,0.2636,0.5075642857142857,0.6235290087381664,0.5167107142857141,0.6230439206992032,0.23878749999999999,resnet32,0.2477,0.2448,4.010091185908426,3.941667389124632,0.06842379589480432,resnet32,0.2219,0.2242,3.9981507564132865,3.92975602298975,0.06839473035440526,resnet32,0.2225,0.2276,4.002096142958511,3.9353988621045244,0.06669727273137224,resnet32,0.2436,0.242,4.00335729630156,3.9349017854441297,0.06845551377310502,resnet32,0.2497,0.252,4.001606286249378,3.9331464377993886,0.06845984629101375,resnet32,0.2288,0.2328,3.9941734048453243,3.927409056574106,0.06676434907554225,resnet32,0.2304,0.2252,4.016205650500276,3.947984939949079,0.06822070949816737,resnet32,0.2657,0.265,3.997873219238086,3.929319954053922,0.06855327174046331,4500000.0,5000.0,18010000.0,324180000.0,2593440000.0
resnet32x8_cifar100_K8_mwmd1_noise40_seed0005_d001,d001,resnet32:8,cifar100,8,matched,mwmd1,peers,5,200,64,0.1,0.9,0.0005,True,0,60,0.1,1.0,1,,disagreement,1.0,1,0.0,0.5,weight,complete,0.4,0.398956,42,0,45000,5000,10000,3760032,18,0.1,1,76.22,0.2429,0.016391308672586216,0.2252,0.2676,0.2663,0.023399999999999976,0.23779999999999998,0.2614,0.5316714285714285,0.6018813423087757,0.5340464285714287,0.6089027771369544,0.2429,resnet32,0.2631,0.2648,3.9980820519003,3.9273157234896314,0.07076633240583098,resnet32,0.2579,0.256,3.98491383343935,3.9179591824385254,0.06695465842494741,resnet32,0.2266,0.2186,3.9870265000923113,3.9175531278279694,0.06947337117956275,resnet32,0.2261,0.221,3.9900018762458456,3.9224353845823896,0.06756648799637333,resnet32,0.237,0.231,3.9892048839141023,3.919708542864431,0.069496343171605,resnet32,0.2676,0.257,3.985440054061738,3.914548496631059,0.0708915575788441,resnet32,0.2252,0.218,4.002322657880458,3.9347034939988093,0.06761916775510392,resnet32,0.2397,0.236,3.9873398193581537,3.920416394756599,0.06692342733202333,4500000.0,5000.0,18010000.0,342190000.0,2737520000.0
resnet32x8_cifar100_K8_mwmd1_noise40_seed0005_d001,d001,resnet32:8,cifar100,8,matched,mwmd1,peers,5,200,64,0.1,0.9,0.0005,True,0,60,0.1,1.0,1,,disagreement,1.0,1,0.0,0.5,weight,complete,0.4,0.398956,42,0,45000,5000,10000,3760032,19,0.1,1,67.52,0.269775,0.010978017808329516,0.2474,0.2815,0.2983,0.028525000000000023,0.270325,0.2948,0.4795500000000001,0.6367783615770818,0.4842500000000001,0.6400201368494226,0.269775,resnet32,0.2767,0.2794,3.9874776916747745,3.9167681888423185,0.07070950501259755,resnet32,0.2717,0.2702,3.976286479356614,3.9063225127756596,0.06996397101531991,resnet32,0.2815,0.2802,3.979889478873123,3.9079589010639624,0.07193057538031346,resnet32,0.2745,0.275,3.983337467028336,3.9127023067664015,0.07063515847866339,resnet32,0.2566,0.2606,3.9790166318416595,3.9097767096351492,0.06923992233880033,resnet32,0.2713,0.2722,3.974523180926388,3.9051770923489872,0.06934608769370243,resnet32,0.2474,0.2456,3.9941940436309036,3.9243132617663252,0.06988078539937058,resnet32,0.2785,0.2794,3.9764212600209494,3.904479008506645,0.071942250397776,4500000.0,5000.0,18010000.0,360200000.0,2881600000.0
resnet32x8_cifar100_K8_mwmd1_noise40_seed0005_d001,d001,resnet32:8,cifar100,8,matched,mwmd1,peers,5,200,64,0.1,0.9,0.0005,True,0,60,0.1,1.0,1,,disagreement,1.0,1,0.0,0.5,weight,complete,0.4,0.398956,42,0,45000,5000,10000,3760032,20,0.1,1,67.88,0.2773375,0.013129255262580594,0.2552,0.2967,0.3048,0.0274625,0.273925,0.3006,0.4858642857142858,0.6359557207113687,0.4823999999999999,0.6506904080517532,0.2773375,resnet32,0.2712,0.2674,3.985007679936561,3.910102367401123,0.074905311699364,resnet32,0.2772,0.282,3.9687006917189467,3.8983580852774056,0.07034260615579445,resnet32,0.2875,0.2818,3.9719478145919065,3.9016286469995975,0.07031917059794068,resnet32,0.2967,0.2912,3.9784330759536135,3.9058014415204525,0.07263163986234841,resnet32,0.2552,0.2564,3.9727121727033095,3.902525981718844,0.07018618723271754,resnet32,0.2833,0.2784,3.9649951722134245,3.894659557125785,0.07033561169042844,resnet32,0.2613,0.251,3.991676805371588,3.9168445586480876,0.07483224491377106,resnet32,0.2863,0.2832,3.968002663755959,3.89518462527882,0.07281804179497571,4500000.0,5000.0,18010000.0,378210000.0,3025680000.0
resnet32x8_cifar100_K8_mwmd1_noise40_seed0005_d001,d001,resnet32:8,cifar100,8,matched,mwmd1,peers,5,200,64,0.1,0.9,0.0005,True,0,60,0.1,1.0,1,,disagreement,1.0,1,0.0,0.5,weight,complete,0.4,0.398956,42,0,45000,5000,10000,3760032,21,0.1,1,72.48,0.27715,0.009357483636106436,0.2558,0.2884,0.3106,0.03344999999999998,0.2688,0.301,0.5011071428571429,0.6017304393665214,0.49801785714285735,0.6102062554959821,0.27715,resnet32,0.2715,0.2652,3.977033449167555,3.901673810725862,0.07535963456823745,resnet32,0.2884,0.2764,3.9621743956072764,3.8888198056004266,0.07335459070534191,resnet32,0.2807,0.2736,3.9653077968819574,3.891207852824168,0.07409994960868392,resnet32,0.2823,0.274,3.970298810777339,3.897093853828582,0.07320495501202955,resnet32,0.284,0.2824,3.967513007535176,3.893495514311574,0.0740174861275591,resnet32,0.2558,0.2424,3.9634709077125247,3.888051252134822,0.07541965025963938,resnet32,0.277,0.263,3.9865855903110723,3.9077583879909734,0.07882720333079553,resnet32,0.2775,0.2734,3.969651835885915,3.890725452452898,0.07892638369759714,4500000.0,5000.0,18010000.0,396220000.0,3169760000.0
resnet32x8_cifar100_K8_mwmd1_noise40_seed0005_d001,d001,resnet32:8,cifar100,8,matched,mwmd1,peers,5,200,64,0.1,0.9,0.0005,True,0,60,0.1,1.0,1,,disagreement,1.0,1,0.0,0.5,weight,complete,0.4,0.398956,42,0,45000,5000,10000,3760032,22,0.1,1,68.37,0.2852125,0.01282160651985546,0.2593,0.2985,0.3142,0.0289875,0.28922499999999995,0.3236,0.4998642857142857,0.6259630114360101,0.5013964285714285,0.6239305984819957,0.2852125,resnet32,0.2985,0.304,3.9761574925346808,3.897143932906064,0.07901355949632655,resnet32,0.2739,0.2856,3.95786075564948,3.8857515169815584,0.07210924807639624,resnet32,0.2853,0.2838,3.963763189248063,3.886759803037752,0.07700338116211985,resnet32,0.2791,0.2804,3.9602964493361386,3.8862201032990757,0.07407634870403192,resnet32,0.2945,0.3024,3.959808463738723,3.885580000213601,0.07422846295362846,resnet32,0.2946,0.295,3.95539809695699,3.8833377821878954,0.07206031890183856,resnet32,0.2593,0.2592,3.9777434170246124,3.900831314650449,0.07691210696198554,resnet32,0.2965,0.3034,3.9613897021521223,3.882289343259551,0.0791003633428111,4500000.0,5000.0,18010000.0,414230000.0,3313840000.0
resnet32x8_cifar100_K8_mwmd1_noise40_seed0005_d001,d001,resnet32:8,cifar100,8,matched,mwmd1,peers,5,200,64,0.1,0.9,0.0005,True,0,60,0.1,1.0,1,,disagreement,1.0,1,0.0,0.5,weight,complete,0.4,0.398956,42,0,45000,5000,10000,3760032,23,0.1,1,84.1,0.23407499999999998,0.01297784169266985,0.2181,0.2578,0.2606,0.02652500000000002,0.22655,0.2524,0.5357071428571428,0.5972026234960667,0.5359285714285714,0.601594118860607,0.23407499999999998,resnet32,0.2202,0.2082,3.9599591869522226,3.884347376836972,0.07561181243826551,resnet32,0.2232,0.2176,3.947064242918383,3.87241958420385,0.07464465688892895,resnet32,0.2365,0.224,3.952190601351586,3.877661680972034,0.074528920781714,resnet32,0.2293,0.2244,3.956986061890017,3.8813943564891815,0.07559170038968493,resnet32,0.2426,0.238,3.9533905647695065,3.878151845864274,0.07523871986830438,resnet32,0.2578,0.2508,3.9441407072273167,3.8688237982040103,0.07531690630871295,resnet32,0.2181,0.2098,3.9740448773584585,3.8950289199975403,0.07901595095278356,resnet32,0.2449,0.2396,3.951865095983852,3.8727344989099284,0.07913059562931514,4500000.0,5000.0,18010000.0,432240000.0,3457920000.0
resnet32x8_cifar100_K8_mwmd1_noise40_seed0005_d001,d001,resnet32:8,cifar100,8,matched,mwmd1,peers,5,200,64,0.1,0.9,0.0005,True,0,60,0.1,1.0,1,,disagreement,1.0,1,0.0,0.5,weight,complete,0.4,0.398956,42,0,45000,5000,10000,3760032,24,0.1,1,84.27,0.2770625,0.01634533094648132,0.2534,0.2987,0.3112,0.03413749999999999,0.27165,0.3074,0.5524857142857144,0.5820619142314676,0.5478035714285715,0.5921125384238025,0.2770625,resnet32,0.2905,0.28,3.960021485659209,3.879998754709959,0.08002272808119994,resnet32,0.2534,0.2548,3.9500415585935116,3.869942945851521,0.08009860996389762,resnet32,0.2987,0.298,3.946970670060678,3.8673890771513637,0.07958159448621287,resnet32,0.2792,0.2722,3.955332675102082,3.876428744332357,0.07890393007123335,resnet32,0.2628,0.2534,3.9517343430356546,3.8721541738645597,0.07958016858901829,resnet32,0.2875,0.2782,3.9458116800947622,3.86636278947646,0.07944888940652493,resnet32,0.289,0.281,3.9689405926249246,3.8896142579615116,0.07932633241977204,resnet32,0.2554,0.2556,3.947642794386907,3.868608545850624,0.07903424714459106,4500000.0,5000.0,18010000.0,450250000.0,3602000000.0
resnet32x8_cifar100_K8_mwmd1_noise40_seed0005_d001,d001,resnet32:8,cifar100,8,matched,mwmd1,peers,5,200,64,0.1,0.9,0.0005,True,0,60,0.1,1.0,1,,disagreement,1.0,1,0.0,0.5,weight,complete,0.4,0.398956,42,0,45000,5000,10000,3760032,25,0.1,1,83.12,0.2779375,0.009550253596109365,0.2569,0.2915,0.3079,0.029962500000000003,0.273825,0.304,0.5054714285714285,0.6254780345933171,0.5057321428571429,0.6275098087598688,0.2779375,resnet32,0.2714,0.2642,3.953807983547449,3.8718500794334845,0.08195790883407673,resnet32,0.2824,0.279,3.9365489967167377,3.862043895504691,0.07450509769842029,resnet32,0.2915,0.2922,3.937062368474223,3.859055818481879,0.07800654894989831,resnet32,0.2808,0.2774,3.943755987692963,3.8658149614930153,0.0779410316503014,resnet32,0.2835,0.2766,3.9428547881543636,3.864753885025328,0.07810090180084278,resnet32,0.2779,0.2706,3.935131487521258,3.8606127547946842,0.07451873277949,resnet32,0.2569,0.2548,3.9576883183961566,3.879636635495858,0.07805168256692757,resnet32,0.2791,0.2758,3.9414247772233053,3.8594070876186546,0.08201768578411164,4500000.0,5000.0,18010000.0,468260000.0,3746080000.0
resnet32x8_cifar100_K8_mwmd1_noise40_seed0005_d001,d001,resnet32:8,cifar100,8,matched,mwmd1,peers,5,200,64,0.1,0.9,0.0005,True,0,60,0.1,1.0,1,,disagreement,1.0,1,0.0,0.5,weight,complete,0.4,0.398956,42,0,45000,5000,10000,3760032,26,0.1,1,83.19,0.26406250000000003,0.012864965750051575,0.2519,0.2901,0.2936,0.029537499999999994,0.25865,0.2876,0.5239642857142858,0.6232607886002715,0.5248821428571427,0.6267787474137336,0.26406250000000003,resnet32,0.2651,0.2582,3.948934794488278,3.867772861976515,0.08116193082374097,resnet32,0.2776,0.2662,3.935057071799582,3.8558735993098128,0.07918346737807785,resnet32,0.2557,0.2568,3.933160615576939,3.854076847095381,0.07908376963512803,resnet32,0.2534,0.2466,3.9421646520495415,3.8630714145573704,0.07909323919077658,resnet32,0.2901,0.2824,3.9406353018500586,3.861493079161102,0.07914222113851627,resnet32,0.2528,0.2542,3.936526541682807,3.8552643856541677,0.08126215525606478,resnet32,0.2659,0.2584,3.96175269884142,3.878214706074108,0.08353798708412796,resnet32,0.2519,0.2464,3.9412307749417694,3.8573934185233982,0.08383735941871154,4500000.0,5000.0,18010000.0,486270000.0,3890160000.0
resnet32x8_cifar100_K8_mwmd1_noise40_seed0005_d001,d001,resnet32:8,cifar100,8,matched,mwmd1,peers,5,200,64,0.1,0.9,0.0005,True,0,60,0.1,1.0,1,,disagreement,1.0,1,0.0,0.5,weight,complete,0.4,0.398956,42,0,45000,5000,10000,3760032,27,0.1,1,86.64,0.27725,0.007294175758781801,0.2668,0.2903,0.3059,0.02865000000000001,0.2741,0.3102,0.5251999999999999,0.5985665337850483,0.5246642857142858,0.6163716469786441,0.27725,resnet32,0.2789,0.274,3.9441914643076332,3.858497014438564,0.08569444513837383,resnet32,0.2695,0.2598,3.929146049374884,3.847641729495742,0.0815043212867088,resnet32,0.2808,0.2784,3.933259041133252,3.847562165422873,0.08569687539817426,resnet32,0.2903,0.291,3.935324886983091,3.856660410761833,0.07866448116361756,resnet32,0.2781,0.2774,3.9337049787017433,3.8540600331669506,0.07964494133854962,resnet32,0.2827,0.2758,3.9279378093779087,3.848230612210252,0.07970719908321784,resnet32,0.2668,0.2652,3.9507444761693478,3.8720771748233926,0.07866730673810128,resnet32,0.2709,0.2712,3.932551059871912,3.8510951589454305,0.08145589983111924,4500000.0,5000.0,18010000.0,504280000.0,4034240000.0
resnet32x8_cifar100_K8_mwmd1_noise40_seed0005_d001,d001,resnet32:8,cifar100,8,matched,mwmd1,peers,5,200,64,0.1,0.9,0.0005,True,0,60,0.1,1.0,1,,disagreement,1.0,1,0.0,0.5,weight,complete,0.4,0.398956,42,0,45000,5000,10000,3760032,28,0.1,1,84.95,0.275,0.021276512872179028,0.2302,0.3066,0.3054,0.030399999999999983,0.273825,0.3016,0.5202714285714285,0.6037298332772922,0.5163321428571427,0.6155106804176477,0.275,resnet32,0.2782,0.2828,3.937026323581284,3.855375562879172,0.08165075842142952,resnet32,0.2743,0.2724,3.919365954331376,3.8413232419301164,0.07804271154401993,resnet32,0.3066,0.3038,3.9218132953074845,3.83711737902327,0.08469590970674869,resnet32,0.2703,0.2752,3.931228309192441,3.849717026745731,0.08151128495493057,resnet32,0.2863,0.2868,3.928702749650587,3.843989452177828,0.08471329552544789,resnet32,0.2621,0.2542,3.9173288687386294,3.839273529973897,0.07805533501827581,resnet32,0.292,0.2856,3.94967551224611,3.865130539983511,0.08454497215147554,resnet32,0.2302,0.2298,3.9279846650632946,3.843227756633,0.08475690495900133,4500000.0,5000.0,18010000.0,522290000.0,4178320000.0
resnet32x8_cifar100_K8_mwmd1_noise40_seed0005_d001,d001,resnet32:8,cifar100,8,matched,mwmd1,peers,5,200,64,0.1,0.9,0.0005,True,0,60,0.1,1.0,1,,disagreement,1.0,1,0.0,0.5,weight,complete,0.4,0.398956,42,0,45000,5000,10000,3760032,29,0.1,1,84.83,0.29183749999999997,0.011944238935570558,0.2792,0.3082,0.327,0.03516250000000004,0.28885,0.3236,0.5087357142857144,0.6281881349152972,0.51245,0.6237154129350392,0.29183749999999997,resnet32,0.2792,0.2774,3.9361954771659593,3.849599534815008,0.08659594655248591,resnet32,0.2797,0.2872,3.9202794557945295,3.8351204083724455,0.08515904769724743,resnet32,0.308,0.3076,3.9200742061842573,3.8337223790585995,0.0863518286708065,resnet32,0.2831,0.2794,3.9309063861993225,3.8490431390025397,0.08186323727502233,resnet32,0.2805,0.2814,3.924364760179411,3.8376713662662287,0.08669339212991128,resnet32,0.3015,0.2918,3.915408217094161,3.8334093269976703,0.08199889131356031,resnet32,0.2945,0.2886,3.9471001171252946,3.8621632534671915,0.084936852122403,resnet32,0.3082,0.2974,3.92373718151992,3.8373811170458794,0.086356061224995,4500000.0,5000.0,18010000.0,540300000.0,4322400000.0
resnet32x8_cifar100_K8_mwmd1_noise40_seed0005_d001,d001,resnet32:8,cifar100,8,matched,mwmd1,peers,5,200,64,0.1,0.9,0.0005,True,0,60,0.1,1.0,1,,disagreement,1.0,1,0.0,0.5,weight,complete,0.4,0.398956,42,0,45000,5000,10000,3760032,30,0.1,1,84.73,0.2747625,0.015598472481304061,0.2382,0.2887,0.309,0.034237499999999976,0.276575,0.3156,0.5224285714285714,0.5987036234614109,0.5257785714285715,0.6076198753829571,0.2747625,resnet32,0.2887,0.2966,3.930881420997056,3.84407271749594,0.0868087061363357,resnet32,0.2868,0.2766,3.911053754050623,3.8269326060333033,0.08412115418204022,resnet32,0.2737,0.282,3.9101971682499754,3.826041077009656,0.0841560946375301,resnet32,0.2853,0.292,3.9296623515811833,3.8421625071628527,0.08749984124336731,resnet32,0.2788,0.281,3.9158455570313064,3.8321140709925783,0.08373148875861344,resnet32,0.2816,0.2866,3.911186495287852,3.8274932534179906,0.08369323937751522,resnet32,0.265,0.2586,3.942136648703705,3.8552880625833166,0.08684858918951993,resnet32,0.2382,0.2392,3.9170366024429146,3.8292581967332144,0.08777840253473683,4500000.0,5000.0,18010000.0,558310000.0,4466480000.0
resnet32x8_cifar100_K8_mwmd1_noise40_seed0005_d001,d001,resnet32:8,cifar100,8,matched,mwmd1,peers,5,200,64,0.1,0.9,0.0005,True,0,60,0.1,1.0,1,,disagreement,1.0,1,0.0,0.5,weight,complete,0.4,0.398956,42,0,45000,5000,10000,3760032,31,0.1,1,86.1,0.28180000000000005,0.014695407445865531,0.2576,0.3023,0.3258,0.04399999999999993,0.274325,0.315,0.5659500000000001,0.5741360355162456,0.5618321428571428,0.5849180469321134,0.28180000000000005,resnet32,0.2837,0.272,3.9307301799682053,3.83880001204935,0.09193017074457285,resnet32,0.3004,0.2892,3.9133919294584882,3.8257678621871904,0.08762407431971621,resnet32,0.3023,0.296,3.913573870266026,3.8215564360672776,0.09201743329917504,resnet32,0.2707,0.2646,3.9246269914914262,3.837903030894019,0.08672396098898555,resnet32,0.2916,0.2844,3.913073291494088,3.8261568800292234,0.08691640899897637,resnet32,0.2576,0.2508,3.913127179172906,3.823035251010548,0.09009192754853178,resnet32,0.2781,0.2712,3.9408804581246595,3.851098659702323,0.08978179255923764,resnet32,0.27,0.2664,3.9132336903024805,3.825593252073635,0.08764043312773785,4500000.0,5000.0,18010000.0,576320000.0,4610560000.0
resnet32x8_cifar100_K8_mwmd1_noise40_seed0005_d001,d001,resnet32:8,cifar100,8,matched,mwmd1,peers,5,200,64,0.1,0.9,0.0005,True,0,60,0.1,1.0,1,,disagreement,1.0,1,0.0,0.5,weight,complete,0.4,0.398956,42,0,45000,5000,10000,3760032,32,0.1,1,84.97,0.2810375,0.021088974459418364,0.2504,0.3064,0.3158,0.03476250000000003,0.276675,0.312,0.5181571428571428,0.6039251322451376,0.5223535714285715,0.611956278275381,0.2810375,resnet32,0.255,0.2496,3.9249822060492905,3.837615701962601,0.08736650180600752,resnet32,0.3064,0.3012,3.904784971340136,3.8186110010878607,0.08617396915691312,resnet32,0.2704,0.2696,3.9030118229036983,3.8144096078520473,0.08860221682963046,resnet32,0.2972,0.2884,3.920686275105585,3.8346139747988093,0.08607230010569435,resnet32,0.3058,0.3022,3.9122421345250173,3.8234185945581305,0.08882353589235042,resnet32,0.2691,0.2604,3.903349245475097,3.815861903469671,0.08748734501105818,resnet32,0.2504,0.2526,3.9374237019907343,3.8488067622211846,0.08861693790690466,resnet32,0.294,0.2894,3.9061518084596503,3.8173971995711327,0.08875460234809328,4500000.0,5000.0,18010000.0,594330000.0,4754640000.0
resnet32x8_cifar100_K8_mwmd1_noise40_seed0005_d001,d001,resnet32:8,cifar100,8,matched,mwmd1,peers,5,200,64,0.1,0.9,0.0005,True,0,60,0.1,1.0,1,,disagreement,1.0,1,0.0,0.5,weight,complete,0.4,0.398956,42,0,45000,5000,10000,3760032,33,0.1,1,86.44,0.3191,0.011468543935478472,0.3031,0.3367,0.3613,0.042200000000000015,0.316025,0.3592,0.49420714285714273,0.6237580743493059,0.49871428571428567,0.6261919595064531,0.3191,resnet32,0.3145,0.3092,3.918482956899838,3.828177481551062,0.09030547278763895,resnet32,0.3293,0.3248,3.896541540256955,3.8093259426003154,0.08721559707985514,resnet32,0.3089,0.31,3.8957475268028,3.8086758753792807,0.08707165046573871,resnet32,0.3031,0.3028,3.910806229846044,3.82467454333197,0.0861316822543317,resnet32,0.3367,0.3294,3.9059597853232515,3.8156143382868986,0.09034545208454471,resnet32,0.3142,0.3132,3.895383308556947,3.804965441538529,0.0904178645525297,resnet32,0.313,0.305,3.926545911553231,3.8403840982778505,0.08616181518565016,resnet32,0.3331,0.3338,3.8978293165564537,3.8074171797118406,0.09041212790179998,4500000.0,5000.0,18010000.0,612340000.0,4898720000.0
resnet32x8_cifar100_K8_mwmd1_noise40_seed0005_d001,d001,resnet32:8,cifar100,8,matched,mwmd1,peers,5,200,64,0.1,0.9,0.0005,True,0,60,0.1,1.0,1,,disagreement,1.0,1,0.0,0.5,weight,complete,0.4,0.398956,42,0,45000,5000,10000,3760032,34,0.1,1,84.68,0.2953125,0.01609172438708792,0.2571,0.3181,0.3412,0.045887500000000025,0.298075,0.3482,0.5615500000000001,0.5535367011312984,0.5606857142857142,0.5678758023342257,0.2953125,resnet32,0.2978,0.3076,3.916641961444508,3.822306214069778,0.09433575103652071,resnet32,0.2979,0.3024,3.8925000097263944,3.806729196147485,0.08577082166977396,resnet32,0.3181,0.3244,3.8996527208523317,3.805221982977607,0.09443073549350216,resnet32,0.2992,0.289,3.9152200763875786,3.823709162798795,0.09151091989637776,resnet32,0.3023,0.307,3.902782902798869,3.811241319233721,0.09154158688827672,resnet32,0.2923,0.2944,3.8876407491889866,3.801824276758866,0.08581647033993663,resnet32,0.2978,0.3052,3.9300621805543248,3.838671398772435,0.0913907855283469,resnet32,0.2571,0.2546,3.897713865746151,3.805942875756459,0.09177099167242307,4500000.0,5000.0,18010000.0,630350000.0,5042800000.0
resnet32x8_cifar100_K8_mwmd1_noise40_seed0005_d001,d001,resnet32:8,cifar100,8,matched,mwmd1,peers,5,200,64,0.1,0.9,0.0005,True,0,60,0.1,1.0,1,,disagreement,1.0,1,0.0,0.5,weight,complete,0.4,0.398956,42,0,45000,5000,10000,3760032,35,0.1,1,84.1,0.2899625,0.009848469106922157,0.2742,0.3044,0.3266,0.03663749999999999,0.287825,0.3202,0.5313857142857142,0.6023415619880577,0.5319892857142857,0.6000907641123467,0.2899625,resnet32,0.2742,0.2758,3.915110831233588,3.8205649564889343,0.09454587907318703,resnet32,0.2911,0.2872,3.8926109082319518,3.802168296142058,0.09044260993621057,resnet32,0.3028,0.3028,3.8950660587711767,3.802001964978196,0.09306409680919553,resnet32,0.288,0.2842,3.9025689400732517,3.815214893695983,0.08735404556236145,resnet32,0.3044,0.3052,3.90124879472635,3.810877102681182,0.09037168954753062,resnet32,0.2909,0.2852,3.8868625533174384,3.7992984242737293,0.08756412953053685,resnet32,0.2905,0.287,3.925143450498581,3.8322343687442215,0.09290908564898101,resnet32,0.2778,0.2752,3.896245579489253,3.8015890057114037,0.09465657450809059,4500000.0,5000.0,18010000.0,648360000.0,5186880000.0
resnet32x8_cifar100_K8_mwmd1_noise40_seed0005_d001,d001,resnet32:8,cifar100,8,matched,mwmd1,peers,5,200,64,0.1,0.9,0.0005,True,0,60,0.1,1.0,1,,disagreement,1.0,1,0.0,0.5,weight,complete,0.4,0.398956,42,0,45000,5000,10000,3760032,36,0.1,1,84.06,0.307025,0.019661685456745563,0.2798,0.3341,0.3462,0.039175000000000015,0.303375,0.3412,0.5082071428571429,0.6036805863374806,0.5202535714285714,0.589210300554966,0.307025,resnet32,0.2798,0.2788,3.904006350785494,3.812459432604638,0.09154692492236129,resnet32,0.3262,0.3134,3.889339017258449,3.797663514587012,0.09167550539132208,resnet32,0.319,0.3142,3.887251267040318,3.797238166698001,0.09001309897708283,resnet32,0.302,0.3046,3.8991876833818178,3.809343833137642,0.0898438478417864,resnet32,0.3217,0.3186,3.889821260151538,3.80105803094127,0.0887632317290726,resnet32,0.3341,0.3364,3.8816892098296774,3.7929514060643585,0.08873780430506238,resnet32,0.2822,0.2808,3.92013240639459,3.823691736906767,0.09644066320139576,resnet32,0.2912,0.2802,3.893498045138337,3.796653054993261,0.09684499158439311,4500000.0,5000.0,18010000.0,666370000.0,5330960000.0
resnet32x8_cifar100_K8_mwmd1_noise40_seed0005_d001,d001,resnet32:8,cifar100,8,matched,mwmd1,peers,5,200,64,0.1,0.9,0.0005,True,0,60,0.1,1.0,1,,disagreement,1.0,1,0.0,0.5,weight,complete,0.4,0.398956,42,0,45000,5000,10000,3760032,37,0.1,1,84.16,0.29051250000000006,0.014600979205176619,0.2681,0.3153,0.3331,0.042587499999999945,0.29325,0.338,0.5504071428571429,0.5772048074318844,0.5552214285714284,0.5909736824882782,0.29051250000000006,resnet32,0.2861,0.2884,3.904658617282456,3.8097924871200863,0.09486612990837205,resnet32,0.2775,0.2914,3.884448466653174,3.7945635352622378,0.08988493186718022,resnet32,0.293,0.2944,3.8869212107224898,3.7971264344047415,0.0897947741587731,resnet32,0.3062,0.3056,3.896385836330327,3.804951284758069,0.0914345523130826,resnet32,0.3153,0.3136,3.888733657584949,3.79702396386049,0.09170969284076075,resnet32,0.2805,0.28,3.883791697973555,3.787826167588884,0.09596553255422888,resnet32,0.2974,0.3,3.9161197709088977,3.820274030959064,0.09584574380212209,resnet32,0.2681,0.2726,3.893037339164452,3.7981933311305265,0.0948440108596432,4500000.0,5000.0,18010000.0,684380000.0,5475040000.0
resnet32x8_cifar100_K8_mwmd1_noise40_seed0005_d001,d001,resnet32:8,cifar100,8,matched,mwmd1,peers,5,200,64,0.1,0.9,0.0005,True,0,60,0.1,1.0,1,,disagreement,1.0,1,0.0,0.5,weight,complete,0.4,0.398956,42,0,45000,5000,10000,3760032,38,0.1,1,84.26,0.290675,0.017083087396603688,0.2624,0.3198,0.3278,0.037124999999999964,0.28850000000000003,0.319,0.5188642857142857,0.608208016373535,0.5215821428571428,0.6084303497584667,0.290675,resnet32,0.2987,0.2996,3.898118035359816,3.804096082733436,0.09402195187497207,resnet32,0.3044,0.309,3.8806338191709737,3.7914447113871574,0.0891891084770164,resnet32,0.2758,0.271,3.882933996279131,3.78649375486103,0.09644024216950955,resnet32,0.3198,0.3252,3.8919598426331175,3.8030754788355394,0.08888436198784885,resnet32,0.2946,0.2984,3.8898467851633374,3.7957809899340975,0.09406579168386418,resnet32,0.2624,0.2532,3.8776751651682635,3.785603392191909,0.09207177908286791,resnet32,0.2929,0.2866,3.913045546547933,3.8168392560698767,0.09620629077438604,resnet32,0.2768,0.265,3.8798823563212697,3.787764051759785,0.09211830291050402,4500000.0,5000.0,18010000.0,702390000.0,5619120000.0
resnet32x8_cifar100_K8_mwmd1_noise40_seed0005_d001,d001,resnet32:8,cifar100,8,matched,mwmd1,peers,5,200,64,0.1,0.9,0.0005,True,0,60,0.1,1.0,1,,disagreement,1.0,1,0.0,0.5,weight,complete,0.4,0.398956,42,0,45000,5000,10000,3760032,39,0.1,1,84.21,0.2793875,0.015774777137886917,0.2508,0.2988,0.3249,0.04551250000000001,0.27902499999999997,0.3192,0.5481071428571429,0.5780273970777955,0.554375,0.5762748602290131,0.2793875,resnet32,0.2956,0.2934,3.9002826772630215,3.804375724358992,0.09590695824855092,resnet32,0.2724,0.2738,3.8781754564155233,3.788480868055062,0.08969458930236711,resnet32,0.2939,0.2874,3.8797455870292405,3.7880787439644337,0.09166684477928687,resnet32,0.2822,0.283,3.8891162689436567,3.7976957109164107,0.09142055973114277,resnet32,0.2508,0.2514,3.8877941854298115,3.7918755273250015,0.09591865492984653,resnet32,0.2783,0.2774,3.8703984787518326,3.7806782587008043,0.08972022006161172,resnet32,0.2988,0.303,3.911518838933923,3.8158462034030394,0.09567263246175241,resnet32,0.2631,0.2628,3.8819129097868097,3.78580055385828,0.09611235767475922,4500000.0,5000.0,18010000.0,720400000.0,5763200000.0
resnet32x8_cifar100_K8_mwmd1_noise40_seed0005_d001,d001,resnet32:8,cifar100,8,matched,mwmd1,peers,5,200,64,0.1,0.9,0.0005,True,0,60,0.1,1.0,1,,disagreement,1.0,1,0.0,0.5,weight,complete,0.4,0.398956,42,0,45000,5000,10000,3760032,40,0.1,1,83.92,0.28415,0.008920061658979715,0.2645,0.2947,0.3159,0.03175,0.281525,0.317,0.5137214285714287,0.6063457496286991,0.5155785714285713,0.6065026857552845,0.28415,resnet32,0.2645,0.2612,3.8938448158177463,3.8009326403791253,0.09291217384055596,resnet32,0.279,0.28,3.8723422326147556,3.781356106766246,0.09098611846142872,resnet32,0.2947,0.2916,3.8698227117684754,3.778979641470042,0.09084306855220348,resnet32,0.2902,0.2812,3.8851710056716744,3.791322699663314,0.09384830716722221,resnet32,0.2915,0.2908,3.8807702653787355,3.787786531177434,0.09298373611686243,resnet32,0.2815,0.2812,3.869369325651364,3.7740208990871906,0.09534842587626455,resnet32,0.2838,0.2802,3.9046669781885366,3.809595702046698,0.09507126603487202,resnet32,0.288,0.286,3.873631993139332,3.77959203991023,0.09403995582728054,4500000.0,5000.0,18010000.0,738410000.0,5907280000.0
resnet32x8_cifar100_K8_mwmd1_noise40_seed0005_d001,d001,resnet32:8,cifar100,8,matched,mwmd1,peers,5,200,64,0.1,0.9,0.0005,True,0,60,0.1,1.0,1,,disagreement,1.0,1,0.0,0.5,weight,complete,0.4,0.398956,42,0,45000,5000,10000,3760032,41,0.1,1,84.26,0.29905,0.01507149627608354,0.2713,0.3217,0.3438,0.04475000000000001,0.292725,0.3366,0.5428642857142857,0.5775735913011738,0.5432392857142857,0.5867697352498947,0.29905,resnet32,0.2713,0.2594,3.888223178007386,3.792444311421026,0.09577886136883701,resnet32,0.3085,0.2976,3.8719875013286416,3.776133208112283,0.09585428913123906,resnet32,0.3077,0.3068,3.863964430649172,3.7701135887341066,0.09385084223256192,resnet32,0.3217,0.3124,3.872850916263732,3.7791391346942294,0.093711777780713,resnet32,0.307,0.3074,3.8754708160730926,3.777646887708794,0.09782393310557712,resnet32,0.2829,0.2774,3.8659758039496164,3.770038273862817,0.09593752311246301,resnet32,0.2925,0.2922,3.892694166099483,3.794994255697185,0.09769990924872797,resnet32,0.3008,0.2886,3.8675167360766367,3.771609597585418,0.09590713612057945,4500000.0,5000.0,18010000.0,756420000.0,6051360000.0
resnet32x8_cifar100_K8_mwmd1_noise40_seed0005_d001,d001,resnet32:8,cifar100,8,matched,mwmd1,peers,5,200,64,0.1,0.9,0.0005,True,0,60,0.1,1.0,1,,disagreement,1.0,1,0.0,0.5,weight,complete,0.4,0.398956,42,0,45000,5000,10000,3760032,42,0.1,1,84.34,0.31503749999999997,0.012225274792412649,0.2938,0.338,0.3484,0.03336250000000002,0.31255,0.3426,0.4868642857142858,0.629436954301464,0.4827499999999999,0.6330632779838915,0.31503749999999997,resnet32,0.3171,0.304,3.88745547526262,3.79161039841446,0.09584508088036356,resnet32,0.338,0.3384,3.87033477764238,3.7744726450605826,0.09586213059215383,resnet32,0.3204,0.317,3.867750222710046,3.769837346943942,0.09791287590368566,resnet32,0.315,0.3086,3.876738234677098,3.7808524241501633,0.09588580963794481,resnet32,0.3157,0.3182,3.8758756657215683,3.778019564734264,0.09785610663344745,resnet32,0.3184,0.324,3.8655724613503977,3.7682791379365055,0.09729332746197046,resnet32,0.3019,0.2948,3.90051150762222,3.8034816722978246,0.09702983822419563,resnet32,0.2938,0.2954,3.8689991946924818,3.7730140537023544,0.09598514119120823,4500000.0,5000.0,18010000.0,774430000.0,6195440000.0
resnet32x8_cifar100_K8_mwmd1_noise40_seed0005_d001,d001,resnet32:8,cifar100,8,matched,mwmd1,peers,5,200,64,0.1,0.9,0.0005,True,0,60,0.1,1.0,1,,disagreement,1.0,1,0.0,0.5,weight,complete,0.4,0.398956,42,0,45000,5000,10000,3760032,43,0.1,1,72.23,0.275575,0.021824169514554265,0.2368,0.3006,0.3033,0.027725,0.27495,0.3026,0.511542857142857,0.6007478382089372,0.5106428571428572,0.6101910807814575,0.275575,resnet32,0.2623,0.263,3.8808823823928833,3.785988746380264,0.09489363399122587,resnet32,0.2651,0.2636,3.8685743866319005,3.773761009966785,0.0948133777551861,resnet32,0.2368,0.2542,3.8638362688097088,3.7674416693096813,0.0963945965578949,resnet32,0.2998,0.294,3.876241986047138,3.780886921015653,0.09535506614272228,resnet32,0.2596,0.2576,3.875949964943257,3.781091572547501,0.09485839240633967,resnet32,0.2981,0.2886,3.859561416235837,3.763330717994408,0.0962306989028796,resnet32,0.2823,0.2814,3.894245211035013,3.7990435842763293,0.09520162377421829,resnet32,0.3006,0.2972,3.863511174578558,3.7685771835121242,0.09493398728822781,4500000.0,5000.0,18010000.0,792440000.0,6339520000.0
resnet32x8_cifar100_K8_mwmd1_noise40_seed0005_d001,d001,resnet32:8,cifar100,8,matched,mwmd1,peers,5,200,64,0.1,0.9,0.0005,True,0,60,0.1,1.0,1,,disagreement,1.0,1,0.0,0.5,weight,complete,0.4,0.398956,42,0,45000,5000,10000,3760032,44,0.1,1,77.24,0.2964625,0.01534828471686657,0.2782,0.3206,0.3429,0.046437499999999965,0.295025,0.3356,0.5257571428571429,0.5982099642081742,0.5336892857142858,0.5917265358626465,0.2964625,resnet32,0.2842,0.2814,3.8825739950618963,3.7861566635018047,0.09641733487263661,resnet32,0.3154,0.3194,3.8639497103338893,3.7710387923500757,0.09291091999462382,resnet32,0.3101,0.3132,3.8633825220167637,3.7669282796030696,0.09645424177870154,resnet32,0.2782,0.2744,3.871855725280263,3.777476256205277,0.09437947110696272,resnet32,0.2932,0.2932,3.8751724050803618,3.776650307869369,0.09852210748729041,resnet32,0.2849,0.2814,3.85814894227819,3.7636458369141277,0.09450310741720552,resnet32,0.2851,0.2832,3.8976625075394455,3.7992941479791296,0.0983683563536033,resnet32,0.3206,0.314,3.862219073555686,3.7693188952451404,0.09290017660664902,4500000.0,5000.0,18010000.0,810450000.0,6483600000.0
resnet32x8_cifar100_K8_mwmd1_noise40_seed0005_d001,d001,resnet32:8,cifar100,8,matched,mwmd1,peers,5,200,64,0.1,0.9,0.0005,True,0,60,0.1,1.0,1,,disagreement,1.0,1,0.0,0.5,weight,complete,0.4,0.398956,42,0,45000,5000,10000,3760032,45,0.1,1,78.0,0.2859875,0.024149712084205063,0.2444,0.3296,0.3239,0.037912500000000016,0.280075,0.3126,0.5318357142857144,0.6083163002232251,0.5347678571428572,0.6099807638006631,0.2859875,resnet32,0.2444,0.2436,3.8781874681060966,3.781685447828336,0.09650202984498306,resnet32,0.2778,0.2754,3.863925464789976,3.7673061906614085,0.09661927676378665,resnet32,0.3098,0.308,3.8590952154587614,3.7623352381316097,0.0967599816874347,resnet32,0.2913,0.282,3.871402373029427,3.7758853730152953,0.09551699931563978,resnet32,0.2782,0.27,3.8738529103046115,3.7734806700186296,0.10037223893133077,resnet32,0.3296,0.3174,3.856095967644995,3.759300733493133,0.0967952331147072,resnet32,0.2883,0.2826,3.891132003543052,3.7956830117512834,0.09544899711512368,resnet32,0.2685,0.2616,3.8638031438670377,3.7633032961325212,0.1004998500204899,4500000.0,5000.0,18010000.0,828460000.0,6627680000.0
resnet32x8_cifar100_K8_mwmd1_noise40_seed0005_d001,d001,resnet32:8,cifar100,8,matched,mwmd1,peers,5,200,64,0.1,0.9,0.0005,True,0,60,0.1,1.0,1,,disagreement,1.0,1,0.0,0.5,weight,complete,0.4,0.398956,42,0,45000,5000,10000,3760032,46,0.1,1,77.46,0.3207875,0.02472789100893969,0.2603,0.3398,0.36,0.039212499999999983,0.318275,0.3586,0.507792857142857,0.6165176117765991,0.512242857142857,0.614392925959204,0.3207875,resnet32,0.3114,0.312,3.876370194960724,3.7811815674332054,0.09518862995107404,resnet32,0.3396,0.3314,3.8658618212423543,3.7683048498901455,0.09755697569132528,resnet32,0.3398,0.3414,3.8641335808418016,3.764621002091603,0.09951257134195078,resnet32,0.3287,0.3246,3.8699793835932557,3.7748595530336555,0.09511983666611327,resnet32,0.321,0.3142,3.8683695413849573,3.771056177602573,0.0973133604592559,resnet32,0.3391,0.3406,3.8553681573407217,3.7579425143247303,0.09742564335465431,resnet32,0.2603,0.2614,3.8956128026951444,3.7983529435640033,0.09725986256010154,resnet32,0.3264,0.3206,3.8622521212832495,3.762691133062948,0.09956099205142395,4500000.0,5000.0,18010000.0,846470000.0,6771760000.0
resnet32x8_cifar100_K8_mwmd1_noise40_seed0005_d001,d001,resnet32:8,cifar100,8,matched,mwmd1,peers,5,200,64,0.1,0.9,0.0005,True,0,60,0.1,1.0,1,,disagreement,1.0,1,0.0,0.5,weight,complete,0.4,0.398956,42,0,45000,5000,10000,3760032,47,0.1,1,77.96,0.3081625,0.01593070443357731,0.279,0.3353,0.3532,0.04503750000000001,0.3044,0.3472,0.529185714285714,0.5885314575035511,0.53495,0.5805787753897604,0.3081625,resnet32,0.2945,0.2904,3.8720634312114934,3.775570237501101,0.09649319263090464,resnet32,0.279,0.2758,3.8579931865361603,3.7615139623257248,0.0964792252687568,resnet32,0.3071,0.3002,3.8568319363350216,3.7553135972808707,0.10151833224914629,resnet32,0.3163,0.3236,3.8620648055591364,3.767154662785205,0.09491014685905115,resnet32,0.3147,0.3134,3.8633256778120995,3.7619260762902824,0.1013995985479348,resnet32,0.3177,0.3124,3.8504395095462147,3.755358756265857,0.095080761810426,resnet32,0.3007,0.2958,3.894297108392824,3.7908235182139007,0.10347359245431355,resnet32,0.3353,0.3236,3.8629396479915488,3.7590417560528624,0.10389789567455988,4500000.0,5000.0,18010000.0,864480000.0,6915840000.0
resnet32x8_cifar100_K8_mwmd1_noise40_seed0005_d001,d001,resnet32:8,cifar100,8,matched,mwmd1,peers,5,200,64,0.1,0.9,0.0005,True,0,60,0.1,1.0,1,,disagreement,1.0,1,0.0,0.5,weight,complete,0.4,0.398956,42,0,45000,5000,10000,3760032,48,0.1,1,78.36,0.280925,0.044400133727276095,0.1891,0.3408,0.3221,0.04117500000000002,0.28132500000000005,0.3204,0.5641857142857144,0.5664248373562858,0.5723285714285714,0.5645535811314011,0.280925,resnet32,0.2489,0.2478,3.873331730677323,3.774408922954039,0.0989228147293695,resnet32,0.1891,0.1918,3.8597211824222044,3.761571607467803,0.0981495754729787,resnet32,0.3408,0.3388,3.8548097952523013,3.7543749521401795,0.10043483893175355,resnet32,0.2916,0.2918,3.859038930047642,3.762558105317029,0.09648082368816673,resnet32,0.2726,0.2712,3.8589307100258092,3.76244199343703,0.09648871410701593,resnet32,0.3234,0.3274,3.8522403717718343,3.7534062208777126,0.09883415251335298,resnet32,0.3072,0.3058,3.8903814930130136,3.7924785360016604,0.09790295609061352,resnet32,0.2738,0.276,3.8606904098256067,3.760224698619409,0.10046571511140262,4500000.0,5000.0,18010000.0,882490000.0,7059920000.0
resnet32x8_cifar100_K8_mwmd1_noise40_seed0005_d001,d001,resnet32:8,cifar100,8,matched,mwmd1,peers,5,200,64,0.1,0.9,0.0005,True,0,60,0.1,1.0,1,,disagreement,1.0,1,0.0,0.5,weight,complete,0.4,0.398956,42,0,45000,5000,10000,3760032,49,0.1,1,77.2,0.29218750000000004,0.016130982417385493,0.2653,0.3103,0.3296,0.03741249999999996,0.290375,0.3186,0.5161857142857144,0.6144910146657823,0.5200464285714286,0.6149763200845634,0.29218750000000004,resnet32,0.3036,0.2956,3.869686896828088,3.7703383774919943,0.09934851435140114,resnet32,0.305,0.2928,3.8554615141315893,3.761370007626035,0.09409150994509798,resnet32,0.2653,0.2628,3.8525799905711953,3.752743859521367,0.09983613708225841,resnet32,0.3103,0.306,3.8598671071231365,3.7602173662321134,0.09964973873204806,resnet32,0.2958,0.2922,3.8605193665081803,3.761131003160368,0.09938836488237773,resnet32,0.286,0.297,3.8463608964600344,3.75225890326229,0.09410199510272253,resnet32,0.3031,0.3028,3.8934190334244207,3.7896235297349365,0.10379550375298342,resnet32,0.2684,0.2738,3.8613932715220884,3.7574318437413736,0.10396143211983144,4500000.0,5000.0,18010000.0,900500000.0,7204000000.0
resnet32x8_cifar100_K8_mwmd1_noise40_seed0005_d001,d001,resnet32:8,cifar100,8,matched,mwmd1,peers,5,200,64,0.1,0.9,0.0005,True,0,60,0.1,1.0,1,,disagreement,1.0,1,0.0,0.5,weight,complete,0.4,0.398956,42,0,45000,5000,10000,3760032,50,0.1,1,71.54,0.31272500000000003,0.019587735320858297,0.2853,0.3495,0.3603,0.04757499999999998,0.30574999999999997,0.351,0.5536571428571428,0.5882380216853714,0.5554535714285714,0.5842528074711412,0.31272500000000003,resnet32,0.2853,0.2784,3.8767406967553226,3.7737867889756505,0.1029539063191888,resnet32,0.3027,0.2994,3.854849212887612,3.756857115436684,0.09799210358919068,resnet32,0.3495,0.3354,3.8605214763771403,3.7573143958368083,0.10320708217014643,resnet32,0.3328,0.3248,3.8556080467321654,3.761016994714737,0.09459105963734063,resnet32,0.3088,0.304,3.8582251593470573,3.7602825892919842,0.0979425712403926,resnet32,0.2959,0.2912,3.848333690315485,3.7535472007637676,0.09478649269493128,resnet32,0.3224,0.318,3.893687419931997,3.790737424384464,0.10294999079567126,resnet32,0.3044,0.2948,3.864887973124331,3.7618457424369725,0.10304222430568188,4500000.0,5000.0,18010000.0,918510000.0,7348080000.0
resnet32x8_cifar100_K8_mwmd1_noise40_seed0005_d001,d001,resnet32:8,cifar100,8,matched,mwmd1,peers,5,200,64,0.1,0.9,0.0005,True,0,60,0.1,1.0,1,,disagreement,1.0,1,0.0,0.5,weight,complete,0.4,0.398956,42,0,45000,5000,10000,3760032,51,0.1,1,71.48,0.305525,0.021115264028659448,0.2688,0.3349,0.3465,0.040974999999999984,0.30245,0.3378,0.5130500000000001,0.6021987162789887,0.5155535714285715,0.6052775821995011,0.305525,resnet32,0.3171,0.3178,3.86839174953374,3.769116674973206,0.09927507529077544,resnet32,0.3349,0.3292,3.847506383941932,3.750802353701808,0.09670402973212978,resnet32,0.314,0.3054,3.8526842197911306,3.755938744341785,0.09674547480376945,resnet32,0.2688,0.2678,3.8571183905005455,3.7579219436103646,0.0991964490279894,resnet32,0.2766,0.2696,3.8608552007512613,3.758288369260051,0.10256682547994635,resnet32,0.3223,0.3212,3.8470200107178907,3.7483506714078514,0.09866934588221325,resnet32,0.3092,0.3092,3.8911682431670753,3.788824537599629,0.10234370399054817,resnet32,0.3013,0.2994,3.853914401409301,3.7551801648329604,0.09873423834902827,4500000.0,5000.0,18010000.0,936520000.0,7492160000.0
resnet32x8_cifar100_K8_mwmd1_noise40_seed0005_d001,d001,resnet32:8,cifar100,8,matched,mwmd1,peers,5,200,64,0.1,0.9,0.0005,True,0,60,0.1,1.0,1,,disagreement,1.0,1,0.0,0.5,weight,complete,0.4,0.398956,42,0,45000,5000,10000,3760032,52,0.1,1,71.04,0.313025,0.01872750317047096,0.2731,0.3386,0.3528,0.039775000000000005,0.306125,0.3456,0.5143571428571428,0.60656204842273,0.5192107142857142,0.6007282884499973,0.313025,resnet32,0.3208,0.308,3.8698198104446586,3.7692549570717593,0.10056485255799172,resnet32,0.3018,0.2992,3.847622442313216,3.750856577672742,0.09676586564587937,resnet32,0.313,0.3128,3.8467788828367535,3.7484508600424635,0.09832802318586883,resnet32,0.3071,0.3032,3.8512330072169956,3.754623307084495,0.09660969996316866,resnet32,0.2731,0.2682,3.8621104698289526,3.759470050985163,0.10264041366859931,resnet32,0.3386,0.3274,3.844825002957474,3.7464586587792095,0.09836634696164931,resnet32,0.3197,0.3148,3.8880405243147504,3.7876502837647092,0.10039024498440664,resnet32,0.3301,0.3154,3.853781471536918,3.751039306209846,0.10274217013184997,4500000.0,5000.0,18010000.0,954530000.0,7636240000.0
resnet32x8_cifar100_K8_mwmd1_noise40_seed0005_d001,d001,resnet32:8,cifar100,8,matched,mwmd1,peers,5,200,64,0.1,0.9,0.0005,True,0,60,0.1,1.0,1,,disagreement,1.0,1,0.0,0.5,weight,complete,0.4,0.398956,42,0,45000,5000,10000,3760032,53,0.1,1,71.52,0.287475,0.01378855956944016,0.2765,0.3198,0.3267,0.03922500000000001,0.290425,0.3288,0.5402785714285715,0.5971964319001172,0.5523821428571428,0.593057341654994,0.287475,resnet32,0.2973,0.2878,3.863311246376146,3.7627112811261956,0.10059996353547004,resnet32,0.2868,0.2858,3.842221610925414,3.743443052538417,0.0987785545241257,resnet32,0.2779,0.2792,3.8485976620153948,3.7438169832934034,0.10478067852091044,resnet32,0.2765,0.288,3.8514458374543623,3.749610206281597,0.10183562735222619,resnet32,0.2799,0.2854,3.84895875508135,3.7504382353614676,0.09852052131794732,resnet32,0.3198,0.3246,3.84023669463667,3.739547138864344,0.1006895521211184,resnet32,0.2776,0.2774,3.8850984146649186,3.7805567370219664,0.10454167379066348,resnet32,0.284,0.2952,3.8477891101078554,3.745702749964866,0.1020863641646098,4500000.0,5000.0,18010000.0,972540000.0,7780320000.0
resnet32x8_cifar100_K8_mwmd1_noise40_seed0005_d001,d001,resnet32:8,cifar100,8,matched,mwmd1,peers,5,200,64,0.1,0.9,0.0005,True,0,60,0.1,1.0,1,,disagreement,1.0,1,0.0,0.5,weight,complete,0.4,0.398956,42,0,45000,5000,10000,3760032,54,0.1,1,71.48,0.30615000000000003,0.022106164298674708,0.2704,0.3373,0.3414,0.03524999999999995,0.3067,0.3434,0.5210571428571428,0.588660606596381,0.5204892857142857,0.5935496833061807,0.30615000000000003,resnet32,0.2938,0.293,3.8578141182661057,3.757295033471151,0.10051908580035987,resnet32,0.2704,0.2744,3.8445788967338475,3.744467785412615,0.10011110969141802,resnet32,0.3373,0.3344,3.848147525028749,3.7445436729626222,0.10360385569616813,resnet32,0.3079,0.3058,3.8477051539177243,3.747215094214136,0.10049006571485238,resnet32,0.2992,0.295,3.847648474303159,3.7440051988444547,0.10364328197796237,resnet32,0.3335,0.3374,3.8423783010379835,3.7383505624126303,0.10402774065732956,resnet32,0.2849,0.2924,3.8816624256697567,3.777910879728469,0.103751550312154,resnet32,0.3222,0.3212,3.8437195897779683,3.7435395890338854,0.1001800008287484,4500000.0,5000.0,18010000.0,990550000.0,7924400000.0
resnet32x8_cifar100_K8_mwmd1_noise40_seed0005_d001,d001,resnet32:8,cifar100,8,matched,mwmd1,peers,5,200,64,0.1,0.9,0.0005,True,0,60,0.1,1.0,1,,disagreement,1.0,1,0.0,0.5,weight,complete,0.4,0.398956,42,0,45000,5000,10000,3760032,55,0.1,1,71.62,0.3159375,0.01513439274467265,0.288,0.3401,0.3583,0.042362500000000025,0.317275,0.3542,0.5012857142857142,0.5986602114868493,0.5097642857142856,0.5973742246320978,0.3159375,resnet32,0.3401,0.3344,3.8641282099891794,3.7587116225199266,0.10541658717292277,resnet32,0.3035,0.3124,3.840660434893586,3.7444123740900648,0.09624805898850107,resnet32,0.3252,0.3272,3.842203963209282,3.7421029162677852,0.10010104634883729,resnet32,0.3283,0.3176,3.8487944017079743,3.748815728520805,0.09997867156793787,resnet32,0.3142,0.309,3.852643367919055,3.7466890568082984,0.10595431142825294,resnet32,0.3084,0.3204,3.8396806439215485,3.743583733046597,0.09609691198618914,resnet32,0.288,0.2912,3.8803810998797417,3.774721623821692,0.105659479460552,resnet32,0.3198,0.326,3.84872100061991,3.74306152456186,0.10565947647079486,4500000.0,5000.0,18010000.0,1008560000.0,8068480000.0
resnet32x8_cifar100_K8_mwmd1_noise40_seed0005_d001,d001,resnet32:8,cifar100,8,matched,mwmd1,peers,5,200,64,0.1,0.9,0.0005,True,0,60,0.1,1.0,1,,disagreement,1.0,1,0.0,0.5,weight,complete,0.4,0.398956,42,0,45000,5000,10000,3760032,56,0.1,1,71.58,0.2941625,0.02436328885331371,0.2491,0.3234,0.3342,0.040037500000000004,0.285275,0.3206,0.5041785714285715,0.5992592540995252,0.5009107142857143,0.6089559001387709,0.2941625,resnet32,0.2491,0.2432,3.858164534311403,3.7565753615715285,0.10158917293037203,resnet32,0.3234,0.3212,3.8442840965634044,3.7440690554001113,0.10021503748033535,resnet32,0.2809,0.2702,3.8488744856281714,3.745276331224225,0.10359815891239453,resnet32,0.3031,0.2922,3.8426518707790156,3.74469557269053,0.09795629760165783,resnet32,0.3156,0.3082,3.848032499578866,3.7479341592301023,0.10009834010535004,resnet32,0.2698,0.2574,3.8376685431735083,3.739671184935353,0.09799735838632015,resnet32,0.2937,0.2922,3.8802174350077454,3.779038234867833,0.10117919968483462,resnet32,0.3177,0.2976,3.8460177166218106,3.742127224464308,0.10389048995619471,4500000.0,5000.0,18010000.0,1026570000.0,8212560000.0
resnet32x8_cifar100_K8_mwmd1_noise40_seed0005_d001,d001,resnet32:8,cifar100,8,matched,mwmd1,peers,5,200,64,0.1,0.9,0.0005,True,0,60,0.1,1.0,1,,disagreement,1.0,1,0.0,0.5,weight,complete,0.4,0.398956,42,0,45000,5000,10000,3760032,57,0.1,1,71.52,0.3076875,0.016792813753210036,0.2807,0.3345,0.3495,0.041812499999999975,0.3044,0.341,0.5204428571428571,0.5972150621049716,0.5181571428571428,0.6006502050345118,0.3076875,resnet32,0.2964,0.2936,3.855747892775319,3.7550650648772717,0.10068283320552754,resnet32,0.3204,0.321,3.836305942386389,3.7398080226372588,0.09649792059578678,resnet32,0.3345,0.3268,3.843082955615087,3.741157133470882,0.10192581487353891,resnet32,0.2807,0.2818,3.847780508751219,3.7470607158135283,0.10071979587982324,resnet32,0.3153,0.3094,3.844483869319612,3.7426237270913343,0.1018601384500719,resnet32,0.3137,0.3046,3.8347935514016585,3.738290247253396,0.09650330237028273,resnet32,0.2877,0.285,3.883055157959461,3.776523755016652,0.10653139907993715,resnet32,0.3128,0.313,3.8488427187231453,3.742012982341376,0.10682973664634945,4500000.0,5000.0,18010000.0,1044580000.0,8356640000.0
resnet32x8_cifar100_K8_mwmd1_noise40_seed0005_d001,d001,resnet32:8,cifar100,8,matched,mwmd1,peers,5,200,64,0.1,0.9,0.0005,True,0,60,0.1,1.0,1,,disagreement,1.0,1,0.0,0.5,weight,complete,0.4,0.398956,42,0,45000,5000,10000,3760032,58,0.1,1,71.65,0.33975,0.0037603191353926353,0.335,0.3466,0.3822,0.04244999999999999,0.335075,0.3816,0.5023428571428572,0.6050824516154568,0.5099821428571428,0.5948666678910416,0.33975,resnet32,0.3396,0.3348,3.853925832631913,3.750792371955785,0.10313345881348307,resnet32,0.3466,0.3416,3.8354318277402357,3.733270446007902,0.102161381742917,resnet32,0.339,0.3424,3.8395787216722965,3.7369204105978664,0.10265830855562606,resnet32,0.338,0.327,3.837845153767954,3.735366966575384,0.10247817942449315,resnet32,0.3395,0.3364,3.844955012202263,3.7392054857178167,0.10574952647386288,resnet32,0.3446,0.3368,3.8355965851382776,3.7324008386243475,0.1031957504826344,resnet32,0.335,0.3348,3.872667762704871,3.7671923491765154,0.10547541820613499,resnet32,0.3357,0.3268,3.8408468440175056,3.7387511601502244,0.10209568099923093,4500000.0,5000.0,18010000.0,1062590000.0,8500720000.0
resnet32x8_cifar100_K8_mwmd1_noise40_seed0005_d001,d001,resnet32:8,cifar100,8,matched,mwmd1,peers,5,200,64,0.1,0.9,0.0005,True,0,60,0.1,1.0,1,,disagreement,1.0,1,0.0,0.5,weight,complete,0.4,0.398956,42,0,45000,5000,10000,3760032,59,0.1,1,71.6,0.30660000000000004,0.029835884434687036,0.2616,0.3487,0.3447,0.03809999999999997,0.3077,0.3398,0.5291857142857143,0.5950454260859501,0.53625,0.599335433377889,0.30660000000000004,resnet32,0.2616,0.2642,3.8530657386237923,3.7504088021814823,0.10265694286631928,resnet32,0.3389,0.3444,3.834349786016074,3.7359815273772585,0.09836825849065049,resnet32,0.2942,0.2976,3.8384456231512805,3.7377593971111556,0.10068621953145009,resnet32,0.3196,0.3196,3.8391406014561653,3.7408183755522426,0.09832222865555774,resnet32,0.3236,0.319,3.8457922888073055,3.743182897906412,0.10260938681577417,resnet32,0.3487,0.3448,3.836154333231124,3.735443524677645,0.10071080636804584,resnet32,0.2999,0.3054,3.8773474479940804,3.771436955441128,0.10591049317736179,resnet32,0.2663,0.2666,3.84448463131081,3.738299159502441,0.10618547231636265,4500000.0,5000.0,18010000.0,1080600000.0,8644800000.0
resnet32x8_cifar100_K8_mwmd1_noise40_seed0005_d001,d001,resnet32:8,cifar100,8,matched,mwmd1,peers,5,200,64,0.1,0.9,0.0005,True,0,60,0.1,1.0,1,,disagreement,1.0,1,0.0,0.5,weight,complete,0.4,0.398956,42,0,45000,5000,10000,3760032,60,0.010000000000000002,1,71.47,0.49395,0.005744127435912267,0.4823,0.5018,0.515,0.021050000000000013,0.48109999999999997,0.4984,0.28216428571428576,0.752747203793542,0.2826000000000001,0.7546240438400224,0.49395,resnet32,0.4888,0.4788,3.5934634865684942,3.5238515843044627,0.06961190263444389,resnet32,0.4964,0.485,3.5892097614705563,3.511234448037364,0.07797531477196819,resnet32,0.4983,0.4868,3.5768368796191434,3.509163574738936,0.06767330699684945,resnet32,0.4944,0.4824,3.5890496302057397,3.5131777971982956,0.07587183461609212,resnet32,0.4922,0.4798,3.5827791636640374,3.5131243247200143,0.06965484535215762,resnet32,0.4974,0.4892,3.57161042873155,3.503842416812073,0.06776800856989046,resnet32,0.4823,0.4658,3.627393535931002,3.5497759492559866,0.07761758877049116,resnet32,0.5018,0.481,3.5867243598807943,3.510877862234007,0.07584649813361466,4500000.0,5000.0,18010000.0,1098610000.0,8788880000.0
resnet32x8_cifar100_K8_mwmd1_noise40_seed0005_d001,d001,resnet32:8,cifar100,8,matched,mwmd1,peers,5,200,64,0.1,0.9,0.0005,True,0,60,0.1,1.0,1,,disagreement,1.0,1,0.0,0.5,weight,complete,0.4,0.398956,42,0,45000,5000,10000,3760032,61,0.010000000000000002,1,72.0,0.5078875,0.005754875650263877,0.4958,0.5131,0.5298,0.0219125,0.49695,0.518,0.2789285714285714,0.7485370780874531,0.27536785714285716,0.7526645852547034,0.5078875,resnet32,0.5024,0.4994,3.5252033306116406,3.446980423548005,0.07822290416383608,resnet32,0.5097,0.5056,3.5131859786131163,3.4350025470961225,0.07818343551744791,resnet32,0.5129,0.4972,3.5110449994152244,3.4345805685628545,0.07646442753453316,resnet32,0.5128,0.4992,3.514369995079257,3.4379303079437125,0.07643968557452106,resnet32,0.5061,0.4966,3.517903417010199,3.4370820559561253,0.08082136211239478,resnet32,0.5131,0.4996,3.513408801772378,3.4304322864521635,0.08297651237808168,resnet32,0.4958,0.4796,3.560153903608972,3.4776851633055643,0.08246874073202806,resnet32,0.5103,0.4984,3.51343227753585,3.4325770701874387,0.08085520669754426,4500000.0,5000.0,18010000.0,1116620000.0,8932960000.0
resnet32x8_cifar100_K8_mwmd1_noise40_seed0005_d001,d001,resnet32:8,cifar100,8,matched,mwmd1,peers,5,200,64,0.1,0.9,0.0005,True,0,60,0.1,1.0,1,,disagreement,1.0,1,0.0,0.5,weight,complete,0.4,0.398956,42,0,45000,5000,10000,3760032,62,0.010000000000000002,1,71.73,0.5090749999999999,0.004486577203169464,0.4983,0.5129,0.5316,0.022525000000000017,0.498575,0.5172,0.2747785714285714,0.7493555072476942,0.27423928571428574,0.7527768602686249,0.5090749999999999,resnet32,0.5072,0.499,3.506084694781087,3.4198670119724492,0.0862176813587377,resnet32,0.5084,0.5054,3.483247131786563,3.4033170752227306,0.07993005723057484,resnet32,0.5129,0.5006,3.4864201555875214,3.406503007154573,0.07991714838003232,resnet32,0.5121,0.4996,3.498359440063888,3.4126874736764212,0.08567196877398105,resnet32,0.5126,0.4994,3.4865771399980243,3.4060297699814495,0.08054737094789743,resnet32,0.5101,0.5016,3.4776526184921916,3.3969991620291364,0.08065346026242795,resnet32,0.4983,0.4808,3.532149288803339,3.4468062083152207,0.08534307869955558,resnet32,0.511,0.5022,3.4904510836032303,3.4040956148369745,0.08635546939066527,4500000.0,5000.0,18010000.0,1134630000.0,9077040000.0
resnet32x8_cifar100_K8_mwmd1_noise40_seed0005_d001,d001,resnet32:8,cifar100,8,matched,mwmd1,peers,5,200,64,0.1,0.9,0.0005,True,0,60,0.1,1.0,1,,disagreement,1.0,1,0.0,0.5,weight,complete,0.4,0.398956,42,0,45000,5000,10000,3760032,63,0.010000000000000002,1,71.98,0.5137875,0.00516682627441644,0.5031,0.5217,0.5361,0.02231250000000007,0.5040250000000001,0.5272,0.28828571428571426,0.7390183112386903,0.2815785714285714,0.7454517366001397,0.5137875,resnet32,0.5106,0.5072,3.4848319095644085,3.3969805748625235,0.08785133597187021,resnet32,0.5151,0.5046,3.4720742712644013,3.3832877579737795,0.0887865097346631,resnet32,0.5126,0.5014,3.470451623540033,3.3825959864665163,0.08785563358105719,resnet32,0.5155,0.505,3.468495051630519,3.3868537684055893,0.08164128234652294,resnet32,0.5134,0.513,3.4673748659816654,3.3803677162663504,0.08700715083713559,resnet32,0.5217,0.5116,3.453315259380774,3.3715686693110247,0.08174659199060196,resnet32,0.5031,0.4854,3.5125350691378117,3.42424166304144,0.08829340656203302,resnet32,0.5183,0.504,3.4692011079327627,3.3821533881127834,0.08704772221178493,4500000.0,5000.0,18010000.0,1152640000.0,9221120000.0
resnet32x8_cifar100_K8_mwmd1_noise40_seed0005_d001,d001,resnet32:8,cifar100,8,matched,mwmd1,peers,5,200,64,0.1,0.9,0.0005,True,0,60,0.1,1.0,1,,disagreement,1.0,1,0.0,0.5,weight,complete,0.4,0.398956,42,0,45000,5000,10000,3760032,64,0.010000000000000002,1,71.63,0.5128874999999999,0.004999859373022414,0.5051,0.5207,0.534,0.02111250000000009,0.5037,0.5244,0.28995000000000004,0.7362316832467624,0.290625,0.7337044442552747,0.5128874999999999,resnet32,0.5084,0.4986,3.467357864434069,3.378237831998955,0.08912003545132889,resnet32,0.5135,0.5086,3.4556567892432213,3.366576688194817,0.08908009953500534,resnet32,0.5145,0.496,3.468479684130712,3.3704083260487425,0.09807135482234033,resnet32,0.5082,0.5002,3.4623520706187594,3.3700817599892616,0.09227031139148907,resnet32,0.5142,0.5078,3.4535633637146517,3.3640199649063023,0.08954340064982799,resnet32,0.5185,0.5112,3.4439205422320147,3.3543057668615472,0.08961477187800813,resnet32,0.5051,0.4944,3.5089812515811487,3.4113591845062645,0.09762207031334666,resnet32,0.5207,0.5128,3.4542606960643423,3.3618344129486517,0.09242628046988764,4500000.0,5000.0,18010000.0,1170650000.0,9365200000.0
resnet32x8_cifar100_K8_mwmd1_noise40_seed0005_d001,d001,resnet32:8,cifar100,8,matched,mwmd1,peers,5,200,64,0.1,0.9,0.0005,True,0,60,0.1,1.0,1,,disagreement,1.0,1,0.0,0.5,weight,complete,0.4,0.398956,42,0,45000,5000,10000,3760032,65,0.010000000000000002,1,71.62,0.5140625000000001,0.005879399948123948,0.5008,0.5202,0.5391,0.025037499999999935,0.5056,0.53,0.2894142857142857,0.732379805276775,0.2938714285714286,0.729129297575662,0.5140625000000001,resnet32,0.5087,0.5022,3.457156849178401,3.3590408682145854,0.09811598093206571,resnet32,0.5169,0.5112,3.437842355194417,3.347659860144962,0.09018249663693662,resnet32,0.5164,0.5116,3.441583616489714,3.349442132494666,0.09214148605877365,resnet32,0.5165,0.5108,3.4411228803748433,3.3510448644784363,0.0900780170076442,resnet32,0.5177,0.5074,3.449989316138354,3.3490573056042194,0.10093200947581367,resnet32,0.5202,0.5092,3.4297161363065243,3.3373909626494753,0.09232517490586774,resnet32,0.5008,0.4908,3.4932418096471918,3.3928426277231085,0.10039918187116696,resnet32,0.5153,0.5016,3.445835830135779,3.3476199114864524,0.09821591946423393,4500000.0,5000.0,18010000.0,1188660000.0,9509280000.0
resnet32x8_cifar100_K8_mwmd1_noise40_seed0005_d001,d001,resnet32:8,cifar100,8,matched,mwmd1,peers,5,200,64,0.1,0.9,0.0005,True,0,60,0.1,1.0,1,,disagreement,1.0,1,0.0,0.5,weight,complete,0.4,0.398956,42,0,45000,5000,10000,3760032,66,0.010000000000000002,1,77.64,0.5199625,0.004723329731238351,0.5085,0.5248,0.5454,0.025437500000000002,0.507725,0.5342,0.29909285714285716,0.727087459881587,0.30096071428571436,0.7205838475567671,0.5199625,resnet32,0.5188,0.5014,3.4492668611082165,3.3496897420422598,0.09957711755255745,resnet32,0.5205,0.509,3.4329209131273357,3.334733531895009,0.0981873850740323,resnet32,0.5209,0.5086,3.4345395473594014,3.336339162493294,0.09820038214622234,resnet32,0.5214,0.5118,3.4398948509584772,3.340346636758609,0.09954821518410674,resnet32,0.5243,0.5174,3.4371732402254236,3.3364281244575977,0.10074511836071244,resnet32,0.5248,0.5158,3.433640915561806,3.3271055607633158,0.10653535107320006,resnet32,0.5085,0.4968,3.487365460192615,3.3814736516638235,0.10589180640156635,resnet32,0.5205,0.501,3.4358229505067523,3.334911426359957,0.1009115262740207,4500000.0,5000.0,18010000.0,1206670000.0,9653360000.0
resnet32x8_cifar100_K8_mwmd1_noise40_seed0005_d001,d001,resnet32:8,cifar100,8,matched,mwmd1,peers,5,200,64,0.1,0.9,0.0005,True,0,60,0.1,1.0,1,,disagreement,1.0,1,0.0,0.5,weight,complete,0.4,0.398956,42,0,45000,5000,10000,3760032,67,0.010000000000000002,1,71.43,0.5199625000000001,0.007159074224367294,0.505,0.527,0.5488,0.02883749999999985,0.508525,0.5348,0.3079714285714285,0.7148448360142001,0.3051428571428572,0.7176250153358755,0.5199625000000001,resnet32,0.5143,0.5012,3.4510489109564912,3.3417478112334553,0.1093010990139605,resnet32,0.527,0.5184,3.4247116209431128,3.32596482810649,0.09874679572583939,resnet32,0.5237,0.5106,3.433281411840157,3.329053182832219,0.10422822926193476,resnet32,0.5252,0.5058,3.434551115740429,3.3308823592960835,0.10366875601043417,resnet32,0.5249,0.5154,3.431703844192353,3.3274799781766804,0.10422386443877424,resnet32,0.5242,0.5128,3.4145103096961975,3.3157584938136013,0.0987518165493384,resnet32,0.505,0.4992,3.4796287295493213,3.3709646493873815,0.10866407967511225,resnet32,0.5154,0.5048,3.43292885273695,3.3290378403934566,0.10389101483054798,4500000.0,5000.0,18010000.0,1224680000.0,9797440000.0
resnet32x8_cifar100_K8_mwmd1_noise40_seed0005_d001,d001,resnet32:8,cifar100,8,matched,mwmd1,peers,5,200,64,0.1,0.9,0.0005,True,0,60,0.1,1.0,1,,disagreement,1.0,1,0.0,0.5,weight,complete,0.4,0.398956,42,0,45000,5000,10000,3760032,68,0.010000000000000002,1,71.5,0.5226625,0.007427303935480231,0.5075,0.5302,0.5525,0.02983749999999996,0.514825,0.5446,0.3097857142857143,0.7090448789220823,0.3075142857142857,0.7145141059625744,0.5226625,resnet32,0.516,0.5162,3.441667438569394,3.3318810632283036,0.10978637871713462,resnet32,0.5268,0.5164,3.418729327280413,3.3143145052546803,0.10441482112615962,resnet32,0.5297,0.5158,3.428561583500017,3.318651422858238,0.10991016125560484,resnet32,0.5285,0.5162,3.42287440598011,3.3184777559204535,0.10439665089573034,resnet32,0.523,0.5272,3.424704630605199,3.315361140126532,0.10934349271172489,resnet32,0.5196,0.5104,3.4192955409261314,3.3066995082931085,0.11259603854903782,resnet32,0.5075,0.4952,3.4730382798747583,3.3608950908211144,0.11214319108562036,resnet32,0.5302,0.5212,3.423268060792576,3.3137500811029565,0.10951797836671838,4500000.0,5000.0,18010000.0,1242690000.0,9941520000.0
resnet32x8_cifar100_K8_mwmd1_noise40_seed0005_d001,d001,resnet32:8,cifar100,8,matched,mwmd1,peers,5,200,64,0.1,0.9,0.0005,True,0,60,0.1,1.0,1,,disagreement,1.0,1,0.0,0.5,weight,complete,0.4,0.398956,42,0,45000,5000,10000,3760032,69,0.010000000000000002,1,71.89,0.5101375,0.00751746923838068,0.4983,0.5203,0.542,0.031862500000000016,0.504925,0.5328,0.32121428571428573,0.7056021589348163,0.3236535714285714,0.702520291916812,0.5101375,resnet32,0.5009,0.498,3.4425917978991163,3.3266612514853477,0.11593054818116467,resnet32,0.5102,0.5082,3.4280452227050606,3.3109504092823374,0.11709481226915325,resnet32,0.5133,0.5168,3.4221569313244387,3.309966206889261,0.11219072300644423,resnet32,0.5165,0.5076,3.424284140494737,3.3121853325177324,0.11209880711976439,resnet32,0.5203,0.5138,3.416984941133044,3.305681289935654,0.11130365283778784,resnet32,0.5168,0.506,3.411432516507127,3.300235180692239,0.11119733385699378,resnet32,0.4983,0.4962,3.4719483344392343,3.355555371804671,0.11639296056025407,resnet32,0.5048,0.4928,3.425626493313096,3.3095847632397306,0.11604173067660833,4500000.0,5000.0,18010000.0,1260700000.0,10085600000.0
resnet32x8_cifar100_K8_mwmd1_noise40_seed0005_d001,d001,resnet32:8,cifar100,8,matched,mwmd1,peers,5,200,64,0.1,0.9,0.0005,True,0,60,0.1,1.0,1,,disagreement,1.0,1,0.0,0.5,weight,complete,0.4,0.398956,42,0,45000,5000,10000,3760032,70,0.010000000000000002,1,71.7,0.51865,0.005368659050452,0.5105,0.5258,0.5524,0.03374999999999995,0.506725,0.5396,0.32635,0.6980699460594167,0.32808571428571426,0.6918251336182302,0.51865,resnet32,0.5219,0.5034,3.431870823218064,3.3157381557605485,0.11613266830417243,resnet32,0.525,0.5062,3.408814635127783,3.2984343750233,0.11038026152263311,resnet32,0.5161,0.5106,3.4156373746015807,3.2995588887821543,0.11607848606284031,resnet32,0.5208,0.511,3.4176768569106404,3.3032805767248976,0.11439627833368088,resnet32,0.5175,0.5092,3.4117783968421547,3.2972614351998675,0.11451696253127673,resnet32,0.5116,0.504,3.398921420967037,3.288542668250474,0.11037875238848342,resnet32,0.5105,0.4992,3.469798878512599,3.346831763671203,0.12296711695803837,resnet32,0.5258,0.5102,3.42401117018678,3.300185004079884,0.12382616502211684,4500000.0,5000.0,18010000.0,1278710000.0,10229680000.0
resnet32x8_cifar100_K8_mwmd1_noise40_seed0005_d001,d001,resnet32:8,cifar100,8,matched,mwmd1,peers,5,200,64,0.1,0.9,0.0005,True,0,60,0.1,1.0,1,,disagreement,1.0,1,0.0,0.5,weight,complete,0.4,0.398956,42,0,45000,5000,10000,3760032,71,0.010000000000000002,1,71.59,0.5150250000000001,0.008341874789278484,0.5008,0.5225,0.5501,0.03507499999999997,0.50425,0.5404,0.3270714285714286,0.6968630285776285,0.3265964285714285,0.6982066361686147,0.5150250000000001,resnet32,0.5013,0.4862,3.4279796481132507,3.308581568639387,0.11939807802396403,resnet32,0.5225,0.5156,3.416795842688192,3.2972376590425316,0.11955818346574563,resnet32,0.5189,0.5114,3.4160121740265326,3.297768056054007,0.11824412278788672,resnet32,0.5215,0.5166,3.4144707007164303,3.2961656021123584,0.1183051032606851,resnet32,0.5189,0.5022,3.4191556281664153,3.2935076007111506,0.12564802450254897,resnet32,0.5151,0.5064,3.4042104692621664,3.2837780947712334,0.12043237426868555,resnet32,0.5008,0.4896,3.4656194868412884,3.3407333574511786,0.1248861291361126,resnet32,0.5212,0.506,3.414428510787812,3.2941224534403193,0.12030605997212908,4500000.0,5000.0,18010000.0,1296720000.0,10373760000.0
resnet32x8_cifar100_K8_mwmd1_noise40_seed0005_d001,d001,resnet32:8,cifar100,8,matched,mwmd1,peers,5,200,64,0.1,0.9,0.0005,True,0,60,0.1,1.0,1,,disagreement,1.0,1,0.0,0.5,weight,complete,0.4,0.398956,42,0,45000,5000,10000,3760032,72,0.010000000000000002,1,71.5,0.5103,0.00813034439614953,0.4946,0.5214,0.5457,0.03539999999999999,0.503225,0.5392,0.3367428571428571,0.6858392542967581,0.33542500000000003,0.6960792794929056,0.5103,resnet32,0.5044,0.5004,3.430057892067866,3.3036829839375885,0.12637490856418895,resnet32,0.517,0.506,3.418386138298295,3.2937483093277975,0.12463782544628801,resnet32,0.5074,0.4942,3.41583536836234,3.2929859476333316,0.12284941853828389,resnet32,0.5214,0.5142,3.4114136587489736,3.2916586070575495,0.11975505197717046,resnet32,0.5084,0.5096,3.4039017395539717,3.2840937792577525,0.11980795807374472,resnet32,0.5185,0.5056,3.397947507487102,3.274985371665521,0.12296213491142473,resnet32,0.4946,0.4902,3.4597247253087433,3.335596812042323,0.12412791434590789,resnet32,0.5107,0.5056,3.4155496291138907,3.289019927721132,0.12652970470530403,4500000.0,5000.0,18010000.0,1314730000.0,10517840000.0
resnet32x8_cifar100_K8_mwmd1_noise40_seed0005_d001,d001,resnet32:8,cifar100,8,matched,mwmd1,peers,5,200,64,0.1,0.9,0.0005,True,0,60,0.1,1.0,1,,disagreement,1.0,1,0.0,0.5,weight,complete,0.4,0.398956,42,0,45000,5000,10000,3760032,73,0.010000000000000002,1,71.75,0.5212625,0.005968864527697027,0.5137,0.5285,0.5525,0.03123750000000003,0.513725,0.548,0.3316928571428571,0.6867817061252114,0.3271392857142857,0.6977687990746163,0.5212625,resnet32,0.5137,0.5112,3.4187248159538615,3.291850883513689,0.12687393646179276,resnet32,0.5182,0.5174,3.4076641618528147,3.2837348712438885,0.12392929264090279,resnet32,0.5284,0.5202,3.4053862765431404,3.2815530489791525,0.12383322763807056,resnet32,0.5284,0.5106,3.406547653742812,3.2827893908728254,0.1237582659073682,resnet32,0.5173,0.5108,3.40462976931171,3.277528690682216,0.1271010730627247,resnet32,0.5285,0.5264,3.395873258059675,3.268918224356391,0.12695503447585824,resnet32,0.5143,0.5056,3.454410381276499,3.3309272676706314,0.12348311473827132,resnet32,0.5213,0.5076,3.406722419302572,3.279527163979682,0.12719525868835097,4500000.0,5000.0,18010000.0,1332740000.0,10661920000.0
resnet32x8_cifar100_K8_mwmd1_noise40_seed0005_d001,d001,resnet32:8,cifar100,8,matched,mwmd1,peers,5,200,64,0.1,0.9,0.0005,True,0,60,0.1,1.0,1,,disagreement,1.0,1,0.0,0.5,weight,complete,0.4,0.398956,42,0,45000,5000,10000,3760032,74,0.010000000000000002,1,71.39,0.5247375,0.005708313564442658,0.5166,0.5305,0.562,0.03726250000000009,0.5145500000000001,0.551,0.3338214285714286,0.6920987511805967,0.33434642857142854,0.6842234495953287,0.5247375,resnet32,0.5166,0.5056,3.4193524267863142,3.290352713655342,0.12899970836852762,resnet32,0.5198,0.5158,3.408389210362326,3.2799781025810675,0.12841110613027756,resnet32,0.5292,0.516,3.416936072774909,3.281790139661594,0.13514592899644579,resnet32,0.5305,0.514,3.4090590571815316,3.2799941531636496,0.129064900864085,resnet32,0.5305,0.527,3.399122750555927,3.2700737091627987,0.1290490454994142,resnet32,0.5242,0.5116,3.395632938566533,3.266665207052773,0.12896772972519763,resnet32,0.5172,0.5076,3.4623604670844297,3.3280029252848844,0.13435754079414022,resnet32,0.5299,0.5188,3.4061417748982254,3.2776421874084254,0.12849958635739644,4500000.0,5000.0,18010000.0,1350750000.0,10806000000.0
resnet32x8_cifar100_K8_mwmd1_noise40_seed0005_d001,d001,resnet32:8,cifar100,8,matched,mwmd1,peers,5,200,64,0.1,0.9,0.0005,True,0,60,0.1,1.0,1,,disagreement,1.0,1,0.0,0.5,weight,complete,0.4,0.398956,42,0,45000,5000,10000,3760032,75,0.010000000000000002,1,71.76,0.51,0.005575840743780249,0.4968,0.5163,0.5487,0.03869999999999996,0.5055749999999999,0.5466,0.3490642857142858,0.666692701401403,0.34976785714285713,0.6718278023505635,0.51,resnet32,0.513,0.5094,3.4181604801931162,3.285003537481481,0.1331569429338825,resnet32,0.5115,0.5118,3.3993376821956853,3.2718699980865824,0.1274676862151616,resnet32,0.5103,0.5046,3.403695221651684,3.2733978503807024,0.130297373292375,resnet32,0.513,0.5034,3.4009140011939136,3.27356162735007,0.12735237477516587,resnet32,0.5069,0.4974,3.400478169322014,3.267166947776621,0.1333112262125889,resnet32,0.5122,0.5074,3.3889562264084816,3.2585083391856062,0.1304478867042979,resnet32,0.4968,0.4984,3.457869203253226,3.3207010474394667,0.13716815906280483,resnet32,0.5163,0.5122,3.4106887880374086,3.2726428630677136,0.13804592620793052,4500000.0,5000.0,18010000.0,1368760000.0,10950080000.0
resnet32x8_cifar100_K8_mwmd1_noise40_seed0005_d001,d001,resnet32:8,cifar100,8,matched,mwmd1,peers,5,200,64,0.1,0.9,0.0005,True,0,60,0.1,1.0,1,,disagreement,1.0,1,0.0,0.5,weight,complete,0.4,0.398956,42,0,45000,5000,10000,3760032,76,0.010000000000000002,1,77.72,0.515525,0.006294590931903363,0.5063,0.5259,0.5554,0.039874999999999994,0.508075,0.548,0.3520928571428571,0.666402700719084,0.34565,0.6792932676435326,0.515525,resnet32,0.5203,0.5158,3.4215154708786444,3.283100787888874,0.13841468385759403,resnet32,0.5158,0.5152,3.400186852975325,3.2663629566403953,0.13382389792241156,resnet32,0.5191,0.5058,3.4035956334661353,3.269729784266515,0.1338658531577411,resnet32,0.5259,0.5184,3.401993900198828,3.26972148059444,0.13227241588968106,resnet32,0.5182,0.5158,3.39676295356317,3.2643351165408436,0.13242783938238228,resnet32,0.5063,0.4962,3.3880589414726603,3.2535823986611585,0.13447654323483055,resnet32,0.5107,0.5006,3.4561856554990467,3.318323290144855,0.13786236611618238,resnet32,0.5079,0.4968,3.402199250730601,3.2680234377357094,0.1341758141907948,4500000.0,5000.0,18010000.0,1386770000.0,11094160000.0
resnet32x8_cifar100_K8_mwmd1_noise40_seed0005_d001,d001,resnet32:8,cifar100,8,matched,mwmd1,peers,5,200,64,0.1,0.9,0.0005,True,0,60,0.1,1.0,1,,disagreement,1.0,1,0.0,0.5,weight,complete,0.4,0.398956,42,0,45000,5000,10000,3760032,77,0.010000000000000002,1,71.55,0.51225,0.004953534091938815,0.5053,0.5218,0.5516,0.039349999999999996,0.50145,0.5432,0.34777142857142856,0.6721533545579693,0.3453428571428572,0.6829631934525321,0.51225,resnet32,0.5121,0.4996,3.4089283563873987,3.2732436687431554,0.13568468519952148,resnet32,0.5053,0.5018,3.3937023356556892,3.2617831355468794,0.13191919984422962,resnet32,0.5137,0.4994,3.407973773777485,3.2666590345854107,0.14131473674735223,resnet32,0.5146,0.5084,3.403487753123045,3.264979479665106,0.13850827897179194,resnet32,0.5102,0.499,3.394046099009839,3.257957874373956,0.1360882223181596,resnet32,0.5218,0.5058,3.3813767941160635,3.2492705641145054,0.13210623056246815,resnet32,0.5059,0.4902,3.4509060772305187,3.3103431852703746,0.14056289444719863,resnet32,0.5144,0.5074,3.400668606500734,3.262129384008321,0.1385392214552584,4500000.0,5000.0,18010000.0,1404780000.0,11238240000.0
resnet32x8_cifar100_K8_mwmd1_noise40_seed0005_d001,d001,resnet32:8,cifar100,8,matched,mwmd1,peers,5,200,64,0.1,0.9,0.0005,True,0,60,0.1,1.0,1,,disagreement,1.0,1,0.0,0.5,weight,complete,0.4,0.398956,42,0,45000,5000,10000,3760032,78,0.010000000000000002,1,77.68,0.5144375,0.005140023711034812,0.5051,0.5223,0.5568,0.04236249999999997,0.50775,0.541,0.3449357142857143,0.6849884347524399,0.3501928571428573,0.6753518989207665,0.5144375,resnet32,0.5129,0.5068,3.4131308404559437,3.272256986322728,0.14087385039734232,resnet32,0.5189,0.509,3.3992151008410887,3.259683246639642,0.13953185389453376,resnet32,0.5132,0.5076,3.404278227551417,3.2601413171399725,0.14413691544905305,resnet32,0.5223,0.5152,3.391898550093174,3.2560672167349947,0.13583133052187887,resnet32,0.5168,0.5142,3.3874933912672778,3.251743918454105,0.13574946822005918,resnet32,0.517,0.5138,3.383436861701987,3.242333831773563,0.141103033981794,resnet32,0.5093,0.501,3.4466675218533385,3.308075915006074,0.13859160926023667,resnet32,0.5051,0.4944,3.4041886062107305,3.2599177069284697,0.1442708987530998,4500000.0,5000.0,18010000.0,1422790000.0,11382320000.0
resnet32x8_cifar100_K8_mwmd1_noise40_seed0005_d001,d001,resnet32:8,cifar100,8,matched,mwmd1,peers,5,200,64,0.1,0.9,0.0005,True,0,60,0.1,1.0,1,,disagreement,1.0,1,0.0,0.5,weight,complete,0.4,0.398956,42,0,45000,5000,10000,3760032,79,0.010000000000000002,1,71.74,0.5181875,0.005681205307855018,0.5083,0.5262,0.5565,0.03831249999999997,0.510175,0.5486,0.3552,0.6654327053581478,0.34991785714285717,0.6707792233301261,0.5181875,resnet32,0.518,0.5052,3.4065189876339654,3.265387289226055,0.1411317010854625,resnet32,0.5207,0.5184,3.387079131196846,3.249206257476048,0.13787287534002893,resnet32,0.5207,0.5204,3.3910035863518715,3.2501171922141854,0.1408863948573443,resnet32,0.5173,0.5016,3.3899991410699757,3.2521210197697985,0.13787812797818333,resnet32,0.5262,0.5224,3.392029995945367,3.2454002624885603,0.146629736229608,resnet32,0.5083,0.503,3.3777178803628143,3.237298455766656,0.14041942116719755,resnet32,0.5108,0.4992,3.4471284889362077,3.3014311655001207,0.14569732442032546,resnet32,0.5235,0.5112,3.3917681009254674,3.251347013833848,0.14042108503847636,4500000.0,5000.0,18010000.0,1440800000.0,11526400000.0
resnet32x8_cifar100_K8_mwmd1_noise40_seed0005_d001,d001,resnet32:8,cifar100,8,matched,mwmd1,peers,5,200,64,0.1,0.9,0.0005,True,0,60,0.1,1.0,1,,disagreement,1.0,1,0.0,0.5,weight,complete,0.4,0.398956,42,0,45000,5000,10000,3760032,80,0.010000000000000002,1,71.49,0.524575,0.009916495096555027,0.5062,0.5365,0.566,0.041424999999999934,0.51865,0.56,0.3505928571428571,0.6682070855671585,0.35327857142857144,0.6695456554462732,0.524575,resnet32,0.5062,0.501,3.4092057448896496,3.265437235209075,0.14376850822009146,resnet32,0.516,0.5162,3.392599832266569,3.248752809722315,0.14384701979261907,resnet32,0.5365,0.5258,3.39648573608561,3.254012103785168,0.142473631051623,resnet32,0.5284,0.521,3.394131975079125,3.2517820241099056,0.14234995155129582,resnet32,0.5287,0.5248,3.392369267276742,3.2476385188373653,0.14473074839704417,resnet32,0.5362,0.5304,3.3838518454947253,3.2361163659529253,0.14773547637742013,resnet32,0.517,0.5138,3.44595012746074,3.299046254293485,0.1469038698123768,resnet32,0.5276,0.5162,3.3968515104868193,3.252270683307539,0.1445808241313154,4500000.0,5000.0,18010000.0,1458810000.0,11670480000.0
resnet32x8_cifar100_K8_mwmd1_noise40_seed0005_d001,d001,resnet32:8,cifar100,8,matched,mwmd1,peers,5,200,64,0.1,0.9,0.0005,True,0,60,0.1,1.0,1,,disagreement,1.0,1,0.0,0.5,weight,complete,0.4,0.398956,42,0,45000,5000,10000,3760032,81,0.010000000000000002,1,71.72,0.5235749999999999,0.005486745392306814,0.5153,0.5322,0.5676,0.04402500000000009,0.515825,0.5586,0.35275714285714294,0.6663482721770374,0.3541571428571428,0.6630065298058233,0.5235749999999999,resnet32,0.5153,0.5114,3.399795371700417,3.25506232035431,0.14473305270075798,resnet32,0.5261,0.5218,3.3840958093377678,3.2405979968607426,0.1434978114081208,resnet32,0.5222,0.5118,3.3849727057597856,3.241358593783595,0.1436141080180691,resnet32,0.5213,0.5156,3.3833393569697034,3.2413143295456064,0.14202503113880416,resnet32,0.5267,0.519,3.377373491498557,3.2351550056853076,0.14221848503009163,resnet32,0.5322,0.5226,3.371252294968475,3.22634158893065,0.14491070894820784,resnet32,0.5164,0.5056,3.4391263845292004,3.28971385515549,0.14941253019920128,resnet32,0.5284,0.5188,3.393347338519313,3.243086404421113,0.15026093611959368,4500000.0,5000.0,18010000.0,1476820000.0,11814560000.0
resnet32x8_cifar100_K8_mwmd1_noise40_seed0005_d001,d001,resnet32:8,cifar100,8,matched,mwmd1,peers,5,200,64,0.1,0.9,0.0005,True,0,60,0.1,1.0,1,,disagreement,1.0,1,0.0,0.5,weight,complete,0.4,0.398956,42,0,45000,5000,10000,3760032,82,0.010000000000000002,1,71.74,0.5227499999999999,0.00895977120243593,0.5118,0.536,0.5672,0.0444500000000001,0.51715,0.565,0.36134999999999995,0.6600785886217694,0.36245714285714287,0.6569386809322809,0.5227499999999999,resnet32,0.5125,0.5078,3.4090707562863827,3.258730462328954,0.15034029241227967,resnet32,0.5267,0.5152,3.3921233601868153,3.245302792977203,0.14682056770702315,resnet32,0.536,0.5184,3.398040535436435,3.2466556348583917,0.1513849038588391,resnet32,0.5294,0.528,3.39044211093675,3.2432891448790375,0.14715296461839567,resnet32,0.5321,0.5266,3.387950326231393,3.2410541461272673,0.14689618211493574,resnet32,0.5201,0.5158,3.378806398673491,3.2313162582841786,0.1474901413629678,resnet32,0.5118,0.507,3.4434095326472414,3.2929496616125107,0.1504598723999648,resnet32,0.5134,0.5184,3.3963007893074644,3.2458240758966315,0.15047671332616697,4500000.0,5000.0,18010000.0,1494830000.0,11958640000.0
resnet32x8_cifar100_K8_mwmd1_noise40_seed0005_d001,d001,resnet32:8,cifar100,8,matched,mwmd1,peers,5,200,64,0.1,0.9,0.0005,True,0,60,0.1,1.0,1,,disagreement,1.0,1,0.0,0.5,weight,complete,0.4,0.398956,42,0,45000,5000,10000,3760032,83,0.010000000000000002,1,77.77,0.5251374999999999,0.008068602341793782,0.5063,0.5328,0.5677,0.04256250000000006,0.5232000000000001,0.5604,0.35146428571428573,0.664842720560696,0.35199642857142865,0.6722807339106712,0.5251374999999999,resnet32,0.5266,0.5216,3.3965323533524168,3.247201643884182,0.14933071031489156,resnet32,0.5297,0.5218,3.3796677284620027,3.232724379748106,0.14694334817415272,resnet32,0.5315,0.5336,3.3884559598836033,3.236913939768618,0.1515420199350708,resnet32,0.5202,0.5218,3.3831036758016455,3.23363002829931,0.14947364999997345,resnet32,0.5295,0.5282,3.3774746243249285,3.225448925048113,0.15202569757291878,resnet32,0.5328,0.5272,3.3718437721783463,3.2191337201405656,0.1527100486617366,resnet32,0.5063,0.5026,3.4324409159069713,3.280469701032747,0.15197121544571762,resnet32,0.5245,0.5288,3.3825856508179144,3.2355790348215536,0.14700661433479664,4500000.0,5000.0,18010000.0,1512840000.0,12102720000.0
resnet32x8_cifar100_K8_mwmd1_noise40_seed0005_d001,d001,resnet32:8,cifar100,8,matched,mwmd1,peers,5,200,64,0.1,0.9,0.0005,True,0,60,0.1,1.0,1,,disagreement,1.0,1,0.0,0.5,weight,complete,0.4,0.398956,42,0,45000,5000,10000,3760032,84,0.010000000000000002,1,71.75,0.5199,0.006248599843164868,0.5114,0.5317,0.564,0.04409999999999992,0.512025,0.5506,0.34818571428571427,0.6715551374795549,0.35305357142857136,0.6673033237952158,0.5199,resnet32,0.5153,0.5016,3.3911137248982084,3.240906936201182,0.15020678779745306,resnet32,0.5174,0.5158,3.3755869516594843,3.22844872251153,0.14713823262983086,resnet32,0.5227,0.5186,3.3892937810583548,3.235519505021247,0.15377427876757627,resnet32,0.5218,0.5078,3.373969958925789,3.2269367457113485,0.1470332111401314,resnet32,0.5317,0.5218,3.3787922730500046,3.223361035978252,0.1554312378125773,resnet32,0.525,0.5184,3.366956975988366,3.2165503078563646,0.15040666807908565,resnet32,0.5114,0.5162,3.4344743534245272,3.2799324135888708,0.15454194170888513,resnet32,0.5139,0.496,3.3858082067560065,3.23200552131642,0.15380268629682672,4500000.0,5000.0,18010000.0,1530850000.0,12246800000.0
resnet32x8_cifar100_K8_mwmd1_noise40_seed0005_d001,d001,resnet32:8,cifar100,8,matched,mwmd1,peers,5,200,64,0.1,0.9,0.0005,True,0,60,0.1,1.0,1,,disagreement,1.0,1,0.0,0.5,weight,complete,0.4,0.398956,42,0,45000,5000,10000,3760032,85,0.010000000000000002,1,71.82,0.5213125000000001,0.007546263562187587,0.5108,0.5319,0.5612,0.039887499999999965,0.5180499999999999,0.5638,0.3597214285714285,0.6582811465994135,0.3606892857142857,0.6611105234228187,0.5213125000000001,resnet32,0.5156,0.5116,3.3830299600958824,3.23161618411541,0.15141377873210746,resnet32,0.5108,0.5014,3.3755782446400686,3.221106615594842,0.15447162327737632,resnet32,0.5221,0.5242,3.3749376569281924,3.2228022705424917,0.15213538527446377,resnet32,0.5283,0.5232,3.3723685832863506,3.220939484170892,0.15142910204700788,resnet32,0.53,0.5296,3.368030782450329,3.2166002223437484,0.15143055965150284,resnet32,0.5319,0.5318,3.36035238748247,3.2089398066428574,0.15141258304092017,resnet32,0.513,0.5094,3.423865198073062,3.270207706161521,0.15365748801691967,resnet32,0.5188,0.5132,3.376871919767423,3.2247566049071876,0.1521153116535226,4500000.0,5000.0,18010000.0,1548860000.0,12390880000.0
resnet32x8_cifar100_K8_mwmd1_noise40_seed0005_d001,d001,resnet32:8,cifar100,8,matched,mwmd1,peers,5,200,64,0.1,0.9,0.0005,True,0,60,0.1,1.0,1,,disagreement,1.0,1,0.0,0.5,weight,complete,0.4,0.398956,42,0,45000,5000,10000,3760032,86,0.010000000000000002,1,71.67,0.514975,0.005708710449830152,0.5065,0.5226,0.5589,0.04392499999999999,0.50965,0.5472,0.3594499999999999,0.6534211912935541,0.35813928571428566,0.661631190037364,0.514975,resnet32,0.5065,0.507,3.391410453414375,3.2346964688463644,0.1567139858274128,resnet32,0.5226,0.5172,3.3694158724763175,3.21773414415392,0.15168172650208528,resnet32,0.5199,0.5148,3.3749265606430443,3.2197842699560253,0.15514229479330507,resnet32,0.512,0.5028,3.377954708581621,3.220373664389957,0.1575810411225327,resnet32,0.5107,0.5086,3.3640208610079507,3.2123057642443613,0.15171509525018997,resnet32,0.5214,0.5168,3.360991059717807,3.205637645653703,0.15535341400060465,resnet32,0.5093,0.5044,3.4261935871433127,3.2695090137422085,0.15668457315769047,resnet32,0.5174,0.5056,3.379195536402139,3.2221975285898554,0.1569980076747015,4500000.0,5000.0,18010000.0,1566870000.0,12534960000.0
resnet32x8_cifar100_K8_mwmd1_noise40_seed0005_d001,d001,resnet32:8,cifar100,8,matched,mwmd1,peers,5,200,64,0.1,0.9,0.0005,True,0,60,0.1,1.0,1,,disagreement,1.0,1,0.0,0.5,weight,complete,0.4,0.398956,42,0,45000,5000,10000,3760032,87,0.010000000000000002,1,71.61,0.5181125,0.007881534986917212,0.5067,0.5288,0.5644,0.04628750000000004,0.5102,0.5572,0.37378571428571433,0.6441845109694864,0.37281428571428565,0.6436941053435151,0.5181125,resnet32,0.5101,0.5064,3.3856492062861268,3.2259267267178404,0.15972247688015076,resnet32,0.5227,0.5188,3.371193253858523,3.2171505933458153,0.1540426651375707,resnet32,0.5104,0.4978,3.3774922239509495,3.218726237727837,0.15876598394772207,resnet32,0.5254,0.5124,3.3701146383854477,3.2163180722431703,0.1537965638457205,resnet32,0.5288,0.5222,3.370199188251387,3.211411463604732,0.15878772519698198,resnet32,0.5157,0.5132,3.3579607619480654,3.203983973711729,0.15397677815053612,resnet32,0.5067,0.5014,3.4212704863060606,3.262318250469186,0.1589522378900173,resnet32,0.5251,0.5094,3.374539465050806,3.2205484018407087,0.15399106299843301,4500000.0,5000.0,18010000.0,1584880000.0,12679040000.0
resnet32x8_cifar100_K8_mwmd1_noise40_seed0005_d001,d001,resnet32:8,cifar100,8,matched,mwmd1,peers,5,200,64,0.1,0.9,0.0005,True,0,60,0.1,1.0,1,,disagreement,1.0,1,0.0,0.5,weight,complete,0.4,0.398956,42,0,45000,5000,10000,3760032,88,0.010000000000000002,1,71.75,0.517975,0.005048205126577174,0.5075,0.523,0.5611,0.04312500000000008,0.512925,0.5624,0.36747857142857143,0.6521012822404166,0.36500000000000005,0.6598822242588182,0.517975,resnet32,0.5206,0.5144,3.382258949970657,3.224632268263535,0.15762668451167305,resnet32,0.5185,0.5162,3.3638073236427526,3.208189870484851,0.15561745311556893,resnet32,0.5196,0.5164,3.3752878623252567,3.214918840337883,0.16036902528933503,resnet32,0.523,0.5206,3.3640775595876304,3.2087019387293947,0.15537562158847737,resnet32,0.5075,0.5072,3.361947714605115,3.2039079804989425,0.15803973240227523,resnet32,0.52,0.509,3.353176036341624,3.193749216808514,0.15942681981885637,resnet32,0.5121,0.5102,3.4196827750314367,3.2602409490130166,0.15944182860072365,resnet32,0.5225,0.5094,3.369041197001934,3.2098201225427063,0.15922107382423498,4500000.0,5000.0,18010000.0,1602890000.0,12823120000.0
resnet32x8_cifar100_K8_mwmd1_noise40_seed0005_d001,d001,resnet32:8,cifar100,8,matched,mwmd1,peers,5,200,64,0.1,0.9,0.0005,True,0,60,0.1,1.0,1,,disagreement,1.0,1,0.0,0.5,weight,complete,0.4,0.398956,42,0,45000,5000,10000,3760032,89,0.010000000000000002,1,71.73,0.523225,0.011260411848595945,0.4985,0.5397,0.5706,0.047374999999999945,0.518275,0.5626,0.35837857142857155,0.6628180289113806,0.3628464285714286,0.6570023829432087,0.523225,resnet32,0.5201,0.5176,3.381410223516551,3.2198888784782453,0.16152134571563115,resnet32,0.5397,0.5346,3.3672694360668007,3.2079682180827316,0.15930121144364504,resnet32,0.5301,0.5178,3.3707701685753735,3.2126647108657793,0.15810545872558246,resnet32,0.5308,0.531,3.3614471774886954,3.20315877517516,0.1582884022500366,resnet32,0.5251,0.5214,3.361944484778426,3.201367313550277,0.16057717027565974,resnet32,0.5199,0.5176,3.3526524251157586,3.192004855383526,0.16064757526725193,resnet32,0.4985,0.497,3.41595906899734,3.2575906711545857,0.15836840093305166,resnet32,0.5216,0.5092,3.3709761632437054,3.2091186977922916,0.16185746262569659,4500000.0,5000.0,18010000.0,1620900000.0,12967200000.0
resnet32x8_cifar100_K8_mwmd1_noise40_seed0005_d001,d001,resnet32:8,cifar100,8,matched,mwmd1,peers,5,200,64,0.1,0.9,0.0005,True,0,60,0.1,1.0,1,,disagreement,1.0,1,0.0,0.5,weight,complete,0.4,0.398956,42,0,45000,5000,10000,3760032,90,0.010000000000000002,1,74.23,0.5236999999999999,0.007420747940740196,0.5123,0.5343,0.5674,0.04370000000000007,0.521,0.5648,0.3608071428571429,0.6548171741365051,0.36080357142857145,0.6564633859233079,0.5236999999999999,resnet32,0.5123,0.5092,3.37424526092681,3.2118456289172173,0.16239963079252365,resnet32,0.5343,0.5294,3.3548977449536324,3.195482026785612,0.1594157203269953,resnet32,0.5273,0.518,3.3611627454784783,3.201945059678771,0.15921768767293543,resnet32,0.5272,0.5248,3.36312809959054,3.1996315744790165,0.1634965222858062,resnet32,0.5271,0.5252,3.3546100827780636,3.190948484634811,0.16366159737067806,resnet32,0.5169,0.519,3.349914114583622,3.1871112947436897,0.16280282091942022,resnet32,0.5148,0.5178,3.4128946750001474,3.2504609934985638,0.16243368097242306,resnet32,0.5297,0.5246,3.363930718126622,3.200448763980107,0.16348195154304532,4500000.0,5000.0,18010000.0,1638910000.0,13111280000.0
resnet32x8_cifar100_K8_mwmd1_noise40_seed0005_d001,d001,resnet32:8,cifar100,8,matched,mwmd1,peers,5,200,64,0.1,0.9,0.0005,True,0,60,0.1,1.0,1,,disagreement,1.0,1,0.0,0.5,weight,complete,0.4,0.398956,42,0,45000,5000,10000,3760032,91,0.010000000000000002,1,71.8,0.5257499999999999,0.005133955589991024,0.5146,0.5323,0.5718,0.046050000000000035,0.52,0.5648,0.36975714285714284,0.6388091926627639,0.3683,0.6451009270378195,0.5257499999999999,resnet32,0.5254,0.518,3.374889101833105,3.212665992365642,0.16222311000720682,resnet32,0.5253,0.5208,3.3580674708566884,3.195946881378239,0.16212058715014296,resnet32,0.5291,0.5256,3.365464295853268,3.203465453603051,0.16199884327678857,resnet32,0.5307,0.5208,3.3574822419746355,3.1951654973355206,0.1623167469356717,resnet32,0.5256,0.5262,3.3595431193032046,3.1927129026841032,0.16683021221648564,resnet32,0.523,0.517,3.3466578911651266,3.184382802383466,0.1622750940732658,resnet32,0.5146,0.5074,3.4135808023539456,3.247861360961741,0.16571943832307376,resnet32,0.5323,0.5242,3.3635871576314624,3.2016070244664494,0.16198012993713332,4500000.0,5000.0,18010000.0,1656920000.0,13255360000.0
resnet32x8_cifar100_K8_mwmd1_noise40_seed0005_d001,d001,resnet32:8,cifar100,8,matched,mwmd1,peers,5,200,64,0.1,0.9,0.0005,True,0,60,0.1,1.0,1,,disagreement,1.0,1,0.0,0.5,weight,complete,0.4,0.398956,42,0,45000,5000,10000,3760032,92,0.010000000000000002,1,71.59,0.518175,0.008875915445744184,0.5062,0.5321,0.5633,0.04512499999999997,0.51655,0.5578,0.36732142857142863,0.6510089730955577,0.3685357142857142,0.6512314254109002,0.518175,resnet32,0.5093,0.5104,3.3677159551192415,3.2044012187556787,0.16331473565448754,resnet32,0.5062,0.5064,3.3503899614919317,3.1892555257813497,0.16113443523433738,resnet32,0.5321,0.532,3.3629199997945265,3.195447799834338,0.16747219902886587,resnet32,0.5145,0.5084,3.3538469817828047,3.192963334308429,0.16088365060700613,resnet32,0.5193,0.5218,3.3508191979066893,3.1856286231089723,0.16519057388756087,resnet32,0.5299,0.5236,3.341881426559253,3.178403456102718,0.1634779734621671,resnet32,0.5116,0.5116,3.4123198440806433,3.2457364804365416,0.16658336273394525,resnet32,0.5225,0.5182,3.3592161400751634,3.194020186296918,0.1651959556514736,4500000.0,5000.0,18010000.0,1674930000.0,13399440000.0
resnet32x8_cifar100_K8_mwmd1_noise40_seed0005_d001,d001,resnet32:8,cifar100,8,matched,mwmd1,peers,5,200,64,0.1,0.9,0.0005,True,0,60,0.1,1.0,1,,disagreement,1.0,1,0.0,0.5,weight,complete,0.4,0.398956,42,0,45000,5000,10000,3760032,93,0.010000000000000002,1,73.28,0.5293,0.004573292030911643,0.5188,0.5339,0.574,0.04469999999999996,0.522925,0.5714,0.36149285714285717,0.6470489424731642,0.362875,0.6495926726920711,0.5293,resnet32,0.5291,0.5262,3.370687172832814,3.20598209107464,0.1647050836525688,resnet32,0.5335,0.5214,3.3513383855196563,3.187762225893411,0.1635761598379097,resnet32,0.529,0.5222,3.3581697182221846,3.194870978932489,0.16329873914153062,resnet32,0.5296,0.5306,3.3530721369792116,3.188640348613262,0.1644317870430479,resnet32,0.5331,0.5256,3.34863186085766,3.1826167167587713,0.16601514612028206,resnet32,0.5339,0.5236,3.3435943102972074,3.177347316999327,0.16624699202789503,resnet32,0.5188,0.5164,3.4120780625803904,3.2432637075808914,0.1688143538776785,resnet32,0.5274,0.5174,3.3658432967283507,3.1961007118225098,0.1697425876363096,4500000.0,5000.0,18010000.0,1692940000.0,13543520000.0
resnet32x8_cifar100_K8_mwmd1_noise40_seed0005_d001,d001,resnet32:8,cifar100,8,matched,mwmd1,peers,5,200,64,0.1,0.9,0.0005,True,0,60,0.1,1.0,1,,disagreement,1.0,1,0.0,0.5,weight,complete,0.4,0.398956,42,0,45000,5000,10000,3760032,94,0.010000000000000002,1,71.78,0.5115,0.008204876598706397,0.4983,0.5205,0.5589,0.0474,0.5085249999999999,0.5572,0.3864357142857142,0.631926085027831,0.3842928571428571,0.6363173291481933,0.5115,resnet32,0.5001,0.4996,3.367832262068987,3.1997475786642595,0.16808468088592318,resnet32,0.5137,0.5132,3.350725123150782,3.182324720377272,0.16840040295342493,resnet32,0.5203,0.517,3.3576877882534806,3.1883227713406086,0.16936501384374092,resnet32,0.5079,0.5002,3.3510903390971096,3.185393651100722,0.1656966918275099,resnet32,0.4983,0.5012,3.347863681275736,3.177865621041168,0.16999806635166434,resnet32,0.5205,0.5192,3.3353848843411966,3.169378635896878,0.16600625043396244,resnet32,0.5121,0.507,3.4075537611815063,3.238508851690726,0.16904490932144903,resnet32,0.5191,0.5108,3.3572348203848708,3.1878004639663478,0.1694343549580398,4500000.0,5000.0,18010000.0,1710950000.0,13687600000.0
resnet32x8_cifar100_K8_mwmd1_noise40_seed0005_d001,d001,resnet32:8,cifar100,8,matched,mwmd1,peers,5,200,64,0.1,0.9,0.0005,True,0,60,0.1,1.0,1,,disagreement,1.0,1,0.0,0.5,weight,complete,0.4,0.398956,42,0,45000,5000,10000,3760032,95,0.010000000000000002,1,77.43,0.52285,0.005083551907869126,0.5149,0.5306,0.5702,0.04735,0.516575,0.5656,0.3756428571428571,0.637267972247707,0.3774392857142857,0.6382961978933429,0.52285,resnet32,0.5149,0.5086,3.366482323543592,3.1954492432149975,0.17103308115408503,resnet32,0.526,0.515,3.3472436253320086,3.177835379134525,0.16940825252624397,resnet32,0.5233,0.5112,3.353489565917037,3.183594861829823,0.16989470122974704,resnet32,0.5187,0.5138,3.349639760160988,3.1785020137375053,0.17113774818029592,resnet32,0.5259,0.523,3.3461802317337557,3.1766680790619417,0.169512153073976,resnet32,0.5264,0.5298,3.3354599184610625,3.1649571406570347,0.17050277642821046,resnet32,0.517,0.508,3.4047387577593327,3.234376196495511,0.17036255997266958,resnet32,0.5306,0.5232,3.3574824783612383,3.1864761070094327,0.17100637378594416,4500000.0,5000.0,18010000.0,1728960000.0,13831680000.0
resnet32x8_cifar100_K8_mwmd1_noise40_seed0005_d001,d001,resnet32:8,cifar100,8,matched,mwmd1,peers,5,200,64,0.1,0.9,0.0005,True,0,60,0.1,1.0,1,,disagreement,1.0,1,0.0,0.5,weight,complete,0.4,0.398956,42,0,45000,5000,10000,3760032,96,0.010000000000000002,1,71.7,0.5156375,0.008353582689481213,0.5011,0.5268,0.5661,0.05046250000000008,0.51275,0.563,0.37663571428571424,0.6385018990801292,0.37760357142857154,0.6407479179905955,0.5156375,resnet32,0.5086,0.5132,3.3600579019297254,3.1904246603900734,0.16963324338113042,resnet32,0.5268,0.5218,3.34416772459041,3.1772652661258522,0.16690246348099952,resnet32,0.5151,0.5086,3.357891019095074,3.1857161847027866,0.17217483327046715,resnet32,0.5253,0.526,3.3485073647038504,3.181513874029571,0.1669934924416752,resnet32,0.5228,0.521,3.3433972553096036,3.172358176924966,0.17103908177126537,resnet32,0.5011,0.5014,3.334330400960012,3.164190684529868,0.17013971632431177,resnet32,0.515,0.5096,3.4029709588397634,3.2332296517084944,0.1697413080202585,resnet32,0.5104,0.5004,3.3567165458066897,3.184467641128735,0.17224890264597806,4500000.0,5000.0,18010000.0,1746970000.0,13975760000.0
resnet32x8_cifar100_K8_mwmd1_noise40_seed0005_d001,d001,resnet32:8,cifar100,8,matched,mwmd1,peers,5,200,64,0.1,0.9,0.0005,True,0,60,0.1,1.0,1,,disagreement,1.0,1,0.0,0.5,weight,complete,0.4,0.398956,42,0,45000,5000,10000,3760032,97,0.010000000000000002,1,71.76,0.5330125,0.00716317623334788,0.524,0.5449,0.5828,0.049787499999999985,0.52655,0.5778,0.35930000000000006,0.6449516013585322,0.36316428571428566,0.6461306407189774,0.5330125,resnet32,0.5268,0.5226,3.3601396043192255,3.1876789114691992,0.17246069676581433,resnet32,0.5323,0.532,3.3408517448062245,3.1706626137549225,0.17018913361243904,resnet32,0.532,0.5252,3.3522730249572885,3.178516024554318,0.17375700142954223,resnet32,0.5269,0.5178,3.3443121053278446,3.1736629503694447,0.1706491558473896,resnet32,0.5435,0.5292,3.3389886048707096,3.1664880080656572,0.1725005990910259,resnet32,0.5337,0.5292,3.330807273360816,3.1597691334106703,0.17103814020414243,resnet32,0.524,0.5246,3.3974755220115185,3.224908218465068,0.17256730227646502,resnet32,0.5449,0.5318,3.348156872798096,3.178187045184049,0.16996982928619467,4500000.0,5000.0,18010000.0,1764980000.0,14119840000.0
resnet32x8_cifar100_K8_mwmd1_noise40_seed0005_d001,d001,resnet32:8,cifar100,8,matched,mwmd1,peers,5,200,64,0.1,0.9,0.0005,True,0,60,0.1,1.0,1,,disagreement,1.0,1,0.0,0.5,weight,complete,0.4,0.398956,42,0,45000,5000,10000,3760032,98,0.010000000000000002,1,71.56,0.515575,0.006477219696752603,0.5081,0.5294,0.5625,0.046924999999999994,0.509325,0.553,0.37599285714285713,0.6461127836316033,0.37918214285714286,0.6451183797818844,0.515575,resnet32,0.5142,0.5074,3.3579620238054884,3.1831476119431583,0.17481441362972625,resnet32,0.5109,0.5046,3.3376358185302126,3.165615276856856,0.17202054184268822,resnet32,0.5196,0.509,3.3456992388448934,3.175746176053177,0.16995306334204294,resnet32,0.5081,0.5008,3.3446377834135834,3.1721690859306944,0.17246869796971706,resnet32,0.5133,0.504,3.332320001314987,3.159714275463061,0.1726057241797786,resnet32,0.5191,0.5114,3.327264393933795,3.1550968164070086,0.1721675727325915,resnet32,0.51,0.5072,3.393530610948801,3.224600774659352,0.1689298344903033,resnet32,0.5294,0.5302,3.3482552993703973,3.173205674371936,0.17504962529479104,4500000.0,5000.0,18010000.0,1782990000.0,14263920000.0
resnet32x8_cifar100_K8_mwmd1_noise40_seed0005_d001,d001,resnet32:8,cifar100,8,matched,mwmd1,peers,5,200,64,0.1,0.9,0.0005,True,0,60,0.1,1.0,1,,disagreement,1.0,1,0.0,0.5,weight,complete,0.4,0.398956,42,0,45000,5000,10000,3760032,99,0.010000000000000002,1,71.76,0.5335624999999999,0.011086020194370952,0.5105,0.5501,0.5807,0.047137500000000054,0.5260750000000001,0.5674,0.3671142857142856,0.6470069537215892,0.36669285714285715,0.6499393382178729,0.5335624999999999,resnet32,0.5312,0.5278,3.3569713959639724,3.1827841336754235,0.1741872589125044,resnet32,0.5297,0.5218,3.3424961780282585,3.1653689000416887,0.17712727694941516,resnet32,0.5449,0.535,3.347861963578246,3.1736566888337787,0.17420527582395484,resnet32,0.5303,0.5268,3.3399235230277884,3.166611471298066,0.17331204959191382,resnet32,0.5378,0.5282,3.3389487391845747,3.161523183977062,0.17742555747231978,resnet32,0.534,0.52,3.328479844399474,3.1549324301833455,0.1735474157824435,resnet32,0.5105,0.5094,3.4008956775069237,3.224930606105111,0.1759650750424374,resnet32,0.5501,0.5396,3.3514479056678037,3.1739057058637794,0.177542199740525,4500000.0,5000.0,18010000.0,1801000000.0,14408000000.0
resnet32x8_cifar100_K8_mwmd1_noise40_seed0005_d001,d001,resnet32:8,cifar100,8,matched,mwmd1,peers,5,200,64,0.1,0.9,0.0005,True,0,60,0.1,1.0,1,,disagreement,1.0,1,0.0,0.5,weight,complete,0.4,0.398956,42,0,45000,5000,10000,3760032,100,0.010000000000000002,1,71.71,0.5330999999999999,0.007466257429261345,0.5186,0.5463,0.5794,0.04630000000000012,0.5283249999999999,0.5762,0.36774999999999997,0.6395066762372151,0.3741142857142857,0.6355333260662939,0.5330999999999999,resnet32,0.5302,0.5248,3.356604307212613,3.1813545995815233,0.17524970752525737,resnet32,0.5287,0.523,3.33965798873793,3.1677163666622206,0.17194162573750046,resnet32,0.536,0.5302,3.3443083603951065,3.171421594240449,0.1728867678479715,resnet32,0.5367,0.5316,3.3396977115083826,3.1658291295170784,0.17386858381161635,resnet32,0.5463,0.5386,3.3349438407881693,3.1610269739546557,0.17391687115146356,resnet32,0.5319,0.5292,3.324452820149335,3.1486861146986485,0.1757667060856792,resnet32,0.5186,0.5138,3.3911620510572735,3.219227776270021,0.17193427444858986,resnet32,0.5364,0.5354,3.3412716554647144,3.1691261506216093,0.17214551333084024,4500000.0,5000.0,18010000.0,1819010000.0,14552080000.0
resnet32x8_cifar100_K8_mwmd1_noise40_seed0005_d001,d001,resnet32:8,cifar100,8,matched,mwmd1,peers,5,200,64,0.1,0.9,0.0005,True,0,60,0.1,1.0,1,,disagreement,1.0,1,0.0,0.5,weight,complete,0.4,0.398956,42,0,45000,5000,10000,3760032,101,0.010000000000000002,1,71.81,0.5252125,0.007476536213381153,0.5131,0.5333,0.5775,0.05228750000000004,0.51785,0.5668,0.3747428571428571,0.6398712191782996,0.37308571428571424,0.6475216987053516,0.5252125,resnet32,0.5243,0.511,3.3573463504964653,3.178246309134093,0.17910004352134737,resnet32,0.5151,0.5076,3.337105143815279,3.1616244546391745,0.1754806879484518,resnet32,0.5221,0.5146,3.3508936915207994,3.170895977792415,0.17999770765362139,resnet32,0.5327,0.5312,3.340620293197307,3.160267725586891,0.18035257078537886,resnet32,0.5284,0.5258,3.336393018676476,3.1559793292121454,0.18041368370706384,resnet32,0.5327,0.523,3.3240174939009277,3.1484727134758774,0.17554478027688508,resnet32,0.5131,0.5078,3.39671870151704,3.217640672217716,0.17907802656885574,resnet32,0.5333,0.5218,3.3476164307106626,3.1684686094522476,0.17914782140657984,4500000.0,5000.0,18010000.0,1837020000.0,14696160000.0
resnet32x8_cifar100_K8_mwmd1_noise40_seed0005_d001,d001,resnet32:8,cifar100,8,matched,mwmd1,peers,5,200,64,0.1,0.9,0.0005,True,0,60,0.1,1.0,1,,disagreement,1.0,1,0.0,0.5,weight,complete,0.4,0.398956,42,0,45000,5000,10000,3760032,102,0.010000000000000002,1,71.67,0.529875,0.0074449227665570605,0.5188,0.5418,0.5813,0.051425000000000054,0.52155,0.5718,0.378,0.6370064040298352,0.3768535714285715,0.636377115492146,0.529875,resnet32,0.526,0.5176,3.34659982946786,3.1688067611645567,0.17779307207092643,resnet32,0.5286,0.5208,3.329058390449394,3.1530609794638376,0.17599740986373613,resnet32,0.5418,0.5348,3.3414989974011076,3.16466110707684,0.1768378910968419,resnet32,0.5188,0.5174,3.3292256769808857,3.152139302681793,0.17708637658506632,resnet32,0.5414,0.5344,3.3267195119776507,3.1479405706579033,0.178778940748254,resnet32,0.5297,0.519,3.321482691236518,3.142243654213168,0.17923904324627735,resnet32,0.5249,0.5122,3.390801071443341,3.213994788852605,0.17680628383955496,resnet32,0.5278,0.5162,3.3322546228089114,3.156112095171755,0.17614253030412577,4500000.0,5000.0,18010000.0,1855030000.0,14840240000.0
resnet32x8_cifar100_K8_mwmd1_noise40_seed0005_d001,d001,resnet32:8,cifar100,8,matched,mwmd1,peers,5,200,64,0.1,0.9,0.0005,True,0,60,0.1,1.0,1,,disagreement,1.0,1,0.0,0.5,weight,complete,0.4,0.398956,42,0,45000,5000,10000,3760032,103,0.010000000000000002,1,71.69,0.5353,0.007394423574559413,0.524,0.547,0.5861,0.050799999999999956,0.526525,0.5814,0.3771,0.6302466825152061,0.37722857142857136,0.633365369910947,0.5353,resnet32,0.528,0.5186,3.347089997746728,3.1701859201897276,0.17690407461486757,resnet32,0.5278,0.5204,3.328133711760694,3.1512566374784168,0.176877071890472,resnet32,0.5378,0.5296,3.3401586166159674,3.163031919774684,0.17712669428014619,resnet32,0.547,0.5382,3.331358941779895,3.1524009352380578,0.17895800271071494,resnet32,0.5411,0.527,3.3257243755188854,3.1442727859724653,0.1814515902660787,resnet32,0.5368,0.5322,3.3129769577221437,3.1359722306105224,0.17700472931292924,resnet32,0.524,0.5194,3.3875502490184526,3.209705845198848,0.17784439829516818,resnet32,0.5399,0.5268,3.3390500714833085,3.157559196380052,0.18149087578058243,4500000.0,5000.0,18010000.0,1873040000.0,14984320000.0
resnet32x8_cifar100_K8_mwmd1_noise40_seed0005_d001,d001,resnet32:8,cifar100,8,matched,mwmd1,peers,5,200,64,0.1,0.9,0.0005,True,0,60,0.1,1.0,1,,disagreement,1.0,1,0.0,0.5,weight,complete,0.4,0.398956,42,0,45000,5000,10000,3760032,104,0.010000000000000002,1,76.65,0.5265125,0.0037434734872842193,0.5187,0.5303,0.5772,0.050687499999999996,0.5224500000000001,0.5728,0.37275,0.6329626487239371,0.3754321428571429,0.637803691627035,0.5265125,resnet32,0.5262,0.5224,3.3413957486098464,3.165189389139414,0.17620635993609374,resnet32,0.5275,0.521,3.3284973285414954,3.1460637253793804,0.1824336061465808,resnet32,0.5303,0.531,3.3311988311735066,3.154910213567994,0.17628861737268214,resnet32,0.5237,0.522,3.3311616497283634,3.1495711840689182,0.18159046900373968,resnet32,0.5303,0.519,3.3220426037230273,3.1406159976666626,0.1814266027967361,resnet32,0.53,0.5288,3.3135037296874956,3.132155428217216,0.18134830229577015,resnet32,0.5187,0.5108,3.3867714675990017,3.205336766486818,0.1814347036309879,resnet32,0.5254,0.5246,3.335011917420409,3.1529039760882203,0.18210794537497516,4500000.0,5000.0,18010000.0,1891050000.0,15128400000.0
resnet32x8_cifar100_K8_mwmd1_noise40_seed0005_d001,d001,resnet32:8,cifar100,8,matched,mwmd1,peers,5,200,64,0.1,0.9,0.0005,True,0,60,0.1,1.0,1,,disagreement,1.0,1,0.0,0.5,weight,complete,0.4,0.398956,42,0,45000,5000,10000,3760032,105,0.010000000000000002,1,74.88,0.5301,0.008469504117715519,0.5102,0.54,0.5827,0.05259999999999998,0.525,0.5808,0.37930714285714295,0.630561231453817,0.37387499999999996,0.6386641020006014,0.5301,resnet32,0.5312,0.5222,3.344013859941201,3.1619116809557783,0.1821021802342412,resnet32,0.5374,0.5294,3.3270781974900854,3.144503889097409,0.18257430655119772,resnet32,0.5297,0.524,3.3361948132514954,3.1523899896578356,0.18380482768936252,resnet32,0.5306,0.531,3.325007722797719,3.1434370208192957,0.18157070077193732,resnet32,0.5343,0.5334,3.3264537348665972,3.138890002600171,0.18756372631866147,resnet32,0.54,0.5366,3.312569300559434,3.130597736686468,0.18197156266647985,resnet32,0.5102,0.5084,3.3889246102083814,3.202679690650918,0.1862449235367504,resnet32,0.5274,0.515,3.3356416662308304,3.1517932303249836,0.18384843865748157,4500000.0,5000.0,18010000.0,1909060000.0,15272480000.0
resnet32x8_cifar100_K8_mwmd1_noise40_seed0005_d001,d001,resnet32:8,cifar100,8,matched,mwmd1,peers,5,200,64,0.1,0.9,0.0005,True,0,60,0.1,1.0,1,,disagreement,1.0,1,0.0,0.5,weight,complete,0.4,0.398956,42,0,45000,5000,10000,3760032,106,0.010000000000000002,1,71.8,0.5258499999999999,0.007791180911774522,0.5119,0.5378,0.5775,0.051650000000000085,0.5181,0.5714,0.39347142857142847,0.6200716543591157,0.3902857142857143,0.622853491949442,0.5258499999999999,resnet32,0.5292,0.523,3.348020752045241,3.1644238216633145,0.18359692756679247,resnet32,0.5177,0.5076,3.3260829150676727,3.144195414740931,0.18188749882392585,resnet32,0.5378,0.5262,3.333264468407089,3.1519313637505877,0.1813331052914939,resnet32,0.5119,0.5046,3.329336915503849,3.145378459922292,0.18395845564505595,resnet32,0.5317,0.525,3.323945264924656,3.1401061368259517,0.18383912676522,resnet32,0.5298,0.528,3.3136624683710663,3.128126796334982,0.1855356725652448,resnet32,0.5272,0.5196,3.386591037227349,3.2024936174804512,0.184097421630709,resnet32,0.5215,0.5108,3.3356832679022443,3.151791523803364,0.18389174780300396,4500000.0,5000.0,18010000.0,1927070000.0,15416560000.0
resnet32x8_cifar100_K8_mwmd1_noise40_seed0005_d001,d001,resnet32:8,cifar100,8,matched,mwmd1,peers,5,200,64,0.1,0.9,0.0005,True,0,60,0.1,1.0,1,,disagreement,1.0,1,0.0,0.5,weight,complete,0.4,0.398956,42,0,45000,5000,10000,3760032,107,0.010000000000000002,1,71.64,0.5267375000000001,0.009979972131724623,0.5094,0.54,0.5808,0.0540624999999999,0.520925,0.5672,0.37463571428571424,0.6455594044868725,0.37813214285714286,0.6393555828424191,0.5267375000000001,resnet32,0.5094,0.511,3.3432196822356093,3.15947925908999,0.18374042215079747,resnet32,0.5248,0.5226,3.3183980106630107,3.138619909232313,0.17977810227735477,resnet32,0.5375,0.5364,3.3330748477442698,3.1504891118542715,0.18258573576299983,resnet32,0.54,0.5334,3.3258585791018875,3.143007301810113,0.18285127464597198,resnet32,0.5269,0.5182,3.3185313259336082,3.1337847442112188,0.18474658466452223,resnet32,0.5363,0.5258,3.308746511285955,3.128732830286026,0.1800136814232577,resnet32,0.521,0.5162,3.3819861608472737,3.1990391876209867,0.18294697320512074,resnet32,0.518,0.5038,3.330676046284762,3.1461918350647795,0.18448420714544642,4500000.0,5000.0,18010000.0,1945080000.0,15560640000.0
resnet32x8_cifar100_K8_mwmd1_noise40_seed0005_d001,d001,resnet32:8,cifar100,8,matched,mwmd1,peers,5,200,64,0.1,0.9,0.0005,True,0,60,0.1,1.0,1,,disagreement,1.0,1,0.0,0.5,weight,complete,0.4,0.398956,42,0,45000,5000,10000,3760032,108,0.010000000000000002,1,71.77,0.52905,0.008658088703634279,0.5178,0.5468,0.5775,0.04844999999999999,0.5281750000000001,0.5808,0.37401428571428574,0.6316738580772793,0.3736821428571429,0.6377890506050032,0.52905,resnet32,0.5312,0.5284,3.3446686027402226,3.15987576442686,0.18479284123432907,resnet32,0.5468,0.5434,3.3228894472122192,3.140099451284517,0.18278999474238267,resnet32,0.5311,0.5272,3.333177312869917,3.1490720456296746,0.184105268065733,resnet32,0.529,0.531,3.324612305245616,3.1419246830046177,0.18268762342631817,resnet32,0.5341,0.532,3.321331811222163,3.134593687951565,0.18673812297426842,resnet32,0.5207,0.5276,3.3095992508937013,3.1251293119381773,0.18446993330408903,resnet32,0.5217,0.5136,3.3836076371371746,3.1980437680401583,0.18556386685337534,resnet32,0.5178,0.5222,3.332153398882259,3.1469776809892873,0.18517571376551958,4500000.0,5000.0,18010000.0,1963090000.0,15704720000.0
resnet32x8_cifar100_K8_mwmd1_noise40_seed0005_d001,d001,resnet32:8,cifar100,8,matched,mwmd1,peers,5,200,64,0.1,0.9,0.0005,True,0,60,0.1,1.0,1,,disagreement,1.0,1,0.0,0.5,weight,complete,0.4,0.398956,42,0,45000,5000,10000,3760032,109,0.010000000000000002,1,71.74,0.5324,0.008876654775308076,0.5167,0.5436,0.5863,0.05390000000000006,0.5315,0.5782,0.3780214285714286,0.626166196231525,0.3766964285714286,0.6292851854972078,0.5324,resnet32,0.5313,0.5282,3.335435536774722,3.1498725305904043,0.18556300311518664,resnet32,0.5406,0.54,3.317722778090022,3.134098232131113,0.1836245498535308,resnet32,0.5278,0.5226,3.3282204419374466,3.1425248689272185,0.185695575021038,resnet32,0.5436,0.5404,3.319743642414158,3.1342148255895483,0.18552881060168147,resnet32,0.5315,0.5318,3.3108948845077646,3.1270593340423973,0.18383555469865148,resnet32,0.5167,0.51,3.3089294379407708,3.1210578747771005,0.18787156815894626,resnet32,0.5248,0.5252,3.3785938024520874,3.1920083060183306,0.18658549700524996,resnet32,0.5429,0.5538,3.3285908942872826,3.1428885900161485,0.185702307657762,4500000.0,5000.0,18010000.0,1981100000.0,15848800000.0
resnet32x8_cifar100_K8_mwmd1_noise40_seed0005_d001,d001,resnet32:8,cifar100,8,matched,mwmd1,peers,5,200,64,0.1,0.9,0.0005,True,0,60,0.1,1.0,1,,disagreement,1.0,1,0.0,0.5,weight,complete,0.4,0.398956,42,0,45000,5000,10000,3760032,110,0.010000000000000002,1,77.59,0.5274375,0.010248894757484835,0.5073,0.5423,0.5788,0.05136249999999998,0.5213749999999999,0.5734,0.3803357142857142,0.6262611295719676,0.3778250000000001,0.6326852981798858,0.5274375,resnet32,0.5172,0.5184,3.3349189423024654,3.149283880198544,0.18563506184992465,resnet32,0.5362,0.5288,3.3145470900291745,3.131235638464039,0.18331145177679983,resnet32,0.5073,0.5118,3.3241075070744213,3.1382467008449813,0.18586080938323654,resnet32,0.5267,0.5208,3.320599367334084,3.1335689540613783,0.18703041331503878,resnet32,0.5326,0.5274,3.313170376149091,3.123980577357791,0.18918979578566822,resnet32,0.5297,0.5218,3.3066926168447193,3.123277445408431,0.18341516742525113,resnet32,0.5275,0.5126,3.3779739012772385,3.19032585112886,0.18764804934405468,resnet32,0.5423,0.5294,3.3268984329294073,3.13977497714487,0.18712345364672894,4500000.0,5000.0,18010000.0,1999110000.0,15992880000.0
resnet32x8_cifar100_K8_mwmd1_noise40_seed0005_d001,d001,resnet32:8,cifar100,8,matched,mwmd1,peers,5,200,64,0.1,0.9,0.0005,True,0,60,0.1,1.0,1,,disagreement,1.0,1,0.0,0.5,weight,complete,0.4,0.398956,42,0,45000,5000,10000,3760032,111,0.010000000000000002,1,77.29,0.5272625,0.007111599239974095,0.5179,0.539,0.5773,0.05003750000000007,0.5212749999999999,0.5716,0.38182142857142853,0.6379666465811706,0.37636785714285714,0.6415299600046084,0.5272625,resnet32,0.5179,0.5158,3.3344515162435444,3.144910250875083,0.18954126405614344,resnet32,0.5284,0.5262,3.3175525523044844,3.1278747079724614,0.1896778475704857,resnet32,0.539,0.5296,3.3243805732239378,3.1353357061743736,0.18904486738822676,resnet32,0.5289,0.5246,3.319414546205239,3.1300617405636744,0.1893527994821356,resnet32,0.532,0.5198,3.311752558431842,3.124799807640639,0.1869527529925108,resnet32,0.5208,0.512,3.305220065807754,3.117833596400239,0.18738647203215145,resnet32,0.5183,0.5088,3.3748053119263868,3.1863626797090876,0.1884426269045269,resnet32,0.5328,0.5334,3.322009519081224,3.1327464042062108,0.18926311637782914,4500000.0,5000.0,18010000.0,2017120000.0,16136960000.0
resnet32x8_cifar100_K8_mwmd1_noise40_seed0005_d001,d001,resnet32:8,cifar100,8,matched,mwmd1,peers,5,200,64,0.1,0.9,0.0005,True,0,60,0.1,1.0,1,,disagreement,1.0,1,0.0,0.5,weight,complete,0.4,0.398956,42,0,45000,5000,10000,3760032,112,0.010000000000000002,1,71.93,0.5316000000000001,0.007285259089421605,0.5181,0.5391,0.5786,0.04699999999999993,0.5222249999999999,0.5636,0.3682857142857143,0.648159230064592,0.36797500000000005,0.6497067616112402,0.5316000000000001,resnet32,0.5319,0.5268,3.336890773001042,3.1457607807083563,0.19112999340392312,resnet32,0.5181,0.5142,3.3137444687837903,3.1267397319051353,0.1870047389106317,resnet32,0.5362,0.5276,3.326067548922517,3.135828323662281,0.1902392241807485,resnet32,0.5391,0.5278,3.312425747513771,3.125476512041959,0.18694923572580924,resnet32,0.5348,0.5138,3.3125989853658457,3.1218048330735075,0.19079414939253844,resnet32,0.5382,0.5266,3.3040068833665415,3.1137260178273376,0.19028086769817906,resnet32,0.5212,0.5202,3.3724684569646013,3.1833247789605097,0.18914368263953787,resnet32,0.5333,0.5208,3.32872299477458,3.1375730603256007,0.19114992867054587,4500000.0,5000.0,18010000.0,2035130000.0,16281040000.0
resnet32x8_cifar100_K8_mwmd1_noise40_seed0005_d001,d001,resnet32:8,cifar100,8,matched,mwmd1,peers,5,200,64,0.1,0.9,0.0005,True,0,60,0.1,1.0,1,,disagreement,1.0,1,0.0,0.5,weight,complete,0.4,0.398956,42,0,45000,5000,10000,3760032,113,0.010000000000000002,1,71.59,0.5302,0.011407015385279369,0.5125,0.5433,0.5872,0.05700000000000005,0.5234,0.5774,0.3879571428571428,0.628262509215424,0.38146428571428564,0.6369348590874545,0.5302,resnet32,0.518,0.521,3.330783078277653,3.1441662575710905,0.18661682002923705,resnet32,0.5236,0.5174,3.3103500973771918,3.1213405559008773,0.1890095421324738,resnet32,0.5433,0.5342,3.323460279201919,3.132457120852037,0.1910031593235379,resnet32,0.5338,0.528,3.315707579593767,3.126204053786668,0.18950352891856295,resnet32,0.5247,0.5188,3.30407591401176,3.114883152937347,0.18919276412237773,resnet32,0.5433,0.5342,3.2979531941766087,3.108041587878357,0.18991160424510864,resnet32,0.5125,0.506,3.3702343069016933,3.1804602789607914,0.18977402624758807,resnet32,0.5424,0.5276,3.316356227140535,3.129403691400181,0.1869525343645364,4500000.0,5000.0,18010000.0,2053140000.0,16425120000.0
resnet32x8_cifar100_K8_mwmd1_noise40_seed0005_d001,d001,resnet32:8,cifar100,8,matched,mwmd1,peers,5,200,64,0.1,0.9,0.0005,True,0,60,0.1,1.0,1,,disagreement,1.0,1,0.0,0.5,weight,complete,0.4,0.398956,42,0,45000,5000,10000,3760032,114,0.010000000000000002,1,72.41,0.52535,0.009143576980591346,0.5086,0.5391,0.5784,0.05305000000000004,0.520125,0.5758,0.3917642857142857,0.6213155549175823,0.39105714285714294,0.6210604926402347,0.52535,resnet32,0.5257,0.5196,3.3283605643294076,3.1382376165552572,0.19012294307520444,resnet32,0.5239,0.5222,3.309167352589694,3.1189970299601555,0.19017031996256925,resnet32,0.5253,0.5202,3.317511411891742,3.1266477683728393,0.1908636452122168,resnet32,0.5379,0.5296,3.3126704459163276,3.1214004958217796,0.19126995310018008,resnet32,0.5197,0.5118,3.3050750978291035,3.113449217243628,0.19162588464942845,resnet32,0.5391,0.5292,3.2975922765379604,3.104811177335002,0.19278109968978574,resnet32,0.5226,0.522,3.3701127757402984,3.1787974109703843,0.19131536085412584,resnet32,0.5086,0.5064,3.317710797556422,3.1265962902795184,0.19111451210284774,4500000.0,5000.0,18010000.0,2071150000.0,16569200000.0
resnet32x8_cifar100_K8_mwmd1_noise40_seed0005_d001,d001,resnet32:8,cifar100,8,matched,mwmd1,peers,5,200,64,0.1,0.9,0.0005,True,0,60,0.1,1.0,1,,disagreement,1.0,1,0.0,0.5,weight,complete,0.4,0.398956,42,0,45000,5000,10000,3760032,115,0.010000000000000002,1,71.55,0.5344374999999999,0.008674522681392911,0.5192,0.5464,0.5878,0.05336250000000009,0.5248499999999999,0.5742,0.38269999999999993,0.6297782242771469,0.3788964285714285,0.625411424913063,0.5344374999999999,resnet32,0.5192,0.5082,3.334416562860662,3.1402486227452755,0.1941679426976903,resnet32,0.5389,0.53,3.3100000084801153,3.118279228156263,0.191720782419328,resnet32,0.5386,0.5256,3.322730082002553,3.1312867057594387,0.1914433761796152,resnet32,0.5418,0.5346,3.3188520967960358,3.125887624242089,0.19296446893448857,resnet32,0.5274,0.5242,3.310757107016715,3.115630927410993,0.1951261796692217,resnet32,0.5375,0.5264,3.3010699586434797,3.1096478795463387,0.19142207947813653,resnet32,0.5257,0.5104,3.370069217614152,3.179537919773297,0.19053129377690228,resnet32,0.5464,0.5394,3.3252190944146025,3.132310030473904,0.19290906482968817,4500000.0,5000.0,18010000.0,2089160000.0,16713280000.0
resnet32x8_cifar100_K8_mwmd1_noise40_seed0005_d001,d001,resnet32:8,cifar100,8,matched,mwmd1,peers,5,200,64,0.1,0.9,0.0005,True,0,60,0.1,1.0,1,,disagreement,1.0,1,0.0,0.5,weight,complete,0.4,0.398956,42,0,45000,5000,10000,3760032,116,0.010000000000000002,1,71.7,0.5202125,0.012183845605965303,0.4953,0.5332,0.5721,0.051887500000000086,0.51015,0.5654,0.38647857142857145,0.6242044921660902,0.3900535714285715,0.6267896958987478,0.5202125,resnet32,0.5183,0.5104,3.3236877383156256,3.131235497918996,0.19245224139145153,resnet32,0.5277,0.525,3.3049587824127893,3.112049439752644,0.19290933734737337,resnet32,0.526,0.5156,3.314050777391954,3.1203402998772534,0.19371047639288008,resnet32,0.5246,0.514,3.3077064010907304,3.114838179878213,0.19286822529763661,resnet32,0.5301,0.5212,3.3007188019427387,3.10476902872324,0.19594977632037958,resnet32,0.5332,0.522,3.294361495158889,3.1003062068061396,0.19405528735792774,resnet32,0.4953,0.4794,3.365131625397639,3.173325730318373,0.19180589289912445,resnet32,0.5065,0.4936,3.3136394514956256,3.117747897790237,0.19589155189565977,4500000.0,5000.0,18010000.0,2107170000.0,16857360000.0
resnet32x8_cifar100_K8_mwmd1_noise40_seed0005_d001,d001,resnet32:8,cifar100,8,matched,mwmd1,peers,5,200,64,0.1,0.9,0.0005,True,0,60,0.1,1.0,1,,disagreement,1.0,1,0.0,0.5,weight,complete,0.4,0.398956,42,0,45000,5000,10000,3760032,117,0.010000000000000002,1,71.67,0.5305249999999999,0.005455444528175486,0.5207,0.5388,0.5847,0.054175000000000084,0.5238,0.576,0.38238571428571433,0.6282206336848439,0.3819464285714286,0.6351077646002139,0.5305249999999999,resnet32,0.5326,0.5216,3.3277304348620502,3.132914425297217,0.19481601161797615,resnet32,0.5328,0.5288,3.3087206127291378,3.1130541183731775,0.19566649765792218,resnet32,0.5266,0.527,3.3164853778752414,3.1219804642552678,0.19450491812842136,resnet32,0.5354,0.5296,3.3091400181027977,3.11441924626177,0.19472077177752825,resnet32,0.5316,0.517,3.303632977333936,3.111080986870961,0.19255199086513708,resnet32,0.5207,0.5142,3.2965694039382716,3.101180973378095,0.19538843098350547,resnet32,0.5257,0.523,3.3660402609543367,3.171587806872346,0.19445245854810558,resnet32,0.5388,0.5292,3.31617711213502,3.123706737702543,0.19247037153267724,4500000.0,5000.0,18010000.0,2125180000.0,17001440000.0
resnet32x8_cifar100_K8_mwmd1_noise40_seed0005_d001,d001,resnet32:8,cifar100,8,matched,mwmd1,peers,5,200,64,0.1,0.9,0.0005,True,0,60,0.1,1.0,1,,disagreement,1.0,1,0.0,0.5,weight,complete,0.4,0.398956,42,0,45000,5000,10000,3760032,118,0.010000000000000002,1,71.75,0.5342625,0.0045254661362118314,0.5271,0.5415,0.5903,0.05603750000000007,0.5254,0.5768,0.38763571428571425,0.6171872468982952,0.3805178571428572,0.6265331014688919,0.5342625,resnet32,0.5415,0.5272,3.331049858846448,3.1360820470885797,0.19496780951422724,resnet32,0.5271,0.5162,3.304200076244094,3.1125534251332283,0.1916466509627009,resnet32,0.5316,0.5246,3.314715379341082,3.116453777998686,0.1982615994374183,resnet32,0.5367,0.53,3.3102925331755118,3.117731200361794,0.19256133459169755,resnet32,0.5307,0.5316,3.3061586709862407,3.107219985601577,0.19893868754363872,resnet32,0.5363,0.5262,3.294906498017636,3.101994439959526,0.19291206013241952,resnet32,0.5313,0.5234,3.3649333600293505,3.174294240772724,0.19063912361690943,resnet32,0.5389,0.524,3.314760917967016,3.1195098395374687,0.19525108048269016,4500000.0,5000.0,18010000.0,2143190000.0,17145520000.0
resnet32x8_cifar100_K8_mwmd1_noise40_seed0005_d001,d001,resnet32:8,cifar100,8,matched,mwmd1,peers,5,200,64,0.1,0.9,0.0005,True,0,60,0.1,1.0,1,,disagreement,1.0,1,0.0,0.5,weight,complete,0.4,0.398956,42,0,45000,5000,10000,3760032,119,0.010000000000000002,1,77.34,0.5322374999999999,0.006405063914591322,0.5243,0.5437,0.587,0.05476250000000005,0.5261750000000001,0.5766,0.3851071428571429,0.6244810388793925,0.38324642857142843,0.6257387116317787,0.5322374999999999,resnet32,0.5338,0.5282,3.324216400019147,3.1309084729714827,0.19330792569301344,resnet32,0.5273,0.5292,3.303656708787788,3.110616749999198,0.1930399565872821,resnet32,0.5243,0.5218,3.3178829957138407,3.1220644549889998,0.19581853776154193,resnet32,0.5295,0.526,3.305436136031693,3.112278115004301,0.1931580197574063,resnet32,0.5357,0.5282,3.298570470715111,3.103118703446605,0.19545176373371345,resnet32,0.5437,0.5318,3.2900679111480713,3.093728794631633,0.1963391158602793,resnet32,0.5252,0.5216,3.3626670322634955,3.1703133552589198,0.1923536782322282,resnet32,0.5384,0.5226,3.310730468820442,3.1152582205832005,0.19547225077721206,4500000.0,5000.0,18010000.0,2161200000.0,17289600000.0
resnet32x8_cifar100_K8_mwmd1_noise40_seed0005_d001,d001,resnet32:8,cifar100,8,matched,mwmd1,peers,5,200,64,0.1,0.9,0.0005,True,0,60,0.1,1.0,1,,disagreement,1.0,1,0.0,0.5,weight,complete,0.4,0.398956,42,0,45000,5000,10000,3760032,120,0.0010000000000000002,1,71.7,0.5890500000000001,0.005629831258572513,0.5787,0.5994,0.6282,0.03914999999999991,0.5836250000000001,0.6238,0.30297142857142856,0.6826902103746756,0.2998071428571428,0.6888160237828915,0.5890500000000001,resnet32,0.5858,0.581,3.1513107601891863,2.988649173893712,0.1626615874596279,resnet32,0.5908,0.581,3.1268583739345726,2.9636286127973688,0.1632297627141022,resnet32,0.5872,0.5836,3.1397969983518124,2.971144849603826,0.16865214862098749,resnet32,0.5867,0.5866,3.130313394421881,2.962908072905107,0.16740532558072696,resnet32,0.5914,0.5832,3.1210511922836304,2.9521286690777,0.16892251814715564,resnet32,0.5924,0.5856,3.1175096316093747,2.9476131708784536,0.1698964641175487,resnet32,0.5787,0.574,3.2025101489641448,3.034346254034476,0.16816389495083553,resnet32,0.5994,0.594,3.134436682882634,2.967068630524657,0.16736804626204752,4500000.0,5000.0,18010000.0,2179210000.0,17433680000.0
resnet32x8_cifar100_K8_mwmd1_noise40_seed0005_d001,d001,resnet32:8,cifar100,8,matched,mwmd1,peers,5,200,64,0.1,0.9,0.0005,True,0,60,0.1,1.0,1,,disagreement,1.0,1,0.0,0.5,weight,complete,0.4,0.398956,42,0,45000,5000,10000,3760032,121,0.0010000000000000002,1,71.87,0.592425,0.005486745392306814,0.5824,0.6015,0.6319,0.03947500000000004,0.5882999999999999,0.6294,0.30006428571428556,0.6798705984738956,0.2980535714285714,0.6893086816561798,0.592425,resnet32,0.5906,0.5858,3.1004289944063532,2.933987857604569,0.1664411329918287,resnet32,0.5931,0.5892,3.067896270277825,2.9071100032465025,0.1607862665233287,resnet32,0.5901,0.585,3.096254485235973,2.923203436488455,0.1730510470753705,resnet32,0.5886,0.5934,3.0670524317432535,2.906315393745899,0.16073703776452353,resnet32,0.5968,0.5906,3.0668465227565984,2.8985436731441454,0.16830285407856785,resnet32,0.5963,0.591,3.0604717148975893,2.892203598875891,0.16826811827592214,resnet32,0.5824,0.5758,3.154418571428819,2.9828991263427516,0.17151944343508643,resnet32,0.6015,0.5956,3.0836514322595163,2.916967649012804,0.16668378360654143,4500000.0,5000.0,18010000.0,2197220000.0,17577760000.0
resnet32x8_cifar100_K8_mwmd1_noise40_seed0005_d001,d001,resnet32:8,cifar100,8,matched,mwmd1,peers,5,200,64,0.1,0.9,0.0005,True,0,60,0.1,1.0,1,,disagreement,1.0,1,0.0,0.5,weight,complete,0.4,0.398956,42,0,45000,5000,10000,3760032,122,0.0010000000000000002,1,71.63,0.5907375,0.0034412706592187622,0.5843,0.5961,0.6301,0.03936249999999997,0.587825,0.6268,0.30519999999999986,0.6744963694451922,0.30208928571428567,0.6851911254088456,0.5907375,resnet32,0.5877,0.5882,3.085372278636152,2.9102097238329323,0.17516255531121383,resnet32,0.5934,0.5894,3.0565769499675794,2.884294793348421,0.17228215077722614,resnet32,0.5914,0.587,3.070341860706156,2.89820611205968,0.1721357488793067,resnet32,0.5888,0.59,3.0606484616344627,2.8848150636662138,0.1758333991112357,resnet32,0.5917,0.5888,3.0525808998129587,2.8710270811888305,0.18155382469889114,resnet32,0.5925,0.5904,3.043789325451309,2.866527037187056,0.17726228762926025,resnet32,0.5843,0.5762,3.139224411411719,2.959830952300267,0.17939345667731355,resnet32,0.5961,0.5926,3.0672260102900593,2.890421061014587,0.17680494677783412,4500000.0,5000.0,18010000.0,2215230000.0,17721840000.0
resnet32x8_cifar100_K8_mwmd1_noise40_seed0005_d001,d001,resnet32:8,cifar100,8,matched,mwmd1,peers,5,200,64,0.1,0.9,0.0005,True,0,60,0.1,1.0,1,,disagreement,1.0,1,0.0,0.5,weight,complete,0.4,0.398956,42,0,45000,5000,10000,3760032,123,0.0010000000000000002,1,71.61,0.5929375,0.004790338584066901,0.5841,0.6018,0.634,0.0410625,0.5871999999999999,0.6296,0.30662142857142854,0.6702513944264687,0.30596071428571436,0.6778660766724862,0.5929375,resnet32,0.5918,0.588,3.0694066980345682,2.890647943385623,0.17875875407745215,resnet32,0.5936,0.5886,3.050301780077544,2.870483963157643,0.17981781529008664,resnet32,0.5946,0.5846,3.0651317797601223,2.8817411722107367,0.18339060911570082,resnet32,0.5894,0.5916,3.0451088534160093,2.865774001587521,0.17933485079133374,resnet32,0.596,0.5868,3.034138373014602,2.856378635899587,0.17775973804633727,resnet32,0.5922,0.5918,3.0260011963546276,2.847824263471094,0.1781769335820255,resnet32,0.5841,0.5756,3.1254663277756083,2.9440436227755113,0.18142269917933102,resnet32,0.6018,0.5906,3.057050494985147,2.876832774924961,0.18021772262132305,4500000.0,5000.0,18010000.0,2233240000.0,17865920000.0
resnet32x8_cifar100_K8_mwmd1_noise40_seed0005_d001,d001,resnet32:8,cifar100,8,matched,mwmd1,peers,5,200,64,0.1,0.9,0.0005,True,0,60,0.1,1.0,1,,disagreement,1.0,1,0.0,0.5,weight,complete,0.4,0.398956,42,0,45000,5000,10000,3760032,124,0.0010000000000000002,1,71.62,0.5922499999999999,0.0045155287619502524,0.5847,0.5996,0.6325,0.04025000000000001,0.586525,0.627,0.31233571428571427,0.6688088603209391,0.30765000000000003,0.6766746675047971,0.5922499999999999,resnet32,0.5883,0.587,3.0602388842539354,2.8778936178846792,0.1823452686763961,resnet32,0.5939,0.592,3.038325621323152,2.855761195786975,0.18256442437202416,resnet32,0.5954,0.586,3.0600249096751213,2.8756798089227895,0.1843450996940109,resnet32,0.5893,0.5836,3.0393060774288396,2.8528003540228712,0.18650572080249814,resnet32,0.5909,0.58,3.0290319831533865,2.8422753621231425,0.18675662505186416,resnet32,0.5959,0.5912,3.0222250670194626,2.835049420933832,0.1871756462126293,resnet32,0.5847,0.5772,3.119369710372253,2.936732653189789,0.18263705220835452,resnet32,0.5996,0.5952,3.050889451734044,2.8643571981652216,0.18653225344182414,4500000.0,5000.0,18010000.0,2251250000.0,18010000000.0
resnet32x8_cifar100_K8_mwmd1_noise40_seed0005_d001,d001,resnet32:8,cifar100,8,matched,mwmd1,peers,5,200,64,0.1,0.9,0.0005,True,0,60,0.1,1.0,1,,disagreement,1.0,1,0.0,0.5,weight,complete,0.4,0.398956,42,0,45000,5000,10000,3760032,125,0.0010000000000000002,1,71.5,0.592175,0.005433173566158159,0.5834,0.6023,0.6347,0.042525000000000035,0.587375,0.633,0.3136571428571428,0.657947204303137,0.3105678571428571,0.6749741682068277,0.592175,resnet32,0.5893,0.5928,3.0574650510468264,2.869044940918684,0.18842010892165656,resnet32,0.5941,0.5928,3.0299851007082244,2.844208377328786,0.1857767226386138,resnet32,0.5903,0.5852,3.0420284325426277,2.8567206019704994,0.18530782815915617,resnet32,0.5888,0.587,3.029784505340186,2.8407685282555493,0.18901597418483684,resnet32,0.5916,0.5842,3.0240948010574686,2.8289741572331297,0.19512064757079564,resnet32,0.5976,0.5864,3.0136053883893923,2.822627718475732,0.19097766760652038,resnet32,0.5834,0.5746,3.1146312786096875,2.92213529179042,0.19249598764475773,resnet32,0.6023,0.596,3.0410562580959364,2.8503835272382605,0.1906727323604917,4500000.0,5000.0,18010000.0,2269260000.0,18154080000.0
resnet32x8_cifar100_K8_mwmd1_noise40_seed0005_d001,d001,resnet32:8,cifar100,8,matched,mwmd1,peers,5,200,64,0.1,0.9,0.0005,True,0,60,0.1,1.0,1,,disagreement,1.0,1,0.0,0.5,weight,complete,0.4,0.398956,42,0,45000,5000,10000,3760032,126,0.0010000000000000002,1,71.33,0.594125,0.005498579361980691,0.5823,0.6026,0.6348,0.04067500000000002,0.589375,0.6368,0.3143428571428571,0.6615842107419546,0.31145357142857144,0.6707342190195738,0.594125,resnet32,0.5916,0.592,3.0485281233083117,2.857662373984402,0.1908657490064136,resnet32,0.5943,0.5964,3.026252503083511,2.83484532345425,0.19140718248672783,resnet32,0.5961,0.5864,3.043061000040986,2.8493836125866934,0.19367738652297042,resnet32,0.5922,0.5878,3.028944755481048,2.833074866709384,0.19586988726884805,resnet32,0.5973,0.5856,3.014404382556677,2.8222160935401917,0.19218828527002849,resnet32,0.5966,0.5916,3.0050200891088354,2.8124158670279114,0.19260422275824982,resnet32,0.5823,0.5794,3.1049672331322324,2.9130175591192464,0.19194967532530427,resnet32,0.6026,0.5958,3.0402515127577563,2.8442302380095827,0.19602127430367877,4500000.0,5000.0,18010000.0,2287270000.0,18298160000.0
resnet32x8_cifar100_K8_mwmd1_noise40_seed0005_d001,d001,resnet32:8,cifar100,8,matched,mwmd1,peers,5,200,64,0.1,0.9,0.0005,True,0,60,0.1,1.0,1,,disagreement,1.0,1,0.0,0.5,weight,complete,0.4,0.398956,42,0,45000,5000,10000,3760032,127,0.0010000000000000002,1,71.49,0.5916625,0.005915221361031229,0.5795,0.5983,0.6346,0.04293750000000007,0.5874250000000001,0.6364,0.31999285714285713,0.6603318372229985,0.3177035714285714,0.6645782248294297,0.5916625,resnet32,0.5879,0.5892,3.043776145712896,2.848137889734723,0.1956382535228675,resnet32,0.5932,0.5872,3.0263426276770504,2.8271504786204207,0.19919214681298894,resnet32,0.5974,0.59,3.035456723448905,2.8399726443670015,0.19548408075405116,resnet32,0.5882,0.5866,3.0196256894956934,2.822405133396387,0.19722055671313268,resnet32,0.592,0.5848,3.0059105513448063,2.8084118738770485,0.19749868267469786,resnet32,0.5968,0.5884,2.999042087996548,2.800687700848688,0.19835439157164234,resnet32,0.5795,0.58,3.1019544913010164,2.9049450765279206,0.19700941595841537,resnet32,0.5983,0.5932,3.0273774208670314,2.829535537484017,0.19784188287501986,4500000.0,5000.0,18010000.0,2305280000.0,18442240000.0
resnet32x8_cifar100_K8_mwmd1_noise40_seed0005_d001,d001,resnet32:8,cifar100,8,matched,mwmd1,peers,5,200,64,0.1,0.9,0.0005,True,0,60,0.1,1.0,1,,disagreement,1.0,1,0.0,0.5,weight,complete,0.4,0.398956,42,0,45000,5000,10000,3760032,128,0.0010000000000000002,1,72.22,0.5914125,0.0056584974816641705,0.5812,0.5988,0.637,0.0455875,0.5891000000000001,0.6344,0.3229142857142856,0.6541468567746579,0.31668214285714286,0.6686364906701342,0.5914125,resnet32,0.5853,0.5908,3.047653390263969,2.8455232798375865,0.2021301140881736,resnet32,0.5929,0.5966,3.018338532949036,2.818595724349672,0.1997428075833754,resnet32,0.5967,0.5916,3.0348163565451447,2.8351610231805933,0.19965533605268734,resnet32,0.5888,0.5848,3.017669450153004,2.816515541550788,0.20115391120568596,resnet32,0.5914,0.5816,3.0046250749040735,2.8032280904325573,0.20139698470434683,resnet32,0.5962,0.5908,2.998390070078048,2.795125703242692,0.20326436495154418,resnet32,0.5812,0.5812,3.0961405536667868,2.8984010493890806,0.1977395015684041,resnet32,0.5988,0.5954,3.0260092209685934,2.8257436860691416,0.20026553386229684,4500000.0,5000.0,18010000.0,2323290000.0,18586320000.0
resnet32x8_cifar100_K8_mwmd1_noise40_seed0005_d001,d001,resnet32:8,cifar100,8,matched,mwmd1,peers,5,200,64,0.1,0.9,0.0005,True,0,60,0.1,1.0,1,,disagreement,1.0,1,0.0,0.5,weight,complete,0.4,0.398956,42,0,45000,5000,10000,3760032,129,0.0010000000000000002,1,71.59,0.5917250000000001,0.0054048011064238,0.5814,0.5989,0.6372,0.04547499999999993,0.5892000000000001,0.636,0.32103571428571437,0.6537494926931943,0.3204035714285714,0.6619621657323459,0.5917250000000001,resnet32,0.5885,0.5862,3.0382848652926358,2.8325781651179898,0.20570669858716428,resnet32,0.5913,0.5926,3.0097819079052317,2.8094783919778736,0.20030351632952012,resnet32,0.5943,0.5906,3.0259413996880706,2.8255386376245455,0.20040275725874712,resnet32,0.5883,0.5856,3.0063582001761957,2.8060585260391235,0.20029967297291892,resnet32,0.5926,0.5878,2.999294995922934,2.792371280491352,0.20692371115596456,resnet32,0.5989,0.5934,2.9870490570637314,2.783202451907776,0.20384660678577016,resnet32,0.5814,0.58,3.0890770358118145,2.8904645029794085,0.19861253738318654,resnet32,0.5985,0.5974,3.020687932317907,2.8173250654204325,0.2033628684849563,4500000.0,5000.0,18010000.0,2341300000.0,18730400000.0
resnet32x8_cifar100_K8_mwmd1_noise40_seed0005_d001,d001,resnet32:8,cifar100,8,matched,mwmd1,peers,5,200,64,0.1,0.9,0.0005,True,0,60,0.1,1.0,1,,disagreement,1.0,1,0.0,0.5,weight,complete,0.4,0.398956,42,0,45000,5000,10000,3760032,130,0.0010000000000000002,1,71.67,0.5926875,0.004146515856716319,0.5846,0.6002,0.6359,0.04321249999999999,0.5885,0.6404,0.3259214285714286,0.6481192106460993,0.3201535714285714,0.6632898866214384,0.5926875,resnet32,0.5896,0.5838,3.0308494232594967,2.8256423276933758,0.2052070988892493,resnet32,0.5937,0.595,3.0085307481614025,2.8030021336268294,0.20552861161360686,resnet32,0.5936,0.586,3.022863344712691,2.8202037482776423,0.20265959518622945,resnet32,0.5918,0.5908,3.0071062997660856,2.7971872203052044,0.2099190836941654,resnet32,0.5942,0.5864,2.989216456359083,2.7805028059943155,0.2087136489042843,resnet32,0.5938,0.5914,2.9828242392025213,2.773891048336571,0.2089331893843006,resnet32,0.5846,0.579,3.080401159822941,2.879269117320126,0.2011320444289595,resnet32,0.6002,0.5956,3.0196997337043285,2.8100121055137026,0.2096876269629733,4500000.0,5000.0,18010000.0,2359310000.0,18874480000.0
resnet32x8_cifar100_K8_mwmd1_noise40_seed0005_d001,d001,resnet32:8,cifar100,8,matched,mwmd1,peers,5,200,64,0.1,0.9,0.0005,True,0,60,0.1,1.0,1,,disagreement,1.0,1,0.0,0.5,weight,complete,0.4,0.398956,42,0,45000,5000,10000,3760032,131,0.0010000000000000002,1,71.43,0.589575,0.0041742514298973386,0.5822,0.5954,0.6362,0.04662500000000003,0.5874250000000001,0.6376,0.32421428571428584,0.6499945385360845,0.3243500000000001,0.6587013661108136,0.589575,resnet32,0.5857,0.585,3.034271232106469,2.8233969289470804,0.2108743027572266,resnet32,0.5931,0.5898,3.0065730356357316,2.799049136990851,0.2075238976712254,resnet32,0.5905,0.5888,3.024796135384928,2.817976525561376,0.20681961145336655,resnet32,0.5866,0.588,3.0061007636514576,2.794413262300871,0.21168750541454012,resnet32,0.5898,0.5884,2.999197105792436,2.779675483026288,0.21952162308364429,resnet32,0.5933,0.587,2.9880040633407505,2.775512792847373,0.21249127305451443,resnet32,0.5822,0.5766,3.0935244716026564,2.877544943581928,0.21597952442243695,resnet32,0.5954,0.5958,3.0163786130195316,2.8050125549462708,0.21136606012640352,4500000.0,5000.0,18010000.0,2377320000.0,19018560000.0
resnet32x8_cifar100_K8_mwmd1_noise40_seed0005_d001,d001,resnet32:8,cifar100,8,matched,mwmd1,peers,5,200,64,0.1,0.9,0.0005,True,0,60,0.1,1.0,1,,disagreement,1.0,1,0.0,0.5,weight,complete,0.4,0.398956,42,0,45000,5000,10000,3760032,132,0.0010000000000000002,1,71.45,0.5912875,0.004944804723141253,0.5828,0.5997,0.6381,0.046812500000000035,0.5892499999999999,0.6384,0.3228571428571429,0.6493575140624177,0.32132499999999997,0.6596972492861689,0.5912875,resnet32,0.5884,0.5868,3.0353373790329155,2.8194989358836953,0.21583844063041563,resnet32,0.591,0.5906,3.00553231110627,2.7935124408792364,0.2120198753493076,resnet32,0.5946,0.5878,3.0184196931394665,2.808924138884653,0.209495554424145,resnet32,0.5869,0.5958,3.0020212720740926,2.785471426153725,0.2165498468093574,resnet32,0.5919,0.5862,2.9872796654023905,2.774977420541373,0.2123022489038042,resnet32,0.595,0.5914,2.980305118316954,2.7675507075407286,0.2127544094427404,resnet32,0.5828,0.5776,3.082788313992999,2.875226864083247,0.20756145331754602,resnet32,0.5997,0.5978,3.012582213702527,2.8001529408449475,0.21242927241308446,4500000.0,5000.0,18010000.0,2395330000.0,19162640000.0
resnet32x8_cifar100_K8_mwmd1_noise40_seed0005_d001,d001,resnet32:8,cifar100,8,matched,mwmd1,peers,5,200,64,0.1,0.9,0.0005,True,0,60,0.1,1.0,1,,disagreement,1.0,1,0.0,0.5,weight,complete,0.4,0.398956,42,0,45000,5000,10000,3760032,133,0.0010000000000000002,1,72.47,0.5909625000000001,0.005715753996630732,0.5791,0.5994,0.6391,0.048137499999999944,0.590025,0.6428,0.3251,0.6464781801788874,0.32147500000000007,0.6620908866571101,0.5909625000000001,resnet32,0.5886,0.5862,3.0263754478232427,2.808592404492877,0.21778304582800379,resnet32,0.591,0.5948,2.992070479487831,2.780114005912434,0.21195647175508467,resnet32,0.5918,0.5852,3.00924820385196,2.7980628169395705,0.21118538492274555,resnet32,0.589,0.593,2.996265650134195,2.7781472734429618,0.2181183783845468,resnet32,0.5916,0.5872,2.983741659671068,2.7645738880065354,0.219167778797617,resnet32,0.5994,0.5882,2.979463921690529,2.756067247891968,0.2233966790690002,resnet32,0.5791,0.5838,3.086484483697198,2.8664732395925303,0.2200112387918952,resnet32,0.5972,0.6018,3.0080392099916935,2.790102743967013,0.21793646551668644,4500000.0,5000.0,18010000.0,2413340000.0,19306720000.0
resnet32x8_cifar100_K8_mwmd1_noise40_seed0005_d001,d001,resnet32:8,cifar100,8,matched,mwmd1,peers,5,200,64,0.1,0.9,0.0005,True,0,60,0.1,1.0,1,,disagreement,1.0,1,0.0,0.5,weight,complete,0.4,0.398956,42,0,45000,5000,10000,3760032,134,0.0010000000000000002,1,71.25,0.5902499999999999,0.004963113941871554,0.5794,0.5962,0.6416,0.05135000000000001,0.5875,0.6388,0.32945714285714295,0.642928381639513,0.3276464285714285,0.6541685649343227,0.5902499999999999,resnet32,0.5901,0.5904,3.022180501032959,2.8042207641357724,0.21795973859050058,resnet32,0.59,0.595,2.997829848731106,2.781172376464714,0.21665747357871046,resnet32,0.5937,0.5876,3.015986857766455,2.79638274860653,0.21960410926575688,resnet32,0.5865,0.5856,2.9973712153732777,2.777224600653757,0.22014661175622183,resnet32,0.592,0.5818,2.982651072130962,2.763756033710458,0.2188950358593667,resnet32,0.5962,0.59,2.9696913405575533,2.7524004212834616,0.21729091830043631,resnet32,0.5794,0.5804,3.085774914446202,2.862710625949231,0.22306429023261776,resnet32,0.5941,0.5892,3.0172333835878153,2.7915279157459736,0.225705471503633,4500000.0,5000.0,18010000.0,2431350000.0,19450800000.0
resnet32x8_cifar100_K8_mwmd1_noise40_seed0005_d001,d001,resnet32:8,cifar100,8,matched,mwmd1,peers,5,200,64,0.1,0.9,0.0005,True,0,60,0.1,1.0,1,,disagreement,1.0,1,0.0,0.5,weight,complete,0.4,0.398956,42,0,45000,5000,10000,3760032,135,0.0010000000000000002,1,71.58,0.5877625,0.0035615788282726607,0.5797,0.5915,0.6367,0.04893750000000008,0.58545,0.6356,0.33190714285714285,0.6443166199547828,0.3303535714285714,0.6508652150574921,0.5877625,resnet32,0.5862,0.5816,3.0207802060652864,2.8019299246370792,0.21885028392584485,resnet32,0.589,0.5882,2.9934453361413698,2.7745402326638047,0.21890510142442177,resnet32,0.5915,0.591,3.009178188375451,2.7903047861023382,0.21887339901348407,resnet32,0.5861,0.5862,2.9920929846438495,2.7718901556323874,0.2202028309587728,resnet32,0.5886,0.5862,2.9791939651424233,2.7590469118546355,0.22014704583720726,resnet32,0.5907,0.586,2.967288759283044,2.7477968128567394,0.21949194797145372,resnet32,0.5797,0.5774,3.074808733029799,2.85816344584931,0.21664528150788762,resnet32,0.5903,0.587,3.002037697556344,2.781924757429145,0.22011294112202118,4500000.0,5000.0,18010000.0,2449360000.0,19594880000.0
resnet32x8_cifar100_K8_mwmd1_noise40_seed0005_d001,d001,resnet32:8,cifar100,8,matched,mwmd1,peers,5,200,64,0.1,0.9,0.0005,True,0,60,0.1,1.0,1,,disagreement,1.0,1,0.0,0.5,weight,complete,0.4,0.398956,42,0,45000,5000,10000,3760032,136,0.0010000000000000002,1,71.5,0.5904,0.004084115571332447,0.5829,0.5983,0.6392,0.048799999999999955,0.587575,0.6446,0.3316642857142857,0.6450803414755946,0.32889642857142853,0.652683160726351,0.5904,resnet32,0.5903,0.5894,3.020582503215833,2.7963129444555803,0.2242695585062558,resnet32,0.5876,0.593,2.9940580427646637,2.7678368921307,0.22622115270827303,resnet32,0.5914,0.5848,3.0065366595306178,2.7885301905599507,0.2180064681875096,resnet32,0.5891,0.5868,2.991138794544068,2.766061822799119,0.22507697381925854,resnet32,0.5914,0.586,2.980323228985071,2.7538534683937375,0.22646975936368108,resnet32,0.5922,0.5912,2.9661044505509464,2.7405191219665785,0.22558532504957507,resnet32,0.5829,0.5778,3.0688084326684475,2.8529531217434188,0.2158553095492111,resnet32,0.5983,0.5916,3.0002387555485424,2.7752933475104244,0.22494540388949893,4500000.0,5000.0,18010000.0,2467370000.0,19738960000.0
resnet32x8_cifar100_K8_mwmd1_noise40_seed0005_d001,d001,resnet32:8,cifar100,8,matched,mwmd1,peers,5,200,64,0.1,0.9,0.0005,True,0,60,0.1,1.0,1,,disagreement,1.0,1,0.0,0.5,weight,complete,0.4,0.398956,42,0,45000,5000,10000,3760032,137,0.0010000000000000002,1,71.42,0.5880375,0.005087960667104257,0.5766,0.5948,0.6375,0.049462499999999965,0.583025,0.6338,0.33749999999999997,0.6362014466139172,0.33346785714285715,0.647091902382018,0.5880375,resnet32,0.5874,0.5882,3.01175210963596,2.787300804799253,0.22445130079392006,resnet32,0.587,0.5878,2.993400286544453,2.764492147009481,0.22890814105895432,resnet32,0.5924,0.5864,3.0031059140508827,2.780444147573276,0.22266176893291148,resnet32,0.5863,0.5794,2.979761290956627,2.756420448761095,0.2233408386184072,resnet32,0.5897,0.5792,2.9708301905881274,2.7428858612071383,0.22794432955032046,resnet32,0.5901,0.5812,2.966305550526489,2.738188885491003,0.22811666782945395,resnet32,0.5766,0.5744,3.073189081116156,2.847113311629404,0.2260757701429115,resnet32,0.5948,0.5876,2.9942860593172638,2.769228018820286,0.2250580391634933,4500000.0,5000.0,18010000.0,2485380000.0,19883040000.0
