run_id,run_tag,cohort,dataset,K,arm,arm_label,target,seed,epochs,batch_size,base_lr,momentum,weight_decay,nesterov,graph_seed,lr_step,lr_gamma,kd_T,k_matchings,k_anneal,match_weight,kappa,rematch_every_epochs,recency_lambda,recency_gamma,peel_weighting,graph,label_noise_rate,actual_noise_rate,noise_seed,split_seed,n_train,n_valid,n_test,cohort_params,epoch,lr,k_current,epoch_seconds,avg_test_acc,std_test_acc,min_test_acc,max_test_acc,ensemble_test_acc,ens_minus_avg_test,avg_val_acc,ensemble_val_acc,disagreement_val,rho_val,disagreement_test,rho_test,avg_test_acc_resnet32,model_00_arch,model_00_test_acc,model_00_val_acc,model_00_train_loss,model_00_ce_loss,model_00_kd_loss,model_01_arch,model_01_test_acc,model_01_val_acc,model_01_train_loss,model_01_ce_loss,model_01_kd_loss,model_02_arch,model_02_test_acc,model_02_val_acc,model_02_train_loss,model_02_ce_loss,model_02_kd_loss,model_03_arch,model_03_test_acc,model_03_val_acc,model_03_train_loss,model_03_ce_loss,model_03_kd_loss,model_04_arch,model_04_test_acc,model_04_val_acc,model_04_train_loss,model_04_ce_loss,model_04_kd_loss,model_05_arch,model_05_test_acc,model_05_val_acc,model_05_train_loss,model_05_ce_loss,model_05_kd_loss,model_06_arch,model_06_test_acc,model_06_val_acc,model_06_train_loss,model_06_ce_loss,model_06_kd_loss,model_07_arch,model_07_test_acc,model_07_val_acc,model_07_train_loss,model_07_ce_loss,model_07_kd_loss,comm_logit_floats_epoch,comm_matcher_ints_epoch,comm_bytes_epoch,comm_bytes_cum,comm_bytes_cum_cohort
resnet32x8_cifar100_K8_mwmd1_noise40_seed0003_d001,d001,resnet32:8,cifar100,8,matched,mwmd1,peers,3,200,64,0.1,0.9,0.0005,True,0,60,0.1,1.0,1,,disagreement,1.0,1,0.0,0.5,weight,complete,0.4,0.398956,42,0,45000,5000,10000,3760032,0,0.1,1,73.48,0.018275,0.005913490931759345,0.01,0.0299,0.0318,0.013525000000000002,0.018975,0.0324,0.5848928571428571,0.5117813270868198,0.5839928571428572,0.4962121576358843,0.018275,resnet32,0.0135,0.0148,4.716672277586027,4.637432043525306,0.07924022957716013,resnet32,0.0173,0.017,4.712002036923712,4.648344805972143,0.0636572318561858,resnet32,0.0154,0.0182,4.720298584211957,4.649682258340445,0.07061633034275226,resnet32,0.01,0.0118,4.719625302336433,4.63974029706283,0.07988500785900628,resnet32,0.0235,0.0212,4.7034008286216045,4.618615391579541,0.08478543270989163,resnet32,0.0212,0.0218,4.684999332509258,4.623986677689985,0.061012651452322396,resnet32,0.0154,0.0182,4.7042104669592595,4.643362602049654,0.06084786464816716,resnet32,0.0299,0.0288,4.678915475579825,4.607175730846145,0.07173973846411999,4500000.0,5000.0,18010000.0,18010000.0,144080000.0
resnet32x8_cifar100_K8_mwmd1_noise40_seed0003_d001,d001,resnet32:8,cifar100,8,matched,mwmd1,peers,3,200,64,0.1,0.9,0.0005,True,0,60,0.1,1.0,1,,disagreement,1.0,1,0.0,0.5,weight,complete,0.4,0.398956,42,0,45000,5000,10000,3760032,1,0.1,1,72.89,0.028775000000000002,0.011287686875529458,0.0109,0.0417,0.0518,0.023024999999999997,0.029775000000000003,0.0474,0.7593357142857144,0.2792153677106293,0.759075,0.263825940503592,0.028775000000000002,resnet32,0.0361,0.0352,4.542819721454924,4.528566648336974,0.01425306879272367,resnet32,0.0384,0.0418,4.574178569018841,4.55416117337617,0.02001739588476167,resnet32,0.0159,0.0176,4.614496532488953,4.593526417558843,0.020970120673485904,resnet32,0.0109,0.0126,4.630518800155683,4.608741000972011,0.021777798057883047,resnet32,0.0361,0.037,4.5750422518361695,4.552355779842897,0.02268646709456913,resnet32,0.0341,0.034,4.557954737408594,4.543079768392173,0.01487496571379862,resnet32,0.017,0.019,4.617715613408522,4.593708810481158,0.024006801679867996,resnet32,0.0417,0.041,4.564481648531827,4.545134404843504,0.01934723580515393,4500000.0,5000.0,18010000.0,36020000.0,288160000.0
resnet32x8_cifar100_K8_mwmd1_noise40_seed0003_d001,d001,resnet32:8,cifar100,8,matched,mwmd1,peers,3,200,64,0.1,0.9,0.0005,True,0,60,0.1,1.0,1,,disagreement,1.0,1,0.0,0.5,weight,complete,0.4,0.398956,42,0,45000,5000,10000,3760032,2,0.1,1,72.0,0.0473,0.009904544411531508,0.0318,0.0597,0.056,0.0087,0.046,0.0538,0.6139071428571427,0.47106948087195455,0.6139607142857144,0.47927455083694387,0.0473,resnet32,0.0531,0.0502,4.479082805866545,4.462028527124361,0.017054280026720582,resnet32,0.0567,0.0554,4.5002373863350265,4.472466625950553,0.027770765977699986,resnet32,0.0416,0.0398,4.5801325237209145,4.550358693030748,0.02977382644894533,resnet32,0.0318,0.0322,4.616191388531164,4.5814538449049,0.03473753856352149,resnet32,0.0597,0.055,4.475739801471883,4.4586570418693805,0.017082762768206358,resnet32,0.0428,0.0436,4.51935840736736,4.496302530169487,0.02305588062021839,resnet32,0.036,0.0328,4.572708954865282,4.548866919495842,0.02384202834747901,resnet32,0.0567,0.059,4.515368129719388,4.483527208593759,0.03184092076050795,4500000.0,5000.0,18010000.0,54030000.0,432240000.0
resnet32x8_cifar100_K8_mwmd1_noise40_seed0003_d001,d001,resnet32:8,cifar100,8,matched,mwmd1,peers,3,200,64,0.1,0.9,0.0005,True,0,60,0.1,1.0,1,,disagreement,1.0,1,0.0,0.5,weight,complete,0.4,0.398956,42,0,45000,5000,10000,3760032,3,0.1,1,72.68,0.06687499999999999,0.007080916254271052,0.0539,0.0736,0.0777,0.010825000000000015,0.06812499999999999,0.077,0.5693214285714285,0.507985927167949,0.5718464285714285,0.5058958684690392,0.06687499999999999,resnet32,0.0736,0.0732,4.418345901776444,4.398186495358294,0.020159408726613037,resnet32,0.0711,0.0754,4.421912350437858,4.399184946309436,0.02272741390730847,resnet32,0.0539,0.0544,4.465424488891255,4.451561925086108,0.01386255989531161,resnet32,0.072,0.0716,4.450613435019147,4.431484452025457,0.019128978085725314,resnet32,0.0728,0.076,4.417247153141282,4.39813933860172,0.019107814290857113,resnet32,0.0597,0.0574,4.447532179680738,4.424763269045136,0.02276890804403758,resnet32,0.0607,0.0586,4.463329051705924,4.449440567330881,0.013888480016744737,resnet32,0.0712,0.0784,4.416962939907204,4.396832926029509,0.020130015559102918,4500000.0,5000.0,18010000.0,72040000.0,576320000.0
resnet32x8_cifar100_K8_mwmd1_noise40_seed0003_d001,d001,resnet32:8,cifar100,8,matched,mwmd1,peers,3,200,64,0.1,0.9,0.0005,True,0,60,0.1,1.0,1,,disagreement,1.0,1,0.0,0.5,weight,complete,0.4,0.398956,42,0,45000,5000,10000,3760032,4,0.1,1,72.21,0.0818625,0.01024340489046489,0.0619,0.0983,0.088,0.00613749999999999,0.08382500000000001,0.092,0.5218500000000001,0.6247434503753926,0.5285428571428572,0.6025074702122416,0.0818625,resnet32,0.0889,0.0944,4.359896846792915,4.334073790772394,0.025823051035827535,resnet32,0.0765,0.0794,4.351897731423378,4.326587788422,0.02530994079742496,resnet32,0.0619,0.0666,4.408911849964749,4.384480859068307,0.024430993742002596,resnet32,0.0884,0.0866,4.370176416229118,4.352362577549436,0.017813841935342432,resnet32,0.075,0.0762,4.3684908964417195,4.344070459631356,0.02442042979369448,resnet32,0.0833,0.0826,4.376681331883777,4.358923637731508,0.017757690905868498,resnet32,0.0826,0.0846,4.393702805042267,4.367888521064412,0.025814288076203826,resnet32,0.0983,0.1002,4.344487778503787,4.3191146518696435,0.025373123287202114,4500000.0,5000.0,18010000.0,90050000.0,720400000.0
resnet32x8_cifar100_K8_mwmd1_noise40_seed0003_d001,d001,resnet32:8,cifar100,8,matched,mwmd1,peers,3,200,64,0.1,0.9,0.0005,True,0,60,0.1,1.0,1,,disagreement,1.0,1,0.0,0.5,weight,complete,0.4,0.398956,42,0,45000,5000,10000,3760032,5,0.1,1,72.59,0.109725,0.010594072635205029,0.0925,0.1234,0.1197,0.009974999999999998,0.109075,0.114,0.5392857142857143,0.5849415900961045,0.5457785714285712,0.5900712337269021,0.109725,resnet32,0.1218,0.1194,4.317134157161821,4.290709968317639,0.02642419325473549,resnet32,0.1201,0.1182,4.303461238403212,4.272783212702382,0.030678023197899827,resnet32,0.0925,0.0918,4.345045303756541,4.322669961913065,0.02237534391249276,resnet32,0.1091,0.1064,4.323584960942918,4.297131601721048,0.026453364098084752,resnet32,0.1086,0.11,4.313670093701645,4.284024194221605,0.029645904657875442,resnet32,0.1036,0.1032,4.330234248191118,4.299612865190614,0.030621378820135513,resnet32,0.0987,0.099,4.330565902658484,4.308158606968143,0.022407297059544362,resnet32,0.1234,0.1246,4.292122133753517,4.262426826764237,0.029695309055651622,4500000.0,5000.0,18010000.0,108060000.0,864480000.0
resnet32x8_cifar100_K8_mwmd1_noise40_seed0003_d001,d001,resnet32:8,cifar100,8,matched,mwmd1,peers,3,200,64,0.1,0.9,0.0005,True,0,60,0.1,1.0,1,,disagreement,1.0,1,0.0,0.5,weight,complete,0.4,0.398956,42,0,45000,5000,10000,3760032,6,0.1,1,72.67,0.12262500000000001,0.010703825250815712,0.1036,0.139,0.1389,0.016274999999999984,0.12359999999999999,0.1392,0.5941071428571428,0.5534825692239012,0.6019392857142857,0.5393812060455904,0.12262500000000001,resnet32,0.1194,0.123,4.268539344045249,4.23398914357478,0.03455019774264656,resnet32,0.128,0.1294,4.251717438752001,4.21916404705156,0.032553392155519265,resnet32,0.1173,0.1146,4.294706778431481,4.266285064545545,0.028421714817258446,resnet32,0.1168,0.1194,4.269027886404232,4.236426935277202,0.03260095000521026,resnet32,0.139,0.1362,4.2626072026111865,4.230147032236511,0.0324601671864829,resnet32,0.1036,0.1076,4.278658743947744,4.250262397256765,0.028396354072769595,resnet32,0.1361,0.1374,4.279853686013005,4.247376490045678,0.03247719514712861,resnet32,0.1208,0.1212,4.2407993332228875,4.206202596087348,0.0345967384187547,4500000.0,5000.0,18010000.0,126070000.0,1008560000.0
resnet32x8_cifar100_K8_mwmd1_noise40_seed0003_d001,d001,resnet32:8,cifar100,8,matched,mwmd1,peers,3,200,64,0.1,0.9,0.0005,True,0,60,0.1,1.0,1,,disagreement,1.0,1,0.0,0.5,weight,complete,0.4,0.398956,42,0,45000,5000,10000,3760032,7,0.1,1,69.72,0.14429999999999998,0.015765706454199883,0.1086,0.1669,0.1509,0.0066000000000000225,0.147075,0.1576,0.5246928571428572,0.6336856724139578,0.5276678571428571,0.6383215393096027,0.14429999999999998,resnet32,0.1375,0.141,4.215827787125653,4.177542756565592,0.03828502224430188,resnet32,0.1669,0.174,4.210684599862858,4.167880828069015,0.042803762956861065,resnet32,0.1497,0.1528,4.244354297491637,4.201579398052259,0.042774901770330456,resnet32,0.1467,0.1488,4.212332474237138,4.174020955508405,0.03831151407476599,resnet32,0.1485,0.1526,4.216321044347503,4.178032944825563,0.03828810333189639,resnet32,0.1086,0.1094,4.233917784961787,4.192037351429462,0.04188043101881207,resnet32,0.1422,0.1444,4.219520615583116,4.181244754317132,0.03827585799841803,resnet32,0.1543,0.1536,4.198210733858022,4.156202611259439,0.04200811791815795,4500000.0,5000.0,18010000.0,144080000.0,1152640000.0
resnet32x8_cifar100_K8_mwmd1_noise40_seed0003_d001,d001,resnet32:8,cifar100,8,matched,mwmd1,peers,3,200,64,0.1,0.9,0.0005,True,0,60,0.1,1.0,1,,disagreement,1.0,1,0.0,0.5,weight,complete,0.4,0.398956,42,0,45000,5000,10000,3760032,8,0.1,1,68.73,0.176625,0.005299705180479386,0.1697,0.1857,0.1895,0.012874999999999998,0.170325,0.1804,0.48640000000000005,0.6328301163106008,0.4936249999999999,0.6302677117873134,0.176625,resnet32,0.1837,0.1754,4.1709384410218755,4.129742473025214,0.0411959625330796,resnet32,0.1768,0.1708,4.1626318246126175,4.117245073684237,0.04538674125532535,resnet32,0.1735,0.1616,4.182337544519793,4.141159059987827,0.041178481790914455,resnet32,0.1724,0.165,4.158308844674718,4.114000387489796,0.044308458687737584,resnet32,0.1697,0.1618,4.167599477889863,4.124094669114459,0.04350480698684061,resnet32,0.1729,0.1736,4.1774955534122205,4.132198774001815,0.045296780378769406,resnet32,0.1783,0.1712,4.165331847627055,4.121845227412202,0.043486622056331144,resnet32,0.1857,0.1832,4.147030241787434,4.10268981416117,0.04434042495929382,4500000.0,5000.0,18010000.0,162090000.0,1296720000.0
resnet32x8_cifar100_K8_mwmd1_noise40_seed0003_d001,d001,resnet32:8,cifar100,8,matched,mwmd1,peers,3,200,64,0.1,0.9,0.0005,True,0,60,0.1,1.0,1,,disagreement,1.0,1,0.0,0.5,weight,complete,0.4,0.398956,42,0,45000,5000,10000,3760032,9,0.1,1,68.33,0.19240000000000002,0.007471278337741142,0.1827,0.2091,0.2126,0.020199999999999996,0.19305,0.2136,0.5162214285714286,0.6222983696029537,0.5189642857142859,0.6139339007966714,0.19240000000000002,resnet32,0.1922,0.2,4.130371511659839,4.083590130237016,0.04678138237002052,resnet32,0.195,0.1982,4.125258908691731,4.07651985572143,0.04873905249405652,resnet32,0.1857,0.1814,4.140774085101756,4.096672505478967,0.044101572151041844,resnet32,0.1886,0.1928,4.120893474668264,4.07402214306322,0.04687132609648292,resnet32,0.1911,0.1892,4.1320139240812175,4.087881071662361,0.044132850328672,resnet32,0.1827,0.1826,4.135702559893781,4.086551552130417,0.049151015187486664,resnet32,0.1948,0.1956,4.1248739036646755,4.076158307831395,0.04871559948448769,resnet32,0.2091,0.2046,4.111575244502588,4.062291692942381,0.04928354877153073,4500000.0,5000.0,18010000.0,180100000.0,1440800000.0
resnet32x8_cifar100_K8_mwmd1_noise40_seed0003_d001,d001,resnet32:8,cifar100,8,matched,mwmd1,peers,3,200,64,0.1,0.9,0.0005,True,0,60,0.1,1.0,1,,disagreement,1.0,1,0.0,0.5,weight,complete,0.4,0.398956,42,0,45000,5000,10000,3760032,10,0.1,1,68.76,0.188025,0.009053141719867201,0.1687,0.2021,0.1996,0.011575000000000002,0.1882,0.1986,0.5060357142857143,0.6444489319476524,0.5098571428571428,0.6389293519283225,0.188025,resnet32,0.1829,0.1818,4.098219519989057,4.046618938784707,0.05160058982966637,resnet32,0.19,0.185,4.091079829430038,4.040588361634449,0.05049146126574752,resnet32,0.1926,0.1948,4.109916500069878,4.058768250725486,0.051148256276395514,resnet32,0.1687,0.1744,4.093491339209405,4.042977342890068,0.05051400142573667,resnet32,0.1855,0.1796,4.101447285914963,4.050924152813175,0.05052313083698126,resnet32,0.2021,0.2,4.101353639228777,4.050847788426009,0.05050584867554293,resnet32,0.193,0.1996,4.089511455460028,4.0379029624164104,0.051608493927315896,resnet32,0.1894,0.1904,4.082953308454969,4.031641973013228,0.05131133887599307,4500000.0,5000.0,18010000.0,198110000.0,1584880000.0
resnet32x8_cifar100_K8_mwmd1_noise40_seed0003_d001,d001,resnet32:8,cifar100,8,matched,mwmd1,peers,3,200,64,0.1,0.9,0.0005,True,0,60,0.1,1.0,1,,disagreement,1.0,1,0.0,0.5,weight,complete,0.4,0.398956,42,0,45000,5000,10000,3760032,11,0.1,1,68.98,0.21642499999999998,0.01235118921399878,0.1889,0.2332,0.2383,0.021875000000000033,0.217,0.2388,0.5067142857142858,0.6354009325886912,0.518025,0.6260363934963564,0.21642499999999998,resnet32,0.2182,0.2218,4.0652833919633515,4.010559505359693,0.054723881719506935,resnet32,0.2244,0.224,4.060902252793312,4.00366997955875,0.057232272514904085,resnet32,0.2082,0.2136,4.073406028137966,4.0195620005781,0.05384402890393341,resnet32,0.2186,0.22,4.0640993250364605,4.009404640306126,0.054694683084645396,resnet32,0.217,0.216,4.073833873326128,4.01916396076029,0.05466990971366282,resnet32,0.1889,0.1906,4.070523922077634,4.015909868207845,0.05461405417670242,resnet32,0.2332,0.224,4.055523007430813,4.001645429567858,0.05387758051405068,resnet32,0.2229,0.226,4.053918260742318,3.996636428277601,0.057281837396493014,4500000.0,5000.0,18010000.0,216120000.0,1728960000.0
resnet32x8_cifar100_K8_mwmd1_noise40_seed0003_d001,d001,resnet32:8,cifar100,8,matched,mwmd1,peers,3,200,64,0.1,0.9,0.0005,True,0,60,0.1,1.0,1,,disagreement,1.0,1,0.0,0.5,weight,complete,0.4,0.398956,42,0,45000,5000,10000,3760032,12,0.1,1,68.65,0.21792499999999998,0.017907662466106512,0.1817,0.242,0.2511,0.03317500000000001,0.216975,0.2482,0.5636714285714287,0.5760269264683322,0.5719571428571429,0.5685347393831354,0.21792499999999998,resnet32,0.2035,0.2008,4.045663907446644,3.9847039221362635,0.060959988046141174,resnet32,0.1817,0.1872,4.039208762686361,3.9782552018084307,0.060953564857217396,resnet32,0.2226,0.2276,4.045730930837718,3.9894272065298124,0.056303722064264795,resnet32,0.2362,0.2314,4.040873186493462,3.9803585057908837,0.06051468347537924,resnet32,0.2271,0.2276,4.052846841852773,3.990952381356196,0.061894462814300576,resnet32,0.242,0.2352,4.045488318936392,3.989189039577137,0.0562992868468758,resnet32,0.2174,0.2136,4.033482865853743,3.9715423600917514,0.06194050419567661,resnet32,0.2129,0.2124,4.03084749694575,3.970353438434276,0.060494051955174655,4500000.0,5000.0,18010000.0,234130000.0,1873040000.0
resnet32x8_cifar100_K8_mwmd1_noise40_seed0003_d001,d001,resnet32:8,cifar100,8,matched,mwmd1,peers,3,200,64,0.1,0.9,0.0005,True,0,60,0.1,1.0,1,,disagreement,1.0,1,0.0,0.5,weight,complete,0.4,0.398956,42,0,45000,5000,10000,3760032,13,0.1,1,68.37,0.2355125,0.011778628687160493,0.2154,0.2539,0.2597,0.024187499999999973,0.232975,0.2604,0.5430857142857143,0.6140155750134529,0.5417892857142856,0.6207434379964757,0.2355125,resnet32,0.2355,0.226,4.027771337804469,3.965978370471434,0.06179296285633675,resnet32,0.2539,0.2526,4.020032357085835,3.9583076902411203,0.061724668982523406,resnet32,0.2415,0.2498,4.031196008351716,3.9687978584658015,0.062398152410010385,resnet32,0.2211,0.2096,4.0202289941636,3.9569100212644446,0.06331897419559854,resnet32,0.2329,0.2378,4.030692894350398,3.9689673825421115,0.06172550777079199,resnet32,0.2377,0.2318,4.027667259628123,3.9659137299115006,0.06175352853659371,resnet32,0.2461,0.2402,4.013605718246915,3.9503314667804674,0.06327425395350227,resnet32,0.2154,0.216,4.015339246866378,3.9528455090793697,0.06249373344260014,4500000.0,5000.0,18010000.0,252140000.0,2017120000.0
resnet32x8_cifar100_K8_mwmd1_noise40_seed0003_d001,d001,resnet32:8,cifar100,8,matched,mwmd1,peers,3,200,64,0.1,0.9,0.0005,True,0,60,0.1,1.0,1,,disagreement,1.0,1,0.0,0.5,weight,complete,0.4,0.398956,42,0,45000,5000,10000,3760032,14,0.1,1,72.59,0.2270375,0.012499093717146057,0.2006,0.2412,0.2497,0.022662500000000002,0.228375,0.2462,0.5202785714285715,0.6059645792809155,0.5245535714285714,0.6083362065035597,0.2270375,resnet32,0.2276,0.232,4.007424771785736,3.942182907665318,0.06524186233714731,resnet32,0.2171,0.2172,4.006549521942031,3.9392570446838033,0.06729247508866881,resnet32,0.2403,0.2428,4.010095206512646,3.946953846311027,0.06314135502642867,resnet32,0.224,0.2178,4.002767553383654,3.939557123251937,0.06321043385700746,resnet32,0.2321,0.2416,4.016205178404396,3.9492039985277434,0.06700117544228719,resnet32,0.2006,0.1986,4.013337846506726,3.946106766435233,0.06723108514614234,resnet32,0.2334,0.2358,3.995545070957054,3.9284894246269357,0.06705564401768656,resnet32,0.2412,0.2412,3.998299100520936,3.9329796609553425,0.06531943831677464,4500000.0,5000.0,18010000.0,270150000.0,2161200000.0
resnet32x8_cifar100_K8_mwmd1_noise40_seed0003_d001,d001,resnet32:8,cifar100,8,matched,mwmd1,peers,3,200,64,0.1,0.9,0.0005,True,0,60,0.1,1.0,1,,disagreement,1.0,1,0.0,0.5,weight,complete,0.4,0.398956,42,0,45000,5000,10000,3760032,15,0.1,1,68.23,0.232025,0.015779159515005872,0.2045,0.2518,0.2545,0.022474999999999995,0.2283,0.249,0.48847857142857143,0.6206476437527335,0.4952785714285714,0.6260283828404465,0.232025,resnet32,0.2193,0.2118,3.995007725263184,3.9290336268869313,0.06597410421818495,resnet32,0.2359,0.2324,3.997887648642063,3.9304041154682636,0.06748353509465232,resnet32,0.2153,0.2116,4.003687163306908,3.9361796931109647,0.06750746703685516,resnet32,0.2404,0.2348,3.9918399927291004,3.924907412718643,0.06693258008453995,resnet32,0.2045,0.2024,4.004015367816795,3.938037407330491,0.06597795904698697,resnet32,0.2429,0.233,4.00250720706853,3.9304055717181074,0.07210163336077874,resnet32,0.2461,0.2462,3.987164167856628,3.915004137903452,0.07216002862498333,resnet32,0.2518,0.2542,3.984299802983349,3.917391035367142,0.0669087717701173,4500000.0,5000.0,18010000.0,288160000.0,2305280000.0
resnet32x8_cifar100_K8_mwmd1_noise40_seed0003_d001,d001,resnet32:8,cifar100,8,matched,mwmd1,peers,3,200,64,0.1,0.9,0.0005,True,0,60,0.1,1.0,1,,disagreement,1.0,1,0.0,0.5,weight,complete,0.4,0.398956,42,0,45000,5000,10000,3760032,16,0.1,1,73.19,0.2633625,0.006369053599240625,0.248,0.269,0.288,0.02463749999999998,0.25935,0.2836,0.4744642857142858,0.6556438503384705,0.4838999999999999,0.6501241923060584,0.2633625,resnet32,0.2688,0.2654,3.983854756097902,3.914236028424718,0.06961872322294353,resnet32,0.2652,0.2538,3.9833948243070734,3.9153640612282534,0.06803076558174904,resnet32,0.248,0.2398,3.9919044388966127,3.923928938806057,0.06797549228543755,resnet32,0.2624,0.2696,3.9793703830377622,3.909644129940055,0.06972625648962673,resnet32,0.269,0.2608,3.9926186813549562,3.9246081333946097,0.0680105508336882,resnet32,0.261,0.2592,3.9848307740281927,3.9168693331832234,0.06796143883415921,resnet32,0.2668,0.2624,3.968650301749056,3.8986816992136566,0.06996859133836221,resnet32,0.2657,0.2638,3.97113568877632,3.9012225649573584,0.06991312436928804,4500000.0,5000.0,18010000.0,306170000.0,2449360000.0
resnet32x8_cifar100_K8_mwmd1_noise40_seed0003_d001,d001,resnet32:8,cifar100,8,matched,mwmd1,peers,3,200,64,0.1,0.9,0.0005,True,0,60,0.1,1.0,1,,disagreement,1.0,1,0.0,0.5,weight,complete,0.4,0.398956,42,0,45000,5000,10000,3760032,17,0.1,1,73.68,0.24467499999999998,0.011755397696377607,0.2256,0.2627,0.2673,0.022625000000000006,0.238025,0.261,0.4970857142857143,0.626941841871265,0.5013142857142858,0.6347333276250798,0.24467499999999998,resnet32,0.2627,0.2514,3.9721688614650206,3.9027155465023085,0.06945331079292703,resnet32,0.252,0.2476,3.977991510521282,3.904103677042506,0.0738878332882781,resnet32,0.2256,0.2132,3.9796111272139982,3.910648728636178,0.06896239406408065,resnet32,0.2303,0.2328,3.9701396199789913,3.9010499228130686,0.0690897002297623,resnet32,0.2545,0.2442,3.9793835258619352,3.909911457110535,0.06947206405774606,resnet32,0.2379,0.2328,3.9801654429598288,3.9029571271755477,0.07720831757284362,resnet32,0.248,0.2404,3.9609874703667383,3.883646134625782,0.07734133874658834,resnet32,0.2464,0.2418,3.963991692120379,3.8900253098796713,0.07396637747297063,4500000.0,5000.0,18010000.0,324180000.0,2593440000.0
resnet32x8_cifar100_K8_mwmd1_noise40_seed0003_d001,d001,resnet32:8,cifar100,8,matched,mwmd1,peers,3,200,64,0.1,0.9,0.0005,True,0,60,0.1,1.0,1,,disagreement,1.0,1,0.0,0.5,weight,complete,0.4,0.398956,42,0,45000,5000,10000,3760032,18,0.1,1,74.36,0.26625,0.026723818963613706,0.2015,0.2932,0.3076,0.04135,0.2643,0.3048,0.5533714285714286,0.5915671699827616,0.5605464285714286,0.5873185485050597,0.26625,resnet32,0.2825,0.2764,3.9636753526600925,3.8887232294814154,0.07495211618846621,resnet32,0.2932,0.2808,3.9645904522727835,3.889619431712411,0.07497102323263376,resnet32,0.2681,0.2712,3.968343825502829,3.8973847542974083,0.07095907151233405,resnet32,0.2699,0.2668,3.958812295713208,3.883964920247143,0.07484737733400172,resnet32,0.2738,0.2674,3.97335413064469,3.8969555053521288,0.07639862898610193,resnet32,0.256,0.254,3.9618754674765198,3.8909061794931237,0.07096928615779192,resnet32,0.285,0.284,3.9475195045498284,3.8709759451448917,0.07654356215127998,resnet32,0.2015,0.2138,3.950451722876592,3.8756044310602276,0.0748472899695943,4500000.0,5000.0,18010000.0,342190000.0,2737520000.0
resnet32x8_cifar100_K8_mwmd1_noise40_seed0003_d001,d001,resnet32:8,cifar100,8,matched,mwmd1,peers,3,200,64,0.1,0.9,0.0005,True,0,60,0.1,1.0,1,,disagreement,1.0,1,0.0,0.5,weight,complete,0.4,0.398956,42,0,45000,5000,10000,3760032,19,0.1,1,68.73,0.2491125,0.015304365186116019,0.2166,0.2672,0.2812,0.03208750000000002,0.2475,0.281,0.5398285714285714,0.5961412704650751,0.5424035714285714,0.5992278848689525,0.2491125,resnet32,0.252,0.2476,3.9518619389696554,3.8745575763962488,0.0773043685740876,resnet32,0.2402,0.2448,3.9546185613355855,3.8785648938607085,0.07605366900415075,resnet32,0.2657,0.265,3.961267912929708,3.884654176844792,0.0766137353493832,resnet32,0.2672,0.2614,3.944699607112191,3.8728244328363375,0.07187517686874013,resnet32,0.2166,0.2186,3.9539218724451284,3.882075300270861,0.07184657698433677,resnet32,0.2582,0.2516,3.9540980759669435,3.876781291243705,0.0773167758280496,resnet32,0.2426,0.2432,3.9388810179450293,3.862190695310181,0.07669032489965585,resnet32,0.2504,0.2478,3.9375818896700037,3.8614487482065503,0.07613314533690838,4500000.0,5000.0,18010000.0,360200000.0,2881600000.0
resnet32x8_cifar100_K8_mwmd1_noise40_seed0003_d001,d001,resnet32:8,cifar100,8,matched,mwmd1,peers,3,200,64,0.1,0.9,0.0005,True,0,60,0.1,1.0,1,,disagreement,1.0,1,0.0,0.5,weight,complete,0.4,0.398956,42,0,45000,5000,10000,3760032,20,0.1,1,73.84,0.2691375,0.019719719667125084,0.2376,0.3009,0.2975,0.028362500000000013,0.2655,0.2962,0.5176214285714286,0.6034266944785748,0.5176357142857143,0.618503841151809,0.2691375,resnet32,0.3009,0.2896,3.943049682134932,3.8660726716572587,0.07697701579044489,resnet32,0.2643,0.264,3.951911321417852,3.8698228506202046,0.08208847160197118,resnet32,0.2564,0.2606,3.948081594637849,3.8735444525426086,0.0745371415449137,resnet32,0.2845,0.282,3.941832586445592,3.8648306395519865,0.07700194415255365,resnet32,0.2498,0.2444,3.9526303464716133,3.8780145391144534,0.07461581010879441,resnet32,0.2376,0.2362,3.949574959549037,3.8674626130272043,0.08211234833156182,resnet32,0.2733,0.2658,3.930045087229122,3.8515357903458853,0.07850930279925127,resnet32,0.2863,0.2814,3.929117742248557,3.850697086615996,0.07842065971768038,4500000.0,5000.0,18010000.0,378210000.0,3025680000.0
resnet32x8_cifar100_K8_mwmd1_noise40_seed0003_d001,d001,resnet32:8,cifar100,8,matched,mwmd1,peers,3,200,64,0.1,0.9,0.0005,True,0,60,0.1,1.0,1,,disagreement,1.0,1,0.0,0.5,weight,complete,0.4,0.398956,42,0,45000,5000,10000,3760032,21,0.1,1,73.96,0.2633,0.016412342916232288,0.2377,0.2953,0.307,0.04370000000000002,0.25995,0.303,0.5644214285714286,0.5699728947149719,0.5658142857142857,0.5693585765067266,0.2633,resnet32,0.2377,0.2368,3.935896561565724,3.856414007192308,0.07948255860140886,resnet32,0.2662,0.2638,3.9398261034353212,3.8603057268668306,0.07952037327711216,resnet32,0.2755,0.2766,3.9383215470747515,3.8648885938931596,0.07343295325038278,resnet32,0.246,0.2376,3.929988184435801,3.8485029780051927,0.08148521044164557,resnet32,0.2595,0.2504,3.9376910752193495,3.86427246609872,0.07341860990378667,resnet32,0.2953,0.2916,3.941509689458392,3.855166984552687,0.0863427081282928,resnet32,0.2646,0.2596,3.9191443639045414,3.8376704915003343,0.08147387114480477,resnet32,0.2616,0.2632,3.921945446255532,3.8356418193063955,0.08630362935152582,4500000.0,5000.0,18010000.0,396220000.0,3169760000.0
resnet32x8_cifar100_K8_mwmd1_noise40_seed0003_d001,d001,resnet32:8,cifar100,8,matched,mwmd1,peers,3,200,64,0.1,0.9,0.0005,True,0,60,0.1,1.0,1,,disagreement,1.0,1,0.0,0.5,weight,complete,0.4,0.398956,42,0,45000,5000,10000,3760032,22,0.1,1,71.05,0.2636875,0.007507902087134587,0.2525,0.2718,0.2905,0.02681249999999996,0.262425,0.2958,0.5281142857142858,0.6035859494001252,0.5203607142857142,0.6058366850523046,0.2636875,resnet32,0.2578,0.2576,3.92919992079789,3.844796148890799,0.08440377629383213,resnet32,0.2699,0.2694,3.929733394560489,3.8474568416449157,0.08227655139688234,resnet32,0.2703,0.2648,3.9384089796380564,3.853041897443208,0.08536708500998264,resnet32,0.2525,0.2574,3.9262792657722128,3.844008582220836,0.08227068533464758,resnet32,0.266,0.2676,3.9336664131419226,3.8544542017308148,0.07921220724132251,resnet32,0.2529,0.2464,3.926875503564423,3.8477404469793495,0.07913505492350933,resnet32,0.2683,0.2672,3.9149283902211622,3.8304346058179033,0.0844937886047939,resnet32,0.2718,0.269,3.9162738827819172,3.8308410746130077,0.08543280929602175,4500000.0,5000.0,18010000.0,414230000.0,3313840000.0
resnet32x8_cifar100_K8_mwmd1_noise40_seed0003_d001,d001,resnet32:8,cifar100,8,matched,mwmd1,peers,3,200,64,0.1,0.9,0.0005,True,0,60,0.1,1.0,1,,disagreement,1.0,1,0.0,0.5,weight,complete,0.4,0.398956,42,0,45000,5000,10000,3760032,23,0.1,1,68.75,0.2761,0.011495542614422347,0.2647,0.2977,0.3082,0.03209999999999996,0.27542500000000003,0.31,0.5100928571428571,0.6150775216826964,0.5157999999999999,0.6108295034841916,0.2761,resnet32,0.2929,0.293,3.9210504083470865,3.838480716740543,0.08256969301940197,resnet32,0.2667,0.2676,3.924881784753366,3.8406285006891596,0.08425328379962593,resnet32,0.2702,0.2704,3.928237285465002,3.8441262184218927,0.08411107141926716,resnet32,0.2647,0.257,3.9185658866031603,3.8357694711197508,0.08279641527174549,resnet32,0.2746,0.2748,3.928047253665599,3.8434610553085804,0.08458619664253836,resnet32,0.2703,0.2712,3.9219426946206526,3.8394996967505324,0.08244299937822772,resnet32,0.2717,0.2694,3.9061458500271495,3.823287720368667,0.0828581300394779,resnet32,0.2977,0.3,3.9111293622038583,3.8265716877173293,0.08455767595230347,4500000.0,5000.0,18010000.0,432240000.0,3457920000.0
resnet32x8_cifar100_K8_mwmd1_noise40_seed0003_d001,d001,resnet32:8,cifar100,8,matched,mwmd1,peers,3,200,64,0.1,0.9,0.0005,True,0,60,0.1,1.0,1,,disagreement,1.0,1,0.0,0.5,weight,complete,0.4,0.398956,42,0,45000,5000,10000,3760032,24,0.1,1,68.56,0.2710625,0.0208206590613746,0.2372,0.2978,0.2978,0.026737500000000025,0.26497499999999996,0.2878,0.5016714285714285,0.62355719169616,0.49477857142857135,0.630704090011063,0.2710625,resnet32,0.2873,0.282,3.914455937052315,3.8295871266587214,0.08486880468924275,resnet32,0.2702,0.269,3.91690506413579,3.832054192708297,0.0848508664957163,resnet32,0.2724,0.2762,3.9195897812870415,3.8328350030563096,0.0867547745583579,resnet32,0.2372,0.2302,3.909785643897273,3.827030985192819,0.08275465143907984,resnet32,0.2695,0.264,3.9161271181973545,3.833386992866343,0.0827401251563887,resnet32,0.2415,0.2284,3.9172827513380484,3.828484260900454,0.08879849080271511,resnet32,0.2978,0.2866,3.903530954637311,3.814616872505708,0.08891408202577043,resnet32,0.2926,0.2834,3.8989787819710644,3.812242430042137,0.08673635719407519,4500000.0,5000.0,18010000.0,450250000.0,3602000000.0
resnet32x8_cifar100_K8_mwmd1_noise40_seed0003_d001,d001,resnet32:8,cifar100,8,matched,mwmd1,peers,3,200,64,0.1,0.9,0.0005,True,0,60,0.1,1.0,1,,disagreement,1.0,1,0.0,0.5,weight,complete,0.4,0.398956,42,0,45000,5000,10000,3760032,25,0.1,1,69.49,0.2735375,0.019163437680906836,0.2436,0.3023,0.3039,0.030362500000000014,0.271425,0.3004,0.5009357142857143,0.6243084937085861,0.5064714285714287,0.6250654000056349,0.2735375,resnet32,0.2797,0.2772,3.90578678148714,3.8235303420912135,0.0822564423380589,resnet32,0.3023,0.2968,3.9093974148007957,3.821124965832992,0.0882724517353133,resnet32,0.2681,0.2662,3.907948588444428,3.8227969797497448,0.08515160913917828,resnet32,0.2436,0.2428,3.9070530218834225,3.8208296285434202,0.08622339614455334,resnet32,0.2993,0.2936,3.9110486629334362,3.8287622305479916,0.0822864417939193,resnet32,0.2703,0.2678,3.9065960862419824,3.821421631019224,0.08517445670440793,resnet32,0.2518,0.2502,3.8944374888458033,3.808172586627982,0.08626489814857698,resnet32,0.2732,0.2768,3.8963217227296396,3.8078318400816484,0.08848988527791914,4500000.0,5000.0,18010000.0,468260000.0,3746080000.0
resnet32x8_cifar100_K8_mwmd1_noise40_seed0003_d001,d001,resnet32:8,cifar100,8,matched,mwmd1,peers,3,200,64,0.1,0.9,0.0005,True,0,60,0.1,1.0,1,,disagreement,1.0,1,0.0,0.5,weight,complete,0.4,0.398956,42,0,45000,5000,10000,3760032,26,0.1,1,68.76,0.2802625,0.021035620831104558,0.2396,0.3109,0.3177,0.03743749999999996,0.27497499999999997,0.3082,0.5322785714285716,0.5969176619720928,0.5303071428571428,0.6036938407485015,0.2802625,resnet32,0.2396,0.2354,3.9054904387078504,3.81588243286718,0.08960800266570666,resnet32,0.2808,0.2786,3.9017257422886114,3.8139933235943317,0.08773241597439417,resnet32,0.2677,0.2626,3.903339955955744,3.814767129041932,0.0885728287764571,resnet32,0.2816,0.2734,3.9012525464323433,3.8126169978217646,0.08863554707601327,resnet32,0.3059,0.3026,3.9050086875530807,3.817211963236332,0.08779672200431708,resnet32,0.3109,0.301,3.9039249301634054,3.813415241512385,0.09050968632800505,resnet32,0.2855,0.2806,3.8933814628557726,3.8026759279045192,0.09070553525816649,resnet32,0.2701,0.2656,3.890340796587142,3.800628986548294,0.08971180820795284,4500000.0,5000.0,18010000.0,486270000.0,3890160000.0
resnet32x8_cifar100_K8_mwmd1_noise40_seed0003_d001,d001,resnet32:8,cifar100,8,matched,mwmd1,peers,3,200,64,0.1,0.9,0.0005,True,0,60,0.1,1.0,1,,disagreement,1.0,1,0.0,0.5,weight,complete,0.4,0.398956,42,0,45000,5000,10000,3760032,27,0.1,1,68.48,0.28105,0.022228135324403625,0.2519,0.31,0.3182,0.03714999999999996,0.27605,0.3098,0.5464142857142856,0.5856213775257588,0.5477892857142856,0.5835228706753999,0.28105,resnet32,0.2887,0.2852,3.8931425955485213,3.80581415749409,0.08732843501175838,resnet32,0.3003,0.2936,3.895252565768632,3.8058922456746753,0.08936032404149459,resnet32,0.2578,0.2652,3.8994447172365407,3.8101335310123186,0.0893111807950349,resnet32,0.2549,0.2486,3.8971688832071694,3.8064811500636013,0.09068772917486388,resnet32,0.2519,0.2468,3.900735538114201,3.8126562661068006,0.08807927552102641,resnet32,0.3057,0.2958,3.8944293280894104,3.8070688328959723,0.08736049846365032,resnet32,0.2791,0.2732,3.883222738111561,3.7951073931022123,0.08811534845947543,resnet32,0.31,0.3,3.882868696342815,3.7919829179617492,0.09088577731745318,4500000.0,5000.0,18010000.0,504280000.0,4034240000.0
resnet32x8_cifar100_K8_mwmd1_noise40_seed0003_d001,d001,resnet32:8,cifar100,8,matched,mwmd1,peers,3,200,64,0.1,0.9,0.0005,True,0,60,0.1,1.0,1,,disagreement,1.0,1,0.0,0.5,weight,complete,0.4,0.398956,42,0,45000,5000,10000,3760032,28,0.1,1,68.62,0.27005,0.025922432370439324,0.2103,0.3007,0.2981,0.028049999999999964,0.26969999999999994,0.2996,0.5304928571428571,0.613674617532638,0.5327357142857144,0.6174221399143559,0.27005,resnet32,0.2744,0.2794,3.8914725526489993,3.802224948663603,0.0892476055199619,resnet32,0.287,0.2836,3.890365982258862,3.797264242375439,0.09310174333354966,resnet32,0.2103,0.2178,3.891052144156261,3.8017517907375638,0.08930034970398992,resnet32,0.2678,0.2704,3.888507966968146,3.79901866174557,0.08948931105921722,resnet32,0.2597,0.2568,3.893532420085235,3.8008383251726627,0.09269409109203314,resnet32,0.2912,0.2858,3.890378387136893,3.797303401611068,0.09307498785413125,resnet32,0.3007,0.2986,3.877062680030411,3.787552630698139,0.08951005244373599,resnet32,0.2693,0.2652,3.879464719783176,3.7868143997409125,0.09265032433904707,4500000.0,5000.0,18010000.0,522290000.0,4178320000.0
resnet32x8_cifar100_K8_mwmd1_noise40_seed0003_d001,d001,resnet32:8,cifar100,8,matched,mwmd1,peers,3,200,64,0.1,0.9,0.0005,True,0,60,0.1,1.0,1,,disagreement,1.0,1,0.0,0.5,weight,complete,0.4,0.398956,42,0,45000,5000,10000,3760032,29,0.1,1,68.41,0.2926625,0.01683069647251711,0.2595,0.3179,0.3333,0.04063749999999999,0.28245,0.3228,0.5392285714285713,0.578873766577454,0.5446821428571428,0.5755897179898187,0.2926625,resnet32,0.2891,0.2888,3.885644722052596,3.7952558530325238,0.09038886641660197,resnet32,0.3179,0.3044,3.8802277486432684,3.789797855033116,0.09042989719786089,resnet32,0.303,0.2926,3.883361151611263,3.7935745902359486,0.08978656158697876,resnet32,0.297,0.2844,3.8821666840125215,3.790195392952724,0.09197128606452183,resnet32,0.2595,0.2536,3.8843301998620685,3.7960730770772155,0.08825712530365722,resnet32,0.2762,0.2646,3.8818775083531034,3.7921065407043155,0.08977096917806193,resnet32,0.3033,0.2874,3.8696647987447004,3.781325566497716,0.08833922861694274,resnet32,0.2953,0.2838,3.870006115937775,3.7779565020041033,0.09204960786949166,4500000.0,5000.0,18010000.0,540300000.0,4322400000.0
resnet32x8_cifar100_K8_mwmd1_noise40_seed0003_d001,d001,resnet32:8,cifar100,8,matched,mwmd1,peers,3,200,64,0.1,0.9,0.0005,True,0,60,0.1,1.0,1,,disagreement,1.0,1,0.0,0.5,weight,complete,0.4,0.398956,42,0,45000,5000,10000,3760032,30,0.1,1,68.78,0.2974,0.018233759897508785,0.2684,0.3237,0.3369,0.03949999999999998,0.29022500000000007,0.3298,0.5306642857142857,0.6052812556684287,0.5314392857142857,0.5994886201562428,0.2974,resnet32,0.296,0.2844,3.8812993602319197,3.7893885370682585,0.09191082029561089,resnet32,0.294,0.2896,3.8783873983404855,3.7843873382292013,0.0940000693292611,resnet32,0.3203,0.3128,3.8841956830160185,3.7923708845945923,0.09182479660111395,resnet32,0.2684,0.2644,3.879118404605172,3.7872927195646544,0.09182568317787214,resnet32,0.3045,0.29,3.885915095155889,3.792457739737901,0.09345735192552886,resnet32,0.2981,0.2882,3.881495877084407,3.787509570067579,0.09398630239196461,resnet32,0.3237,0.3182,3.870945754376325,3.778935706750913,0.09201004040766168,resnet32,0.2742,0.2742,3.8678935532542793,3.7744402343576606,0.09345332253724337,4500000.0,5000.0,18010000.0,558310000.0,4466480000.0
resnet32x8_cifar100_K8_mwmd1_noise40_seed0003_d001,d001,resnet32:8,cifar100,8,matched,mwmd1,peers,3,200,64,0.1,0.9,0.0005,True,0,60,0.1,1.0,1,,disagreement,1.0,1,0.0,0.5,weight,complete,0.4,0.398956,42,0,45000,5000,10000,3760032,31,0.1,1,68.54,0.30752499999999994,0.019211633845147066,0.2855,0.3473,0.3451,0.03757500000000008,0.297875,0.3362,0.5191285714285715,0.5896565575865659,0.5161678571428572,0.6064575888411452,0.30752499999999994,resnet32,0.3201,0.3124,3.8727415962652727,3.7817344929684293,0.09100710471499372,resnet32,0.2855,0.277,3.8721409487453373,3.78118510781364,0.09095584422307597,resnet32,0.2855,0.277,3.8802899687804957,3.784390826116909,0.09589914825681428,resnet32,0.3114,0.3038,3.8757639137858693,3.7814658636396583,0.0942980435846204,resnet32,0.3473,0.3286,3.8800689425658095,3.7886044782671062,0.09146447166461837,resnet32,0.3069,0.3032,3.8756250918588857,3.781256062063304,0.09436902816576714,resnet32,0.3107,0.2952,3.864143897186626,3.772690549492836,0.0914533538108861,resnet32,0.2928,0.2858,3.8645380545746195,3.7685445086522535,0.09599354260982099,4500000.0,5000.0,18010000.0,576320000.0,4610560000.0
resnet32x8_cifar100_K8_mwmd1_noise40_seed0003_d001,d001,resnet32:8,cifar100,8,matched,mwmd1,peers,3,200,64,0.1,0.9,0.0005,True,0,60,0.1,1.0,1,,disagreement,1.0,1,0.0,0.5,weight,complete,0.4,0.398956,42,0,45000,5000,10000,3760032,32,0.1,1,68.82,0.282725,0.014487127907214731,0.2487,0.2964,0.3159,0.03317500000000001,0.28105,0.318,0.5053000000000001,0.6071316047569192,0.5054321428571427,0.6180372471792218,0.282725,resnet32,0.2878,0.2808,3.871947846629403,3.7772300825877623,0.09471776167100127,resnet32,0.2487,0.2452,3.866272942247716,3.7724950940094213,0.09377784886270422,resnet32,0.2964,0.299,3.871570720929991,3.7784146375276824,0.09315608262973414,resnet32,0.281,0.2792,3.8699758665805515,3.7767609588124533,0.09321490352423015,resnet32,0.2844,0.2878,3.8774599473584783,3.783684441311793,0.09377551058688285,resnet32,0.294,0.2892,3.8714338327673348,3.774567735127427,0.09686610086778687,resnet32,0.2939,0.2882,3.8611920922994614,3.7641567276282744,0.09703536207830026,resnet32,0.2756,0.279,3.860409177839756,3.765605758198283,0.09480342104374855,4500000.0,5000.0,18010000.0,594330000.0,4754640000.0
resnet32x8_cifar100_K8_mwmd1_noise40_seed0003_d001,d001,resnet32:8,cifar100,8,matched,mwmd1,peers,3,200,64,0.1,0.9,0.0005,True,0,60,0.1,1.0,1,,disagreement,1.0,1,0.0,0.5,weight,complete,0.4,0.398956,42,0,45000,5000,10000,3760032,33,0.1,1,68.63,0.3151875,0.015045882950162816,0.297,0.3375,0.3446,0.029412500000000008,0.307775,0.3426,0.49157857142857136,0.6166248569249945,0.4896964285714286,0.6219031782492036,0.3151875,resnet32,0.2973,0.2862,3.862244984643026,3.768215649845925,0.09402933465951885,resnet32,0.3064,0.3014,3.8621418103575706,3.7651937519284813,0.09694805945566093,resnet32,0.33,0.3356,3.865418043326248,3.77021214467558,0.09520589680389756,resnet32,0.297,0.288,3.8634483672001143,3.7676795473830267,0.0957688213781115,resnet32,0.3375,0.3276,3.871196409856731,3.77587721564553,0.09531919236972251,resnet32,0.3328,0.3232,3.8636568547649817,3.766760313036767,0.09689653862733394,resnet32,0.3084,0.297,3.85157279975035,3.755793567408215,0.09577923618384045,resnet32,0.3121,0.3032,3.8503982062366875,3.756255715746771,0.09414249307221988,4500000.0,5000.0,18010000.0,612340000.0,4898720000.0
resnet32x8_cifar100_K8_mwmd1_noise40_seed0003_d001,d001,resnet32:8,cifar100,8,matched,mwmd1,peers,3,200,64,0.1,0.9,0.0005,True,0,60,0.1,1.0,1,,disagreement,1.0,1,0.0,0.5,weight,complete,0.4,0.398956,42,0,45000,5000,10000,3760032,34,0.1,1,68.83,0.30369999999999997,0.014767193369086752,0.2856,0.3303,0.3417,0.038000000000000034,0.296825,0.3356,0.5199642857142858,0.6066405318942751,0.5175285714285714,0.6203871916540974,0.30369999999999997,resnet32,0.2856,0.2816,3.85744499144229,3.763912918892774,0.09353207004129548,resnet32,0.3098,0.3036,3.8585496510971677,3.761525812474164,0.09702383789276196,resnet32,0.3045,0.2962,3.8629648268900136,3.766062780198726,0.09690204686061903,resnet32,0.292,0.281,3.8591905903409827,3.764952364293012,0.09423822882077233,resnet32,0.2897,0.2852,3.8646101132035255,3.7702602849087934,0.09434982395561581,resnet32,0.3208,0.3156,3.8607982898300346,3.7616407857699827,0.09915750154124742,resnet32,0.3303,0.3174,3.8517245927994903,3.7525121928616003,0.09921239989555695,resnet32,0.2969,0.294,3.8508561724288897,3.757217564027418,0.0936386045703495,4500000.0,5000.0,18010000.0,630350000.0,5042800000.0
resnet32x8_cifar100_K8_mwmd1_noise40_seed0003_d001,d001,resnet32:8,cifar100,8,matched,mwmd1,peers,3,200,64,0.1,0.9,0.0005,True,0,60,0.1,1.0,1,,disagreement,1.0,1,0.0,0.5,weight,complete,0.4,0.398956,42,0,45000,5000,10000,3760032,35,0.1,1,68.23,0.305325,0.018557798226082754,0.2739,0.3358,0.3486,0.04327500000000001,0.29985000000000006,0.346,0.52995,0.5767807991650082,0.5257964285714286,0.5882449398499817,0.305325,resnet32,0.3005,0.3034,3.8569450371644716,3.761023901741613,0.09592113320038399,resnet32,0.3021,0.2868,3.85422467101704,3.7564740722829644,0.0977505958871916,resnet32,0.2862,0.2792,3.85778390548446,3.7618350058116694,0.09594889631791209,resnet32,0.3173,0.319,3.8582418032667856,3.760664300146428,0.09757750070738522,resnet32,0.3225,0.3184,3.8684699430384417,3.7699022096666424,0.09856773367871276,resnet32,0.2739,0.2674,3.854187610135837,3.756474996832284,0.0977126133247194,resnet32,0.3043,0.2924,3.8513946617868813,3.7535105615176936,0.09788410194133493,resnet32,0.3358,0.3322,3.8514280898327176,3.7528767338530584,0.09855135170404207,4500000.0,5000.0,18010000.0,648360000.0,5186880000.0
resnet32x8_cifar100_K8_mwmd1_noise40_seed0003_d001,d001,resnet32:8,cifar100,8,matched,mwmd1,peers,3,200,64,0.1,0.9,0.0005,True,0,60,0.1,1.0,1,,disagreement,1.0,1,0.0,0.5,weight,complete,0.4,0.398956,42,0,45000,5000,10000,3760032,36,0.1,1,68.71,0.3072375,0.017669885221755124,0.2737,0.3295,0.3404,0.033162499999999984,0.30479999999999996,0.3386,0.5001428571428572,0.6230685645418222,0.5040178571428572,0.6239507230491016,0.3072375,resnet32,0.2935,0.2916,3.852934230457653,3.7593128715049136,0.0936213593125682,resnet32,0.3204,0.3076,3.8544017469341103,3.7569693127139048,0.09743243743750182,resnet32,0.2993,0.3002,3.855731041932648,3.7584653601727704,0.09726567571686412,resnet32,0.3295,0.325,3.8538537746803327,3.7581490322270175,0.0957047408869998,resnet32,0.3046,0.3024,3.8610439656133,3.767398511144248,0.09364545451138508,resnet32,0.3086,0.3056,3.8584536503661764,3.7571107518266547,0.1013429007514126,resnet32,0.2737,0.2756,3.8444843031466007,3.748620645905083,0.09586365319873122,resnet32,0.3283,0.3304,3.8495383154262197,3.7480766881595957,0.1014616289281879,4500000.0,5000.0,18010000.0,666370000.0,5330960000.0
resnet32x8_cifar100_K8_mwmd1_noise40_seed0003_d001,d001,resnet32:8,cifar100,8,matched,mwmd1,peers,3,200,64,0.1,0.9,0.0005,True,0,60,0.1,1.0,1,,disagreement,1.0,1,0.0,0.5,weight,complete,0.4,0.398956,42,0,45000,5000,10000,3760032,37,0.1,1,68.4,0.3068125,0.025699632171492254,0.2597,0.3364,0.3469,0.0400875,0.3006,0.3384,0.5455142857142856,0.578061447205175,0.5443035714285714,0.5828900516608567,0.3068125,resnet32,0.3223,0.3186,3.849350459196351,3.752889564091509,0.09646089790939269,resnet32,0.3231,0.3216,3.8523997850716114,3.7532051540911198,0.09919463350987909,resnet32,0.3203,0.3078,3.8531603772531855,3.755765617232431,0.0973947627406398,resnet32,0.2597,0.2488,3.8481782505458053,3.751893500374122,0.09628474968485534,resnet32,0.2772,0.2744,3.860260597345504,3.7627694816751913,0.09749112071850422,resnet32,0.2901,0.2836,3.85297670554031,3.753983510827476,0.09899319817354395,resnet32,0.3254,0.3208,3.844781807877801,3.745445127175613,0.09933667968619954,resnet32,0.3364,0.3292,3.843067963353612,3.7436866248873146,0.09938134274191478,4500000.0,5000.0,18010000.0,684380000.0,5475040000.0
resnet32x8_cifar100_K8_mwmd1_noise40_seed0003_d001,d001,resnet32:8,cifar100,8,matched,mwmd1,peers,3,200,64,0.1,0.9,0.0005,True,0,60,0.1,1.0,1,,disagreement,1.0,1,0.0,0.5,weight,complete,0.4,0.398956,42,0,45000,5000,10000,3760032,38,0.1,1,68.67,0.2696,0.04108129136237077,0.197,0.3388,0.3068,0.03720000000000001,0.268625,0.3032,0.5702642857142857,0.5672889376244195,0.5665214285714285,0.5720950034162106,0.2696,resnet32,0.2265,0.2262,3.8520013869486074,3.7536857534538615,0.09831563689724797,resnet32,0.197,0.1912,3.8470711677589198,3.750068313357505,0.0970028551210734,resnet32,0.2823,0.2796,3.8513916209340096,3.7544277161359787,0.09696390371854333,resnet32,0.2528,0.2486,3.8476954573257403,3.7493221272121775,0.09837333630474115,resnet32,0.2754,0.2764,3.8595344624058767,3.760880005291917,0.0986544612519951,resnet32,0.2992,0.2964,3.8500433374534953,3.751662705093622,0.09838062908966094,resnet32,0.3388,0.3402,3.843789079988545,3.7454271888868376,0.09836188910148022,resnet32,0.2848,0.2904,3.8447402373633603,3.7460216700353404,0.09871856326406653,4500000.0,5000.0,18010000.0,702390000.0,5619120000.0
resnet32x8_cifar100_K8_mwmd1_noise40_seed0003_d001,d001,resnet32:8,cifar100,8,matched,mwmd1,peers,3,200,64,0.1,0.9,0.0005,True,0,60,0.1,1.0,1,,disagreement,1.0,1,0.0,0.5,weight,complete,0.4,0.398956,42,0,45000,5000,10000,3760032,39,0.1,1,68.59,0.32552499999999995,0.014875462177693847,0.3072,0.3549,0.3689,0.04337500000000005,0.32437499999999997,0.3694,0.5206285714285713,0.5936361794512014,0.520932142857143,0.5979490594292427,0.32552499999999995,resnet32,0.3357,0.3362,3.8461960374631663,3.746862056241794,0.0993339823326096,resnet32,0.3549,0.3544,3.844079203903675,3.7452460415661335,0.09883316471876408,resnet32,0.3171,0.3158,3.8426430665633897,3.7444079511544923,0.09823511860502715,resnet32,0.3072,0.308,3.843673765997995,3.745433257046071,0.09824051224330271,resnet32,0.3085,0.3104,3.8533416420898656,3.754725140604106,0.09861650150692598,resnet32,0.3192,0.315,3.8437772515145214,3.7453594505786896,0.09841780494686893,resnet32,0.3332,0.3284,3.834839075465094,3.7360960973257367,0.09874298101799055,resnet32,0.3284,0.3268,3.839428186077963,3.7400867657905277,0.09934142421380701,4500000.0,5000.0,18010000.0,720400000.0,5763200000.0
resnet32x8_cifar100_K8_mwmd1_noise40_seed0003_d001,d001,resnet32:8,cifar100,8,matched,mwmd1,peers,3,200,64,0.1,0.9,0.0005,True,0,60,0.1,1.0,1,,disagreement,1.0,1,0.0,0.5,weight,complete,0.4,0.398956,42,0,45000,5000,10000,3760032,40,0.1,1,68.84,0.32611249999999997,0.010349328178679031,0.312,0.344,0.3578,0.031687500000000035,0.324975,0.3574,0.45665714285714276,0.6505993106418609,0.46395357142857135,0.6486479058449308,0.32611249999999997,resnet32,0.3328,0.345,3.8426632085307078,3.7442033280703155,0.0984598803228106,resnet32,0.3278,0.32,3.83935018053109,3.7409064515747805,0.09844373279801485,resnet32,0.3182,0.3272,3.844265244223855,3.744191036305644,0.10007420855320313,resnet32,0.316,0.3084,3.8408411863175305,3.742450499060479,0.0983906876592135,resnet32,0.312,0.3084,3.8521302484653215,3.754078693687916,0.098051550491205,resnet32,0.3217,0.32,3.8460599075664175,3.7477558827535673,0.09830402498218146,resnet32,0.344,0.3346,3.8346208652312104,3.7364505644549024,0.09817030190871182,resnet32,0.3364,0.3362,3.8375939425419676,3.7374239465729757,0.10016999850896272,4500000.0,5000.0,18010000.0,738410000.0,5907280000.0
resnet32x8_cifar100_K8_mwmd1_noise40_seed0003_d001,d001,resnet32:8,cifar100,8,matched,mwmd1,peers,3,200,64,0.1,0.9,0.0005,True,0,60,0.1,1.0,1,,disagreement,1.0,1,0.0,0.5,weight,complete,0.4,0.398956,42,0,45000,5000,10000,3760032,41,0.1,1,68.61,0.30665,0.01730852391164538,0.2751,0.3253,0.3418,0.035150000000000015,0.31044999999999995,0.344,0.4937285714285715,0.6311965642199617,0.5022285714285714,0.6197164372165419,0.30665,resnet32,0.3251,0.3332,3.8405279869383033,3.742953721772541,0.09757426426618952,resnet32,0.3246,0.3248,3.838292509317398,3.739449925382029,0.09884258829565211,resnet32,0.289,0.2934,3.842630685391751,3.7434268102727155,0.09920387298122725,resnet32,0.2983,0.3046,3.8418983251533727,3.7422053553164005,0.09969296917022968,resnet32,0.3253,0.3314,3.8508297364142807,3.7515028064901177,0.09932693177622488,resnet32,0.3097,0.3126,3.8441437144171107,3.7444220026108352,0.09972171131944792,resnet32,0.2751,0.2778,3.8365618125958876,3.7378314794464544,0.09873033176303249,resnet32,0.3061,0.3058,3.8344872973181983,3.7367687228728426,0.09771857163022188,4500000.0,5000.0,18010000.0,756420000.0,6051360000.0
resnet32x8_cifar100_K8_mwmd1_noise40_seed0003_d001,d001,resnet32:8,cifar100,8,matched,mwmd1,peers,3,200,64,0.1,0.9,0.0005,True,0,60,0.1,1.0,1,,disagreement,1.0,1,0.0,0.5,weight,complete,0.4,0.398956,42,0,45000,5000,10000,3760032,42,0.1,1,67.95,0.31372500000000003,0.01904657121373818,0.273,0.3312,0.3516,0.03787499999999999,0.309925,0.3454,0.5080571428571428,0.6095258769922666,0.5195107142857142,0.5965348242070363,0.31372500000000003,resnet32,0.295,0.2882,3.8358896019106563,3.738239668987014,0.09764993194998665,resnet32,0.273,0.2752,3.832325106317347,3.7309538657692345,0.10137124501422724,resnet32,0.3268,0.3328,3.8419009216807107,3.7407494664869527,0.10115146039011465,resnet32,0.3284,0.329,3.8346734673462133,3.736569572578777,0.09810389034365388,resnet32,0.3312,0.317,3.842745814472437,3.7444799207150936,0.09826588858215307,resnet32,0.3133,0.3114,3.840522041374987,3.7370876246555285,0.10343442146073688,resnet32,0.3279,0.3202,3.8317214606160466,3.728264454752207,0.10345700980608606,resnet32,0.3142,0.3056,3.828974327919158,3.7312498868189077,0.09772444380955263,4500000.0,5000.0,18010000.0,774430000.0,6195440000.0
resnet32x8_cifar100_K8_mwmd1_noise40_seed0003_d001,d001,resnet32:8,cifar100,8,matched,mwmd1,peers,3,200,64,0.1,0.9,0.0005,True,0,60,0.1,1.0,1,,disagreement,1.0,1,0.0,0.5,weight,complete,0.4,0.398956,42,0,45000,5000,10000,3760032,43,0.1,1,68.19,0.259475,0.03850749115431957,0.1817,0.316,0.2988,0.039325,0.25334999999999996,0.2902,0.5704714285714285,0.5463186928601528,0.5707678571428573,0.5480285172606354,0.259475,resnet32,0.2708,0.2574,3.8339310227469965,3.732471798292615,0.1014592242109674,resnet32,0.2389,0.2388,3.8308216397735206,3.7309696433896367,0.09985199562189254,resnet32,0.2642,0.256,3.8388458994979207,3.7379970638589426,0.100848836527968,resnet32,0.2366,0.2252,3.8324398804794657,3.7327431189742954,0.09969676033043387,resnet32,0.1817,0.1812,3.8449584130536425,3.7469760711220177,0.09798233995256438,resnet32,0.2968,0.2936,3.8389591832052576,3.737571481615305,0.10138769808690995,resnet32,0.316,0.3058,3.827543683688749,3.7295192239636723,0.09802445300473747,resnet32,0.2708,0.2688,3.8259817595508965,3.724944407628341,0.10103735533034937,4500000.0,5000.0,18010000.0,792440000.0,6339520000.0
resnet32x8_cifar100_K8_mwmd1_noise40_seed0003_d001,d001,resnet32:8,cifar100,8,matched,mwmd1,peers,3,200,64,0.1,0.9,0.0005,True,0,60,0.1,1.0,1,,disagreement,1.0,1,0.0,0.5,weight,complete,0.4,0.398956,42,0,45000,5000,10000,3760032,44,0.1,1,68.42,0.29278750000000003,0.026505869043477896,0.2561,0.3399,0.3273,0.034512499999999946,0.28552500000000003,0.3188,0.5168357142857143,0.5946565817256895,0.5161035714285716,0.6026325668930577,0.29278750000000003,resnet32,0.271,0.258,3.83707556263967,3.7360101003538477,0.1010654561898925,resnet32,0.2991,0.2956,3.8347003730860623,3.7336703880944033,0.10102997913914309,resnet32,0.2561,0.2448,3.838175126097419,3.737876733595675,0.10029839544387703,resnet32,0.3399,0.3334,3.8360840999944643,3.73627923022617,0.09980486576784063,resnet32,0.3082,0.3006,3.847770969637416,3.7473406588489357,0.1004303121960468,resnet32,0.2865,0.2804,3.8390129062939775,3.735402375121008,0.10361053122588518,resnet32,0.3158,0.3108,3.8290028470483692,3.7291077243333515,0.09989512363575738,resnet32,0.2657,0.2606,3.8326431560245426,3.728825501758944,0.10381764724892988,4500000.0,5000.0,18010000.0,810450000.0,6483600000.0
resnet32x8_cifar100_K8_mwmd1_noise40_seed0003_d001,d001,resnet32:8,cifar100,8,matched,mwmd1,peers,3,200,64,0.1,0.9,0.0005,True,0,60,0.1,1.0,1,,disagreement,1.0,1,0.0,0.5,weight,complete,0.4,0.398956,42,0,45000,5000,10000,3760032,45,0.1,1,67.99,0.27132500000000004,0.02325745848109806,0.2402,0.3041,0.3051,0.033774999999999944,0.278125,0.3212,0.5508000000000001,0.5957479820731842,0.5550642857142857,0.6019956820491894,0.27132500000000004,resnet32,0.2402,0.249,3.8357161046429114,3.735635793683204,0.10008031175344843,resnet32,0.2876,0.2938,3.8336103890429842,3.7315804460509256,0.10202994800850072,resnet32,0.2825,0.2934,3.8354363319548694,3.738620732656934,0.09681559922385284,resnet32,0.2794,0.2806,3.8338876590132713,3.732125187800689,0.10176247494845567,resnet32,0.2425,0.2472,3.8420971242541615,3.745269837704572,0.09682727697178382,resnet32,0.3041,0.3144,3.8348648236556486,3.732814754952084,0.10205007075670768,resnet32,0.2452,0.25,3.8283374363725837,3.728265021334995,0.10007241848771545,resnet32,0.2891,0.2966,3.8280852037397297,3.726327854801308,0.10175735445227474,4500000.0,5000.0,18010000.0,828460000.0,6627680000.0
resnet32x8_cifar100_K8_mwmd1_noise40_seed0003_d001,d001,resnet32:8,cifar100,8,matched,mwmd1,peers,3,200,64,0.1,0.9,0.0005,True,0,60,0.1,1.0,1,,disagreement,1.0,1,0.0,0.5,weight,complete,0.4,0.398956,42,0,45000,5000,10000,3760032,46,0.1,1,68.85,0.29564999999999997,0.02738626480555536,0.2392,0.3417,0.3329,0.037250000000000005,0.30227499999999996,0.3428,0.5610785714285715,0.5657423695781353,0.5680785714285715,0.557693427857813,0.29564999999999997,resnet32,0.2992,0.3082,3.830375032668764,3.728691652417183,0.10168337828310375,resnet32,0.2964,0.2996,3.8308850899338722,3.7305321425876836,0.10035295038357038,resnet32,0.3169,0.3176,3.8340442343191667,3.7329384941946375,0.10110574410381643,resnet32,0.283,0.2956,3.8339197273281487,3.7327137999236584,0.10120592987037856,resnet32,0.3001,0.3094,3.845603720031001,3.7428115122020245,0.10279220500325953,resnet32,0.3417,0.345,3.8347977183081885,3.7333059927279297,0.10149172768631781,resnet32,0.2392,0.2496,3.82967260716991,3.729347425089641,0.10032517904288728,resnet32,0.2887,0.2932,3.831352858042175,3.728534285317768,0.10281857097817754,4500000.0,5000.0,18010000.0,846470000.0,6771760000.0
resnet32x8_cifar100_K8_mwmd1_noise40_seed0003_d001,d001,resnet32:8,cifar100,8,matched,mwmd1,peers,3,200,64,0.1,0.9,0.0005,True,0,60,0.1,1.0,1,,disagreement,1.0,1,0.0,0.5,weight,complete,0.4,0.398956,42,0,45000,5000,10000,3760032,47,0.1,1,68.85,0.33194999999999997,0.01947787206036635,0.2967,0.3592,0.3758,0.043850000000000056,0.333025,0.3762,0.5085714285714287,0.6003659473072851,0.513267857142857,0.59511243939681,0.33194999999999997,resnet32,0.3243,0.3304,3.8359875689175995,3.734734600240534,0.10125297211660919,resnet32,0.3391,0.3356,3.8283321386711164,3.7282628254456953,0.10006931334183636,resnet32,0.3325,0.334,3.8331773098219526,3.731921369379217,0.10125593905633484,resnet32,0.2967,0.2924,3.828322366557338,3.728208754550327,0.10011361269491979,resnet32,0.3588,0.3526,3.8415606502782214,3.7423078421164644,0.0992528110192242,resnet32,0.318,0.3154,3.8363240367986937,3.7320953251963314,0.10422870940105482,resnet32,0.327,0.338,3.823990965092724,3.724832844666459,0.09915812420447102,resnet32,0.3592,0.3658,3.8300663730637594,3.725706307725473,0.10436006045942618,4500000.0,5000.0,18010000.0,864480000.0,6915840000.0
resnet32x8_cifar100_K8_mwmd1_noise40_seed0003_d001,d001,resnet32:8,cifar100,8,matched,mwmd1,peers,3,200,64,0.1,0.9,0.0005,True,0,60,0.1,1.0,1,,disagreement,1.0,1,0.0,0.5,weight,complete,0.4,0.398956,42,0,45000,5000,10000,3760032,48,0.1,1,69.4,0.3267625,0.00920026324351645,0.3115,0.3418,0.3724,0.0456375,0.3312,0.3768,0.5201428571428571,0.5877770785493814,0.5266214285714285,0.5828628532238669,0.3267625,resnet32,0.3339,0.337,3.825486155396158,3.724329909479076,0.10115624665790661,resnet32,0.3257,0.3242,3.825418747961521,3.7243923839520323,0.10102636847560378,resnet32,0.3216,0.331,3.8287074738605456,3.7248742279003966,0.10383324742063203,resnet32,0.3115,0.3134,3.827967344359918,3.722967999225313,0.10499934720362282,resnet32,0.3314,0.3472,3.833797521550547,3.7328387180512603,0.10095880497035316,resnet32,0.3169,0.3186,3.827886188572103,3.727001255886121,0.10088493327864191,resnet32,0.3313,0.3374,3.8251844461668623,3.7213223353028297,0.10386210941413249,resnet32,0.3418,0.3408,3.820242585783655,3.715108957141638,0.10513363320338116,4500000.0,5000.0,18010000.0,882490000.0,7059920000.0
resnet32x8_cifar100_K8_mwmd1_noise40_seed0003_d001,d001,resnet32:8,cifar100,8,matched,mwmd1,peers,3,200,64,0.1,0.9,0.0005,True,0,60,0.1,1.0,1,,disagreement,1.0,1,0.0,0.5,weight,complete,0.4,0.398956,42,0,45000,5000,10000,3760032,49,0.1,1,70.51,0.312775,0.0215782732163628,0.2938,0.3562,0.3489,0.03612499999999996,0.319525,0.3572,0.4954642857142857,0.6363585039296519,0.5020535714285713,0.6295045350317616,0.312775,resnet32,0.2947,0.2994,3.828810140151869,3.725964330475439,0.10284580882977355,resnet32,0.2938,0.2938,3.83010055531155,3.7283276678486303,0.10177289048971777,resnet32,0.3212,0.3272,3.828467945822261,3.7267537763850256,0.10171417227353562,resnet32,0.3059,0.3132,3.8255035514858635,3.7263350063426928,0.09916854537600144,resnet32,0.295,0.3046,3.8354945291172373,3.7362469177354467,0.09924761727663943,resnet32,0.2994,0.3154,3.8332136422395706,3.727631726386872,0.10558191341855987,resnet32,0.336,0.3374,3.8236392021856527,3.7208750932054087,0.10276411324527791,resnet32,0.3562,0.3652,3.8231209442019463,3.7173000519925896,0.1058208911722018,4500000.0,5000.0,18010000.0,900500000.0,7204000000.0
resnet32x8_cifar100_K8_mwmd1_noise40_seed0003_d001,d001,resnet32:8,cifar100,8,matched,mwmd1,peers,3,200,64,0.1,0.9,0.0005,True,0,60,0.1,1.0,1,,disagreement,1.0,1,0.0,0.5,weight,complete,0.4,0.398956,42,0,45000,5000,10000,3760032,50,0.1,1,68.62,0.3226375,0.015338264039649338,0.2929,0.3501,0.3655,0.04286249999999997,0.323125,0.3662,0.52245,0.5982480361196009,0.5321607142857144,0.589677652604253,0.3226375,resnet32,0.3176,0.3198,3.822677593339573,3.7226013046774,0.10007628475696864,resnet32,0.3323,0.331,3.8258152014829894,3.724224041808735,0.10159116293388334,resnet32,0.3314,0.3316,3.824338349090381,3.7241022888232362,0.10023605507078835,resnet32,0.3184,0.3182,3.824677428061312,3.7214772281321613,0.10320019925182516,resnet32,0.3501,0.3436,3.8357734622603115,3.735705888068134,0.10006757791746747,resnet32,0.321,0.3214,3.828514723615213,3.7253203876316547,0.10319433620580556,resnet32,0.3174,0.3282,3.819110420955853,3.7190693874250758,0.10004103276878595,resnet32,0.2929,0.2912,3.8186095275662164,3.7169738157906314,0.10163570642047985,4500000.0,5000.0,18010000.0,918510000.0,7348080000.0
resnet32x8_cifar100_K8_mwmd1_noise40_seed0003_d001,d001,resnet32:8,cifar100,8,matched,mwmd1,peers,3,200,64,0.1,0.9,0.0005,True,0,60,0.1,1.0,1,,disagreement,1.0,1,0.0,0.5,weight,complete,0.4,0.398956,42,0,45000,5000,10000,3760032,51,0.1,1,68.72,0.29462499999999997,0.02360824802902579,0.2692,0.3267,0.3319,0.037275,0.2893,0.3274,0.5135785714285714,0.5995088582489236,0.5156750000000001,0.596632265380116,0.29462499999999997,resnet32,0.3129,0.3038,3.816200465302576,3.7174051613970236,0.09879530061417344,resnet32,0.3063,0.306,3.818124993619594,3.715513004836711,0.1026119859254157,resnet32,0.3237,0.317,3.821679246696559,3.718866175209934,0.10281307352918455,resnet32,0.2692,0.2674,3.824472224847837,3.7216345274990257,0.1028376928509467,resnet32,0.2694,0.2598,3.8269052634185012,3.7282718768851324,0.0986333872847767,resnet32,0.3267,0.3254,3.8243571519851685,3.7218731276013632,0.10248402901925147,resnet32,0.2718,0.2712,3.8161314102736386,3.7129359685561876,0.10319544464900074,resnet32,0.277,0.2638,3.8122231902723964,3.708772001618689,0.1034511868333952,4500000.0,5000.0,18010000.0,936520000.0,7492160000.0
resnet32x8_cifar100_K8_mwmd1_noise40_seed0003_d001,d001,resnet32:8,cifar100,8,matched,mwmd1,peers,3,200,64,0.1,0.9,0.0005,True,0,60,0.1,1.0,1,,disagreement,1.0,1,0.0,0.5,weight,complete,0.4,0.398956,42,0,45000,5000,10000,3760032,52,0.1,1,68.95,0.3003875,0.022610641161851207,0.2546,0.3212,0.3473,0.046912500000000024,0.297925,0.346,0.5450857142857143,0.578164998824772,0.5505642857142857,0.579482895796445,0.3003875,resnet32,0.3204,0.3152,3.8191335397687824,3.717437566004016,0.10169597812504931,resnet32,0.2926,0.2862,3.821674149822105,3.7175347347828476,0.10413941780147566,resnet32,0.3212,0.3146,3.822901851751588,3.721386130560528,0.10151571974115954,resnet32,0.2859,0.2846,3.8209772384302183,3.7213671583343637,0.09961008163042027,resnet32,0.2546,0.2582,3.8247760828923094,3.725078658285466,0.0996974279299717,resnet32,0.2888,0.2906,3.824900189245289,3.7190085155042736,0.10589167622807012,resnet32,0.319,0.323,3.815268292345784,3.711165534501726,0.10410275479609316,resnet32,0.3206,0.311,3.8143207647583703,3.708307668566704,0.10601309381044385,4500000.0,5000.0,18010000.0,954530000.0,7636240000.0
resnet32x8_cifar100_K8_mwmd1_noise40_seed0003_d001,d001,resnet32:8,cifar100,8,matched,mwmd1,peers,3,200,64,0.1,0.9,0.0005,True,0,60,0.1,1.0,1,,disagreement,1.0,1,0.0,0.5,weight,complete,0.4,0.398956,42,0,45000,5000,10000,3760032,53,0.1,1,69.04,0.3298625,0.01055224354106746,0.3165,0.348,0.3681,0.03823749999999998,0.333325,0.3724,0.5137928571428573,0.5996814039376074,0.5192535714285713,0.6040884038197127,0.3298625,resnet32,0.3442,0.349,3.8279878344725478,3.7246382771567865,0.10334954898677427,resnet32,0.3201,0.3204,3.823785241015933,3.7224539768966762,0.1013312720354985,resnet32,0.3165,0.3228,3.8265876488929447,3.7267145717685874,0.0998730745208873,resnet32,0.3282,0.3352,3.824831295419823,3.723461593416604,0.10136970148464157,resnet32,0.33,0.3348,3.8324793465435505,3.7324871850961987,0.09999216171193191,resnet32,0.348,0.3462,3.829570608721538,3.7240259853953663,0.10554461576975882,resnet32,0.3309,0.3368,3.823056987402114,3.7173170054500755,0.10573998042805628,resnet32,0.321,0.3214,3.813937474042177,3.7105415778403934,0.1033958904974332,4500000.0,5000.0,18010000.0,972540000.0,7780320000.0
resnet32x8_cifar100_K8_mwmd1_noise40_seed0003_d001,d001,resnet32:8,cifar100,8,matched,mwmd1,peers,3,200,64,0.1,0.9,0.0005,True,0,60,0.1,1.0,1,,disagreement,1.0,1,0.0,0.5,weight,complete,0.4,0.398956,42,0,45000,5000,10000,3760032,54,0.1,1,68.56,0.3383125,0.018366371273335402,0.2978,0.3621,0.3832,0.04488749999999997,0.33655,0.3748,0.5135785714285713,0.5970642579281569,0.5182214285714286,0.5939565533231093,0.3383125,resnet32,0.3538,0.351,3.819744764742526,3.7173888595266775,0.10235590522643179,resnet32,0.34,0.3384,3.8215278928930108,3.717191132632169,0.10433675608047369,resnet32,0.3262,0.3318,3.8218175023794174,3.7184337367388336,0.10338376557708463,resnet32,0.3621,0.3614,3.820137583057989,3.716801870952953,0.10333571304694157,resnet32,0.3416,0.324,3.8323053592308,3.7285580543631855,0.10374730529094284,resnet32,0.3372,0.337,3.8233236386017366,3.718941303478046,0.1043823342770338,resnet32,0.3478,0.352,3.8135880567133427,3.7113940742882816,0.10219398225572976,resnet32,0.2978,0.2968,3.8133879639208317,3.7095616679977286,0.10382629846307365,4500000.0,5000.0,18010000.0,990550000.0,7924400000.0
resnet32x8_cifar100_K8_mwmd1_noise40_seed0003_d001,d001,resnet32:8,cifar100,8,matched,mwmd1,peers,3,200,64,0.1,0.9,0.0005,True,0,60,0.1,1.0,1,,disagreement,1.0,1,0.0,0.5,weight,complete,0.4,0.398956,42,0,45000,5000,10000,3760032,55,0.1,1,68.61,0.33781249999999996,0.007503072287403335,0.329,0.3491,0.3903,0.05248750000000002,0.333725,0.3794,0.52775,0.5903182219650092,0.5337357142857142,0.5775355340539802,0.33781249999999996,resnet32,0.3444,0.3352,3.8173014623197643,3.7152553180401977,0.10204614787785844,resnet32,0.3475,0.3458,3.8190206658433783,3.714972463859753,0.10404819780325686,resnet32,0.3367,0.3376,3.823006160218607,3.7188149893825706,0.10419116754465821,resnet32,0.3328,0.3288,3.8170696957544847,3.7151828946715053,0.1018868000881577,resnet32,0.3305,0.3256,3.82715241746469,3.7254667800258505,0.1016856403703886,resnet32,0.329,0.3204,3.820337253199382,3.7187142091041263,0.10162304429633712,resnet32,0.3491,0.3474,3.817062181166627,3.71275651387193,0.10430566622579301,resnet32,0.3325,0.329,3.8113259601999414,3.7068513303317805,0.10447462439664047,4500000.0,5000.0,18010000.0,1008560000.0,8068480000.0
resnet32x8_cifar100_K8_mwmd1_noise40_seed0003_d001,d001,resnet32:8,cifar100,8,matched,mwmd1,peers,3,200,64,0.1,0.9,0.0005,True,0,60,0.1,1.0,1,,disagreement,1.0,1,0.0,0.5,weight,complete,0.4,0.398956,42,0,45000,5000,10000,3760032,56,0.1,1,68.69,0.3491625,0.01830866854115831,0.312,0.3712,0.3963,0.0471375,0.33887500000000004,0.3842,0.5073142857142858,0.591026410781,0.5119035714285715,0.5993732215881639,0.3491625,resnet32,0.312,0.2932,3.8161802996288645,3.7122440680184146,0.10393623467958109,resnet32,0.3712,0.367,3.8142285705967383,3.710595467889851,0.10363310553260487,resnet32,0.3448,0.3402,3.8215789419006216,3.715091820806265,0.10648711972912266,resnet32,0.3389,0.321,3.814112138680436,3.7140650508755986,0.10004709210162135,resnet32,0.3434,0.3314,3.824009303680875,3.7236220345578412,0.1003872628577731,resnet32,0.3684,0.3614,3.8182664808224547,3.7144312299788,0.10383524538271806,resnet32,0.3485,0.337,3.810844149101864,3.707183880562132,0.10366027399008586,resnet32,0.3661,0.3598,3.8082281083545904,3.701594439758496,0.10663366998249496,4500000.0,5000.0,18010000.0,1026570000.0,8212560000.0
resnet32x8_cifar100_K8_mwmd1_noise40_seed0003_d001,d001,resnet32:8,cifar100,8,matched,mwmd1,peers,3,200,64,0.1,0.9,0.0005,True,0,60,0.1,1.0,1,,disagreement,1.0,1,0.0,0.5,weight,complete,0.4,0.398956,42,0,45000,5000,10000,3760032,57,0.1,1,69.63,0.328275,0.007733490479725186,0.319,0.3421,0.3645,0.03622500000000001,0.31737499999999996,0.3498,0.4869214285714286,0.625512229117237,0.48392142857142867,0.6389703312176475,0.328275,resnet32,0.3282,0.3222,3.817598954520442,3.7133350291035394,0.10426391830498521,resnet32,0.3381,0.3222,3.8161086050624196,3.7149650183590976,0.10114358529575508,resnet32,0.3292,0.326,3.816912046887658,3.7124997685578736,0.10441228234082121,resnet32,0.3214,0.313,3.817957562479106,3.7134517543017864,0.1045058098494668,resnet32,0.319,0.306,3.825180305337364,3.723982758481394,0.10119755268731917,resnet32,0.3208,0.3054,3.82580143077807,3.7215069742365317,0.10429446371695535,resnet32,0.3421,0.3328,3.8102226341989907,3.705677588216283,0.10454504635312002,resnet32,0.3274,0.3114,3.8098562227731403,3.7054629410532387,0.10439328312746841,4500000.0,5000.0,18010000.0,1044580000.0,8356640000.0
resnet32x8_cifar100_K8_mwmd1_noise40_seed0003_d001,d001,resnet32:8,cifar100,8,matched,mwmd1,peers,3,200,64,0.1,0.9,0.0005,True,0,60,0.1,1.0,1,,disagreement,1.0,1,0.0,0.5,weight,complete,0.4,0.398956,42,0,45000,5000,10000,3760032,58,0.1,1,68.52,0.33443749999999994,0.012186974347638553,0.3162,0.3549,0.3789,0.04446250000000007,0.3273,0.3704,0.5294285714285716,0.5722747500239477,0.5217464285714286,0.5850125364402646,0.33443749999999994,resnet32,0.3449,0.3344,3.814359515228055,3.710041533139619,0.10431798786686902,resnet32,0.3193,0.3162,3.810829022052613,3.7091713520613583,0.10165766523939303,resnet32,0.3335,0.3274,3.812540842050856,3.7109564945779066,0.1015843484571881,resnet32,0.3277,0.3294,3.8112620795992287,3.7097689018330793,0.10149318262384358,resnet32,0.3162,0.301,3.8237539279189976,3.721968511966142,0.10178541772025214,resnet32,0.3401,0.3344,3.818561087955128,3.7119426141408356,0.10661847492552955,resnet32,0.3389,0.3294,3.8085834472016855,3.704376572573727,0.10420687904115766,resnet32,0.3549,0.3462,3.8084774024107237,3.701789318160577,0.10668808894909242,4500000.0,5000.0,18010000.0,1062590000.0,8500720000.0
resnet32x8_cifar100_K8_mwmd1_noise40_seed0003_d001,d001,resnet32:8,cifar100,8,matched,mwmd1,peers,3,200,64,0.1,0.9,0.0005,True,0,60,0.1,1.0,1,,disagreement,1.0,1,0.0,0.5,weight,complete,0.4,0.398956,42,0,45000,5000,10000,3760032,59,0.1,1,68.97,0.3149375,0.013351024071208927,0.2875,0.3347,0.3581,0.04316249999999999,0.3089,0.352,0.5315785714285716,0.5904790764587081,0.5304607142857145,0.60380940153515,0.3149375,resnet32,0.3347,0.336,3.815970703959465,3.711156418377703,0.104814282967709,resnet32,0.3198,0.3164,3.8204700001938776,3.7156577801162545,0.1048122171989896,resnet32,0.2875,0.2776,3.821685705672611,3.7173185731199654,0.10436713031958789,resnet32,0.309,0.3092,3.8205299435014073,3.7143259034915403,0.10620404372457415,resnet32,0.3143,0.308,3.8252487280829386,3.722562860358845,0.1026858637765558,resnet32,0.3132,0.3086,3.818691447038542,3.712337086146528,0.10635436337906867,resnet32,0.3116,0.2994,3.8147756911136885,3.7119744989005,0.10280119063629006,resnet32,0.3294,0.316,3.8131764250045475,3.7084951224652203,0.10468130221124738,4500000.0,5000.0,18010000.0,1080600000.0,8644800000.0
resnet32x8_cifar100_K8_mwmd1_noise40_seed0003_d001,d001,resnet32:8,cifar100,8,matched,mwmd1,peers,3,200,64,0.1,0.9,0.0005,True,0,60,0.1,1.0,1,,disagreement,1.0,1,0.0,0.5,weight,complete,0.4,0.398956,42,0,45000,5000,10000,3760032,60,0.010000000000000002,1,68.86,0.505575,0.002819463601467486,0.5024,0.5105,0.5244,0.01882499999999998,0.504225,0.521,0.2657,0.7620382810950488,0.27055714285714283,0.7566270222673394,0.505575,resnet32,0.5088,0.5116,3.5574223304336723,3.4838628609749405,0.07355946741088039,resnet32,0.5028,0.4994,3.56499058380723,3.4885731637477875,0.07641742198029533,resnet32,0.5065,0.5094,3.5633608908815817,3.487516022879969,0.07584486994892359,resnet32,0.5025,0.5044,3.563404906879772,3.4874389442530545,0.07596595924008977,resnet32,0.5024,0.5016,3.5684587328948756,3.495143398303877,0.07331533397188071,resnet32,0.5049,0.5018,3.5661808763715355,3.4899937361478806,0.07618713900658557,resnet32,0.5062,0.4988,3.5555630278858272,3.4804621372710574,0.07510089137146926,resnet32,0.5105,0.5068,3.549272201277993,3.4739763100038874,0.07529589395165782,4500000.0,5000.0,18010000.0,1098610000.0,8788880000.0
resnet32x8_cifar100_K8_mwmd1_noise40_seed0003_d001,d001,resnet32:8,cifar100,8,matched,mwmd1,peers,3,200,64,0.1,0.9,0.0005,True,0,60,0.1,1.0,1,,disagreement,1.0,1,0.0,0.5,weight,complete,0.4,0.398956,42,0,45000,5000,10000,3760032,61,0.010000000000000002,1,68.85,0.5162,0.0021948804067647926,0.514,0.5211,0.5357,0.019499999999999962,0.514125,0.531,0.2648642857142857,0.7573779208686847,0.26850357142857145,0.7542732678376428,0.5162,resnet32,0.5182,0.5194,3.480117688463493,3.4037025736814197,0.07641511715800417,resnet32,0.514,0.5148,3.483500152148984,3.40519635819576,0.07830379434480247,resnet32,0.5162,0.5108,3.4794244525784794,3.4014112840999258,0.07801316768481312,resnet32,0.5152,0.5174,3.4818077707155184,3.4055158164013517,0.07629195438295772,resnet32,0.5152,0.5082,3.494722394103354,3.414759761569175,0.07996263303688135,resnet32,0.515,0.5124,3.4877270006320695,3.4069556333124638,0.08077136592791331,resnet32,0.5147,0.5092,3.4754798151552677,3.3946432291784068,0.08083658263785765,resnet32,0.5211,0.5208,3.472355688160116,3.392273287542842,0.08008240344828334,4500000.0,5000.0,18010000.0,1116620000.0,8932960000.0
resnet32x8_cifar100_K8_mwmd1_noise40_seed0003_d001,d001,resnet32:8,cifar100,8,matched,mwmd1,peers,3,200,64,0.1,0.9,0.0005,True,0,60,0.1,1.0,1,,disagreement,1.0,1,0.0,0.5,weight,complete,0.4,0.398956,42,0,45000,5000,10000,3760032,62,0.010000000000000002,1,68.58,0.5247125,0.00425483181218719,0.5185,0.5311,0.548,0.023287500000000017,0.51505,0.5394,0.27175000000000005,0.7538895150157342,0.2736714285714286,0.7520212161513949,0.5247125,resnet32,0.5249,0.525,3.4538232508030804,3.37144201350483,0.08238123382695696,resnet32,0.5278,0.5144,3.454852345653556,3.3735422783277254,0.08131006806665524,resnet32,0.5211,0.5168,3.4517073597420347,3.3698439709842205,0.08186338271480054,resnet32,0.5185,0.5064,3.4564726406877693,3.374369834295728,0.08210280392615293,resnet32,0.5207,0.512,3.465117024765773,3.3839130872352556,0.0812039382184263,resnet32,0.5298,0.5192,3.458125689151612,3.375979233194481,0.08214645736998963,resnet32,0.5238,0.5088,3.4446639608253133,3.3634366528554396,0.08122730684805322,resnet32,0.5311,0.5178,3.442690086635676,3.3612612557004797,0.08142883498856629,4500000.0,5000.0,18010000.0,1134630000.0,9077040000.0
resnet32x8_cifar100_K8_mwmd1_noise40_seed0003_d001,d001,resnet32:8,cifar100,8,matched,mwmd1,peers,3,200,64,0.1,0.9,0.0005,True,0,60,0.1,1.0,1,,disagreement,1.0,1,0.0,0.5,weight,complete,0.4,0.398956,42,0,45000,5000,10000,3760032,63,0.010000000000000002,1,70.6,0.52555,0.0011213830746002681,0.5238,0.5276,0.5466,0.021050000000000013,0.5237999999999999,0.5404,0.2704285714285714,0.7482771663199339,0.27738571428571424,0.7367884182448846,0.52555,resnet32,0.5276,0.53,3.4420232393524866,3.3540352261201902,0.08798801439644938,resnet32,0.5257,0.5246,3.441458094526421,3.3561560216952455,0.08530206842855974,resnet32,0.5238,0.5228,3.4381673637438905,3.3503555343909697,0.08781183171297678,resnet32,0.5267,0.5244,3.4427219473502855,3.3539740683680233,0.08874787884468044,resnet32,0.5249,0.5156,3.45259359174154,3.3674355897713792,0.0851580013986677,resnet32,0.5246,0.5236,3.446583941917528,3.3573619398203762,0.08922200733584097,resnet32,0.5258,0.524,3.4332827018065886,3.3439350703900512,0.08934762916231359,resnet32,0.5253,0.5254,3.4305977340448988,3.341815704649145,0.08878203372428702,4500000.0,5000.0,18010000.0,1152640000.0,9221120000.0
resnet32x8_cifar100_K8_mwmd1_noise40_seed0003_d001,d001,resnet32:8,cifar100,8,matched,mwmd1,peers,3,200,64,0.1,0.9,0.0005,True,0,60,0.1,1.0,1,,disagreement,1.0,1,0.0,0.5,weight,complete,0.4,0.398956,42,0,45000,5000,10000,3760032,64,0.010000000000000002,1,68.68,0.5280125,0.0054190491555253595,0.5203,0.5352,0.5507,0.02268749999999997,0.526375,0.5436,0.2774142857142857,0.7380211299585138,0.2801857142857143,0.7420319826926847,0.5280125,resnet32,0.5269,0.5238,3.4205705753781577,3.331704532558268,0.08886604860890657,resnet32,0.5213,0.5236,3.42406319047917,3.335169739682566,0.088893449685367,resnet32,0.5332,0.5318,3.42116310887716,3.3278478648174894,0.09331524531907318,resnet32,0.5244,0.5294,3.4216351072219284,3.333021851425821,0.08861325204965066,resnet32,0.5203,0.5144,3.4341763854026794,3.34578002481298,0.08839636300267144,resnet32,0.5287,0.5294,3.42857850715518,3.334422493184155,0.09415601372761144,resnet32,0.5341,0.5264,3.4170585609972477,3.323592812161554,0.09346575115341693,resnet32,0.5352,0.5322,3.412220922383395,3.317849809811874,0.09437111144970087,4500000.0,5000.0,18010000.0,1170650000.0,9365200000.0
resnet32x8_cifar100_K8_mwmd1_noise40_seed0003_d001,d001,resnet32:8,cifar100,8,matched,mwmd1,peers,3,200,64,0.1,0.9,0.0005,True,0,60,0.1,1.0,1,,disagreement,1.0,1,0.0,0.5,weight,complete,0.4,0.398956,42,0,45000,5000,10000,3760032,65,0.010000000000000002,1,68.63,0.5329250000000001,0.004587959786223086,0.5255,0.54,0.559,0.02607499999999996,0.529925,0.552,0.2802785714285715,0.7342480734422558,0.28278928571428563,0.7336595506797557,0.5329250000000001,resnet32,0.533,0.5354,3.414687779816714,3.3168760924176737,0.09781168247255581,resnet32,0.5287,0.528,3.416872364892201,3.3195650340481238,0.09730732837818902,resnet32,0.5373,0.5256,3.4102323688566685,3.3132926127450033,0.09693976009095256,resnet32,0.5255,0.5274,3.4156988960775463,3.319293261590329,0.09640563625461337,resnet32,0.53,0.526,3.4269837388260798,3.330873763696714,0.09610997690734538,resnet32,0.5319,0.5318,3.417995161969553,3.32197047973221,0.09602468499956145,resnet32,0.537,0.5266,3.405953261662613,3.309669868512587,0.09628339353102175,resnet32,0.54,0.5386,3.4000285995954815,3.302246441556649,0.09778215720275925,4500000.0,5000.0,18010000.0,1188660000.0,9509280000.0
resnet32x8_cifar100_K8_mwmd1_noise40_seed0003_d001,d001,resnet32:8,cifar100,8,matched,mwmd1,peers,3,200,64,0.1,0.9,0.0005,True,0,60,0.1,1.0,1,,disagreement,1.0,1,0.0,0.5,weight,complete,0.4,0.398956,42,0,45000,5000,10000,3760032,66,0.010000000000000002,1,68.65,0.5306500000000001,0.003343650699460104,0.5253,0.5361,0.5588,0.028149999999999897,0.5268999999999999,0.5506,0.29445,0.7235973295870769,0.30159285714285705,0.7190958045070335,0.5306500000000001,resnet32,0.5294,0.5332,3.4100598367777737,3.308838625184514,0.10122121148742735,resnet32,0.5296,0.5282,3.4124681766737592,3.310751548544927,0.10171663322464818,resnet32,0.5289,0.5292,3.4060896272686394,3.305165810341185,0.10092381844085387,resnet32,0.5283,0.519,3.4046634896235033,3.308165014467456,0.09649847477505152,resnet32,0.5253,0.5172,3.421308774839748,3.3249577443030747,0.09635103129866449,resnet32,0.5337,0.532,3.4139042124152184,3.3108646023002537,0.10303960455877875,resnet32,0.5339,0.5316,3.40203645452857,3.2988582239909605,0.10317822971211915,resnet32,0.5361,0.5248,3.3956220498816534,3.2939022593200207,0.10171978978905827,4500000.0,5000.0,18010000.0,1206670000.0,9653360000.0
resnet32x8_cifar100_K8_mwmd1_noise40_seed0003_d001,d001,resnet32:8,cifar100,8,matched,mwmd1,peers,3,200,64,0.1,0.9,0.0005,True,0,60,0.1,1.0,1,,disagreement,1.0,1,0.0,0.5,weight,complete,0.4,0.398956,42,0,45000,5000,10000,3760032,67,0.010000000000000002,1,68.31,0.5300125,0.006249487478985782,0.5202,0.5393,0.5589,0.028887499999999955,0.525925,0.552,0.30487857142857144,0.713227946638005,0.30379285714285714,0.7140540353536659,0.5300125,resnet32,0.5289,0.5244,3.4041035889901896,3.2975361018695613,0.1065674804743718,resnet32,0.5343,0.5302,3.405396046963605,3.3019305657256734,0.10346547629557211,resnet32,0.5338,0.5272,3.401887246153571,3.2950279235162516,0.10685932136733424,resnet32,0.5202,0.5214,3.4081442596560176,3.3005679090591995,0.10757635112597862,resnet32,0.5229,0.5154,3.416010156273842,3.312799245119095,0.10321091543036429,resnet32,0.5351,0.5364,3.408085744489323,3.3013387400318277,0.10674700240435248,resnet32,0.5393,0.5302,3.3941776721992274,3.2877722037109463,0.10640547049909153,resnet32,0.5256,0.5222,3.3932608376172455,3.2855929756029085,0.10766785894520581,4500000.0,5000.0,18010000.0,1224680000.0,9797440000.0
resnet32x8_cifar100_K8_mwmd1_noise40_seed0003_d001,d001,resnet32:8,cifar100,8,matched,mwmd1,peers,3,200,64,0.1,0.9,0.0005,True,0,60,0.1,1.0,1,,disagreement,1.0,1,0.0,0.5,weight,complete,0.4,0.398956,42,0,45000,5000,10000,3760032,68,0.010000000000000002,1,68.55,0.5282625,0.005857460520566909,0.5206,0.5367,0.5603,0.03203750000000005,0.525725,0.5548,0.31312142857142866,0.6974548795639561,0.3172142857142857,0.6985887882354819,0.5282625,resnet32,0.5345,0.5346,3.3942841755395587,3.2853930816054344,0.10889109394470738,resnet32,0.5206,0.5128,3.399875467812473,3.291102198375897,0.10877327100289139,resnet32,0.5332,0.5284,3.3958431052213367,3.284509562633254,0.11133354222825305,resnet32,0.523,0.5198,3.397280116988854,3.286504274403507,0.11077584455382418,resnet32,0.5212,0.5246,3.411307207562707,3.301113732836463,0.11019347108561885,resnet32,0.5271,0.5254,3.3980044915594836,3.2875005016950043,0.11050398904957216,resnet32,0.5367,0.5342,3.3865107440135698,3.2750290865925225,0.1114816566273062,resnet32,0.5298,0.526,3.3838772025297987,3.273397361351685,0.11047984196127138,4500000.0,5000.0,18010000.0,1242690000.0,9941520000.0
resnet32x8_cifar100_K8_mwmd1_noise40_seed0003_d001,d001,resnet32:8,cifar100,8,matched,mwmd1,peers,3,200,64,0.1,0.9,0.0005,True,0,60,0.1,1.0,1,,disagreement,1.0,1,0.0,0.5,weight,complete,0.4,0.398956,42,0,45000,5000,10000,3760032,69,0.010000000000000002,1,68.52,0.5275624999999999,0.004527123120702603,0.5195,0.5326,0.5583,0.030737500000000084,0.5208250000000001,0.558,0.3144571428571428,0.7001231851027434,0.31398214285714277,0.7030905068275042,0.5275624999999999,resnet32,0.5255,0.5242,3.393404621630907,3.28028834069317,0.1131162837211212,resnet32,0.5326,0.52,3.40015899119052,3.2861909426071425,0.11396804702764546,resnet32,0.5325,0.527,3.391622542996298,3.277677736499093,0.11394480425356464,resnet32,0.5311,0.524,3.396300406618552,3.283114641904831,0.11318576217375019,resnet32,0.5242,0.5158,3.407899948344989,3.2938094081526454,0.11409053817095066,resnet32,0.5195,0.512,3.39867947047407,3.2826735350218685,0.11600593346255747,resnet32,0.5308,0.5256,3.3855122422630135,3.269376113672148,0.11613612731029703,resnet32,0.5243,0.518,3.3813843066719445,3.2674891972406344,0.11389511094470932,4500000.0,5000.0,18010000.0,1260700000.0,10085600000.0
resnet32x8_cifar100_K8_mwmd1_noise40_seed0003_d001,d001,resnet32:8,cifar100,8,matched,mwmd1,peers,3,200,64,0.1,0.9,0.0005,True,0,60,0.1,1.0,1,,disagreement,1.0,1,0.0,0.5,weight,complete,0.4,0.398956,42,0,45000,5000,10000,3760032,70,0.010000000000000002,1,68.4,0.5312875,0.00560835035906283,0.5242,0.5431,0.5608,0.02951249999999994,0.532275,0.568,0.3161714285714287,0.693542681487702,0.3194321428571429,0.6972718302164455,0.5312875,resnet32,0.5322,0.5296,3.3880324668504973,3.270179694687778,0.11785277118906379,resnet32,0.5293,0.5316,3.3938719660721044,3.2749728479168634,0.11889912455808371,resnet32,0.5283,0.5312,3.3862316953864964,3.26775396886197,0.11847772876816717,resnet32,0.5353,0.537,3.389242522079836,3.2724752490493385,0.11676727289291607,resnet32,0.5257,0.5252,3.405801239338788,3.288294458253817,0.11750677857674997,resnet32,0.5431,0.5398,3.3913894414224406,3.274987705051899,0.11640173550271853,resnet32,0.5322,0.5336,3.377694050696763,3.260058356957002,0.1176356918241998,resnet32,0.5242,0.5302,3.3741041371090845,3.256227744235234,0.11787639332892881,4500000.0,5000.0,18010000.0,1278710000.0,10229680000.0
resnet32x8_cifar100_K8_mwmd1_noise40_seed0003_d001,d001,resnet32:8,cifar100,8,matched,mwmd1,peers,3,200,64,0.1,0.9,0.0005,True,0,60,0.1,1.0,1,,disagreement,1.0,1,0.0,0.5,weight,complete,0.4,0.398956,42,0,45000,5000,10000,3760032,71,0.010000000000000002,1,68.68,0.528025,0.0028243362051993573,0.5229,0.5311,0.5627,0.03467500000000001,0.5281250000000001,0.562,0.31292857142857144,0.697360767690376,0.31706428571428563,0.7012311799963048,0.528025,resnet32,0.5289,0.5306,3.389648940752853,3.2663594623180954,0.1232894777150994,resnet32,0.5229,0.5218,3.3924968019127846,3.2683084668083624,0.12418833688240159,resnet32,0.5296,0.5282,3.3810422992841764,3.2619101716713472,0.11913213053379547,resnet32,0.5288,0.5344,3.388703278858553,3.2664379436861384,0.12226533322510394,resnet32,0.5239,0.5152,3.4002698954533446,3.2809363051571627,0.11933359047609636,resnet32,0.5283,0.5352,3.393136650323868,3.2691798257556828,0.12395682181655006,resnet32,0.5307,0.528,3.377293899994005,3.2553166215392677,0.12197727771391245,resnet32,0.5311,0.5316,3.3748278472233904,3.251421083780852,0.12340676584492692,4500000.0,5000.0,18010000.0,1296720000.0,10373760000.0
resnet32x8_cifar100_K8_mwmd1_noise40_seed0003_d001,d001,resnet32:8,cifar100,8,matched,mwmd1,peers,3,200,64,0.1,0.9,0.0005,True,0,60,0.1,1.0,1,,disagreement,1.0,1,0.0,0.5,weight,complete,0.4,0.398956,42,0,45000,5000,10000,3760032,72,0.010000000000000002,1,68.65,0.5385249999999999,0.0028168022649806396,0.5348,0.5439,0.5721,0.03357500000000013,0.53275,0.5632,0.3202642857142858,0.690645944689716,0.31840714285714283,0.6921432049681153,0.5385249999999999,resnet32,0.5389,0.535,3.3843576576222074,3.2610723704776983,0.12328528754667124,resnet32,0.538,0.5284,3.3885200877081263,3.2637947476045652,0.12472534073855389,resnet32,0.5367,0.5256,3.3815220709551466,3.2554395896467296,0.12608247745612805,resnet32,0.5356,0.5292,3.388808297162706,3.262235799973661,0.12657250006767837,resnet32,0.5348,0.5292,3.3978302983397786,3.2748831869526343,0.12294711486902088,resnet32,0.5439,0.5404,3.3892760029570623,3.259995526210828,0.12928047919095578,resnet32,0.5389,0.5398,3.3716506307775322,3.2470191944051874,0.12463143774816259,resnet32,0.5414,0.5344,3.373142385347323,3.243373879993504,0.12976850316309455,4500000.0,5000.0,18010000.0,1314730000.0,10517840000.0
resnet32x8_cifar100_K8_mwmd1_noise40_seed0003_d001,d001,resnet32:8,cifar100,8,matched,mwmd1,peers,3,200,64,0.1,0.9,0.0005,True,0,60,0.1,1.0,1,,disagreement,1.0,1,0.0,0.5,weight,complete,0.4,0.398956,42,0,45000,5000,10000,3760032,73,0.010000000000000002,1,68.83,0.5339375000000001,0.004711671014618912,0.5267,0.5405,0.5691,0.035162499999999985,0.530575,0.5652,0.3261357142857143,0.6880198743362931,0.32895714285714295,0.6852599025203736,0.5339375000000001,resnet32,0.5267,0.5326,3.3806950856338847,3.2563339719040827,0.12436111891557547,resnet32,0.5354,0.5244,3.387435608966784,3.260007781061259,0.12742783036082983,resnet32,0.5304,0.5266,3.377389430999756,3.2503969567743214,0.12699247726281596,resnet32,0.5278,0.5268,3.380262629552321,3.2557854398407717,0.12447718758432363,resnet32,0.5359,0.5294,3.396977216343988,3.2702681720256805,0.12670904164075514,resnet32,0.5405,0.5372,3.3856927996331994,3.255490177057006,0.1302026227878576,resnet32,0.5364,0.5342,3.3711405250836504,3.2406260587952356,0.1305144647644325,resnet32,0.5384,0.5334,3.363417075777596,3.2365140085193245,0.12690306805201212,4500000.0,5000.0,18010000.0,1332740000.0,10661920000.0
resnet32x8_cifar100_K8_mwmd1_noise40_seed0003_d001,d001,resnet32:8,cifar100,8,matched,mwmd1,peers,3,200,64,0.1,0.9,0.0005,True,0,60,0.1,1.0,1,,disagreement,1.0,1,0.0,0.5,weight,complete,0.4,0.398956,42,0,45000,5000,10000,3760032,74,0.010000000000000002,1,69.01,0.529675,0.005948476695760015,0.5178,0.5358,0.5674,0.03772500000000001,0.52275,0.564,0.3386642857142858,0.6736931244904765,0.33922857142857143,0.6759743221053675,0.529675,resnet32,0.5322,0.523,3.3836146027527074,3.2513099190863697,0.1323046865132214,resnet32,0.5178,0.5198,3.3822578838603063,3.2539716972546144,0.12828618999231944,resnet32,0.5358,0.5196,3.3751541552218525,3.243133529682051,0.13202062848193402,resnet32,0.5277,0.52,3.377119128676978,3.249111593785611,0.12800753381187943,resnet32,0.532,0.5272,3.393390577963807,3.2657510079443455,0.1276395710883662,resnet32,0.5231,0.517,3.3800610290332274,3.2480102438818323,0.13205078708812257,resnet32,0.5337,0.5266,3.3677692914550956,3.239828210662712,0.12794107737400653,resnet32,0.5351,0.5288,3.368901016021317,3.2365612258965317,0.13233979188159786,4500000.0,5000.0,18010000.0,1350750000.0,10806000000.0
resnet32x8_cifar100_K8_mwmd1_noise40_seed0003_d001,d001,resnet32:8,cifar100,8,matched,mwmd1,peers,3,200,64,0.1,0.9,0.0005,True,0,60,0.1,1.0,1,,disagreement,1.0,1,0.0,0.5,weight,complete,0.4,0.398956,42,0,45000,5000,10000,3760032,75,0.010000000000000002,1,68.42,0.519825,0.00773817646477516,0.5079,0.5318,0.555,0.03517500000000007,0.519425,0.561,0.3428571428571428,0.6720661854419204,0.3458214285714285,0.6754303802851832,0.519825,resnet32,0.5146,0.5148,3.3730311322618616,3.243240348656069,0.12979078721466727,resnet32,0.5225,0.521,3.3788296434689653,3.244853313673626,0.13397632778452878,resnet32,0.523,0.5128,3.3711969571357425,3.235931128940799,0.1352658292215148,resnet32,0.5079,0.5058,3.3765911507335575,3.2432917566461996,0.13329939420377326,resnet32,0.5117,0.5106,3.3866709975356404,3.2573102204637094,0.1293607781725851,resnet32,0.5318,0.5328,3.376191558485681,3.2408915795385838,0.1352999771267853,resnet32,0.5183,0.5262,3.364750012416731,3.231400066478686,0.13334994580046358,resnet32,0.5288,0.5314,3.3614537976682186,3.227602607824586,0.1338511917909438,4500000.0,5000.0,18010000.0,1368760000.0,10950080000.0
resnet32x8_cifar100_K8_mwmd1_noise40_seed0003_d001,d001,resnet32:8,cifar100,8,matched,mwmd1,peers,3,200,64,0.1,0.9,0.0005,True,0,60,0.1,1.0,1,,disagreement,1.0,1,0.0,0.5,weight,complete,0.4,0.398956,42,0,45000,5000,10000,3760032,76,0.010000000000000002,1,69.23,0.5344374999999999,0.004162312308080676,0.5269,0.5397,0.5707,0.036262500000000086,0.5283,0.5648,0.33679999999999993,0.666528900351295,0.3375714285714286,0.672629339058602,0.5344374999999999,resnet32,0.5269,0.523,3.379495332186872,3.2408028607341377,0.13869247223589232,resnet32,0.5321,0.5208,3.384402971714735,3.2437981797212903,0.14060479440641674,resnet32,0.5317,0.5168,3.3747607618570328,3.236459267749028,0.13830149407625536,resnet32,0.5374,0.5388,3.3816059418022633,3.242593373764645,0.1390125660479746,resnet32,0.532,0.5294,3.3916253142736177,3.2563168609684165,0.13530845469160174,resnet32,0.5391,0.53,3.3829148134047333,3.242772550745444,0.1401422648288479,resnet32,0.5397,0.5332,3.3667065111750905,3.231282562694766,0.13542394752783532,resnet32,0.5366,0.5344,3.3640029911290514,3.224884868345477,0.13911812293173914,4500000.0,5000.0,18010000.0,1386770000.0,11094160000.0
resnet32x8_cifar100_K8_mwmd1_noise40_seed0003_d001,d001,resnet32:8,cifar100,8,matched,mwmd1,peers,3,200,64,0.1,0.9,0.0005,True,0,60,0.1,1.0,1,,disagreement,1.0,1,0.0,0.5,weight,complete,0.4,0.398956,42,0,45000,5000,10000,3760032,77,0.010000000000000002,1,68.99,0.5289874999999999,0.006222225787449364,0.5197,0.5385,0.5643,0.03531250000000008,0.52515,0.5602,0.3276714285714286,0.6792475812572254,0.3273107142857143,0.686856691482278,0.5289874999999999,resnet32,0.5197,0.5208,3.3690983375365082,3.235008050433614,0.13409028718756003,resnet32,0.5249,0.5228,3.3763379363173787,3.2404582514004274,0.13587968702301045,resnet32,0.5385,0.5316,3.3703767965463074,3.230823504992507,0.13955329517325896,resnet32,0.5212,0.515,3.3769602213393557,3.2368115596473217,0.14014866457066752,resnet32,0.5332,0.5278,3.3853605315089226,3.2514258338646456,0.13393469632137567,resnet32,0.5303,0.5266,3.375133425674655,3.232524907724424,0.14260851848997513,resnet32,0.5291,0.5308,3.360560258342461,3.224923915145072,0.13563634132416072,resnet32,0.535,0.5258,3.361381335014647,3.218406755815853,0.14297457737848163,4500000.0,5000.0,18010000.0,1404780000.0,11238240000.0
resnet32x8_cifar100_K8_mwmd1_noise40_seed0003_d001,d001,resnet32:8,cifar100,8,matched,mwmd1,peers,3,200,64,0.1,0.9,0.0005,True,0,60,0.1,1.0,1,,disagreement,1.0,1,0.0,0.5,weight,complete,0.4,0.398956,42,0,45000,5000,10000,3760032,78,0.010000000000000002,1,68.59,0.5247125,0.009853608158943612,0.5122,0.5369,0.563,0.03828749999999992,0.52255,0.565,0.3519,0.6520032911443945,0.35329285714285713,0.6629228980187749,0.5247125,resnet32,0.5122,0.5082,3.3712093454192984,3.23013940656727,0.14106993696821685,resnet32,0.5142,0.5124,3.3746793751012194,3.2352347123351963,0.13944466529541055,resnet32,0.5159,0.5194,3.3652825341983275,3.2246124300767076,0.14067010428036816,resnet32,0.5369,0.531,3.3720085542987692,3.2324428355151955,0.1395657210907137,resnet32,0.5209,0.514,3.3828385675495323,3.2411141246557236,0.1417244439097968,resnet32,0.525,0.526,3.3724759105931628,3.22853163968433,0.14394427388271486,resnet32,0.5367,0.5328,3.364542117850347,3.220251926982945,0.14429019180930813,resnet32,0.5359,0.5366,3.3556363758715717,3.213749059560624,0.14188732088289477,4500000.0,5000.0,18010000.0,1422790000.0,11382320000.0
resnet32x8_cifar100_K8_mwmd1_noise40_seed0003_d001,d001,resnet32:8,cifar100,8,matched,mwmd1,peers,3,200,64,0.1,0.9,0.0005,True,0,60,0.1,1.0,1,,disagreement,1.0,1,0.0,0.5,weight,complete,0.4,0.398956,42,0,45000,5000,10000,3760032,79,0.010000000000000002,1,69.0,0.5278,0.008234530952033638,0.5161,0.5396,0.5678,0.039999999999999925,0.5250250000000001,0.5674,0.35245000000000004,0.656713133557628,0.35003928571428566,0.6645251017387498,0.5278,resnet32,0.5161,0.5168,3.3750476471402426,3.2298030595887792,0.1452445910650898,resnet32,0.5208,0.516,3.374762492085045,3.233422726054083,0.1413397710791535,resnet32,0.5194,0.5156,3.3661805865439502,3.219191803850911,0.1469887859420851,resnet32,0.5328,0.5296,3.37228172915903,3.2286685447801244,0.14361318522556263,resnet32,0.5237,0.5196,3.3883990103548225,3.247468962249431,0.14093004759739747,resnet32,0.5396,0.5406,3.3699261271818117,3.226745117455721,0.14318100982133977,resnet32,0.5342,0.53,3.3629375540397386,3.2161148298870432,0.14682272327428852,resnet32,0.5358,0.532,3.354556677016345,3.209160417657007,0.14539626348679038,4500000.0,5000.0,18010000.0,1440800000.0,11526400000.0
resnet32x8_cifar100_K8_mwmd1_noise40_seed0003_d001,d001,resnet32:8,cifar100,8,matched,mwmd1,peers,3,200,64,0.1,0.9,0.0005,True,0,60,0.1,1.0,1,,disagreement,1.0,1,0.0,0.5,weight,complete,0.4,0.398956,42,0,45000,5000,10000,3760032,80,0.010000000000000002,1,70.61,0.5361,0.0057805709060611025,0.5275,0.5449,0.5764,0.0403,0.5310250000000001,0.5724,0.34669999999999995,0.6651407785533948,0.34458571428571433,0.67678940949822,0.5361,resnet32,0.5449,0.54,3.367168462073261,3.2212089130824264,0.1459595449162986,resnet32,0.5296,0.524,3.370215581222014,3.221911671486768,0.14830390878275715,resnet32,0.5408,0.5434,3.3558861928229984,3.211937803097747,0.1439483908364888,resnet32,0.5309,0.5186,3.370377543636344,3.2218269438228826,0.14855059918905186,resnet32,0.5275,0.5194,3.377248915420337,3.233198310502551,0.14405060599727387,resnet32,0.5408,0.544,3.3680541081862017,3.2199820595031436,0.14807205320208927,resnet32,0.5375,0.5304,3.3545210161669687,3.2084815834056246,0.14603943447582424,resnet32,0.5368,0.5284,3.350559734824029,3.2017887688495894,0.14877096582627433,4500000.0,5000.0,18010000.0,1458810000.0,11670480000.0
resnet32x8_cifar100_K8_mwmd1_noise40_seed0003_d001,d001,resnet32:8,cifar100,8,matched,mwmd1,peers,3,200,64,0.1,0.9,0.0005,True,0,60,0.1,1.0,1,,disagreement,1.0,1,0.0,0.5,weight,complete,0.4,0.398956,42,0,45000,5000,10000,3760032,81,0.010000000000000002,1,68.67,0.5314749999999999,0.011102336465807537,0.51,0.5437,0.5713,0.03982500000000011,0.52935,0.5742,0.3483714285714287,0.6618845820695485,0.34553571428571433,0.6669129650866772,0.5314749999999999,resnet32,0.5259,0.528,3.3671909160912037,3.220426322722977,0.1467645940878852,resnet32,0.5321,0.5318,3.369201595133001,3.222128737379204,0.14707285451533442,resnet32,0.5317,0.5288,3.3599473359909924,3.2114789929579604,0.1484683405671438,resnet32,0.5225,0.5298,3.3643917796963994,3.2176501981236716,0.14674157979474825,resnet32,0.51,0.508,3.381971697915684,3.2349904416636988,0.14698125375434756,resnet32,0.5437,0.5366,3.363051674921404,3.2161638116972013,0.14688786154147238,resnet32,0.5431,0.5366,3.3516765206374903,3.20306711982597,0.14860939619724045,resnet32,0.5428,0.5352,3.348119665614583,3.201044298708439,0.14707536542449484,4500000.0,5000.0,18010000.0,1476820000.0,11814560000.0
resnet32x8_cifar100_K8_mwmd1_noise40_seed0003_d001,d001,resnet32:8,cifar100,8,matched,mwmd1,peers,3,200,64,0.1,0.9,0.0005,True,0,60,0.1,1.0,1,,disagreement,1.0,1,0.0,0.5,weight,complete,0.4,0.398956,42,0,45000,5000,10000,3760032,82,0.010000000000000002,1,68.86,0.5251999999999999,0.007500833287042178,0.5142,0.5406,0.5634,0.03820000000000012,0.521325,0.5558,0.3378571428571428,0.6716471678641381,0.3352928571428571,0.682632967469564,0.5251999999999999,resnet32,0.5164,0.5134,3.361926079473712,3.2118390551344915,0.1500870271649381,resnet32,0.5142,0.5134,3.3661340322684157,3.2138990709050135,0.15223496240055698,resnet32,0.5255,0.517,3.35829537327994,3.2062527828595857,0.15204258981711147,resnet32,0.5252,0.5182,3.3619398037818344,3.2111767814917997,0.15076302473475647,resnet32,0.5273,0.5218,3.3734377199275927,3.2244615710594435,0.14897614711133594,resnet32,0.5282,0.524,3.3590040782635864,3.208646275103092,0.1503577995304526,resnet32,0.5406,0.5368,3.3501496613025665,3.200999604030089,0.14915005965370007,resnet32,0.5242,0.526,3.343786896291104,3.193676696243611,0.15011019990991123,4500000.0,5000.0,18010000.0,1494830000.0,11958640000.0
resnet32x8_cifar100_K8_mwmd1_noise40_seed0003_d001,d001,resnet32:8,cifar100,8,matched,mwmd1,peers,3,200,64,0.1,0.9,0.0005,True,0,60,0.1,1.0,1,,disagreement,1.0,1,0.0,0.5,weight,complete,0.4,0.398956,42,0,45000,5000,10000,3760032,83,0.010000000000000002,1,68.62,0.533225,0.004420902057272915,0.5239,0.5394,0.5772,0.0439750000000001,0.526925,0.5686,0.3453857142857143,0.6683255660438486,0.3449999999999999,0.6652146022279551,0.533225,resnet32,0.5295,0.5292,3.3608044287697836,3.211216442625631,0.14958798480008476,resnet32,0.5394,0.5366,3.364211510189555,3.2102534147826107,0.15395810006355698,resnet32,0.5334,0.5254,3.3516527559946883,3.2003414271907373,0.15131132736463437,resnet32,0.5239,0.5202,3.358893884176558,3.209875487807122,0.14901839740659026,resnet32,0.5367,0.5292,3.3743909370492804,3.2258488474921747,0.14854208678430456,resnet32,0.5337,0.523,3.363171539184722,3.2097528587010773,0.15341868182771246,resnet32,0.5338,0.5254,3.3475478183139455,3.1963577114722947,0.1511901074131443,resnet32,0.5354,0.5264,3.339888709173961,3.189915295351635,0.14997341175859963,4500000.0,5000.0,18010000.0,1512840000.0,12102720000.0
resnet32x8_cifar100_K8_mwmd1_noise40_seed0003_d001,d001,resnet32:8,cifar100,8,matched,mwmd1,peers,3,200,64,0.1,0.9,0.0005,True,0,60,0.1,1.0,1,,disagreement,1.0,1,0.0,0.5,weight,complete,0.4,0.398956,42,0,45000,5000,10000,3760032,84,0.010000000000000002,1,68.61,0.5348875,0.006319698865452381,0.5243,0.5443,0.5786,0.04371250000000004,0.5285,0.5674,0.33877142857142856,0.6678841934555375,0.34129642857142856,0.6725031830766707,0.5348875,resnet32,0.5243,0.5224,3.3595482287081806,3.2069306292317132,0.1526175933805379,resnet32,0.5309,0.5278,3.3641865121370014,3.211501095105301,0.15268541770902547,resnet32,0.536,0.53,3.3543366796591063,3.199440923942761,0.15489575434052807,resnet32,0.5317,0.5288,3.3653897389092227,3.210335620424964,0.15505411936266517,resnet32,0.5304,0.5196,3.375920204615051,3.2219064896079628,0.15401371277403086,resnet32,0.5419,0.5374,3.3588235686448487,3.2032230770723387,0.15560049174184148,resnet32,0.5443,0.5356,3.3498127433386715,3.1942266798154875,0.15558606570332564,resnet32,0.5396,0.5264,3.344759167595343,3.1903650415214626,0.15439412469806318,4500000.0,5000.0,18010000.0,1530850000.0,12246800000.0
resnet32x8_cifar100_K8_mwmd1_noise40_seed0003_d001,d001,resnet32:8,cifar100,8,matched,mwmd1,peers,3,200,64,0.1,0.9,0.0005,True,0,60,0.1,1.0,1,,disagreement,1.0,1,0.0,0.5,weight,complete,0.4,0.398956,42,0,45000,5000,10000,3760032,85,0.010000000000000002,1,67.89,0.5298375,0.0035124555157325407,0.5248,0.5346,0.5748,0.044962500000000016,0.528575,0.5664,0.35369999999999996,0.6515199864852675,0.3538607142857143,0.6563819106474146,0.5298375,resnet32,0.5248,0.5234,3.359973068264398,3.2058764597909017,0.1540966063568538,resnet32,0.531,0.5276,3.362238122319633,3.2102470262484117,0.1519911000928418,resnet32,0.5346,0.535,3.3528051057999786,3.197584104470231,0.1552210041872141,resnet32,0.529,0.5292,3.360486799343066,3.2043219953775406,0.15616480538367547,resnet32,0.5255,0.522,3.3708671283992855,3.2192672555419533,0.15159987227525562,resnet32,0.5331,0.5294,3.357782453975894,3.2028559547933666,0.15492649609223008,resnet32,0.5334,0.5358,3.348501361229203,3.1946180344305257,0.15388332570860672,resnet32,0.5273,0.5262,3.34118849682537,3.185176121917638,0.15601237696087497,4500000.0,5000.0,18010000.0,1548860000.0,12390880000.0
resnet32x8_cifar100_K8_mwmd1_noise40_seed0003_d001,d001,resnet32:8,cifar100,8,matched,mwmd1,peers,3,200,64,0.1,0.9,0.0005,True,0,60,0.1,1.0,1,,disagreement,1.0,1,0.0,0.5,weight,complete,0.4,0.398956,42,0,45000,5000,10000,3760032,86,0.010000000000000002,1,68.98,0.5319125,0.004846761160816578,0.5212,0.536,0.577,0.04508749999999995,0.525875,0.5702,0.36892142857142846,0.6435513848883943,0.3658964285714285,0.6466409152938736,0.5319125,resnet32,0.5354,0.5218,3.3503994813019577,3.192368780008771,0.15803070591804994,resnet32,0.5319,0.5276,3.3535461212423714,3.198555692353032,0.15499042921741915,resnet32,0.536,0.525,3.346298847686161,3.188623631542379,0.15767521599561654,resnet32,0.5273,0.5248,3.352926179427992,3.19497220387513,0.15795397603969005,resnet32,0.5331,0.525,3.361783676526763,3.2072022242302243,0.15458145331252704,resnet32,0.5352,0.5378,3.344299345531247,3.1896389082751493,0.1546604341869666,resnet32,0.5352,0.53,3.336592326787385,3.17914501238953,0.1574473180913959,resnet32,0.5212,0.515,3.3322050402110275,3.1770392019640314,0.15516583717809143,4500000.0,5000.0,18010000.0,1566870000.0,12534960000.0
resnet32x8_cifar100_K8_mwmd1_noise40_seed0003_d001,d001,resnet32:8,cifar100,8,matched,mwmd1,peers,3,200,64,0.1,0.9,0.0005,True,0,60,0.1,1.0,1,,disagreement,1.0,1,0.0,0.5,weight,complete,0.4,0.398956,42,0,45000,5000,10000,3760032,87,0.010000000000000002,1,69.57,0.5339499999999999,0.009491180116297432,0.5151,0.5454,0.5794,0.0454500000000001,0.528975,0.5704,0.36174285714285714,0.6469215464001056,0.35803571428571435,0.6548188583504826,0.5339499999999999,resnet32,0.5413,0.5386,3.352496250447902,3.1948098685931074,0.15768638117746872,resnet32,0.5385,0.5282,3.353827391835776,3.1980021115053785,0.15582527762109583,resnet32,0.5298,0.5244,3.345717126672918,3.186816167086363,0.15890096506865864,resnet32,0.5151,0.5076,3.3538826087659057,3.194348877803846,0.15953373415818947,resnet32,0.5347,0.5266,3.3649536926637995,3.20955074375326,0.15540295013819228,resnet32,0.5418,0.5354,3.353294505991719,3.189474729313092,0.1638197744773193,resnet32,0.525,0.5284,3.3420005152848633,3.1845665096559306,0.15743400230580432,resnet32,0.5454,0.5426,3.337677722966129,3.173480699008161,0.1641970242754641,4500000.0,5000.0,18010000.0,1584880000.0,12679040000.0
resnet32x8_cifar100_K8_mwmd1_noise40_seed0003_d001,d001,resnet32:8,cifar100,8,matched,mwmd1,peers,3,200,64,0.1,0.9,0.0005,True,0,60,0.1,1.0,1,,disagreement,1.0,1,0.0,0.5,weight,complete,0.4,0.398956,42,0,45000,5000,10000,3760032,88,0.010000000000000002,1,68.83,0.5339125,0.00907654084715096,0.5179,0.5452,0.5771,0.043187499999999934,0.52735,0.5744,0.3548714285714286,0.6493766845961891,0.35573928571428576,0.6570962239989474,0.5339125,resnet32,0.5365,0.5322,3.3420706018805504,3.184074891223149,0.15799571185330438,resnet32,0.5207,0.5192,3.3529086858034134,3.193961425261064,0.15894725665831091,resnet32,0.542,0.5318,3.3380751200020313,3.1767038631845606,0.16137125443624842,resnet32,0.5179,0.5142,3.3471308022060176,3.1889235116541386,0.1582072911339558,resnet32,0.5382,0.5296,3.3641842932186345,3.204896253618327,0.15928804279643705,resnet32,0.5337,0.524,3.344022509726611,3.1824000518430364,0.161622464614497,resnet32,0.5371,0.5304,3.331030346114527,3.17219775068489,0.15883259230758995,resnet32,0.5452,0.5374,3.328898658129302,3.169156147336418,0.15974250941706652,4500000.0,5000.0,18010000.0,1602890000.0,12823120000.0
resnet32x8_cifar100_K8_mwmd1_noise40_seed0003_d001,d001,resnet32:8,cifar100,8,matched,mwmd1,peers,3,200,64,0.1,0.9,0.0005,True,0,60,0.1,1.0,1,,disagreement,1.0,1,0.0,0.5,weight,complete,0.4,0.398956,42,0,45000,5000,10000,3760032,89,0.010000000000000002,1,68.75,0.5289125,0.00840095790669138,0.5164,0.5401,0.5747,0.04578749999999998,0.5241,0.5694,0.36055,0.6522973912893919,0.36273214285714284,0.6538032177623968,0.5289125,resnet32,0.5401,0.5288,3.347536876120351,3.1866783371025864,0.16085854107090694,resnet32,0.5192,0.5298,3.350164309482683,3.189265836030245,0.16089847378051755,resnet32,0.5318,0.5188,3.3359286382117053,3.1762149052863773,0.159713735465299,resnet32,0.5164,0.5144,3.3491323424333874,3.1865455995906484,0.1625867421230809,resnet32,0.5206,0.515,3.3654333871196616,3.2058427723293956,0.15959061025006865,resnet32,0.5329,0.5278,3.3463065586984158,3.1816015368835493,0.1647050246723335,resnet32,0.5322,0.5276,3.3392873660407285,3.174522825940089,0.1647645378887484,resnet32,0.5381,0.5306,3.331522938202728,3.168832817538218,0.16269012451679868,4500000.0,5000.0,18010000.0,1620900000.0,12967200000.0
resnet32x8_cifar100_K8_mwmd1_noise40_seed0003_d001,d001,resnet32:8,cifar100,8,matched,mwmd1,peers,3,200,64,0.1,0.9,0.0005,True,0,60,0.1,1.0,1,,disagreement,1.0,1,0.0,0.5,weight,complete,0.4,0.398956,42,0,45000,5000,10000,3760032,90,0.010000000000000002,1,68.74,0.5345125,0.004690532352516082,0.529,0.5421,0.5755,0.040987500000000066,0.53015,0.5782,0.35202142857142854,0.6551073596682995,0.3510285714285714,0.6608653763583698,0.5345125,resnet32,0.5327,0.5264,3.3387330767105925,3.179256832396442,0.1594762431076643,resnet32,0.5323,0.5246,3.343200419775464,3.180934127420187,0.16226629464125092,resnet32,0.5299,0.5344,3.336107133125717,3.171254133974964,0.1648530002725734,resnet32,0.5335,0.5254,3.3427510965954172,3.183071285824884,0.15967981053770267,resnet32,0.5345,0.5276,3.358083804899996,3.196420807391405,0.16166299843991344,resnet32,0.529,0.5294,3.3394981192594226,3.1777714362198655,0.16172668229873208,resnet32,0.5421,0.536,3.3275563178414647,3.162485500628298,0.16507081790107556,resnet32,0.5421,0.5374,3.3225565759295765,3.160410829227079,0.16214574505151672,4500000.0,5000.0,18010000.0,1638910000.0,13111280000.0
resnet32x8_cifar100_K8_mwmd1_noise40_seed0003_d001,d001,resnet32:8,cifar100,8,matched,mwmd1,peers,3,200,64,0.1,0.9,0.0005,True,0,60,0.1,1.0,1,,disagreement,1.0,1,0.0,0.5,weight,complete,0.4,0.398956,42,0,45000,5000,10000,3760032,91,0.010000000000000002,1,68.57,0.537075,0.005898675698832757,0.529,0.5469,0.5857,0.04862500000000003,0.53315,0.5782,0.36465000000000003,0.644579842125385,0.35905000000000004,0.6501309077525387,0.537075,resnet32,0.5371,0.5286,3.3417803292924706,3.1778085614469918,0.16397176841697234,resnet32,0.5306,0.5308,3.3434484391049906,3.179174866188656,0.16427357571030204,resnet32,0.5408,0.5374,3.332781148905104,3.1662939590486614,0.1664871882689609,resnet32,0.5374,0.529,3.344800364903428,3.1778503067114134,0.16695005493238568,resnet32,0.529,0.526,3.3547843220559033,3.1902238520031627,0.16456046973524446,resnet32,0.5469,0.5462,3.341692988506772,3.1711437773298132,0.1705492113251239,resnet32,0.5319,0.532,3.3248615451157093,3.1602620641616257,0.16459948415021328,resnet32,0.5429,0.5352,3.32851434702223,3.1575334800237957,0.17098086833191867,4500000.0,5000.0,18010000.0,1656920000.0,13255360000.0
resnet32x8_cifar100_K8_mwmd1_noise40_seed0003_d001,d001,resnet32:8,cifar100,8,matched,mwmd1,peers,3,200,64,0.1,0.9,0.0005,True,0,60,0.1,1.0,1,,disagreement,1.0,1,0.0,0.5,weight,complete,0.4,0.398956,42,0,45000,5000,10000,3760032,92,0.010000000000000002,1,68.92,0.5283625000000001,0.007190260339514851,0.5194,0.5412,0.5757,0.04733749999999992,0.5259750000000001,0.5696,0.35793571428571436,0.657222416072979,0.36248928571428574,0.6547494043640444,0.5283625000000001,resnet32,0.5244,0.5208,3.340774140913378,3.1719801364974543,0.16879399788608265,resnet32,0.5243,0.5182,3.340681809254668,3.174603298306465,0.16607851031321016,resnet32,0.5343,0.531,3.330522723834623,3.1618845266374676,0.16863819673149424,resnet32,0.5243,0.5286,3.3382590565491808,3.169495927000588,0.16876312632071364,resnet32,0.5194,0.518,3.351368469270793,3.1859163757074964,0.16545209763783283,resnet32,0.5359,0.5368,3.3368080630898476,3.1685908565467056,0.1682172022040256,resnet32,0.5412,0.5398,3.322773465040055,3.1571655669672922,0.16560790101489561,resnet32,0.5231,0.5146,3.317525316029787,3.151848346333612,0.16567697056399827,4500000.0,5000.0,18010000.0,1674930000.0,13399440000.0
resnet32x8_cifar100_K8_mwmd1_noise40_seed0003_d001,d001,resnet32:8,cifar100,8,matched,mwmd1,peers,3,200,64,0.1,0.9,0.0005,True,0,60,0.1,1.0,1,,disagreement,1.0,1,0.0,0.5,weight,complete,0.4,0.398956,42,0,45000,5000,10000,3760032,93,0.010000000000000002,1,69.12,0.5378499999999999,0.0060782398768064565,0.5296,0.548,0.5819,0.044050000000000034,0.5366500000000001,0.5828,0.3531642857142857,0.6535921068191398,0.35809285714285716,0.6499144610044841,0.5378499999999999,resnet32,0.5367,0.534,3.3359915692020548,3.1659701991487634,0.17002136844464324,resnet32,0.5346,0.5296,3.3366889855401083,3.1717601902782917,0.16492878954688256,resnet32,0.5468,0.5444,3.326685010709546,3.159250658344139,0.16743435206907717,resnet32,0.5336,0.539,3.3366320400752802,3.169080004096031,0.16755203877321698,resnet32,0.5392,0.5352,3.351158408278769,3.1865560205822643,0.16460238633127036,resnet32,0.548,0.5432,3.3330243080854416,3.16602954573252,0.16699476343240927,resnet32,0.5343,0.5366,3.325817434625192,3.158176400444724,0.1676410321908241,resnet32,0.5296,0.5312,3.320658991959962,3.1503804668106814,0.1702785199211741,4500000.0,5000.0,18010000.0,1692940000.0,13543520000.0
resnet32x8_cifar100_K8_mwmd1_noise40_seed0003_d001,d001,resnet32:8,cifar100,8,matched,mwmd1,peers,3,200,64,0.1,0.9,0.0005,True,0,60,0.1,1.0,1,,disagreement,1.0,1,0.0,0.5,weight,complete,0.4,0.398956,42,0,45000,5000,10000,3760032,94,0.010000000000000002,1,68.96,0.5375624999999999,0.006992306039497995,0.5234,0.5455,0.5849,0.04733750000000003,0.5314500000000001,0.5776,0.36320714285714295,0.6451443819418821,0.35744642857142844,0.6537126454273535,0.5375624999999999,resnet32,0.5429,0.537,3.3328689509494738,3.1642704772000965,0.1685984740457074,resnet32,0.5336,0.5224,3.3365912491625007,3.170242166993293,0.16634908151304859,resnet32,0.537,0.528,3.328852328048511,3.1604747592725535,0.1683775631668554,resnet32,0.5455,0.5382,3.3350433758036657,3.168956006115133,0.16608736865137788,resnet32,0.5234,0.5164,3.352414497936314,3.1847200603647665,0.16769443583590063,resnet32,0.5332,0.535,3.3361712714487854,3.1653514064171095,0.17081986625932835,resnet32,0.5396,0.5328,3.3231806101446804,3.1519804823804987,0.17120012765834955,resnet32,0.5453,0.5418,3.3135677918114443,3.1453635005111042,0.16820428826295855,4500000.0,5000.0,18010000.0,1710950000.0,13687600000.0
resnet32x8_cifar100_K8_mwmd1_noise40_seed0003_d001,d001,resnet32:8,cifar100,8,matched,mwmd1,peers,3,200,64,0.1,0.9,0.0005,True,0,60,0.1,1.0,1,,disagreement,1.0,1,0.0,0.5,weight,complete,0.4,0.398956,42,0,45000,5000,10000,3760032,95,0.010000000000000002,1,68.95,0.5378624999999999,0.0073513497910247675,0.5292,0.5527,0.5847,0.04683750000000009,0.5340499999999999,0.588,0.3618357142857143,0.6414782729001548,0.3649892857142856,0.6432851937291112,0.5378624999999999,resnet32,0.5292,0.5262,3.333559499545531,3.1617088714106516,0.1718506284100427,resnet32,0.5363,0.5304,3.3406200879676775,3.171037231656638,0.16958285885101015,resnet32,0.5391,0.5306,3.323878036981279,3.151312479241328,0.1725655552528968,resnet32,0.5364,0.5338,3.332396141168746,3.163840536705472,0.16855560351078483,resnet32,0.5323,0.5338,3.346970197829333,3.1788466440683063,0.1681235507130623,resnet32,0.5314,0.5354,3.3336190069940956,3.1610210700468584,0.17259794106410647,resnet32,0.5455,0.5386,3.31987617876042,3.150785905393687,0.1690902692181143,resnet32,0.5527,0.5436,3.317965792322701,3.1458445005118847,0.17212128956717523,4500000.0,5000.0,18010000.0,1728960000.0,13831680000.0
resnet32x8_cifar100_K8_mwmd1_noise40_seed0003_d001,d001,resnet32:8,cifar100,8,matched,mwmd1,peers,3,200,64,0.1,0.9,0.0005,True,0,60,0.1,1.0,1,,disagreement,1.0,1,0.0,0.5,weight,complete,0.4,0.398956,42,0,45000,5000,10000,3760032,96,0.010000000000000002,1,68.71,0.5184875,0.007636661165064215,0.5031,0.5284,0.5672,0.04871250000000005,0.520775,0.5668,0.3748142857142857,0.6306458614773601,0.3757714285714285,0.6355084869230812,0.5184875,resnet32,0.5031,0.505,3.3298611366613344,3.158931206234477,0.17092992405576463,resnet32,0.5284,0.5262,3.336148947138678,3.1654233150184155,0.17072563398290763,resnet32,0.5224,0.5276,3.32491307976571,3.1545290374620394,0.17038404325615952,resnet32,0.5199,0.5244,3.336476780474186,3.164531557058746,0.17194522563791412,resnet32,0.5171,0.5156,3.3473095396025614,3.1793091839010064,0.1680003561777994,resnet32,0.5135,0.5226,3.3296892155300486,3.158230633559552,0.1714585801501843,resnet32,0.516,0.5152,3.3183815204961733,3.1501356864517387,0.16824583749456162,resnet32,0.5275,0.5296,3.310899116776206,3.140157572925091,0.17074154347011988,4500000.0,5000.0,18010000.0,1746970000.0,13975760000.0
resnet32x8_cifar100_K8_mwmd1_noise40_seed0003_d001,d001,resnet32:8,cifar100,8,matched,mwmd1,peers,3,200,64,0.1,0.9,0.0005,True,0,60,0.1,1.0,1,,disagreement,1.0,1,0.0,0.5,weight,complete,0.4,0.398956,42,0,45000,5000,10000,3760032,97,0.010000000000000002,1,68.54,0.534725,0.00595204796687663,0.5266,0.5439,0.588,0.05327499999999996,0.5311,0.5842,0.3806714285714286,0.62225360871497,0.3734821428571428,0.6309905748492511,0.534725,resnet32,0.5328,0.527,3.326340390199965,3.1564142897047778,0.16992609842087736,resnet32,0.5277,0.527,3.3300371796570043,3.159123781729828,0.17091339553537016,resnet32,0.5417,0.5372,3.3170145719566126,3.142522256821394,0.1744923104574396,resnet32,0.5266,0.5196,3.324570840393955,3.153523989360441,0.17104685431430963,resnet32,0.5315,0.5338,3.3402052264321935,3.1707517440346153,0.16945347870403732,resnet32,0.5393,0.545,3.3256536336107687,3.147599731656638,0.17805390180596573,resnet32,0.5439,0.5366,3.3150657266378403,3.140726066109809,0.17433966205201365,resnet32,0.5343,0.5226,3.317195490002632,3.1382552889937703,0.1789402044378221,4500000.0,5000.0,18010000.0,1764980000.0,14119840000.0
resnet32x8_cifar100_K8_mwmd1_noise40_seed0003_d001,d001,resnet32:8,cifar100,8,matched,mwmd1,peers,3,200,64,0.1,0.9,0.0005,True,0,60,0.1,1.0,1,,disagreement,1.0,1,0.0,0.5,weight,complete,0.4,0.398956,42,0,45000,5000,10000,3760032,98,0.010000000000000002,1,68.67,0.5383875,0.008468830719172512,0.5242,0.5494,0.5915,0.05311250000000001,0.534475,0.5822,0.3642,0.6433860595490859,0.3713142857142858,0.6394780856334857,0.5383875,resnet32,0.541,0.5346,3.3267977979372847,3.15238245441155,0.17441534147259186,resnet32,0.5436,0.5474,3.331761419773102,3.155027000402862,0.17673441959248687,resnet32,0.5442,0.5408,3.3178241080181166,3.1406737369569866,0.17715037197128616,resnet32,0.5251,0.5162,3.319415559822863,3.1494484594599768,0.16996710555924271,resnet32,0.5242,0.5212,3.3355522833087226,3.166007774797353,0.16954450768587942,resnet32,0.5386,0.5346,3.3238166370852427,3.1477990834550424,0.17601755185222084,resnet32,0.5494,0.5428,3.3132747140797703,3.138670512898402,0.17460420130836693,resnet32,0.541,0.5382,3.31197630580176,3.134426993063905,0.17754931850570507,4500000.0,5000.0,18010000.0,1782990000.0,14263920000.0
resnet32x8_cifar100_K8_mwmd1_noise40_seed0003_d001,d001,resnet32:8,cifar100,8,matched,mwmd1,peers,3,200,64,0.1,0.9,0.0005,True,0,60,0.1,1.0,1,,disagreement,1.0,1,0.0,0.5,weight,complete,0.4,0.398956,42,0,45000,5000,10000,3760032,99,0.010000000000000002,1,68.62,0.5373249999999999,0.0037475825541274173,0.5297,0.5419,0.5845,0.04717500000000008,0.53335,0.5832,0.36092142857142867,0.6432023832242788,0.36080357142857133,0.6521931914586315,0.5373249999999999,resnet32,0.5297,0.511,3.3137343884869055,3.1430254365232857,0.17070895340293646,resnet32,0.5371,0.536,3.3242202011699025,3.153037815270099,0.1711823839419098,resnet32,0.5401,0.5378,3.315033234655857,3.1389770917594433,0.17605614648412235,resnet32,0.5407,0.538,3.3160158443179997,3.1446430059996517,0.17137283692136407,resnet32,0.5347,0.5374,3.337918533858928,3.167645676908168,0.17027285718359053,resnet32,0.5353,0.537,3.3202648728408595,3.144457626410506,0.17580724038734016,resnet32,0.5419,0.5304,3.3095300878313454,3.132534857839346,0.17699522884901275,resnet32,0.5391,0.5392,3.3082335079935463,3.1307789977978575,0.17745450838595966,4500000.0,5000.0,18010000.0,1801000000.0,14408000000.0
resnet32x8_cifar100_K8_mwmd1_noise40_seed0003_d001,d001,resnet32:8,cifar100,8,matched,mwmd1,peers,3,200,64,0.1,0.9,0.0005,True,0,60,0.1,1.0,1,,disagreement,1.0,1,0.0,0.5,weight,complete,0.4,0.398956,42,0,45000,5000,10000,3760032,100,0.010000000000000002,1,68.78,0.5325124999999999,0.005448724047884979,0.524,0.5431,0.5846,0.052087500000000064,0.52655,0.5762,0.3712285714285714,0.6352377276192115,0.37228928571428577,0.6364249209743905,0.5325124999999999,resnet32,0.5362,0.5266,3.323634707114913,3.1465456424788996,0.1770890691021288,resnet32,0.5299,0.5182,3.31965027207678,3.1448490389368753,0.17480123536237938,resnet32,0.5431,0.5318,3.310544537549669,3.1328146908093584,0.17772984830662608,resnet32,0.5277,0.5252,3.3223367397758095,3.1445639594034716,0.17777277700687674,resnet32,0.5311,0.528,3.339758453382687,3.164023237133568,0.1757352210750634,resnet32,0.5329,0.528,3.315178409218788,3.139722033657811,0.17545637706379322,resnet32,0.524,0.5216,3.300742832435803,3.126400312916799,0.1743425157302144,resnet32,0.5352,0.533,3.3035689534788784,3.1261977898803623,0.17737116833979433,4500000.0,5000.0,18010000.0,1819010000.0,14552080000.0
resnet32x8_cifar100_K8_mwmd1_noise40_seed0003_d001,d001,resnet32:8,cifar100,8,matched,mwmd1,peers,3,200,64,0.1,0.9,0.0005,True,0,60,0.1,1.0,1,,disagreement,1.0,1,0.0,0.5,weight,complete,0.4,0.398956,42,0,45000,5000,10000,3760032,101,0.010000000000000002,1,68.71,0.5356874999999999,0.005343790204527131,0.5257,0.5403,0.5858,0.050112500000000115,0.5275,0.5756,0.36924999999999997,0.6444578074966625,0.3690321428571428,0.6469248915894196,0.5356874999999999,resnet32,0.5363,0.5224,3.3253790465268223,3.1467827653343026,0.1785962825683369,resnet32,0.5257,0.5154,3.327665652402423,3.146085175939582,0.18158047972247005,resnet32,0.5403,0.528,3.3102035651152786,3.131806920197877,0.17839664076878267,resnet32,0.5388,0.5384,3.3262040090154517,3.1455105753107504,0.18069343150339343,resnet32,0.5276,0.5208,3.3393702412193473,3.159626591950655,0.17974365140650084,resnet32,0.5388,0.5294,3.322159131142226,3.1412990144030615,0.18086011682383038,resnet32,0.5386,0.5306,3.310939634726806,3.130364848470146,0.18057478350502523,resnet32,0.5394,0.535,3.301482669331811,3.121054259213534,0.1804284083826298,4500000.0,5000.0,18010000.0,1837020000.0,14696160000.0
resnet32x8_cifar100_K8_mwmd1_noise40_seed0003_d001,d001,resnet32:8,cifar100,8,matched,mwmd1,peers,3,200,64,0.1,0.9,0.0005,True,0,60,0.1,1.0,1,,disagreement,1.0,1,0.0,0.5,weight,complete,0.4,0.398956,42,0,45000,5000,10000,3760032,102,0.010000000000000002,1,67.72,0.5388625,0.004477984340079814,0.5337,0.5468,0.585,0.04613749999999994,0.53315,0.5754,0.35328571428571426,0.6525743163783284,0.35887499999999994,0.6446406458023339,0.5388625,resnet32,0.5372,0.5244,3.3226938386532394,3.1422211924059824,0.18047263925175436,resnet32,0.5405,0.5404,3.3207638050344856,3.1426904540170324,0.17807334824465215,resnet32,0.5365,0.529,3.3102831833741884,3.1297920051623476,0.18049117469821463,resnet32,0.5449,0.5394,3.3108009171079504,3.137113466520201,0.17368745001625607,resnet32,0.5468,0.5366,3.3335493166338312,3.160428234122016,0.17312108056450431,resnet32,0.5345,0.5344,3.315254486419938,3.134816690602086,0.18043779763816434,resnet32,0.5337,0.535,3.3050826804881748,3.124632863835855,0.18044981961561876,resnet32,0.5368,0.526,3.295822496102615,3.1178069206124004,0.17801558018916033,4500000.0,5000.0,18010000.0,1855030000.0,14840240000.0
resnet32x8_cifar100_K8_mwmd1_noise40_seed0003_d001,d001,resnet32:8,cifar100,8,matched,mwmd1,peers,3,200,64,0.1,0.9,0.0005,True,0,60,0.1,1.0,1,,disagreement,1.0,1,0.0,0.5,weight,complete,0.4,0.398956,42,0,45000,5000,10000,3760032,103,0.010000000000000002,1,68.48,0.5416625,0.004562876696778036,0.5357,0.5502,0.5888,0.04713749999999994,0.536025,0.5898,0.3657142857142857,0.632156634080021,0.36831785714285725,0.6377882869788839,0.5416625,resnet32,0.5373,0.5324,3.3199572048404,3.139929201792587,0.18002800397913565,resnet32,0.5406,0.538,3.3232480240139095,3.142944570292126,0.18030345520343294,resnet32,0.5436,0.5434,3.306201857260682,3.126369296488437,0.1798325638413768,resnet32,0.5392,0.5276,3.319678380746733,3.135899443518032,0.18377893949350851,resnet32,0.54,0.5388,3.330156929452311,3.15296211567792,0.17719481290656736,resnet32,0.5357,0.53,3.314513465220278,3.1350192685018885,0.1794941970782185,resnet32,0.5502,0.5378,3.303565459495241,3.126085252924399,0.1774802119894461,resnet32,0.5467,0.5402,3.2990871027789335,3.115246275270527,0.18384082651358435,4500000.0,5000.0,18010000.0,1873040000.0,14984320000.0
resnet32x8_cifar100_K8_mwmd1_noise40_seed0003_d001,d001,resnet32:8,cifar100,8,matched,mwmd1,peers,3,200,64,0.1,0.9,0.0005,True,0,60,0.1,1.0,1,,disagreement,1.0,1,0.0,0.5,weight,complete,0.4,0.398956,42,0,45000,5000,10000,3760032,104,0.010000000000000002,1,68.65,0.539625,0.005983257891817826,0.5304,0.55,0.5903,0.050675000000000026,0.5334749999999999,0.5872,0.3724142857142857,0.6288596561220773,0.37038571428571426,0.6362463444684383,0.539625,resnet32,0.5304,0.5214,3.3110979849641975,3.133271794427525,0.17782619269564748,resnet32,0.5461,0.5426,3.3208643685687673,3.1380899995565414,0.18277437320317735,resnet32,0.5409,0.5358,3.3067636540667578,3.1244768778031524,0.1822867785707455,resnet32,0.5337,0.5314,3.3169339807196097,3.1339995363219217,0.18293444158255376,resnet32,0.5388,0.5308,3.3228766613385896,3.145220583812757,0.1776560824576088,resnet32,0.5361,0.5274,3.3125911934131924,3.1300463317470117,0.18254486113702031,resnet32,0.541,0.5396,3.30002231692726,3.1166110411286354,0.18341127732260662,resnet32,0.55,0.5388,3.2973933873528782,3.113398787650195,0.18399459752254188,4500000.0,5000.0,18010000.0,1891050000.0,15128400000.0
resnet32x8_cifar100_K8_mwmd1_noise40_seed0003_d001,d001,resnet32:8,cifar100,8,matched,mwmd1,peers,3,200,64,0.1,0.9,0.0005,True,0,60,0.1,1.0,1,,disagreement,1.0,1,0.0,0.5,weight,complete,0.4,0.398956,42,0,45000,5000,10000,3760032,105,0.010000000000000002,1,68.06,0.537525,0.011163304842205112,0.5177,0.555,0.5881,0.050574999999999926,0.530825,0.5796,0.3705571428571429,0.6322965279515158,0.37406428571428574,0.6351467226724632,0.537525,resnet32,0.5297,0.5176,3.31024367260662,3.1308557963506742,0.17938787885941565,resnet32,0.5177,0.5174,3.3143233484165235,3.1345338337123394,0.17978951377286154,resnet32,0.555,0.5482,3.303918930617246,3.1213609366254373,0.18255799439397047,resnet32,0.5267,0.5188,3.314177486368201,3.1307728229598566,0.183404662985016,resnet32,0.5446,0.5354,3.329587015577338,3.147300101139329,0.18228691511533476,resnet32,0.5438,0.5438,3.31349384479902,3.1243778453631834,0.18911599981683222,resnet32,0.5422,0.5392,3.297306730327281,3.114102431996302,0.1832042942035266,resnet32,0.5405,0.5262,3.298074198378758,3.108298236334866,0.1897759622767229,4500000.0,5000.0,18010000.0,1909060000.0,15272480000.0
resnet32x8_cifar100_K8_mwmd1_noise40_seed0003_d001,d001,resnet32:8,cifar100,8,matched,mwmd1,peers,3,200,64,0.1,0.9,0.0005,True,0,60,0.1,1.0,1,,disagreement,1.0,1,0.0,0.5,weight,complete,0.4,0.398956,42,0,45000,5000,10000,3760032,106,0.010000000000000002,1,68.78,0.5346,0.004241756711552428,0.5276,0.5394,0.5855,0.050900000000000056,0.5327500000000001,0.5816,0.37480714285714284,0.6268676475247298,0.37760000000000005,0.6326995321964798,0.5346,resnet32,0.5338,0.5374,3.312244212762876,3.126970098438588,0.1852741134352982,resnet32,0.5276,0.5214,3.3150117593732746,3.1303355040198024,0.18467625734311613,resnet32,0.5343,0.5292,3.2967499751936304,3.112619877200235,0.18413010140118952,resnet32,0.5284,0.5198,3.30627189475027,3.1285110942342063,0.17776079787026075,resnet32,0.5378,0.5326,3.319256496023048,3.141915697604418,0.17734079585749318,resnet32,0.5394,0.5476,3.3071946796368468,3.1224107735536317,0.18478390995667063,resnet32,0.5389,0.5378,3.297279504551129,3.113109620118683,0.18416988612575966,resnet32,0.5366,0.5362,3.2900011529299347,3.1045567616820335,0.18544438868676397,4500000.0,5000.0,18010000.0,1927070000.0,15416560000.0
resnet32x8_cifar100_K8_mwmd1_noise40_seed0003_d001,d001,resnet32:8,cifar100,8,matched,mwmd1,peers,3,200,64,0.1,0.9,0.0005,True,0,60,0.1,1.0,1,,disagreement,1.0,1,0.0,0.5,weight,complete,0.4,0.398956,42,0,45000,5000,10000,3760032,107,0.010000000000000002,1,68.74,0.5338499999999999,0.007258959980603296,0.5214,0.5446,0.5837,0.04985000000000006,0.5332749999999999,0.5836,0.3753285714285713,0.6268232628385688,0.3787750000000001,0.6346962894463014,0.5338499999999999,resnet32,0.5256,0.5306,3.3128872899846598,3.1297714564610613,0.1831158383177932,resnet32,0.5421,0.5262,3.3132763684473256,3.128081300719218,0.18519506465897642,resnet32,0.5446,0.5388,3.299120157957077,3.111567986959761,0.18755217245779932,resnet32,0.5336,0.5326,3.3097560524263163,3.1266749914396894,0.18308105872182007,resnet32,0.5214,0.5192,3.3212266530502927,3.1380175325003536,0.1832091222855855,resnet32,0.5361,0.5466,3.3098297003995287,3.122621664608067,0.18720803839493205,resnet32,0.5315,0.531,3.292488244108178,3.109466304494576,0.1830219371582974,resnet32,0.5359,0.5412,3.287349400872534,3.1020707792856475,0.18527862374586138,4500000.0,5000.0,18010000.0,1945080000.0,15560640000.0
resnet32x8_cifar100_K8_mwmd1_noise40_seed0003_d001,d001,resnet32:8,cifar100,8,matched,mwmd1,peers,3,200,64,0.1,0.9,0.0005,True,0,60,0.1,1.0,1,,disagreement,1.0,1,0.0,0.5,weight,complete,0.4,0.398956,42,0,45000,5000,10000,3760032,108,0.010000000000000002,1,68.32,0.54135,0.010353501823054844,0.5288,0.5593,0.5947,0.05335000000000001,0.54135,0.5966,0.3699571428571428,0.6267962080435258,0.37329285714285715,0.6374986955037922,0.54135,resnet32,0.5341,0.533,3.309610576792197,3.124143197793852,0.18546737650070677,resnet32,0.5349,0.5344,3.307466811754487,3.123714563182809,0.18375224937600168,resnet32,0.5503,0.5496,3.293339525434104,3.108024047856981,0.18531547848727892,resnet32,0.5288,0.533,3.309713622724468,3.123259953477166,0.18645366272804412,resnet32,0.5296,0.5264,3.3249983848495916,3.141840763728727,0.18315762203102084,resnet32,0.5593,0.5586,3.3039936392822047,3.1180288916961714,0.1859647458292205,resnet32,0.5455,0.548,3.2926094206896694,3.105233831839128,0.18737558973953128,resnet32,0.5483,0.5478,3.2866289527578787,3.0990739207376135,0.187555030094121,4500000.0,5000.0,18010000.0,1963090000.0,15704720000.0
resnet32x8_cifar100_K8_mwmd1_noise40_seed0003_d001,d001,resnet32:8,cifar100,8,matched,mwmd1,peers,3,200,64,0.1,0.9,0.0005,True,0,60,0.1,1.0,1,,disagreement,1.0,1,0.0,0.5,weight,complete,0.4,0.398956,42,0,45000,5000,10000,3760032,109,0.010000000000000002,1,69.2,0.5430125,0.003828654300142529,0.5389,0.5526,0.5889,0.04588749999999997,0.5367999999999999,0.587,0.36541428571428586,0.6378264998014446,0.36483214285714294,0.6424369488002697,0.5430125,resnet32,0.5526,0.5466,3.3091975135559384,3.1203795827247878,0.18881793119097975,resnet32,0.542,0.5284,3.3111580915071746,3.122968037358739,0.1881900578737259,resnet32,0.5389,0.5306,3.2915807230906053,3.105619251728058,0.18596147000789642,resnet32,0.543,0.5362,3.313188335434957,3.122589438476346,0.1905988992445848,resnet32,0.5431,0.5346,3.321710433133624,3.1359086260199547,0.18580180245705627,resnet32,0.5421,0.5442,3.301166712560437,3.1137228858741848,0.18744383068670603,resnet32,0.5412,0.5378,3.2918305938894097,3.103146445344795,0.1886841434223408,resnet32,0.5412,0.536,3.2875148366120728,3.096263063902205,0.1912517745513469,4500000.0,5000.0,18010000.0,1981100000.0,15848800000.0
resnet32x8_cifar100_K8_mwmd1_noise40_seed0003_d001,d001,resnet32:8,cifar100,8,matched,mwmd1,peers,3,200,64,0.1,0.9,0.0005,True,0,60,0.1,1.0,1,,disagreement,1.0,1,0.0,0.5,weight,complete,0.4,0.398956,42,0,45000,5000,10000,3760032,110,0.010000000000000002,1,68.19,0.530775,0.007327985739614958,0.5222,0.5423,0.5811,0.05032499999999995,0.529675,0.5832,0.3745928571428571,0.6316054980336911,0.37652499999999994,0.6334068110614723,0.530775,resnet32,0.5371,0.5348,3.312472676011649,3.1231029494242235,0.18936972521160814,resnet32,0.525,0.5292,3.3149566416713325,3.125063396312974,0.18989324222572826,resnet32,0.5234,0.5168,3.299586468460885,3.1102849665013226,0.18930149982175368,resnet32,0.536,0.5378,3.301448320461945,3.118309690871022,0.18313862777061082,resnet32,0.5222,0.5178,3.320979965004054,3.1384804909202186,0.18249947670847178,resnet32,0.5243,0.528,3.308305204253305,3.118875753134489,0.18942945679141718,resnet32,0.5359,0.5268,3.2950696989216586,3.1083525737578217,0.18671713066710668,resnet32,0.5423,0.5462,3.2860228334638206,3.0990485179830682,0.18697431035847825,4500000.0,5000.0,18010000.0,1999110000.0,15992880000.0
resnet32x8_cifar100_K8_mwmd1_noise40_seed0003_d001,d001,resnet32:8,cifar100,8,matched,mwmd1,peers,3,200,64,0.1,0.9,0.0005,True,0,60,0.1,1.0,1,,disagreement,1.0,1,0.0,0.5,weight,complete,0.4,0.398956,42,0,45000,5000,10000,3760032,111,0.010000000000000002,1,72.54,0.5368124999999999,0.008184197807360252,0.5255,0.5485,0.5943,0.057487500000000136,0.533175,0.584,0.37662857142857137,0.625348377497702,0.37677142857142865,0.6343260821444352,0.5368124999999999,resnet32,0.5286,0.5246,3.2997903302311897,3.1131373928351835,0.186652935935523,resnet32,0.5349,0.5268,3.3052614727480845,3.118446396155791,0.1868150779681111,resnet32,0.5485,0.5472,3.2925686450167135,3.103073279627345,0.1894953676330095,resnet32,0.5414,0.5398,3.3023290187120438,3.1125351840799507,0.1897938346744261,resnet32,0.5287,0.536,3.3175572641193867,3.1301197860051286,0.18743747483346274,resnet32,0.547,0.54,3.2980486056344076,3.1088135973973707,0.18923500332642684,resnet32,0.5255,0.5192,3.285490687259219,3.0979654724625023,0.18752521418289028,resnet32,0.5399,0.5318,3.2798579612916168,3.0900569351559337,0.18980102461170067,4500000.0,5000.0,18010000.0,2017120000.0,16136960000.0
resnet32x8_cifar100_K8_mwmd1_noise40_seed0003_d001,d001,resnet32:8,cifar100,8,matched,mwmd1,peers,3,200,64,0.1,0.9,0.0005,True,0,60,0.1,1.0,1,,disagreement,1.0,1,0.0,0.5,weight,complete,0.4,0.398956,42,0,45000,5000,10000,3760032,112,0.010000000000000002,1,73.24,0.5344625000000001,0.008323151070958637,0.523,0.5484,0.5886,0.05413749999999995,0.5321750000000001,0.5912,0.37803571428571436,0.6228485852050063,0.3773571428571429,0.6305292294829147,0.5344625000000001,resnet32,0.5323,0.5298,3.307035336101597,3.1175164106217297,0.18951892293989658,resnet32,0.523,0.5176,3.310791745104573,3.1181259531189096,0.19266579008068552,resnet32,0.525,0.5248,3.2930027405646713,3.1017777990888464,0.19122494374063204,resnet32,0.5319,0.5334,3.304589315910231,3.1149095415391703,0.18967977540821515,resnet32,0.5374,0.533,3.31986923922192,3.1297191086817873,0.19015013106929307,resnet32,0.5325,0.541,3.2960971902039917,3.1038032553412696,0.19229393479922277,resnet32,0.5452,0.5338,3.292393820529634,3.1009922366250646,0.19140158796852286,resnet32,0.5484,0.544,3.283487668768926,3.0928827354853805,0.19060493224639108,4500000.0,5000.0,18010000.0,2035130000.0,16281040000.0
resnet32x8_cifar100_K8_mwmd1_noise40_seed0003_d001,d001,resnet32:8,cifar100,8,matched,mwmd1,peers,3,200,64,0.1,0.9,0.0005,True,0,60,0.1,1.0,1,,disagreement,1.0,1,0.0,0.5,weight,complete,0.4,0.398956,42,0,45000,5000,10000,3760032,113,0.010000000000000002,1,73.88,0.5359125,0.005846459933156153,0.5266,0.5459,0.5873,0.05138750000000003,0.531675,0.581,0.3718499999999999,0.6286551389158731,0.36993214285714293,0.642058967920839,0.5359125,resnet32,0.5391,0.5366,3.2982741712846537,3.106628755954179,0.1916454189287668,resnet32,0.5302,0.5266,3.3023808209056202,3.110580199144103,0.1918006187135523,resnet32,0.5412,0.5328,3.2855740866877814,3.094003727151589,0.1915703600653532,resnet32,0.533,0.533,3.3024105609140615,3.108887018466538,0.19352353923022747,resnet32,0.5266,0.5204,3.3093508641150864,3.122515532103452,0.18683532790534876,resnet32,0.5376,0.5352,3.295949189500375,3.103310322558338,0.1926388709001582,resnet32,0.5459,0.5422,3.2800853970375927,3.093061776662415,0.1870236212430014,resnet32,0.5337,0.5266,3.2749391032213513,3.0828909555619415,0.1920481518291953,4500000.0,5000.0,18010000.0,2053140000.0,16425120000.0
resnet32x8_cifar100_K8_mwmd1_noise40_seed0003_d001,d001,resnet32:8,cifar100,8,matched,mwmd1,peers,3,200,64,0.1,0.9,0.0005,True,0,60,0.1,1.0,1,,disagreement,1.0,1,0.0,0.5,weight,complete,0.4,0.398956,42,0,45000,5000,10000,3760032,114,0.010000000000000002,1,74.14,0.5246249999999999,0.013763152800139934,0.5011,0.5418,0.5764,0.051775000000000126,0.5213,0.5726,0.39340000000000014,0.6130748362908937,0.38942499999999997,0.6271924466990576,0.5246249999999999,resnet32,0.504,0.4896,3.297677581621842,3.105021576651118,0.19265600687570192,resnet32,0.5269,0.5232,3.2989380552687426,3.1105183989486913,0.18841965794986623,resnet32,0.5296,0.521,3.286269711161202,3.0958424359560013,0.19042727651751853,resnet32,0.5011,0.4968,3.2969078319993885,3.1083662286400795,0.18854159899902614,resnet32,0.5247,0.5228,3.3153255246579647,3.124785927208987,0.1905395957556638,resnet32,0.5418,0.5498,3.298448698087172,3.106449345634742,0.19199935130944307,resnet32,0.5314,0.533,3.2826487472788854,3.0934558023105967,0.18919294454496016,resnet32,0.5375,0.5342,3.2749363177201967,3.0852544497359884,0.18968186762437902,4500000.0,5000.0,18010000.0,2071150000.0,16569200000.0
resnet32x8_cifar100_K8_mwmd1_noise40_seed0003_d001,d001,resnet32:8,cifar100,8,matched,mwmd1,peers,3,200,64,0.1,0.9,0.0005,True,0,60,0.1,1.0,1,,disagreement,1.0,1,0.0,0.5,weight,complete,0.4,0.398956,42,0,45000,5000,10000,3760032,115,0.010000000000000002,1,75.17,0.541325,0.00572532750154957,0.5308,0.5466,0.5936,0.05227500000000007,0.5354,0.5866,0.3722,0.6292559319065705,0.3714107142857144,0.635584885085623,0.541325,resnet32,0.5342,0.53,3.300619222901084,3.110022746365179,0.19059647727673026,resnet32,0.5308,0.5282,3.300005530430512,3.109414831142534,0.19059069810265844,resnet32,0.538,0.5358,3.289964072744955,3.095597715201703,0.19436636150137268,resnet32,0.5453,0.541,3.299681630324234,3.104564219713211,0.19511740953153509,resnet32,0.5449,0.5328,3.3119990713894367,3.1249996941875327,0.18699937610125,resnet32,0.5455,0.5322,3.2905823964286935,3.100009773942557,0.19057261990383267,resnet32,0.5453,0.5396,3.277528101747686,3.090194351293824,0.18733375083485787,resnet32,0.5466,0.5436,3.275203240866011,3.084728206423196,0.19047503179701214,4500000.0,5000.0,18010000.0,2089160000.0,16713280000.0
resnet32x8_cifar100_K8_mwmd1_noise40_seed0003_d001,d001,resnet32:8,cifar100,8,matched,mwmd1,peers,3,200,64,0.1,0.9,0.0005,True,0,60,0.1,1.0,1,,disagreement,1.0,1,0.0,0.5,weight,complete,0.4,0.398956,42,0,45000,5000,10000,3760032,116,0.010000000000000002,1,76.45,0.5386500000000001,0.006345667813555972,0.5281,0.5479,0.5932,0.054549999999999876,0.5385249999999999,0.5914,0.37847857142857144,0.6282454510065458,0.37666428571428573,0.6305956466619541,0.5386500000000001,resnet32,0.5374,0.5342,3.2924218072809954,3.1004604517736216,0.19196135895750063,resnet32,0.542,0.5474,3.2901829349046405,3.1001236211847174,0.19005931029096246,resnet32,0.5315,0.5286,3.2797919518568297,3.0883149799298155,0.19147697421298784,resnet32,0.5281,0.5332,3.2928350906480444,3.100961625914682,0.19187346558001908,resnet32,0.5367,0.5316,3.3084165816279976,3.1170576465400783,0.1913589419246736,resnet32,0.5462,0.5448,3.2923589135435494,3.095078072764657,0.1972808426203714,resnet32,0.5394,0.5344,3.2825042205778034,3.084925640035759,0.1975785785100677,resnet32,0.5479,0.554,3.267722428183664,3.0773656253110278,0.19035680221647702,4500000.0,5000.0,18010000.0,2107170000.0,16857360000.0
resnet32x8_cifar100_K8_mwmd1_noise40_seed0003_d001,d001,resnet32:8,cifar100,8,matched,mwmd1,peers,3,200,64,0.1,0.9,0.0005,True,0,60,0.1,1.0,1,,disagreement,1.0,1,0.0,0.5,weight,complete,0.4,0.398956,42,0,45000,5000,10000,3760032,117,0.010000000000000002,1,77.08,0.5436624999999999,0.005251175463646216,0.5317,0.5496,0.5925,0.04883750000000009,0.539825,0.5878,0.3616928571428572,0.6426597177941681,0.36718214285714285,0.639606169844132,0.5436624999999999,resnet32,0.5451,0.5406,3.2983887395398184,3.10244768620892,0.19594105318273333,resnet32,0.541,0.5396,3.2973172535950486,3.1012308949773963,0.19608636041679842,resnet32,0.5317,0.5324,3.283830178732222,3.0880663852122696,0.19576379275796088,resnet32,0.5443,0.5376,3.293658545410091,3.098049833354625,0.19560871328311888,resnet32,0.5478,0.5466,3.3077198294076053,3.112593111666766,0.1951267205348069,resnet32,0.5424,0.5336,3.2881893193857237,3.0933070348745044,0.1948822833047333,resnet32,0.5474,0.5408,3.280749248510057,3.084980779412118,0.195768472336402,resnet32,0.5496,0.5474,3.2719759047031403,3.076158886606043,0.1958170193247497,4500000.0,5000.0,18010000.0,2125180000.0,17001440000.0
resnet32x8_cifar100_K8_mwmd1_noise40_seed0003_d001,d001,resnet32:8,cifar100,8,matched,mwmd1,peers,3,200,64,0.1,0.9,0.0005,True,0,60,0.1,1.0,1,,disagreement,1.0,1,0.0,0.5,weight,complete,0.4,0.398956,42,0,45000,5000,10000,3760032,118,0.010000000000000002,1,73.52,0.540025,0.007644074502514997,0.5288,0.5528,0.5945,0.05447500000000005,0.535525,0.5964,0.38006428571428563,0.6240886237074756,0.382,0.6281767892206599,0.540025,resnet32,0.5426,0.536,3.2884447222406212,3.0965780653059483,0.19186665636317973,resnet32,0.5316,0.5306,3.2969785816967487,3.098721233958548,0.19825734972784465,resnet32,0.5444,0.5434,3.280793523246592,3.0823556445538998,0.19843787636438553,resnet32,0.5345,0.5368,3.2952311892401087,3.0982692681930284,0.19696191977709532,resnet32,0.5385,0.539,3.3089634213935244,3.117354506118731,0.19160891815342687,resnet32,0.547,0.5436,3.2877166484567253,3.0899254374883394,0.19779121124354954,resnet32,0.5288,0.5208,3.2776153216307815,3.080905907872048,0.19670941462655636,resnet32,0.5528,0.534,3.2745585966516626,3.075754450126128,0.19880414724519307,4500000.0,5000.0,18010000.0,2143190000.0,17145520000.0
resnet32x8_cifar100_K8_mwmd1_noise40_seed0003_d001,d001,resnet32:8,cifar100,8,matched,mwmd1,peers,3,200,64,0.1,0.9,0.0005,True,0,60,0.1,1.0,1,,disagreement,1.0,1,0.0,0.5,weight,complete,0.4,0.398956,42,0,45000,5000,10000,3760032,119,0.010000000000000002,1,73.12,0.5373625,0.004184775232912757,0.5321,0.5443,0.5866,0.049237500000000045,0.5368250000000001,0.5916,0.37395000000000006,0.6232152373809843,0.37509999999999993,0.6321621595428176,0.5373625,resnet32,0.5337,0.5328,3.296460937031291,3.1010080840099943,0.1954528586727313,resnet32,0.5335,0.5332,3.296622846275568,3.100924350321293,0.19569849447262558,resnet32,0.5321,0.532,3.281593708152121,3.0836062864823774,0.19798741809261794,resnet32,0.5351,0.5314,3.2900037579238415,3.0950094014406204,0.19499435942535373,resnet32,0.5443,0.5344,3.3121848604218527,3.1160054853694006,0.19617937655526807,resnet32,0.5388,0.539,3.288119288330728,3.090583637695421,0.19753564851866526,resnet32,0.5389,0.5442,3.277852536263791,3.0828776000575586,0.19497493734921922,resnet32,0.5425,0.5476,3.273734454404224,3.0772566155276517,0.1964778391305696,4500000.0,5000.0,18010000.0,2161200000.0,17289600000.0
resnet32x8_cifar100_K8_mwmd1_noise40_seed0003_d001,d001,resnet32:8,cifar100,8,matched,mwmd1,peers,3,200,64,0.1,0.9,0.0005,True,0,60,0.1,1.0,1,,disagreement,1.0,1,0.0,0.5,weight,complete,0.4,0.398956,42,0,45000,5000,10000,3760032,120,0.0010000000000000002,1,73.23,0.59755,0.0027041634565980054,0.5931,0.6016,0.6344,0.03684999999999994,0.5947,0.63,0.29077857142857144,0.6849542094727988,0.2970714285714286,0.6855246989663699,0.59755,resnet32,0.6006,0.5938,3.120293975892392,2.9570655643262644,0.16322841328060764,resnet32,0.5954,0.5932,3.117087496952577,2.9528426216407255,0.16424487141722982,resnet32,0.5997,0.596,3.1002526621926916,2.9358300905336034,0.16442257379689676,resnet32,0.5931,0.603,3.111264618621631,2.951173195784742,0.16009142178915103,resnet32,0.5972,0.589,3.1323725997724314,2.973038373684341,0.15933422686066478,resnet32,0.5971,0.5938,3.1097868758846414,2.946167952973734,0.16361892149275678,resnet32,0.5957,0.5914,3.1009102782065217,2.937641041522676,0.16326923738233745,resnet32,0.6016,0.5974,3.0884353545579044,2.923870290883563,0.16456506625664505,4500000.0,5000.0,18010000.0,2179210000.0,17433680000.0
resnet32x8_cifar100_K8_mwmd1_noise40_seed0003_d001,d001,resnet32:8,cifar100,8,matched,mwmd1,peers,3,200,64,0.1,0.9,0.0005,True,0,60,0.1,1.0,1,,disagreement,1.0,1,0.0,0.5,weight,complete,0.4,0.398956,42,0,45000,5000,10000,3760032,121,0.0010000000000000002,1,76.25,0.5988,0.0017507141400011405,0.5959,0.6011,0.6366,0.037800000000000056,0.596375,0.6324,0.2928571428571428,0.6790237830383509,0.2968,0.6840304931644691,0.5988,resnet32,0.6001,0.6008,3.063950175927444,2.896976701237939,0.16697347813963212,resnet32,0.5959,0.5962,3.0650171071968297,2.8979868204756216,0.16703028591688385,resnet32,0.5986,0.5978,3.043592255223881,2.8770298598842188,0.16656239637681705,resnet32,0.5974,0.5996,3.0598672831600364,2.8916518796573984,0.16821540028534152,resnet32,0.601,0.5952,3.079392143609849,2.916773209856315,0.16261893130881203,resnet32,0.5973,0.5918,3.054211848838763,2.8867761746726255,0.1674356710758399,resnet32,0.599,0.593,3.0410511544482275,2.8784316676584156,0.16261948864187367,resnet32,0.6011,0.5966,3.0360134403136643,2.8689044927331535,0.16710894839541818,4500000.0,5000.0,18010000.0,2197220000.0,17577760000.0
resnet32x8_cifar100_K8_mwmd1_noise40_seed0003_d001,d001,resnet32:8,cifar100,8,matched,mwmd1,peers,3,200,64,0.1,0.9,0.0005,True,0,60,0.1,1.0,1,,disagreement,1.0,1,0.0,0.5,weight,complete,0.4,0.398956,42,0,45000,5000,10000,3760032,122,0.0010000000000000002,1,75.0,0.6018625,0.0031799911556480865,0.5961,0.6063,0.64,0.038137500000000046,0.598675,0.6414,0.2960714285714286,0.6764670320724006,0.2975107142857142,0.6808815969487974,0.6018625,resnet32,0.6063,0.6032,3.0505562221462075,2.879657557742162,0.170898660520007,resnet32,0.6009,0.5954,3.0462505874985997,2.8783450946211815,0.1679054952057248,resnet32,0.6026,0.5942,3.036356634714387,2.8607826632532207,0.17557396500540728,resnet32,0.598,0.6066,3.0478193990208884,2.8716971687972546,0.17612222537652336,resnet32,0.6028,0.5972,3.072431735017083,2.896938493983312,0.17549324192276056,resnet32,0.5961,0.5946,3.044669645076448,2.86922166462649,0.1754479807462882,resnet32,0.6035,0.5996,3.0287098860876127,2.8578002574768933,0.17090962748889896,resnet32,0.6047,0.5986,3.015367953276092,2.8474548269401896,0.16791312923570248,4500000.0,5000.0,18010000.0,2215230000.0,17721840000.0
resnet32x8_cifar100_K8_mwmd1_noise40_seed0003_d001,d001,resnet32:8,cifar100,8,matched,mwmd1,peers,3,200,64,0.1,0.9,0.0005,True,0,60,0.1,1.0,1,,disagreement,1.0,1,0.0,0.5,weight,complete,0.4,0.398956,42,0,45000,5000,10000,3760032,123,0.0010000000000000002,1,73.62,0.6031875,0.0019617833086250985,0.5998,0.6057,0.6401,0.036912500000000015,0.599275,0.644,0.2953785714285714,0.6715375366645077,0.29848928571428573,0.6800804211615773,0.6031875,resnet32,0.6041,0.6024,3.0344017415561457,2.8566097657788885,0.17779197641225022,resnet32,0.6003,0.5984,3.0340118120339783,2.856903216716918,0.1771085960896347,resnet32,0.6036,0.5958,3.0129761692475188,2.836104770953005,0.1768714033744552,resnet32,0.6042,0.6016,3.0293026119470596,2.851188672875816,0.17811393612911078,resnet32,0.6048,0.601,3.0524041429162025,2.879901410165158,0.1725027350793508,resnet32,0.5998,0.5982,3.0256945521316747,2.8482629345221953,0.17743162042461336,resnet32,0.603,0.5978,3.0087243338877503,2.835808551108295,0.17291577638719569,resnet32,0.6057,0.599,3.0029972696846183,2.824854750524868,0.1781425198264928,4500000.0,5000.0,18010000.0,2233240000.0,17865920000.0
resnet32x8_cifar100_K8_mwmd1_noise40_seed0003_d001,d001,resnet32:8,cifar100,8,matched,mwmd1,peers,3,200,64,0.1,0.9,0.0005,True,0,60,0.1,1.0,1,,disagreement,1.0,1,0.0,0.5,weight,complete,0.4,0.398956,42,0,45000,5000,10000,3760032,124,0.0010000000000000002,1,74.55,0.6030625000000001,0.002410880285289985,0.5985,0.6062,0.6446,0.041537499999999894,0.5982999999999999,0.643,0.29966428571428566,0.6727794250353325,0.30295357142857154,0.67593274743225,0.6030625000000001,resnet32,0.603,0.6042,3.0237696705894037,2.8427735235203397,0.18099614857188004,resnet32,0.6014,0.596,3.0268673839216884,2.843226865611293,0.18364052019420674,resnet32,0.6061,0.596,3.0058167671615426,2.8233598900789563,0.18245687687092207,resnet32,0.6023,0.5992,3.0223616629161616,2.8375060304322024,0.18485562543554063,resnet32,0.6023,0.6018,3.050416439094327,2.8685813779858025,0.1818350584838878,resnet32,0.5985,0.596,3.014409689740701,2.831102533096617,0.18330715437927705,resnet32,0.6047,0.5972,3.0056973587382925,2.824664806439118,0.18103254937820815,resnet32,0.6062,0.596,2.9979603866284545,2.8130772520195353,0.18488313403742557,4500000.0,5000.0,18010000.0,2251250000.0,18010000000.0
resnet32x8_cifar100_K8_mwmd1_noise40_seed0003_d001,d001,resnet32:8,cifar100,8,matched,mwmd1,peers,3,200,64,0.1,0.9,0.0005,True,0,60,0.1,1.0,1,,disagreement,1.0,1,0.0,0.5,weight,complete,0.4,0.398956,42,0,45000,5000,10000,3760032,125,0.0010000000000000002,1,75.58,0.6007125,0.0016050214173025938,0.5969,0.6024,0.6417,0.040987500000000066,0.5987250000000001,0.6408,0.3025857142857143,0.6632454904378022,0.3061,0.6735400076999848,0.6007125,resnet32,0.602,0.5998,3.0249577946960926,2.8366794643754307,0.1882783328817988,resnet32,0.601,0.5924,3.02232826738195,2.836759452115406,0.18556881450455298,resnet32,0.6003,0.5948,3.001333926211704,2.8129525340416213,0.18838139255107803,resnet32,0.6024,0.6058,3.011991826648062,2.826132839714939,0.1858589890497652,resnet32,0.6009,0.6002,3.0475429997525434,2.85826987400651,0.1892731241373853,resnet32,0.6004,0.6044,3.0136494128541513,2.8239964788610283,0.18965293507261033,resnet32,0.5969,0.5946,3.0047246861186894,2.816601365127347,0.18812332113950767,resnet32,0.6018,0.5978,2.991831421852112,2.803152332590385,0.1886790899390524,4500000.0,5000.0,18010000.0,2269260000.0,18154080000.0
resnet32x8_cifar100_K8_mwmd1_noise40_seed0003_d001,d001,resnet32:8,cifar100,8,matched,mwmd1,peers,3,200,64,0.1,0.9,0.0005,True,0,60,0.1,1.0,1,,disagreement,1.0,1,0.0,0.5,weight,complete,0.4,0.398956,42,0,45000,5000,10000,3760032,126,0.0010000000000000002,1,73.83,0.6016625,0.0010594072635205043,0.5997,0.6028,0.6424,0.04073749999999998,0.598875,0.6458,0.30534999999999995,0.6585536584235597,0.3090785714285715,0.6694011208080436,0.6016625,resnet32,0.6022,0.5988,3.01062086597085,2.8197565254839985,0.19086433940736408,resnet32,0.5997,0.5976,3.009435914795507,2.822498197921298,0.18693771452473645,resnet32,0.6025,0.5966,2.994519490748644,2.8008534606884825,0.19366603300229393,resnet32,0.6001,0.6012,3.01319536160339,2.8191152509640562,0.19408010623671793,resnet32,0.6019,0.5986,3.0386839763007383,2.8484068319878797,0.19027714494785125,resnet32,0.6019,0.5988,3.0029855621131984,2.8124465478414837,0.1905390096151016,resnet32,0.6028,0.5996,2.9926949370313776,2.801741629161618,0.19095330947840755,resnet32,0.6022,0.5998,2.980891888453202,2.7941558296707543,0.18673605829561976,4500000.0,5000.0,18010000.0,2287270000.0,18298160000.0
resnet32x8_cifar100_K8_mwmd1_noise40_seed0003_d001,d001,resnet32:8,cifar100,8,matched,mwmd1,peers,3,200,64,0.1,0.9,0.0005,True,0,60,0.1,1.0,1,,disagreement,1.0,1,0.0,0.5,weight,complete,0.4,0.398956,42,0,45000,5000,10000,3760032,127,0.0010000000000000002,1,74.74,0.6014124999999999,0.001784262802952527,0.5977,0.6035,0.6423,0.04088750000000008,0.598125,0.6464,0.30995,0.6580393229641823,0.3116928571428571,0.6636239464621388,0.6014124999999999,resnet32,0.602,0.6024,3.009688405150717,2.814655801789327,0.1950326037000526,resnet32,0.601,0.595,3.0075750215487047,2.814769159663807,0.19280585784211077,resnet32,0.6012,0.5948,2.986012628132647,2.7899212396957656,0.1960913882675496,resnet32,0.6,0.603,3.0027722005139696,2.8068517842753367,0.19592041869393803,resnet32,0.6028,0.5998,3.0289227440953255,2.837099262259223,0.1918234827885912,resnet32,0.5977,0.5994,2.9972480847076937,2.8019913773645055,0.19525670355439864,resnet32,0.6035,0.5996,2.986893304708329,2.790501007640904,0.1963922952682796,resnet32,0.6031,0.591,2.978385475210168,2.782770759002729,0.19561471961523322,4500000.0,5000.0,18010000.0,2305280000.0,18442240000.0
resnet32x8_cifar100_K8_mwmd1_noise40_seed0003_d001,d001,resnet32:8,cifar100,8,matched,mwmd1,peers,3,200,64,0.1,0.9,0.0005,True,0,60,0.1,1.0,1,,disagreement,1.0,1,0.0,0.5,weight,complete,0.4,0.398956,42,0,45000,5000,10000,3760032,128,0.0010000000000000002,1,74.62,0.6021375,0.001646919472834059,0.6002,0.6048,0.6455,0.04336249999999997,0.601275,0.648,0.3066714285714286,0.6624174940246447,0.3122964285714285,0.663696604636139,0.6021375,resnet32,0.602,0.605,3.0049895115874032,2.805876462297006,0.19911304863423787,resnet32,0.6032,0.6022,3.0069783455268904,2.8082123381847683,0.1987660052254796,resnet32,0.6016,0.5986,2.981437772851099,2.784026921472766,0.19741085734726352,resnet32,0.6002,0.6046,2.999318528920412,2.8012383454902605,0.19808018120767718,resnet32,0.6048,0.5998,3.0259022678841245,2.8296155353838746,0.1962867307857695,resnet32,0.6003,0.6012,2.9911319904706697,2.793745069341226,0.19738692305558783,resnet32,0.6008,0.6022,2.984143516895446,2.785536898469383,0.19860661927271972,resnet32,0.6042,0.5966,2.9755968194116247,2.775759453123266,0.19983737111430278,4500000.0,5000.0,18010000.0,2323290000.0,18586320000.0
resnet32x8_cifar100_K8_mwmd1_noise40_seed0003_d001,d001,resnet32:8,cifar100,8,matched,mwmd1,peers,3,200,64,0.1,0.9,0.0005,True,0,60,0.1,1.0,1,,disagreement,1.0,1,0.0,0.5,weight,complete,0.4,0.398956,42,0,45000,5000,10000,3760032,129,0.0010000000000000002,1,73.08,0.600575,0.0020209836713838175,0.5972,0.6039,0.6428,0.04222500000000007,0.59895,0.6422,0.3073857142857143,0.6622724464692213,0.31265357142857136,0.6649418580979078,0.600575,resnet32,0.6039,0.5978,2.999061805280772,2.7979820495979353,0.20107975936579434,resnet32,0.6018,0.6006,3.004404189573093,2.799615326930176,0.20478886634704063,resnet32,0.5972,0.5962,2.979317072101615,2.7766146537932483,0.20270242127166552,resnet32,0.5997,0.6014,2.988599720326337,2.789710574190725,0.19888914729976517,resnet32,0.5986,0.6006,3.0202837955545294,2.822521088475531,0.19776270966130224,resnet32,0.5997,0.5968,2.9912839250808414,2.7867332236333326,0.2045506987170401,resnet32,0.602,0.6006,2.9795609207993206,2.776917887343602,0.20264303343455223,resnet32,0.6017,0.5976,2.9663434851575983,2.764726000414653,0.20161748027682982,4500000.0,5000.0,18010000.0,2341300000.0,18730400000.0
resnet32x8_cifar100_K8_mwmd1_noise40_seed0003_d001,d001,resnet32:8,cifar100,8,matched,mwmd1,peers,3,200,64,0.1,0.9,0.0005,True,0,60,0.1,1.0,1,,disagreement,1.0,1,0.0,0.5,weight,complete,0.4,0.398956,42,0,45000,5000,10000,3760032,130,0.0010000000000000002,1,74.87,0.6012375,0.0015667940994272247,0.5975,0.6027,0.6426,0.04136249999999997,0.5987,0.6458,0.3128571428571429,0.6537091329643817,0.31524642857142854,0.6623574087198039,0.6012375,resnet32,0.6023,0.5974,3.001689486205578,2.795869392427531,0.20582009333355183,resnet32,0.6024,0.5984,2.9965258091688156,2.7940180034122686,0.2025078091431748,resnet32,0.6027,0.6008,2.9741016897288235,2.7697607207704675,0.20434096453457393,resnet32,0.6013,0.6,2.9918107326057823,2.788976821709763,0.2028339154679667,resnet32,0.6017,0.5996,3.0211120061576366,2.8178658465092834,0.2032461573623798,resnet32,0.5975,0.5986,2.992398304695433,2.7782190296460283,0.21417927253060043,resnet32,0.6004,0.5966,2.9729145623066207,2.7668335424228148,0.20608102166178552,resnet32,0.6016,0.5982,2.9726009091193024,2.757726426828991,0.21487447759136558,4500000.0,5000.0,18010000.0,2359310000.0,18874480000.0
resnet32x8_cifar100_K8_mwmd1_noise40_seed0003_d001,d001,resnet32:8,cifar100,8,matched,mwmd1,peers,3,200,64,0.1,0.9,0.0005,True,0,60,0.1,1.0,1,,disagreement,1.0,1,0.0,0.5,weight,complete,0.4,0.398956,42,0,45000,5000,10000,3760032,131,0.0010000000000000002,1,72.81,0.60135,0.0018540496217739327,0.5988,0.6045,0.6451,0.043749999999999956,0.602725,0.6484,0.3150285714285714,0.6468661737538486,0.31707499999999994,0.6564091604440444,0.60135,resnet32,0.5989,0.6,2.995490136132999,2.7872136282649906,0.20827650223773989,resnet32,0.6008,0.6022,2.998349542983554,2.7901305324313315,0.20821900816041639,resnet32,0.6045,0.606,2.9685106849805876,2.7638912322846325,0.20461945140480317,resnet32,0.5988,0.6074,2.9870230426842515,2.777761771258983,0.2092612707902762,resnet32,0.6019,0.603,3.013864330947399,2.810251756317236,0.20361256961372087,resnet32,0.6016,0.6062,2.980833735994317,2.7722601338543673,0.20857360321943733,resnet32,0.6009,0.6016,2.9720472751015965,2.763551553711295,0.20849572187712925,resnet32,0.6034,0.5954,2.9600486013699663,2.7510637251490895,0.20898487264375118,4500000.0,5000.0,18010000.0,2377320000.0,19018560000.0
resnet32x8_cifar100_K8_mwmd1_noise40_seed0003_d001,d001,resnet32:8,cifar100,8,matched,mwmd1,peers,3,200,64,0.1,0.9,0.0005,True,0,60,0.1,1.0,1,,disagreement,1.0,1,0.0,0.5,weight,complete,0.4,0.398956,42,0,45000,5000,10000,3760032,132,0.0010000000000000002,1,73.18,0.599825,0.0015864661988205003,0.5975,0.6021,0.6464,0.04657499999999992,0.597875,0.6452,0.3131285714285715,0.654445967344965,0.31710714285714287,0.6617246386215773,0.599825,resnet32,0.6021,0.5962,2.999909732829441,2.7842374193397434,0.21567231630483133,resnet32,0.5997,0.5982,2.993172890760682,2.785886225375262,0.20728666544891894,resnet32,0.5988,0.5966,2.9716332863000305,2.755792983553626,0.21584030257707293,resnet32,0.6017,0.6034,2.9845540269531985,2.777316475795074,0.20723755162378604,resnet32,0.5981,0.597,3.0232791142030195,2.8093699196522888,0.21390919404273684,resnet32,0.5995,0.5984,2.98655355586247,2.772388790818778,0.21416476722383362,resnet32,0.5975,0.5974,2.970537330616604,2.7576933086595754,0.2128440228036859,resnet32,0.6012,0.5958,2.960214064879851,2.7474753213199703,0.212738744427704,4500000.0,5000.0,18010000.0,2395330000.0,19162640000.0
resnet32x8_cifar100_K8_mwmd1_noise40_seed0003_d001,d001,resnet32:8,cifar100,8,matched,mwmd1,peers,3,200,64,0.1,0.9,0.0005,True,0,60,0.1,1.0,1,,disagreement,1.0,1,0.0,0.5,weight,complete,0.4,0.398956,42,0,45000,5000,10000,3760032,133,0.0010000000000000002,1,73.94,0.60005,0.0013397761006974207,0.5978,0.6018,0.6449,0.044850000000000056,0.5986499999999999,0.6458,0.32012857142857143,0.6457253944846497,0.31974642857142854,0.6544867247024567,0.60005,resnet32,0.6012,0.595,2.9848341308534145,2.7718827074224297,0.21295142218216576,resnet32,0.5993,0.6006,2.9910376857627523,2.774354978379878,0.2166827093513513,resnet32,0.6018,0.5992,2.9655281379818916,2.7492475482550534,0.21628059332512997,resnet32,0.6017,0.601,2.9800761318342253,2.7667162763801487,0.2133598497814753,resnet32,0.6,0.5964,3.0111792165447366,2.800368828868324,0.21081038960255682,resnet32,0.5978,0.6028,2.9702381075105886,2.7574163705787877,0.21282174017026342,resnet32,0.5998,0.595,2.9613172984258695,2.7492663630030374,0.21205093298869376,resnet32,0.5988,0.5992,2.95006561414762,2.735859613865614,0.21420600038783794,4500000.0,5000.0,18010000.0,2413340000.0,19306720000.0
resnet32x8_cifar100_K8_mwmd1_noise40_seed0003_d001,d001,resnet32:8,cifar100,8,matched,mwmd1,peers,3,200,64,0.1,0.9,0.0005,True,0,60,0.1,1.0,1,,disagreement,1.0,1,0.0,0.5,weight,complete,0.4,0.398956,42,0,45000,5000,10000,3760032,134,0.0010000000000000002,1,73.83,0.5991375000000001,0.002412953325284176,0.5956,0.6038,0.6453,0.046162499999999884,0.59655,0.647,0.32125,0.6458323492254184,0.3221321428571428,0.6553040035432474,0.5991375000000001,resnet32,0.5998,0.596,2.9850297861478547,2.7678398696536366,0.21718991839919577,resnet32,0.6012,0.5964,2.9805680394849996,2.7675884196704086,0.21297961835410784,resnet32,0.5956,0.5946,2.957885203375058,2.7451753507960928,0.2127098511608148,resnet32,0.5972,0.599,2.9764060625298456,2.7617292905395683,0.21467676997946744,resnet32,0.5997,0.5944,3.0024569644169374,2.7906621051105587,0.2117948626506735,resnet32,0.5984,0.5976,2.9664255658333953,2.751993378116326,0.21443219080736692,resnet32,0.5974,0.5982,2.9627590819515963,2.745208519426259,0.2175505664622919,resnet32,0.6038,0.5962,2.945075863464312,2.7315679294141857,0.21350793525661257,4500000.0,5000.0,18010000.0,2431350000.0,19450800000.0
resnet32x8_cifar100_K8_mwmd1_noise40_seed0003_d001,d001,resnet32:8,cifar100,8,matched,mwmd1,peers,3,200,64,0.1,0.9,0.0005,True,0,60,0.1,1.0,1,,disagreement,1.0,1,0.0,0.5,weight,complete,0.4,0.398956,42,0,45000,5000,10000,3760032,135,0.0010000000000000002,1,73.8,0.6,0.0016255768207009032,0.597,0.6024,0.6455,0.045499999999999985,0.59875,0.6452,0.3214428571428571,0.647144188082957,0.3240000000000001,0.6521080110122267,0.6,resnet32,0.597,0.5952,2.980054897340861,2.7627291535450653,0.21732574170032007,resnet32,0.6004,0.6026,2.9805696030909363,2.7635048444975507,0.21706475469876418,resnet32,0.5994,0.595,2.9617774364623157,2.738369067792188,0.22340836801396852,resnet32,0.599,0.606,2.972491027956659,2.75547078167173,0.21702024571343578,resnet32,0.6018,0.5992,3.0044847310266714,2.788225455886938,0.21625927545722912,resnet32,0.5991,0.6018,2.974601297215982,2.7512526430866937,0.22334865472194823,resnet32,0.6009,0.5908,2.9599849835715513,2.742053681137887,0.2179313035343181,resnet32,0.6024,0.5994,2.9445771967822854,2.726272215897387,0.21830497997474263,4500000.0,5000.0,18010000.0,2449360000.0,19594880000.0
resnet32x8_cifar100_K8_mwmd1_noise40_seed0003_d001,d001,resnet32:8,cifar100,8,matched,mwmd1,peers,3,200,64,0.1,0.9,0.0005,True,0,60,0.1,1.0,1,,disagreement,1.0,1,0.0,0.5,weight,complete,0.4,0.398956,42,0,45000,5000,10000,3760032,136,0.0010000000000000002,1,74.09,0.59985,0.001476482306023341,0.5971,0.6021,0.6475,0.04764999999999997,0.5973999999999999,0.6484,0.32223571428571424,0.6425018530998207,0.32557500000000006,0.6496360514660126,0.59985,resnet32,0.5995,0.5946,2.983330011029135,2.761032646013932,0.22229736802083525,resnet32,0.5971,0.5992,2.9844211390749975,2.7595309875905514,0.22489015222527087,resnet32,0.5987,0.592,2.959581974216483,2.7330363653600216,0.22654560839079999,resnet32,0.6001,0.6026,2.9794087149202824,2.7523467268117447,0.22706199236298827,resnet32,0.6002,0.594,3.000490001995455,2.7822818383574486,0.21820816380733793,resnet32,0.6016,0.5984,2.967446017671715,2.743157385425134,0.22428863637403332,resnet32,0.5995,0.6014,2.9524728039448913,2.7330788231708785,0.21939397742971778,resnet32,0.6021,0.597,2.9499673182991417,2.7263424652205273,0.22362485362894155,4500000.0,5000.0,18010000.0,2467370000.0,19738960000.0
resnet32x8_cifar100_K8_mwmd1_noise40_seed0003_d001,d001,resnet32:8,cifar100,8,matched,mwmd1,peers,3,200,64,0.1,0.9,0.0005,True,0,60,0.1,1.0,1,,disagreement,1.0,1,0.0,0.5,weight,complete,0.4,0.398956,42,0,45000,5000,10000,3760032,137,0.0010000000000000002,1,73.97,0.5993125,0.001861073279051625,0.5966,0.6025,0.6467,0.04738750000000003,0.59755,0.6472,0.3243928571428571,0.6364940069870431,0.32538571428571433,0.6512739485671669,0.5993125,resnet32,0.5983,0.5938,2.976322666826573,2.751195243813775,0.22512742381712253,resnet32,0.599,0.6006,2.9793548099696636,2.7523041089827363,0.22705069848928938,resnet32,0.6012,0.593,2.9527055336670442,2.7257917120375414,0.22691381559707224,resnet32,0.5991,0.6008,2.976119711656462,2.74682160297578,0.2292981105644933,resnet32,0.6005,0.5978,3.0033854378218,2.7775525335561144,0.22583290619182994,resnet32,0.6025,0.6006,2.962874138558453,2.7361180291257123,0.22675610801459037,resnet32,0.5966,0.6002,2.9551369585096836,2.729404459961436,0.2257324985482476,resnet32,0.5973,0.5936,2.9442802125757392,2.714531809599562,0.22974840346300465,4500000.0,5000.0,18010000.0,2485380000.0,19883040000.0
resnet32x8_cifar100_K8_mwmd1_noise40_seed0003_d001,d001,resnet32:8,cifar100,8,matched,mwmd1,peers,3,200,64,0.1,0.9,0.0005,True,0,60,0.1,1.0,1,,disagreement,1.0,1,0.0,0.5,weight,complete,0.4,0.398956,42,0,45000,5000,10000,3760032,138,0.0010000000000000002,1,73.11,0.5994125,0.0022329562803601664,0.5945,0.6022,0.6501,0.050687499999999996,0.5972,0.647,0.32631428571428567,0.6368408760469982,0.32801428571428576,0.6445734639973286,0.5994125,resnet32,0.5996,0.5938,2.971452497961846,2.745968064123934,0.22548443286425687,resnet32,0.6011,0.5964,2.970315434377302,2.7427956973287193,0.2275197348472747,resnet32,0.5983,0.5956,2.947303217581727,2.7199509025297384,0.22735231270251627,resnet32,0.5945,0.5982,2.9688171158460053,2.7426282600923018,0.2261888566850261,resnet32,0.6022,0.5966,2.9937109598381952,2.7721386521377345,0.22157230916094373,resnet32,0.6005,0.601,2.9715183580463584,2.7345812764357436,0.23693708478557793,resnet32,0.5984,0.6004,2.9478767849504948,2.7250885492698713,0.2227882407605648,resnet32,0.6007,0.5956,2.947539001025937,2.709669141606851,0.23786985709077932,4500000.0,5000.0,18010000.0,2503390000.0,20027120000.0
resnet32x8_cifar100_K8_mwmd1_noise40_seed0003_d001,d001,resnet32:8,cifar100,8,matched,mwmd1,peers,3,200,64,0.1,0.9,0.0005,True,0,60,0.1,1.0,1,,disagreement,1.0,1,0.0,0.5,weight,complete,0.4,0.398956,42,0,45000,5000,10000,3760032,139,0.0010000000000000002,1,73.93,0.5962125,0.0017588614925570486,0.5929,0.5983,0.6461,0.049887499999999974,0.59385,0.6494,0.3302,0.6372113038336729,0.3317964285714287,0.6428795922749523,0.5962125,resnet32,0.5978,0.5942,2.9703144956041467,2.7418700714002955,0.22844442088072273,resnet32,0.5983,0.5928,2.9782952056689695,2.7493467815220356,0.228948423194445,resnet32,0.5943,0.5918,2.944642298939553,2.7160310704599726,0.22861122854307972,resnet32,0.5962,0.5984,2.9683507572520864,2.738517339256677,0.22983342419717123,resnet32,0.5962,0.5958,2.9957002482630988,2.7669085663827984,0.22879168113947593,resnet32,0.596,0.596,2.9605946520512756,2.7315746423873035,0.22902000835165381,resnet32,0.5929,0.591,2.950850585644895,2.7219578850675714,0.22889270229180428,resnet32,0.598,0.5908,2.9394061433320697,2.709496565840461,0.229909575459632,4500000.0,5000.0,18010000.0,2521400000.0,20171200000.0
resnet32x8_cifar100_K8_mwmd1_noise40_seed0003_d001,d001,resnet32:8,cifar100,8,matched,mwmd1,peers,3,200,64,0.1,0.9,0.0005,True,0,60,0.1,1.0,1,,disagreement,1.0,1,0.0,0.5,weight,complete,0.4,0.398956,42,0,45000,5000,10000,3760032,140,0.0010000000000000002,1,74.16,0.5970625,0.0024160595501766654,0.5945,0.6012,0.6458,0.04873749999999999,0.596325,0.6496,0.3277857142857143,0.6346148103291969,0.33091428571428566,0.6453352975357441,0.5970625,resnet32,0.5963,0.5916,2.9710230576721104,2.740110735662959,0.2309123199560087,resnet32,0.5967,0.594,2.9734678312458773,2.740843717347492,0.2326241126918996,resnet32,0.5982,0.594,2.947091821919788,2.713822975754738,0.23326884430240502,resnet32,0.5947,0.6046,2.9668012908236547,2.733146712014621,0.23365457662889225,resnet32,0.6002,0.5964,2.998169981281866,2.76453038406643,0.23363959886641664,resnet32,0.5945,0.5934,2.9585584825412794,2.7243311032652855,0.2342273742595518,resnet32,0.5947,0.6004,2.950668486004526,2.7179867432198743,0.23268174212849277,resnet32,0.6012,0.5962,2.9334127100353893,2.701590034094724,0.2318226785018024,4500000.0,5000.0,18010000.0,2539410000.0,20315280000.0
resnet32x8_cifar100_K8_mwmd1_noise40_seed0003_d001,d001,resnet32:8,cifar100,8,matched,mwmd1,peers,3,200,64,0.1,0.9,0.0005,True,0,60,0.1,1.0,1,,disagreement,1.0,1,0.0,0.5,weight,complete,0.4,0.398956,42,0,45000,5000,10000,3760032,141,0.0010000000000000002,1,76.3,0.5968625,0.0015866139259441813,0.595,0.5995,0.6469,0.05003750000000007,0.5917749999999999,0.6458,0.3320357142857143,0.6316111770123098,0.3334035714285715,0.6431667406945849,0.5968625,resnet32,0.5979,0.5912,2.9658721177415415,2.7333698377690534,0.23250227544287388,resnet32,0.5995,0.5928,2.968427935784513,2.7375566747716884,0.2308712627273053,resnet32,0.5987,0.5824,2.9453532238575546,2.710599848153916,0.23475337559780615,resnet32,0.5959,0.596,2.966048487208106,2.731304577297785,0.23474390904249792,resnet32,0.5954,0.5902,2.9926748153838245,2.7629197940907697,0.2297550195362419,resnet32,0.595,0.5942,2.965804007581689,2.7234842492775484,0.24231975904496555,resnet32,0.5954,0.5908,2.949478330259973,2.716393590989438,0.23308473711156033,resnet32,0.5971,0.5966,2.946812093257904,2.7036072686314583,0.24320482610809532,4500000.0,5000.0,18010000.0,2557420000.0,20459360000.0
resnet32x8_cifar100_K8_mwmd1_noise40_seed0003_d001,d001,resnet32:8,cifar100,8,matched,mwmd1,peers,3,200,64,0.1,0.9,0.0005,True,0,60,0.1,1.0,1,,disagreement,1.0,1,0.0,0.5,weight,complete,0.4,0.398956,42,0,45000,5000,10000,3760032,142,0.0010000000000000002,1,74.16,0.5968749999999999,0.0017144605565599968,0.5937,0.5994,0.6499,0.0530250000000001,0.5928249999999999,0.6476,0.3347785714285715,0.6281597643005749,0.3362178571428571,0.6388665097265254,0.5968749999999999,resnet32,0.5961,0.5894,2.9588127637451347,2.7264302362772552,0.23238252552056854,resnet32,0.5966,0.595,2.9651087813756685,2.7294930998574602,0.23561568310568956,resnet32,0.596,0.5904,2.9377765130590308,2.7019204314459455,0.2358560808510943,resnet32,0.5937,0.5944,2.962216146628965,2.720808467404409,0.24140768057920717,resnet32,0.5973,0.5922,2.9899613064798443,2.7543688944794913,0.23559241068803452,resnet32,0.5992,0.5948,2.948674827814102,2.7123809201134876,0.2362939081027765,resnet32,0.5967,0.595,2.9417991170828994,2.7090256363153458,0.2327734817200425,resnet32,0.5994,0.5914,2.932681246914647,2.6911537184972656,0.24152752945453607,4500000.0,5000.0,18010000.0,2575430000.0,20603440000.0
resnet32x8_cifar100_K8_mwmd1_noise40_seed0003_d001,d001,resnet32:8,cifar100,8,matched,mwmd1,peers,3,200,64,0.1,0.9,0.0005,True,0,60,0.1,1.0,1,,disagreement,1.0,1,0.0,0.5,weight,complete,0.4,0.398956,42,0,45000,5000,10000,3760032,143,0.0010000000000000002,1,74.33,0.5988125,0.0015583946066385025,0.5955,0.6012,0.6518,0.052987500000000076,0.596525,0.6552,0.33205,0.6325745657453228,0.3307571428571429,0.6466886263892393,0.5988125,resnet32,0.598,0.5956,2.965248544107784,2.7261964052238246,0.23905213619582355,resnet32,0.599,0.5998,2.96267394348979,2.7269061502407896,0.23576779337599874,resnet32,0.5995,0.5926,2.941693204031749,2.699346662922339,0.24234654026275332,resnet32,0.5998,0.6016,2.957688275047324,2.71870508891615,0.2389831837182018,resnet32,0.5982,0.5986,2.9860255172984167,2.7515636780722574,0.23446184555491942,resnet32,0.5955,0.5954,2.9486871730874884,2.7103905731981452,0.23829660247164694,resnet32,0.5993,0.5994,2.943785401907834,2.701683983206749,0.24210141925141215,resnet32,0.6012,0.5892,2.929530893875794,2.68957461619919,0.239956282036887,4500000.0,5000.0,18010000.0,2593440000.0,20747520000.0
resnet32x8_cifar100_K8_mwmd1_noise40_seed0003_d001,d001,resnet32:8,cifar100,8,matched,mwmd1,peers,3,200,64,0.1,0.9,0.0005,True,0,60,0.1,1.0,1,,disagreement,1.0,1,0.0,0.5,weight,complete,0.4,0.398956,42,0,45000,5000,10000,3760032,144,0.0010000000000000002,1,72.84,0.596175,0.0032964943500634033,0.59,0.6003,0.6475,0.051324999999999954,0.592875,0.649,0.33747142857142853,0.6269109022508201,0.33850000000000013,0.6366806255967592,0.596175,resnet32,0.5937,0.5924,2.959521512754939,2.7201042110947045,0.2394173013004051,resnet32,0.5968,0.5936,2.9642022319815378,2.724516698243943,0.23968553473241627,resnet32,0.6003,0.587,2.935200009833683,2.6955035904591735,0.23969642331146382,resnet32,0.59,0.5988,2.9527930207550526,2.7128109694881872,0.23998204972171647,resnet32,0.5988,0.5918,2.9858018657700582,2.750695766373114,0.23510610265657306,resnet32,0.5944,0.593,2.9453722949732435,2.706207897683436,0.23916439635848458,resnet32,0.5954,0.5932,2.9371975524858995,2.7005964548073034,0.23660109592178327,resnet32,0.6,0.5932,2.9267640435560183,2.686164414679462,0.2405996248972687,4500000.0,5000.0,18010000.0,2611450000.0,20891600000.0
resnet32x8_cifar100_K8_mwmd1_noise40_seed0003_d001,d001,resnet32:8,cifar100,8,matched,mwmd1,peers,3,200,64,0.1,0.9,0.0005,True,0,60,0.1,1.0,1,,disagreement,1.0,1,0.0,0.5,weight,complete,0.4,0.398956,42,0,45000,5000,10000,3760032,145,0.0010000000000000002,1,74.5,0.5966125,0.0021374268993348115,0.5926,0.6005,0.6477,0.05108750000000006,0.5914250000000001,0.6464,0.3380785714285714,0.6243562794199293,0.33804999999999996,0.6377525300773048,0.5966125,resnet32,0.5956,0.5812,2.9610852358693425,2.719205114990473,0.24188011725941164,resnet32,0.6005,0.594,2.963791701265357,2.721644941040061,0.24214676272293384,resnet32,0.5957,0.5894,2.943510451100089,2.694748329168016,0.24876212106424977,resnet32,0.5975,0.5958,2.9520263167267498,2.713330225172368,0.23869608967057007,resnet32,0.5978,0.59,2.9837935753166676,2.746444899927486,0.2373486736958677,resnet32,0.5926,0.596,2.9546676115556196,2.704467391425913,0.2502002192195505,resnet32,0.5958,0.595,2.9441519833423873,2.693570091304454,0.25058189254592766,resnet32,0.5974,0.59,2.9308373352343384,2.6814984736794774,0.24933885960755023,4500000.0,5000.0,18010000.0,2629460000.0,21035680000.0
