run_id,run_tag,cohort,dataset,K,arm,arm_label,target,seed,epochs,batch_size,base_lr,momentum,weight_decay,nesterov,graph_seed,lr_step,lr_gamma,kd_T,k_matchings,k_anneal,match_weight,kappa,rematch_every_epochs,recency_lambda,recency_gamma,peel_weighting,graph,label_noise_rate,actual_noise_rate,noise_seed,split_seed,n_train,n_valid,n_test,cohort_params,epoch,lr,k_current,epoch_seconds,avg_test_acc,std_test_acc,min_test_acc,max_test_acc,ensemble_test_acc,ens_minus_avg_test,avg_val_acc,ensemble_val_acc,disagreement_val,rho_val,disagreement_test,rho_test,avg_test_acc_resnet32,avg_test_acc_wrn28x10,model_00_arch,model_00_test_acc,model_00_val_acc,model_00_train_loss,model_00_ce_loss,model_00_kd_loss,model_01_arch,model_01_test_acc,model_01_val_acc,model_01_train_loss,model_01_ce_loss,model_01_kd_loss,model_02_arch,model_02_test_acc,model_02_val_acc,model_02_train_loss,model_02_ce_loss,model_02_kd_loss,model_03_arch,model_03_test_acc,model_03_val_acc,model_03_train_loss,model_03_ce_loss,model_03_kd_loss,model_04_arch,model_04_test_acc,model_04_val_acc,model_04_train_loss,model_04_ce_loss,model_04_kd_loss,model_05_arch,model_05_test_acc,model_05_val_acc,model_05_train_loss,model_05_ce_loss,model_05_kd_loss,model_06_arch,model_06_test_acc,model_06_val_acc,model_06_train_loss,model_06_ce_loss,model_06_kd_loss,model_07_arch,model_07_test_acc,model_07_val_acc,model_07_train_loss,model_07_ce_loss,model_07_kd_loss,comm_logit_floats_epoch,comm_matcher_ints_epoch,comm_bytes_epoch,comm_bytes_cum,comm_bytes_cum_cohort
wrn28x10x4-resnet32x4_cifar100_K8_dml_seed0004_d001,d001,"wrn28x10:4,resnet32:4",cifar100,8,dml,dml,peers,4,200,64,0.1,0.9,0.0005,True,0,60,0.1,1.0,1,,disagreement,1.0,1,0.0,0.5,weight,complete,0.0,0.0,42,0,45000,5000,10000,148027552,0,0.1,7,151.07,0.1377,0.037507199308932676,0.0668,0.1782,0.1717,0.034,0.12995,0.1596,0.7057142857142856,0.4244545539526009,0.7085928571428571,0.4267684080955679,0.1111,0.1643,wrn28x10,0.1665,0.1576,3.831497010520913,3.624363970688798,0.20713303716514597,wrn28x10,0.1697,0.1564,3.8536563993177633,3.6533696302636103,0.20028676014308902,wrn28x10,0.1428,0.1348,3.843963377516378,3.640503878959201,0.203459492969242,wrn28x10,0.1782,0.1672,3.851488810032606,3.65047178146514,0.2010170264084908,resnet32,0.0668,0.0646,4.776119329712608,4.369174062189731,0.4069452549076893,resnet32,0.1644,0.1562,4.158019494265318,3.930953075262633,0.22706642882390457,resnet32,0.1121,0.1086,4.2327663116157055,3.991830521009185,0.24093578940003432,resnet32,0.1011,0.0942,4.4684543240476735,4.174390123310414,0.2940641952128234,31500000.0,0.0,126000000.0,126000000.0,1008000000.0
wrn28x10x4-resnet32x4_cifar100_K8_dml_seed0004_d001,d001,"wrn28x10:4,resnet32:4",cifar100,8,dml,dml,peers,4,200,64,0.1,0.9,0.0005,True,0,60,0.1,1.0,1,,disagreement,1.0,1,0.0,0.5,weight,complete,0.0,0.0,42,0,45000,5000,10000,148027552,1,0.1,7,143.99,0.198825,0.02259611415708462,0.1682,0.2297,0.2265,0.027675000000000005,0.1992,0.228,0.6216214285714285,0.5693221750160545,0.6270464285714284,0.5608570459244225,0.199425,0.19822499999999998,wrn28x10,0.2072,0.2096,3.102851792153987,2.900948748669841,0.2019030361817303,wrn28x10,0.1976,0.1972,3.122366523878141,2.9248488823121246,0.19751763955520635,wrn28x10,0.1759,0.1722,3.112969073043628,2.9121713882142846,0.20079767945307223,wrn28x10,0.2122,0.2152,3.119263267652555,2.9205848991193553,0.19867836468091066,resnet32,0.1682,0.173,4.016646718775684,3.649847374382344,0.3667993468909778,resnet32,0.2265,0.2256,3.429161748086864,3.207786184820262,0.22137556455775417,resnet32,0.2297,0.2252,3.48611315746199,3.26173739338463,0.22437576280737465,resnet32,0.1733,0.1756,3.6897783533416013,3.4236189678988675,0.2661593796219677,31500000.0,0.0,126000000.0,252000000.0,2016000000.0
wrn28x10x4-resnet32x4_cifar100_K8_dml_seed0004_d001,d001,"wrn28x10:4,resnet32:4",cifar100,8,dml,dml,peers,4,200,64,0.1,0.9,0.0005,True,0,60,0.1,1.0,1,,disagreement,1.0,1,0.0,0.5,weight,complete,0.0,0.0,42,0,45000,5000,10000,148027552,2,0.1,7,143.09,0.256975,0.02172307241160882,0.2178,0.2926,0.3125,0.05552499999999999,0.257675,0.313,0.6122285714285713,0.5174729989989071,0.6158535714285714,0.5089529752933463,0.24469999999999997,0.26925,wrn28x10,0.2926,0.2896,2.718537373976274,2.5149243729697033,0.20361299853009934,wrn28x10,0.2513,0.2518,2.734123516489159,2.5346160141581837,0.19950750207697804,wrn28x10,0.2593,0.2566,2.732133199884133,2.5296535559675912,0.20247964702800594,wrn28x10,0.2738,0.2776,2.7280564982105386,2.5254560585387726,0.20260043954476714,resnet32,0.2178,0.2228,3.371777188710191,3.058596698059277,0.313180493360216,resnet32,0.247,0.2452,3.016088196499781,2.7828107672658833,0.23327743090604516,resnet32,0.2736,0.2742,3.024036632004109,2.7906072241338817,0.23342940715056928,resnet32,0.2404,0.2436,3.207975960590623,2.9331877969882707,0.2747881624805318,31500000.0,0.0,126000000.0,378000000.0,3024000000.0
wrn28x10x4-resnet32x4_cifar100_K8_dml_seed0004_d001,d001,"wrn28x10:4,resnet32:4",cifar100,8,dml,dml,peers,4,200,64,0.1,0.9,0.0005,True,0,60,0.1,1.0,1,,disagreement,1.0,1,0.0,0.5,weight,complete,0.0,0.0,42,0,45000,5000,10000,148027552,3,0.1,7,143.03,0.24951249999999997,0.04964127409474901,0.1474,0.296,0.2948,0.045287500000000036,0.2523,0.2984,0.6394714285714286,0.48174432304343034,0.6477321428571428,0.4729731616425564,0.28264999999999996,0.21637499999999998,wrn28x10,0.2007,0.2116,2.4976471251046117,2.284065520390868,0.21358160515823824,wrn28x10,0.289,0.2894,2.5094204350289973,2.297862768342549,0.2115576696497473,wrn28x10,0.2284,0.2346,2.5131900488314303,2.299037068574266,0.21415298561226914,wrn28x10,0.1474,0.1522,2.5096496043896135,2.296022881161083,0.2136267218315466,resnet32,0.2651,0.264,3.018592506985773,2.7179291302507576,0.3006633777298372,resnet32,0.296,0.298,2.781930382956158,2.5318830910731447,0.2500472956294702,resnet32,0.2872,0.2794,2.7690868902612817,2.520732993260026,0.24835389530794186,resnet32,0.2823,0.2892,2.949772238054059,2.655138472264463,0.29463376371528616,31500000.0,0.0,126000000.0,504000000.0,4032000000.0
wrn28x10x4-resnet32x4_cifar100_K8_dml_seed0004_d001,d001,"wrn28x10:4,resnet32:4",cifar100,8,dml,dml,peers,4,200,64,0.1,0.9,0.0005,True,0,60,0.1,1.0,1,,disagreement,1.0,1,0.0,0.5,weight,complete,0.0,0.0,42,0,45000,5000,10000,148027552,4,0.1,7,143.3,0.31975,0.028946977389703407,0.2845,0.376,0.3733,0.05355000000000004,0.320625,0.3812,0.5826428571428571,0.5275719926179534,0.583917857142857,0.5248834124975412,0.34419999999999995,0.2953,wrn28x10,0.2845,0.2842,2.353580944578756,2.1275359210981564,0.22604502324776893,wrn28x10,0.3088,0.3132,2.3527321222830904,2.128330619667064,0.22440149876373736,wrn28x10,0.2975,0.3016,2.366575726731257,2.1408939644355667,0.2256817622321912,wrn28x10,0.2904,0.2986,2.360983211377805,2.1361292385580866,0.22485397233289073,resnet32,0.3219,0.3232,2.772934766994281,2.4756314805285498,0.2973032847935842,resnet32,0.376,0.376,2.60950183106417,2.3451055295088072,0.2643963014706969,resnet32,0.3439,0.3384,2.5991704501211643,2.337646391920068,0.261524052020501,resnet32,0.335,0.3298,2.758800817822868,2.4579688093879004,0.3008320066569881,31500000.0,0.0,126000000.0,630000000.0,5040000000.0
wrn28x10x4-resnet32x4_cifar100_K8_dml_seed0004_d001,d001,"wrn28x10:4,resnet32:4",cifar100,8,dml,dml,peers,4,200,64,0.1,0.9,0.0005,True,0,60,0.1,1.0,1,,disagreement,1.0,1,0.0,0.5,weight,complete,0.0,0.0,42,0,45000,5000,10000,148027552,5,0.1,7,143.08,0.3007875,0.043461576061505185,0.2372,0.3668,0.36,0.0592125,0.299875,0.3606,0.5904214285714288,0.5176418643178774,0.5911714285714286,0.5123573747522799,0.318,0.283575,wrn28x10,0.2922,0.292,2.245764214376157,2.0084001381288874,0.2373640708286654,wrn28x10,0.2372,0.2356,2.243906225331805,2.0089796017855406,0.23492662790654736,wrn28x10,0.2834,0.281,2.2565086355263535,2.0198665605011312,0.2366420773111961,wrn28x10,0.3215,0.3274,2.24900758147917,2.0131054183637556,0.23590216241692277,resnet32,0.2399,0.2364,2.5932036597620356,2.2981951641426845,0.29500849468802864,resnet32,0.3668,0.3674,2.4859633660790594,2.213431714779951,0.27253165252676065,resnet32,0.3418,0.3346,2.4816334176469934,2.209352321584116,0.27228109623220836,resnet32,0.3235,0.3246,2.6196380496363747,2.313002957200462,0.30663509340956807,31500000.0,0.0,126000000.0,756000000.0,6048000000.0
wrn28x10x4-resnet32x4_cifar100_K8_dml_seed0004_d001,d001,"wrn28x10:4,resnet32:4",cifar100,8,dml,dml,peers,4,200,64,0.1,0.9,0.0005,True,0,60,0.1,1.0,1,,disagreement,1.0,1,0.0,0.5,weight,complete,0.0,0.0,42,0,45000,5000,10000,148027552,6,0.1,7,143.06,0.3686125,0.023373352214648205,0.3392,0.4181,0.4313,0.06268750000000001,0.36734999999999995,0.4366,0.5326785714285713,0.5396445258019601,0.53425,0.54862528044586,0.35555,0.381675,wrn28x10,0.4181,0.417,2.1644000350074335,1.9193501916121354,0.24504984244280917,wrn28x10,0.3616,0.3586,2.168487275865945,1.9242916582998904,0.2441956128882752,wrn28x10,0.3628,0.3534,2.1740988811308686,1.927926386452534,0.24617249410684136,wrn28x10,0.3842,0.3898,2.1707457940686834,1.9270005095750093,0.24374528244053098,resnet32,0.3749,0.3746,2.4831889595159073,2.183993660929528,0.2991953013591807,resnet32,0.3392,0.342,2.4060352859510616,2.122888163070787,0.28314712590707297,resnet32,0.3656,0.3672,2.4050298959694127,2.1215468614616175,0.2834830373864282,resnet32,0.3425,0.3362,2.5177858133207667,2.206625058739023,0.3111607556612315,31500000.0,0.0,126000000.0,882000000.0,7056000000.0
wrn28x10x4-resnet32x4_cifar100_K8_dml_seed0004_d001,d001,"wrn28x10:4,resnet32:4",cifar100,8,dml,dml,peers,4,200,64,0.1,0.9,0.0005,True,0,60,0.1,1.0,1,,disagreement,1.0,1,0.0,0.5,weight,complete,0.0,0.0,42,0,45000,5000,10000,148027552,7,0.1,7,143.46,0.375925,0.02741330653168275,0.3232,0.4195,0.4466,0.07067499999999999,0.380425,0.4518,0.5403714285714287,0.534864343952545,0.5454,0.5336706378782211,0.36295,0.38889999999999997,wrn28x10,0.3539,0.3566,2.1069949535145,1.8541562365876003,0.2528387184297158,wrn28x10,0.3778,0.3876,2.1056074024262754,1.8534321994944052,0.2521752017888833,wrn28x10,0.4044,0.4152,2.108202772892334,1.8555393803187392,0.2526633943092417,wrn28x10,0.4195,0.4248,2.109966028481722,1.8570313160731033,0.25293471302244475,resnet32,0.3781,0.3776,2.406284582547166,2.1017831150781023,0.3045014697550373,resnet32,0.379,0.3772,2.343878399072723,2.0540994332933966,0.2897789710285989,resnet32,0.3715,0.3764,2.3461235424673017,2.0559352580457926,0.2901882873213088,resnet32,0.3232,0.328,2.452698470347307,2.1360311318527567,0.31666733730923047,31500000.0,0.0,126000000.0,1008000000.0,8064000000.0
wrn28x10x4-resnet32x4_cifar100_K8_dml_seed0004_d001,d001,"wrn28x10:4,resnet32:4",cifar100,8,dml,dml,peers,4,200,64,0.1,0.9,0.0005,True,0,60,0.1,1.0,1,,disagreement,1.0,1,0.0,0.5,weight,complete,0.0,0.0,42,0,45000,5000,10000,148027552,8,0.1,7,143.04,0.3874375,0.03158741590807959,0.3089,0.4231,0.4548,0.06736249999999999,0.38915,0.4626,0.5257714285714286,0.5517805867936671,0.5303107142857143,0.5527935597005269,0.373975,0.4009,wrn28x10,0.4231,0.4272,2.0668954630805687,1.8076489508490672,0.25924651441164315,wrn28x10,0.3984,0.396,2.0631625963882967,1.8065177781338042,0.25664481780999765,wrn28x10,0.3946,0.4038,2.0665420600297777,1.8072136119008064,0.25932844838296826,wrn28x10,0.3875,0.3932,2.0648386256599967,1.8074280462143095,0.2574105745774101,resnet32,0.4008,0.389,2.3513937734744768,2.0431494047357277,0.3082443653732877,resnet32,0.4011,0.4054,2.3067440458319406,2.010640169239857,0.2961038809735328,resnet32,0.3851,0.3848,2.3034026634625415,2.0071017361161383,0.2963009306483648,resnet32,0.3089,0.3138,2.3957039805298503,2.078599772500721,0.3171042073094709,31500000.0,0.0,126000000.0,1134000000.0,9072000000.0
wrn28x10x4-resnet32x4_cifar100_K8_dml_seed0004_d001,d001,"wrn28x10:4,resnet32:4",cifar100,8,dml,dml,peers,4,200,64,0.1,0.9,0.0005,True,0,60,0.1,1.0,1,,disagreement,1.0,1,0.0,0.5,weight,complete,0.0,0.0,42,0,45000,5000,10000,148027552,9,0.1,7,143.11,0.42264999999999997,0.02303150016824783,0.3819,0.4585,0.4896,0.06695000000000001,0.41864999999999997,0.4884,0.500857142857143,0.5516415902591472,0.5007857142857144,0.556858930932214,0.41007499999999997,0.435225,wrn28x10,0.4086,0.4086,2.018446762453426,1.7522282944145529,0.2662184681023725,wrn28x10,0.4456,0.444,2.0181430324234744,1.75339382937686,0.2647492016496306,wrn28x10,0.4585,0.4624,2.026682796126062,1.7592475898563862,0.2674352037508718,wrn28x10,0.4282,0.4214,2.019101770086722,1.7524637842381543,0.26663798301226715,resnet32,0.3819,0.3722,2.315527554601431,1.9989380418238314,0.3165895185348662,resnet32,0.401,0.3992,2.2628447733480823,1.9580599094995044,0.30478486243042757,resnet32,0.4294,0.4218,2.275566504590891,1.9691132025962526,0.30645329907367175,resnet32,0.428,0.4196,2.3594194527038117,2.033395315943794,0.3260241392576559,31500000.0,0.0,126000000.0,1260000000.0,10080000000.0
wrn28x10x4-resnet32x4_cifar100_K8_dml_seed0004_d001,d001,"wrn28x10:4,resnet32:4",cifar100,8,dml,dml,peers,4,200,64,0.1,0.9,0.0005,True,0,60,0.1,1.0,1,,disagreement,1.0,1,0.0,0.5,weight,complete,0.0,0.0,42,0,45000,5000,10000,148027552,10,0.1,7,145.85,0.3874375,0.025932939358082798,0.3391,0.4237,0.4472,0.059762499999999996,0.38755,0.4472,0.5119714285714286,0.565290269926987,0.5112285714285714,0.5642115986890891,0.37982499999999997,0.39504999999999996,wrn28x10,0.4237,0.4164,1.9863767556168817,1.7141666727309877,0.2722100825260647,wrn28x10,0.3687,0.3742,1.9910059806636788,1.7211624280634252,0.2698435519017618,wrn28x10,0.3719,0.3728,1.9947157756171443,1.7227111045609822,0.27200467357496644,wrn28x10,0.4159,0.4132,1.9934209915386005,1.722355318679051,0.27106567575934937,resnet32,0.3817,0.3918,2.289462586695498,1.9715773243118415,0.3178852567957206,resnet32,0.4019,0.3908,2.2492674004963855,1.9412565046752042,0.3080108992501416,resnet32,0.3966,0.4024,2.252157400446859,1.9436785773458807,0.30847881848669867,resnet32,0.3391,0.3388,2.3250357173383236,1.997760760513219,0.3272749553434551,31500000.0,0.0,126000000.0,1386000000.0,11088000000.0
wrn28x10x4-resnet32x4_cifar100_K8_dml_seed0004_d001,d001,"wrn28x10:4,resnet32:4",cifar100,8,dml,dml,peers,4,200,64,0.1,0.9,0.0005,True,0,60,0.1,1.0,1,,disagreement,1.0,1,0.0,0.5,weight,complete,0.0,0.0,42,0,45000,5000,10000,148027552,11,0.1,7,142.46,0.40526249999999997,0.029865989750048467,0.3517,0.4359,0.4589,0.053637500000000005,0.40537500000000004,0.4646,0.4663142857142857,0.6014034900268455,0.46730357142857143,0.6030351998513689,0.40202499999999997,0.40850000000000003,wrn28x10,0.4103,0.4166,1.960832628506151,1.6831748675216327,0.2776577625931664,wrn28x10,0.4359,0.4372,1.964330054819584,1.6889048831706697,0.2754251701037653,wrn28x10,0.4274,0.4286,1.9638186500153758,1.68800850703635,0.2758101440796798,wrn28x10,0.3604,0.3622,1.9657944826917215,1.6911827332594178,0.27461175091395323,resnet32,0.3517,0.3476,2.2604577664963226,1.9377771279012614,0.3226806393993849,resnet32,0.4231,0.4146,2.221195499836044,1.9081076012754983,0.31308789388276637,resnet32,0.4061,0.41,2.2232973465526644,1.9087759718637576,0.31452136901630595,resnet32,0.4272,0.4262,2.2950980731032113,1.964151281355457,0.33094679373739794,31500000.0,0.0,126000000.0,1512000000.0,12096000000.0
wrn28x10x4-resnet32x4_cifar100_K8_dml_seed0004_d001,d001,"wrn28x10:4,resnet32:4",cifar100,8,dml,dml,peers,4,200,64,0.1,0.9,0.0005,True,0,60,0.1,1.0,1,,disagreement,1.0,1,0.0,0.5,weight,complete,0.0,0.0,42,0,45000,5000,10000,148027552,12,0.1,7,142.49,0.3857375,0.03544354445805329,0.3283,0.4412,0.4486,0.06286249999999999,0.381025,0.4426,0.5024571428571428,0.5622725641171903,0.5050892857142857,0.5673842561181338,0.361825,0.40965000000000007,wrn28x10,0.3993,0.4024,1.9380719538100741,1.657624927772717,0.28044702409004624,wrn28x10,0.4412,0.4328,1.9397412020374427,1.660959257659587,0.27878194842064247,wrn28x10,0.4062,0.3978,1.934694573113864,1.654993786561218,0.27970078655264596,wrn28x10,0.3919,0.388,1.93687395226549,1.657145337963646,0.27972861320119013,resnet32,0.3283,0.3258,2.2313155731694265,1.9064008678224953,0.324914706743915,resnet32,0.3662,0.3644,2.197364808314226,1.8803071288222617,0.3170576772271571,resnet32,0.4116,0.401,2.1981885609301655,1.8809933977370912,0.3171951600392772,resnet32,0.3412,0.336,2.268171252344142,1.9344966311685063,0.33367461804300547,31500000.0,0.0,126000000.0,1638000000.0,13104000000.0
wrn28x10x4-resnet32x4_cifar100_K8_dml_seed0004_d001,d001,"wrn28x10:4,resnet32:4",cifar100,8,dml,dml,peers,4,200,64,0.1,0.9,0.0005,True,0,60,0.1,1.0,1,,disagreement,1.0,1,0.0,0.5,weight,complete,0.0,0.0,42,0,45000,5000,10000,148027552,13,0.1,7,142.51,0.4050625,0.018728850572045257,0.3722,0.4387,0.4733,0.0682375,0.4048,0.4742,0.5081785714285714,0.5513135610842835,0.5072464285714285,0.5631432745986651,0.398525,0.41159999999999997,wrn28x10,0.4023,0.4026,1.9240296591411938,1.6393333033404567,0.284696356753226,wrn28x10,0.4387,0.4438,1.925038399852135,1.6398983401331035,0.2851400594227016,wrn28x10,0.399,0.3996,1.9263458643108606,1.6410435714166274,0.28530229219574144,wrn28x10,0.4064,0.4112,1.9237940858372233,1.639536220919002,0.28425786834718153,resnet32,0.3901,0.39,2.225556667555462,1.894528512080962,0.33102815763347526,resnet32,0.4226,0.4244,2.1854696715758606,1.8646324388682842,0.32083723349073395,resnet32,0.4092,0.4032,2.1883757700296966,1.8666723070835525,0.3217034636658024,resnet32,0.3722,0.3636,2.2595264207233083,1.9215101112018933,0.338016307214275,31500000.0,0.0,126000000.0,1764000000.0,14112000000.0
wrn28x10x4-resnet32x4_cifar100_K8_dml_seed0004_d001,d001,"wrn28x10:4,resnet32:4",cifar100,8,dml,dml,peers,4,200,64,0.1,0.9,0.0005,True,0,60,0.1,1.0,1,,disagreement,1.0,1,0.0,0.5,weight,complete,0.0,0.0,42,0,45000,5000,10000,148027552,14,0.1,7,142.56,0.41161249999999994,0.053186592236671826,0.3004,0.4842,0.5028,0.09118750000000009,0.410225,0.497,0.5414785714285714,0.5273354273118553,0.54425,0.5317226055989213,0.38637499999999997,0.43685,wrn28x10,0.3699,0.38,1.9072032558985732,1.6197513484142043,0.28745190756903455,wrn28x10,0.4495,0.4468,1.9073532899333672,1.620770547200333,0.28658274063755845,wrn28x10,0.4842,0.4814,1.906783932142637,1.6205900450321762,0.28619388554414565,wrn28x10,0.4438,0.4384,1.9077852678231217,1.620261737230149,0.28752353139729664,resnet32,0.3939,0.3972,2.1998849639838394,1.8684798070991582,0.33140515980564733,resnet32,0.4194,0.4142,2.1758401117880237,1.8517956728623672,0.3240444378461689,resnet32,0.4318,0.4276,2.1710594045844944,1.8461159386418082,0.32494346966797655,resnet32,0.3004,0.2962,2.244708505713127,1.9044777347960256,0.3402307692237876,31500000.0,0.0,126000000.0,1890000000.0,15120000000.0
wrn28x10x4-resnet32x4_cifar100_K8_dml_seed0004_d001,d001,"wrn28x10:4,resnet32:4",cifar100,8,dml,dml,peers,4,200,64,0.1,0.9,0.0005,True,0,60,0.1,1.0,1,,disagreement,1.0,1,0.0,0.5,weight,complete,0.0,0.0,42,0,45000,5000,10000,148027552,15,0.1,7,142.4,0.4256375,0.04784124626041843,0.3453,0.4764,0.4934,0.0677625,0.42685,0.498,0.4869499999999999,0.5634949289528358,0.4868857142857144,0.5698973580673912,0.38037499999999996,0.4709,wrn28x10,0.4738,0.478,1.8947141051969745,1.6017862131649798,0.2929278905291788,wrn28x10,0.4764,0.4716,1.8892806384035132,1.5974838823418727,0.2917967550456524,wrn28x10,0.4678,0.4754,1.8887226960875771,1.5976796934211797,0.291043002539399,wrn28x10,0.4656,0.4712,1.8920190798288041,1.5997726517644795,0.2922464264133437,resnet32,0.3453,0.3486,2.192301005802371,1.8560807667672634,0.3362202425910668,resnet32,0.4036,0.4066,2.159317397597161,1.8303654691712423,0.3289519304155626,resnet32,0.3848,0.3786,2.1623512653803285,1.8323641471903434,0.3299871203066273,resnet32,0.3878,0.3848,2.2240178617225452,1.8806433388116686,0.3433745242655277,31500000.0,0.0,126000000.0,2016000000.0,16128000000.0
wrn28x10x4-resnet32x4_cifar100_K8_dml_seed0004_d001,d001,"wrn28x10:4,resnet32:4",cifar100,8,dml,dml,peers,4,200,64,0.1,0.9,0.0005,True,0,60,0.1,1.0,1,,disagreement,1.0,1,0.0,0.5,weight,complete,0.0,0.0,42,0,45000,5000,10000,148027552,16,0.1,7,141.9,0.434325,0.019637066354219,0.403,0.4586,0.5151,0.08077499999999999,0.428175,0.5054,0.5058357142857143,0.5445357592473238,0.5115607142857141,0.5387666927436775,0.436975,0.43167500000000003,wrn28x10,0.4221,0.4146,1.8714345302432775,1.5762640739029103,0.2951704556207088,wrn28x10,0.443,0.4424,1.8795667544684627,1.5852084222503684,0.2943583333610811,wrn28x10,0.4586,0.4466,1.8769722741774537,1.5823096179149367,0.2946626578711651,wrn28x10,0.403,0.399,1.8805886490101165,1.5871765014122834,0.2934121485714885,resnet32,0.4249,0.4202,2.185601310127161,1.8465493021702224,0.33905201020057907,resnet32,0.458,0.4518,2.156215664507313,1.8267666729675098,0.32944899327545,resnet32,0.4503,0.4422,2.1549446069720117,1.8243844658136368,0.3305601394650611,resnet32,0.4147,0.4086,2.2091659588569943,1.8653034767643972,0.343862478367307,31500000.0,0.0,126000000.0,2142000000.0,17136000000.0
wrn28x10x4-resnet32x4_cifar100_K8_dml_seed0004_d001,d001,"wrn28x10:4,resnet32:4",cifar100,8,dml,dml,peers,4,200,64,0.1,0.9,0.0005,True,0,60,0.1,1.0,1,,disagreement,1.0,1,0.0,0.5,weight,complete,0.0,0.0,42,0,45000,5000,10000,148027552,17,0.1,7,142.76,0.444075,0.02398868222725043,0.4084,0.4776,0.5156,0.07152499999999995,0.4434,0.5158,0.4745071428571429,0.5682854813527043,0.4825892857142856,0.5616739834695743,0.42274999999999996,0.46540000000000004,wrn28x10,0.465,0.4624,1.8830779166045515,1.585868314755234,0.29720960053699935,wrn28x10,0.4776,0.4704,1.8782295318828388,1.5806265298954465,0.2976030031515455,wrn28x10,0.4618,0.4702,1.8794554377144033,1.5818789042532444,0.29757653174667875,wrn28x10,0.4572,0.4598,1.8759901054542174,1.5793649823489515,0.2966251235074279,resnet32,0.4105,0.401,2.1867190206592735,1.8435586860234088,0.34316033412787045,resnet32,0.4397,0.446,2.1487245219336315,1.8172211484475569,0.3315033730204133,resnet32,0.4084,0.4056,2.1541522910649125,1.8193637471307407,0.33478854511949147,resnet32,0.4324,0.4318,2.2079218097708444,1.861633264036341,0.34628854239020834,31500000.0,0.0,126000000.0,2268000000.0,18144000000.0
wrn28x10x4-resnet32x4_cifar100_K8_dml_seed0004_d001,d001,"wrn28x10:4,resnet32:4",cifar100,8,dml,dml,peers,4,200,64,0.1,0.9,0.0005,True,0,60,0.1,1.0,1,,disagreement,1.0,1,0.0,0.5,weight,complete,0.0,0.0,42,0,45000,5000,10000,148027552,18,0.1,7,142.4,0.4349,0.03927336883945659,0.3716,0.4853,0.5058,0.07090000000000002,0.432675,0.51,0.4946428571428572,0.5558733009109965,0.4929964285714286,0.557552279515478,0.402,0.4678,wrn28x10,0.4658,0.4672,1.8591105108234016,1.5624717658554965,0.2966387433804233,wrn28x10,0.4488,0.4406,1.8667389977384696,1.5705656895244664,0.2961733045098795,wrn28x10,0.4853,0.4888,1.8613496145064181,1.5657634084874934,0.2955862040716139,wrn28x10,0.4713,0.4596,1.8615144118666649,1.56593715805899,0.29557725226252596,resnet32,0.4122,0.4156,2.1666224910454317,1.8271241690963507,0.3394983242350546,resnet32,0.3716,0.3728,2.135779392990199,1.804818177257072,0.33096121778627013,resnet32,0.4418,0.4404,2.129826869646257,1.7986545219001444,0.33117234524847433,resnet32,0.3824,0.3764,2.199027458544482,1.8529106193984097,0.3461168412203816,31500000.0,0.0,126000000.0,2394000000.0,19152000000.0
wrn28x10x4-resnet32x4_cifar100_K8_dml_seed0004_d001,d001,"wrn28x10:4,resnet32:4",cifar100,8,dml,dml,peers,4,200,64,0.1,0.9,0.0005,True,0,60,0.1,1.0,1,,disagreement,1.0,1,0.0,0.5,weight,complete,0.0,0.0,42,0,45000,5000,10000,148027552,19,0.1,7,141.93,0.4401875,0.008333282291510341,0.4259,0.4478,0.5157,0.07551250000000004,0.4377,0.5134,0.4958642857142857,0.5482638483214326,0.49584285714285714,0.5417346124119237,0.43699999999999994,0.44337499999999996,wrn28x10,0.4448,0.4432,1.8565525676716457,1.5539450681006366,0.30260749988850544,wrn28x10,0.4462,0.4354,1.859354872087186,1.5590736161578784,0.3002812590831044,wrn28x10,0.4465,0.4386,1.8590076494623313,1.5576257893646306,0.3013818647754802,wrn28x10,0.436,0.428,1.8638140352612191,1.5626049910418012,0.3012090442617508,resnet32,0.4478,0.4448,2.1613863328979774,1.8178564867174083,0.34352984952486376,resnet32,0.4259,0.4324,2.138729417696595,1.8008668913759969,0.3378625279715793,resnet32,0.4461,0.4474,2.1334925644438374,1.7974027610299261,0.3360898019745946,resnet32,0.4282,0.4318,2.189958160065792,1.8412886766547507,0.3486694837497039,31500000.0,0.0,126000000.0,2520000000.0,20160000000.0
wrn28x10x4-resnet32x4_cifar100_K8_dml_seed0004_d001,d001,"wrn28x10:4,resnet32:4",cifar100,8,dml,dml,peers,4,200,64,0.1,0.9,0.0005,True,0,60,0.1,1.0,1,,disagreement,1.0,1,0.0,0.5,weight,complete,0.0,0.0,42,0,45000,5000,10000,148027552,20,0.1,7,142.27,0.4123375,0.036545962071752876,0.3713,0.5001,0.5008,0.0884625,0.41052500000000003,0.4964,0.5344714285714286,0.5177466748438878,0.53115,0.519436235139802,0.40404999999999996,0.42062499999999997,wrn28x10,0.3987,0.3972,1.8406377471983433,1.5393949576060881,0.3012427897404202,wrn28x10,0.3713,0.3616,1.8439918158745223,1.542437537827275,0.301554277475754,wrn28x10,0.4124,0.4126,1.8385181328789755,1.5379694573242555,0.300548673755574,wrn28x10,0.5001,0.496,1.846503279425881,1.5463932557878168,0.3001100242730569,resnet32,0.3949,0.3956,2.148567553778941,1.803952154788104,0.34461540081114933,resnet32,0.4219,0.4278,2.1257061777128414,1.7878189852291888,0.33788719584911386,resnet32,0.4138,0.4076,2.1154941654002126,1.781188260086558,0.33430590764196083,resnet32,0.3856,0.3858,2.1824497399343685,1.8323093884709207,0.35014035061679105,31500000.0,0.0,126000000.0,2646000000.0,21168000000.0
wrn28x10x4-resnet32x4_cifar100_K8_dml_seed0004_d001,d001,"wrn28x10:4,resnet32:4",cifar100,8,dml,dml,peers,4,200,64,0.1,0.9,0.0005,True,0,60,0.1,1.0,1,,disagreement,1.0,1,0.0,0.5,weight,complete,0.0,0.0,42,0,45000,5000,10000,148027552,21,0.1,7,142.42,0.4502125,0.03383934239535395,0.3783,0.4876,0.5157,0.06548750000000003,0.44882500000000003,0.5198,0.4933642857142857,0.545061621164232,0.49344285714285724,0.5536693977235995,0.46290000000000003,0.437525,wrn28x10,0.4477,0.4552,1.8441937345672736,1.5376723952252755,0.3065213418184695,wrn28x10,0.4814,0.485,1.8422198969532142,1.537197085944089,0.30502281295643613,wrn28x10,0.4427,0.442,1.844271688976071,1.53889721843668,0.30537446948106994,wrn28x10,0.3783,0.3834,1.8432914729822765,1.5377126127820124,0.30557885859161615,resnet32,0.461,0.4498,2.150658568028699,1.8038294679400595,0.3468291004273025,resnet32,0.4876,0.484,2.125043226744641,1.7852424711666324,0.3398007557473399,resnet32,0.4783,0.4688,2.1284627736630766,1.7881507060744546,0.3403120665303008,resnet32,0.4247,0.4224,2.175892373038964,1.8236287217587233,0.3522636527195573,31500000.0,0.0,126000000.0,2772000000.0,22176000000.0
wrn28x10x4-resnet32x4_cifar100_K8_dml_seed0004_d001,d001,"wrn28x10:4,resnet32:4",cifar100,8,dml,dml,peers,4,200,64,0.1,0.9,0.0005,True,0,60,0.1,1.0,1,,disagreement,1.0,1,0.0,0.5,weight,complete,0.0,0.0,42,0,45000,5000,10000,148027552,22,0.1,7,142.18,0.42328750000000004,0.04365488052612217,0.3243,0.4715,0.4952,0.07191249999999993,0.42985,0.4982,0.5088142857142859,0.553945825809669,0.5151249999999999,0.5540857403916262,0.3957,0.450875,wrn28x10,0.4571,0.4708,1.8315343902530996,1.52700572850352,0.3045286610934206,wrn28x10,0.4715,0.4766,1.8370232289149002,1.53300909884274,0.30401413081298495,wrn28x10,0.43,0.4378,1.8303458577191287,1.5259653643112292,0.3043804925612428,wrn28x10,0.4449,0.4552,1.8386181830005213,1.5348190511153503,0.3037991332609884,resnet32,0.3901,0.3894,2.1380509175360203,1.7928243577480316,0.34522655906833033,resnet32,0.4262,0.4306,2.113899674435908,1.7756935452873057,0.3382061275399544,resnet32,0.3243,0.3306,2.1045956447381866,1.7665781297466971,0.33801751232452015,resnet32,0.4422,0.4478,2.159779728136279,1.8094360159540719,0.3503437111873857,31500000.0,0.0,126000000.0,2898000000.0,23184000000.0
wrn28x10x4-resnet32x4_cifar100_K8_dml_seed0004_d001,d001,"wrn28x10:4,resnet32:4",cifar100,8,dml,dml,peers,4,200,64,0.1,0.9,0.0005,True,0,60,0.1,1.0,1,,disagreement,1.0,1,0.0,0.5,weight,complete,0.0,0.0,42,0,45000,5000,10000,148027552,23,0.1,7,142.48,0.4111125,0.02939921076746789,0.3607,0.4477,0.4764,0.0652875,0.40349999999999997,0.466,0.4950071428571428,0.5777123062165836,0.4926500000000001,0.5802938808001669,0.388225,0.434,wrn28x10,0.4345,0.43,1.8326781331138178,1.5246303229677407,0.3080478091512553,wrn28x10,0.4477,0.4436,1.8301959859037942,1.522284109653397,0.30791187434541906,wrn28x10,0.411,0.3984,1.8324385962703011,1.5234975665807724,0.3089410306420177,wrn28x10,0.4428,0.4364,1.8271257262676954,1.5183312486518512,0.3087944768538529,resnet32,0.3607,0.3454,2.1445761675184425,1.7956082368777557,0.34896793045018887,resnet32,0.3875,0.377,2.119990170679309,1.7772872227836738,0.3427029460329901,resnet32,0.3827,0.3746,2.1170409309931775,1.7739343771880323,0.34310655477880075,resnet32,0.422,0.4226,2.1690762723711403,1.81384198655459,0.3552342860282145,31500000.0,0.0,126000000.0,3024000000.0,24192000000.0
wrn28x10x4-resnet32x4_cifar100_K8_dml_seed0004_d001,d001,"wrn28x10:4,resnet32:4",cifar100,8,dml,dml,peers,4,200,64,0.1,0.9,0.0005,True,0,60,0.1,1.0,1,,disagreement,1.0,1,0.0,0.5,weight,complete,0.0,0.0,42,0,45000,5000,10000,148027552,24,0.1,7,142.63,0.42255,0.05439954043923534,0.333,0.5038,0.4942,0.07164999999999999,0.42075,0.4944,0.48186428571428574,0.5627710156924834,0.4864285714285715,0.5578519590473533,0.37894999999999995,0.46615,wrn28x10,0.4168,0.4252,1.8183092110874979,1.5100206502459266,0.3082885608415712,wrn28x10,0.4718,0.4608,1.8237322584133258,1.5161129908466882,0.30761926710097626,wrn28x10,0.4722,0.4778,1.8249551320279187,1.5189481565559453,0.30600697646679526,wrn28x10,0.5038,0.498,1.825948640704155,1.5179420985620131,0.3080065440259535,resnet32,0.4143,0.4108,2.126505400816148,1.7793242618102918,0.34718114154582674,resnet32,0.3605,0.3584,2.106126823716543,1.7647189572453499,0.3414078665135259,resnet32,0.408,0.4108,2.0991089931604536,1.7569630609994584,0.3421459287955341,resnet32,0.333,0.3242,2.1579387943175705,1.8013306378640912,0.3566081599671055,31500000.0,0.0,126000000.0,3150000000.0,25200000000.0
wrn28x10x4-resnet32x4_cifar100_K8_dml_seed0004_d001,d001,"wrn28x10:4,resnet32:4",cifar100,8,dml,dml,peers,4,200,64,0.1,0.9,0.0005,True,0,60,0.1,1.0,1,,disagreement,1.0,1,0.0,0.5,weight,complete,0.0,0.0,42,0,45000,5000,10000,148027552,25,0.1,7,142.71,0.46861250000000004,0.030856783593725394,0.4196,0.5096,0.5422,0.07358749999999997,0.459975,0.5344,0.4696357142857144,0.5655448046327328,0.4684714285714286,0.5727021328790737,0.443825,0.49340000000000006,wrn28x10,0.5096,0.5044,1.81615401414985,1.5073038726537065,0.3088501451367682,wrn28x10,0.5073,0.502,1.8138553136113016,1.5059150828217918,0.3079402326309884,wrn28x10,0.4791,0.4796,1.8160263352434745,1.508235447786071,0.3077908879018981,wrn28x10,0.4776,0.4638,1.8201869023455814,1.5125267879868096,0.30766011747023597,resnet32,0.4499,0.4454,2.1206600708378986,1.7726219328628345,0.3480381427586756,resnet32,0.4305,0.4166,2.105031829835339,1.762648761103099,0.3423830722035332,resnet32,0.4753,0.4646,2.0959562359547075,1.7544430059126832,0.3415132292800329,resnet32,0.4196,0.4034,2.1508374871178106,1.7948848175054246,0.3559526697817174,31500000.0,0.0,126000000.0,3276000000.0,26208000000.0
wrn28x10x4-resnet32x4_cifar100_K8_dml_seed0004_d001,d001,"wrn28x10:4,resnet32:4",cifar100,8,dml,dml,peers,4,200,64,0.1,0.9,0.0005,True,0,60,0.1,1.0,1,,disagreement,1.0,1,0.0,0.5,weight,complete,0.0,0.0,42,0,45000,5000,10000,148027552,26,0.1,7,142.51,0.482275,0.03876228031217977,0.428,0.5267,0.5535,0.07122499999999998,0.47685,0.551,0.4474071428571428,0.5731028437288179,0.44701428571428575,0.5783448981559156,0.446075,0.518475,wrn28x10,0.5267,0.532,1.8102593242444776,1.4998093616556039,0.3104499629910358,wrn28x10,0.5151,0.5114,1.8083238901401109,1.4972843453288078,0.31103954635645176,wrn28x10,0.5154,0.5158,1.8063261976296252,1.4958418838002465,0.31048431499353185,wrn28x10,0.5167,0.5126,1.8069737502797083,1.4973119349980897,0.3096618152604523,resnet32,0.4778,0.4624,2.1191588663919405,1.7683992257172412,0.3507596392353827,resnet32,0.428,0.4204,2.097535622898828,1.7529049768027933,0.34463064381006087,resnet32,0.4362,0.4308,2.094506331465461,1.7486553273417733,0.34585100518200884,resnet32,0.4423,0.4294,2.1407863572239876,1.7845205412330953,0.3562658151019026,31500000.0,0.0,126000000.0,3402000000.0,27216000000.0
wrn28x10x4-resnet32x4_cifar100_K8_dml_seed0004_d001,d001,"wrn28x10:4,resnet32:4",cifar100,8,dml,dml,peers,4,200,64,0.1,0.9,0.0005,True,0,60,0.1,1.0,1,,disagreement,1.0,1,0.0,0.5,weight,complete,0.0,0.0,42,0,45000,5000,10000,148027552,27,0.1,7,142.55,0.44165,0.02955520258770019,0.4004,0.4954,0.512,0.07035000000000002,0.44047499999999995,0.5186,0.5036142857142858,0.5316951514407601,0.5004250000000001,0.5365421858966373,0.43685,0.44645,wrn28x10,0.4301,0.4342,1.8087858725339174,1.4961813546039842,0.3126045157497918,wrn28x10,0.4599,0.4616,1.80408659492704,1.4944048749113625,0.3096817168195478,wrn28x10,0.4954,0.4972,1.801479127088731,1.491265419362621,0.31021370812827215,wrn28x10,0.4004,0.391,1.8040110692381859,1.4925124421715736,0.31149862823076546,resnet32,0.4138,0.4218,2.111730866303498,1.7613832049749114,0.35034765980460425,resnet32,0.4626,0.4582,2.094018069857901,1.7504436444829812,0.3435744246975942,resnet32,0.4534,0.4412,2.0820511491461233,1.7395220888270573,0.34252905790609395,resnet32,0.4176,0.4186,2.139970002187924,1.7833961263637652,0.356573876332153,31500000.0,0.0,126000000.0,3528000000.0,28224000000.0
wrn28x10x4-resnet32x4_cifar100_K8_dml_seed0004_d001,d001,"wrn28x10:4,resnet32:4",cifar100,8,dml,dml,peers,4,200,64,0.1,0.9,0.0005,True,0,60,0.1,1.0,1,,disagreement,1.0,1,0.0,0.5,weight,complete,0.0,0.0,42,0,45000,5000,10000,148027552,28,0.1,7,142.45,0.44356249999999997,0.03033421902324172,0.3946,0.4851,0.5152,0.07163750000000002,0.44920000000000004,0.5158,0.4616071428571429,0.577290832441116,0.46936428571428573,0.5670753953067611,0.421775,0.46534999999999993,wrn28x10,0.4241,0.4312,1.8052475091747262,1.4941641989756713,0.31108331079171464,wrn28x10,0.4792,0.4748,1.8024275370619514,1.490911268544468,0.3115162714807825,wrn28x10,0.4851,0.4846,1.8014447755095633,1.4900203471664677,0.311424429718913,wrn28x10,0.473,0.48,1.7994396891444921,1.4876226967369968,0.31181699109517713,resnet32,0.3946,0.4038,2.121157966046171,1.769851099361073,0.3513068664311008,resnet32,0.4213,0.4248,2.091302749277516,1.7469414718110452,0.3443612726405263,resnet32,0.4427,0.457,2.083374081856825,1.7398686801845378,0.34350539883598685,resnet32,0.4285,0.4374,2.134561639787121,1.7786543194881894,0.35590732135725295,31500000.0,0.0,126000000.0,3654000000.0,29232000000.0
wrn28x10x4-resnet32x4_cifar100_K8_dml_seed0004_d001,d001,"wrn28x10:4,resnet32:4",cifar100,8,dml,dml,peers,4,200,64,0.1,0.9,0.0005,True,0,60,0.1,1.0,1,,disagreement,1.0,1,0.0,0.5,weight,complete,0.0,0.0,42,0,45000,5000,10000,148027552,29,0.1,7,142.67,0.4236875,0.03884467265597691,0.3755,0.4828,0.507,0.08331250000000001,0.42152500000000004,0.5042,0.5308785714285714,0.5403788829975661,0.5284785714285715,0.5429416798719803,0.39542499999999997,0.45194999999999996,wrn28x10,0.4828,0.485,1.807429084723646,1.4949825304475697,0.3124465551862324,wrn28x10,0.4787,0.467,1.8053302434696392,1.495018956336108,0.31031128632920707,wrn28x10,0.4261,0.429,1.797807679426941,1.4863579183478246,0.31144976268776436,wrn28x10,0.4202,0.418,1.8093203130093487,1.4967655338008294,0.31255477912385354,resnet32,0.391,0.3928,2.1131848958744244,1.761899254877459,0.3512856387109919,resnet32,0.4361,0.4192,2.095969559116797,1.7512082875790922,0.34476127255369315,resnet32,0.3791,0.3768,2.092433110895482,1.7458922446451404,0.34654086544601753,resnet32,0.3755,0.3844,2.1361382967707785,1.7805733885616064,0.35556490981782024,31500000.0,0.0,126000000.0,3780000000.0,30240000000.0
wrn28x10x4-resnet32x4_cifar100_K8_dml_seed0004_d001,d001,"wrn28x10:4,resnet32:4",cifar100,8,dml,dml,peers,4,200,64,0.1,0.9,0.0005,True,0,60,0.1,1.0,1,,disagreement,1.0,1,0.0,0.5,weight,complete,0.0,0.0,42,0,45000,5000,10000,148027552,30,0.1,7,142.68,0.4372625,0.03808336045768545,0.3831,0.4883,0.5209,0.08363750000000003,0.435025,0.5216,0.5017999999999999,0.5384421308475126,0.5065785714285714,0.5399438518505749,0.403675,0.47085,wrn28x10,0.4477,0.4546,1.802120365710421,1.4877658953720874,0.3143544689201834,wrn28x10,0.474,0.4668,1.7987123353576118,1.4858278898014263,0.3128844455773519,wrn28x10,0.4883,0.4892,1.802876646037806,1.4890473979440602,0.31382924756458536,wrn28x10,0.4734,0.4768,1.8036263701929287,1.4905423091893846,0.31308406053788285,resnet32,0.3967,0.3926,2.1109967963262037,1.7581633297218517,0.3528334658423608,resnet32,0.4383,0.4382,2.095542403276671,1.7485989193347367,0.34694348491558974,resnet32,0.3831,0.3794,2.0930183114991947,1.7462486465546219,0.3467696642249145,resnet32,0.3966,0.3826,2.1297043323178184,1.7739679569547826,0.35573637747967785,31500000.0,0.0,126000000.0,3906000000.0,31248000000.0
wrn28x10x4-resnet32x4_cifar100_K8_dml_seed0004_d001,d001,"wrn28x10:4,resnet32:4",cifar100,8,dml,dml,peers,4,200,64,0.1,0.9,0.0005,True,0,60,0.1,1.0,1,,disagreement,1.0,1,0.0,0.5,weight,complete,0.0,0.0,42,0,45000,5000,10000,148027552,31,0.1,7,142.69,0.447125,0.03454192199342705,0.3884,0.5062,0.5146,0.06747499999999995,0.450275,0.5224,0.4793642857142858,0.5584747680271293,0.48416785714285704,0.5689239981281762,0.42660000000000003,0.46765,wrn28x10,0.465,0.4734,1.8019084779714996,1.4885328324003653,0.3133756439201534,wrn28x10,0.4625,0.4714,1.7997628260742535,1.4878955760293386,0.31186724991791626,wrn28x10,0.5062,0.5072,1.7977926612577655,1.486242022026669,0.3115506394850937,wrn28x10,0.4369,0.4476,1.8040065844966606,1.4927618761800907,0.3112447066232562,resnet32,0.4055,0.4032,2.1106580426408486,1.758978270502253,0.351679769302295,resnet32,0.4611,0.455,2.0903959855098617,1.7439411976798014,0.3464547848244282,resnet32,0.4514,0.4482,2.089295770295642,1.743518310853026,0.34577745817263017,resnet32,0.3884,0.3962,2.135059234093536,1.7785794348879294,0.3564797986129468,31500000.0,0.0,126000000.0,4032000000.0,32256000000.0
wrn28x10x4-resnet32x4_cifar100_K8_dml_seed0004_d001,d001,"wrn28x10:4,resnet32:4",cifar100,8,dml,dml,peers,4,200,64,0.1,0.9,0.0005,True,0,60,0.1,1.0,1,,disagreement,1.0,1,0.0,0.5,weight,complete,0.0,0.0,42,0,45000,5000,10000,148027552,32,0.1,7,142.73,0.4589,0.04909157259652616,0.3789,0.5388,0.5529,0.09399999999999997,0.45855,0.5536,0.5038642857142858,0.5280391370168216,0.5084892857142859,0.5360821520927522,0.42175,0.49605,wrn28x10,0.4918,0.4958,1.7993918765674939,1.4851092181422494,0.3142826576632532,wrn28x10,0.5388,0.5406,1.7889090517366475,1.475621591068127,0.3132874601816928,wrn28x10,0.4537,0.4504,1.78659768470309,1.472452489151196,0.3141451935834167,wrn28x10,0.4999,0.5032,1.797137762843208,1.483060390942476,0.3140773727262223,resnet32,0.3789,0.3826,2.0924617014825344,1.741584281691096,0.35087741627781227,resnet32,0.4595,0.4528,2.079980606043881,1.7339288397607477,0.3460517665371299,resnet32,0.4499,0.445,2.0790775831450117,1.7314220539886842,0.3476555295161564,resnet32,0.3987,0.398,2.1247624296017666,1.7669397667050362,0.35782266296022996,31500000.0,0.0,126000000.0,4158000000.0,33264000000.0
wrn28x10x4-resnet32x4_cifar100_K8_dml_seed0004_d001,d001,"wrn28x10:4,resnet32:4",cifar100,8,dml,dml,peers,4,200,64,0.1,0.9,0.0005,True,0,60,0.1,1.0,1,,disagreement,1.0,1,0.0,0.5,weight,complete,0.0,0.0,42,0,45000,5000,10000,148027552,33,0.1,7,142.59,0.46025000000000005,0.06845894755252963,0.3717,0.5485,0.554,0.09375,0.45557500000000006,0.5518,0.5032642857142857,0.5326273483438045,0.5060071428571429,0.5344935097303175,0.39475,0.52575,wrn28x10,0.5409,0.5314,1.7893503728238018,1.4724097986790268,0.31694057232446293,wrn28x10,0.512,0.5078,1.7882632812993093,1.4728444704616612,0.31541881225579843,wrn28x10,0.5485,0.5372,1.78390723077411,1.4672664359889247,0.3166407936633649,wrn28x10,0.5016,0.4974,1.7902456464415246,1.475410581143065,0.31483506730926986,resnet32,0.3798,0.3862,2.0978645482523874,1.7439424590292303,0.3539220957424153,resnet32,0.4231,0.4194,2.081603303213011,1.7307196003808216,0.3508837041868405,resnet32,0.4044,0.3952,2.0720677374100145,1.7237250445918604,0.34834269127300516,resnet32,0.3717,0.37,2.114136818119071,1.7545553520321846,0.35958146291192283,31500000.0,0.0,126000000.0,4284000000.0,34272000000.0
wrn28x10x4-resnet32x4_cifar100_K8_dml_seed0004_d001,d001,"wrn28x10:4,resnet32:4",cifar100,8,dml,dml,peers,4,200,64,0.1,0.9,0.0005,True,0,60,0.1,1.0,1,,disagreement,1.0,1,0.0,0.5,weight,complete,0.0,0.0,42,0,45000,5000,10000,148027552,34,0.1,7,142.75,0.48035000000000005,0.06006875227603784,0.3716,0.5615,0.5622,0.08184999999999998,0.47519999999999996,0.5646,0.4658857142857142,0.55716967777641,0.4668107142857144,0.5572571540529715,0.426325,0.534375,wrn28x10,0.5615,0.5606,1.782894928516312,1.466175091876225,0.31671983862973074,wrn28x10,0.5197,0.518,1.781496670266444,1.4656958017836919,0.3158008723562075,wrn28x10,0.5291,0.5164,1.7844217632981865,1.470055272972042,0.3143664912363006,wrn28x10,0.5272,0.5198,1.788157831369476,1.4726140269670973,0.3155438029842282,resnet32,0.4575,0.4422,2.0912188083272087,1.737482151524587,0.35373665735294874,resnet32,0.4491,0.437,2.0753593400798063,1.7262354091825811,0.34912393462251534,resnet32,0.4271,0.4326,2.0599254583093254,1.7149569468403405,0.3449685124849731,resnet32,0.3716,0.375,2.1155027230693535,1.7577217493883588,0.35778097313066776,31500000.0,0.0,126000000.0,4410000000.0,35280000000.0
wrn28x10x4-resnet32x4_cifar100_K8_dml_seed0004_d001,d001,"wrn28x10:4,resnet32:4",cifar100,8,dml,dml,peers,4,200,64,0.1,0.9,0.0005,True,0,60,0.1,1.0,1,,disagreement,1.0,1,0.0,0.5,weight,complete,0.0,0.0,42,0,45000,5000,10000,148027552,35,0.1,7,142.61,0.440925,0.02605550565619481,0.4125,0.4861,0.5065,0.06557499999999994,0.43605000000000005,0.5068,0.48517857142857146,0.5609140405893778,0.4790857142857144,0.5663191131779481,0.43477499999999997,0.447075,wrn28x10,0.4254,0.4328,1.7911834105510602,1.4748335895551876,0.3163498258429833,wrn28x10,0.4592,0.4584,1.7841259205544537,1.4693526075306265,0.3147733113093471,wrn28x10,0.4861,0.4908,1.7800575713203712,1.4643272759223527,0.31573029745116155,wrn28x10,0.4176,0.4152,1.786410078914328,1.4705860950052738,0.3158239844382148,resnet32,0.4125,0.4018,2.09233890270645,1.7393873816525394,0.35295152107507666,resnet32,0.4723,0.4536,2.0861211412332277,1.7350862041454425,0.35103494121523743,resnet32,0.4201,0.4096,2.0779091246764767,1.7280791390009902,0.34982998398217285,resnet32,0.4342,0.4262,2.112520795823498,1.7548044405200265,0.3577163586266,31500000.0,0.0,126000000.0,4536000000.0,36288000000.0
wrn28x10x4-resnet32x4_cifar100_K8_dml_seed0004_d001,d001,"wrn28x10:4,resnet32:4",cifar100,8,dml,dml,peers,4,200,64,0.1,0.9,0.0005,True,0,60,0.1,1.0,1,,disagreement,1.0,1,0.0,0.5,weight,complete,0.0,0.0,42,0,45000,5000,10000,148027552,36,0.1,7,142.84,0.44115000000000004,0.03149769832860808,0.3949,0.5009,0.5258,0.08465,0.44332499999999997,0.5316,0.5157857142857143,0.5385876069043938,0.5236321428571429,0.5302433772021911,0.419725,0.46257500000000007,wrn28x10,0.4354,0.4304,1.782554740594192,1.4644231505861336,0.3181315891190686,wrn28x10,0.445,0.455,1.777262175794352,1.4598460981453008,0.31741607777605,wrn28x10,0.469,0.4674,1.7804348573765971,1.4616331032223322,0.31880175445059483,wrn28x10,0.5009,0.5088,1.7877055113627152,1.4705760735510425,0.3171294354410334,resnet32,0.4044,0.409,2.0822595782916653,1.727751987054944,0.35450759572400287,resnet32,0.4448,0.4456,2.0704299736429346,1.718763554976745,0.3516664198091762,resnet32,0.4348,0.434,2.0676691499962048,1.7167064821855589,0.3509626669639891,resnet32,0.3949,0.3964,2.1121323118832978,1.7510109051046046,0.36112140728668735,31500000.0,0.0,126000000.0,4662000000.0,37296000000.0
wrn28x10x4-resnet32x4_cifar100_K8_dml_seed0004_d001,d001,"wrn28x10:4,resnet32:4",cifar100,8,dml,dml,peers,4,200,64,0.1,0.9,0.0005,True,0,60,0.1,1.0,1,,disagreement,1.0,1,0.0,0.5,weight,complete,0.0,0.0,42,0,45000,5000,10000,148027552,37,0.1,7,142.61,0.471625,0.026747184431263036,0.4148,0.5104,0.5589,0.08727499999999994,0.47085,0.5614,0.4981142857142858,0.5111551177239612,0.4931857142857144,0.5228915151088657,0.45687500000000003,0.486375,wrn28x10,0.4776,0.4852,1.7819693754003807,1.4641838822175155,0.3177854945375161,wrn28x10,0.5104,0.5162,1.7818425433202223,1.4640176828781313,0.3178248611194166,wrn28x10,0.4634,0.473,1.7733575037934564,1.4569838919930838,0.31637360832907935,wrn28x10,0.4941,0.4952,1.7827227842062712,1.4653100383213975,0.3174127449958839,resnet32,0.4148,0.4096,2.082068225199526,1.7298290495845405,0.35223917718130077,resnet32,0.4696,0.4638,2.0668000533160837,1.717515160583637,0.3492848912507973,resnet32,0.4853,0.4732,2.0544345300983298,1.7078968520191582,0.3465376754545353,resnet32,0.4578,0.4506,2.109543256800283,1.7493921198289504,0.3601511348123578,31500000.0,0.0,126000000.0,4788000000.0,38304000000.0
wrn28x10x4-resnet32x4_cifar100_K8_dml_seed0004_d001,d001,"wrn28x10:4,resnet32:4",cifar100,8,dml,dml,peers,4,200,64,0.1,0.9,0.0005,True,0,60,0.1,1.0,1,,disagreement,1.0,1,0.0,0.5,weight,complete,0.0,0.0,42,0,45000,5000,10000,148027552,38,0.1,7,142.58,0.4439875,0.050205588272123666,0.3629,0.5089,0.5226,0.07861249999999997,0.441375,0.5198,0.5013500000000001,0.5438482958977124,0.5036285714285714,0.5458928419119052,0.40545,0.4825250000000001,wrn28x10,0.4399,0.4366,1.7825618057765744,1.4651894527910785,0.3173723543189805,wrn28x10,0.5066,0.4978,1.775050900029865,1.459004877558486,0.3160460271914913,wrn28x10,0.4747,0.475,1.7786399021067403,1.4612425667318432,0.31739733469757164,wrn28x10,0.5089,0.505,1.7795203758234328,1.4643448419360952,0.3151755347974937,resnet32,0.4464,0.4468,2.0824365869841794,1.7300776346501978,0.35235895216464996,resnet32,0.4349,0.428,2.066523575647311,1.7182601900263266,0.34826338049871003,resnet32,0.3776,0.3782,2.064986063675447,1.7150539742274717,0.3499320888129825,resnet32,0.3629,0.3636,2.1094676782800392,1.7511166142807766,0.35835106421092694,31500000.0,0.0,126000000.0,4914000000.0,39312000000.0
wrn28x10x4-resnet32x4_cifar100_K8_dml_seed0004_d001,d001,"wrn28x10:4,resnet32:4",cifar100,8,dml,dml,peers,4,200,64,0.1,0.9,0.0005,True,0,60,0.1,1.0,1,,disagreement,1.0,1,0.0,0.5,weight,complete,0.0,0.0,42,0,45000,5000,10000,148027552,39,0.1,7,142.65,0.4645,0.020508595758851944,0.4289,0.5002,0.5335,0.06899999999999995,0.455375,0.5222,0.45589285714285716,0.5834426034650406,0.45400357142857134,0.5844911089991179,0.451375,0.47762499999999997,wrn28x10,0.4549,0.4584,1.7796744126826525,1.4622018528594212,0.31747255965389987,wrn28x10,0.4667,0.4578,1.773925000124357,1.4570997099984775,0.31682529198852455,wrn28x10,0.4887,0.4786,1.7746836030009119,1.4590098451484332,0.31567375535484066,wrn28x10,0.5002,0.4942,1.7805162898518823,1.4629704720256003,0.3175458197100935,resnet32,0.4541,0.4482,2.078255910765041,1.7252068167383021,0.3530490890737962,resnet32,0.4589,0.4442,2.070491772822358,1.7201525409790603,0.35033923345194623,resnet32,0.4289,0.4138,2.064545242454518,1.7155850443311713,0.3489601938477294,resnet32,0.4636,0.4478,2.09482753530822,1.7402337427166374,0.3545937945388935,31500000.0,0.0,126000000.0,5040000000.0,40320000000.0
wrn28x10x4-resnet32x4_cifar100_K8_dml_seed0004_d001,d001,"wrn28x10:4,resnet32:4",cifar100,8,dml,dml,peers,4,200,64,0.1,0.9,0.0005,True,0,60,0.1,1.0,1,,disagreement,1.0,1,0.0,0.5,weight,complete,0.0,0.0,42,0,45000,5000,10000,148027552,40,0.1,7,142.89,0.4805,0.0290350219562514,0.4376,0.5228,0.5445,0.064,0.47842500000000004,0.541,0.4349071428571429,0.59632408382033,0.4373714285714287,0.599257778674885,0.45517500000000005,0.5058250000000001,wrn28x10,0.4924,0.4952,1.772841627624902,1.4542772625149651,0.31856436377645214,wrn28x10,0.5169,0.5152,1.7750224799595096,1.457260997119275,0.31776148347522726,wrn28x10,0.5228,0.5264,1.7782626610926606,1.4599943669851532,0.31826829379001126,wrn28x10,0.4912,0.497,1.7782699851827188,1.4607870587232439,0.31748292656530713,resnet32,0.4376,0.4312,2.0735439368608324,1.7184733824635094,0.3550705556673082,resnet32,0.4714,0.4606,2.0655023477632892,1.7147270673039285,0.3507752799090337,resnet32,0.4667,0.4642,2.061950282617049,1.7108537922189995,0.3510964849794453,resnet32,0.445,0.4376,2.1032533269714224,1.7450827360153198,0.35817059252241795,31500000.0,0.0,126000000.0,5166000000.0,41328000000.0
wrn28x10x4-resnet32x4_cifar100_K8_dml_seed0004_d001,d001,"wrn28x10:4,resnet32:4",cifar100,8,dml,dml,peers,4,200,64,0.1,0.9,0.0005,True,0,60,0.1,1.0,1,,disagreement,1.0,1,0.0,0.5,weight,complete,0.0,0.0,42,0,45000,5000,10000,148027552,41,0.1,7,142.81,0.384225,0.04396102677372311,0.3133,0.445,0.4502,0.065975,0.389575,0.463,0.5030642857142856,0.5496835044894333,0.5021571428571427,0.5482821268763782,0.3558,0.41265,wrn28x10,0.3644,0.379,1.7728313932364637,1.4546684096144005,0.31816298459571873,wrn28x10,0.4446,0.4478,1.7690077933736823,1.4523424518040635,0.31666534091345966,wrn28x10,0.445,0.4596,1.7707528912208297,1.4540617808868939,0.316691109190949,wrn28x10,0.3966,0.406,1.7761133587495848,1.4581050258976491,0.31800833374092524,resnet32,0.3781,0.38,2.0759618891911074,1.722969341007146,0.3529925511895933,resnet32,0.3962,0.393,2.0658052760091694,1.7168733430179683,0.348931934684515,resnet32,0.3133,0.3118,2.0673778864809056,1.717009831897237,0.35036805272102356,resnet32,0.3356,0.3394,2.095594171095978,1.7388979255814443,0.3566962487318299,31500000.0,0.0,126000000.0,5292000000.0,42336000000.0
wrn28x10x4-resnet32x4_cifar100_K8_dml_seed0004_d001,d001,"wrn28x10:4,resnet32:4",cifar100,8,dml,dml,peers,4,200,64,0.1,0.9,0.0005,True,0,60,0.1,1.0,1,,disagreement,1.0,1,0.0,0.5,weight,complete,0.0,0.0,42,0,45000,5000,10000,148027552,42,0.1,7,142.71,0.45215000000000005,0.032201397485202406,0.3774,0.4884,0.5401,0.08794999999999997,0.452725,0.5432,0.5111285714285715,0.5190507366299696,0.5137464285714286,0.5204944113314168,0.43352500000000005,0.470775,wrn28x10,0.453,0.4552,1.7738826969130472,1.4537128455598245,0.32016985141672194,wrn28x10,0.4884,0.4898,1.773363708603111,1.4533254704014822,0.32003823898478667,wrn28x10,0.472,0.4724,1.7720102039589123,1.453649987551299,0.31836021765643224,wrn28x10,0.4697,0.4744,1.778545802120458,1.460315956141461,0.3182298478416421,resnet32,0.4364,0.4386,2.0834877186200838,1.7278169759295203,0.35567074336788873,resnet32,0.3774,0.378,2.0658567415719684,1.7151937872510066,0.35066295360130345,resnet32,0.4727,0.4746,2.0576996716924687,1.7078682019967923,0.34983147274364124,resnet32,0.4476,0.4388,2.101609283550219,1.7429823606190356,0.3586269250478257,31500000.0,0.0,126000000.0,5418000000.0,43344000000.0
wrn28x10x4-resnet32x4_cifar100_K8_dml_seed0004_d001,d001,"wrn28x10:4,resnet32:4",cifar100,8,dml,dml,peers,4,200,64,0.1,0.9,0.0005,True,0,60,0.1,1.0,1,,disagreement,1.0,1,0.0,0.5,weight,complete,0.0,0.0,42,0,45000,5000,10000,148027552,43,0.1,7,142.69,0.46013750000000003,0.04496537383087124,0.4086,0.5358,0.5332,0.07306249999999997,0.45520000000000005,0.5318,0.47404285714285715,0.560385131753653,0.47177857142857155,0.5602469137012831,0.41955,0.500725,wrn28x10,0.4824,0.48,1.7694126921282574,1.4506097054955633,0.3188029851298779,wrn28x10,0.4815,0.4734,1.7682111364873974,1.4519192479042844,0.3162918861701407,wrn28x10,0.5358,0.5322,1.7650250050831924,1.4464458227157593,0.3185791867065497,wrn28x10,0.5032,0.4912,1.77083096280694,1.4530999396334996,0.3177310234697705,resnet32,0.4119,0.4054,2.082007103853605,1.7262337399138645,0.35577336489222944,resnet32,0.4086,0.3984,2.072649297050454,1.7187693406912414,0.3538799563168802,resnet32,0.4476,0.452,2.0567480205473574,1.7064251098781824,0.35032290901819413,resnet32,0.4101,0.409,2.101719185032628,1.7412987490269272,0.3604204432022842,31500000.0,0.0,126000000.0,5544000000.0,44352000000.0
wrn28x10x4-resnet32x4_cifar100_K8_dml_seed0004_d001,d001,"wrn28x10:4,resnet32:4",cifar100,8,dml,dml,peers,4,200,64,0.1,0.9,0.0005,True,0,60,0.1,1.0,1,,disagreement,1.0,1,0.0,0.5,weight,complete,0.0,0.0,42,0,45000,5000,10000,148027552,44,0.1,7,142.57,0.4827125,0.0280649887537836,0.446,0.5271,0.556,0.07328750000000006,0.48350000000000004,0.5618,0.45489285714285715,0.5697500780703726,0.45413571428571436,0.5744974744558228,0.46565,0.49977499999999997,wrn28x10,0.4509,0.4496,1.7740257119929248,1.4540577638386325,0.3199679481119595,wrn28x10,0.506,0.5078,1.767900074408813,1.4483012419024652,0.3195988299452107,wrn28x10,0.5271,0.5292,1.7677353290332989,1.4486806947229938,0.3190546347548,wrn28x10,0.5151,0.5108,1.7707548144866119,1.4521598765118555,0.31859493532895367,resnet32,0.4713,0.466,2.0731718850068073,1.7182942811738362,0.35487760514528915,resnet32,0.4678,0.4654,2.0646479639478703,1.7129248549992389,0.35172310924496164,resnet32,0.4775,0.4846,2.0639097565277056,1.7129941409961744,0.3509156131185591,resnet32,0.446,0.4546,2.0985421712764283,1.7381943034177476,0.36034786815501074,31500000.0,0.0,126000000.0,5670000000.0,45360000000.0
wrn28x10x4-resnet32x4_cifar100_K8_dml_seed0004_d001,d001,"wrn28x10:4,resnet32:4",cifar100,8,dml,dml,peers,4,200,64,0.1,0.9,0.0005,True,0,60,0.1,1.0,1,,disagreement,1.0,1,0.0,0.5,weight,complete,0.0,0.0,42,0,45000,5000,10000,148027552,45,0.1,7,142.6,0.49010000000000004,0.04119429572161662,0.4214,0.535,0.5729,0.08279999999999993,0.481425,0.5618,0.4612785714285715,0.5721788349312954,0.4621928571428571,0.5685324229402088,0.45382500000000003,0.526375,wrn28x10,0.5338,0.5276,1.7767249498177657,1.4563260759142311,0.32039887398820033,wrn28x10,0.535,0.5274,1.7644568229602142,1.4462414187463848,0.31821540175852453,wrn28x10,0.5339,0.5336,1.7653179439631375,1.445978525856679,0.3193394171751358,wrn28x10,0.5028,0.4896,1.773723824119026,1.4554639478129419,0.3182598779782314,resnet32,0.4214,0.4128,2.074414738707922,1.720797794109041,0.35361694726584986,resnet32,0.4797,0.4742,2.059839367697185,1.7095884589309043,0.35025090859694913,resnet32,0.4739,0.4592,2.055670549754392,1.7048727744682268,0.3507977761751549,resnet32,0.4403,0.427,2.0955032359131356,1.7364018528976224,0.3591013826345178,31500000.0,0.0,126000000.0,5796000000.0,46368000000.0
wrn28x10x4-resnet32x4_cifar100_K8_dml_seed0004_d001,d001,"wrn28x10:4,resnet32:4",cifar100,8,dml,dml,peers,4,200,64,0.1,0.9,0.0005,True,0,60,0.1,1.0,1,,disagreement,1.0,1,0.0,0.5,weight,complete,0.0,0.0,42,0,45000,5000,10000,148027552,46,0.1,7,142.46,0.461975,0.03626684953232083,0.3809,0.499,0.5577,0.09572499999999995,0.4565,0.5538,0.5212285714285716,0.505467260046862,0.5172214285714285,0.5101058630944475,0.44177500000000003,0.482175,wrn28x10,0.4859,0.4852,1.7636528160761704,1.4424470900981263,0.3212057261473753,wrn28x10,0.4513,0.4366,1.7595377967438914,1.4404819636521013,0.319055835949257,wrn28x10,0.4925,0.4876,1.7642510465600274,1.4458993238989601,0.318351725963029,wrn28x10,0.499,0.4968,1.7704540723088114,1.4512016740204259,0.3192523970184001,resnet32,0.3809,0.3768,2.0717480055649173,1.7164218857545743,0.355326120572334,resnet32,0.4826,0.4764,2.055797792124477,1.7032637646929785,0.35253402523019095,resnet32,0.439,0.4366,2.0540404118258846,1.7012232183055445,0.35281719178469345,resnet32,0.4646,0.456,2.0910603197460826,1.7301300923255356,0.36093022826720367,31500000.0,0.0,126000000.0,5922000000.0,47376000000.0
wrn28x10x4-resnet32x4_cifar100_K8_dml_seed0004_d001,d001,"wrn28x10:4,resnet32:4",cifar100,8,dml,dml,peers,4,200,64,0.1,0.9,0.0005,True,0,60,0.1,1.0,1,,disagreement,1.0,1,0.0,0.5,weight,complete,0.0,0.0,42,0,45000,5000,10000,148027552,47,0.1,7,142.49,0.4542125,0.04931983468899708,0.3727,0.523,0.5216,0.06738749999999993,0.4491,0.5242,0.46068571428571425,0.5781067739723531,0.4578785714285714,0.5872864249083866,0.40935,0.499075,wrn28x10,0.523,0.5244,1.7684289012104273,1.4479272371496668,0.32050166433592414,wrn28x10,0.4876,0.4876,1.764836663718928,1.4471991882574828,0.31763747457245534,wrn28x10,0.4936,0.4936,1.763094343075698,1.4440935357389124,0.31900080756961624,wrn28x10,0.4921,0.4874,1.7714665779335932,1.4513307073238222,0.32013586921278725,resnet32,0.4209,0.4184,2.06641142510555,1.7109968398105015,0.35541458216241817,resnet32,0.3727,0.3578,2.0607244909148323,1.7087772639298981,0.3519472216933288,resnet32,0.4417,0.4328,2.056994517587803,1.704821837219325,0.35217268066480756,resnet32,0.4021,0.3908,2.0941485068337484,1.7342340104620566,0.35991449738768017,31500000.0,0.0,126000000.0,6048000000.0,48384000000.0
wrn28x10x4-resnet32x4_cifar100_K8_dml_seed0004_d001,d001,"wrn28x10:4,resnet32:4",cifar100,8,dml,dml,peers,4,200,64,0.1,0.9,0.0005,True,0,60,0.1,1.0,1,,disagreement,1.0,1,0.0,0.5,weight,complete,0.0,0.0,42,0,45000,5000,10000,148027552,48,0.1,7,142.58,0.474825,0.02884543941422977,0.4202,0.5188,0.5479,0.07307500000000006,0.47602500000000003,0.55,0.4610571428571429,0.572403359424207,0.46600714285714295,0.5729064290437941,0.4582,0.49145000000000005,wrn28x10,0.5188,0.521,1.775452654470097,1.4544793045656248,0.32097335144962097,wrn28x10,0.5031,0.5038,1.772665905004198,1.4512412040071054,0.3214246994519437,wrn28x10,0.4652,0.4702,1.7631043305789882,1.4443420399488374,0.318762288174846,wrn28x10,0.4787,0.4756,1.7784678001295438,1.4587328846312382,0.3197349166624587,resnet32,0.4202,0.4162,2.07615349103104,1.7191747538745403,0.35697873711416667,resnet32,0.4567,0.4578,2.0586666347966953,1.7069549401375381,0.3517116975801235,resnet32,0.4935,0.4946,2.062144360081716,1.7091197258030826,0.35302463863891637,resnet32,0.4624,0.469,2.0870571795173665,1.7271686347032136,0.35988854625346983,31500000.0,0.0,126000000.0,6174000000.0,49392000000.0
wrn28x10x4-resnet32x4_cifar100_K8_dml_seed0004_d001,d001,"wrn28x10:4,resnet32:4",cifar100,8,dml,dml,peers,4,200,64,0.1,0.9,0.0005,True,0,60,0.1,1.0,1,,disagreement,1.0,1,0.0,0.5,weight,complete,0.0,0.0,42,0,45000,5000,10000,148027552,49,0.1,7,142.48,0.477275,0.04560917533786375,0.4146,0.5467,0.5511,0.07382500000000003,0.477325,0.5458,0.4531714285714286,0.5745701085330609,0.4546892857142857,0.5712107372564302,0.4351,0.51945,wrn28x10,0.5467,0.5428,1.7594172592190178,1.4379123508591543,0.3215049088043584,wrn28x10,0.5231,0.527,1.754473500969735,1.4360652898692272,0.31840821294198657,wrn28x10,0.5193,0.5262,1.7584803746166555,1.4385182794014162,0.31996209669688885,wrn28x10,0.4887,0.4784,1.7663390705869957,1.4475638150999492,0.31877525468272244,resnet32,0.4352,0.4314,2.064256141470237,1.7083708218891511,0.35588532203639095,resnet32,0.4389,0.445,2.0568019762973893,1.7049189733172005,0.351883004842834,resnet32,0.4146,0.4188,2.046577840535478,1.694212414493615,0.352365426634523,resnet32,0.4517,0.449,2.0819938215003773,1.7218848495659502,0.3601089721460911,31500000.0,0.0,126000000.0,6300000000.0,50400000000.0
wrn28x10x4-resnet32x4_cifar100_K8_dml_seed0004_d001,d001,"wrn28x10:4,resnet32:4",cifar100,8,dml,dml,peers,4,200,64,0.1,0.9,0.0005,True,0,60,0.1,1.0,1,,disagreement,1.0,1,0.0,0.5,weight,complete,0.0,0.0,42,0,45000,5000,10000,148027552,50,0.1,7,142.74,0.4667,0.03402161077903278,0.3914,0.5141,0.5411,0.07440000000000002,0.464225,0.5354,0.4656857142857143,0.5675617981859374,0.4676428571428572,0.5659246305423015,0.443575,0.489825,wrn28x10,0.4741,0.4818,1.7587424501438031,1.4356926285069098,0.3230498241768642,wrn28x10,0.5141,0.517,1.7608560176396912,1.439042714763094,0.32181330412541603,wrn28x10,0.4994,0.5008,1.7596117490055887,1.4376747923987834,0.3219369569454681,wrn28x10,0.4717,0.4692,1.7618501658805392,1.4401763569224963,0.3216738116885112,resnet32,0.4648,0.4546,2.057040240954269,1.7002428817478092,0.356797357915308,resnet32,0.4651,0.4526,2.058051859113303,1.7022383370521394,0.35581352159550245,resnet32,0.3914,0.387,2.0471532344818115,1.694847585633397,0.3523056483404203,resnet32,0.453,0.4508,2.086942019449039,1.7245728254995563,0.3623692002570765,31500000.0,0.0,126000000.0,6426000000.0,51408000000.0
wrn28x10x4-resnet32x4_cifar100_K8_dml_seed0004_d001,d001,"wrn28x10:4,resnet32:4",cifar100,8,dml,dml,peers,4,200,64,0.1,0.9,0.0005,True,0,60,0.1,1.0,1,,disagreement,1.0,1,0.0,0.5,weight,complete,0.0,0.0,42,0,45000,5000,10000,148027552,51,0.1,7,142.53,0.47709999999999997,0.043931139297769185,0.3848,0.5286,0.5607,0.08360000000000001,0.471475,0.5516,0.4767357142857142,0.5615066302063143,0.48152857142857136,0.5545387658582765,0.45007499999999995,0.504125,wrn28x10,0.5286,0.5214,1.7601327025754885,1.440059593455358,0.32007310998795385,wrn28x10,0.4718,0.4674,1.7531008847396483,1.434704264625907,0.3183966204947369,wrn28x10,0.4973,0.5002,1.7525891771709377,1.4336247710003094,0.3189644022336738,wrn28x10,0.5188,0.5126,1.7579213714396411,1.4396583090790294,0.31826306265694176,resnet32,0.4719,0.4558,2.053010072389787,1.7002893498336726,0.3527207233181054,resnet32,0.4401,0.4382,2.0517558597705583,1.698719627477906,0.3530362306416712,resnet32,0.5035,0.497,2.0443008831617506,1.6927362848073244,0.35156459687277675,resnet32,0.3848,0.3792,2.0753195358609613,1.7166895571757446,0.3586299771189012,31500000.0,0.0,126000000.0,6552000000.0,52416000000.0
wrn28x10x4-resnet32x4_cifar100_K8_dml_seed0004_d001,d001,"wrn28x10:4,resnet32:4",cifar100,8,dml,dml,peers,4,200,64,0.1,0.9,0.0005,True,0,60,0.1,1.0,1,,disagreement,1.0,1,0.0,0.5,weight,complete,0.0,0.0,42,0,45000,5000,10000,148027552,52,0.1,7,142.69,0.49201249999999996,0.028347638239366618,0.4486,0.538,0.585,0.0929875,0.4885,0.5836,0.4888714285714286,0.5129703502700621,0.48433571428571426,0.529901828106422,0.47987499999999994,0.50415,wrn28x10,0.5007,0.4934,1.7623793558979577,1.4437645436687903,0.3186148086732084,wrn28x10,0.538,0.5324,1.7678108682686633,1.4483161864971572,0.3194946810095148,wrn28x10,0.4486,0.4568,1.7626694547520443,1.443804451518438,0.3188650030642748,wrn28x10,0.5293,0.53,1.7660644225437532,1.4480542507530614,0.3180101686792279,resnet32,0.469,0.4662,2.0642634870653804,1.7089638515290888,0.35529963693327526,resnet32,0.4804,0.4684,2.0627543289553034,1.7088634546168826,0.35389087501574645,resnet32,0.475,0.4734,2.051051774993539,1.6986540276557207,0.3523977477611466,resnet32,0.4951,0.4874,2.091193149035627,1.7318784851919522,0.3593146641823379,31500000.0,0.0,126000000.0,6678000000.0,53424000000.0
wrn28x10x4-resnet32x4_cifar100_K8_dml_seed0004_d001,d001,"wrn28x10:4,resnet32:4",cifar100,8,dml,dml,peers,4,200,64,0.1,0.9,0.0005,True,0,60,0.1,1.0,1,,disagreement,1.0,1,0.0,0.5,weight,complete,0.0,0.0,42,0,45000,5000,10000,148027552,53,0.1,7,142.59,0.4619875,0.028900364941467444,0.4291,0.5179,0.5409,0.07891250000000005,0.45740000000000003,0.5292,0.47025,0.5592841880397105,0.4777285714285712,0.5525342139493925,0.437375,0.4866,wrn28x10,0.4813,0.4786,1.7592736171050505,1.4368056361140176,0.322467982345684,wrn28x10,0.4608,0.4706,1.756045344539664,1.435339200056412,0.3207061457320709,wrn28x10,0.5179,0.5138,1.7558642393824728,1.4344395438039845,0.32142469341951335,wrn28x10,0.4864,0.4792,1.7558872613378547,1.436029944738204,0.31985731968994846,resnet32,0.4291,0.421,2.0601526593620125,1.7017550688575616,0.35839759101244534,resnet32,0.4442,0.4308,2.0519181461158125,1.6979043448174542,0.3540138001977043,resnet32,0.4429,0.4368,2.0500681034543295,1.6966506835411896,0.35341742169111967,resnet32,0.4333,0.4284,2.077322843569246,1.7161299394951626,0.3611929098313505,31500000.0,0.0,126000000.0,6804000000.0,54432000000.0
wrn28x10x4-resnet32x4_cifar100_K8_dml_seed0004_d001,d001,"wrn28x10:4,resnet32:4",cifar100,8,dml,dml,peers,4,200,64,0.1,0.9,0.0005,True,0,60,0.1,1.0,1,,disagreement,1.0,1,0.0,0.5,weight,complete,0.0,0.0,42,0,45000,5000,10000,148027552,54,0.1,7,142.58,0.4949875,0.028364433605309308,0.4485,0.531,0.5772,0.08221250000000002,0.491425,0.5756,0.4550642857142857,0.5637809908923461,0.45446785714285715,0.5648490237500755,0.47225,0.517725,wrn28x10,0.5121,0.5098,1.7607637747106226,1.4403800202364272,0.3203837546011941,wrn28x10,0.531,0.535,1.7556974791329016,1.437053374522789,0.3186441048429432,wrn28x10,0.5191,0.5158,1.7604057307947765,1.4407926870679313,0.3196130449968306,wrn28x10,0.5087,0.5002,1.7614749439738013,1.441216091202064,0.32025885313156655,resnet32,0.5031,0.4904,2.0582827749577435,1.7048299690200523,0.35345280373638327,resnet32,0.484,0.48,2.054886097427119,1.7034927333959125,0.35139336671934207,resnet32,0.4485,0.4492,2.048129867762327,1.6954363694583827,0.3526934999337589,resnet32,0.4534,0.451,2.0758174935525116,1.717659831047058,0.3581576637754386,31500000.0,0.0,126000000.0,6930000000.0,55440000000.0
wrn28x10x4-resnet32x4_cifar100_K8_dml_seed0004_d001,d001,"wrn28x10:4,resnet32:4",cifar100,8,dml,dml,peers,4,200,64,0.1,0.9,0.0005,True,0,60,0.1,1.0,1,,disagreement,1.0,1,0.0,0.5,weight,complete,0.0,0.0,42,0,45000,5000,10000,148027552,55,0.1,7,142.72,0.46535000000000004,0.04895454524352157,0.3763,0.5359,0.5569,0.09154999999999991,0.466175,0.556,0.5052214285714286,0.5141742405222938,0.5061535714285713,0.523866617571877,0.43065000000000003,0.5000500000000001,wrn28x10,0.4872,0.4818,1.7580548599362373,1.4368310575796799,0.32122380125590344,wrn28x10,0.5359,0.547,1.7564996455542066,1.4364755654030226,0.32002408063801174,wrn28x10,0.4832,0.481,1.7555662886324255,1.4349573138593272,0.3206089742016047,wrn28x10,0.4939,0.4942,1.762165994298729,1.4418948031115262,0.3202711919491941,resnet32,0.4578,0.4506,2.0516114427962084,1.697625495493412,0.3539859490807761,resnet32,0.4012,0.4074,2.0521892422640864,1.700416031886231,0.3517732131294906,resnet32,0.4873,0.4918,2.0540779554708437,1.7004895669154145,0.35358838669278403,resnet32,0.3763,0.3756,2.0820762430402366,1.7222491892224008,0.3598270525901832,31500000.0,0.0,126000000.0,7056000000.0,56448000000.0
wrn28x10x4-resnet32x4_cifar100_K8_dml_seed0004_d001,d001,"wrn28x10:4,resnet32:4",cifar100,8,dml,dml,peers,4,200,64,0.1,0.9,0.0005,True,0,60,0.1,1.0,1,,disagreement,1.0,1,0.0,0.5,weight,complete,0.0,0.0,42,0,45000,5000,10000,148027552,56,0.1,7,142.73,0.47343749999999996,0.030041843214922752,0.4314,0.5232,0.56,0.0865625000000001,0.470475,0.5564,0.4869571428571428,0.5343316024026251,0.4916249999999999,0.5286791284799981,0.4469,0.499975,wrn28x10,0.4764,0.4692,1.7583288499577479,1.4373792744326321,0.3209495766257698,wrn28x10,0.5232,0.52,1.7489073816686869,1.4280735576017336,0.32083382389762183,wrn28x10,0.4987,0.493,1.7506180793385615,1.4299576011571018,0.32066047979010776,wrn28x10,0.5016,0.4994,1.7557412060824307,1.4342327837578275,0.3215084250762381,resnet32,0.4456,0.451,2.0567179163071243,1.6994192754341797,0.35729863545434043,resnet32,0.4625,0.46,2.050853806801818,1.696899616074833,0.3539541905153204,resnet32,0.4481,0.4402,2.0350645155730573,1.6812599094753915,0.3538046050393446,resnet32,0.4314,0.431,2.0767726869407026,1.715987583453005,0.36078509933907876,31500000.0,0.0,126000000.0,7182000000.0,57456000000.0
wrn28x10x4-resnet32x4_cifar100_K8_dml_seed0004_d001,d001,"wrn28x10:4,resnet32:4",cifar100,8,dml,dml,peers,4,200,64,0.1,0.9,0.0005,True,0,60,0.1,1.0,1,,disagreement,1.0,1,0.0,0.5,weight,complete,0.0,0.0,42,0,45000,5000,10000,148027552,57,0.1,7,142.79,0.46499999999999997,0.038060313976634515,0.3928,0.5292,0.5411,0.07610000000000006,0.4594,0.5424,0.48297142857142866,0.5600248084330915,0.48137857142857143,0.568306905229684,0.4465,0.48349999999999993,wrn28x10,0.5008,0.4884,1.7517793297090314,1.430486250414767,0.32129307821477676,wrn28x10,0.4694,0.472,1.754451532932845,1.4332395015623083,0.32121203003705223,wrn28x10,0.4346,0.4372,1.7559646615250544,1.4355235361409457,0.32044112555343995,wrn28x10,0.5292,0.529,1.7597873901779002,1.4387283183803612,0.32105907126837835,resnet32,0.4669,0.4538,2.0585241673344914,1.7028615334155885,0.3556626344268972,resnet32,0.4662,0.4624,2.04806380295618,1.6942274995486846,0.3538363042964854,resnet32,0.4601,0.4502,2.0408617583188144,1.6879113594239408,0.3529503977942196,resnet32,0.3928,0.3822,2.075035373595628,1.7155025933276524,0.35953278064897115,31500000.0,0.0,126000000.0,7308000000.0,58464000000.0
wrn28x10x4-resnet32x4_cifar100_K8_dml_seed0004_d001,d001,"wrn28x10:4,resnet32:4",cifar100,8,dml,dml,peers,4,200,64,0.1,0.9,0.0005,True,0,60,0.1,1.0,1,,disagreement,1.0,1,0.0,0.5,weight,complete,0.0,0.0,42,0,45000,5000,10000,148027552,58,0.1,7,142.9,0.47775,0.046740533800974066,0.4074,0.5387,0.5482,0.07045000000000001,0.48177499999999995,0.5602,0.4569857142857142,0.5665668041958711,0.46082857142857137,0.5693288507909973,0.438675,0.516825,wrn28x10,0.5162,0.5178,1.7523489472540943,1.4297772215001963,0.32257172666405415,wrn28x10,0.5387,0.5476,1.7526493111455983,1.4313084425573999,0.3213408657942306,wrn28x10,0.4779,0.4826,1.75150202722712,1.4301555993204766,0.32134642983278766,wrn28x10,0.5345,0.5382,1.750697666101835,1.428788485767489,0.321909183953804,resnet32,0.4239,0.4302,2.0490449531511827,1.695313558998433,0.3537313936870884,resnet32,0.443,0.4402,2.042104968462478,1.6878312279216268,0.3542737416626716,resnet32,0.4074,0.41,2.0467577884820374,1.6918494943529367,0.3549082930707796,resnet32,0.4804,0.4876,2.071787963367321,1.7095579779283567,0.3622299837456508,31500000.0,0.0,126000000.0,7434000000.0,59472000000.0
wrn28x10x4-resnet32x4_cifar100_K8_dml_seed0004_d001,d001,"wrn28x10:4,resnet32:4",cifar100,8,dml,dml,peers,4,200,64,0.1,0.9,0.0005,True,0,60,0.1,1.0,1,,disagreement,1.0,1,0.0,0.5,weight,complete,0.0,0.0,42,0,45000,5000,10000,148027552,59,0.1,7,142.69,0.4834875,0.025566601138008162,0.4516,0.5173,0.5605,0.07701249999999998,0.4829,0.5626,0.4687857142857143,0.5490009962945562,0.4668107142857143,0.5559373524825869,0.468125,0.49885,wrn28x10,0.4516,0.4546,1.7506014081564816,1.4283848375251347,0.32221657202833076,wrn28x10,0.5173,0.5212,1.7547960598021746,1.4339518321000717,0.3208442288027568,wrn28x10,0.5098,0.5012,1.757920647209341,1.4368703044442968,0.3210503406484019,wrn28x10,0.5167,0.5204,1.7569326277483592,1.4368061109191992,0.32012651253237645,resnet32,0.4643,0.459,2.0532073825597763,1.6977936860851266,0.3554136977023022,resnet32,0.459,0.448,2.0482713754542847,1.694911086593162,0.3533602910200981,resnet32,0.4832,0.4896,2.046410610899329,1.6921980546956712,0.3542125535790216,resnet32,0.466,0.4692,2.069623513147235,1.7099826053123584,0.3596409080888737,31500000.0,0.0,126000000.0,7560000000.0,60480000000.0
wrn28x10x4-resnet32x4_cifar100_K8_dml_seed0004_d001,d001,"wrn28x10:4,resnet32:4",cifar100,8,dml,dml,peers,4,200,64,0.1,0.9,0.0005,True,0,60,0.1,1.0,1,,disagreement,1.0,1,0.0,0.5,weight,complete,0.0,0.0,42,0,45000,5000,10000,148027552,60,0.010000000000000002,7,142.68,0.6795875,0.03302841343071144,0.6417,0.7157,0.7114,0.03181250000000002,0.677825,0.713,0.20761428571428575,0.720107722693227,0.2069357142857143,0.7256600647191848,0.646825,0.71235,wrn28x10,0.7083,0.7182,1.1646304531869562,0.9797992449761792,0.18483121000992303,wrn28x10,0.7114,0.7164,1.1651418814435601,0.9810295456343077,0.18411233608441596,wrn28x10,0.714,0.7122,1.1625190667638725,0.9775346411730755,0.184984425294467,wrn28x10,0.7157,0.7126,1.1652771171013063,0.9819373132830317,0.18333980354311114,resnet32,0.6422,0.634,1.4907976386391304,1.279924214140258,0.21087342369454828,resnet32,0.6543,0.6428,1.4796174765479835,1.2722546568309718,0.2073628192513504,resnet32,0.6491,0.648,1.4775286118753932,1.2706653105772354,0.20686330043033443,resnet32,0.6417,0.6384,1.4995761213993484,1.2855549389496446,0.21402118175121193,31500000.0,0.0,126000000.0,7686000000.0,61488000000.0
wrn28x10x4-resnet32x4_cifar100_K8_dml_seed0004_d001,d001,"wrn28x10:4,resnet32:4",cifar100,8,dml,dml,peers,4,200,64,0.1,0.9,0.0005,True,0,60,0.1,1.0,1,,disagreement,1.0,1,0.0,0.5,weight,complete,0.0,0.0,42,0,45000,5000,10000,148027552,61,0.010000000000000002,7,142.8,0.6916875,0.032916349945733676,0.6565,0.7279,0.7221,0.030412499999999953,0.6908000000000001,0.7246,0.20558571428571434,0.7174944524849736,0.208925,0.7108823585379876,0.658875,0.7245,wrn28x10,0.7203,0.7274,0.9968776006928899,0.8163458701561798,0.18053173167969694,wrn28x10,0.7233,0.7266,0.9987697878175161,0.8189569914459505,0.1798127960752357,wrn28x10,0.7265,0.7238,0.9996768337759104,0.81910676272078,0.18057007177478887,wrn28x10,0.7279,0.7264,1.000859215940264,0.8207218810407952,0.18013733521696518,resnet32,0.6578,0.6532,1.3467133745381779,1.137442933903499,0.20927043997851963,resnet32,0.6625,0.6522,1.3394009303301573,1.1333247357979417,0.20607619154775006,resnet32,0.6587,0.6634,1.3342970540239052,1.1286778444932266,0.20561920931901445,resnet32,0.6565,0.6534,1.3628010635518215,1.1490509255196562,0.21375013858249242,31500000.0,0.0,126000000.0,7812000000.0,62496000000.0
wrn28x10x4-resnet32x4_cifar100_K8_dml_seed0004_d001,d001,"wrn28x10:4,resnet32:4",cifar100,8,dml,dml,peers,4,200,64,0.1,0.9,0.0005,True,0,60,0.1,1.0,1,,disagreement,1.0,1,0.0,0.5,weight,complete,0.0,0.0,42,0,45000,5000,10000,148027552,62,0.010000000000000002,7,142.77,0.695025,0.031667441876476216,0.6598,0.7274,0.7262,0.031174999999999953,0.693275,0.7288,0.2076857142857143,0.7054718671205302,0.20522500000000002,0.7096926312465496,0.663475,0.726575,wrn28x10,0.7246,0.7352,0.9397346379066055,0.7527552602643316,0.18697937798093667,wrn28x10,0.7271,0.7326,0.9399623089385304,0.7546453747729008,0.18531693467362362,wrn28x10,0.7274,0.7304,0.9372804468836297,0.7505435561337932,0.18673689028417523,wrn28x10,0.7272,0.73,0.9398447905074466,0.7542482774958692,0.18559651186859066,resnet32,0.6646,0.6604,1.2978471783413128,1.0810971839184111,0.2167499922639267,resnet32,0.669,0.6552,1.2926436368037353,1.077349596064199,0.21529404025270857,resnet32,0.6598,0.6506,1.2887144709344616,1.074673252095553,0.2140412179181691,resnet32,0.6605,0.6518,1.317622258412567,1.0949733137068423,0.22264894366857002,31500000.0,0.0,126000000.0,7938000000.0,63504000000.0
wrn28x10x4-resnet32x4_cifar100_K8_dml_seed0004_d001,d001,"wrn28x10:4,resnet32:4",cifar100,8,dml,dml,peers,4,200,64,0.1,0.9,0.0005,True,0,60,0.1,1.0,1,,disagreement,1.0,1,0.0,0.5,weight,complete,0.0,0.0,42,0,45000,5000,10000,148027552,63,0.010000000000000002,7,142.58,0.6980375,0.037391875370861,0.6561,0.7372,0.7358,0.03776250000000003,0.700325,0.738,0.2055214285714286,0.7052205599211304,0.21387857142857145,0.6963586300959282,0.660775,0.7353,wrn28x10,0.7324,0.7398,0.8983268520202149,0.7060011657462879,0.19232568587176502,wrn28x10,0.7358,0.7412,0.8981558032841845,0.7065022890879349,0.19165351361417296,wrn28x10,0.7358,0.7412,0.8970644235272299,0.7041484736414119,0.19291594956832175,wrn28x10,0.7372,0.7384,0.8985525947064161,0.706198148641058,0.1923544459383596,resnet32,0.6576,0.6552,1.2708972626450388,1.0459618973122402,0.22493536452847449,resnet32,0.6637,0.6598,1.2691748397086153,1.0463078100742265,0.22286702961322258,resnet32,0.6657,0.6672,1.2604069820689885,1.038007185540416,0.2223997960629111,resnet32,0.6561,0.6598,1.290169041773135,1.0599054408852349,0.23026360158639197,31500000.0,0.0,126000000.0,8064000000.0,64512000000.0
wrn28x10x4-resnet32x4_cifar100_K8_dml_seed0004_d001,d001,"wrn28x10:4,resnet32:4",cifar100,8,dml,dml,peers,4,200,64,0.1,0.9,0.0005,True,0,60,0.1,1.0,1,,disagreement,1.0,1,0.0,0.5,weight,complete,0.0,0.0,42,0,45000,5000,10000,148027552,64,0.010000000000000002,7,142.67,0.701425,0.03522803393605724,0.6597,0.7395,0.741,0.03957500000000003,0.7019249999999999,0.7396,0.2139214285714286,0.6908919883030674,0.2153392857142857,0.6884980733721184,0.66645,0.7364,wrn28x10,0.736,0.7402,0.8706810075620358,0.6706944611770186,0.19998654587702316,wrn28x10,0.7371,0.7414,0.8675766103816304,0.6681108455681666,0.19946576305665076,wrn28x10,0.733,0.7294,0.8683762536807493,0.6685411424206739,0.1998351099689237,wrn28x10,0.7395,0.7422,0.8699033121917058,0.6693476471541957,0.20055566436018457,resnet32,0.6634,0.6604,1.254403922791508,1.020726165056906,0.23367775676094674,resnet32,0.6684,0.6704,1.2522764514115723,1.0194856317883187,0.23279082059690898,resnet32,0.6743,0.6718,1.2456809361041947,1.0147067615762353,0.23097417323680763,resnet32,0.6597,0.6596,1.2716375827281312,1.03304356996986,0.2385940108744597,31500000.0,0.0,126000000.0,8190000000.0,65520000000.0
wrn28x10x4-resnet32x4_cifar100_K8_dml_seed0004_d001,d001,"wrn28x10:4,resnet32:4",cifar100,8,dml,dml,peers,4,200,64,0.1,0.9,0.0005,True,0,60,0.1,1.0,1,,disagreement,1.0,1,0.0,0.5,weight,complete,0.0,0.0,42,0,45000,5000,10000,148027552,65,0.010000000000000002,7,142.71,0.701775,0.03297968124466943,0.6618,0.7388,0.745,0.04322499999999996,0.6978249999999999,0.7396,0.21914999999999998,0.6864710034775651,0.22355714285714284,0.6759019233887233,0.669075,0.734475,wrn28x10,0.7316,0.735,0.8493208748881113,0.6416806516406889,0.20764022254893047,wrn28x10,0.7327,0.7346,0.8504337418655102,0.6442806430753659,0.20615309836681595,wrn28x10,0.7388,0.7316,0.8503547955135052,0.6424424076368186,0.2079123867231167,wrn28x10,0.7348,0.736,0.8503040689975023,0.6436083611439575,0.20669570886953312,resnet32,0.6677,0.662,1.2526139694012024,1.0093427216634154,0.24327124657363378,resnet32,0.6769,0.6626,1.2440818061374805,1.0030667311935262,0.2410150743724609,resnet32,0.6699,0.6712,1.2403876977041364,1.000185366211967,0.24020233066667887,resnet32,0.6618,0.6496,1.2696077723733403,1.0215933028269897,0.24801447020250966,31500000.0,0.0,126000000.0,8316000000.0,66528000000.0
wrn28x10x4-resnet32x4_cifar100_K8_dml_seed0004_d001,d001,"wrn28x10:4,resnet32:4",cifar100,8,dml,dml,peers,4,200,64,0.1,0.9,0.0005,True,0,60,0.1,1.0,1,,disagreement,1.0,1,0.0,0.5,weight,complete,0.0,0.0,42,0,45000,5000,10000,148027552,66,0.010000000000000002,7,142.7,0.7016749999999999,0.037817084432832736,0.6597,0.7446,0.7455,0.043825000000000114,0.7000250000000001,0.7456,0.2235357142857143,0.674525937912766,0.22739285714285715,0.6665074194887145,0.6641,0.73925,wrn28x10,0.7322,0.735,0.8324600227854468,0.6159204817377031,0.21653954083607954,wrn28x10,0.7379,0.7444,0.8337523883039301,0.6178901099853895,0.2158622806891799,wrn28x10,0.7446,0.7386,0.8366960294714029,0.6209723443554883,0.2157236857509071,wrn28x10,0.7423,0.7482,0.8346624801951376,0.6191364387050271,0.21552604066462003,resnet32,0.6597,0.6574,1.2462736108255656,0.9940860418772156,0.2521875680170276,resnet32,0.6697,0.6564,1.241434383883395,0.9904273434288122,0.251007039713758,resnet32,0.6651,0.6602,1.2335934164002538,0.9842979922382669,0.24929542359049348,resnet32,0.6619,0.66,1.2687284832989627,1.0101649711247196,0.25856351225890895,31500000.0,0.0,126000000.0,8442000000.0,67536000000.0
wrn28x10x4-resnet32x4_cifar100_K8_dml_seed0004_d001,d001,"wrn28x10:4,resnet32:4",cifar100,8,dml,dml,peers,4,200,64,0.1,0.9,0.0005,True,0,60,0.1,1.0,1,,disagreement,1.0,1,0.0,0.5,weight,complete,0.0,0.0,42,0,45000,5000,10000,148027552,67,0.010000000000000002,7,142.57,0.690475,0.039934939276277885,0.6416,0.7351,0.7319,0.041425000000000045,0.6946000000000001,0.7418,0.23449285714285711,0.6619232045250528,0.23985357142857144,0.6618389795774136,0.650875,0.730075,wrn28x10,0.7225,0.73,0.8166976544836705,0.5929256281392141,0.2237720265561207,wrn28x10,0.7351,0.738,0.8175859353081747,0.5936632624573328,0.2239226728296754,wrn28x10,0.7291,0.742,0.8182072105224837,0.5939008900895715,0.22430631956508892,wrn28x10,0.7336,0.74,0.8169972334395755,0.5923551331612874,0.22464210106144575,resnet32,0.6527,0.65,1.2482345398854127,0.9850411189042709,0.2631934219759635,resnet32,0.6546,0.651,1.2407604339955882,0.9803436305373907,0.260416802526875,resnet32,0.6546,0.6562,1.2331771638921716,0.9744754793461073,0.2587016847788949,resnet32,0.6416,0.6496,1.2652883482250301,0.9975845157592134,0.26770383561961353,31500000.0,0.0,126000000.0,8568000000.0,68544000000.0
wrn28x10x4-resnet32x4_cifar100_K8_dml_seed0004_d001,d001,"wrn28x10:4,resnet32:4",cifar100,8,dml,dml,peers,4,200,64,0.1,0.9,0.0005,True,0,60,0.1,1.0,1,,disagreement,1.0,1,0.0,0.5,weight,complete,0.0,0.0,42,0,45000,5000,10000,148027552,68,0.010000000000000002,7,142.72,0.69875,0.03985388939614302,0.649,0.7404,0.742,0.04325000000000001,0.695325,0.7384,0.23238571428571422,0.6727165367148141,0.23340000000000002,0.6665871140777726,0.65915,0.73835,wrn28x10,0.7365,0.7364,0.8035893358967521,0.573400488038632,0.23018884762528946,wrn28x10,0.7385,0.7426,0.8002693365243349,0.5698263166810978,0.2304430201607333,wrn28x10,0.7404,0.7352,0.8019761083308946,0.5710484758866105,0.23092763155529444,wrn28x10,0.738,0.737,0.8034874812107194,0.5728232729333368,0.23066420751539143,resnet32,0.6625,0.651,1.2401448773558845,0.9702955278652635,0.2698493484534662,resnet32,0.6654,0.6556,1.2335931413214316,0.9659269386902452,0.2676662007685412,resnet32,0.6597,0.6618,1.2308625935322859,0.9644559466026046,0.2664066457231952,resnet32,0.649,0.643,1.2628118930045853,0.9883583943274888,0.27445350028574467,31500000.0,0.0,126000000.0,8694000000.0,69552000000.0
wrn28x10x4-resnet32x4_cifar100_K8_dml_seed0004_d001,d001,"wrn28x10:4,resnet32:4",cifar100,8,dml,dml,peers,4,200,64,0.1,0.9,0.0005,True,0,60,0.1,1.0,1,,disagreement,1.0,1,0.0,0.5,weight,complete,0.0,0.0,42,0,45000,5000,10000,148027552,69,0.010000000000000002,7,142.59,0.7018125000000001,0.038285912471168825,0.6585,0.7435,0.7468,0.04498749999999996,0.69995,0.7478,0.23419285714285717,0.6554243630645981,0.24030000000000004,0.6498561394164478,0.663675,0.7399500000000001,wrn28x10,0.7387,0.734,0.7939975150776181,0.5553768005391414,0.23862071481364017,wrn28x10,0.7376,0.7424,0.7915567936883732,0.5537375524978746,0.2378192397300154,wrn28x10,0.7435,0.7428,0.792486222460866,0.5547259336506779,0.2377602891700173,wrn28x10,0.74,0.7424,0.7952336220240052,0.5574666978368028,0.2377669233828783,resnet32,0.6585,0.649,1.2400067780505528,0.9640798025171865,0.2759269750465385,resnet32,0.6701,0.666,1.2427160665392876,0.9669941193000837,0.275721944487569,resnet32,0.662,0.6634,1.2325255940244957,0.9585323314267126,0.2739932617722926,resnet32,0.6641,0.6596,1.2625090409578248,0.9808891820298,0.28161985882219265,31500000.0,0.0,126000000.0,8820000000.0,70560000000.0
wrn28x10x4-resnet32x4_cifar100_K8_dml_seed0004_d001,d001,"wrn28x10:4,resnet32:4",cifar100,8,dml,dml,peers,4,200,64,0.1,0.9,0.0005,True,0,60,0.1,1.0,1,,disagreement,1.0,1,0.0,0.5,weight,complete,0.0,0.0,42,0,45000,5000,10000,148027552,70,0.010000000000000002,7,142.34,0.7058,0.037073980093860974,0.6682,0.7446,0.7491,0.043300000000000005,0.704975,0.7494,0.22821428571428568,0.663131104936424,0.23233928571428566,0.6566309122650643,0.6687500000000001,0.74285,wrn28x10,0.74,0.7452,0.7781158583238721,0.5341698908331719,0.24394596749070016,wrn28x10,0.743,0.743,0.7784856365654956,0.5358624038371173,0.24262323217805137,wrn28x10,0.7438,0.7426,0.7789178470742296,0.5349604344757443,0.2439574127043174,wrn28x10,0.7446,0.7522,0.7814984294077889,0.5378959155641496,0.2436025139071386,resnet32,0.6684,0.668,1.235136955214495,0.9526278742335059,0.2825090784410184,resnet32,0.67,0.6634,1.2307220853187821,0.9506252500313249,0.2800968368749388,resnet32,0.6682,0.6636,1.2274967746978456,0.9476908113892105,0.27980596597560425,resnet32,0.6684,0.6618,1.261652333915911,0.9723932596600868,0.28925907554697583,31500000.0,0.0,126000000.0,8946000000.0,71568000000.0
wrn28x10x4-resnet32x4_cifar100_K8_dml_seed0004_d001,d001,"wrn28x10:4,resnet32:4",cifar100,8,dml,dml,peers,4,200,64,0.1,0.9,0.0005,True,0,60,0.1,1.0,1,,disagreement,1.0,1,0.0,0.5,weight,complete,0.0,0.0,42,0,45000,5000,10000,148027552,71,0.010000000000000002,7,142.53,0.6999375000000001,0.0411848254063314,0.6521,0.7442,0.747,0.047062499999999896,0.693275,0.737,0.24364999999999995,0.6534610833207534,0.2425392857142857,0.6519726276469743,0.6588999999999999,0.7409750000000002,wrn28x10,0.7376,0.7312,0.773317789404907,0.5192233875647865,0.25409440203061834,wrn28x10,0.7406,0.7338,0.7755004340274767,0.5224438477307558,0.2530565859792246,wrn28x10,0.7415,0.7304,0.7749785145914013,0.521510505117476,0.25346800996075297,wrn28x10,0.7442,0.7464,0.7769127005541866,0.5234045477330007,0.25350815286351874,resnet32,0.6632,0.6512,1.2484429648823359,0.9544640693136237,0.2939788952723823,resnet32,0.6583,0.652,1.2465357850729064,0.9543139942159707,0.2922217907087708,resnet32,0.662,0.6506,1.239738461561501,0.9488937649029222,0.290844695515592,resnet32,0.6521,0.6506,1.2726898205212571,0.9731286376376044,0.29956118135967036,31500000.0,0.0,126000000.0,9072000000.0,72576000000.0
wrn28x10x4-resnet32x4_cifar100_K8_dml_seed0004_d001,d001,"wrn28x10:4,resnet32:4",cifar100,8,dml,dml,peers,4,200,64,0.1,0.9,0.0005,True,0,60,0.1,1.0,1,,disagreement,1.0,1,0.0,0.5,weight,complete,0.0,0.0,42,0,45000,5000,10000,148027552,72,0.010000000000000002,7,142.63,0.69975,0.041888214332912295,0.6484,0.7459,0.7557,0.055950000000000055,0.69965,0.7514,0.24622142857142854,0.645195986141068,0.2510535714285714,0.633805528985855,0.658175,0.741325,wrn28x10,0.7433,0.7414,0.7740042148665949,0.5160332927057012,0.25797092086974194,wrn28x10,0.7459,0.752,0.7742233322933316,0.5160089474679395,0.2582143825394186,wrn28x10,0.7378,0.74,0.7752277630127289,0.5182324577630921,0.25699530402198434,wrn28x10,0.7383,0.7392,0.7773008257658645,0.5198312971994958,0.25746952909552917,resnet32,0.6625,0.6652,1.2533175843683155,0.9550969144329429,0.29822066870772024,resnet32,0.6484,0.6436,1.2474452144551007,0.9518116202882745,0.2956335941668261,resnet32,0.665,0.6598,1.2411584910851987,0.9464744130488146,0.29468407812104985,resnet32,0.6568,0.656,1.2697974120859394,0.9673422951759263,0.30245511716401036,31500000.0,0.0,126000000.0,9198000000.0,73584000000.0
wrn28x10x4-resnet32x4_cifar100_K8_dml_seed0004_d001,d001,"wrn28x10:4,resnet32:4",cifar100,8,dml,dml,peers,4,200,64,0.1,0.9,0.0005,True,0,60,0.1,1.0,1,,disagreement,1.0,1,0.0,0.5,weight,complete,0.0,0.0,42,0,45000,5000,10000,148027552,73,0.010000000000000002,7,142.51,0.6949874999999999,0.03825733385574588,0.6495,0.7369,0.7383,0.04331250000000009,0.6936,0.7386,0.24530000000000005,0.6451259827916926,0.24405357142857143,0.653656308498584,0.6569499999999999,0.7330249999999999,wrn28x10,0.7272,0.7222,0.7730021912773902,0.5088464284146373,0.2641557624817572,wrn28x10,0.7359,0.7362,0.7716726204380393,0.5085811003703963,0.263091520067643,wrn28x10,0.7369,0.7338,0.7676030554893342,0.5027948422780768,0.2648082127667625,wrn28x10,0.7321,0.7322,0.7718988013538447,0.5071791516701606,0.26471964981068263,resnet32,0.6603,0.6606,1.2552160206674174,0.9518842387267135,0.30333178399384697,resnet32,0.6583,0.6542,1.2460258135741407,0.9446510721675374,0.3013747392052954,resnet32,0.6597,0.6578,1.2490673655305395,0.9467326470396735,0.3023347169457173,resnet32,0.6495,0.6518,1.2757342357019132,0.9657479621977969,0.3099862737581134,31500000.0,0.0,126000000.0,9324000000.0,74592000000.0
wrn28x10x4-resnet32x4_cifar100_K8_dml_seed0004_d001,d001,"wrn28x10:4,resnet32:4",cifar100,8,dml,dml,peers,4,200,64,0.1,0.9,0.0005,True,0,60,0.1,1.0,1,,disagreement,1.0,1,0.0,0.5,weight,complete,0.0,0.0,42,0,45000,5000,10000,148027552,74,0.010000000000000002,7,142.48,0.6974374999999999,0.04374311195777,0.6485,0.7465,0.7501,0.052662500000000056,0.6952,0.7516,0.25461428571428574,0.6404690238033496,0.25375357142857147,0.6356835024156979,0.653825,0.7410500000000001,wrn28x10,0.7416,0.7388,0.7634899304248393,0.4946835500992496,0.26880638106641447,wrn28x10,0.7393,0.7384,0.7641785010610792,0.4954880593471568,0.26869044099426403,wrn28x10,0.7465,0.7448,0.7638367394154723,0.4951855110597204,0.2686512290542437,wrn28x10,0.7368,0.7388,0.7684889130124991,0.4993399648334492,0.26914894762872293,resnet32,0.6485,0.646,1.2513925464485178,0.943351861089468,0.30804068336940627,resnet32,0.6547,0.6544,1.2504327534274622,0.9437692022289742,0.30666354910301213,resnet32,0.6568,0.6504,1.2475272130898454,0.9407248074527491,0.3068024067800831,resnet32,0.6553,0.65,1.272593272934583,0.9597718332978812,0.3128214381550523,31500000.0,0.0,126000000.0,9450000000.0,75600000000.0
wrn28x10x4-resnet32x4_cifar100_K8_dml_seed0004_d001,d001,"wrn28x10:4,resnet32:4",cifar100,8,dml,dml,peers,4,200,64,0.1,0.9,0.0005,True,0,60,0.1,1.0,1,,disagreement,1.0,1,0.0,0.5,weight,complete,0.0,0.0,42,0,45000,5000,10000,148027552,75,0.010000000000000002,7,142.5,0.6914875,0.041668436420748974,0.6407,0.7356,0.7458,0.054312499999999986,0.691775,0.745,0.2546785714285714,0.6322238473841649,0.2622,0.627134696183805,0.650375,0.7325999999999999,wrn28x10,0.7338,0.728,0.7612683119421656,0.48742371911860327,0.2738445933527229,wrn28x10,0.7269,0.7194,0.7600683404810049,0.4871521590446884,0.2729161824734712,wrn28x10,0.7356,0.7322,0.7607299988581375,0.4867982804690572,0.2739317179022526,wrn28x10,0.7341,0.74,0.7616978960789063,0.48753195692023094,0.27416593788869004,resnet32,0.6407,0.6454,1.2447168418121608,0.9331064785576679,0.3116103653711351,resnet32,0.6641,0.6654,1.2441859978505156,0.9341807806525718,0.31000521626662125,resnet32,0.6524,0.6488,1.24160383540121,0.9309703150594776,0.31063352192921395,resnet32,0.6443,0.655,1.2785074284130877,0.9579541479999368,0.3205532773863524,31500000.0,0.0,126000000.0,9576000000.0,76608000000.0
wrn28x10x4-resnet32x4_cifar100_K8_dml_seed0004_d001,d001,"wrn28x10:4,resnet32:4",cifar100,8,dml,dml,peers,4,200,64,0.1,0.9,0.0005,True,0,60,0.1,1.0,1,,disagreement,1.0,1,0.0,0.5,weight,complete,0.0,0.0,42,0,45000,5000,10000,148027552,76,0.010000000000000002,7,142.57,0.6955125000000001,0.04199810821632326,0.6438,0.7412,0.7477,0.05218749999999994,0.694275,0.747,0.2544214285714285,0.6347118385672855,0.2574464285714286,0.6322688482301483,0.653825,0.7372000000000001,wrn28x10,0.7317,0.7318,0.7604345586997542,0.4818752247162841,0.2785593334331431,wrn28x10,0.7366,0.7298,0.7643612175756558,0.4871560287323188,0.2772051888856698,wrn28x10,0.7412,0.7396,0.7597663376311009,0.4819149520163509,0.27785138586874714,wrn28x10,0.7393,0.7432,0.7629180613651194,0.48499291872775013,0.2779251429125328,resnet32,0.6438,0.6406,1.2507112187926064,0.9339531726119193,0.31675804537636315,resnet32,0.6541,0.6524,1.2532863256267526,0.937205633148551,0.3160806916738776,resnet32,0.6608,0.6648,1.24703017198904,0.9328011386096478,0.31422903428954835,resnet32,0.6566,0.652,1.2859786847944965,0.961363643577153,0.324615039143034,31500000.0,0.0,126000000.0,9702000000.0,77616000000.0
wrn28x10x4-resnet32x4_cifar100_K8_dml_seed0004_d001,d001,"wrn28x10:4,resnet32:4",cifar100,8,dml,dml,peers,4,200,64,0.1,0.9,0.0005,True,0,60,0.1,1.0,1,,disagreement,1.0,1,0.0,0.5,weight,complete,0.0,0.0,42,0,45000,5000,10000,148027552,77,0.010000000000000002,7,142.47,0.6952625,0.041584881191966884,0.6423,0.7427,0.7564,0.061137499999999956,0.6946249999999999,0.7524,0.2624714285714285,0.6135840152543057,0.26725,0.6142699004917137,0.654275,0.73625,wrn28x10,0.7286,0.7282,0.7550983547063713,0.4737890195524828,0.28130933530205354,wrn28x10,0.737,0.7384,0.7561142729087309,0.4754879651167853,0.2806263080247762,wrn28x10,0.7427,0.7436,0.7555761327967048,0.4741064807061445,0.28146965261972084,wrn28x10,0.7367,0.7412,0.7585739578035745,0.4771856181746857,0.28138833958655596,resnet32,0.6572,0.6502,1.2515410951084711,0.9323580352250825,0.31918306079354475,resnet32,0.6517,0.6456,1.24347981040112,0.9266714845699343,0.3168083265085112,resnet32,0.6659,0.6676,1.2436354381286285,0.925621072338386,0.3180143645837564,resnet32,0.6423,0.6422,1.2745121090926907,0.9497700243002989,0.32474208396690135,31500000.0,0.0,126000000.0,9828000000.0,78624000000.0
wrn28x10x4-resnet32x4_cifar100_K8_dml_seed0004_d001,d001,"wrn28x10:4,resnet32:4",cifar100,8,dml,dml,peers,4,200,64,0.1,0.9,0.0005,True,0,60,0.1,1.0,1,,disagreement,1.0,1,0.0,0.5,weight,complete,0.0,0.0,42,0,45000,5000,10000,148027552,78,0.010000000000000002,7,142.48,0.6926625,0.047970327742782815,0.6296,0.7481,0.7495,0.056837500000000096,0.695125,0.7504,0.25618571428571424,0.626967911536848,0.26323928571428573,0.6244498231882482,0.64585,0.7394750000000001,wrn28x10,0.7347,0.738,0.7634596773846583,0.47814514953643084,0.2853145278482275,wrn28x10,0.737,0.7416,0.7588737120597877,0.47336216626519506,0.2855115453500978,wrn28x10,0.7481,0.7512,0.7576775823889131,0.47211103687401523,0.2855665451550687,wrn28x10,0.7381,0.7462,0.7595561980693177,0.47309499864720483,0.28646119916811585,resnet32,0.6399,0.6392,1.2567591209133917,0.9332890790802512,0.32347004187547346,resnet32,0.6676,0.6638,1.2505741733211009,0.9293399129740216,0.321234258484434,resnet32,0.6463,0.6452,1.2436215610836039,0.9235709644007412,0.3200505946932191,resnet32,0.6296,0.6358,1.2843260649930348,0.9542947360737757,0.3300313291309232,31500000.0,0.0,126000000.0,9954000000.0,79632000000.0
wrn28x10x4-resnet32x4_cifar100_K8_dml_seed0004_d001,d001,"wrn28x10:4,resnet32:4",cifar100,8,dml,dml,peers,4,200,64,0.1,0.9,0.0005,True,0,60,0.1,1.0,1,,disagreement,1.0,1,0.0,0.5,weight,complete,0.0,0.0,42,0,45000,5000,10000,148027552,79,0.010000000000000002,7,142.39,0.697425,0.03297744494347614,0.6602,0.7377,0.7546,0.05717500000000009,0.6984250000000001,0.7534,0.2579857142857142,0.6183349977748562,0.2621,0.6159172902711839,0.66495,0.7299,wrn28x10,0.7193,0.7252,0.7511685060506518,0.462738879151981,0.2884296249301935,wrn28x10,0.7377,0.7474,0.7493496421216563,0.46132303846322675,0.2880266034890982,wrn28x10,0.7325,0.7352,0.7516198917292058,0.4625933160582049,0.2890265758403323,wrn28x10,0.7301,0.7308,0.7534287150271914,0.46492068930952385,0.28850802626799454,resnet32,0.6602,0.6662,1.2506225262345239,0.924812953157181,0.3258095749823207,resnet32,0.6723,0.6606,1.2482895929874345,0.923104776323519,0.3251848145684397,resnet32,0.6649,0.6634,1.2457839289510793,0.9211925784633919,0.3245913497468626,resnet32,0.6624,0.6586,1.2857539113610983,0.9513171247460626,0.3344367872500284,31500000.0,0.0,126000000.0,10080000000.0,80640000000.0
wrn28x10x4-resnet32x4_cifar100_K8_dml_seed0004_d001,d001,"wrn28x10:4,resnet32:4",cifar100,8,dml,dml,peers,4,200,64,0.1,0.9,0.0005,True,0,60,0.1,1.0,1,,disagreement,1.0,1,0.0,0.5,weight,complete,0.0,0.0,42,0,45000,5000,10000,148027552,80,0.010000000000000002,7,142.63,0.6967,0.03908177324533779,0.6425,0.7398,0.7508,0.05410000000000004,0.695575,0.7544,0.26061428571428574,0.6163741662350171,0.2615,0.6235849372524159,0.658375,0.735025,wrn28x10,0.7348,0.7344,0.7502473776482723,0.460055836645717,0.2901915413835509,wrn28x10,0.7303,0.7354,0.7515205609273504,0.4607327010651881,0.29078785981982946,wrn28x10,0.7398,0.7426,0.7505968049676581,0.46053057475100184,0.2900662308516489,wrn28x10,0.7352,0.738,0.7570010403763842,0.46607977378351445,0.29092126608487556,resnet32,0.6647,0.6584,1.2480658516287804,0.9199282366105102,0.32813761806623504,resnet32,0.6697,0.6596,1.2463176849890838,0.9190805030309341,0.3272371810056608,resnet32,0.6566,0.66,1.2396471624008634,0.9129003536972132,0.32674680957147345,resnet32,0.6425,0.6362,1.2787795480002055,0.9435776497491382,0.33520189742557704,31500000.0,0.0,126000000.0,10206000000.0,81648000000.0
wrn28x10x4-resnet32x4_cifar100_K8_dml_seed0004_d001,d001,"wrn28x10:4,resnet32:4",cifar100,8,dml,dml,peers,4,200,64,0.1,0.9,0.0005,True,0,60,0.1,1.0,1,,disagreement,1.0,1,0.0,0.5,weight,complete,0.0,0.0,42,0,45000,5000,10000,148027552,81,0.010000000000000002,7,142.5,0.69175,0.03961224558138557,0.6413,0.74,0.748,0.05625000000000002,0.6929000000000001,0.7502,0.26334285714285716,0.6199817561144093,0.2653499999999999,0.620238350553694,0.6526,0.7309,wrn28x10,0.7274,0.7266,0.7542702309279279,0.4613433734259822,0.2929268583274362,wrn28x10,0.74,0.7438,0.7551260484721173,0.4622317182577469,0.29289433019320393,wrn28x10,0.7302,0.7396,0.7529969775879924,0.4590680784207176,0.29392889967526903,wrn28x10,0.726,0.7256,0.7562120824374936,0.4630744075825946,0.29313767481256614,resnet32,0.657,0.6592,1.257546728222885,0.9249452159909363,0.33260151297277346,resnet32,0.6567,0.6586,1.2489704416048797,0.919737414964898,0.32923302755013784,resnet32,0.6413,0.6344,1.2437724827534773,0.9169471983543851,0.326825283637101,resnet32,0.6554,0.6554,1.2784291735257616,0.942338683896444,0.33609048825349996,31500000.0,0.0,126000000.0,10332000000.0,82656000000.0
wrn28x10x4-resnet32x4_cifar100_K8_dml_seed0004_d001,d001,"wrn28x10:4,resnet32:4",cifar100,8,dml,dml,peers,4,200,64,0.1,0.9,0.0005,True,0,60,0.1,1.0,1,,disagreement,1.0,1,0.0,0.5,weight,complete,0.0,0.0,42,0,45000,5000,10000,148027552,82,0.010000000000000002,7,142.75,0.696225,0.03629692652277876,0.6525,0.7346,0.7513,0.055074999999999985,0.697775,0.7532,0.25825714285714285,0.6252987770663233,0.26615357142857143,0.6171221922239906,0.660175,0.7322749999999999,wrn28x10,0.7311,0.7342,0.7546414982696826,0.4584769339893352,0.2961645639205182,wrn28x10,0.7331,0.7316,0.7526090242053297,0.45747737264768645,0.29513165077448567,wrn28x10,0.7303,0.7342,0.7496992727233605,0.45363872426308016,0.2960605470209636,wrn28x10,0.7346,0.7448,0.7550846781920303,0.4590800908309492,0.29600458549843595,resnet32,0.6525,0.6562,1.2566681047054855,0.9232140828601338,0.3334540201520378,resnet32,0.6685,0.668,1.2580416685986249,0.9239914588291537,0.3340502097271383,resnet32,0.6586,0.6566,1.2445918397808617,0.9142071040008556,0.3303847384469753,resnet32,0.6611,0.6566,1.2823728574439883,0.9423403319140727,0.3400325269268995,31500000.0,0.0,126000000.0,10458000000.0,83664000000.0
wrn28x10x4-resnet32x4_cifar100_K8_dml_seed0004_d001,d001,"wrn28x10:4,resnet32:4",cifar100,8,dml,dml,peers,4,200,64,0.1,0.9,0.0005,True,0,60,0.1,1.0,1,,disagreement,1.0,1,0.0,0.5,weight,complete,0.0,0.0,42,0,45000,5000,10000,148027552,83,0.010000000000000002,7,142.57,0.692275,0.04190586921900081,0.642,0.7369,0.7531,0.06082500000000002,0.6902250000000001,0.7502,0.2695214285714286,0.6140680673897051,0.2717392857142858,0.6092916906651922,0.650725,0.733825,wrn28x10,0.7328,0.7272,0.7474490449001844,0.4492047539150173,0.2982442914719947,wrn28x10,0.7369,0.732,0.7505688536912203,0.4530539450828325,0.29751490968787536,wrn28x10,0.7358,0.7306,0.7507319504564459,0.4524929828052832,0.2982389676088298,wrn28x10,0.7298,0.7288,0.7515122536569834,0.45404213370585983,0.2974701191679659,resnet32,0.6512,0.6442,1.2491371566429734,0.9134240231730721,0.3357131353748793,resnet32,0.6618,0.661,1.2474037922749466,0.9140369667756286,0.33336682503365656,resnet32,0.6479,0.6518,1.2492555760016495,0.9152845211157744,0.3339710532560606,resnet32,0.642,0.6462,1.2722419264133682,0.9327061923051422,0.3395357330922376,31500000.0,0.0,126000000.0,10584000000.0,84672000000.0
wrn28x10x4-resnet32x4_cifar100_K8_dml_seed0004_d001,d001,"wrn28x10:4,resnet32:4",cifar100,8,dml,dml,peers,4,200,64,0.1,0.9,0.0005,True,0,60,0.1,1.0,1,,disagreement,1.0,1,0.0,0.5,weight,complete,0.0,0.0,42,0,45000,5000,10000,148027552,84,0.010000000000000002,7,142.69,0.699075,0.038636664905242535,0.6537,0.7394,0.7561,0.05702499999999999,0.697125,0.7556,0.26372142857142855,0.614228319895143,0.2654107142857143,0.614498627364208,0.6609,0.73725,wrn28x10,0.7326,0.7278,0.7462083717638796,0.4453985415060412,0.3008098301096735,wrn28x10,0.7378,0.7436,0.7461197197183289,0.4453586672686718,0.3007610528518192,wrn28x10,0.7394,0.7348,0.748445441184396,0.4475361046550626,0.30090933640233497,wrn28x10,0.7392,0.7428,0.7543973721225153,0.45376964019272814,0.30062773231078277,resnet32,0.6537,0.6532,1.2547443885864182,0.9159133332696828,0.3388310526285998,resnet32,0.6734,0.6622,1.2462732965465297,0.909587468274615,0.3366858263669366,resnet32,0.6622,0.6566,1.2439955710010095,0.9078091222962196,0.33618644768880174,resnet32,0.6543,0.656,1.27585385392674,0.9315763992172751,0.3442774545612999,31500000.0,0.0,126000000.0,10710000000.0,85680000000.0
wrn28x10x4-resnet32x4_cifar100_K8_dml_seed0004_d001,d001,"wrn28x10:4,resnet32:4",cifar100,8,dml,dml,peers,4,200,64,0.1,0.9,0.0005,True,0,60,0.1,1.0,1,,disagreement,1.0,1,0.0,0.5,weight,complete,0.0,0.0,42,0,45000,5000,10000,148027552,85,0.010000000000000002,7,142.44,0.6918,0.03808198392941207,0.6492,0.741,0.7509,0.05910000000000004,0.6875,0.746,0.27144285714285715,0.6155890032013195,0.2753285714285715,0.6049020612920012,0.654475,0.7291249999999999,wrn28x10,0.7332,0.7346,0.7512887786565856,0.44929192115722055,0.3019968591926789,wrn28x10,0.741,0.7362,0.7448863704604182,0.44147216799584305,0.30341420318423346,wrn28x10,0.7142,0.71,0.7487240155142817,0.4448778621259738,0.30384615364230494,wrn28x10,0.7281,0.7222,0.7472720087759874,0.443740027025342,0.30353198084048927,resnet32,0.6545,0.6516,1.2542922976003452,0.9135603941130367,0.340731905117123,resnet32,0.6612,0.6516,1.2505585897544569,0.911215532401746,0.3393430564425547,resnet32,0.653,0.6466,1.2494363250549545,0.9101860646835782,0.33925026178952644,resnet32,0.6492,0.6472,1.2765439127317884,0.9306929489089684,0.34585096316666086,31500000.0,0.0,126000000.0,10836000000.0,86688000000.0
wrn28x10x4-resnet32x4_cifar100_K8_dml_seed0004_d001,d001,"wrn28x10:4,resnet32:4",cifar100,8,dml,dml,peers,4,200,64,0.1,0.9,0.0005,True,0,60,0.1,1.0,1,,disagreement,1.0,1,0.0,0.5,weight,complete,0.0,0.0,42,0,45000,5000,10000,148027552,86,0.010000000000000002,7,142.41,0.692425,0.043946722005173494,0.6369,0.7409,0.7532,0.06077500000000002,0.69225,0.7524,0.2715142857142857,0.6032487882728262,0.27615714285714293,0.6044835375692189,0.64895,0.7359,wrn28x10,0.7409,0.7328,0.7467505958100612,0.4428648362782868,0.30388575864278455,wrn28x10,0.7336,0.7314,0.7444451596079902,0.44115735857154836,0.3032878005284477,wrn28x10,0.7348,0.7352,0.7486870686777614,0.4456637811169706,0.3030232878782871,wrn28x10,0.7343,0.7378,0.7493853862820701,0.4460505884648724,0.30333479802886193,resnet32,0.6369,0.6426,1.2488478439098054,0.908481546423652,0.3403662971686572,resnet32,0.661,0.6622,1.2439410000700841,0.90559611257843,0.3383448888886381,resnet32,0.6506,0.6518,1.2373771567574956,0.9004338330335238,0.3369433248246258,resnet32,0.6473,0.6442,1.2743656819855624,0.928132759322497,0.3462329237848859,31500000.0,0.0,126000000.0,10962000000.0,87696000000.0
wrn28x10x4-resnet32x4_cifar100_K8_dml_seed0004_d001,d001,"wrn28x10:4,resnet32:4",cifar100,8,dml,dml,peers,4,200,64,0.1,0.9,0.0005,True,0,60,0.1,1.0,1,,disagreement,1.0,1,0.0,0.5,weight,complete,0.0,0.0,42,0,45000,5000,10000,148027552,87,0.010000000000000002,7,142.66,0.693925,0.04084228048236288,0.6425,0.7458,0.7586,0.06467500000000004,0.690175,0.7526,0.2724357142857143,0.6086297237028209,0.2749642857142857,0.6021448502999515,0.6537000000000001,0.7341500000000001,wrn28x10,0.7338,0.73,0.7385755264284936,0.4329372622834688,0.3056382634676993,wrn28x10,0.7252,0.7166,0.7468634698624638,0.44136686115102336,0.3054966098544272,wrn28x10,0.7458,0.7436,0.7407033522190019,0.4348434026945721,0.3058599502229216,wrn28x10,0.7318,0.729,0.7467681234702468,0.4409783875612034,0.30578973692503164,resnet32,0.6602,0.6592,1.2511429547924886,0.9077144930647179,0.34342846138910815,resnet32,0.6563,0.6468,1.242046728391539,0.9007979250428352,0.3412488038355315,resnet32,0.6425,0.643,1.2306789621202783,0.891959314149889,0.3387196487323804,resnet32,0.6558,0.6532,1.2740111910653384,0.924831073731184,0.3491801167414947,31500000.0,0.0,126000000.0,11088000000.0,88704000000.0
wrn28x10x4-resnet32x4_cifar100_K8_dml_seed0004_d001,d001,"wrn28x10:4,resnet32:4",cifar100,8,dml,dml,peers,4,200,64,0.1,0.9,0.0005,True,0,60,0.1,1.0,1,,disagreement,1.0,1,0.0,0.5,weight,complete,0.0,0.0,42,0,45000,5000,10000,148027552,88,0.010000000000000002,7,142.53,0.703025,0.03820601228864379,0.6623,0.7436,0.7546,0.05157500000000004,0.6984,0.7542,0.2613857142857143,0.6089166381089315,0.2601357142857143,0.6169854401751752,0.664875,0.7411749999999999,wrn28x10,0.7424,0.743,0.7489797339182008,0.44120903891003266,0.3077706942673434,wrn28x10,0.7413,0.7428,0.7443184842440215,0.43700857627713546,0.3073099092368714,wrn28x10,0.7436,0.7334,0.7396795694631609,0.4313274136405777,0.30835215527225623,wrn28x10,0.7374,0.7378,0.7446339476684277,0.43680192631754006,0.30783202162605117,resnet32,0.6673,0.6596,1.2542794531380588,0.9081074441359802,0.3461720073299313,resnet32,0.6651,0.6616,1.2463392058218068,0.9033815783702515,0.3429576272610575,resnet32,0.6648,0.6528,1.2416447756642646,0.8989825388416648,0.3426622350657867,resnet32,0.6623,0.6562,1.2781503851610152,0.9255663049830631,0.3525840782306411,31500000.0,0.0,126000000.0,11214000000.0,89712000000.0
wrn28x10x4-resnet32x4_cifar100_K8_dml_seed0004_d001,d001,"wrn28x10:4,resnet32:4",cifar100,8,dml,dml,peers,4,200,64,0.1,0.9,0.0005,True,0,60,0.1,1.0,1,,disagreement,1.0,1,0.0,0.5,weight,complete,0.0,0.0,42,0,45000,5000,10000,148027552,89,0.010000000000000002,7,142.45,0.69355,0.0439473833123202,0.6427,0.7488,0.757,0.06345,0.6950500000000001,0.7586,0.2757142857142857,0.5994040386567792,0.28138928571428573,0.5908042337739673,0.650425,0.736675,wrn28x10,0.7488,0.747,0.7408806706186045,0.43067591764371504,0.31020475356754934,wrn28x10,0.73,0.7366,0.7416606458242644,0.4318493560633876,0.30981129009953956,wrn28x10,0.7293,0.7352,0.739475844766606,0.4299692786298692,0.30950656622140243,wrn28x10,0.7386,0.7388,0.7413015782155774,0.4314652865921909,0.30983629227954557,resnet32,0.6489,0.654,1.243683549236845,0.896014501171356,0.34766904812898825,resnet32,0.6655,0.6662,1.2503855418075214,0.9021435298702933,0.34824201284738426,resnet32,0.6446,0.641,1.2372335569763726,0.8902669371190396,0.3469666204288263,resnet32,0.6427,0.6416,1.2718827781182798,0.9177167872813615,0.35416598952460016,31500000.0,0.0,126000000.0,11340000000.0,90720000000.0
wrn28x10x4-resnet32x4_cifar100_K8_dml_seed0004_d001,d001,"wrn28x10:4,resnet32:4",cifar100,8,dml,dml,peers,4,200,64,0.1,0.9,0.0005,True,0,60,0.1,1.0,1,,disagreement,1.0,1,0.0,0.5,weight,complete,0.0,0.0,42,0,45000,5000,10000,148027552,90,0.010000000000000002,7,142.48,0.6951875000000001,0.044280058646641356,0.648,0.7434,0.7513,0.0561124999999999,0.6951499999999999,0.7578,0.2676,0.6120175255990007,0.27147142857142853,0.6087185038298417,0.65105,0.739325,wrn28x10,0.7428,0.7348,0.7376769041134552,0.4290428795343773,0.30863402447324584,wrn28x10,0.7434,0.7404,0.7405681107193232,0.43061187969182024,0.30995623022317886,wrn28x10,0.7343,0.7384,0.7419494599611922,0.43234838147393684,0.3096010786142539,wrn28x10,0.7368,0.7392,0.739705656062473,0.42991249582899566,0.3097931605086408,resnet32,0.6521,0.6518,1.2498251513831995,0.9012849665331569,0.34854018434204836,resnet32,0.648,0.6434,1.2424202111803673,0.8972325091334906,0.34518770151771605,resnet32,0.6483,0.6518,1.2397759224034168,0.8947308547371491,0.34504506772976706,resnet32,0.6558,0.6614,1.2649727785451845,0.9131343429908156,0.35183843673968856,31500000.0,0.0,126000000.0,11466000000.0,91728000000.0
wrn28x10x4-resnet32x4_cifar100_K8_dml_seed0004_d001,d001,"wrn28x10:4,resnet32:4",cifar100,8,dml,dml,peers,4,200,64,0.1,0.9,0.0005,True,0,60,0.1,1.0,1,,disagreement,1.0,1,0.0,0.5,weight,complete,0.0,0.0,42,0,45000,5000,10000,148027552,91,0.010000000000000002,7,142.6,0.6935125,0.03608294048092533,0.6535,0.739,0.7514,0.05788749999999998,0.696175,0.7522,0.2687214285714285,0.6092933053921676,0.27287500000000003,0.612310037046919,0.6578250000000001,0.7292000000000001,wrn28x10,0.739,0.7432,0.7350294812667099,0.4261166279373521,0.30891285301186144,wrn28x10,0.7318,0.7292,0.7338231951421634,0.42489567202177236,0.3089275223372335,wrn28x10,0.721,0.729,0.7347698398781094,0.4250890896443955,0.3096807481382381,wrn28x10,0.725,0.7312,0.7347021477974274,0.42438947271809657,0.31031267550265923,resnet32,0.6612,0.6636,1.2472263551740483,0.899055515542965,0.348170840266076,resnet32,0.6604,0.6608,1.2388146632266315,0.8924117588692091,0.346402904632586,resnet32,0.6562,0.6604,1.2273175604641438,0.8836151797493751,0.34370237950828264,resnet32,0.6535,0.652,1.2657454481179065,0.9119742841205813,0.3537711651191454,31500000.0,0.0,126000000.0,11592000000.0,92736000000.0
wrn28x10x4-resnet32x4_cifar100_K8_dml_seed0004_d001,d001,"wrn28x10:4,resnet32:4",cifar100,8,dml,dml,peers,4,200,64,0.1,0.9,0.0005,True,0,60,0.1,1.0,1,,disagreement,1.0,1,0.0,0.5,weight,complete,0.0,0.0,42,0,45000,5000,10000,148027552,92,0.010000000000000002,7,142.69,0.6893125,0.0390020972993761,0.6449,0.7397,0.7468,0.057487500000000025,0.68625,0.7488,0.2797357142857143,0.6043905655110888,0.27782500000000004,0.6102117889788964,0.6509,0.7277250000000001,wrn28x10,0.7309,0.7284,0.7330631509592588,0.4197622743138874,0.3133008755023845,wrn28x10,0.7214,0.7206,0.7332173578271811,0.420074470912699,0.3131428862583231,wrn28x10,0.7189,0.7184,0.7386607054451649,0.42597822281955317,0.31268248188478703,wrn28x10,0.7397,0.7364,0.7412943603809584,0.4284284757450223,0.312865884678269,resnet32,0.6582,0.6558,1.2460069489580663,0.8948145746676759,0.35119237522171304,resnet32,0.6516,0.6514,1.2418807008388368,0.8925048248334364,0.34937587655572727,resnet32,0.6449,0.6424,1.2415377549319104,0.8907308167439293,0.3508069373201579,resnet32,0.6489,0.6366,1.2709259922531517,0.9142783793874762,0.3566476109606976,31500000.0,0.0,126000000.0,11718000000.0,93744000000.0
wrn28x10x4-resnet32x4_cifar100_K8_dml_seed0004_d001,d001,"wrn28x10:4,resnet32:4",cifar100,8,dml,dml,peers,4,200,64,0.1,0.9,0.0005,True,0,60,0.1,1.0,1,,disagreement,1.0,1,0.0,0.5,weight,complete,0.0,0.0,42,0,45000,5000,10000,148027552,93,0.010000000000000002,7,142.73,0.6991875000000001,0.041940625814954176,0.6546,0.7501,0.7606,0.06141249999999998,0.6945,0.7512,0.2698357142857143,0.60836183533915,0.27456071428571427,0.6004169880657024,0.657825,0.74055,wrn28x10,0.7256,0.7208,0.7315941699780524,0.4193604853088883,0.3122336839918386,wrn28x10,0.7501,0.7456,0.7274337468922816,0.4157396506687457,0.31169409677386284,wrn28x10,0.7406,0.7392,0.7318117793818767,0.418911328475753,0.31290045086379076,wrn28x10,0.7459,0.741,0.7330005826343867,0.4209073898382485,0.3120931922669776,resnet32,0.6547,0.6564,1.2387959581207146,0.8889586475508456,0.3498373138718307,resnet32,0.6601,0.6576,1.2340239996767857,0.8850073896517808,0.3490166093688458,resnet32,0.6619,0.6578,1.2374546654014424,0.8876374896446412,0.34981717582030053,resnet32,0.6546,0.6376,1.2666803585704078,0.9092696063559164,0.3574107527436519,31500000.0,0.0,126000000.0,11844000000.0,94752000000.0
wrn28x10x4-resnet32x4_cifar100_K8_dml_seed0004_d001,d001,"wrn28x10:4,resnet32:4",cifar100,8,dml,dml,peers,4,200,64,0.1,0.9,0.0005,True,0,60,0.1,1.0,1,,disagreement,1.0,1,0.0,0.5,weight,complete,0.0,0.0,42,0,45000,5000,10000,148027552,94,0.010000000000000002,7,142.48,0.6975374999999999,0.04131909175853217,0.6501,0.7483,0.7613,0.06376250000000006,0.698175,0.7608,0.27194999999999997,0.5964741044535659,0.2760321428571429,0.5988543200754448,0.656875,0.7382,wrn28x10,0.7254,0.7324,0.732638178308579,0.41682573537003587,0.3158124434253709,wrn28x10,0.7483,0.7464,0.7296668880365111,0.41478855148042465,0.3148783370217478,wrn28x10,0.7375,0.7426,0.7299257615496489,0.4132303495425731,0.31669541276906704,wrn28x10,0.7416,0.7474,0.7313051425259222,0.4158486247867007,0.31545651907270605,resnet32,0.6532,0.6516,1.249235348183323,0.8940741265700622,0.35516122296791186,resnet32,0.6577,0.653,1.244168366051533,0.8907680587673729,0.35340030904097314,resnet32,0.6665,0.6602,1.2341104398735545,0.882590872828256,0.35151956998743117,resnet32,0.6501,0.6518,1.2695298142392526,0.9094242830337449,0.36010553025301884,31500000.0,0.0,126000000.0,11970000000.0,95760000000.0
wrn28x10x4-resnet32x4_cifar100_K8_dml_seed0004_d001,d001,"wrn28x10:4,resnet32:4",cifar100,8,dml,dml,peers,4,200,64,0.1,0.9,0.0005,True,0,60,0.1,1.0,1,,disagreement,1.0,1,0.0,0.5,weight,complete,0.0,0.0,42,0,45000,5000,10000,148027552,95,0.010000000000000002,7,142.49,0.6931125,0.040251100528432754,0.6491,0.736,0.7531,0.05998749999999997,0.6910000000000001,0.7512,0.2707928571428572,0.6116406936838947,0.27605714285714283,0.6009733151968547,0.6529750000000001,0.73325,wrn28x10,0.7292,0.7286,0.7291715001179413,0.4151112216905775,0.31406027889302507,wrn28x10,0.7326,0.7406,0.7232312864877961,0.4090643610212613,0.31416692544536834,wrn28x10,0.7352,0.7354,0.733866963620213,0.41986728899858217,0.313999674028971,wrn28x10,0.736,0.7262,0.7274627133526586,0.4129919667558914,0.3144707468719306,resnet32,0.6504,0.6442,1.2364862593398853,0.8838608042252335,0.35262545562264597,resnet32,0.6573,0.6516,1.2351043526591226,0.882820092480291,0.3522842586548491,resnet32,0.6551,0.6498,1.2347543275999753,0.8824994372711941,0.35225488859313453,resnet32,0.6491,0.6516,1.263187950477004,0.904444875872948,0.3587430764243684,31500000.0,0.0,126000000.0,12096000000.0,96768000000.0
wrn28x10x4-resnet32x4_cifar100_K8_dml_seed0004_d001,d001,"wrn28x10:4,resnet32:4",cifar100,8,dml,dml,peers,4,200,64,0.1,0.9,0.0005,True,0,60,0.1,1.0,1,,disagreement,1.0,1,0.0,0.5,weight,complete,0.0,0.0,42,0,45000,5000,10000,148027552,96,0.010000000000000002,7,142.52,0.6990375,0.038090613591146044,0.6564,0.7459,0.7592,0.06016250000000001,0.695525,0.7558,0.26485,0.6121090120560669,0.2702821428571429,0.6037038282112481,0.661375,0.7367,wrn28x10,0.7256,0.7216,0.7249535284089771,0.4096146591685035,0.3153388690711422,wrn28x10,0.7459,0.7404,0.7225743788294494,0.4078668314455585,0.31470754636790266,wrn28x10,0.7403,0.7354,0.7204287019134923,0.4047389155338434,0.31568978618915106,wrn28x10,0.735,0.7348,0.7240261427888816,0.4086737638678063,0.31535237885757605,resnet32,0.6617,0.6566,1.2406075590036132,0.8837807194160466,0.3568268386139111,resnet32,0.6639,0.6586,1.2245028767396102,0.872773935129358,0.35172894199124793,resnet32,0.6564,0.6522,1.223982714201239,0.8722316919910637,0.35175102117302065,resnet32,0.6635,0.6646,1.2616552318531005,0.9002216339788653,0.3614335988902233,31500000.0,0.0,126000000.0,12222000000.0,97776000000.0
wrn28x10x4-resnet32x4_cifar100_K8_dml_seed0004_d001,d001,"wrn28x10:4,resnet32:4",cifar100,8,dml,dml,peers,4,200,64,0.1,0.9,0.0005,True,0,60,0.1,1.0,1,,disagreement,1.0,1,0.0,0.5,weight,complete,0.0,0.0,42,0,45000,5000,10000,148027552,97,0.010000000000000002,7,142.61,0.6960124999999999,0.041199982933855704,0.646,0.7416,0.7561,0.06008750000000007,0.69365,0.7578,0.28193571428571423,0.5875676740043971,0.27833214285714286,0.5967918599148617,0.65505,0.736975,wrn28x10,0.7364,0.7358,0.7258313046768308,0.4101103820245374,0.31572092324495316,wrn28x10,0.7416,0.7328,0.7232573011212728,0.4069338523655791,0.31632344947535207,wrn28x10,0.7346,0.7316,0.7176806529645215,0.40191297683949495,0.315767676548355,wrn28x10,0.7353,0.7328,0.7258785092271864,0.4085010336712003,0.3173774760851467,resnet32,0.6575,0.648,1.2365417549047957,0.8804509528827938,0.35609080096368084,resnet32,0.6612,0.6594,1.232497038573704,0.8772756641053341,0.35522137546319177,resnet32,0.6555,0.657,1.228065470148894,0.8750200180167501,0.3530454509044913,resnet32,0.646,0.6518,1.2629651715132324,0.9011149001731114,0.3618502726524391,31500000.0,0.0,126000000.0,12348000000.0,98784000000.0
wrn28x10x4-resnet32x4_cifar100_K8_dml_seed0004_d001,d001,"wrn28x10:4,resnet32:4",cifar100,8,dml,dml,peers,4,200,64,0.1,0.9,0.0005,True,0,60,0.1,1.0,1,,disagreement,1.0,1,0.0,0.5,weight,complete,0.0,0.0,42,0,45000,5000,10000,148027552,98,0.010000000000000002,7,142.62,0.6932625,0.03689901548483373,0.6475,0.7351,0.7525,0.05923749999999994,0.6908500000000001,0.755,0.27861428571428576,0.5977264203288003,0.27779285714285723,0.602638967177232,0.656725,0.7298,wrn28x10,0.7272,0.719,0.7178500556302342,0.4011367565571246,0.31671330017376353,wrn28x10,0.7316,0.7336,0.7205438420007174,0.40469769164073194,0.3158461494074965,wrn28x10,0.7351,0.734,0.7150248773819343,0.3989643865391951,0.3160604902500795,wrn28x10,0.7253,0.7314,0.7234972431324422,0.4067849984858185,0.3167122435036369,resnet32,0.6475,0.6428,1.2314919671043754,0.8756743600084023,0.3558176079002971,resnet32,0.6571,0.6528,1.2378877060149203,0.8802908233959567,0.35759688065048645,resnet32,0.665,0.6602,1.2231455629860812,0.8693416725674813,0.35380388889461756,resnet32,0.6573,0.653,1.2578664853830228,0.8957909694449468,0.3620755134827711,31500000.0,0.0,126000000.0,12474000000.0,99792000000.0
wrn28x10x4-resnet32x4_cifar100_K8_dml_seed0004_d001,d001,"wrn28x10:4,resnet32:4",cifar100,8,dml,dml,peers,4,200,64,0.1,0.9,0.0005,True,0,60,0.1,1.0,1,,disagreement,1.0,1,0.0,0.5,weight,complete,0.0,0.0,42,0,45000,5000,10000,148027552,99,0.010000000000000002,7,142.57,0.6862625,0.03905956788995495,0.6408,0.7355,0.7484,0.06213749999999996,0.683625,0.7444,0.28251428571428566,0.6013147319614628,0.2857678571428571,0.5987414794640792,0.648175,0.7243499999999999,wrn28x10,0.7355,0.7284,0.715838376220993,0.3984571371693164,0.317381240173497,wrn28x10,0.7339,0.7366,0.7199101124636151,0.40287863105450844,0.31703148130327463,wrn28x10,0.7151,0.7186,0.7150711126371541,0.39694806605323474,0.3181230462875895,wrn28x10,0.7129,0.7146,0.7235319115729495,0.40618357504718006,0.3173483364622701,resnet32,0.6437,0.6404,1.2357102052562616,0.8769080941142007,0.3588021104859019,resnet32,0.6507,0.6444,1.2358184928413143,0.8773974820294164,0.35842101028273726,resnet32,0.6408,0.634,1.2295538639988413,0.8733513726514172,0.35620249060659925,resnet32,0.6575,0.652,1.2576251250099053,0.8945048359984701,0.36312028994275763,31500000.0,0.0,126000000.0,12600000000.0,100800000000.0
wrn28x10x4-resnet32x4_cifar100_K8_dml_seed0004_d001,d001,"wrn28x10:4,resnet32:4",cifar100,8,dml,dml,peers,4,200,64,0.1,0.9,0.0005,True,0,60,0.1,1.0,1,,disagreement,1.0,1,0.0,0.5,weight,complete,0.0,0.0,42,0,45000,5000,10000,148027552,100,0.010000000000000002,7,142.54,0.696275,0.04244890310714756,0.6412,0.7445,0.7566,0.06032500000000007,0.693425,0.7562,0.2771142857142857,0.5947636372408974,0.27583571428571424,0.5977083016117813,0.654325,0.738225,wrn28x10,0.7388,0.7338,0.7194871186194095,0.4004614297088913,0.31902568869885395,wrn28x10,0.7445,0.741,0.719837195282294,0.4014022295490246,0.31843496501361107,wrn28x10,0.7385,0.7388,0.7205336369912733,0.40278670318763365,0.31774693477729504,wrn28x10,0.7311,0.7328,0.723208126781339,0.4052762532691387,0.31793187446468935,resnet32,0.6412,0.6352,1.2375645611265844,0.8769573664970018,0.360607192449441,resnet32,0.6592,0.653,1.2330728879367763,0.8748795320703224,0.3581933526703241,resnet32,0.6613,0.6602,1.2300994322550567,0.8718283775008537,0.35827105513519863,resnet32,0.6556,0.6526,1.2585794735191898,0.8938105550848625,0.364768919471482,31500000.0,0.0,126000000.0,12726000000.0,101808000000.0
wrn28x10x4-resnet32x4_cifar100_K8_dml_seed0004_d001,d001,"wrn28x10:4,resnet32:4",cifar100,8,dml,dml,peers,4,200,64,0.1,0.9,0.0005,True,0,60,0.1,1.0,1,,disagreement,1.0,1,0.0,0.5,weight,complete,0.0,0.0,42,0,45000,5000,10000,148027552,101,0.010000000000000002,7,142.47,0.6986000000000001,0.03530407200309902,0.6557,0.738,0.7558,0.05719999999999992,0.70175,0.7644,0.2669214285714286,0.6039755361036601,0.2715464285714285,0.6037453271201311,0.663525,0.733675,wrn28x10,0.7315,0.7324,0.7138384507376362,0.3958073013504459,0.3180311510170048,wrn28x10,0.7303,0.7354,0.7158827070485462,0.3983727492900057,0.3175099563615566,wrn28x10,0.7349,0.732,0.710926453963938,0.3928575843191621,0.31806887102059345,wrn28x10,0.738,0.7438,0.7211858451112427,0.4033723265059631,0.3178135192402723,resnet32,0.6635,0.6654,1.2233818969265982,0.8656506480818446,0.357731249014085,resnet32,0.6669,0.6694,1.220749024386433,0.8639847953719172,0.35676422812552616,resnet32,0.668,0.6724,1.2138145832683553,0.858512704091316,0.3553018791770393,resnet32,0.6557,0.6632,1.2526898858222095,0.8886729370463978,0.36401694773865695,31500000.0,0.0,126000000.0,12852000000.0,102816000000.0
wrn28x10x4-resnet32x4_cifar100_K8_dml_seed0004_d001,d001,"wrn28x10:4,resnet32:4",cifar100,8,dml,dml,peers,4,200,64,0.1,0.9,0.0005,True,0,60,0.1,1.0,1,,disagreement,1.0,1,0.0,0.5,weight,complete,0.0,0.0,42,0,45000,5000,10000,148027552,102,0.010000000000000002,7,142.39,0.6937125,0.04395840185618671,0.6465,0.742,0.7528,0.05908750000000007,0.6912750000000001,0.7508,0.27346428571428577,0.6053218753373375,0.27219642857142845,0.6066991088293968,0.6499,0.737525,wrn28x10,0.7318,0.7338,0.7102842691608451,0.39263541846197436,0.3176488512068648,wrn28x10,0.742,0.7384,0.7104239074767313,0.39216406624340877,0.31825984290546994,wrn28x10,0.7393,0.7454,0.7145127449607984,0.39709319633601065,0.3174195484977893,wrn28x10,0.737,0.7258,0.7132079308344559,0.3942058238793503,0.31900210784409533,resnet32,0.6478,0.6424,1.2314496030184356,0.8704803488640622,0.36096925383687695,resnet32,0.6554,0.65,1.2229718905450269,0.8641841315918348,0.3587877590166913,resnet32,0.6499,0.6456,1.2157791379669851,0.8576536630703644,0.3581254755527797,resnet32,0.6465,0.6488,1.2509355191141367,0.884885923428969,0.36604959693398664,31500000.0,0.0,126000000.0,12978000000.0,103824000000.0
wrn28x10x4-resnet32x4_cifar100_K8_dml_seed0004_d001,d001,"wrn28x10:4,resnet32:4",cifar100,8,dml,dml,peers,4,200,64,0.1,0.9,0.0005,True,0,60,0.1,1.0,1,,disagreement,1.0,1,0.0,0.5,weight,complete,0.0,0.0,42,0,45000,5000,10000,148027552,103,0.010000000000000002,7,142.59,0.69395,0.04304462800396816,0.6413,0.7423,0.7546,0.06065000000000009,0.693875,0.7572,0.28085714285714286,0.5818484017785843,0.2782071428571428,0.5950047462380957,0.6514,0.7364999999999999,wrn28x10,0.7383,0.739,0.6975941708396104,0.37975190476175735,0.31784226576035673,wrn28x10,0.7399,0.7438,0.7068112668665972,0.38783195221119304,0.31897931488823483,wrn28x10,0.7423,0.7434,0.7072079000909898,0.38929167114706204,0.31791622837243433,wrn28x10,0.7255,0.7286,0.7080462333661589,0.3889258136676455,0.31912042027000675,resnet32,0.6593,0.6654,1.2225465981120414,0.862564863552424,0.3599817344326187,resnet32,0.6536,0.638,1.2217553182589738,0.862347986549139,0.35940733196383173,resnet32,0.6514,0.6446,1.2150034207681364,0.8561690427701582,0.3588343774476512,resnet32,0.6413,0.6482,1.2528959427198225,0.885336509482427,0.3675594342533838,31500000.0,0.0,126000000.0,13104000000.0,104832000000.0
wrn28x10x4-resnet32x4_cifar100_K8_dml_seed0004_d001,d001,"wrn28x10:4,resnet32:4",cifar100,8,dml,dml,peers,4,200,64,0.1,0.9,0.0005,True,0,60,0.1,1.0,1,,disagreement,1.0,1,0.0,0.5,weight,complete,0.0,0.0,42,0,45000,5000,10000,148027552,104,0.010000000000000002,7,142.82,0.6949125,0.036295779282858764,0.6519,0.738,0.7543,0.059387499999999926,0.6940999999999999,0.7516,0.27355714285714283,0.606669955270886,0.27864999999999995,0.5997053996789142,0.659275,0.73055,wrn28x10,0.7256,0.7272,0.7112947260029614,0.39187529602680693,0.319419430505315,wrn28x10,0.738,0.742,0.7051154534671117,0.3855374778028239,0.3195779759817841,wrn28x10,0.7299,0.7208,0.7102589977651157,0.3896811065602709,0.3205778908026828,wrn28x10,0.7287,0.729,0.7087168751961805,0.38895514514297247,0.31976172992620955,resnet32,0.6519,0.654,1.2232123716649683,0.8609052413905208,0.3623071317137642,resnet32,0.6739,0.6644,1.2219594772905111,0.8612763979895548,0.36068307904695923,resnet32,0.6552,0.6576,1.220143631015989,0.859293521000919,0.3608501084699211,resnet32,0.6561,0.6578,1.2517952504144474,0.8829313746060837,0.36886387542736804,31500000.0,0.0,126000000.0,13230000000.0,105840000000.0
wrn28x10x4-resnet32x4_cifar100_K8_dml_seed0004_d001,d001,"wrn28x10:4,resnet32:4",cifar100,8,dml,dml,peers,4,200,64,0.1,0.9,0.0005,True,0,60,0.1,1.0,1,,disagreement,1.0,1,0.0,0.5,weight,complete,0.0,0.0,42,0,45000,5000,10000,148027552,105,0.010000000000000002,7,142.58,0.6843625,0.04319933267713751,0.6324,0.7337,0.7429,0.05853750000000002,0.6851,0.7424,0.2775428571428572,0.6128465846138217,0.2842857142857143,0.6042547465025647,0.6416000000000001,0.727125,wrn28x10,0.7253,0.731,0.7025038690136914,0.3828565410380675,0.31964732825078745,wrn28x10,0.7308,0.73,0.710704657714814,0.39062584851953114,0.32007880925878207,wrn28x10,0.7187,0.7234,0.7080115793188188,0.3884573237843473,0.3195542558943006,wrn28x10,0.7337,0.7354,0.7096857613968578,0.38922496658580547,0.3204607942818918,resnet32,0.6396,0.6432,1.229321680539711,0.8656014518558302,0.36372022658840497,resnet32,0.6502,0.6498,1.2214366478676146,0.8607245930047198,0.3607120554555546,resnet32,0.6442,0.6402,1.2092968702146953,0.8504888955503702,0.35880797396583314,resnet32,0.6324,0.6278,1.2475493914363058,0.8797207506034862,0.3678286415313117,31500000.0,0.0,126000000.0,13356000000.0,106848000000.0
wrn28x10x4-resnet32x4_cifar100_K8_dml_seed0004_d001,d001,"wrn28x10:4,resnet32:4",cifar100,8,dml,dml,peers,4,200,64,0.1,0.9,0.0005,True,0,60,0.1,1.0,1,,disagreement,1.0,1,0.0,0.5,weight,complete,0.0,0.0,42,0,45000,5000,10000,148027552,106,0.010000000000000002,7,142.38,0.699075,0.04136691763958249,0.6531,0.7425,0.7593,0.06022499999999997,0.6988,0.7624,0.2701928571428572,0.6025491562807499,0.27454285714285714,0.600764942444865,0.657925,0.740225,wrn28x10,0.7362,0.739,0.7039572304030034,0.3846875187009573,0.31926971206187527,wrn28x10,0.7405,0.7422,0.7037433923052793,0.3848949909548868,0.3188484014350582,wrn28x10,0.7417,0.7334,0.7134231960570271,0.3930243409492753,0.3203988560390743,wrn28x10,0.7425,0.7448,0.7114028682593595,0.39124492585489695,0.32015794212929904,resnet32,0.6531,0.6574,1.2223515771329403,0.8592923517254266,0.36305922422219405,resnet32,0.6569,0.6462,1.2142576160417362,0.8542693468149413,0.3599882690574635,resnet32,0.6671,0.6702,1.2148799912326715,0.855048615951091,0.35983137418092653,resnet32,0.6546,0.6572,1.242548987184736,0.8757944568060338,0.36675452974370937,31500000.0,0.0,126000000.0,13482000000.0,107856000000.0
wrn28x10x4-resnet32x4_cifar100_K8_dml_seed0004_d001,d001,"wrn28x10:4,resnet32:4",cifar100,8,dml,dml,peers,4,200,64,0.1,0.9,0.0005,True,0,60,0.1,1.0,1,,disagreement,1.0,1,0.0,0.5,weight,complete,0.0,0.0,42,0,45000,5000,10000,148027552,107,0.010000000000000002,7,142.51,0.692075,0.041950290523427816,0.6427,0.7452,0.7557,0.06362500000000004,0.69645,0.7626,0.2764928571428571,0.5901416887487505,0.2834785714285714,0.5922265152958518,0.651,0.73315,wrn28x10,0.7452,0.745,0.7065646750852466,0.38583599958060816,0.320728674933145,wrn28x10,0.735,0.7412,0.702319630718028,0.38188859227706085,0.3204310382081365,wrn28x10,0.7162,0.7278,0.7091509943658655,0.388297942572866,0.32085305151783605,wrn28x10,0.7362,0.7418,0.7050349458374761,0.3830608961130069,0.3219740485603159,resnet32,0.6511,0.655,1.2261629407717423,0.8622158030048013,0.3639471366239542,resnet32,0.6427,0.6454,1.2265110614455559,0.8627335493537512,0.36377751194363966,resnet32,0.6592,0.6644,1.2159848100590436,0.8539957140826366,0.36198909737339074,resnet32,0.651,0.651,1.2415292611006985,0.8741054711863399,0.36742379143834114,31500000.0,0.0,126000000.0,13608000000.0,108864000000.0
wrn28x10x4-resnet32x4_cifar100_K8_dml_seed0004_d001,d001,"wrn28x10:4,resnet32:4",cifar100,8,dml,dml,peers,4,200,64,0.1,0.9,0.0005,True,0,60,0.1,1.0,1,,disagreement,1.0,1,0.0,0.5,weight,complete,0.0,0.0,42,0,45000,5000,10000,148027552,108,0.010000000000000002,7,142.66,0.7013375,0.04039285015630859,0.6569,0.7454,0.7654,0.06406250000000002,0.69865,0.764,0.27175000000000005,0.6027053660053515,0.2762428571428571,0.5993668812103661,0.6610499999999999,0.741625,wrn28x10,0.7454,0.7416,0.6984877790409055,0.37724676611833274,0.3212410129014064,wrn28x10,0.7391,0.7346,0.7045524739236995,0.3818875862581825,0.3226648864801973,wrn28x10,0.7389,0.7324,0.7054555882615122,0.3827429546297274,0.3227126324676316,wrn28x10,0.7431,0.745,0.6988290067423474,0.3773058241402561,0.32152318247509276,resnet32,0.6638,0.663,1.219874800436876,0.8539302403276617,0.36594455869106407,resnet32,0.6642,0.6512,1.2196203454990278,0.8542910549705002,0.3653292908248576,resnet32,0.6593,0.6612,1.2172624789686366,0.8523063113150949,0.3649561661507257,resnet32,0.6569,0.6602,1.2486013470386916,0.8752131600525569,0.3733881858219816,31500000.0,0.0,126000000.0,13734000000.0,109872000000.0
wrn28x10x4-resnet32x4_cifar100_K8_dml_seed0004_d001,d001,"wrn28x10:4,resnet32:4",cifar100,8,dml,dml,peers,4,200,64,0.1,0.9,0.0005,True,0,60,0.1,1.0,1,,disagreement,1.0,1,0.0,0.5,weight,complete,0.0,0.0,42,0,45000,5000,10000,148027552,109,0.010000000000000002,7,142.9,0.7012125,0.040673223301700596,0.6486,0.7474,0.7666,0.06538749999999993,0.6963999999999999,0.7618,0.2752214285714287,0.5990094717690855,0.2765107142857143,0.5902902546100155,0.6611750000000001,0.74125,wrn28x10,0.7403,0.7414,0.700328881513666,0.378454861019484,0.3218740217006681,wrn28x10,0.7466,0.7436,0.7018189724873413,0.38136237362315034,0.32045659894885664,wrn28x10,0.7474,0.737,0.6976395179094239,0.3764575428371741,0.3211819759189067,wrn28x10,0.7307,0.735,0.6984308967366815,0.37729336731982505,0.32113753047517757,resnet32,0.6486,0.6466,1.2189725307239727,0.8539265020835128,0.3650460278996351,resnet32,0.6637,0.648,1.214820578863675,0.850833691233261,0.36398688528094103,resnet32,0.6691,0.6596,1.2068143463270231,0.84524675314738,0.3615675942591307,resnet32,0.6633,0.66,1.2421652598475867,0.8721521572548557,0.3700131028467281,31500000.0,0.0,126000000.0,13860000000.0,110880000000.0
wrn28x10x4-resnet32x4_cifar100_K8_dml_seed0004_d001,d001,"wrn28x10:4,resnet32:4",cifar100,8,dml,dml,peers,4,200,64,0.1,0.9,0.0005,True,0,60,0.1,1.0,1,,disagreement,1.0,1,0.0,0.5,weight,complete,0.0,0.0,42,0,45000,5000,10000,148027552,110,0.010000000000000002,7,143.77,0.6978875,0.04154276223062208,0.6522,0.7443,0.7589,0.061012500000000025,0.69645,0.7586,0.2741071428571428,0.5946933480170483,0.27565,0.5960284849363899,0.656625,0.73915,wrn28x10,0.744,0.741,0.6977620520205661,0.37567280886948784,0.3220892430875789,wrn28x10,0.7443,0.741,0.7075304210355337,0.38385072272186255,0.32367969829250465,wrn28x10,0.7304,0.729,0.7005510296757248,0.37689964325082576,0.32365138581107283,wrn28x10,0.7379,0.7356,0.6983984952199865,0.37605663981627335,0.3223418558058752,resnet32,0.6546,0.657,1.211586760441688,0.8459763312288984,0.36561042891645973,resnet32,0.6624,0.656,1.2198058433661407,0.8535404135896401,0.3662654314486479,resnet32,0.6522,0.6478,1.2162224586037071,0.8509598170322451,0.36526264246045187,resnet32,0.6573,0.6642,1.2468563717027956,0.8729193549264561,0.37393701734783297,31500000.0,0.0,126000000.0,13986000000.0,111888000000.0
wrn28x10x4-resnet32x4_cifar100_K8_dml_seed0004_d001,d001,"wrn28x10:4,resnet32:4",cifar100,8,dml,dml,peers,4,200,64,0.1,0.9,0.0005,True,0,60,0.1,1.0,1,,disagreement,1.0,1,0.0,0.5,weight,complete,0.0,0.0,42,0,45000,5000,10000,148027552,111,0.010000000000000002,7,143.4,0.697075,0.04361223308889377,0.6464,0.7452,0.7642,0.06712499999999999,0.69665,0.7634,0.2744,0.6017405245431791,0.2769714285714285,0.5953082181761603,0.653675,0.740475,wrn28x10,0.7416,0.7426,0.6970847032710232,0.37529512945647264,0.32178957281972875,wrn28x10,0.7452,0.742,0.7026151830161159,0.3811860784507272,0.3214291040150618,wrn28x10,0.7395,0.7432,0.6950809865851294,0.3733211544934999,0.32175983321344986,wrn28x10,0.7356,0.7414,0.7007086720656265,0.3786936456930231,0.3220150260974399,resnet32,0.6518,0.6598,1.2144007726826451,0.8495338817804374,0.36486689339984546,resnet32,0.659,0.6536,1.2182714340531013,0.8522520527582277,0.36601937867023726,resnet32,0.6464,0.6394,1.2064405805854634,0.8427828892811455,0.36365769236263906,resnet32,0.6575,0.6512,1.235691612332382,0.8645407096906141,0.3711509012024511,31500000.0,0.0,126000000.0,14112000000.0,112896000000.0
wrn28x10x4-resnet32x4_cifar100_K8_dml_seed0004_d001,d001,"wrn28x10:4,resnet32:4",cifar100,8,dml,dml,peers,4,200,64,0.1,0.9,0.0005,True,0,60,0.1,1.0,1,,disagreement,1.0,1,0.0,0.5,weight,complete,0.0,0.0,42,0,45000,5000,10000,148027552,112,0.010000000000000002,7,143.38,0.7035375,0.04203890868885633,0.6558,0.7506,0.7647,0.06116250000000001,0.7020500000000001,0.7626,0.2691,0.5931228163479803,0.2709857142857143,0.5981702983536327,0.661775,0.7453000000000001,wrn28x10,0.7429,0.7434,0.6951105818152428,0.3740171531257643,0.3210934280756522,wrn28x10,0.742,0.7412,0.6989419548348947,0.3770177639301189,0.3219241907354444,wrn28x10,0.7506,0.7448,0.6897389758801595,0.36913418056527997,0.32060479516671464,wrn28x10,0.7457,0.7434,0.6989107332192361,0.3772755859800699,0.3216351469216699,resnet32,0.6633,0.6588,1.2110308456996626,0.8455040070058947,0.3655268409162421,resnet32,0.6708,0.667,1.2040251086212017,0.8412625088610433,0.36276259940032934,resnet32,0.6558,0.6572,1.205043363215571,0.8412233482284303,0.36382001369598915,resnet32,0.6572,0.6606,1.2412124570797791,0.8693351961502974,0.371877262707461,31500000.0,0.0,126000000.0,14238000000.0,113904000000.0
wrn28x10x4-resnet32x4_cifar100_K8_dml_seed0004_d001,d001,"wrn28x10:4,resnet32:4",cifar100,8,dml,dml,peers,4,200,64,0.1,0.9,0.0005,True,0,60,0.1,1.0,1,,disagreement,1.0,1,0.0,0.5,weight,complete,0.0,0.0,42,0,45000,5000,10000,148027552,113,0.010000000000000002,7,143.14,0.6891875000000001,0.03708195105101672,0.6381,0.7365,0.7559,0.06671249999999995,0.6877500000000001,0.7526,0.2859142857142857,0.5883280579803793,0.2885178571428571,0.5883672174225224,0.653475,0.7249,wrn28x10,0.7192,0.7194,0.6954593434929848,0.3733164580030875,0.3221428860402243,wrn28x10,0.7271,0.7268,0.6979317974976518,0.37588039684024727,0.3220513993662528,wrn28x10,0.7365,0.7396,0.6947659074582837,0.3722257043912329,0.3225402028342201,wrn28x10,0.7168,0.7196,0.6966266390782866,0.3731287178710442,0.3234979197890921,resnet32,0.6381,0.6348,1.2068997265093706,0.8414324526675045,0.36546727297404275,resnet32,0.6611,0.6532,1.2068206243724986,0.8422128906981512,0.3646077333991839,resnet32,0.6682,0.6622,1.2025557513433425,0.838726959106597,0.36382879223674536,resnet32,0.6465,0.6464,1.2384840970520268,0.8657876440239224,0.37269645321860234,31500000.0,0.0,126000000.0,14364000000.0,114912000000.0
wrn28x10x4-resnet32x4_cifar100_K8_dml_seed0004_d001,d001,"wrn28x10:4,resnet32:4",cifar100,8,dml,dml,peers,4,200,64,0.1,0.9,0.0005,True,0,60,0.1,1.0,1,,disagreement,1.0,1,0.0,0.5,weight,complete,0.0,0.0,42,0,45000,5000,10000,148027552,114,0.010000000000000002,7,143.1,0.6977875,0.04185365687428042,0.6396,0.7466,0.758,0.0602125,0.699225,0.7578,0.26985000000000003,0.6076931011295988,0.273875,0.5996178572935165,0.656775,0.7388,wrn28x10,0.7378,0.7422,0.6921213828450576,0.3689131920056587,0.32320819109339605,wrn28x10,0.7466,0.7398,0.6918753906237808,0.3698027858891609,0.3220726047134535,wrn28x10,0.738,0.7358,0.6991913228888403,0.37698338891972194,0.32220793470994313,wrn28x10,0.7328,0.7362,0.6954494996673681,0.3728452829898081,0.3226042170162228,resnet32,0.6396,0.6488,1.2142766725949266,0.8451462012969635,0.3691304705571383,resnet32,0.6653,0.6674,1.2060848533768544,0.8399712614376437,0.3661135923413729,resnet32,0.6663,0.6706,1.195952071469616,0.8310835595581342,0.364868509223346,resnet32,0.6559,0.653,1.2296852344139055,0.8567976386032321,0.3728875972076573,31500000.0,0.0,126000000.0,14490000000.0,115920000000.0
wrn28x10x4-resnet32x4_cifar100_K8_dml_seed0004_d001,d001,"wrn28x10:4,resnet32:4",cifar100,8,dml,dml,peers,4,200,64,0.1,0.9,0.0005,True,0,60,0.1,1.0,1,,disagreement,1.0,1,0.0,0.5,weight,complete,0.0,0.0,42,0,45000,5000,10000,148027552,115,0.010000000000000002,7,142.68,0.6994,0.04025686276897391,0.6518,0.7504,0.7618,0.06240000000000001,0.6973750000000001,0.7632,0.28217857142857145,0.5830139208786765,0.27854285714285715,0.5921843525715582,0.65995,0.73885,wrn28x10,0.7387,0.7396,0.6962960104627366,0.3745291621678255,0.32176684706725855,wrn28x10,0.7504,0.752,0.6947407363067296,0.3740070186428387,0.3207337182988836,wrn28x10,0.7293,0.7254,0.6958098305727948,0.3735318368470127,0.3222779942126098,wrn28x10,0.737,0.7392,0.6921907554549928,0.37026878793469886,0.32192196705463255,resnet32,0.6518,0.6522,1.207726908170364,0.840213582766327,0.36751332582736557,resnet32,0.6741,0.6654,1.2010568847710437,0.8366370265456763,0.36441985750570893,resnet32,0.656,0.6522,1.1951327590610494,0.8317738392136313,0.3633589214137332,resnet32,0.6579,0.653,1.2295270360667596,0.8581396083093502,0.3713874257677658,31500000.0,0.0,126000000.0,14616000000.0,116928000000.0
wrn28x10x4-resnet32x4_cifar100_K8_dml_seed0004_d001,d001,"wrn28x10:4,resnet32:4",cifar100,8,dml,dml,peers,4,200,64,0.1,0.9,0.0005,True,0,60,0.1,1.0,1,,disagreement,1.0,1,0.0,0.5,weight,complete,0.0,0.0,42,0,45000,5000,10000,148027552,116,0.010000000000000002,7,142.87,0.6981875,0.043158818261741116,0.6439,0.7432,0.7605,0.06231249999999999,0.69875,0.7584,0.2704857142857144,0.6026665886269376,0.27646071428571434,0.5958381227996773,0.6555,0.7408750000000001,wrn28x10,0.7432,0.7384,0.6971729747866365,0.37257126960056747,0.3246017063925551,wrn28x10,0.743,0.7448,0.698082683311606,0.3739312202881344,0.32415146224031394,wrn28x10,0.7363,0.7374,0.6975075582634996,0.37298811155117373,0.3245194470509887,wrn28x10,0.741,0.7412,0.6939190065234222,0.3704926071857864,0.323426399147138,resnet32,0.6439,0.6556,1.2123388932509855,0.8440960333682597,0.36824286017905583,resnet32,0.6615,0.6608,1.2124716556546362,0.8449829984879629,0.36748865902931854,resnet32,0.6656,0.6612,1.2011907892301679,0.8363982410254803,0.3647925491571765,resnet32,0.651,0.6506,1.2331043640998276,0.8606207000768997,0.37248366472141986,31500000.0,0.0,126000000.0,14742000000.0,117936000000.0
wrn28x10x4-resnet32x4_cifar100_K8_dml_seed0004_d001,d001,"wrn28x10:4,resnet32:4",cifar100,8,dml,dml,peers,4,200,64,0.1,0.9,0.0005,True,0,60,0.1,1.0,1,,disagreement,1.0,1,0.0,0.5,weight,complete,0.0,0.0,42,0,45000,5000,10000,148027552,117,0.010000000000000002,7,142.29,0.6986625,0.04154927609176846,0.6443,0.742,0.7617,0.06303750000000008,0.697175,0.7602,0.27428571428571424,0.5964367705934823,0.2774785714285715,0.5952613820195328,0.6576249999999999,0.7397,wrn28x10,0.7388,0.7426,0.7108613102781501,0.3845606107391756,0.3263007004067979,wrn28x10,0.742,0.7404,0.6972615142691542,0.3716525176159022,0.3256089960394258,wrn28x10,0.7365,0.7306,0.7047172245484862,0.37838650367815385,0.3263307200236754,wrn28x10,0.7415,0.7392,0.6992132590914314,0.3737200443336571,0.3254932152657685,resnet32,0.6566,0.6546,1.2144442662935366,0.8431620017879389,0.3712822645479305,resnet32,0.6691,0.6646,1.2093449136750265,0.8409832373515449,0.3683616790327836,resnet32,0.6605,0.6584,1.2068386987190356,0.8381051662886008,0.3687335340602493,resnet32,0.6443,0.647,1.2336794030429288,0.8586068661375479,0.37507253616455605,31500000.0,0.0,126000000.0,14868000000.0,118944000000.0
wrn28x10x4-resnet32x4_cifar100_K8_dml_seed0004_d001,d001,"wrn28x10:4,resnet32:4",cifar100,8,dml,dml,peers,4,200,64,0.1,0.9,0.0005,True,0,60,0.1,1.0,1,,disagreement,1.0,1,0.0,0.5,weight,complete,0.0,0.0,42,0,45000,5000,10000,148027552,118,0.010000000000000002,7,142.23,0.7048249999999999,0.04050051697200915,0.6586,0.7493,0.7683,0.06347500000000006,0.6985,0.762,0.2738142857142857,0.5929855696536546,0.2735678571428571,0.5924908790910441,0.6644749999999999,0.745175,wrn28x10,0.7438,0.7422,0.7028583437204361,0.37856193049810827,0.32429641305299645,wrn28x10,0.7458,0.7448,0.6906832763078538,0.3678060164251788,0.32287726003083994,wrn28x10,0.7493,0.7484,0.6954017519442872,0.3712047469294207,0.3241970032157207,wrn28x10,0.7418,0.74,0.6981335577808998,0.3730958150064742,0.3250377426050942,resnet32,0.6698,0.656,1.2015569819645449,0.8339820922013711,0.367574890377,resnet32,0.6634,0.6532,1.1971455400978976,0.8324275697073475,0.36471796895123343,resnet32,0.6661,0.6534,1.1999325228177689,0.8339241371405396,0.3660083844495768,resnet32,0.6586,0.65,1.2310136435553432,0.8581238417801532,0.37288979995487764,31500000.0,0.0,126000000.0,14994000000.0,119952000000.0
wrn28x10x4-resnet32x4_cifar100_K8_dml_seed0004_d001,d001,"wrn28x10:4,resnet32:4",cifar100,8,dml,dml,peers,4,200,64,0.1,0.9,0.0005,True,0,60,0.1,1.0,1,,disagreement,1.0,1,0.0,0.5,weight,complete,0.0,0.0,42,0,45000,5000,10000,148027552,119,0.010000000000000002,7,142.8,0.7026625,0.04321712442712959,0.6545,0.7495,0.7628,0.060137500000000066,0.70075,0.7634,0.27114285714285713,0.6017148684849938,0.2719357142857143,0.5970022804555659,0.6597,0.745625,wrn28x10,0.7495,0.7398,0.6840582994998179,0.35937161186963995,0.32468668735501444,wrn28x10,0.7492,0.7444,0.6883712683550336,0.3633196631404148,0.3250516043256291,wrn28x10,0.7452,0.742,0.6821500303393061,0.356743958609348,0.32540607105263253,wrn28x10,0.7386,0.737,0.6905259877358648,0.3653726651206274,0.3251533240545541,resnet32,0.6656,0.6698,1.2131315520541235,0.8401185773651708,0.37301297803324734,resnet32,0.6636,0.668,1.2103214369748125,0.839065462985838,0.37125597515312786,resnet32,0.6551,0.653,1.2005894181572578,0.830533996055072,0.3700554210438647,resnet32,0.6545,0.652,1.2245566984638572,0.8494912485846065,0.37506545100107114,31500000.0,0.0,126000000.0,15120000000.0,120960000000.0
wrn28x10x4-resnet32x4_cifar100_K8_dml_seed0004_d001,d001,"wrn28x10:4,resnet32:4",cifar100,8,dml,dml,peers,4,200,64,0.1,0.9,0.0005,True,0,60,0.1,1.0,1,,disagreement,1.0,1,0.0,0.5,weight,complete,0.0,0.0,42,0,45000,5000,10000,148027552,120,0.0010000000000000002,7,142.43,0.7485625,0.03356310986410527,0.7092,0.7833,0.788,0.039437500000000014,0.748125,0.788,0.19492142857142852,0.669701034501677,0.19742500000000002,0.6661100999572438,0.7151,0.782025,wrn28x10,0.7814,0.7848,0.48882644763216376,0.24708203636956486,0.24174441168592734,wrn28x10,0.7833,0.7826,0.4888874453661794,0.24908072467554698,0.23980672033080322,wrn28x10,0.7829,0.7788,0.4869691892103715,0.24582041066605598,0.24114877855489877,wrn28x10,0.7805,0.781,0.4913260757669129,0.2505954196676612,0.24073065592992035,resnet32,0.716,0.7148,0.9327956005422906,0.6605162779715928,0.2722793220627037,resnet32,0.717,0.715,0.9369719415395097,0.6645154616456818,0.2724564801054922,resnet32,0.7182,0.7182,0.9256788865578446,0.6556881578131155,0.2699907298665494,resnet32,0.7092,0.7098,0.9555505270307715,0.6784755293787881,0.2770749977789819,31500000.0,0.0,126000000.0,15246000000.0,121968000000.0
wrn28x10x4-resnet32x4_cifar100_K8_dml_seed0004_d001,d001,"wrn28x10:4,resnet32:4",cifar100,8,dml,dml,peers,4,200,64,0.1,0.9,0.0005,True,0,60,0.1,1.0,1,,disagreement,1.0,1,0.0,0.5,weight,complete,0.0,0.0,42,0,45000,5000,10000,148027552,121,0.0010000000000000002,7,142.72,0.7530625,0.03309595660726549,0.7145,0.7883,0.7905,0.03743750000000001,0.7521,0.7896,0.18878571428571428,0.6760990909209655,0.1897821428571429,0.6741857087949402,0.7201,0.786025,wrn28x10,0.7842,0.7872,0.4209209153090011,0.20569264166988432,0.2152282740624452,wrn28x10,0.7871,0.787,0.4213349663821811,0.20654058315664192,0.21479438365945083,wrn28x10,0.7883,0.784,0.42078092122789135,0.2061065607492558,0.21467436066913334,wrn28x10,0.7845,0.78,0.42299521358853037,0.2071387545120987,0.21585645990192212,resnet32,0.7187,0.7214,0.849353020333431,0.5998511423187499,0.2495018782686781,resnet32,0.723,0.7166,0.8540864536877383,0.6040002765049312,0.2500861775003035,resnet32,0.7242,0.721,0.8486200157468292,0.5996658511629159,0.24895416452041405,resnet32,0.7145,0.7196,0.8775634871457111,0.6207500556060537,0.2568134320899844,31500000.0,0.0,126000000.0,15372000000.0,122976000000.0
wrn28x10x4-resnet32x4_cifar100_K8_dml_seed0004_d001,d001,"wrn28x10:4,resnet32:4",cifar100,8,dml,dml,peers,4,200,64,0.1,0.9,0.0005,True,0,60,0.1,1.0,1,,disagreement,1.0,1,0.0,0.5,weight,complete,0.0,0.0,42,0,45000,5000,10000,148027552,122,0.0010000000000000002,7,142.69,0.7527375000000001,0.03258415786467405,0.7153,0.7863,0.791,0.03826249999999998,0.751825,0.7914,0.1884357142857143,0.6771861930927437,0.18834999999999996,0.6767202431010136,0.72025,0.7852250000000001,wrn28x10,0.7863,0.79,0.39924730195409874,0.19213491409424355,0.20711238756352526,wrn28x10,0.7857,0.7856,0.39891713982532645,0.19233592475806785,0.2065812152471732,wrn28x10,0.7851,0.7846,0.39877440907399764,0.1918710151962428,0.20690339406825264,wrn28x10,0.7838,0.7828,0.3997265223667703,0.19250093279829758,0.20722559000238439,resnet32,0.7189,0.7192,0.8219607416963712,0.5764437223445963,0.24551701892844655,resnet32,0.724,0.7204,0.8240700113502416,0.5781848622824658,0.24588514999909836,resnet32,0.7228,0.7176,0.8167013379914517,0.5729988240636885,0.24370251458392225,resnet32,0.7153,0.7144,0.8437747939235785,0.5927066997286271,0.2510680935387923,31500000.0,0.0,126000000.0,15498000000.0,123984000000.0
wrn28x10x4-resnet32x4_cifar100_K8_dml_seed0004_d001,d001,"wrn28x10:4,resnet32:4",cifar100,8,dml,dml,peers,4,200,64,0.1,0.9,0.0005,True,0,60,0.1,1.0,1,,disagreement,1.0,1,0.0,0.5,weight,complete,0.0,0.0,42,0,45000,5000,10000,148027552,123,0.0010000000000000002,7,142.63,0.7544374999999999,0.03328212498849795,0.7158,0.7916,0.7929,0.03846250000000018,0.754175,0.7882,0.1861071428571429,0.6789542355504555,0.18957142857142853,0.6746663402559693,0.7213,0.787575,wrn28x10,0.7838,0.7914,0.38346207061443816,0.1823422928996892,0.2011197780322453,wrn28x10,0.7887,0.7882,0.38418682461435144,0.18335454042111946,0.2008322843308137,wrn28x10,0.7916,0.787,0.383312530900267,0.1824507682732391,0.2008617632726038,wrn28x10,0.7862,0.7862,0.3838643151631748,0.1823749486568638,0.2014893668661402,resnet32,0.722,0.7218,0.8000264855271036,0.5570805677720769,0.24294591747986322,resnet32,0.723,0.7208,0.799299112775109,0.557197232095694,0.24210188101807778,resnet32,0.7244,0.7224,0.7944114010103724,0.5538963396525518,0.24051506116732277,resnet32,0.7158,0.7156,0.8217902598817918,0.5732236351733181,0.24856662420047956,31500000.0,0.0,126000000.0,15624000000.0,124992000000.0
wrn28x10x4-resnet32x4_cifar100_K8_dml_seed0004_d001,d001,"wrn28x10:4,resnet32:4",cifar100,8,dml,dml,peers,4,200,64,0.1,0.9,0.0005,True,0,60,0.1,1.0,1,,disagreement,1.0,1,0.0,0.5,weight,complete,0.0,0.0,42,0,45000,5000,10000,148027552,124,0.0010000000000000002,7,142.67,0.7554625,0.03280952367453694,0.7161,0.7906,0.7923,0.03683749999999997,0.754825,0.7904,0.18689999999999998,0.6756510428787276,0.18656785714285712,0.6797744468775564,0.722825,0.7881,wrn28x10,0.7856,0.7896,0.37297192120670597,0.17537352125245062,0.19759840061041442,wrn28x10,0.7906,0.7884,0.37228528763675556,0.17464074353814463,0.197644544003362,wrn28x10,0.7888,0.7878,0.3733037679075179,0.1756036661734635,0.19770010164938867,wrn28x10,0.7874,0.7888,0.3739024833776057,0.17524104881820016,0.19866143426307561,resnet32,0.7229,0.7222,0.7858270255594768,0.5433127611282874,0.2425142639443617,resnet32,0.7283,0.7196,0.7855894418263977,0.5440242849290371,0.2415651559872045,resnet32,0.724,0.724,0.7774104255420918,0.5373304223387756,0.24008000224024395,resnet32,0.7161,0.7182,0.809779838447205,0.5611705208535899,0.2486093182074414,31500000.0,0.0,126000000.0,15750000000.0,126000000000.0
wrn28x10x4-resnet32x4_cifar100_K8_dml_seed0004_d001,d001,"wrn28x10:4,resnet32:4",cifar100,8,dml,dml,peers,4,200,64,0.1,0.9,0.0005,True,0,60,0.1,1.0,1,,disagreement,1.0,1,0.0,0.5,weight,complete,0.0,0.0,42,0,45000,5000,10000,148027552,125,0.0010000000000000002,7,142.41,0.756875,0.03424929743804973,0.7186,0.7925,0.795,0.038125000000000075,0.7554000000000001,0.7932,0.1880785714285714,0.6749061646288249,0.18795,0.6744710095735093,0.7227,0.7910499999999999,wrn28x10,0.7901,0.7914,0.3658316453326155,0.1712687834250656,0.19456286204513162,wrn28x10,0.7906,0.789,0.3663881181908602,0.17174937574997207,0.1946387430652976,wrn28x10,0.7925,0.7878,0.36602364226498385,0.17171365082983606,0.1943099916150624,wrn28x10,0.791,0.7922,0.36656714910217986,0.17158667484975673,0.19498047389259393,resnet32,0.7209,0.7256,0.769625255414708,0.5297861340963705,0.23983912119133907,resnet32,0.7257,0.7184,0.7723065974106166,0.5322679894214327,0.24003860826434736,resnet32,0.7256,0.7204,0.7677113363857974,0.5286223813468083,0.23908895592797885,resnet32,0.7186,0.7184,0.7964538375169716,0.5495122346434403,0.24694160276769914,31500000.0,0.0,126000000.0,15876000000.0,127008000000.0
wrn28x10x4-resnet32x4_cifar100_K8_dml_seed0004_d001,d001,"wrn28x10:4,resnet32:4",cifar100,8,dml,dml,peers,4,200,64,0.1,0.9,0.0005,True,0,60,0.1,1.0,1,,disagreement,1.0,1,0.0,0.5,weight,complete,0.0,0.0,42,0,45000,5000,10000,148027552,126,0.0010000000000000002,7,142.8,0.7545999999999999,0.03489251352367725,0.7157,0.7914,0.7918,0.03720000000000001,0.754725,0.7926,0.1902857142857143,0.6696331353728595,0.1903,0.6711407974286534,0.719775,0.7894249999999999,wrn28x10,0.7881,0.7906,0.35883629125204275,0.16739674953913147,0.19143954187165946,wrn28x10,0.7914,0.7886,0.35925749354911124,0.1673803478267721,0.19187714510851286,wrn28x10,0.7907,0.7878,0.3595096261917867,0.16709271429995584,0.1924169113838368,wrn28x10,0.7875,0.7888,0.35916411343284627,0.16695878796533428,0.19220532558392733,resnet32,0.7194,0.722,0.7618150075220249,0.5214826469732956,0.24033236135305328,resnet32,0.7221,0.7196,0.7637770879929039,0.523987333142114,0.23978975504128772,resnet32,0.7219,0.7218,0.7539524003778669,0.5162744439757344,0.23767795707945796,resnet32,0.7157,0.7186,0.78269826752049,0.5378801576285199,0.24481810968030582,31500000.0,0.0,126000000.0,16002000000.0,128016000000.0
wrn28x10x4-resnet32x4_cifar100_K8_dml_seed0004_d001,d001,"wrn28x10:4,resnet32:4",cifar100,8,dml,dml,peers,4,200,64,0.1,0.9,0.0005,True,0,60,0.1,1.0,1,,disagreement,1.0,1,0.0,0.5,weight,complete,0.0,0.0,42,0,45000,5000,10000,148027552,127,0.0010000000000000002,7,151.4,0.7561375,0.034153621239189275,0.7152,0.7923,0.795,0.03886250000000002,0.754975,0.7908,0.1888214285714285,0.672203362439273,0.1882571428571429,0.6729963982325894,0.7221749999999999,0.7901,wrn28x10,0.7893,0.7902,0.35196067579090595,0.16119113606824118,0.19076953964858231,wrn28x10,0.7923,0.7874,0.3529222081203691,0.16236947911833835,0.1905527284940366,wrn28x10,0.7921,0.7854,0.35252674362114206,0.16189355840271508,0.19063318563117224,wrn28x10,0.7867,0.7896,0.35267274073240434,0.16160496677780015,0.1910677739016881,resnet32,0.7217,0.7254,0.7531707866794684,0.512488012498414,0.2406827747525478,resnet32,0.7277,0.7204,0.7501607418737628,0.5111991704272275,0.23896157155236739,resnet32,0.7241,0.7262,0.743629858278754,0.5058343407528644,0.2377955177375539,resnet32,0.7152,0.7152,0.7741431249728934,0.5280108726583421,0.24613225294954397,31500000.0,0.0,126000000.0,16128000000.0,129024000000.0
wrn28x10x4-resnet32x4_cifar100_K8_dml_seed0004_d001,d001,"wrn28x10:4,resnet32:4",cifar100,8,dml,dml,peers,4,200,64,0.1,0.9,0.0005,True,0,60,0.1,1.0,1,,disagreement,1.0,1,0.0,0.5,weight,complete,0.0,0.0,42,0,45000,5000,10000,148027552,128,0.0010000000000000002,7,151.06,0.7556499999999999,0.03725744891964556,0.7127,0.7967,0.7956,0.03995000000000004,0.755725,0.7944,0.18951428571428572,0.6720101166922728,0.19202857142857144,0.6650411720325348,0.7186,0.7927,wrn28x10,0.7897,0.7894,0.34870376939546655,0.16042053724893116,0.188283232125369,wrn28x10,0.7948,0.7918,0.3496988696596501,0.16143865180625158,0.1882602173877372,wrn28x10,0.7967,0.7916,0.3492129026615823,0.160527495498007,0.18868540688841182,wrn28x10,0.7896,0.788,0.3493374272842299,0.16082987187176265,0.1885075552113862,resnet32,0.7163,0.7222,0.7371534556573764,0.5003889443945478,0.23676451003517618,resnet32,0.725,0.7186,0.7463081516748802,0.5075241638432172,0.2387839892709797,resnet32,0.7204,0.7258,0.7350504945709624,0.4990836975418709,0.2359667963940989,resnet32,0.7127,0.7184,0.7678338125009428,0.5228668074546889,0.24496700597757642,31500000.0,0.0,126000000.0,16254000000.0,130032000000.0
wrn28x10x4-resnet32x4_cifar100_K8_dml_seed0004_d001,d001,"wrn28x10:4,resnet32:4",cifar100,8,dml,dml,peers,4,200,64,0.1,0.9,0.0005,True,0,60,0.1,1.0,1,,disagreement,1.0,1,0.0,0.5,weight,complete,0.0,0.0,42,0,45000,5000,10000,148027552,129,0.0010000000000000002,7,151.05,0.7580625000000001,0.03320131539186363,0.7217,0.7929,0.7957,0.03763749999999988,0.7573249999999999,0.7944,0.18940714285714286,0.6707870029625334,0.1851428571428571,0.6777671362729053,0.7250000000000001,0.791125,wrn28x10,0.7911,0.792,0.34383837292394176,0.15661010578994386,0.18722826666833664,wrn28x10,0.7929,0.7908,0.3439182516145097,0.1567498623097146,0.18716838953762568,wrn28x10,0.7914,0.7896,0.3441073582296006,0.1570129333466122,0.1870944235812534,wrn28x10,0.7891,0.7882,0.34421346573667094,0.15613738099240104,0.18807608471252024,resnet32,0.724,0.7272,0.7369754013859413,0.49727488817139104,0.23970051348971372,resnet32,0.7319,0.725,0.7383802108127963,0.49949765554629266,0.2388825556686656,resnet32,0.7224,0.7248,0.7282554528845305,0.4912395187949931,0.23701593415303665,resnet32,0.7217,0.721,0.7587385863404382,0.5137448762966828,0.24499371029775252,31500000.0,0.0,126000000.0,16380000000.0,131040000000.0
wrn28x10x4-resnet32x4_cifar100_K8_dml_seed0004_d001,d001,"wrn28x10:4,resnet32:4",cifar100,8,dml,dml,peers,4,200,64,0.1,0.9,0.0005,True,0,60,0.1,1.0,1,,disagreement,1.0,1,0.0,0.5,weight,complete,0.0,0.0,42,0,45000,5000,10000,148027552,130,0.0010000000000000002,7,151.0,0.75575,0.036562788460400564,0.7152,0.7942,0.7938,0.03804999999999992,0.757525,0.7948,0.1879571428571429,0.6724936689252791,0.18987500000000002,0.6706622108782279,0.7192999999999999,0.7922,wrn28x10,0.791,0.7952,0.33811711869202554,0.1527163718234409,0.18540074661458758,wrn28x10,0.7932,0.7916,0.33792186636393046,0.15245673499620435,0.1854651313888925,wrn28x10,0.7942,0.7902,0.337237871336666,0.15222585304978897,0.18501201788471502,wrn28x10,0.7904,0.7912,0.33830573507161305,0.15297416499180888,0.18533156999513845,resnet32,0.718,0.7216,0.7234327056529847,0.48568266655572434,0.23775003865276548,resnet32,0.7254,0.724,0.7233396890911866,0.48686046845448966,0.23647922016045247,resnet32,0.7186,0.7264,0.7176239899444309,0.48189080984924326,0.2357331796718592,resnet32,0.7152,0.72,0.7451812950470909,0.5017822836949066,0.2433990112040192,31500000.0,0.0,126000000.0,16506000000.0,132048000000.0
wrn28x10x4-resnet32x4_cifar100_K8_dml_seed0004_d001,d001,"wrn28x10:4,resnet32:4",cifar100,8,dml,dml,peers,4,200,64,0.1,0.9,0.0005,True,0,60,0.1,1.0,1,,disagreement,1.0,1,0.0,0.5,weight,complete,0.0,0.0,42,0,45000,5000,10000,148027552,131,0.0010000000000000002,7,151.02,0.7577624999999999,0.03423776925779481,0.7188,0.7934,0.7959,0.03813750000000016,0.756,0.7892,0.18862857142857145,0.6710683545876208,0.18671071428571426,0.6729994500539035,0.723625,0.7919,wrn28x10,0.7928,0.7934,0.33551922671242873,0.15126472124194895,0.18425450514240022,wrn28x10,0.7934,0.7914,0.3350663630461151,0.1507371904709461,0.18432917244817046,wrn28x10,0.7926,0.7888,0.3344833893616768,0.15043330842375077,0.18405008075801146,wrn28x10,0.7888,0.7898,0.33563300425356085,0.15096763090696186,0.1846653730714355,resnet32,0.7226,0.725,0.7169518604959276,0.4794901227578521,0.23746173739941281,resnet32,0.7262,0.7232,0.723126246212897,0.48450085977939045,0.23862538740716197,resnet32,0.7269,0.7214,0.7132660234770314,0.4767836750569669,0.23648234899155796,resnet32,0.7188,0.715,0.7404924595982514,0.49700497645376757,0.2434874830704013,31500000.0,0.0,126000000.0,16632000000.0,133056000000.0
wrn28x10x4-resnet32x4_cifar100_K8_dml_seed0004_d001,d001,"wrn28x10:4,resnet32:4",cifar100,8,dml,dml,peers,4,200,64,0.1,0.9,0.0005,True,0,60,0.1,1.0,1,,disagreement,1.0,1,0.0,0.5,weight,complete,0.0,0.0,42,0,45000,5000,10000,148027552,132,0.0010000000000000002,7,151.22,0.7569250000000001,0.03471151646067916,0.7167,0.7935,0.7939,0.03697499999999998,0.755675,0.7928,0.1880285714285714,0.6730023867134437,0.18757857142857137,0.6742507269284479,0.7223499999999999,0.7915000000000001,wrn28x10,0.7894,0.7918,0.3325608470053835,0.1490801330232485,0.18348071406680075,wrn28x10,0.7935,0.7922,0.33186539175750857,0.148344967588359,0.18352042405273428,wrn28x10,0.793,0.7906,0.332422229016877,0.14945376180747355,0.1829684677173976,wrn28x10,0.7901,0.7918,0.33207079281353136,0.1481026061810553,0.18396818644197827,resnet32,0.722,0.7228,0.7136427897282622,0.4751960542899641,0.23844673537479882,resnet32,0.7279,0.718,0.715225072746927,0.47734469937329943,0.23788037337362766,resnet32,0.7228,0.7226,0.7102136149663817,0.47259754909795115,0.23761606561443346,resnet32,0.7167,0.7156,0.7340755600651557,0.49057716903784737,0.24349839047698135,31500000.0,0.0,126000000.0,16758000000.0,134064000000.0
wrn28x10x4-resnet32x4_cifar100_K8_dml_seed0004_d001,d001,"wrn28x10:4,resnet32:4",cifar100,8,dml,dml,peers,4,200,64,0.1,0.9,0.0005,True,0,60,0.1,1.0,1,,disagreement,1.0,1,0.0,0.5,weight,complete,0.0,0.0,42,0,45000,5000,10000,148027552,133,0.0010000000000000002,7,151.08,0.7571875,0.03660916679945064,0.7169,0.7972,0.7951,0.037912500000000016,0.7572500000000001,0.7934,0.18919285714285713,0.6706433801838687,0.19005000000000002,0.6703565786365406,0.7206999999999999,0.793675,wrn28x10,0.7908,0.793,0.3299740537239069,0.14830728037155827,0.18166677352168004,wrn28x10,0.7972,0.7904,0.3299481757408516,0.14813839722509412,0.18180977819826116,wrn28x10,0.7937,0.7902,0.3300758599176664,0.14780041569081898,0.1822754444702613,wrn28x10,0.793,0.7924,0.3301164879759943,0.14805509321476248,0.1820613951422274,resnet32,0.7183,0.7256,0.7067310396920551,0.4696447394618934,0.2370862993623384,resnet32,0.7261,0.7208,0.711975609883666,0.4743217421610924,0.23765386926772242,resnet32,0.7215,0.7264,0.7030278823592446,0.46731014022688294,0.2357177432330156,resnet32,0.7169,0.7192,0.7304242301986299,0.4867947176522152,0.2436295114245943,31500000.0,0.0,126000000.0,16884000000.0,135072000000.0
wrn28x10x4-resnet32x4_cifar100_K8_dml_seed0004_d001,d001,"wrn28x10:4,resnet32:4",cifar100,8,dml,dml,peers,4,200,64,0.1,0.9,0.0005,True,0,60,0.1,1.0,1,,disagreement,1.0,1,0.0,0.5,weight,complete,0.0,0.0,42,0,45000,5000,10000,148027552,134,0.0010000000000000002,7,151.19,0.7578,0.03588944831005347,0.7175,0.7954,0.7986,0.04079999999999995,0.755425,0.7962,0.19240714285714283,0.6675101522579506,0.1891642857142857,0.6689561402972546,0.7220500000000001,0.79355,wrn28x10,0.7921,0.7948,0.3257346366616813,0.14452622600153767,0.18120841081889177,wrn28x10,0.7944,0.7894,0.32555655523372645,0.14438761353746735,0.18116894208783793,wrn28x10,0.7954,0.7914,0.32565757977268234,0.143924956781451,0.18173262268431822,wrn28x10,0.7923,0.7938,0.3262843089813197,0.14444308959751984,0.18184121905572034,resnet32,0.7191,0.7278,0.7027580666948449,0.4645277123093944,0.23823035385628993,resnet32,0.7285,0.7132,0.6977301354266026,0.4621581685813991,0.23557196843268519,resnet32,0.7231,0.7176,0.6970481396737424,0.4606489021839066,0.2363992395853116,resnet32,0.7175,0.7154,0.7250728755766018,0.48181287660686806,0.24325999871573664,31500000.0,0.0,126000000.0,17010000000.0,136080000000.0
wrn28x10x4-resnet32x4_cifar100_K8_dml_seed0004_d001,d001,"wrn28x10:4,resnet32:4",cifar100,8,dml,dml,peers,4,200,64,0.1,0.9,0.0005,True,0,60,0.1,1.0,1,,disagreement,1.0,1,0.0,0.5,weight,complete,0.0,0.0,42,0,45000,5000,10000,148027552,135,0.0010000000000000002,7,150.52,0.756725,0.035616595499850905,0.7134,0.7954,0.7938,0.03707499999999997,0.7558750000000001,0.7944,0.19082142857142861,0.6700514058947761,0.18908571428571425,0.6713155964362694,0.7213,0.79215,wrn28x10,0.7906,0.7906,0.3236790694804354,0.143946787183681,0.17973228222267193,wrn28x10,0.7954,0.7894,0.32307679642161186,0.14358401153532957,0.17949278484394943,wrn28x10,0.792,0.79,0.32296721766364167,0.14366063052280384,0.17930658755358309,wrn28x10,0.7906,0.7898,0.3231965770352293,0.14342366987627678,0.17977290651337666,resnet32,0.7222,0.7234,0.6950301133011553,0.4586015657352453,0.23642854754474352,resnet32,0.7265,0.7192,0.6966873330318115,0.46012469844638626,0.23656263450075957,resnet32,0.7231,0.7284,0.6898377175358209,0.4547511966772039,0.2350865212396126,resnet32,0.7134,0.7162,0.7151725081388246,0.4736371144906364,0.24153539341535757,31500000.0,0.0,126000000.0,17136000000.0,137088000000.0
wrn28x10x4-resnet32x4_cifar100_K8_dml_seed0004_d001,d001,"wrn28x10:4,resnet32:4",cifar100,8,dml,dml,peers,4,200,64,0.1,0.9,0.0005,True,0,60,0.1,1.0,1,,disagreement,1.0,1,0.0,0.5,weight,complete,0.0,0.0,42,0,45000,5000,10000,148027552,136,0.0010000000000000002,7,151.57,0.7574375,0.03552829638119453,0.7181,0.7951,0.7946,0.03716249999999999,0.7550000000000001,0.7962,0.19202142857142857,0.6667933281653223,0.19060000000000002,0.6698009009300273,0.72205,0.792825,wrn28x10,0.7893,0.791,0.32170861633494496,0.1415245675227859,0.18018404888624157,wrn28x10,0.7936,0.793,0.32136209787462244,0.14163246358194473,0.1797296342715113,wrn28x10,0.7951,0.793,0.32157093849541113,0.14162429327949544,0.17994664478200403,wrn28x10,0.7933,0.7916,0.3219081412323497,0.14206477413377303,0.17984336773356932,resnet32,0.7181,0.7196,0.6924694549207661,0.4547779513946311,0.23769150354730134,resnet32,0.7284,0.7186,0.6946292595768516,0.4576013545632701,0.23702790509824725,resnet32,0.722,0.7176,0.687390152449635,0.45181221794337034,0.23557793562808496,resnet32,0.7197,0.7156,0.7159840670329604,0.4727372943254357,0.2432467721148648,31500000.0,0.0,126000000.0,17262000000.0,138096000000.0
wrn28x10x4-resnet32x4_cifar100_K8_dml_seed0004_d001,d001,"wrn28x10:4,resnet32:4",cifar100,8,dml,dml,peers,4,200,64,0.1,0.9,0.0005,True,0,60,0.1,1.0,1,,disagreement,1.0,1,0.0,0.5,weight,complete,0.0,0.0,42,0,45000,5000,10000,148027552,137,0.0010000000000000002,7,151.21,0.7561625000000001,0.03688380191561058,0.7118,0.7958,0.7974,0.04123749999999993,0.7559,0.7944,0.19046428571428575,0.6694334181584493,0.1922964285714286,0.665250471071619,0.7194750000000001,0.7928499999999999,wrn28x10,0.7896,0.7954,0.3183755134867335,0.14056319815360688,0.17781231535429304,wrn28x10,0.7942,0.7902,0.3186835384165699,0.14037178130820394,0.1783117567802864,wrn28x10,0.7958,0.7936,0.3182307535951788,0.13982232120311397,0.1784084326672283,wrn28x10,0.7918,0.7896,0.3188992468428544,0.1404123890890994,0.17848685755267402,resnet32,0.7189,0.7252,0.6862703209573572,0.449824302055111,0.23644601871174845,resnet32,0.7238,0.7148,0.6836107100190764,0.44840711033479735,0.23520360010760752,resnet32,0.7234,0.7216,0.6826563314534724,0.4476248925678771,0.23503143831410192,resnet32,0.7118,0.7168,0.7097605839795009,0.46693610766140575,0.24282447589476677,31500000.0,0.0,126000000.0,17388000000.0,139104000000.0
wrn28x10x4-resnet32x4_cifar100_K8_dml_seed0004_d001,d001,"wrn28x10:4,resnet32:4",cifar100,8,dml,dml,peers,4,200,64,0.1,0.9,0.0005,True,0,60,0.1,1.0,1,,disagreement,1.0,1,0.0,0.5,weight,complete,0.0,0.0,42,0,45000,5000,10000,148027552,138,0.0010000000000000002,7,151.28,0.758375,0.03669167991520692,0.7189,0.7976,0.7986,0.040224999999999955,0.7560749999999999,0.7964,0.19304285714285713,0.6655081570977778,0.19327142857142854,0.659650801374412,0.7217500000000001,0.7949999999999999,wrn28x10,0.7946,0.7948,0.3174413629299538,0.13941808365581726,0.17802327970804815,wrn28x10,0.7943,0.792,0.3171970246529037,0.13912486390803347,0.17807216055437244,wrn28x10,0.7976,0.788,0.3174807491542941,0.13946859444364568,0.17801215460481631,wrn28x10,0.7935,0.793,0.3170416148972105,0.13868554919661785,0.17835606610275467,resnet32,0.7189,0.7246,0.679134666708044,0.4431728236377239,0.23596184260465883,resnet32,0.7262,0.7162,0.6866968408734961,0.44923559902235866,0.23746124309995634,resnet32,0.7213,0.7242,0.6782709446905012,0.44317617000673304,0.23509477456735278,resnet32,0.7206,0.7158,0.7064638294448907,0.4640197424345057,0.24244408709505064,31500000.0,0.0,126000000.0,17514000000.0,140112000000.0
wrn28x10x4-resnet32x4_cifar100_K8_dml_seed0004_d001,d001,"wrn28x10:4,resnet32:4",cifar100,8,dml,dml,peers,4,200,64,0.1,0.9,0.0005,True,0,60,0.1,1.0,1,,disagreement,1.0,1,0.0,0.5,weight,complete,0.0,0.0,42,0,45000,5000,10000,148027552,139,0.0010000000000000002,7,150.89,0.7569125,0.03696624938710986,0.7147,0.7954,0.7963,0.03938750000000002,0.75525,0.796,0.19276428571428572,0.66567540449096,0.193,0.6646515452706846,0.720125,0.7937,wrn28x10,0.7907,0.7908,0.31647387195632537,0.13865721274421297,0.17781665963544088,wrn28x10,0.7954,0.791,0.31597123841162433,0.13820092077367008,0.17777031771203672,wrn28x10,0.7954,0.7884,0.3163429612759501,0.13823939043901523,0.17810357142959468,wrn28x10,0.7933,0.7878,0.31670560533265496,0.1389021223559129,0.17780348291324283,resnet32,0.7171,0.722,0.6785809952257709,0.44240124068561604,0.23617975411682643,resnet32,0.7272,0.7218,0.6859292125498707,0.4476668869610876,0.2382623250172897,resnet32,0.7215,0.7214,0.6755680518055504,0.43980423179031775,0.2357638201633976,resnet32,0.7147,0.7188,0.7017929617908191,0.4588622022631832,0.24293075859631327,31500000.0,0.0,126000000.0,17640000000.0,141120000000.0
wrn28x10x4-resnet32x4_cifar100_K8_dml_seed0004_d001,d001,"wrn28x10:4,resnet32:4",cifar100,8,dml,dml,peers,4,200,64,0.1,0.9,0.0005,True,0,60,0.1,1.0,1,,disagreement,1.0,1,0.0,0.5,weight,complete,0.0,0.0,42,0,45000,5000,10000,148027552,140,0.0010000000000000002,7,151.28,0.7571749999999999,0.037506524432423756,0.7153,0.7966,0.7962,0.03902500000000009,0.756975,0.7954,0.19341428571428573,0.6615051986062654,0.19374642857142862,0.6609926048703555,0.7197749999999999,0.794575,wrn28x10,0.7955,0.7956,0.3140017198906703,0.13657741612670096,0.1774243036052212,wrn28x10,0.7942,0.7946,0.31461974673650484,0.13713012617716397,0.17748962011484598,wrn28x10,0.7966,0.795,0.31387324178252707,0.13659554290246556,0.17727769860489803,wrn28x10,0.792,0.795,0.31488683087412606,0.13708591056902977,0.17780091980768536,resnet32,0.7179,0.7232,0.6753065149638463,0.4378593295008283,0.237447185611183,resnet32,0.725,0.7158,0.6775731555270877,0.44064064764163713,0.2369325083934448,resnet32,0.7209,0.7228,0.672953098165718,0.4367161216849292,0.23623697736977853,resnet32,0.7153,0.7138,0.7062101216394115,0.46085044826296245,0.2453596725932915,31500000.0,0.0,126000000.0,17766000000.0,142128000000.0
wrn28x10x4-resnet32x4_cifar100_K8_dml_seed0004_d001,d001,"wrn28x10:4,resnet32:4",cifar100,8,dml,dml,peers,4,200,64,0.1,0.9,0.0005,True,0,60,0.1,1.0,1,,disagreement,1.0,1,0.0,0.5,weight,complete,0.0,0.0,42,0,45000,5000,10000,148027552,141,0.0010000000000000002,7,151.32,0.755825,0.036914961397785606,0.7125,0.7942,0.798,0.042175000000000074,0.7561499999999999,0.797,0.19244285714285708,0.6633552950238178,0.19355357142857146,0.6669659307706609,0.719075,0.792575,wrn28x10,0.7909,0.7964,0.3107895637142726,0.13506625332361596,0.17572330992499535,wrn28x10,0.7942,0.7902,0.310757652327249,0.1345319268717007,0.1762257254661315,wrn28x10,0.7932,0.7942,0.31101702782325447,0.13442172350319612,0.17659530419305983,wrn28x10,0.792,0.7878,0.3118644319263033,0.13518695847596973,0.17667747356674887,resnet32,0.7169,0.7212,0.6708322966217317,0.43326866446824913,0.23756363173015416,resnet32,0.725,0.7192,0.6708752498115328,0.4349386880216612,0.23593656242486427,resnet32,0.7219,0.7216,0.6665115311995826,0.43069169388829986,0.2358198376287791,resnet32,0.7125,0.7186,0.6930471034297212,0.4507795014968989,0.24226760214448653,31500000.0,0.0,126000000.0,17892000000.0,143136000000.0
wrn28x10x4-resnet32x4_cifar100_K8_dml_seed0004_d001,d001,"wrn28x10:4,resnet32:4",cifar100,8,dml,dml,peers,4,200,64,0.1,0.9,0.0005,True,0,60,0.1,1.0,1,,disagreement,1.0,1,0.0,0.5,weight,complete,0.0,0.0,42,0,45000,5000,10000,148027552,142,0.0010000000000000002,7,151.01,0.7574750000000001,0.036672085773787125,0.7176,0.7959,0.797,0.03952499999999992,0.756375,0.7942,0.19310000000000002,0.6609352919795634,0.19046785714285716,0.6708251835157599,0.7209,0.79405,wrn28x10,0.7927,0.7934,0.30775475076569075,0.13236610454888167,0.1753886464178901,wrn28x10,0.7957,0.7918,0.30839280066588387,0.132859830617566,0.17553297032348134,wrn28x10,0.7959,0.7902,0.30828524668785656,0.1329023556212302,0.17538289111954244,wrn28x10,0.7919,0.7906,0.30853542558510194,0.1330008210233328,0.17553460479459979,resnet32,0.718,0.727,0.665992513129657,0.428826627956534,0.2371658862526105,resnet32,0.7257,0.7232,0.6659204970875924,0.4297258617906747,0.23619463514875283,resnet32,0.7223,0.7186,0.6583905131556094,0.4242240590128032,0.234166452428326,resnet32,0.7176,0.7162,0.6879322947087613,0.4450966138604351,0.24283568086949261,31500000.0,0.0,126000000.0,18018000000.0,144144000000.0
wrn28x10x4-resnet32x4_cifar100_K8_dml_seed0004_d001,d001,"wrn28x10:4,resnet32:4",cifar100,8,dml,dml,peers,4,200,64,0.1,0.9,0.0005,True,0,60,0.1,1.0,1,,disagreement,1.0,1,0.0,0.5,weight,complete,0.0,0.0,42,0,45000,5000,10000,148027552,143,0.0010000000000000002,7,151.52,0.7570875,0.037037900774071944,0.716,0.796,0.7979,0.04081250000000003,0.7575000000000001,0.7954,0.19144285714285716,0.6661393905324979,0.1915464285714286,0.6673195139612949,0.7201750000000001,0.794,wrn28x10,0.7917,0.7932,0.307095755293796,0.13246892011639747,0.1746268356218934,wrn28x10,0.7956,0.7936,0.3073845532807437,0.1328485128046437,0.1745360402961854,wrn28x10,0.796,0.7916,0.30711535561237147,0.13232575852254574,0.1747895966876637,wrn28x10,0.7927,0.7916,0.3081322502006184,0.1332348026017743,0.17489744747184555,resnet32,0.716,0.7224,0.6602297399023717,0.4241331554102627,0.23609658468260683,resnet32,0.7245,0.7212,0.6599139507267285,0.4249468699986623,0.23496708121489396,resnet32,0.7236,0.7248,0.6538496948355301,0.4201184800741347,0.2337312141264027,resnet32,0.7166,0.7216,0.6856673342091116,0.4433039355049418,0.24236339851367203,31500000.0,0.0,126000000.0,18144000000.0,145152000000.0
wrn28x10x4-resnet32x4_cifar100_K8_dml_seed0004_d001,d001,"wrn28x10:4,resnet32:4",cifar100,8,dml,dml,peers,4,200,64,0.1,0.9,0.0005,True,0,60,0.1,1.0,1,,disagreement,1.0,1,0.0,0.5,weight,complete,0.0,0.0,42,0,45000,5000,10000,148027552,144,0.0010000000000000002,7,151.12,0.7562625,0.038770347480387615,0.7112,0.7977,0.7987,0.04243750000000002,0.754375,0.7968,0.1944285714285714,0.6620069447022755,0.19512142857142858,0.6628284135553631,0.717625,0.7948999999999999,wrn28x10,0.7925,0.7912,0.3053290103350512,0.13133597883014855,0.17399303188589824,wrn28x10,0.7946,0.789,0.30497879725457594,0.13089691554407842,0.17408188203857702,wrn28x10,0.7977,0.7934,0.3051022040996362,0.1310226713010872,0.17407953316896138,wrn28x10,0.7948,0.7922,0.3053744396364147,0.13068836323112587,0.17468607611954212,resnet32,0.7172,0.7214,0.6589799668131904,0.42244992195628583,0.23653004498390312,resnet32,0.7224,0.7146,0.6577228034677153,0.42228864903815766,0.2354341533077373,resnet32,0.7197,0.7188,0.6533493807708676,0.41887335663407366,0.23447602350180122,resnet32,0.7112,0.7144,0.6793208507482301,0.43742968813008204,0.24189116219481963,31500000.0,0.0,126000000.0,18270000000.0,146160000000.0
wrn28x10x4-resnet32x4_cifar100_K8_dml_seed0004_d001,d001,"wrn28x10:4,resnet32:4",cifar100,8,dml,dml,peers,4,200,64,0.1,0.9,0.0005,True,0,60,0.1,1.0,1,,disagreement,1.0,1,0.0,0.5,weight,complete,0.0,0.0,42,0,45000,5000,10000,148027552,145,0.0010000000000000002,7,151.49,0.7563124999999999,0.036901471430689586,0.7156,0.7952,0.7967,0.04038750000000002,0.7569999999999999,0.7978,0.19275714285714282,0.6635817061572722,0.1921285714285714,0.6656046695161432,0.719475,0.79315,wrn28x10,0.7923,0.7964,0.307246560823511,0.13175169469534673,0.17549486630807884,wrn28x10,0.7952,0.7916,0.30694123945960944,0.13128572889730672,0.17565551079513336,wrn28x10,0.7943,0.7938,0.30720317181707785,0.13163919216656889,0.17556397973517465,wrn28x10,0.7908,0.7926,0.3076183711051602,0.13214821978048844,0.17547015099659224,resnet32,0.7156,0.7238,0.6597812322645702,0.4215612454890189,0.23821998620405793,resnet32,0.7223,0.717,0.6634042693979361,0.4251196322835643,0.23828463706145572,resnet32,0.7211,0.7196,0.6548494680107317,0.41913990468972107,0.2357095618605275,resnet32,0.7189,0.7212,0.685374547473409,0.4408839622470127,0.24449058537456123,31500000.0,0.0,126000000.0,18396000000.0,147168000000.0
wrn28x10x4-resnet32x4_cifar100_K8_dml_seed0004_d001,d001,"wrn28x10:4,resnet32:4",cifar100,8,dml,dml,peers,4,200,64,0.1,0.9,0.0005,True,0,60,0.1,1.0,1,,disagreement,1.0,1,0.0,0.5,weight,complete,0.0,0.0,42,0,45000,5000,10000,148027552,146,0.0010000000000000002,7,151.49,0.758425,0.037234787162007524,0.7179,0.797,0.799,0.04057500000000003,0.7585500000000001,0.7964,0.19211428571428574,0.6597548342920678,0.18956785714285718,0.6720231106232494,0.721325,0.795525,wrn28x10,0.7927,0.796,0.30365864079530264,0.12987266332757744,0.1737859778275544,wrn28x10,0.797,0.796,0.3035270175684921,0.12959822846195576,0.1739287888948721,wrn28x10,0.797,0.8002,0.30317718884907663,0.12894748553464358,0.1742297030816024,wrn28x10,0.7954,0.7948,0.30393360155126586,0.12958566144913097,0.17434794053604658,resnet32,0.7188,0.7242,0.653628373560919,0.41604094372384925,0.23758743026039816,resnet32,0.7283,0.7188,0.6555888508869843,0.41817017612894153,0.23741867607036096,resnet32,0.7203,0.7192,0.6465725632892414,0.41108995339494536,0.23548261034937407,resnet32,0.7179,0.7192,0.6769942810589616,0.43376816053536127,0.24322612046010114,31500000.0,0.0,126000000.0,18522000000.0,148176000000.0
wrn28x10x4-resnet32x4_cifar100_K8_dml_seed0004_d001,d001,"wrn28x10:4,resnet32:4",cifar100,8,dml,dml,peers,4,200,64,0.1,0.9,0.0005,True,0,60,0.1,1.0,1,,disagreement,1.0,1,0.0,0.5,weight,complete,0.0,0.0,42,0,45000,5000,10000,148027552,147,0.0010000000000000002,7,151.37,0.7554749999999999,0.0387547013277099,0.7145,0.7962,0.7979,0.04242500000000016,0.7562,0.7966,0.19587142857142856,0.6572080121654762,0.19600714285714285,0.660030658062505,0.7167749999999999,0.7941750000000001,wrn28x10,0.7926,0.7948,0.30178050320087507,0.12899370114742356,0.17278680237094787,wrn28x10,0.7957,0.7916,0.30127815690568904,0.12870397616643459,0.17257418102500113,wrn28x10,0.7962,0.7936,0.30102483449842443,0.1285186685748737,0.1725061663997952,wrn28x10,0.7922,0.7932,0.3020524354228242,0.12885521801019256,0.17319721717980097,resnet32,0.7158,0.7244,0.6461614362726157,0.41082208254374564,0.23533935407811607,resnet32,0.7206,0.7146,0.6533044080503962,0.41675564885901456,0.23654875917021523,resnet32,0.7162,0.7162,0.6431141969832507,0.4087773782243444,0.23433681893882088,resnet32,0.7145,0.7212,0.6719453607008539,0.430314565775916,0.24163079511543567,31500000.0,0.0,126000000.0,18648000000.0,149184000000.0
wrn28x10x4-resnet32x4_cifar100_K8_dml_seed0004_d001,d001,"wrn28x10:4,resnet32:4",cifar100,8,dml,dml,peers,4,200,64,0.1,0.9,0.0005,True,0,60,0.1,1.0,1,,disagreement,1.0,1,0.0,0.5,weight,complete,0.0,0.0,42,0,45000,5000,10000,148027552,148,0.0010000000000000002,7,151.28,0.7559125,0.03730470605366029,0.7138,0.7945,0.7961,0.04018750000000004,0.756025,0.7958,0.1939357142857143,0.6651345032138929,0.19603928571428572,0.6592126383056544,0.7187250000000001,0.7930999999999999,wrn28x10,0.7918,0.7988,0.2987821116747165,0.12659146340394561,0.17219064857768404,wrn28x10,0.7937,0.79,0.29811844519678166,0.12684124897615137,0.1712771957761354,wrn28x10,0.7945,0.7926,0.29820750329897483,0.12672703255983916,0.1714804710354656,wrn28x10,0.7924,0.7912,0.298599306917326,0.1269057552986355,0.1716935514070263,resnet32,0.7138,0.7232,0.6404498413797807,0.40583921393210237,0.23461062698201698,resnet32,0.7246,0.7198,0.6404971029524776,0.40641349903307855,0.2340836035595699,resnet32,0.72,0.7166,0.6358221301131628,0.40296882537024264,0.23285330438309096,resnet32,0.7165,0.716,0.6637818024663086,0.42344353381883015,0.24033826928247104,31500000.0,0.0,126000000.0,18774000000.0,150192000000.0
wrn28x10x4-resnet32x4_cifar100_K8_dml_seed0004_d001,d001,"wrn28x10:4,resnet32:4",cifar100,8,dml,dml,peers,4,200,64,0.1,0.9,0.0005,True,0,60,0.1,1.0,1,,disagreement,1.0,1,0.0,0.5,weight,complete,0.0,0.0,42,0,45000,5000,10000,148027552,149,0.0010000000000000002,7,150.97,0.75505,0.036989255196610824,0.7142,0.7938,0.7943,0.03925000000000001,0.756325,0.7948,0.19265000000000002,0.6654558814211997,0.19388928571428576,0.6661110052501504,0.7182,0.7918999999999999,wrn28x10,0.7927,0.7972,0.29909873084927147,0.12681409279519523,0.1722846384033222,wrn28x10,0.7938,0.793,0.2992523905651813,0.127194237196818,0.17205815298736774,wrn28x10,0.792,0.7948,0.29906752424060623,0.1271510454931889,0.1719164785357531,wrn28x10,0.7891,0.7906,0.2994379286484962,0.126752915231257,0.1726850134172392,resnet32,0.715,0.7258,0.6437454601241783,0.40691138930957427,0.23683407083577054,resnet32,0.7248,0.715,0.6443906301971186,0.40826461707580497,0.2361260143701326,resnet32,0.7188,0.7186,0.6370447647165168,0.40209984785707836,0.23494491605511444,resnet32,0.7142,0.7156,0.6669962779110805,0.4243300077082081,0.24266626973721114,31500000.0,0.0,126000000.0,18900000000.0,151200000000.0
wrn28x10x4-resnet32x4_cifar100_K8_dml_seed0004_d001,d001,"wrn28x10:4,resnet32:4",cifar100,8,dml,dml,peers,4,200,64,0.1,0.9,0.0005,True,0,60,0.1,1.0,1,,disagreement,1.0,1,0.0,0.5,weight,complete,0.0,0.0,42,0,45000,5000,10000,148027552,150,0.0010000000000000002,7,150.94,0.7551875000000001,0.038024381569592966,0.7144,0.796,0.7984,0.043212499999999876,0.754875,0.7958,0.19632142857142856,0.6592719467094657,0.19753214285714285,0.6556694009233179,0.71725,0.7931250000000001,wrn28x10,0.7912,0.7944,0.2964136393063448,0.12543001456651837,0.17098362517373805,wrn28x10,0.7954,0.7954,0.2978814808355475,0.12642668385524303,0.17145479702263733,wrn28x10,0.796,0.7892,0.2976709605533291,0.12603485845664347,0.17163610174743968,wrn28x10,0.7899,0.79,0.2974668774669143,0.12610334058461542,0.17136353714687919,resnet32,0.7158,0.7206,0.6408045066689904,0.4046414893713187,0.2361630177633329,resnet32,0.7211,0.713,0.6419882091524248,0.4068012748506259,0.23518693298948082,resnet32,0.7177,0.7184,0.6327636943368072,0.3991459060502662,0.23361778851937165,resnet32,0.7144,0.718,0.6608789127150719,0.41992661845870316,0.24095229421403597,31500000.0,0.0,126000000.0,19026000000.0,152208000000.0
wrn28x10x4-resnet32x4_cifar100_K8_dml_seed0004_d001,d001,"wrn28x10:4,resnet32:4",cifar100,8,dml,dml,peers,4,200,64,0.1,0.9,0.0005,True,0,60,0.1,1.0,1,,disagreement,1.0,1,0.0,0.5,weight,complete,0.0,0.0,42,0,45000,5000,10000,148027552,151,0.0010000000000000002,7,150.95,0.7578,0.03824052170146218,0.7146,0.7986,0.7964,0.03859999999999997,0.7555499999999999,0.7966,0.19637857142857137,0.6584481163204432,0.1964,0.6565458584680525,0.71975,0.79585,wrn28x10,0.7971,0.7984,0.29614563237621705,0.12474831827619876,0.17139731423760002,wrn28x10,0.7986,0.7922,0.2964586986609819,0.1247676871505312,0.171691011372869,wrn28x10,0.7958,0.792,0.29669933931224723,0.1250120640139688,0.17168727452570404,wrn28x10,0.7919,0.792,0.296537983908572,0.12464393882758239,0.1718940440438349,resnet32,0.7198,0.7238,0.6386093604378402,0.40163585522466083,0.2369735061021691,resnet32,0.7274,0.716,0.6377201113765213,0.4015016360843385,0.2362184744666923,resnet32,0.7146,0.7146,0.6289941929704086,0.39453264844434505,0.23446154486472634,resnet32,0.7172,0.7154,0.6580217679200525,0.4163195465860719,0.24170222010632808,31500000.0,0.0,126000000.0,19152000000.0,153216000000.0
wrn28x10x4-resnet32x4_cifar100_K8_dml_seed0004_d001,d001,"wrn28x10:4,resnet32:4",cifar100,8,dml,dml,peers,4,200,64,0.1,0.9,0.0005,True,0,60,0.1,1.0,1,,disagreement,1.0,1,0.0,0.5,weight,complete,0.0,0.0,42,0,45000,5000,10000,148027552,152,0.0010000000000000002,7,150.94,0.7561249999999999,0.03697187275483889,0.7156,0.7966,0.7967,0.04057500000000003,0.753325,0.7948,0.19515714285714286,0.6635144637187114,0.19422142857142857,0.659858703002403,0.7192750000000001,0.792975,wrn28x10,0.7918,0.7942,0.29675310776060954,0.12479378758210012,0.17195932059125466,wrn28x10,0.7927,0.7906,0.29675575060007925,0.1249360156414861,0.17181973517025736,wrn28x10,0.7966,0.7908,0.297034358732741,0.12525444289415397,0.1717799158280038,wrn28x10,0.7908,0.7876,0.297378319950605,0.12556138230403038,0.17181693740316073,resnet32,0.7156,0.7214,0.6399842593818903,0.40161476512862876,0.23836949512108482,resnet32,0.7253,0.7078,0.6390912887132303,0.4018860953775319,0.23720519344153052,resnet32,0.7179,0.7164,0.6325770522975787,0.3969217329074375,0.23565531921022656,resnet32,0.7183,0.7178,0.6602833555079997,0.4176407949363982,0.2426425610160963,31500000.0,0.0,126000000.0,19278000000.0,154224000000.0
wrn28x10x4-resnet32x4_cifar100_K8_dml_seed0004_d001,d001,"wrn28x10:4,resnet32:4",cifar100,8,dml,dml,peers,4,200,64,0.1,0.9,0.0005,True,0,60,0.1,1.0,1,,disagreement,1.0,1,0.0,0.5,weight,complete,0.0,0.0,42,0,45000,5000,10000,148027552,153,0.0010000000000000002,7,151.2,0.756875,0.040280136233632566,0.7136,0.8007,0.7967,0.039825,0.755725,0.7944,0.19498571428571426,0.6604770347008981,0.19636071428571425,0.6567605389221501,0.716725,0.7970250000000001,wrn28x10,0.7927,0.7964,0.29447934082285926,0.12358244736043905,0.17089689311317421,wrn28x10,0.7987,0.7968,0.29421126831915567,0.1231291833735833,0.17108208472332495,wrn28x10,0.8007,0.795,0.2943290854507888,0.12322780242274431,0.1711012834302065,wrn28x10,0.796,0.7922,0.29482107052833517,0.12313066286415877,0.17169040779117495,resnet32,0.7138,0.7214,0.6345550023357976,0.39732952606440947,0.23722547576339406,resnet32,0.7221,0.7106,0.636715606701645,0.3992109726056118,0.2375046338208697,resnet32,0.7174,0.7198,0.6275598025796089,0.3930221195332706,0.23453768232667987,resnet32,0.7136,0.7136,0.6554721219634468,0.41300744673406536,0.24246467482721942,31500000.0,0.0,126000000.0,19404000000.0,155232000000.0
wrn28x10x4-resnet32x4_cifar100_K8_dml_seed0004_d001,d001,"wrn28x10:4,resnet32:4",cifar100,8,dml,dml,peers,4,200,64,0.1,0.9,0.0005,True,0,60,0.1,1.0,1,,disagreement,1.0,1,0.0,0.5,weight,complete,0.0,0.0,42,0,45000,5000,10000,148027552,154,0.0010000000000000002,7,151.27,0.7557875000000001,0.03881624780617003,0.7113,0.7969,0.7967,0.04091249999999991,0.754325,0.7976,0.19774285714285714,0.6570036693633791,0.19553214285714285,0.6619530805093197,0.717075,0.7945,wrn28x10,0.793,0.7934,0.29282159239731054,0.12327445706945252,0.169547135126777,wrn28x10,0.7957,0.7958,0.29351388212208723,0.12378978227603842,0.16972409992013127,wrn28x10,0.7969,0.7936,0.29287063772790134,0.12321332941593771,0.16965730852362784,wrn28x10,0.7924,0.794,0.2933814399452372,0.12323682988062501,0.17014461028685962,resnet32,0.7171,0.7204,0.6267908672294156,0.3913437110075558,0.23544715721668166,resnet32,0.7205,0.7114,0.6291474545882507,0.3941649592650885,0.2349824956194921,resnet32,0.7194,0.7138,0.6225879611447453,0.3890246268446473,0.23356333406726745,resnet32,0.7113,0.7122,0.6485827678645198,0.40807266071946785,0.24051010598089884,31500000.0,0.0,126000000.0,19530000000.0,156240000000.0
wrn28x10x4-resnet32x4_cifar100_K8_dml_seed0004_d001,d001,"wrn28x10:4,resnet32:4",cifar100,8,dml,dml,peers,4,200,64,0.1,0.9,0.0005,True,0,60,0.1,1.0,1,,disagreement,1.0,1,0.0,0.5,weight,complete,0.0,0.0,42,0,45000,5000,10000,148027552,155,0.0010000000000000002,7,151.02,0.7559625000000001,0.039081291480067545,0.7143,0.7967,0.7989,0.04293749999999996,0.7545,0.798,0.19902142857142854,0.6546476879630665,0.19877499999999995,0.6553469600077706,0.716925,0.795,wrn28x10,0.7931,0.796,0.2935506549917839,0.12229329982603138,0.1712573547000912,wrn28x10,0.7953,0.7922,0.29349910660477524,0.12227291126989505,0.1712261951337992,wrn28x10,0.7967,0.7902,0.293368383501233,0.12265021733897315,0.17071816595059566,wrn28x10,0.7949,0.7918,0.293742495377294,0.122832752563144,0.17090974283531646,resnet32,0.7143,0.7196,0.6284381406043064,0.391266956565563,0.2371711835730821,resnet32,0.7201,0.7138,0.6319988013499163,0.39468590819954197,0.23731289446269246,resnet32,0.718,0.7198,0.6267800184644081,0.3896392877213657,0.23714073080654172,resnet32,0.7153,0.7126,0.6474312349137935,0.4053806575142186,0.2420505775900727,31500000.0,0.0,126000000.0,19656000000.0,157248000000.0
wrn28x10x4-resnet32x4_cifar100_K8_dml_seed0004_d001,d001,"wrn28x10:4,resnet32:4",cifar100,8,dml,dml,peers,4,200,64,0.1,0.9,0.0005,True,0,60,0.1,1.0,1,,disagreement,1.0,1,0.0,0.5,weight,complete,0.0,0.0,42,0,45000,5000,10000,148027552,156,0.0010000000000000002,7,151.38,0.7562875,0.039594142164592984,0.713,0.7979,0.7985,0.042212499999999986,0.7527250000000001,0.7952,0.19952142857142857,0.6574148013249334,0.19985357142857144,0.6543904053459693,0.71685,0.795725,wrn28x10,0.7926,0.7944,0.2938098375135186,0.12260632090990177,0.1712035170586949,wrn28x10,0.7966,0.7922,0.29370007424784655,0.12273546793519265,0.17096460588403384,wrn28x10,0.7979,0.7924,0.29384609836746345,0.12250349880725314,0.17134259974541652,wrn28x10,0.7958,0.7936,0.2941021313467486,0.12312763040377335,0.170974500678395,resnet32,0.7141,0.7216,0.6310614581981843,0.39183216563171963,0.2392292935189537,resnet32,0.7246,0.709,0.627568005414849,0.390551322711293,0.23701668181456625,resnet32,0.7157,0.7134,0.6218779233114963,0.38650848528116266,0.23536943902515553,resnet32,0.713,0.7052,0.6507623330266639,0.4070655965373259,0.24369673799215394,31500000.0,0.0,126000000.0,19782000000.0,158256000000.0
wrn28x10x4-resnet32x4_cifar100_K8_dml_seed0004_d001,d001,"wrn28x10:4,resnet32:4",cifar100,8,dml,dml,peers,4,200,64,0.1,0.9,0.0005,True,0,60,0.1,1.0,1,,disagreement,1.0,1,0.0,0.5,weight,complete,0.0,0.0,42,0,45000,5000,10000,148027552,157,0.0010000000000000002,7,151.15,0.756275,0.03907751111572997,0.713,0.7967,0.7986,0.042324999999999946,0.75635,0.7946,0.1948,0.6630676612405565,0.19705,0.6595058442922456,0.717275,0.795275,wrn28x10,0.7943,0.7984,0.2925324329937046,0.12209892815867947,0.17043350491969084,wrn28x10,0.7963,0.797,0.29269767975942657,0.12211530715946785,0.1705823726211251,wrn28x10,0.7967,0.794,0.29287655784917827,0.12234023203861645,0.17053632556714796,wrn28x10,0.7938,0.7954,0.2925129062072797,0.12158431512811645,0.17092859083574943,resnet32,0.7175,0.719,0.6244916235181418,0.38703752296384086,0.23745410030030392,resnet32,0.7221,0.7192,0.6288689084943723,0.3909400975839658,0.23792881061407653,resnet32,0.7165,0.7148,0.6201232019388541,0.384492344582792,0.23563085744072768,resnet32,0.713,0.713,0.6473121077499606,0.4040522538337179,0.24325985364107924,31500000.0,0.0,126000000.0,19908000000.0,159264000000.0
wrn28x10x4-resnet32x4_cifar100_K8_dml_seed0004_d001,d001,"wrn28x10:4,resnet32:4",cifar100,8,dml,dml,peers,4,200,64,0.1,0.9,0.0005,True,0,60,0.1,1.0,1,,disagreement,1.0,1,0.0,0.5,weight,complete,0.0,0.0,42,0,45000,5000,10000,148027552,158,0.0010000000000000002,7,151.44,0.7562125,0.03943093447726035,0.7143,0.7992,0.7996,0.04338750000000002,0.754675,0.7946,0.19816428571428574,0.657948780852445,0.1964321428571429,0.6596394286158892,0.716875,0.7955500000000001,wrn28x10,0.7924,0.7992,0.2901769656349312,0.12067220072177323,0.1695047654952346,wrn28x10,0.7992,0.7924,0.29007191280834377,0.12056370707630942,0.16950820575849238,wrn28x10,0.797,0.7928,0.28995297193019226,0.1207956639594737,0.1691573079019277,wrn28x10,0.7936,0.7954,0.28962447379969736,0.12043383846652102,0.1691906354813413,resnet32,0.7143,0.7132,0.6242630972357636,0.38665191719139164,0.23761117962104353,resnet32,0.7214,0.7116,0.6198198430832814,0.3842870505018668,0.2355327930259095,resnet32,0.7165,0.7174,0.6156469897197728,0.3804877670270137,0.23515922271392561,resnet32,0.7153,0.7154,0.6406255752186883,0.3993352689272301,0.2412903063972904,31500000.0,0.0,126000000.0,20034000000.0,160272000000.0
wrn28x10x4-resnet32x4_cifar100_K8_dml_seed0004_d001,d001,"wrn28x10:4,resnet32:4",cifar100,8,dml,dml,peers,4,200,64,0.1,0.9,0.0005,True,0,60,0.1,1.0,1,,disagreement,1.0,1,0.0,0.5,weight,complete,0.0,0.0,42,0,45000,5000,10000,148027552,159,0.0010000000000000002,7,151.17,0.7551875,0.04118845218929695,0.7094,0.799,0.7988,0.04361249999999994,0.75615,0.7958,0.1985357142857142,0.6534738423900693,0.19820357142857142,0.6587818462134866,0.71415,0.7962250000000001,wrn28x10,0.7944,0.798,0.2878937354015017,0.11909904826263135,0.16879468675787476,wrn28x10,0.796,0.7972,0.2866323546675796,0.11839959896381268,0.1682327556826005,wrn28x10,0.799,0.7942,0.28715198967521166,0.11829686271746388,0.16885512658733537,wrn28x10,0.7955,0.797,0.2877977315802127,0.11851904398380694,0.1692786877234043,resnet32,0.7113,0.7192,0.6160407862626016,0.37965161677195947,0.23638917006213556,resnet32,0.7217,0.7142,0.6179328630255028,0.3814983221871609,0.2364345416638323,resnet32,0.7142,0.7162,0.6115651722066104,0.3775797925296832,0.2339853797404265,resnet32,0.7094,0.7132,0.6377868124453182,0.39581562187099323,0.24197119017216293,31500000.0,0.0,126000000.0,20160000000.0,161280000000.0
wrn28x10x4-resnet32x4_cifar100_K8_dml_seed0004_d001,d001,"wrn28x10:4,resnet32:4",cifar100,8,dml,dml,peers,4,200,64,0.1,0.9,0.0005,True,0,60,0.1,1.0,1,,disagreement,1.0,1,0.0,0.5,weight,complete,0.0,0.0,42,0,45000,5000,10000,148027552,160,0.0010000000000000002,7,151.25,0.7567999999999999,0.03907774302592206,0.713,0.7978,0.7988,0.04200000000000004,0.75545,0.7942,0.19526428571428572,0.6650595496032267,0.19881428571428575,0.6510201859985811,0.7179,0.7957,wrn28x10,0.7921,0.797,0.2871639191765677,0.11949563921767879,0.16766828012822027,wrn28x10,0.7975,0.7966,0.28683404850942845,0.11930773173331875,0.16752631711477245,wrn28x10,0.7978,0.7932,0.287159750640223,0.11941227852366865,0.16774747233880175,wrn28x10,0.7954,0.7956,0.28730086321857845,0.11887346507600424,0.16842739811082455,resnet32,0.7172,0.7224,0.6129387365230783,0.37806988693773746,0.23486885011450134,resnet32,0.7257,0.7122,0.6144500202922658,0.37904157491654833,0.23540844562971455,resnet32,0.7157,0.7136,0.609398090957918,0.3754300787113607,0.23396801178089596,resnet32,0.713,0.713,0.6350341446443715,0.3941227196800438,0.24091142604381524,31500000.0,0.0,126000000.0,20286000000.0,162288000000.0
wrn28x10x4-resnet32x4_cifar100_K8_dml_seed0004_d001,d001,"wrn28x10:4,resnet32:4",cifar100,8,dml,dml,peers,4,200,64,0.1,0.9,0.0005,True,0,60,0.1,1.0,1,,disagreement,1.0,1,0.0,0.5,weight,complete,0.0,0.0,42,0,45000,5000,10000,148027552,161,0.0010000000000000002,7,148.86,0.7547999999999999,0.039662135595552594,0.7098,0.796,0.7976,0.04280000000000006,0.75505,0.7994,0.1998142857142857,0.6542183573605203,0.19953928571428567,0.6555507788877973,0.71525,0.7943499999999999,wrn28x10,0.7923,0.798,0.28931390726938844,0.11966587105681273,0.1696480369639837,wrn28x10,0.7944,0.7916,0.28864447251808917,0.11876267414878715,0.16988179824230346,wrn28x10,0.796,0.795,0.28920987038873136,0.11946865687654777,0.16974121316293764,wrn28x10,0.7947,0.7926,0.28857780273326417,0.1191408339760859,0.16943696905350822,resnet32,0.7177,0.7162,0.6190413515591486,0.38084147292697296,0.23819987746802243,resnet32,0.7202,0.7158,0.6219692360186442,0.383614900670099,0.23835433594120498,resnet32,0.7133,0.7158,0.6134952866810967,0.37721727119589393,0.23627801569686693,resnet32,0.7098,0.7154,0.6393587842414324,0.3955477696674114,0.24381101453168827,31500000.0,0.0,126000000.0,20412000000.0,163296000000.0
wrn28x10x4-resnet32x4_cifar100_K8_dml_seed0004_d001,d001,"wrn28x10:4,resnet32:4",cifar100,8,dml,dml,peers,4,200,64,0.1,0.9,0.0005,True,0,60,0.1,1.0,1,,disagreement,1.0,1,0.0,0.5,weight,complete,0.0,0.0,42,0,45000,5000,10000,148027552,162,0.0010000000000000002,7,143.93,0.7564124999999999,0.0406243903800414,0.7141,0.7986,0.8,0.04358750000000011,0.75505,0.797,0.20275,0.6456069612531837,0.2027035714285714,0.6466945726046657,0.7158249999999999,0.7969999999999999,wrn28x10,0.7943,0.796,0.2856907749506222,0.11766899894626642,0.16802177531644702,wrn28x10,0.7986,0.7954,0.2863241685766049,0.11808086705224757,0.16824330123861067,wrn28x10,0.7985,0.7972,0.2858649217946963,0.11796885070560331,0.1678960713007572,wrn28x10,0.7966,0.796,0.28639158710244705,0.11825119463769211,0.16814039321616292,resnet32,0.7161,0.7172,0.6102333568798547,0.37375797974792396,0.23647537852891468,resnet32,0.7185,0.7092,0.6104888849129732,0.3747739439237524,0.23571494075639005,resnet32,0.7141,0.7176,0.6091233243827116,0.3738664524968375,0.23525687184354122,resnet32,0.7146,0.7118,0.6342925973321226,0.3922029721169648,0.24208962436850098,31500000.0,0.0,126000000.0,20538000000.0,164304000000.0
wrn28x10x4-resnet32x4_cifar100_K8_dml_seed0004_d001,d001,"wrn28x10:4,resnet32:4",cifar100,8,dml,dml,peers,4,200,64,0.1,0.9,0.0005,True,0,60,0.1,1.0,1,,disagreement,1.0,1,0.0,0.5,weight,complete,0.0,0.0,42,0,45000,5000,10000,148027552,163,0.0010000000000000002,7,147.75,0.7562125,0.04123479833526534,0.7098,0.8007,0.8,0.04378750000000009,0.756575,0.796,0.19800714285714283,0.654570402921627,0.19966785714285712,0.6539186847183059,0.715125,0.7973000000000001,wrn28x10,0.7963,0.8018,0.2864176520696757,0.1175269233697856,0.16889072900680316,wrn28x10,0.7962,0.7984,0.28696803644892166,0.1183422603009438,0.16862577651839025,wrn28x10,0.8007,0.7966,0.28670136063275015,0.117694194693203,0.16900716605596244,wrn28x10,0.796,0.7946,0.28748678225515917,0.11856039825149557,0.16892638412007893,resnet32,0.7142,0.718,0.6152383804490621,0.37688233565793117,0.23835604582828554,resnet32,0.7223,0.7166,0.6103537027639422,0.37414318858645856,0.23621051421981643,resnet32,0.7142,0.7174,0.610113107048991,0.37336978441188956,0.2367433221926066,resnet32,0.7098,0.7092,0.6359058616852219,0.39201836846768856,0.24388749192638154,31500000.0,0.0,126000000.0,20664000000.0,165312000000.0
wrn28x10x4-resnet32x4_cifar100_K8_dml_seed0004_d001,d001,"wrn28x10:4,resnet32:4",cifar100,8,dml,dml,peers,4,200,64,0.1,0.9,0.0005,True,0,60,0.1,1.0,1,,disagreement,1.0,1,0.0,0.5,weight,complete,0.0,0.0,42,0,45000,5000,10000,148027552,164,0.0010000000000000002,7,145.52,0.7559125,0.039606168632550176,0.7129,0.798,0.7978,0.041887499999999966,0.75335,0.796,0.1991642857142857,0.6593712850037564,0.19965714285714284,0.6567171804366524,0.716375,0.79545,wrn28x10,0.7933,0.7944,0.2844188944648274,0.11683813821185719,0.16758075580847534,wrn28x10,0.798,0.7932,0.28432341988875787,0.1168894823640585,0.16743393740828402,wrn28x10,0.7953,0.7924,0.2846005209086632,0.11650793613146314,0.16809258513702927,wrn28x10,0.7952,0.7916,0.2848630727438087,0.11698524715823376,0.1678778259401125,resnet32,0.7152,0.7196,0.6105384557423267,0.37348290001550183,0.23705555564215916,resnet32,0.7207,0.7076,0.6078520302491431,0.37216989683325996,0.23568213305605407,resnet32,0.7167,0.717,0.5968184008432383,0.36389984730207786,0.23291855432431807,resnet32,0.7129,0.711,0.6254759766161442,0.3842385631816631,0.24123741349798034,31500000.0,0.0,126000000.0,20790000000.0,166320000000.0
wrn28x10x4-resnet32x4_cifar100_K8_dml_seed0004_d001,d001,"wrn28x10:4,resnet32:4",cifar100,8,dml,dml,peers,4,200,64,0.1,0.9,0.0005,True,0,60,0.1,1.0,1,,disagreement,1.0,1,0.0,0.5,weight,complete,0.0,0.0,42,0,45000,5000,10000,148027552,165,0.0010000000000000002,7,146.74,0.75435,0.041952920041398785,0.7096,0.7976,0.7968,0.04244999999999999,0.754375,0.7982,0.2021928571428572,0.6553219020379217,0.20182500000000006,0.6537190542838757,0.712475,0.7962250000000001,wrn28x10,0.7947,0.7982,0.28502335035326803,0.11693696558094499,0.16808638516390187,wrn28x10,0.7975,0.7962,0.28557124928655947,0.11689003810434687,0.16868121128275312,wrn28x10,0.7976,0.7922,0.2848613818430088,0.1168764169243249,0.16798496459060433,wrn28x10,0.7951,0.7962,0.2853477795777673,0.1167608159805902,0.1685869635760107,resnet32,0.7112,0.72,0.6081827665594491,0.3713824828367003,0.23680028194476935,resnet32,0.7182,0.7078,0.6093502221629024,0.37222369883040135,0.237126523332501,resnet32,0.7109,0.7156,0.6053862279196355,0.36936972971836274,0.23601649832827123,resnet32,0.7096,0.7088,0.6285173043777997,0.38609377751973545,0.24242352750364013,31500000.0,0.0,126000000.0,20916000000.0,167328000000.0
wrn28x10x4-resnet32x4_cifar100_K8_dml_seed0004_d001,d001,"wrn28x10:4,resnet32:4",cifar100,8,dml,dml,peers,4,200,64,0.1,0.9,0.0005,True,0,60,0.1,1.0,1,,disagreement,1.0,1,0.0,0.5,weight,complete,0.0,0.0,42,0,45000,5000,10000,148027552,166,0.0010000000000000002,7,146.14,0.757175,0.03894989569947524,0.7146,0.7971,0.799,0.041825,0.75435,0.799,0.19987857142857143,0.6546262068988157,0.19752499999999995,0.6539041878316416,0.7183250000000001,0.796025,wrn28x10,0.7969,0.798,0.2834351723802022,0.11606544721871614,0.16736972487573934,wrn28x10,0.7968,0.7968,0.2834231380627237,0.11620494568805126,0.1672181925651702,wrn28x10,0.7971,0.7946,0.28358413139358163,0.11657749714372172,0.16700663361486726,wrn28x10,0.7933,0.7932,0.2835404832678085,0.11647755194413052,0.1670629313342612,resnet32,0.7146,0.7164,0.6063096332363784,0.3695464036215774,0.236763229762966,resnet32,0.7238,0.7132,0.6029551644724879,0.3671603018036959,0.23579486314503645,resnet32,0.7193,0.7176,0.5970953055234118,0.362609125779603,0.23448617959564383,resnet32,0.7156,0.705,0.6270827966403555,0.3847398984838616,0.24234289855865593,31500000.0,0.0,126000000.0,21042000000.0,168336000000.0
wrn28x10x4-resnet32x4_cifar100_K8_dml_seed0004_d001,d001,"wrn28x10:4,resnet32:4",cifar100,8,dml,dml,peers,4,200,64,0.1,0.9,0.0005,True,0,60,0.1,1.0,1,,disagreement,1.0,1,0.0,0.5,weight,complete,0.0,0.0,42,0,45000,5000,10000,148027552,167,0.0010000000000000002,7,146.38,0.7548999999999999,0.04104582804622171,0.7101,0.7982,0.7976,0.04270000000000007,0.754025,0.7976,0.2040357142857143,0.6463498528860109,0.20193571428571427,0.6527940122177055,0.7139499999999999,0.79585,wrn28x10,0.7931,0.7954,0.28415939023464243,0.1164592142555524,0.1677001758520915,wrn28x10,0.7978,0.7974,0.2845368599095805,0.11633826462043957,0.16819859521505845,wrn28x10,0.7982,0.7914,0.28446882914497773,0.11632035604932091,0.16814847325440496,wrn28x10,0.7943,0.7942,0.2849696036216549,0.11673351944508878,0.16823608433531428,resnet32,0.7101,0.718,0.608571778898212,0.36938010958362033,0.23919166888068008,resnet32,0.7187,0.712,0.6069954397072169,0.36959609160707757,0.23739934807897292,resnet32,0.7152,0.7154,0.6004884611730549,0.36405931489372795,0.23642914731648157,resnet32,0.7118,0.7084,0.6262383176098493,0.38274019719524816,0.2434981208696792,31500000.0,0.0,126000000.0,21168000000.0,169344000000.0
wrn28x10x4-resnet32x4_cifar100_K8_dml_seed0004_d001,d001,"wrn28x10:4,resnet32:4",cifar100,8,dml,dml,peers,4,200,64,0.1,0.9,0.0005,True,0,60,0.1,1.0,1,,disagreement,1.0,1,0.0,0.5,weight,complete,0.0,0.0,42,0,45000,5000,10000,148027552,168,0.0010000000000000002,7,147.67,0.7565999999999999,0.04130962357611118,0.713,0.8003,0.8004,0.04380000000000006,0.7564500000000001,0.7984,0.20059285714285716,0.6515644119285815,0.19980000000000003,0.6524959340063424,0.715375,0.797825,wrn28x10,0.7959,0.8002,0.28244462264278397,0.11471400402528657,0.1677306189032441,wrn28x10,0.7973,0.7958,0.28316555151038547,0.11513463535811752,0.1680309162792665,wrn28x10,0.8003,0.7996,0.28269076089120726,0.11459486111363565,0.16809589985165407,wrn28x10,0.7978,0.7972,0.28360934873026883,0.1152164508027702,0.1683928972448815,resnet32,0.713,0.7218,0.606165413109755,0.3670912391760133,0.2390741738067432,resnet32,0.7212,0.715,0.6070799255235628,0.3687190911944278,0.2383608339058066,resnet32,0.7133,0.7116,0.598471222360703,0.3616209767377851,0.23685024517842315,resnet32,0.714,0.7104,0.6227353280410171,0.38018051420592447,0.24255481332709844,31500000.0,0.0,126000000.0,21294000000.0,170352000000.0
wrn28x10x4-resnet32x4_cifar100_K8_dml_seed0004_d001,d001,"wrn28x10:4,resnet32:4",cifar100,8,dml,dml,peers,4,200,64,0.1,0.9,0.0005,True,0,60,0.1,1.0,1,,disagreement,1.0,1,0.0,0.5,weight,complete,0.0,0.0,42,0,45000,5000,10000,148027552,169,0.0010000000000000002,7,145.65,0.7561,0.041647689011516595,0.7128,0.8005,0.7992,0.04310000000000003,0.756475,0.7972,0.20008571428571428,0.6542856977813759,0.2009821428571428,0.6500955023238524,0.7145250000000001,0.797675,wrn28x10,0.796,0.7992,0.2827233861369843,0.11517400889318775,0.16754937733904543,wrn28x10,0.7985,0.7968,0.28275536341508006,0.1153028076832098,0.16745255592236805,wrn28x10,0.8005,0.7986,0.2828970772679895,0.11532172571275044,0.16757535121657632,wrn28x10,0.7957,0.7946,0.2825005276509645,0.11514413234015758,0.16735639535313981,resnet32,0.7128,0.7178,0.6051950796761296,0.36677956231869757,0.23841551708226855,resnet32,0.7195,0.7118,0.6053019908087497,0.3668883223806254,0.23841366772963243,resnet32,0.7128,0.7172,0.5907197326252406,0.35653556644154544,0.2341841672420163,resnet32,0.713,0.7158,0.6280487466772849,0.38260340775278484,0.24544533788734538,31500000.0,0.0,126000000.0,21420000000.0,171360000000.0
wrn28x10x4-resnet32x4_cifar100_K8_dml_seed0004_d001,d001,"wrn28x10:4,resnet32:4",cifar100,8,dml,dml,peers,4,200,64,0.1,0.9,0.0005,True,0,60,0.1,1.0,1,,disagreement,1.0,1,0.0,0.5,weight,complete,0.0,0.0,42,0,45000,5000,10000,148027552,170,0.0010000000000000002,7,144.34,0.753775,0.04183804339354316,0.7071,0.798,0.7979,0.04412500000000008,0.75395,0.7958,0.20294285714285717,0.6508864776324169,0.2038821428571429,0.6494024969252417,0.7120249999999999,0.795525,wrn28x10,0.7941,0.801,0.2821578824342313,0.11384503787849098,0.16831284470390528,wrn28x10,0.7953,0.7936,0.2820623597257178,0.11385856529655443,0.16820379453499548,wrn28x10,0.798,0.7942,0.2824323965575207,0.11391579003644768,0.16851660643111577,wrn28x10,0.7947,0.7924,0.2822291869246824,0.11373013723641634,0.16849904946601865,resnet32,0.7071,0.7152,0.6015777270817622,0.3623491784092039,0.23922854901122098,resnet32,0.717,0.7112,0.6049913887188516,0.36486334645782004,0.24012804257852788,resnet32,0.7113,0.7144,0.5937165625562723,0.35638813985596324,0.23732842278497462,resnet32,0.7127,0.7096,0.6202794306234203,0.37661002921363845,0.24366940092295408,31500000.0,0.0,126000000.0,21546000000.0,172368000000.0
wrn28x10x4-resnet32x4_cifar100_K8_dml_seed0004_d001,d001,"wrn28x10:4,resnet32:4",cifar100,8,dml,dml,peers,4,200,64,0.1,0.9,0.0005,True,0,60,0.1,1.0,1,,disagreement,1.0,1,0.0,0.5,weight,complete,0.0,0.0,42,0,45000,5000,10000,148027552,171,0.0010000000000000002,7,144.23,0.7554875,0.04126179944876375,0.7116,0.7997,0.7993,0.04381250000000003,0.75485,0.7934,0.2007857142857143,0.6492625228455796,0.2001821428571429,0.6550117198264144,0.7143,0.7966749999999999,wrn28x10,0.7945,0.7994,0.28161338839510625,0.11480172579070892,0.1668116622921926,wrn28x10,0.7997,0.7926,0.2816617790905928,0.11440646976486525,0.16725530945272607,wrn28x10,0.799,0.7936,0.28140322656624694,0.11428561932089823,0.16711760783271695,wrn28x10,0.7935,0.7932,0.28179036677730357,0.11459672273750501,0.1671936438228427,resnet32,0.7116,0.7182,0.5999817724170332,0.36146198551763187,0.2385197882540524,resnet32,0.7176,0.7138,0.5999912112019956,0.3620812847406011,0.23790992688472298,resnet32,0.7148,0.7154,0.5909101611468941,0.3551607649053701,0.23574939617802473,resnet32,0.7132,0.7126,0.61744418122213,0.37473313391885976,0.24271104811817745,31500000.0,0.0,126000000.0,21672000000.0,173376000000.0
wrn28x10x4-resnet32x4_cifar100_K8_dml_seed0004_d001,d001,"wrn28x10:4,resnet32:4",cifar100,8,dml,dml,peers,4,200,64,0.1,0.9,0.0005,True,0,60,0.1,1.0,1,,disagreement,1.0,1,0.0,0.5,weight,complete,0.0,0.0,42,0,45000,5000,10000,148027552,172,0.0010000000000000002,7,147.89,0.7547125,0.04001579180461135,0.7132,0.7971,0.7989,0.044187500000000046,0.75265,0.796,0.20247142857142858,0.6531249996760563,0.2026571428571429,0.650720250978108,0.71475,0.794675,wrn28x10,0.7914,0.7926,0.2812065752434798,0.11334525774741037,0.16786131761248477,wrn28x10,0.7953,0.7938,0.2806550807065584,0.11239788728893142,0.16825719375628978,wrn28x10,0.7971,0.7904,0.2807351723948324,0.11269956973212009,0.16803560220763425,wrn28x10,0.7949,0.7924,0.2807102071925659,0.11258786747930571,0.16812233968680215,resnet32,0.7132,0.719,0.6026773988692598,0.362013445595618,0.24066395365463739,resnet32,0.7183,0.706,0.5968808839097619,0.3581832070326941,0.23869767681356857,resnet32,0.7139,0.7154,0.5931483060968193,0.3556633636101403,0.23748494320633737,resnet32,0.7136,0.7116,0.6177044137889012,0.3728670161005787,0.24483739663000134,31500000.0,0.0,126000000.0,21798000000.0,174384000000.0
wrn28x10x4-resnet32x4_cifar100_K8_dml_seed0004_d001,d001,"wrn28x10:4,resnet32:4",cifar100,8,dml,dml,peers,4,200,64,0.1,0.9,0.0005,True,0,60,0.1,1.0,1,,disagreement,1.0,1,0.0,0.5,weight,complete,0.0,0.0,42,0,45000,5000,10000,148027552,173,0.0010000000000000002,7,146.13,0.7548375,0.04255399327618972,0.7074,0.7985,0.7999,0.045062500000000005,0.7531749999999999,0.7958,0.20409285714285713,0.649956647178614,0.2037571428571428,0.6480731373262857,0.7123750000000001,0.7973,wrn28x10,0.7985,0.7982,0.2808578890240328,0.11285100660858337,0.16800688256890597,wrn28x10,0.7984,0.7952,0.28039652964269574,0.11278955157930878,0.16760697795755483,wrn28x10,0.7981,0.796,0.28140664170496166,0.11374138060703197,0.16766526084393263,wrn28x10,0.7942,0.7968,0.28101162280125375,0.11304548473245549,0.16796613800000737,resnet32,0.7074,0.7138,0.602440516252748,0.3614238434979184,0.24101667336865581,resnet32,0.7173,0.7044,0.6013688743114471,0.3611857773185792,0.2401830965060402,resnet32,0.712,0.7102,0.5953086649321697,0.3560989764519036,0.2392096887554296,resnet32,0.7128,0.7108,0.6175176402215253,0.3729243942917409,0.24459324703043836,31500000.0,0.0,126000000.0,21924000000.0,175392000000.0
wrn28x10x4-resnet32x4_cifar100_K8_dml_seed0004_d001,d001,"wrn28x10:4,resnet32:4",cifar100,8,dml,dml,peers,4,200,64,0.1,0.9,0.0005,True,0,60,0.1,1.0,1,,disagreement,1.0,1,0.0,0.5,weight,complete,0.0,0.0,42,0,45000,5000,10000,148027552,174,0.0010000000000000002,7,144.12,0.7549125,0.04177704027034468,0.7111,0.799,0.7992,0.044287500000000035,0.753675,0.7938,0.20325714285714283,0.6507177729424808,0.2045142857142858,0.6456732714337053,0.7131750000000001,0.7966500000000001,wrn28x10,0.7961,0.7964,0.2793516750362786,0.11260475282853638,0.16674692251465537,wrn28x10,0.799,0.7944,0.2798177817497741,0.11281853325834329,0.16699924793052065,wrn28x10,0.7962,0.7918,0.2805043732620437,0.11279848696325313,0.1677058869020336,wrn28x10,0.7953,0.7924,0.28030302868732676,0.11322883277369494,0.16707419631579382,resnet32,0.7134,0.7202,0.5971105231226168,0.35796883422881365,0.23914168969812719,resnet32,0.7166,0.7114,0.5981327052736147,0.3594318156299943,0.23870088982353496,resnet32,0.7111,0.713,0.59280791815201,0.3546550477516245,0.23815286916214973,resnet32,0.7116,0.7098,0.6161996260793372,0.3720306159335781,0.24416900904510508,31500000.0,0.0,126000000.0,22050000000.0,176400000000.0
wrn28x10x4-resnet32x4_cifar100_K8_dml_seed0004_d001,d001,"wrn28x10:4,resnet32:4",cifar100,8,dml,dml,peers,4,200,64,0.1,0.9,0.0005,True,0,60,0.1,1.0,1,,disagreement,1.0,1,0.0,0.5,weight,complete,0.0,0.0,42,0,45000,5000,10000,148027552,175,0.0010000000000000002,7,144.95,0.7548374999999999,0.042195939896511374,0.7097,0.7977,0.7981,0.04326250000000009,0.754225,0.7978,0.2008357142857143,0.6568272318546093,0.2044892857142857,0.6479907050106479,0.712675,0.7969999999999999,wrn28x10,0.7977,0.7958,0.2800106727518141,0.11304235486419532,0.16696831790349362,wrn28x10,0.7957,0.7922,0.2794941386038607,0.11246045108418912,0.16703368732917376,wrn28x10,0.7975,0.7944,0.2794824398800053,0.11284065311139618,0.16664178639819677,wrn28x10,0.7971,0.7932,0.280223450390622,0.11265711595346643,0.167566334257241,resnet32,0.7097,0.7204,0.5960841544649818,0.3572880159851841,0.2387961373579773,resnet32,0.7159,0.7102,0.5973611243323169,0.3591848459856754,0.23817627864297142,resnet32,0.7132,0.714,0.5919686378911138,0.3538635159758004,0.23810512191531333,resnet32,0.7119,0.7136,0.6151780074208297,0.3712589848913591,0.2439190229527991,31500000.0,0.0,126000000.0,22176000000.0,177408000000.0
wrn28x10x4-resnet32x4_cifar100_K8_dml_seed0004_d001,d001,"wrn28x10:4,resnet32:4",cifar100,8,dml,dml,peers,4,200,64,0.1,0.9,0.0005,True,0,60,0.1,1.0,1,,disagreement,1.0,1,0.0,0.5,weight,complete,0.0,0.0,42,0,45000,5000,10000,148027552,176,0.0010000000000000002,7,143.92,0.7561375,0.04069360937235723,0.7129,0.7985,0.8006,0.04446249999999996,0.7541249999999999,0.7942,0.20055714285714285,0.6578495896127089,0.2020464285714286,0.647386721786683,0.715525,0.79675,wrn28x10,0.7963,0.7984,0.2773736887611449,0.11104043901220641,0.16633324926211077,wrn28x10,0.7985,0.7936,0.2775211749302054,0.11086273850047622,0.16665843661493537,wrn28x10,0.7968,0.7944,0.2775349778927524,0.11108707146062939,0.16644790598233652,wrn28x10,0.7954,0.7924,0.2779306899544529,0.11128181701695378,0.16664887351957572,resnet32,0.7129,0.7186,0.5896946358155798,0.35180296327664773,0.23789167281409557,resnet32,0.7214,0.71,0.5895114920356057,0.3520728260151703,0.2374386666342616,resnet32,0.7146,0.7128,0.587174042255025,0.3503398950084705,0.23683414779688147,resnet32,0.7132,0.7128,0.6084396803158928,0.36581439014778216,0.24262529054910623,31500000.0,0.0,126000000.0,22302000000.0,178416000000.0
wrn28x10x4-resnet32x4_cifar100_K8_dml_seed0004_d001,d001,"wrn28x10:4,resnet32:4",cifar100,8,dml,dml,peers,4,200,64,0.1,0.9,0.0005,True,0,60,0.1,1.0,1,,disagreement,1.0,1,0.0,0.5,weight,complete,0.0,0.0,42,0,45000,5000,10000,148027552,177,0.0010000000000000002,7,143.94,0.75645,0.04242755590415267,0.7116,0.8002,0.7998,0.04335,0.754,0.798,0.2040071428571429,0.648463557903565,0.20411785714285716,0.6442229372892398,0.7141,0.7988,wrn28x10,0.7991,0.7988,0.2767626791134138,0.11128057851138609,0.1654821003109894,wrn28x10,0.8002,0.7958,0.27658922007222747,0.11104080525480887,0.16554841555824334,wrn28x10,0.8001,0.7952,0.27672232797538693,0.11113853575873443,0.16558379234365103,wrn28x10,0.7958,0.794,0.27679565582763066,0.111071521141143,0.16572413463357158,resnet32,0.7116,0.7128,0.5873123911548067,0.3497633049687879,0.23754908710675823,resnet32,0.7195,0.7068,0.5875651086680591,0.3511140282816169,0.2364510811484334,resnet32,0.713,0.7158,0.583989876407114,0.3473256664054299,0.23666421059434387,resnet32,0.7123,0.7128,0.6060657569376583,0.3637828015383672,0.2422829544468021,31500000.0,0.0,126000000.0,22428000000.0,179424000000.0
wrn28x10x4-resnet32x4_cifar100_K8_dml_seed0004_d001,d001,"wrn28x10:4,resnet32:4",cifar100,8,dml,dml,peers,4,200,64,0.1,0.9,0.0005,True,0,60,0.1,1.0,1,,disagreement,1.0,1,0.0,0.5,weight,complete,0.0,0.0,42,0,45000,5000,10000,148027552,178,0.0010000000000000002,7,144.13,0.7553,0.04115974975628499,0.711,0.7981,0.8002,0.04490000000000005,0.7546999999999999,0.7978,0.20308571428571429,0.6503046027812944,0.2032857142857143,0.6462999281446304,0.714175,0.796425,wrn28x10,0.7952,0.7974,0.2764435822821476,0.11010767555456948,0.1663359063889154,wrn28x10,0.7971,0.7946,0.27644901830618357,0.1100681844400242,0.166380833347582,wrn28x10,0.7981,0.7966,0.27631540511819447,0.10976572801485997,0.1665496773573316,wrn28x10,0.7953,0.7936,0.2767953425857492,0.11016886634752154,0.1666264752751555,resnet32,0.714,0.7162,0.5853071158159185,0.3474347490859641,0.2378723674707792,resnet32,0.7166,0.712,0.5883562142368067,0.3496812750077383,0.23867494023447347,resnet32,0.7151,0.7102,0.5867015519179404,0.3484480793757195,0.23825347355820917,resnet32,0.711,0.717,0.6076812604018911,0.3633362824859267,0.24434497670947827,31500000.0,0.0,126000000.0,22554000000.0,180432000000.0
wrn28x10x4-resnet32x4_cifar100_K8_dml_seed0004_d001,d001,"wrn28x10:4,resnet32:4",cifar100,8,dml,dml,peers,4,200,64,0.1,0.9,0.0005,True,0,60,0.1,1.0,1,,disagreement,1.0,1,0.0,0.5,weight,complete,0.0,0.0,42,0,45000,5000,10000,148027552,179,0.0010000000000000002,7,143.94,0.754875,0.04237297930285287,0.7042,0.7989,0.8,0.04512500000000008,0.7508250000000001,0.7952,0.20532857142857144,0.6499580998587302,0.20544642857142859,0.6462299263463762,0.712725,0.7970250000000001,wrn28x10,0.7967,0.7974,0.2782424927519804,0.11138050889977338,0.1668619841379537,wrn28x10,0.7978,0.7938,0.2779559426813979,0.11168506018690426,0.16627088221933015,wrn28x10,0.7989,0.794,0.27810645406134427,0.1114796480767175,0.16662680607458408,wrn28x10,0.7947,0.7934,0.27889110829511826,0.11205083110623738,0.16684027763337575,resnet32,0.7104,0.7124,0.5922512152147564,0.35266382776370103,0.23958738751455463,resnet32,0.7196,0.6998,0.5949881834147329,0.3542955818543719,0.24069260065020484,resnet32,0.7167,0.7058,0.5895221309567039,0.3502984515137293,0.23922367895614693,resnet32,0.7042,0.71,0.6111518563702703,0.36590795106762514,0.2452439054508101,31500000.0,0.0,126000000.0,22680000000.0,181440000000.0
wrn28x10x4-resnet32x4_cifar100_K8_dml_seed0004_d001,d001,"wrn28x10:4,resnet32:4",cifar100,8,dml,dml,peers,4,200,64,0.1,0.9,0.0005,True,0,60,0.1,1.0,1,,disagreement,1.0,1,0.0,0.5,weight,complete,0.0,0.0,42,0,45000,5000,10000,148027552,180,0.00010000000000000003,7,146.71,0.7593125000000001,0.03935665247134211,0.7167,0.8008,0.8001,0.04078749999999998,0.757275,0.798,0.19546428571428573,0.6603252955954867,0.19713214285714284,0.6553139341400251,0.720025,0.7986000000000001,wrn28x10,0.7966,0.7984,0.2560012704608115,0.10700967661316761,0.14899159394289282,wrn28x10,0.7996,0.797,0.25592580405910587,0.10733641461807895,0.14858938914469697,wrn28x10,0.8008,0.7972,0.2559726125433702,0.10724731732625514,0.14872529498428444,wrn28x10,0.7974,0.7956,0.2564257789741863,0.10716156661510468,0.1492642130999064,resnet32,0.7167,0.7194,0.5331266175913201,0.31840006803924387,0.21472655145705424,resnet32,0.7242,0.7114,0.5344538798301735,0.31937523903748527,0.21507864144884728,resnet32,0.7209,0.7194,0.529471337117932,0.3157534363086928,0.2137179008515721,resnet32,0.7183,0.7198,0.5519160376438363,0.3316084735984491,0.22030756318814715,31500000.0,0.0,126000000.0,22806000000.0,182448000000.0
wrn28x10x4-resnet32x4_cifar100_K8_dml_seed0004_d001,d001,"wrn28x10:4,resnet32:4",cifar100,8,dml,dml,peers,4,200,64,0.1,0.9,0.0005,True,0,60,0.1,1.0,1,,disagreement,1.0,1,0.0,0.5,weight,complete,0.0,0.0,42,0,45000,5000,10000,148027552,181,0.00010000000000000003,7,143.96,0.7597875000000001,0.03916903871363199,0.718,0.8014,0.8011,0.041312499999999974,0.7573749999999999,0.7966,0.19587857142857143,0.6576559836300323,0.19567499999999996,0.658094653219974,0.7206999999999999,0.798875,wrn28x10,0.797,0.797,0.24650211668234656,0.10479174929522825,0.14171036765699022,wrn28x10,0.7992,0.7968,0.24651077463799578,0.10469081447544423,0.1418199597074735,wrn28x10,0.8014,0.7976,0.2469054178800434,0.10423880714436316,0.14266661073038864,wrn28x10,0.7979,0.7964,0.24612664803862572,0.10415686287557367,0.14196978518951006,resnet32,0.718,0.7182,0.5098128778944638,0.3057282659521496,0.2040846113708209,resnet32,0.7258,0.712,0.5121134624139152,0.3083006533878771,0.20381280883554032,resnet32,0.7209,0.7194,0.5084163615564731,0.30530750954693014,0.20310885144863278,resnet32,0.7181,0.7216,0.5313909634820778,0.32157902351834555,0.209811939550987,31500000.0,0.0,126000000.0,22932000000.0,183456000000.0
wrn28x10x4-resnet32x4_cifar100_K8_dml_seed0004_d001,d001,"wrn28x10:4,resnet32:4",cifar100,8,dml,dml,peers,4,200,64,0.1,0.9,0.0005,True,0,60,0.1,1.0,1,,disagreement,1.0,1,0.0,0.5,weight,complete,0.0,0.0,42,0,45000,5000,10000,148027552,182,0.00010000000000000003,7,147.48,0.7597,0.041009450130427255,0.7161,0.8021,0.8005,0.04079999999999995,0.758125,0.797,0.1943285714285715,0.6641618924886435,0.19675714285714285,0.6564482624651448,0.71875,0.80065,wrn28x10,0.8016,0.7986,0.24364951140755278,0.10292314120504836,0.1407263700702143,wrn28x10,0.7984,0.7966,0.24339711081913926,0.10315701752287251,0.14024009332272477,wrn28x10,0.8021,0.7982,0.2437662421514026,0.10327291418269108,0.14049332807983525,wrn28x10,0.8005,0.7974,0.2440773680255833,0.1034094109041193,0.1406679566293447,resnet32,0.7181,0.7222,0.5039330237883736,0.3015164121858437,0.20241661160252988,resnet32,0.7234,0.715,0.5046848663636907,0.3032046321737157,0.20148023480380123,resnet32,0.7174,0.7176,0.5004570345309648,0.29991517097435216,0.20054186340844768,resnet32,0.7161,0.7194,0.5239360760897398,0.31656527987004,0.20737079689702528,31500000.0,0.0,126000000.0,23058000000.0,184464000000.0
wrn28x10x4-resnet32x4_cifar100_K8_dml_seed0004_d001,d001,"wrn28x10:4,resnet32:4",cifar100,8,dml,dml,peers,4,200,64,0.1,0.9,0.0005,True,0,60,0.1,1.0,1,,disagreement,1.0,1,0.0,0.5,weight,complete,0.0,0.0,42,0,45000,5000,10000,148027552,183,0.00010000000000000003,7,144.01,0.7593000000000001,0.03966494043862918,0.7146,0.8007,0.8008,0.04149999999999987,0.7589250000000001,0.7992,0.1958357142857143,0.659539582179636,0.1951428571428572,0.6574427637459895,0.7197499999999999,0.7988500000000001,wrn28x10,0.7995,0.7994,0.2427289038261568,0.10310946019705046,0.13961944393601947,wrn28x10,0.7982,0.7958,0.24224031504920937,0.10260243239727887,0.13963788253551518,wrn28x10,0.8007,0.7974,0.24277321206913752,0.10283188738288697,0.13994132535828446,wrn28x10,0.797,0.7952,0.2428629742088643,0.10248619463527575,0.1403767793354663,resnet32,0.7146,0.7212,0.5032824242318218,0.3018645911096511,0.20141783349258316,resnet32,0.7258,0.7142,0.5026213577525183,0.30177668998525903,0.20084466828583655,resnet32,0.7184,0.7246,0.4995858971114186,0.2992081616539508,0.20037773526696998,resnet32,0.7202,0.7236,0.5186220070516522,0.31332157770256425,0.205300428354266,31500000.0,0.0,126000000.0,23184000000.0,185472000000.0
wrn28x10x4-resnet32x4_cifar100_K8_dml_seed0004_d001,d001,"wrn28x10:4,resnet32:4",cifar100,8,dml,dml,peers,4,200,64,0.1,0.9,0.0005,True,0,60,0.1,1.0,1,,disagreement,1.0,1,0.0,0.5,weight,complete,0.0,0.0,42,0,45000,5000,10000,148027552,184,0.00010000000000000003,7,147.68,0.758425,0.041769359284049346,0.7123,0.8018,0.8009,0.04247499999999993,0.758775,0.799,0.1962142857142857,0.6584860588788117,0.19919642857142855,0.6537553012130628,0.71675,0.8001,wrn28x10,0.7995,0.7958,0.24120650518770245,0.10232997956071896,0.1388765259921043,wrn28x10,0.7989,0.8002,0.24096359924243932,0.10211247383532199,0.13885112519545312,wrn28x10,0.8018,0.7982,0.24097794434055686,0.10187037501335991,0.13910756919490683,wrn28x10,0.8002,0.7974,0.24127762629227203,0.10199905091113495,0.139278575100682,resnet32,0.7123,0.7184,0.4960385017435659,0.29711709086867893,0.19892141113946724,resnet32,0.7228,0.7126,0.5000929570841518,0.30043831522661174,0.1996546420797875,resnet32,0.7165,0.7276,0.49540532259693876,0.29661628809249535,0.19878903566859663,resnet32,0.7154,0.72,0.5181931023993953,0.3133815693118694,0.20481153256894852,31500000.0,0.0,126000000.0,23310000000.0,186480000000.0
wrn28x10x4-resnet32x4_cifar100_K8_dml_seed0004_d001,d001,"wrn28x10:4,resnet32:4",cifar100,8,dml,dml,peers,4,200,64,0.1,0.9,0.0005,True,0,60,0.1,1.0,1,,disagreement,1.0,1,0.0,0.5,weight,complete,0.0,0.0,42,0,45000,5000,10000,148027552,185,0.00010000000000000003,7,146.09,0.7593624999999999,0.039009548110046116,0.7172,0.7989,0.8,0.040637500000000104,0.7591,0.7974,0.1933,0.6623349352313694,0.19586785714285712,0.6561412015967208,0.720425,0.7983,wrn28x10,0.7981,0.8002,0.23851387469436636,0.1009379605688578,0.13757591367572208,wrn28x10,0.7983,0.7994,0.2382763660385866,0.10067115666937422,0.13760520941154522,wrn28x10,0.7989,0.7972,0.23834057349118998,0.10071320517454296,0.13762736843306234,wrn28x10,0.7979,0.7958,0.23841854292814704,0.10046920896804129,0.1379493342776021,resnet32,0.7172,0.7228,0.4954920621715825,0.2970575171268799,0.19843454484362155,resnet32,0.726,0.7142,0.49321702486750757,0.29593849628740415,0.1972785283790224,resnet32,0.7195,0.721,0.48824556514790113,0.2919218657453629,0.19632369914854114,resnet32,0.719,0.7222,0.5110008917664263,0.3083085694392635,0.20269232253882696,31500000.0,0.0,126000000.0,23436000000.0,187488000000.0
wrn28x10x4-resnet32x4_cifar100_K8_dml_seed0004_d001,d001,"wrn28x10:4,resnet32:4",cifar100,8,dml,dml,peers,4,200,64,0.1,0.9,0.0005,True,0,60,0.1,1.0,1,,disagreement,1.0,1,0.0,0.5,weight,complete,0.0,0.0,42,0,45000,5000,10000,148027552,186,0.00010000000000000003,7,145.2,0.759875,0.039583448245447246,0.7152,0.8017,0.8023,0.042425000000000046,0.7588250000000001,0.8004,0.19584285714285715,0.6569019870647822,0.19611785714285715,0.6560854407229131,0.7204999999999999,0.79925,wrn28x10,0.8002,0.7996,0.23752384396820245,0.09991963165918026,0.13760421226139774,wrn28x10,0.7988,0.7962,0.2377902028277855,0.09960421341450208,0.1381859891857444,wrn28x10,0.8017,0.7972,0.23762559274804185,0.09963558509480208,0.137990007864904,wrn28x10,0.7963,0.797,0.23814548094841567,0.10019792766648937,0.1379475532607599,resnet32,0.7152,0.7186,0.4919794208200818,0.29396373771173373,0.19801568426191807,resnet32,0.7293,0.716,0.49320396057076077,0.2957911786665632,0.1974127811951224,resnet32,0.7173,0.7252,0.487460503375835,0.29090050648135896,0.19655999620656736,resnet32,0.7202,0.7208,0.511626685842533,0.3091244592902843,0.2025022261924195,31500000.0,0.0,126000000.0,23562000000.0,188496000000.0
wrn28x10x4-resnet32x4_cifar100_K8_dml_seed0004_d001,d001,"wrn28x10:4,resnet32:4",cifar100,8,dml,dml,peers,4,200,64,0.1,0.9,0.0005,True,0,60,0.1,1.0,1,,disagreement,1.0,1,0.0,0.5,weight,complete,0.0,0.0,42,0,45000,5000,10000,148027552,187,0.00010000000000000003,7,143.86,0.759575,0.03995881473467401,0.7152,0.8008,0.801,0.041425000000000045,0.7586249999999999,0.7978,0.19580714285714285,0.6581040020895849,0.19598571428571424,0.6567826668510464,0.719725,0.799425,wrn28x10,0.7984,0.7988,0.23852233616211874,0.10102872515033762,0.13749361123932016,wrn28x10,0.8008,0.7994,0.23779072739522567,0.1004199176994999,0.1373708098280159,wrn28x10,0.8006,0.7988,0.23754950197921557,0.10014561732532457,0.13740388423585417,wrn28x10,0.7979,0.796,0.23817385790276935,0.10059607967162844,0.1375777785010128,resnet32,0.7152,0.7172,0.4929822309112007,0.2953803417145867,0.19760188917544755,resnet32,0.7261,0.714,0.49073265662247484,0.2937604496149685,0.19697220739908516,resnet32,0.7188,0.7236,0.48720763657580723,0.29119693766221066,0.196010698934763,resnet32,0.7188,0.7212,0.5105828147127547,0.30843115894293244,0.2021516558015719,31500000.0,0.0,126000000.0,23688000000.0,189504000000.0
wrn28x10x4-resnet32x4_cifar100_K8_dml_seed0004_d001,d001,"wrn28x10:4,resnet32:4",cifar100,8,dml,dml,peers,4,200,64,0.1,0.9,0.0005,True,0,60,0.1,1.0,1,,disagreement,1.0,1,0.0,0.5,weight,complete,0.0,0.0,42,0,45000,5000,10000,148027552,188,0.00010000000000000003,7,145.15,0.759225,0.03951536884555172,0.7165,0.7995,0.8,0.040775000000000006,0.7574749999999999,0.7982,0.19495714285714283,0.6597771947018461,0.19520714285714288,0.6610618627328133,0.71975,0.7987000000000001,wrn28x10,0.7985,0.7982,0.23766690924425016,0.10013537906872277,0.13753153027077628,wrn28x10,0.799,0.7958,0.23721679355102507,0.09969419700792059,0.13752259631556543,wrn28x10,0.7995,0.795,0.23761853992684998,0.1002679347875528,0.13735060536683621,wrn28x10,0.7978,0.7936,0.23701738551343707,0.099453883679499,0.13756350209851834,resnet32,0.7188,0.72,0.48956014224412764,0.2933219736018641,0.19623816887509415,resnet32,0.7232,0.7166,0.4908705181442201,0.2951285546772521,0.19574196287430823,resnet32,0.7205,0.72,0.4869295081377707,0.29116209386847913,0.19576741584618998,resnet32,0.7165,0.7206,0.5080786257220263,0.30650824630125,0.20157037928319452,31500000.0,0.0,126000000.0,23814000000.0,190512000000.0
wrn28x10x4-resnet32x4_cifar100_K8_dml_seed0004_d001,d001,"wrn28x10:4,resnet32:4",cifar100,8,dml,dml,peers,4,200,64,0.1,0.9,0.0005,True,0,60,0.1,1.0,1,,disagreement,1.0,1,0.0,0.5,weight,complete,0.0,0.0,42,0,45000,5000,10000,148027552,189,0.00010000000000000003,7,143.92,0.759625,0.03995919011942059,0.7164,0.8011,0.8006,0.040974999999999984,0.7584500000000001,0.7986,0.19515000000000002,0.6620333228482222,0.19572499999999998,0.6571645240132394,0.7197250000000001,0.799525,wrn28x10,0.7979,0.7982,0.23682898494668983,0.09967405505118553,0.13715493015479296,wrn28x10,0.8004,0.7994,0.23725531343370676,0.09915623459329997,0.13809907909440386,wrn28x10,0.8011,0.7946,0.23727110460061918,0.09969128810652447,0.13757981593847612,wrn28x10,0.7987,0.7972,0.23738204101523894,0.09957644694738767,0.13780559382443738,resnet32,0.7164,0.719,0.49026346270164306,0.29322113934904337,0.1970423238605938,resnet32,0.7241,0.7154,0.49064036581495946,0.2941790182058784,0.19646134703758766,resnet32,0.7197,0.7232,0.48470405423590407,0.29041929314420983,0.1942847612398592,resnet32,0.7187,0.7206,0.5084991248917173,0.3070126336533576,0.2014864926670932,31500000.0,0.0,126000000.0,23940000000.0,191520000000.0
wrn28x10x4-resnet32x4_cifar100_K8_dml_seed0004_d001,d001,"wrn28x10:4,resnet32:4",cifar100,8,dml,dml,peers,4,200,64,0.1,0.9,0.0005,True,0,60,0.1,1.0,1,,disagreement,1.0,1,0.0,0.5,weight,complete,0.0,0.0,42,0,45000,5000,10000,148027552,190,0.00010000000000000003,7,144.03,0.7602625000000001,0.041036597614202856,0.7173,0.8034,0.8021,0.04183749999999997,0.7588,0.802,0.1969714285714286,0.6563656148627557,0.1967071428571429,0.6545869136485102,0.7192749999999999,0.80125,wrn28x10,0.8011,0.801,0.23384708324870604,0.09767247581939129,0.13617460704831916,wrn28x10,0.8015,0.7974,0.23352070933800528,0.09749401994684542,0.1360266895287416,wrn28x10,0.8034,0.7982,0.23391298481940545,0.09774248400406743,0.136170500762422,wrn28x10,0.799,0.798,0.23363582942296157,0.09734986728290096,0.13628596219826827,resnet32,0.7186,0.7252,0.48350040324624965,0.2889834875240922,0.1945169154893268,resnet32,0.7233,0.713,0.48460760788822715,0.2904842332090167,0.19412337464746088,resnet32,0.7179,0.7204,0.4785766039805656,0.2855129233053462,0.19306368081280115,resnet32,0.7173,0.7172,0.5009864844297144,0.30183203385042195,0.1991544501982968,31500000.0,0.0,126000000.0,24066000000.0,192528000000.0
wrn28x10x4-resnet32x4_cifar100_K8_dml_seed0004_d001,d001,"wrn28x10:4,resnet32:4",cifar100,8,dml,dml,peers,4,200,64,0.1,0.9,0.0005,True,0,60,0.1,1.0,1,,disagreement,1.0,1,0.0,0.5,weight,complete,0.0,0.0,42,0,45000,5000,10000,148027552,191,0.00010000000000000003,7,143.87,0.759125,0.03915909057932781,0.7173,0.8005,0.8001,0.040974999999999984,0.7585500000000001,0.799,0.19497142857142855,0.6579077523281344,0.19455714285714282,0.6593741917923653,0.72005,0.7981999999999999,wrn28x10,0.7975,0.802,0.23654907852919263,0.09889079362090508,0.1376582851358266,wrn28x10,0.7996,0.7964,0.23615296434780414,0.09896293480944057,0.1371900292790749,wrn28x10,0.8005,0.7952,0.23651745316403155,0.09856761749092997,0.13794983553022824,wrn28x10,0.7952,0.795,0.23644939088262618,0.09865362951743671,0.13779576152393763,resnet32,0.7173,0.7232,0.48776603265750135,0.2912396841089834,0.19652634740553118,resnet32,0.7251,0.7124,0.49124337900006637,0.2943683197531341,0.19687505856960674,resnet32,0.7192,0.7218,0.4867275852329013,0.2908795819702474,0.19584800390822982,resnet32,0.7186,0.7224,0.5068284954283048,0.3052752979565412,0.20155319855125112,31500000.0,0.0,126000000.0,24192000000.0,193536000000.0
wrn28x10x4-resnet32x4_cifar100_K8_dml_seed0004_d001,d001,"wrn28x10:4,resnet32:4",cifar100,8,dml,dml,peers,4,200,64,0.1,0.9,0.0005,True,0,60,0.1,1.0,1,,disagreement,1.0,1,0.0,0.5,weight,complete,0.0,0.0,42,0,45000,5000,10000,148027552,192,0.00010000000000000003,7,147.94,0.75925,0.0403215823102219,0.7153,0.8007,0.8009,0.041649999999999965,0.75795,0.7984,0.19624285714285714,0.6572655860673716,0.1957035714285714,0.6595663099791945,0.719025,0.799475,wrn28x10,0.7995,0.7996,0.23390244726430287,0.097636237682309,0.13626620958728547,wrn28x10,0.7995,0.7982,0.23394316942854362,0.09723439007277855,0.1367087792922658,wrn28x10,0.8007,0.7972,0.23348824883049185,0.09727156471820887,0.13621668428690595,wrn28x10,0.7982,0.7974,0.23375208309682255,0.09759691892064769,0.13615516395392743,resnet32,0.7159,0.7208,0.4828682364049283,0.28750526572746987,0.19536297082562337,resnet32,0.7249,0.7114,0.4835663692263717,0.28863464412279427,0.19493172483899715,resnet32,0.7153,0.7194,0.480956575833261,0.2871147773482583,0.19384179844266988,resnet32,0.72,0.7196,0.5027921551161192,0.3024959747721864,0.20029618034393273,31500000.0,0.0,126000000.0,24318000000.0,194544000000.0
wrn28x10x4-resnet32x4_cifar100_K8_dml_seed0004_d001,d001,"wrn28x10:4,resnet32:4",cifar100,8,dml,dml,peers,4,200,64,0.1,0.9,0.0005,True,0,60,0.1,1.0,1,,disagreement,1.0,1,0.0,0.5,weight,complete,0.0,0.0,42,0,45000,5000,10000,148027552,193,0.00010000000000000003,7,147.91,0.7603249999999999,0.039726589017936076,0.7179,0.802,0.8018,0.04147500000000004,0.759725,0.7996,0.19440714285714286,0.6596966553902074,0.19486785714285712,0.6573524096586613,0.72065,0.7999999999999999,wrn28x10,0.8008,0.8002,0.2341940612320534,0.09720164865509352,0.13699241273570806,wrn28x10,0.7997,0.7996,0.23417528714476663,0.09716050154847009,0.1370147857444615,wrn28x10,0.802,0.7986,0.23401475505141373,0.09724520534721458,0.13676954993173818,wrn28x10,0.7975,0.7972,0.23407300170087678,0.09700733977793292,0.13706566217694094,resnet32,0.7179,0.7228,0.48441165524788876,0.2882314665370028,0.1961801880653101,resnet32,0.7243,0.7158,0.48432278844781895,0.28880343344909226,0.195519354861145,resnet32,0.7197,0.7218,0.4798493915110488,0.2857553697170012,0.19409402154005048,resnet32,0.7207,0.7218,0.5012349264950238,0.30047083649234,0.2007640898545188,31500000.0,0.0,126000000.0,24444000000.0,195552000000.0
wrn28x10x4-resnet32x4_cifar100_K8_dml_seed0004_d001,d001,"wrn28x10:4,resnet32:4",cifar100,8,dml,dml,peers,4,200,64,0.1,0.9,0.0005,True,0,60,0.1,1.0,1,,disagreement,1.0,1,0.0,0.5,weight,complete,0.0,0.0,42,0,45000,5000,10000,148027552,194,0.00010000000000000003,7,147.91,0.7597375,0.0404809195022791,0.7146,0.8006,0.8003,0.04056250000000006,0.7590250000000001,0.7986,0.19539285714285712,0.660645611931915,0.19584285714285715,0.658266485373306,0.71935,0.8001250000000001,wrn28x10,0.8006,0.8002,0.23448370735753665,0.0977044781955721,0.13677922889209268,wrn28x10,0.8,0.798,0.23474790833213113,0.09814280515473167,0.13660510293927722,wrn28x10,0.8006,0.7964,0.23453007600354878,0.09801359330198135,0.13651648321485316,wrn28x10,0.7993,0.7966,0.23464138767766682,0.09773785547903655,0.1369035323997113,resnet32,0.7146,0.7216,0.4834590619429946,0.28788746815090155,0.19557159309360114,resnet32,0.7253,0.7156,0.48750621880489314,0.29123910840346734,0.19626711070833897,resnet32,0.7193,0.7252,0.48345929346132005,0.2881050398044119,0.19535425386857241,resnet32,0.7182,0.7186,0.5009495519016954,0.30059116761284793,0.20035838478625836,31500000.0,0.0,126000000.0,24570000000.0,196560000000.0
wrn28x10x4-resnet32x4_cifar100_K8_dml_seed0004_d001,d001,"wrn28x10:4,resnet32:4",cifar100,8,dml,dml,peers,4,200,64,0.1,0.9,0.0005,True,0,60,0.1,1.0,1,,disagreement,1.0,1,0.0,0.5,weight,complete,0.0,0.0,42,0,45000,5000,10000,148027552,195,0.00010000000000000003,7,147.9,0.7585875,0.04041582108221977,0.7148,0.7998,0.8006,0.04201250000000001,0.758225,0.7974,0.19455000000000006,0.6623124622169991,0.19637500000000002,0.6593039350722664,0.7183,0.798875,wrn28x10,0.798,0.7996,0.23266866733320057,0.09616786136757582,0.1365008060185408,wrn28x10,0.7983,0.7952,0.23311554407700896,0.09696175241631201,0.13615379163953054,wrn28x10,0.7998,0.7944,0.2328926385591992,0.0969141403594139,0.13597849788228897,wrn28x10,0.7994,0.7944,0.23306381543674928,0.0964972866826098,0.1365665291457183,resnet32,0.7152,0.721,0.4820344705473293,0.2865122581027787,0.1955222120529718,resnet32,0.7259,0.7164,0.48308861573142087,0.288335912712765,0.19475270301865583,resnet32,0.7173,0.724,0.47576499730348587,0.28278784949163144,0.1929771474096924,resnet32,0.7148,0.7208,0.5006863942200487,0.3003083048176698,0.2003780885663053,31500000.0,0.0,126000000.0,24696000000.0,197568000000.0
wrn28x10x4-resnet32x4_cifar100_K8_dml_seed0004_d001,d001,"wrn28x10:4,resnet32:4",cifar100,8,dml,dml,peers,4,200,64,0.1,0.9,0.0005,True,0,60,0.1,1.0,1,,disagreement,1.0,1,0.0,0.5,weight,complete,0.0,0.0,42,0,45000,5000,10000,148027552,196,0.00010000000000000003,7,146.4,0.759675,0.04121749476860524,0.7156,0.8021,0.802,0.04232500000000006,0.7594500000000001,0.7998,0.1947357142857143,0.659915571541125,0.19685714285714284,0.6556212068323165,0.7185499999999999,0.8008,wrn28x10,0.8019,0.8002,0.233731495576318,0.09697732984469357,0.1367541660808704,wrn28x10,0.7992,0.7986,0.233577832643112,0.09710157164160839,0.13647626065225762,wrn28x10,0.8021,0.7992,0.2338418210221624,0.09746397065993567,0.1363778504733504,wrn28x10,0.8,0.797,0.2337153303140605,0.09738695428346876,0.13632837600413372,resnet32,0.7156,0.722,0.4837186752225865,0.28814987700686534,0.19556879813105546,resnet32,0.7248,0.7156,0.483889358795502,0.28884421625513246,0.1950451429954476,resnet32,0.716,0.7226,0.4780984278979965,0.2846499020657079,0.19344852442472157,resnet32,0.7178,0.7204,0.5026757820424709,0.30177381564863026,0.2009019672616639,31500000.0,0.0,126000000.0,24822000000.0,198576000000.0
wrn28x10x4-resnet32x4_cifar100_K8_dml_seed0004_d001,d001,"wrn28x10:4,resnet32:4",cifar100,8,dml,dml,peers,4,200,64,0.1,0.9,0.0005,True,0,60,0.1,1.0,1,,disagreement,1.0,1,0.0,0.5,weight,complete,0.0,0.0,42,0,45000,5000,10000,148027552,197,0.00010000000000000003,7,144.46,0.7587125,0.04019416740958816,0.7144,0.7997,0.8018,0.043087499999999945,0.75845,0.8024,0.19690000000000005,0.6571700229997116,0.1973857142857143,0.6549949874427651,0.7186000000000001,0.798825,wrn28x10,0.7997,0.801,0.23121060475453056,0.09596153093099763,0.1352490736912428,wrn28x10,0.7986,0.7966,0.23139200768094847,0.09594602413496679,0.1354459835512733,wrn28x10,0.7988,0.7994,0.23108993146822535,0.09584861343980512,0.13524131775325673,wrn28x10,0.7982,0.7972,0.2311734448779713,0.09542624668789688,0.13574719847052952,resnet32,0.7144,0.7232,0.4800898876803165,0.28536463547921315,0.19472525250801648,resnet32,0.7243,0.7138,0.4804266801061617,0.2862641972235658,0.19416248230051927,resnet32,0.7178,0.7168,0.47202501172961836,0.28012574414341623,0.191899267882532,resnet32,0.7179,0.7196,0.49600278078155086,0.297277953539213,0.19872482687192547,31500000.0,0.0,126000000.0,24948000000.0,199584000000.0
wrn28x10x4-resnet32x4_cifar100_K8_dml_seed0004_d001,d001,"wrn28x10:4,resnet32:4",cifar100,8,dml,dml,peers,4,200,64,0.1,0.9,0.0005,True,0,60,0.1,1.0,1,,disagreement,1.0,1,0.0,0.5,weight,complete,0.0,0.0,42,0,45000,5000,10000,148027552,198,0.00010000000000000003,7,144.22,0.7595875,0.03878712536074311,0.7165,0.8001,0.8015,0.04191250000000002,0.7585500000000001,0.8002,0.19652142857142854,0.6564866599785323,0.1945642857142857,0.6586019062374561,0.7209500000000001,0.798225,wrn28x10,0.7995,0.7984,0.2321008413776078,0.09655660836936229,0.13554423268545757,wrn28x10,0.7973,0.7982,0.2321232057557526,0.095985569070432,0.13613763673823664,wrn28x10,0.8001,0.797,0.23214294589971277,0.09666543717982924,0.13547750845001164,wrn28x10,0.796,0.794,0.23203185416588729,0.0960048922305842,0.13602696205701,resnet32,0.7165,0.7226,0.4801548771052198,0.2854249939661134,0.19472988357301801,resnet32,0.7282,0.7144,0.4800264799798077,0.2860959480643611,0.19393053216944364,resnet32,0.7179,0.7196,0.47721818047152326,0.2834804527122866,0.1937377276216549,resnet32,0.7212,0.7242,0.4994086896662008,0.2996067506134171,0.19980193952902814,31500000.0,0.0,126000000.0,25074000000.0,200592000000.0
wrn28x10x4-resnet32x4_cifar100_K8_dml_seed0004_d001,d001,"wrn28x10:4,resnet32:4",cifar100,8,dml,dml,peers,4,200,64,0.1,0.9,0.0005,True,0,60,0.1,1.0,1,,disagreement,1.0,1,0.0,0.5,weight,complete,0.0,0.0,42,0,45000,5000,10000,148027552,199,0.00010000000000000003,7,147.98,0.758575,0.03942460367587733,0.7165,0.7985,0.8017,0.04312499999999997,0.7587250000000001,0.7996,0.19742857142857145,0.6575696290628308,0.19680000000000003,0.6558323444732348,0.719275,0.797875,wrn28x10,0.7985,0.8008,0.23158011912495235,0.09639368589374829,0.13518643313595516,wrn28x10,0.7978,0.798,0.23156921440650793,0.09620168854334307,0.13536752595312215,wrn28x10,0.798,0.798,0.23139810909263112,0.09589926951395517,0.1354988394410942,wrn28x10,0.7972,0.7974,0.23148407822009176,0.09607168366412887,0.13541239437604832,resnet32,0.7168,0.7202,0.478652893607928,0.28473349910398776,0.19391939453568988,resnet32,0.7269,0.7146,0.47761234281245957,0.28449114433235745,0.19312119843776931,resnet32,0.7165,0.721,0.4743277770890431,0.28132347781634465,0.1930042992409488,resnet32,0.7169,0.7198,0.49409596787088295,0.2959376948102462,0.19815827302888714,31500000.0,0.0,126000000.0,25200000000.0,201600000000.0
