run_id,run_tag,cohort,dataset,K,arm,arm_label,target,seed,epochs,batch_size,base_lr,momentum,weight_decay,nesterov,graph_seed,lr_step,lr_gamma,kd_T,k_matchings,k_anneal,match_weight,kappa,rematch_every_epochs,recency_lambda,recency_gamma,peel_weighting,graph,label_noise_rate,actual_noise_rate,noise_seed,split_seed,n_train,n_valid,n_test,cohort_params,epoch,lr,k_current,epoch_seconds,avg_test_acc,std_test_acc,min_test_acc,max_test_acc,ensemble_test_acc,ens_minus_avg_test,avg_val_acc,ensemble_val_acc,disagreement_val,rho_val,disagreement_test,rho_test,avg_test_acc_resnet32,avg_test_acc_wrn28x10,model_00_arch,model_00_test_acc,model_00_val_acc,model_00_train_loss,model_00_ce_loss,model_00_kd_loss,model_01_arch,model_01_test_acc,model_01_val_acc,model_01_train_loss,model_01_ce_loss,model_01_kd_loss,model_02_arch,model_02_test_acc,model_02_val_acc,model_02_train_loss,model_02_ce_loss,model_02_kd_loss,model_03_arch,model_03_test_acc,model_03_val_acc,model_03_train_loss,model_03_ce_loss,model_03_kd_loss,model_04_arch,model_04_test_acc,model_04_val_acc,model_04_train_loss,model_04_ce_loss,model_04_kd_loss,model_05_arch,model_05_test_acc,model_05_val_acc,model_05_train_loss,model_05_ce_loss,model_05_kd_loss,model_06_arch,model_06_test_acc,model_06_val_acc,model_06_train_loss,model_06_ce_loss,model_06_kd_loss,model_07_arch,model_07_test_acc,model_07_val_acc,model_07_train_loss,model_07_ce_loss,model_07_kd_loss,comm_logit_floats_epoch,comm_matcher_ints_epoch,comm_bytes_epoch,comm_bytes_cum,comm_bytes_cum_cohort
wrn28x10x4-resnet32x4_cifar100_K8_indep_seed0003_d001,d001,"wrn28x10:4,resnet32:4",cifar100,8,indep,indep,peers,3,200,64,0.1,0.9,0.0005,True,0,60,0.1,1.0,1,,disagreement,1.0,1,0.0,0.5,weight,complete,0.0,0.0,42,0,45000,5000,10000,148027552,0,0.1,0,137.29,0.11698750000000001,0.030728709601120577,0.0684,0.1577,0.1571,0.04011249999999998,0.116925,0.156,0.7379642857142856,0.4192614748760194,0.7409107142857142,0.3841247133468283,0.091975,0.14200000000000002,wrn28x10,0.1543,0.1504,3.683969818732955,3.683969818732955,0.0,wrn28x10,0.1156,0.118,3.682839062403549,3.682839062403549,0.0,wrn28x10,0.1404,0.139,3.6845991621640595,3.6845991621640595,0.0,wrn28x10,0.1577,0.1504,3.667493609880859,3.667493609880859,0.0,resnet32,0.0684,0.0692,4.378067407418381,4.378067407418381,0.0,resnet32,0.089,0.0932,4.175994854081761,4.175994854081761,0.0,resnet32,0.1216,0.1216,3.95608831027692,3.95608831027692,0.0,resnet32,0.0889,0.0936,4.146286511285738,4.146286511285738,0.0,0.0,0.0,0.0,0.0,0.0
wrn28x10x4-resnet32x4_cifar100_K8_indep_seed0003_d001,d001,"wrn28x10:4,resnet32:4",cifar100,8,indep,indep,peers,3,200,64,0.1,0.9,0.0005,True,0,60,0.1,1.0,1,,disagreement,1.0,1,0.0,0.5,weight,complete,0.0,0.0,42,0,45000,5000,10000,148027552,1,0.1,0,133.5,0.200675,0.016091049530717383,0.1723,0.2277,0.2681,0.06742500000000001,0.20377499999999998,0.2708,0.7044571428571429,0.44423594756079204,0.7088321428571426,0.44591951210728414,0.192725,0.208625,wrn28x10,0.2078,0.2224,2.9004992856220766,2.9004992856220766,0.0,wrn28x10,0.2277,0.2306,2.9241113442588937,2.9241113442588937,0.0,wrn28x10,0.2056,0.2164,2.9083486632867293,2.9083486632867293,0.0,wrn28x10,0.1934,0.2038,2.8980778303336012,2.8980778303336012,0.0,resnet32,0.1723,0.1694,3.6536335955289276,3.6536335955289276,0.0,resnet32,0.1886,0.184,3.487730886109851,3.487730886109851,0.0,resnet32,0.2156,0.2112,3.2923526875674725,3.2923526875674725,0.0,resnet32,0.1944,0.1924,3.4930813055146825,3.4930813055146825,0.0,0.0,0.0,0.0,0.0,0.0
wrn28x10x4-resnet32x4_cifar100_K8_indep_seed0003_d001,d001,"wrn28x10:4,resnet32:4",cifar100,8,indep,indep,peers,3,200,64,0.1,0.9,0.0005,True,0,60,0.1,1.0,1,,disagreement,1.0,1,0.0,0.5,weight,complete,0.0,0.0,42,0,45000,5000,10000,148027552,2,0.1,0,132.49,0.20297500000000002,0.02160154797693906,0.1627,0.2374,0.2587,0.05572499999999997,0.20445000000000002,0.2522,0.7092285714285715,0.4070912357608095,0.7071892857142854,0.4142007944214231,0.21785000000000002,0.1881,wrn28x10,0.1791,0.1862,2.518514354459264,2.518514354459264,0.0,wrn28x10,0.1627,0.1736,2.5450448901815848,2.5450448901815848,0.0,wrn28x10,0.1979,0.1958,2.5114603884179485,2.5114603884179485,0.0,wrn28x10,0.2127,0.2182,2.517991991205649,2.517991991205649,0.0,resnet32,0.2114,0.2076,3.2074540121988817,3.2074540121988817,0.0,resnet32,0.2077,0.2074,3.061226484111764,3.061226484111764,0.0,resnet32,0.2374,0.24,2.882566974582997,2.882566974582997,0.0,resnet32,0.2149,0.2068,3.0378329212015327,3.0378329212015327,0.0,0.0,0.0,0.0,0.0,0.0
wrn28x10x4-resnet32x4_cifar100_K8_indep_seed0003_d001,d001,"wrn28x10:4,resnet32:4",cifar100,8,indep,indep,peers,3,200,64,0.1,0.9,0.0005,True,0,60,0.1,1.0,1,,disagreement,1.0,1,0.0,0.5,weight,complete,0.0,0.0,42,0,45000,5000,10000,148027552,3,0.1,0,134.85,0.2149375,0.03602738324871791,0.1732,0.2655,0.2654,0.05046250000000002,0.21495,0.26,0.6627642857142856,0.49951556906654015,0.6666678571428569,0.49604051720845327,0.21592499999999998,0.21395,wrn28x10,0.2471,0.241,2.3042345062236893,2.3042345062236893,0.0,wrn28x10,0.1732,0.183,2.324763178656047,2.324763178656047,0.0,wrn28x10,0.2563,0.2514,2.293591894209385,2.293591894209385,0.0,wrn28x10,0.1792,0.185,2.306867886503989,2.306867886503989,0.0,resnet32,0.1929,0.191,2.9273266585713085,2.9273266585713085,0.0,resnet32,0.2279,0.2208,2.769906020299955,2.769906020299955,0.0,resnet32,0.1774,0.1806,2.62282150933011,2.62282150933011,0.0,resnet32,0.2655,0.2668,2.7504157300361176,2.7504157300361176,0.0,0.0,0.0,0.0,0.0,0.0
wrn28x10x4-resnet32x4_cifar100_K8_indep_seed0003_d001,d001,"wrn28x10:4,resnet32:4",cifar100,8,indep,indep,peers,3,200,64,0.1,0.9,0.0005,True,0,60,0.1,1.0,1,,disagreement,1.0,1,0.0,0.5,weight,complete,0.0,0.0,42,0,45000,5000,10000,148027552,4,0.1,0,132.81,0.299525,0.019501265984545713,0.2776,0.3323,0.3782,0.078675,0.29845,0.3752,0.6462285714285713,0.46393031278716274,0.6448357142857144,0.4733271615359039,0.312675,0.286375,wrn28x10,0.2846,0.2876,2.1609112346036867,2.1609112346036867,0.0,wrn28x10,0.2962,0.3038,2.1874465072019533,2.1874465072019533,0.0,wrn28x10,0.2871,0.2842,2.1550582843748005,2.1550582843748005,0.0,wrn28x10,0.2776,0.2844,2.1622050548480316,2.1622050548480316,0.0,resnet32,0.2833,0.2802,2.730895456603982,2.730895456603982,0.0,resnet32,0.3079,0.3022,2.565646054392511,2.565646054392511,0.0,resnet32,0.3272,0.327,2.459888130087744,2.459888130087744,0.0,resnet32,0.3323,0.3182,2.5596075586297293,2.5596075586297293,0.0,0.0,0.0,0.0,0.0,0.0
wrn28x10x4-resnet32x4_cifar100_K8_indep_seed0003_d001,d001,"wrn28x10:4,resnet32:4",cifar100,8,indep,indep,peers,3,200,64,0.1,0.9,0.0005,True,0,60,0.1,1.0,1,,disagreement,1.0,1,0.0,0.5,weight,complete,0.0,0.0,42,0,45000,5000,10000,148027552,5,0.1,0,132.91,0.336425,0.021414291372819225,0.2966,0.3741,0.4142,0.07777500000000004,0.330175,0.4104,0.6200857142857144,0.4834820324152827,0.6207535714285715,0.49684769991100397,0.3373,0.33555,wrn28x10,0.3344,0.3348,2.0434122967787762,2.0434122967787762,0.0,wrn28x10,0.317,0.3232,2.0719616909257392,2.0719616909257392,0.0,wrn28x10,0.3428,0.337,2.034877784719521,2.034877784719521,0.0,wrn28x10,0.348,0.3418,2.050651267001575,2.050651267001575,0.0,resnet32,0.2966,0.2882,2.5823796218769117,2.5823796218769117,0.0,resnet32,0.346,0.3306,2.412560159340501,2.412560159340501,0.0,resnet32,0.3741,0.3666,2.329740235581994,2.329740235581994,0.0,resnet32,0.3325,0.3192,2.402982320636511,2.402982320636511,0.0,0.0,0.0,0.0,0.0,0.0
wrn28x10x4-resnet32x4_cifar100_K8_indep_seed0003_d001,d001,"wrn28x10:4,resnet32:4",cifar100,8,indep,indep,peers,3,200,64,0.1,0.9,0.0005,True,0,60,0.1,1.0,1,,disagreement,1.0,1,0.0,0.5,weight,complete,0.0,0.0,42,0,45000,5000,10000,148027552,6,0.1,0,135.33,0.3249125,0.023362867840870907,0.2887,0.3629,0.4093,0.0843875,0.325225,0.406,0.6126785714285712,0.48633205916976135,0.6184571428571429,0.4786226572749227,0.323025,0.3268,wrn28x10,0.3066,0.301,1.9525822671976956,1.9525822671976956,0.0,wrn28x10,0.349,0.3504,1.9790234423496507,1.9790234423496507,0.0,wrn28x10,0.2887,0.2954,1.9525604063475674,1.9525604063475674,0.0,wrn28x10,0.3629,0.3554,1.9650881678204646,1.9650881678204646,0.0,resnet32,0.3145,0.3184,2.470835892822255,2.470835892822255,0.0,resnet32,0.3067,0.3078,2.291683836586096,2.291683836586096,0.0,resnet32,0.3313,0.332,2.2267827694727615,2.2267827694727615,0.0,resnet32,0.3396,0.3414,2.2909261018715124,2.2909261018715124,0.0,0.0,0.0,0.0,0.0,0.0
wrn28x10x4-resnet32x4_cifar100_K8_indep_seed0003_d001,d001,"wrn28x10:4,resnet32:4",cifar100,8,indep,indep,peers,3,200,64,0.1,0.9,0.0005,True,0,60,0.1,1.0,1,,disagreement,1.0,1,0.0,0.5,weight,complete,0.0,0.0,42,0,45000,5000,10000,148027552,7,0.1,0,135.21,0.35214999999999996,0.02053862215437054,0.3198,0.3826,0.4304,0.07825000000000004,0.35085,0.4252,0.5812714285714286,0.5076794423738097,0.5811428571428571,0.5147762609725072,0.344275,0.36002500000000004,wrn28x10,0.3673,0.3678,1.8887664032253353,1.8887664032253353,0.0,wrn28x10,0.3704,0.3748,1.9047555178403854,1.9047555178403854,0.0,wrn28x10,0.3826,0.389,1.8824169407175346,1.8824169407175346,0.0,wrn28x10,0.3198,0.3112,1.8916251258077947,1.8916251258077947,0.0,resnet32,0.3528,0.352,2.3699733535335823,2.3699733535335823,0.0,resnet32,0.3508,0.3454,2.2131564681502907,2.2131564681502907,0.0,resnet32,0.3502,0.3454,2.1602941609241744,2.1602941609241744,0.0,resnet32,0.3233,0.3212,2.21664142168381,2.21664142168381,0.0,0.0,0.0,0.0,0.0,0.0
wrn28x10x4-resnet32x4_cifar100_K8_indep_seed0003_d001,d001,"wrn28x10:4,resnet32:4",cifar100,8,indep,indep,peers,3,200,64,0.1,0.9,0.0005,True,0,60,0.1,1.0,1,,disagreement,1.0,1,0.0,0.5,weight,complete,0.0,0.0,42,0,45000,5000,10000,148027552,8,0.1,0,135.04,0.407575,0.020053475384581094,0.3759,0.4301,0.4955,0.08792499999999998,0.39737500000000003,0.4796,0.5579642857142857,0.5055745893756894,0.5525928571428571,0.5142173930956803,0.404125,0.411025,wrn28x10,0.4301,0.4188,1.8193953189660201,1.8193953189660201,0.0,wrn28x10,0.4279,0.4292,1.8328291397880425,1.8328291397880425,0.0,wrn28x10,0.4065,0.4,1.8144345369867303,1.8144345369867303,0.0,wrn28x10,0.3796,0.363,1.8171015585010701,1.8171015585010701,0.0,resnet32,0.3759,0.3618,2.2859845266423444,2.2859845266423444,0.0,resnet32,0.4102,0.3974,2.1400944641367956,2.1400944641367956,0.0,resnet32,0.4013,0.3874,2.106030207296664,2.106030207296664,0.0,resnet32,0.4291,0.4214,2.1502761536023836,2.1502761536023836,0.0,0.0,0.0,0.0,0.0,0.0
wrn28x10x4-resnet32x4_cifar100_K8_indep_seed0003_d001,d001,"wrn28x10:4,resnet32:4",cifar100,8,indep,indep,peers,3,200,64,0.1,0.9,0.0005,True,0,60,0.1,1.0,1,,disagreement,1.0,1,0.0,0.5,weight,complete,0.0,0.0,42,0,45000,5000,10000,148027552,9,0.1,0,132.43,0.3491625,0.022444762055989817,0.2954,0.3706,0.4333,0.08413750000000003,0.34665,0.4302,0.6085928571428572,0.4796197248538609,0.6118142857142859,0.48180889094465573,0.36045000000000005,0.337875,wrn28x10,0.3463,0.3522,1.7656983096491208,1.7656983096491208,0.0,wrn28x10,0.2954,0.2926,1.7848152181302959,1.7848152181302959,0.0,wrn28x10,0.3706,0.3766,1.7621485386043787,1.7621485386043787,0.0,wrn28x10,0.3392,0.3348,1.7685631144453178,1.7685631144453178,0.0,resnet32,0.3608,0.3488,2.222156313671307,2.222156313671307,0.0,resnet32,0.3629,0.3594,2.090043102983724,2.090043102983724,0.0,resnet32,0.3642,0.3592,2.0581010955978525,2.0581010955978525,0.0,resnet32,0.3539,0.3496,2.0931785077872602,2.0931785077872602,0.0,0.0,0.0,0.0,0.0,0.0
wrn28x10x4-resnet32x4_cifar100_K8_indep_seed0003_d001,d001,"wrn28x10:4,resnet32:4",cifar100,8,indep,indep,peers,3,200,64,0.1,0.9,0.0005,True,0,60,0.1,1.0,1,,disagreement,1.0,1,0.0,0.5,weight,complete,0.0,0.0,42,0,45000,5000,10000,148027552,10,0.1,0,132.44,0.3440625,0.057729583782927106,0.2438,0.4077,0.4453,0.10123749999999998,0.334075,0.4314,0.6411857142857142,0.4335946911041745,0.6326392857142855,0.4443858571383322,0.35707500000000003,0.33105,wrn28x10,0.2438,0.239,1.742185541851954,1.742185541851954,0.0,wrn28x10,0.3925,0.3818,1.758057528090748,1.758057528090748,0.0,wrn28x10,0.2802,0.272,1.7393588164651936,1.7393588164651936,0.0,wrn28x10,0.4077,0.397,1.7443704442544417,1.7443704442544417,0.0,resnet32,0.38,0.3726,2.173510122028264,2.173510122028264,0.0,resnet32,0.3837,0.3696,2.061101568524133,2.061101568524133,0.0,resnet32,0.2936,0.2798,2.033973856236447,2.033973856236447,0.0,resnet32,0.371,0.3608,2.06986379979009,2.06986379979009,0.0,0.0,0.0,0.0,0.0,0.0
wrn28x10x4-resnet32x4_cifar100_K8_indep_seed0003_d001,d001,"wrn28x10:4,resnet32:4",cifar100,8,indep,indep,peers,3,200,64,0.1,0.9,0.0005,True,0,60,0.1,1.0,1,,disagreement,1.0,1,0.0,0.5,weight,complete,0.0,0.0,42,0,45000,5000,10000,148027552,11,0.1,0,132.37,0.4018625,0.022067223290436873,0.3675,0.4357,0.49,0.08813749999999998,0.4004,0.4842,0.5659357142857143,0.5094794778714639,0.57025,0.5046465139983419,0.408125,0.3956,wrn28x10,0.4172,0.4196,1.7062896694988012,1.7062896694988012,0.0,wrn28x10,0.3808,0.3796,1.7109243554825133,1.7109243554825133,0.0,wrn28x10,0.3675,0.367,1.6986035713079302,1.6986035713079302,0.0,wrn28x10,0.4169,0.425,1.7001483514904976,1.7001483514904976,0.0,resnet32,0.3783,0.3758,2.118093207309192,2.118093207309192,0.0,resnet32,0.4357,0.4306,2.0213615601374344,2.0213615601374344,0.0,resnet32,0.4087,0.4028,2.0027633141726255,2.0027633141726255,0.0,resnet32,0.4098,0.4028,2.0327227891168813,2.0327227891168813,0.0,0.0,0.0,0.0,0.0,0.0
wrn28x10x4-resnet32x4_cifar100_K8_indep_seed0003_d001,d001,"wrn28x10:4,resnet32:4",cifar100,8,indep,indep,peers,3,200,64,0.1,0.9,0.0005,True,0,60,0.1,1.0,1,,disagreement,1.0,1,0.0,0.5,weight,complete,0.0,0.0,42,0,45000,5000,10000,148027552,12,0.1,0,132.47,0.30905,0.05519032976890065,0.2093,0.3906,0.3783,0.06925000000000003,0.30695000000000006,0.3728,0.6118714285714287,0.4720982863184545,0.6113749999999999,0.47909104682885323,0.32395,0.29415,wrn28x10,0.2827,0.2924,1.6739995325492187,1.6739995325492187,0.0,wrn28x10,0.2714,0.27,1.6838351225649768,1.6838351225649768,0.0,wrn28x10,0.3466,0.3484,1.6710395724089309,1.6710395724089309,0.0,wrn28x10,0.2759,0.2684,1.6709097390147774,1.6709097390147774,0.0,resnet32,0.3402,0.336,2.0949185514314608,2.0949185514314608,0.0,resnet32,0.2093,0.2032,2.00118621726605,2.00118621726605,0.0,resnet32,0.3557,0.3578,1.983822551132603,1.983822551132603,0.0,resnet32,0.3906,0.3794,2.009599498388442,2.009599498388442,0.0,0.0,0.0,0.0,0.0,0.0
wrn28x10x4-resnet32x4_cifar100_K8_indep_seed0003_d001,d001,"wrn28x10:4,resnet32:4",cifar100,8,indep,indep,peers,3,200,64,0.1,0.9,0.0005,True,0,60,0.1,1.0,1,,disagreement,1.0,1,0.0,0.5,weight,complete,0.0,0.0,42,0,45000,5000,10000,148027552,13,0.1,0,132.48,0.4055375,0.016705159195589844,0.3773,0.439,0.5,0.0944625,0.40185,0.4928,0.5670285714285714,0.49863993689981045,0.5656607142857142,0.5034437557084849,0.396825,0.41425,wrn28x10,0.3952,0.3922,1.6653829518366943,1.6653829518366943,0.0,wrn28x10,0.439,0.4396,1.6693268602883273,1.6693268602883273,0.0,wrn28x10,0.4132,0.409,1.6538996420462022,1.6538996420462022,0.0,wrn28x10,0.4096,0.4052,1.6585521504960277,1.6585521504960277,0.0,resnet32,0.403,0.3918,2.0596482377838004,2.0596482377838004,0.0,resnet32,0.4112,0.4174,1.9815632643347436,1.9815632643347436,0.0,resnet32,0.3773,0.365,1.9679395383731886,1.9679395383731886,0.0,resnet32,0.3958,0.3946,1.9886885996569286,1.9886885996569286,0.0,0.0,0.0,0.0,0.0,0.0
wrn28x10x4-resnet32x4_cifar100_K8_indep_seed0003_d001,d001,"wrn28x10:4,resnet32:4",cifar100,8,indep,indep,peers,3,200,64,0.1,0.9,0.0005,True,0,60,0.1,1.0,1,,disagreement,1.0,1,0.0,0.5,weight,complete,0.0,0.0,42,0,45000,5000,10000,148027552,14,0.1,0,132.46,0.38180000000000003,0.02894991364408536,0.326,0.4261,0.4765,0.09469999999999995,0.380675,0.4778,0.5848857142857142,0.46660914140103976,0.58235,0.4805584279048409,0.382,0.3816,wrn28x10,0.4261,0.4254,1.6428036090325226,1.6428036090325226,0.0,wrn28x10,0.326,0.3344,1.646061553365805,1.646061553365805,0.0,wrn28x10,0.4008,0.3856,1.6361556555229155,1.6361556555229155,0.0,wrn28x10,0.3735,0.3772,1.6321863222189925,1.6321863222189925,0.0,resnet32,0.3777,0.3798,2.0432746784592215,2.0432746784592215,0.0,resnet32,0.3821,0.3824,1.966359281065789,1.966359281065789,0.0,resnet32,0.3599,0.3534,1.9474313279444522,1.9474313279444522,0.0,resnet32,0.4083,0.4072,1.9769395395097407,1.9769395395097407,0.0,0.0,0.0,0.0,0.0,0.0
wrn28x10x4-resnet32x4_cifar100_K8_indep_seed0003_d001,d001,"wrn28x10:4,resnet32:4",cifar100,8,indep,indep,peers,3,200,64,0.1,0.9,0.0005,True,0,60,0.1,1.0,1,,disagreement,1.0,1,0.0,0.5,weight,complete,0.0,0.0,42,0,45000,5000,10000,148027552,15,0.1,0,132.42,0.4006,0.04182642705276176,0.3405,0.4555,0.5015,0.10089999999999993,0.398075,0.4976,0.5749285714285713,0.4956307526730021,0.5762428571428572,0.49911693801061074,0.3641,0.43710000000000004,wrn28x10,0.4152,0.4186,1.6231614601883022,1.6231614601883022,0.0,wrn28x10,0.4272,0.4152,1.6218433852561496,1.6218433852561496,0.0,wrn28x10,0.4555,0.4492,1.6145077810030093,1.6145077810030093,0.0,wrn28x10,0.4505,0.4456,1.6167445831339469,1.6167445831339469,0.0,resnet32,0.3505,0.3472,2.0219635440205987,2.0219635440205987,0.0,resnet32,0.4028,0.3966,1.9527425830337135,1.9527425830337135,0.0,resnet32,0.3405,0.3536,1.9311418455432763,1.9311418455432763,0.0,resnet32,0.3626,0.3586,1.957482504065741,1.957482504065741,0.0,0.0,0.0,0.0,0.0,0.0
wrn28x10x4-resnet32x4_cifar100_K8_indep_seed0003_d001,d001,"wrn28x10:4,resnet32:4",cifar100,8,indep,indep,peers,3,200,64,0.1,0.9,0.0005,True,0,60,0.1,1.0,1,,disagreement,1.0,1,0.0,0.5,weight,complete,0.0,0.0,42,0,45000,5000,10000,148027552,16,0.1,0,132.53,0.3445125,0.07173338548925458,0.2497,0.4382,0.4636,0.11908750000000001,0.33955,0.4618,0.6542214285714286,0.4343278658443636,0.6520678571428571,0.4384163168719816,0.283775,0.40525,wrn28x10,0.4382,0.436,1.6054612280462275,1.6054612280462275,0.0,wrn28x10,0.3965,0.385,1.612249186601151,1.612249186601151,0.0,wrn28x10,0.4175,0.4162,1.5991930458694696,1.5991930458694696,0.0,wrn28x10,0.3688,0.368,1.606926150281321,1.606926150281321,0.0,resnet32,0.2571,0.2492,2.0035841283811764,2.0035841283811764,0.0,resnet32,0.2497,0.2466,1.938559013503519,1.938559013503519,0.0,resnet32,0.3656,0.3572,1.916987863115289,1.916987863115289,0.0,resnet32,0.2627,0.2582,1.9435199587182566,1.9435199587182566,0.0,0.0,0.0,0.0,0.0,0.0
wrn28x10x4-resnet32x4_cifar100_K8_indep_seed0003_d001,d001,"wrn28x10:4,resnet32:4",cifar100,8,indep,indep,peers,3,200,64,0.1,0.9,0.0005,True,0,60,0.1,1.0,1,,disagreement,1.0,1,0.0,0.5,weight,complete,0.0,0.0,42,0,45000,5000,10000,148027552,17,0.1,0,132.27,0.3938625,0.030781038704858543,0.3444,0.4357,0.4807,0.08683750000000001,0.38627500000000003,0.4686,0.5622214285714284,0.5075165294812111,0.568175,0.5017401241244304,0.382075,0.40565,wrn28x10,0.4357,0.4316,1.5892212014984002,1.5892212014984002,0.0,wrn28x10,0.4357,0.4334,1.587891005656936,1.587891005656936,0.0,wrn28x10,0.4068,0.4058,1.5881406332958827,1.5881406332958827,0.0,wrn28x10,0.3444,0.3386,1.581124129959128,1.581124129959128,0.0,resnet32,0.383,0.3734,1.9839731984856455,1.9839731984856455,0.0,resnet32,0.3601,0.3498,1.9216133496639403,1.9216133496639403,0.0,resnet32,0.3825,0.3708,1.9050370795144276,1.9050370795144276,0.0,resnet32,0.4027,0.3868,1.9271346178244462,1.9271346178244462,0.0,0.0,0.0,0.0,0.0,0.0
wrn28x10x4-resnet32x4_cifar100_K8_indep_seed0003_d001,d001,"wrn28x10:4,resnet32:4",cifar100,8,indep,indep,peers,3,200,64,0.1,0.9,0.0005,True,0,60,0.1,1.0,1,,disagreement,1.0,1,0.0,0.5,weight,complete,0.0,0.0,42,0,45000,5000,10000,148027552,18,0.1,0,132.36,0.37385,0.03165430460458735,0.3335,0.4368,0.4796,0.10575000000000001,0.3732,0.4816,0.6063571428571429,0.4656817388287814,0.6081964285714286,0.4771310546214633,0.361225,0.386475,wrn28x10,0.334,0.3432,1.5758503314784982,1.5758503314784982,0.0,wrn28x10,0.3839,0.3848,1.5821074028922752,1.5821074028922752,0.0,wrn28x10,0.3912,0.4032,1.5716821885752408,1.5716821885752408,0.0,wrn28x10,0.4368,0.4334,1.5730032896284352,1.5730032896284352,0.0,resnet32,0.3546,0.3536,1.9658047614449805,1.9658047614449805,0.0,resnet32,0.3818,0.3772,1.9123142383654008,1.9123142383654008,0.0,resnet32,0.3335,0.3232,1.8862446160479025,1.8862446160479025,0.0,resnet32,0.375,0.367,1.9184249270368705,1.9184249270368705,0.0,0.0,0.0,0.0,0.0,0.0
wrn28x10x4-resnet32x4_cifar100_K8_indep_seed0003_d001,d001,"wrn28x10:4,resnet32:4",cifar100,8,indep,indep,peers,3,200,64,0.1,0.9,0.0005,True,0,60,0.1,1.0,1,,disagreement,1.0,1,0.0,0.5,weight,complete,0.0,0.0,42,0,45000,5000,10000,148027552,19,0.1,0,132.43,0.43591250000000004,0.03599713313237597,0.3811,0.5052,0.5372,0.10128749999999997,0.428875,0.5274,0.54165,0.5019766425717752,0.5404571428571429,0.5004538071056223,0.410625,0.4612,wrn28x10,0.4671,0.4544,1.5814921613782644,1.5814921613782644,0.0,wrn28x10,0.5052,0.5052,1.5777663436125626,1.5777663436125626,0.0,wrn28x10,0.4235,0.4178,1.5679653902453454,1.5679653902453454,0.0,wrn28x10,0.449,0.4368,1.5661993765018203,1.5661993765018203,0.0,resnet32,0.3811,0.3778,1.9711304100399667,1.9711304100399667,0.0,resnet32,0.4273,0.4192,1.9174891845746473,1.9174891845746473,0.0,resnet32,0.4016,0.3998,1.888609216633168,1.888609216633168,0.0,resnet32,0.4325,0.42,1.9131739486686208,1.9131739486686208,0.0,0.0,0.0,0.0,0.0,0.0
wrn28x10x4-resnet32x4_cifar100_K8_indep_seed0003_d001,d001,"wrn28x10:4,resnet32:4",cifar100,8,indep,indep,peers,3,200,64,0.1,0.9,0.0005,True,0,60,0.1,1.0,1,,disagreement,1.0,1,0.0,0.5,weight,complete,0.0,0.0,42,0,45000,5000,10000,148027552,20,0.1,0,132.57,0.38434999999999997,0.044315516469967946,0.3173,0.4389,0.4936,0.10925000000000001,0.37725,0.4802,0.61155,0.46604751703386066,0.6108964285714286,0.4713151445576572,0.41465,0.35405,wrn28x10,0.3253,0.3198,1.5605316951193593,1.5605316951193593,0.0,wrn28x10,0.4252,0.4204,1.5544199145991693,1.5544199145991693,0.0,wrn28x10,0.3484,0.3458,1.5473298608240755,1.5473298608240755,0.0,wrn28x10,0.3173,0.3214,1.549960309131579,1.549960309131579,0.0,resnet32,0.3949,0.3842,1.9549308412454345,1.9549308412454345,0.0,resnet32,0.4051,0.3882,1.9020307341759854,1.9020307341759854,0.0,resnet32,0.4197,0.4102,1.8865569533610886,1.8865569533610886,0.0,resnet32,0.4389,0.428,1.9027895212850787,1.9027895212850787,0.0,0.0,0.0,0.0,0.0,0.0
wrn28x10x4-resnet32x4_cifar100_K8_indep_seed0003_d001,d001,"wrn28x10:4,resnet32:4",cifar100,8,indep,indep,peers,3,200,64,0.1,0.9,0.0005,True,0,60,0.1,1.0,1,,disagreement,1.0,1,0.0,0.5,weight,complete,0.0,0.0,42,0,45000,5000,10000,148027552,21,0.1,0,132.59,0.4323625,0.041431175988016565,0.364,0.4851,0.5385,0.1061375,0.42247500000000004,0.5252,0.55305,0.49104204809908386,0.5521071428571428,0.5010689299081276,0.397575,0.46715000000000007,wrn28x10,0.4237,0.4132,1.5490206717090174,1.5490206717090174,0.0,wrn28x10,0.4851,0.4824,1.5457628046755085,1.5457628046755085,0.0,wrn28x10,0.4806,0.471,1.5412883157418533,1.5412883157418533,0.0,wrn28x10,0.4792,0.4664,1.5385592781345954,1.5385592781345954,0.0,resnet32,0.4098,0.3924,1.9396176160397856,1.9396176160397856,0.0,resnet32,0.364,0.353,1.8911412796852263,1.8911412796852263,0.0,resnet32,0.406,0.4002,1.8721794408153405,1.8721794408153405,0.0,resnet32,0.4105,0.4012,1.888332368636673,1.888332368636673,0.0,0.0,0.0,0.0,0.0,0.0
wrn28x10x4-resnet32x4_cifar100_K8_indep_seed0003_d001,d001,"wrn28x10:4,resnet32:4",cifar100,8,indep,indep,peers,3,200,64,0.1,0.9,0.0005,True,0,60,0.1,1.0,1,,disagreement,1.0,1,0.0,0.5,weight,complete,0.0,0.0,42,0,45000,5000,10000,148027552,22,0.1,0,132.46,0.4265375,0.04844460593038196,0.3665,0.5065,0.5281,0.1015625,0.42222499999999996,0.5258,0.5603714285714286,0.49641707610268515,0.5584392857142856,0.506156447696277,0.390925,0.46215000000000006,wrn28x10,0.5065,0.5058,1.5389662399380044,1.5389662399380044,0.0,wrn28x10,0.3909,0.3796,1.5392636502669617,1.5392636502669617,0.0,wrn28x10,0.4665,0.464,1.5402074280110272,1.5402074280110272,0.0,wrn28x10,0.4847,0.4864,1.5407155051150105,1.5407155051150105,0.0,resnet32,0.3924,0.388,1.9291463751684537,1.9291463751684537,0.0,resnet32,0.4123,0.41,1.8887166467241265,1.8887166467241265,0.0,resnet32,0.3925,0.3842,1.863101227208972,1.863101227208972,0.0,resnet32,0.3665,0.3598,1.888870312239636,1.888870312239636,0.0,0.0,0.0,0.0,0.0,0.0
wrn28x10x4-resnet32x4_cifar100_K8_indep_seed0003_d001,d001,"wrn28x10:4,resnet32:4",cifar100,8,indep,indep,peers,3,200,64,0.1,0.9,0.0005,True,0,60,0.1,1.0,1,,disagreement,1.0,1,0.0,0.5,weight,complete,0.0,0.0,42,0,45000,5000,10000,148027552,23,0.1,0,132.6,0.4076625,0.03641534489401411,0.3523,0.4537,0.5108,0.10313750000000005,0.39949999999999997,0.4994,0.5712499999999999,0.4743180193930013,0.5698642857142857,0.47459337305659594,0.394825,0.42050000000000004,wrn28x10,0.4502,0.4556,1.5320442855696788,1.5320442855696788,0.0,wrn28x10,0.3819,0.3796,1.5325098903003065,1.5325098903003065,0.0,wrn28x10,0.4022,0.3994,1.5262196593155914,1.5262196593155914,0.0,wrn28x10,0.4477,0.4298,1.5210312523625114,1.5210312523625114,0.0,resnet32,0.4014,0.3874,1.9218090452592482,1.9218090452592482,0.0,resnet32,0.3523,0.3432,1.8752915630625053,1.8752915630625053,0.0,resnet32,0.3719,0.365,1.858270624652505,1.858270624652505,0.0,resnet32,0.4537,0.436,1.872987710447474,1.872987710447474,0.0,0.0,0.0,0.0,0.0,0.0
wrn28x10x4-resnet32x4_cifar100_K8_indep_seed0003_d001,d001,"wrn28x10:4,resnet32:4",cifar100,8,indep,indep,peers,3,200,64,0.1,0.9,0.0005,True,0,60,0.1,1.0,1,,disagreement,1.0,1,0.0,0.5,weight,complete,0.0,0.0,42,0,45000,5000,10000,148027552,24,0.1,0,132.39,0.3814125,0.07031503106555526,0.257,0.4668,0.4835,0.1020875,0.38195,0.492,0.5889928571428572,0.47771283117844243,0.587425,0.4847471185643056,0.320125,0.4427,wrn28x10,0.4668,0.4734,1.5274671314453536,1.5274671314453536,0.0,wrn28x10,0.449,0.4522,1.5296439912847497,1.5296439912847497,0.0,wrn28x10,0.4167,0.4216,1.5274640513076023,1.5274640513076023,0.0,wrn28x10,0.4383,0.4314,1.524658978832039,1.524658978832039,0.0,resnet32,0.257,0.2594,1.9264920242130756,1.9264920242130756,0.0,resnet32,0.3425,0.342,1.883923957801678,1.883923957801678,0.0,resnet32,0.3026,0.2978,1.8585969915782863,1.8585969915782863,0.0,resnet32,0.3784,0.3778,1.877187337049029,1.877187337049029,0.0,0.0,0.0,0.0,0.0,0.0
wrn28x10x4-resnet32x4_cifar100_K8_indep_seed0003_d001,d001,"wrn28x10:4,resnet32:4",cifar100,8,indep,indep,peers,3,200,64,0.1,0.9,0.0005,True,0,60,0.1,1.0,1,,disagreement,1.0,1,0.0,0.5,weight,complete,0.0,0.0,42,0,45000,5000,10000,148027552,25,0.1,0,134.16,0.38955,0.030646859545473824,0.3491,0.453,0.4817,0.09215000000000001,0.38987499999999997,0.4786,0.5755714285714287,0.49224725306821654,0.5777857142857142,0.49841666643156657,0.38397499999999996,0.395125,wrn28x10,0.3769,0.3776,1.5192742340097374,1.5192742340097374,0.0,wrn28x10,0.3833,0.3956,1.51412402279675,1.51412402279675,0.0,wrn28x10,0.453,0.441,1.5186783322556452,1.5186783322556452,0.0,wrn28x10,0.3673,0.3684,1.5142677306112917,1.5142677306112917,0.0,resnet32,0.3491,0.3518,1.9184730056334625,1.9184730056334625,0.0,resnet32,0.4208,0.4184,1.8729779149659656,1.8729779149659656,0.0,resnet32,0.3761,0.3722,1.8492220563983375,1.8492220563983375,0.0,resnet32,0.3899,0.394,1.8683152791451325,1.8683152791451325,0.0,0.0,0.0,0.0,0.0,0.0
wrn28x10x4-resnet32x4_cifar100_K8_indep_seed0003_d001,d001,"wrn28x10:4,resnet32:4",cifar100,8,indep,indep,peers,3,200,64,0.1,0.9,0.0005,True,0,60,0.1,1.0,1,,disagreement,1.0,1,0.0,0.5,weight,complete,0.0,0.0,42,0,45000,5000,10000,148027552,26,0.1,0,133.09,0.4163875,0.028634264330518428,0.3852,0.4833,0.5227,0.10631250000000003,0.41647500000000004,0.5208,0.5774714285714285,0.483939987827178,0.578975,0.48907813799927174,0.405725,0.42705,wrn28x10,0.3852,0.3902,1.5281953573734923,1.5281953573734923,0.0,wrn28x10,0.404,0.4072,1.5303508552129974,1.5303508552129974,0.0,wrn28x10,0.4833,0.4796,1.520919780924239,1.520919780924239,0.0,wrn28x10,0.4357,0.4354,1.522114361805672,1.522114361805672,0.0,resnet32,0.4081,0.3988,1.9176119720055298,1.9176119720055298,0.0,resnet32,0.4065,0.4048,1.8758588643236593,1.8758588643236593,0.0,resnet32,0.4118,0.412,1.8568464024839075,1.8568464024839075,0.0,resnet32,0.3965,0.4038,1.8798532281070948,1.8798532281070948,0.0,0.0,0.0,0.0,0.0,0.0
wrn28x10x4-resnet32x4_cifar100_K8_indep_seed0003_d001,d001,"wrn28x10:4,resnet32:4",cifar100,8,indep,indep,peers,3,200,64,0.1,0.9,0.0005,True,0,60,0.1,1.0,1,,disagreement,1.0,1,0.0,0.5,weight,complete,0.0,0.0,42,0,45000,5000,10000,148027552,27,0.1,0,132.36,0.43322499999999997,0.033330494670796594,0.3979,0.4956,0.5333,0.10007500000000003,0.426075,0.5188,0.5601785714285714,0.49224452901512766,0.5554892857142857,0.5015655426755846,0.4132,0.45325,wrn28x10,0.4012,0.39,1.5211465747349642,1.5211465747349642,0.0,wrn28x10,0.448,0.447,1.5150357664308765,1.5150357664308765,0.0,wrn28x10,0.4956,0.494,1.508883063850755,1.508883063850755,0.0,wrn28x10,0.4682,0.4554,1.510789638300511,1.510789638300511,0.0,resnet32,0.4142,0.4012,1.905612951144576,1.905612951144576,0.0,resnet32,0.3979,0.391,1.8596560748463327,1.8596560748463327,0.0,resnet32,0.4032,0.4036,1.8446374745531515,1.8446374745531515,0.0,resnet32,0.4375,0.4264,1.8643771264363418,1.8643771264363418,0.0,0.0,0.0,0.0,0.0,0.0
wrn28x10x4-resnet32x4_cifar100_K8_indep_seed0003_d001,d001,"wrn28x10:4,resnet32:4",cifar100,8,indep,indep,peers,3,200,64,0.1,0.9,0.0005,True,0,60,0.1,1.0,1,,disagreement,1.0,1,0.0,0.5,weight,complete,0.0,0.0,42,0,45000,5000,10000,148027552,28,0.1,0,132.52,0.386675,0.03475826340598735,0.3402,0.4362,0.4802,0.09352500000000002,0.38007500000000005,0.4706,0.5953785714285714,0.4743660069569969,0.5953964285714287,0.469904476810155,0.416275,0.35707500000000003,wrn28x10,0.3523,0.3378,1.5081429556012154,1.5081429556012154,0.0,wrn28x10,0.3402,0.3354,1.5034378431737423,1.5034378431737423,0.0,wrn28x10,0.3674,0.3642,1.4951926007528196,1.4951926007528196,0.0,wrn28x10,0.3684,0.3618,1.503701918504455,1.503701918504455,0.0,resnet32,0.4335,0.4348,1.8976678651842205,1.8976678651842205,0.0,resnet32,0.4362,0.4334,1.8600697793405165,1.8600697793405165,0.0,resnet32,0.4168,0.405,1.8419960139488631,1.8419960139488631,0.0,resnet32,0.3786,0.3682,1.8547448375346987,1.8547448375346987,0.0,0.0,0.0,0.0,0.0,0.0
wrn28x10x4-resnet32x4_cifar100_K8_indep_seed0003_d001,d001,"wrn28x10:4,resnet32:4",cifar100,8,indep,indep,peers,3,200,64,0.1,0.9,0.0005,True,0,60,0.1,1.0,1,,disagreement,1.0,1,0.0,0.5,weight,complete,0.0,0.0,42,0,45000,5000,10000,148027552,29,0.1,0,132.45,0.39705,0.038611526776339736,0.3341,0.4546,0.4799,0.08284999999999998,0.3929,0.4716,0.5512785714285714,0.4973748215321381,0.5514607142857144,0.5059717769459308,0.3742,0.41990000000000005,wrn28x10,0.4328,0.4298,1.5048555775799535,1.5048555775799535,0.0,wrn28x10,0.3786,0.3852,1.5045688794079153,1.5045688794079153,0.0,wrn28x10,0.4136,0.4134,1.5031460968946868,1.5031460968946868,0.0,wrn28x10,0.4546,0.439,1.5039448832923716,1.5039448832923716,0.0,resnet32,0.3341,0.3218,1.8927916041152044,1.8927916041152044,0.0,resnet32,0.3475,0.3564,1.8496155752377077,1.8496155752377077,0.0,resnet32,0.4012,0.396,1.8357616881416603,1.8357616881416603,0.0,resnet32,0.414,0.4016,1.8521322885697538,1.8521322885697538,0.0,0.0,0.0,0.0,0.0,0.0
wrn28x10x4-resnet32x4_cifar100_K8_indep_seed0003_d001,d001,"wrn28x10:4,resnet32:4",cifar100,8,indep,indep,peers,3,200,64,0.1,0.9,0.0005,True,0,60,0.1,1.0,1,,disagreement,1.0,1,0.0,0.5,weight,complete,0.0,0.0,42,0,45000,5000,10000,148027552,30,0.1,0,132.52,0.3583,0.04305870992029372,0.2971,0.4393,0.4475,0.0892,0.3516,0.4446,0.591757142857143,0.4799158027005177,0.5910214285714285,0.4873250278241606,0.346525,0.370075,wrn28x10,0.4393,0.4376,1.5003315663303842,1.5003315663303842,0.0,wrn28x10,0.2971,0.2998,1.49431305996735,1.49431305996735,0.0,wrn28x10,0.4027,0.3876,1.494129297069528,1.494129297069528,0.0,wrn28x10,0.3412,0.3414,1.4973293323577805,1.4973293323577805,0.0,resnet32,0.3589,0.3574,1.8880107685584913,1.8880107685584913,0.0,resnet32,0.3503,0.3398,1.8468196898360143,1.8468196898360143,0.0,resnet32,0.3119,0.2948,1.8356400289657442,1.8356400289657442,0.0,resnet32,0.365,0.3544,1.846187186004086,1.846187186004086,0.0,0.0,0.0,0.0,0.0,0.0
wrn28x10x4-resnet32x4_cifar100_K8_indep_seed0003_d001,d001,"wrn28x10:4,resnet32:4",cifar100,8,indep,indep,peers,3,200,64,0.1,0.9,0.0005,True,0,60,0.1,1.0,1,,disagreement,1.0,1,0.0,0.5,weight,complete,0.0,0.0,42,0,45000,5000,10000,148027552,31,0.1,0,132.67,0.44045,0.03204531947102416,0.4015,0.4924,0.5427,0.10224999999999995,0.43322499999999997,0.5386,0.5482571428571428,0.4897579685628258,0.5453285714285716,0.4960484130572277,0.425,0.45589999999999997,wrn28x10,0.4712,0.461,1.4971668874336914,1.4971668874336914,0.0,wrn28x10,0.4577,0.4568,1.4955425084653227,1.4955425084653227,0.0,wrn28x10,0.4023,0.4058,1.4994613082063468,1.4994613082063468,0.0,wrn28x10,0.4924,0.476,1.4972698074680837,1.4972698074680837,0.0,resnet32,0.4168,0.405,1.8862819439646872,1.8862819439646872,0.0,resnet32,0.4601,0.4522,1.8525777846913447,1.8525777846913447,0.0,resnet32,0.4216,0.4136,1.8412555400282145,1.8412555400282145,0.0,resnet32,0.4015,0.3954,1.8502749426459724,1.8502749426459724,0.0,0.0,0.0,0.0,0.0,0.0
wrn28x10x4-resnet32x4_cifar100_K8_indep_seed0003_d001,d001,"wrn28x10:4,resnet32:4",cifar100,8,indep,indep,peers,3,200,64,0.1,0.9,0.0005,True,0,60,0.1,1.0,1,,disagreement,1.0,1,0.0,0.5,weight,complete,0.0,0.0,42,0,45000,5000,10000,148027552,32,0.1,0,134.46,0.4457875,0.025911312080826775,0.405,0.4991,0.5449,0.09911250000000005,0.441025,0.5356,0.5358285714285714,0.5128013104808588,0.5390357142857142,0.5091195965591117,0.42900000000000005,0.46257499999999996,wrn28x10,0.4359,0.4372,1.4947294097563082,1.4947294097563082,0.0,wrn28x10,0.4515,0.4504,1.4831621381877498,1.4831621381877498,0.0,wrn28x10,0.4638,0.4552,1.4889519913122058,1.4889519913122058,0.0,wrn28x10,0.4991,0.491,1.4862901973114773,1.4862901973114773,0.0,resnet32,0.4261,0.4246,1.8784256428480148,1.8784256428480148,0.0,resnet32,0.4419,0.4278,1.8422821096398614,1.8422821096398614,0.0,resnet32,0.405,0.4024,1.8236296591772274,1.8236296591772274,0.0,resnet32,0.443,0.4396,1.8412159462882713,1.8412159462882713,0.0,0.0,0.0,0.0,0.0,0.0
wrn28x10x4-resnet32x4_cifar100_K8_indep_seed0003_d001,d001,"wrn28x10:4,resnet32:4",cifar100,8,indep,indep,peers,3,200,64,0.1,0.9,0.0005,True,0,60,0.1,1.0,1,,disagreement,1.0,1,0.0,0.5,weight,complete,0.0,0.0,42,0,45000,5000,10000,148027552,33,0.1,0,133.99,0.4189,0.03914556168967307,0.3579,0.4773,0.5275,0.10859999999999997,0.40954999999999997,0.5142,0.5765,0.47355889512325916,0.5730678571428572,0.4823691146006644,0.39659999999999995,0.4412,wrn28x10,0.4104,0.3982,1.4891368675638328,1.4891368675638328,0.0,wrn28x10,0.4773,0.47,1.4812729578803887,1.4812729578803887,0.0,wrn28x10,0.4574,0.448,1.486785214648328,1.486785214648328,0.0,wrn28x10,0.4197,0.4144,1.4816742718050426,1.4816742718050426,0.0,resnet32,0.3919,0.3846,1.870114310898564,1.870114310898564,0.0,resnet32,0.3806,0.3672,1.8394064874472944,1.8394064874472944,0.0,resnet32,0.3579,0.3482,1.825464592230591,1.825464592230591,0.0,resnet32,0.456,0.4458,1.8334164756604217,1.8334164756604217,0.0,0.0,0.0,0.0,0.0,0.0
wrn28x10x4-resnet32x4_cifar100_K8_indep_seed0003_d001,d001,"wrn28x10:4,resnet32:4",cifar100,8,indep,indep,peers,3,200,64,0.1,0.9,0.0005,True,0,60,0.1,1.0,1,,disagreement,1.0,1,0.0,0.5,weight,complete,0.0,0.0,42,0,45000,5000,10000,148027552,34,0.1,0,135.35,0.40791249999999996,0.030517635782445537,0.3742,0.4743,0.5014,0.0934875,0.4011,0.489,0.557242857142857,0.5180526255625552,0.5653357142857144,0.5060658480723546,0.40354999999999996,0.412275,wrn28x10,0.4743,0.4622,1.4899320733648809,1.4899320733648809,0.0,wrn28x10,0.4199,0.4172,1.4824584636159919,1.4824584636159919,0.0,wrn28x10,0.3742,0.3716,1.4849199628118763,1.4849199628118763,0.0,wrn28x10,0.3807,0.3674,1.481295705857602,1.481295705857602,0.0,resnet32,0.4275,0.4198,1.872344877401536,1.872344877401536,0.0,resnet32,0.3923,0.3922,1.8381298871880227,1.8381298871880227,0.0,resnet32,0.3881,0.3774,1.8291918123987587,1.8291918123987587,0.0,resnet32,0.4063,0.401,1.8296105766838247,1.8296105766838247,0.0,0.0,0.0,0.0,0.0,0.0
wrn28x10x4-resnet32x4_cifar100_K8_indep_seed0003_d001,d001,"wrn28x10:4,resnet32:4",cifar100,8,indep,indep,peers,3,200,64,0.1,0.9,0.0005,True,0,60,0.1,1.0,1,,disagreement,1.0,1,0.0,0.5,weight,complete,0.0,0.0,42,0,45000,5000,10000,148027552,35,0.1,0,133.92,0.4236125,0.049480007010407744,0.3355,0.4885,0.5443,0.1206875,0.42567499999999997,0.5434,0.5732357142857143,0.4728485603343679,0.5782392857142858,0.4701280123483907,0.38075000000000003,0.46647500000000003,wrn28x10,0.4885,0.5014,1.4748559401963244,1.4748559401963244,0.0,wrn28x10,0.4463,0.4506,1.4683550367639824,1.4683550367639824,0.0,wrn28x10,0.46,0.4704,1.4763209114528515,1.4763209114528515,0.0,wrn28x10,0.4711,0.4742,1.4794321537695148,1.4794321537695148,0.0,resnet32,0.3936,0.3912,1.857399320229888,1.857399320229888,0.0,resnet32,0.3355,0.3336,1.82915913161229,1.82915913161229,0.0,resnet32,0.4214,0.4174,1.8106286520646377,1.8106286520646377,0.0,resnet32,0.3725,0.3666,1.8268901837820357,1.8268901837820357,0.0,0.0,0.0,0.0,0.0,0.0
wrn28x10x4-resnet32x4_cifar100_K8_indep_seed0003_d001,d001,"wrn28x10:4,resnet32:4",cifar100,8,indep,indep,peers,3,200,64,0.1,0.9,0.0005,True,0,60,0.1,1.0,1,,disagreement,1.0,1,0.0,0.5,weight,complete,0.0,0.0,42,0,45000,5000,10000,148027552,36,0.1,0,132.72,0.4136125,0.04251615685536499,0.3264,0.488,0.5134,0.09978749999999997,0.419725,0.518,0.5515785714285715,0.5002792879205142,0.5570107142857144,0.5074788052926448,0.386375,0.44085,wrn28x10,0.4161,0.414,1.480198461308398,1.480198461308398,0.0,wrn28x10,0.488,0.4888,1.4738044281574814,1.4738044281574814,0.0,wrn28x10,0.4365,0.4414,1.4719795463606715,1.4719795463606715,0.0,wrn28x10,0.4228,0.4308,1.4769643864340403,1.4769643864340403,0.0,resnet32,0.3264,0.3364,1.8634783998131752,1.8634783998131752,0.0,resnet32,0.4254,0.4324,1.831032720817761,1.831032720817761,0.0,resnet32,0.3986,0.4068,1.8135207556188107,1.8135207556188107,0.0,resnet32,0.3951,0.4072,1.82324085960334,1.82324085960334,0.0,0.0,0.0,0.0,0.0,0.0
wrn28x10x4-resnet32x4_cifar100_K8_indep_seed0003_d001,d001,"wrn28x10:4,resnet32:4",cifar100,8,indep,indep,peers,3,200,64,0.1,0.9,0.0005,True,0,60,0.1,1.0,1,,disagreement,1.0,1,0.0,0.5,weight,complete,0.0,0.0,42,0,45000,5000,10000,148027552,37,0.1,0,132.46,0.38245,0.05996480217594318,0.3094,0.4938,0.5005,0.11804999999999993,0.367725,0.4836,0.6296428571428573,0.4236922508646742,0.6192892857142857,0.43859414739450875,0.348225,0.416675,wrn28x10,0.3094,0.3,1.4689286021007733,1.4689286021007733,0.0,wrn28x10,0.4345,0.4228,1.4732941890304738,1.4732941890304738,0.0,wrn28x10,0.4938,0.4828,1.471745423887941,1.471745423887941,0.0,wrn28x10,0.429,0.4136,1.4710267434235325,1.4710267434235325,0.0,resnet32,0.3725,0.3494,1.8520247054032304,1.8520247054032304,0.0,resnet32,0.3488,0.3312,1.8279832195151935,1.8279832195151935,0.0,resnet32,0.3527,0.3372,1.8087075525386767,1.8087075525386767,0.0,resnet32,0.3189,0.3048,1.8217739130962978,1.8217739130962978,0.0,0.0,0.0,0.0,0.0,0.0
wrn28x10x4-resnet32x4_cifar100_K8_indep_seed0003_d001,d001,"wrn28x10:4,resnet32:4",cifar100,8,indep,indep,peers,3,200,64,0.1,0.9,0.0005,True,0,60,0.1,1.0,1,,disagreement,1.0,1,0.0,0.5,weight,complete,0.0,0.0,42,0,45000,5000,10000,148027552,38,0.1,0,132.65,0.441625,0.04075382650745816,0.3758,0.5079,0.5511,0.10947500000000004,0.434075,0.5424,0.5526285714285714,0.4905995022673899,0.5513999999999999,0.49255554861642753,0.406875,0.476375,wrn28x10,0.5079,0.5022,1.4824875338341703,1.4824875338341703,0.0,wrn28x10,0.4527,0.4458,1.4773582618006251,1.4773582618006251,0.0,wrn28x10,0.4669,0.4686,1.478891788389195,1.478891788389195,0.0,wrn28x10,0.478,0.466,1.4812644996934317,1.4812644996934317,0.0,resnet32,0.3758,0.3674,1.862591223452579,1.862591223452579,0.0,resnet32,0.4346,0.4266,1.833055193959312,1.833055193959312,0.0,resnet32,0.4195,0.4086,1.8199429842220112,1.8199429842220112,0.0,resnet32,0.3976,0.3874,1.8334901180456986,1.8334901180456986,0.0,0.0,0.0,0.0,0.0,0.0
wrn28x10x4-resnet32x4_cifar100_K8_indep_seed0003_d001,d001,"wrn28x10:4,resnet32:4",cifar100,8,indep,indep,peers,3,200,64,0.1,0.9,0.0005,True,0,60,0.1,1.0,1,,disagreement,1.0,1,0.0,0.5,weight,complete,0.0,0.0,42,0,45000,5000,10000,148027552,39,0.1,0,132.5,0.4570375,0.03813967545417764,0.4012,0.5141,0.5702,0.11316250000000005,0.450225,0.563,0.5295571428571428,0.4942696265176766,0.5330535714285715,0.49080173995737436,0.42255,0.491525,wrn28x10,0.4855,0.4858,1.4735685003582726,1.4735685003582726,0.0,wrn28x10,0.5141,0.5134,1.4700680706142024,1.4700680706142024,0.0,wrn28x10,0.4639,0.4518,1.473392555236139,1.473392555236139,0.0,wrn28x10,0.5026,0.4884,1.4739461269398981,1.4739461269398981,0.0,resnet32,0.4349,0.432,1.857034946707162,1.857034946707162,0.0,resnet32,0.4012,0.396,1.820779018442739,1.820779018442739,0.0,resnet32,0.4316,0.425,1.8107768574898893,1.8107768574898893,0.0,resnet32,0.4225,0.4094,1.8205123008652166,1.8205123008652166,0.0,0.0,0.0,0.0,0.0,0.0
wrn28x10x4-resnet32x4_cifar100_K8_indep_seed0003_d001,d001,"wrn28x10:4,resnet32:4",cifar100,8,indep,indep,peers,3,200,64,0.1,0.9,0.0005,True,0,60,0.1,1.0,1,,disagreement,1.0,1,0.0,0.5,weight,complete,0.0,0.0,42,0,45000,5000,10000,148027552,40,0.1,0,132.49,0.447925,0.023294460178334253,0.4089,0.4858,0.5452,0.097275,0.44717500000000004,0.5426,0.5261928571428571,0.5089341931396328,0.5288892857142856,0.5101644778195519,0.430075,0.465775,wrn28x10,0.4582,0.4622,1.4692483376711607,1.4692483376711607,0.0,wrn28x10,0.4423,0.4442,1.4615663406015797,1.4615663406015797,0.0,wrn28x10,0.4768,0.4814,1.4696298929947345,1.4696298929947345,0.0,wrn28x10,0.4858,0.4818,1.4634838279506022,1.4634838279506022,0.0,resnet32,0.4089,0.4076,1.8457322720099578,1.8457322720099578,0.0,resnet32,0.4436,0.4398,1.823050269857049,1.823050269857049,0.0,resnet32,0.4334,0.4284,1.803596296263012,1.803596296263012,0.0,resnet32,0.4344,0.432,1.8212871835990385,1.8212871835990385,0.0,0.0,0.0,0.0,0.0,0.0
wrn28x10x4-resnet32x4_cifar100_K8_indep_seed0003_d001,d001,"wrn28x10:4,resnet32:4",cifar100,8,indep,indep,peers,3,200,64,0.1,0.9,0.0005,True,0,60,0.1,1.0,1,,disagreement,1.0,1,0.0,0.5,weight,complete,0.0,0.0,42,0,45000,5000,10000,148027552,41,0.1,0,133.84,0.4360125,0.014056354212597238,0.4179,0.4566,0.5291,0.09308749999999999,0.426725,0.5206,0.5414857142857142,0.5021056030283025,0.5358142857142856,0.510060480070604,0.43282499999999996,0.43920000000000003,wrn28x10,0.4409,0.4368,1.45968046115542,1.45968046115542,0.0,wrn28x10,0.4179,0.4046,1.4595149442214856,1.4595149442214856,0.0,wrn28x10,0.4531,0.4474,1.469708457419818,1.469708457419818,0.0,wrn28x10,0.4449,0.4372,1.4698043743317777,1.4698043743317777,0.0,resnet32,0.4188,0.4098,1.850206277079203,1.850206277079203,0.0,resnet32,0.4299,0.4172,1.81627459180626,1.81627459180626,0.0,resnet32,0.4566,0.4476,1.808765862475742,1.808765862475742,0.0,resnet32,0.426,0.4132,1.8151892636987297,1.8151892636987297,0.0,0.0,0.0,0.0,0.0,0.0
wrn28x10x4-resnet32x4_cifar100_K8_indep_seed0003_d001,d001,"wrn28x10:4,resnet32:4",cifar100,8,indep,indep,peers,3,200,64,0.1,0.9,0.0005,True,0,60,0.1,1.0,1,,disagreement,1.0,1,0.0,0.5,weight,complete,0.0,0.0,42,0,45000,5000,10000,148027552,42,0.1,0,132.61,0.38380000000000003,0.04800286449786095,0.2849,0.4556,0.4658,0.08199999999999996,0.38292499999999996,0.4654,0.5659285714285714,0.5098588606981851,0.5711250000000001,0.5086829503623479,0.3925,0.3751,wrn28x10,0.3546,0.3516,1.465820255435326,1.465820255435326,0.0,wrn28x10,0.2849,0.2856,1.4583076396110384,1.4583076396110384,0.0,wrn28x10,0.4556,0.4664,1.464346657168459,1.464346657168459,0.0,wrn28x10,0.4053,0.4056,1.453650464473123,1.453650464473123,0.0,resnet32,0.3658,0.371,1.8423806721852585,1.8423806721852585,0.0,resnet32,0.4241,0.4158,1.8120184119113467,1.8120184119113467,0.0,resnet32,0.3812,0.3728,1.801713827489452,1.801713827489452,0.0,resnet32,0.3989,0.3946,1.8110177039422772,1.8110177039422772,0.0,0.0,0.0,0.0,0.0,0.0
wrn28x10x4-resnet32x4_cifar100_K8_indep_seed0003_d001,d001,"wrn28x10:4,resnet32:4",cifar100,8,indep,indep,peers,3,200,64,0.1,0.9,0.0005,True,0,60,0.1,1.0,1,,disagreement,1.0,1,0.0,0.5,weight,complete,0.0,0.0,42,0,45000,5000,10000,148027552,43,0.1,0,135.42,0.4191875,0.02629374628595172,0.3569,0.4477,0.5108,0.09161250000000004,0.417,0.5038,0.5481357142857143,0.5045225617847067,0.553542857142857,0.5061643598007385,0.4051,0.43327499999999997,wrn28x10,0.4311,0.4332,1.459456324238669,1.459456324238669,0.0,wrn28x10,0.4386,0.4518,1.4605412512001665,1.4605412512001665,0.0,wrn28x10,0.4157,0.4138,1.4572806037454442,1.4572806037454442,0.0,wrn28x10,0.4477,0.4516,1.455211528407579,1.455211528407579,0.0,resnet32,0.4088,0.4004,1.8421177444132892,1.8421177444132892,0.0,resnet32,0.4331,0.4274,1.8126875695518472,1.8126875695518472,0.0,resnet32,0.4216,0.414,1.8048200935802676,1.8048200935802676,0.0,resnet32,0.3569,0.3438,1.8148442752320657,1.8148442752320657,0.0,0.0,0.0,0.0,0.0,0.0
wrn28x10x4-resnet32x4_cifar100_K8_indep_seed0003_d001,d001,"wrn28x10:4,resnet32:4",cifar100,8,indep,indep,peers,3,200,64,0.1,0.9,0.0005,True,0,60,0.1,1.0,1,,disagreement,1.0,1,0.0,0.5,weight,complete,0.0,0.0,42,0,45000,5000,10000,148027552,44,0.1,0,132.6,0.4255375,0.04468654544435048,0.3661,0.4802,0.5398,0.11426249999999993,0.42085,0.5368,0.5761071428571428,0.47171750952056496,0.5778928571428572,0.46493178015132275,0.3891,0.46197499999999997,wrn28x10,0.4329,0.4304,1.4615180621939627,1.4615180621939627,0.0,wrn28x10,0.4665,0.457,1.454176596958529,1.454176596958529,0.0,wrn28x10,0.4802,0.4816,1.4615787770599127,1.4615787770599127,0.0,wrn28x10,0.4683,0.465,1.4584872940216551,1.4584872940216551,0.0,resnet32,0.4444,0.4348,1.84340168857439,1.84340168857439,0.0,resnet32,0.3711,0.3738,1.8155938688326965,1.8155938688326965,0.0,resnet32,0.3748,0.3702,1.799146560782736,1.799146560782736,0.0,resnet32,0.3661,0.354,1.8109107987785882,1.8109107987785882,0.0,0.0,0.0,0.0,0.0,0.0
wrn28x10x4-resnet32x4_cifar100_K8_indep_seed0003_d001,d001,"wrn28x10:4,resnet32:4",cifar100,8,indep,indep,peers,3,200,64,0.1,0.9,0.0005,True,0,60,0.1,1.0,1,,disagreement,1.0,1,0.0,0.5,weight,complete,0.0,0.0,42,0,45000,5000,10000,148027552,45,0.1,0,132.69,0.38522500000000004,0.04097370345721754,0.3193,0.4535,0.4801,0.09487499999999999,0.3849,0.4842,0.5966857142857142,0.45372774685139483,0.591542857142857,0.4571068797692102,0.3986,0.37184999999999996,wrn28x10,0.3943,0.394,1.4573963503776626,1.4573963503776626,0.0,wrn28x10,0.3438,0.3376,1.4541555807333102,1.4541555807333102,0.0,wrn28x10,0.43,0.4334,1.4539366585456512,1.4539366585456512,0.0,wrn28x10,0.3193,0.3332,1.4563556793569163,1.4563556793569163,0.0,resnet32,0.4535,0.4538,1.840039437128739,1.840039437128739,0.0,resnet32,0.3707,0.3648,1.8113276181234554,1.8113276181234554,0.0,resnet32,0.3994,0.3978,1.8088940740986303,1.8088940740986303,0.0,resnet32,0.3708,0.3646,1.814581666480411,1.814581666480411,0.0,0.0,0.0,0.0,0.0,0.0
wrn28x10x4-resnet32x4_cifar100_K8_indep_seed0003_d001,d001,"wrn28x10:4,resnet32:4",cifar100,8,indep,indep,peers,3,200,64,0.1,0.9,0.0005,True,0,60,0.1,1.0,1,,disagreement,1.0,1,0.0,0.5,weight,complete,0.0,0.0,42,0,45000,5000,10000,148027552,46,0.1,0,135.41,0.451125,0.04153702414713891,0.4027,0.5057,0.5576,0.10647499999999999,0.451225,0.56,0.5401142857142858,0.482649315187675,0.5402250000000001,0.49301952684249706,0.422375,0.47987500000000005,wrn28x10,0.4936,0.4992,1.4616597206755118,1.4616597206755118,0.0,wrn28x10,0.5036,0.4982,1.454911911690777,1.454911911690777,0.0,wrn28x10,0.5057,0.5072,1.4632725597951899,1.4632725597951899,0.0,wrn28x10,0.4166,0.4216,1.4610487441955642,1.4610487441955642,0.0,resnet32,0.4027,0.4048,1.8425243110819296,1.8425243110819296,0.0,resnet32,0.4528,0.4606,1.8133172335272485,1.8133172335272485,0.0,resnet32,0.4029,0.397,1.8002589328045195,1.8002589328045195,0.0,resnet32,0.4311,0.4212,1.8136288466101342,1.8136288466101342,0.0,0.0,0.0,0.0,0.0,0.0
wrn28x10x4-resnet32x4_cifar100_K8_indep_seed0003_d001,d001,"wrn28x10:4,resnet32:4",cifar100,8,indep,indep,peers,3,200,64,0.1,0.9,0.0005,True,0,60,0.1,1.0,1,,disagreement,1.0,1,0.0,0.5,weight,complete,0.0,0.0,42,0,45000,5000,10000,148027552,47,0.1,0,132.7,0.46052499999999996,0.03942238418715946,0.3827,0.5123,0.5548,0.094275,0.464125,0.5544,0.5024357142857142,0.5184491650940336,0.5092178571428572,0.5177207878133013,0.4319,0.48915000000000003,wrn28x10,0.4816,0.4886,1.46387829140506,1.46387829140506,0.0,wrn28x10,0.4999,0.5094,1.4596009247682311,1.4596009247682311,0.0,wrn28x10,0.4628,0.4728,1.4557835563001307,1.4557835563001307,0.0,wrn28x10,0.5123,0.5048,1.454676651226526,1.454676651226526,0.0,resnet32,0.3827,0.3814,1.8347525870935484,1.8347525870935484,0.0,resnet32,0.464,0.468,1.8152213100005279,1.8152213100005279,0.0,resnet32,0.4195,0.4188,1.805982669815421,1.805982669815421,0.0,resnet32,0.4614,0.4692,1.8121412206779828,1.8121412206779828,0.0,0.0,0.0,0.0,0.0,0.0
wrn28x10x4-resnet32x4_cifar100_K8_indep_seed0003_d001,d001,"wrn28x10:4,resnet32:4",cifar100,8,indep,indep,peers,3,200,64,0.1,0.9,0.0005,True,0,60,0.1,1.0,1,,disagreement,1.0,1,0.0,0.5,weight,complete,0.0,0.0,42,0,45000,5000,10000,148027552,48,0.1,0,132.5,0.4403375,0.02591543639898816,0.3989,0.4697,0.541,0.10066250000000004,0.43832499999999996,0.5346,0.5303785714285714,0.5127847065765165,0.5399821428571429,0.5121152946596441,0.42164999999999997,0.459025,wrn28x10,0.4633,0.4602,1.4517783219502731,1.4517783219502731,0.0,wrn28x10,0.4661,0.4722,1.4538095963441513,1.4538095963441513,0.0,wrn28x10,0.4697,0.4646,1.452943328768015,1.452943328768015,0.0,wrn28x10,0.437,0.4308,1.460283138958568,1.460283138958568,0.0,resnet32,0.4365,0.4408,1.8397444601763377,1.8397444601763377,0.0,resnet32,0.3989,0.403,1.8061398020522161,1.8061398020522161,0.0,resnet32,0.4017,0.4,1.7942483360794457,1.7942483360794457,0.0,resnet32,0.4495,0.435,1.807343254712495,1.807343254712495,0.0,0.0,0.0,0.0,0.0,0.0
wrn28x10x4-resnet32x4_cifar100_K8_indep_seed0003_d001,d001,"wrn28x10:4,resnet32:4",cifar100,8,indep,indep,peers,3,200,64,0.1,0.9,0.0005,True,0,60,0.1,1.0,1,,disagreement,1.0,1,0.0,0.5,weight,complete,0.0,0.0,42,0,45000,5000,10000,148027552,49,0.1,0,132.63,0.4231375,0.06458761370224171,0.2945,0.5211,0.5395,0.11636249999999998,0.42452500000000004,0.5282,0.5641285714285714,0.4825259367154639,0.567525,0.4835384339158596,0.409625,0.43665,wrn28x10,0.2945,0.2996,1.454655186188492,1.454655186188492,0.0,wrn28x10,0.4562,0.4544,1.4548555395819924,1.4548555395819924,0.0,wrn28x10,0.5211,0.5198,1.4591486760499803,1.4591486760499803,0.0,wrn28x10,0.4748,0.4752,1.4566418920558961,1.4566418920558961,0.0,resnet32,0.3796,0.3798,1.8299887896600096,1.8299887896600096,0.0,resnet32,0.4214,0.4306,1.806903351098299,1.806903351098299,0.0,resnet32,0.3911,0.3906,1.7953379670666023,1.7953379670666023,0.0,resnet32,0.4464,0.4462,1.8123820337720893,1.8123820337720893,0.0,0.0,0.0,0.0,0.0,0.0
wrn28x10x4-resnet32x4_cifar100_K8_indep_seed0003_d001,d001,"wrn28x10:4,resnet32:4",cifar100,8,indep,indep,peers,3,200,64,0.1,0.9,0.0005,True,0,60,0.1,1.0,1,,disagreement,1.0,1,0.0,0.5,weight,complete,0.0,0.0,42,0,45000,5000,10000,148027552,50,0.1,0,132.57,0.37665,0.024393492984810517,0.352,0.421,0.4619,0.08524999999999999,0.37655000000000005,0.4598,0.5966642857142856,0.4957428572915369,0.5979142857142857,0.5047875283339885,0.378875,0.374425,wrn28x10,0.421,0.4234,1.450355541553687,1.450355541553687,0.0,wrn28x10,0.3645,0.378,1.44486412812363,1.44486412812363,0.0,wrn28x10,0.352,0.3614,1.4463415203446692,1.4463415203446692,0.0,wrn28x10,0.3602,0.3638,1.4552794869311831,1.4552794869311831,0.0,resnet32,0.3663,0.3552,1.8301667438989335,1.8301667438989335,0.0,resnet32,0.4061,0.4006,1.8066832450303165,1.8066832450303165,0.0,resnet32,0.3908,0.3878,1.7911535377868197,1.7911535377868197,0.0,resnet32,0.3523,0.3422,1.797142830761996,1.797142830761996,0.0,0.0,0.0,0.0,0.0,0.0
wrn28x10x4-resnet32x4_cifar100_K8_indep_seed0003_d001,d001,"wrn28x10:4,resnet32:4",cifar100,8,indep,indep,peers,3,200,64,0.1,0.9,0.0005,True,0,60,0.1,1.0,1,,disagreement,1.0,1,0.0,0.5,weight,complete,0.0,0.0,42,0,45000,5000,10000,148027552,51,0.1,0,132.58,0.453175,0.021655065804564062,0.4152,0.4834,0.5366,0.08342499999999997,0.44482499999999997,0.5334,0.5067999999999999,0.5342691211210712,0.5087749999999999,0.5325154324336385,0.44425,0.46209999999999996,wrn28x10,0.4834,0.4782,1.4550742401148786,1.4550742401148786,0.0,wrn28x10,0.4274,0.4154,1.4441628774458712,1.4441628774458712,0.0,wrn28x10,0.469,0.458,1.4419266425750472,1.4419266425750472,0.0,wrn28x10,0.4686,0.4676,1.4505679134956815,1.4505679134956815,0.0,resnet32,0.4516,0.442,1.8303143322806468,1.8303143322806468,0.0,resnet32,0.4659,0.4576,1.8022649193351918,1.8022649193351918,0.0,resnet32,0.4152,0.4012,1.7975395858626475,1.7975395858626475,0.0,resnet32,0.4443,0.4386,1.8006981306455352,1.8006981306455352,0.0,0.0,0.0,0.0,0.0,0.0
wrn28x10x4-resnet32x4_cifar100_K8_indep_seed0003_d001,d001,"wrn28x10:4,resnet32:4",cifar100,8,indep,indep,peers,3,200,64,0.1,0.9,0.0005,True,0,60,0.1,1.0,1,,disagreement,1.0,1,0.0,0.5,weight,complete,0.0,0.0,42,0,45000,5000,10000,148027552,52,0.1,0,132.6,0.39583749999999995,0.032950414925308605,0.3241,0.4328,0.4826,0.08676250000000002,0.394075,0.4896,0.5750928571428572,0.48222394177085265,0.5715107142857142,0.4997452026465596,0.403275,0.38839999999999997,wrn28x10,0.3241,0.3278,1.443826379085129,1.443826379085129,0.0,wrn28x10,0.4328,0.4264,1.4503411185843023,1.4503411185843023,0.0,wrn28x10,0.4072,0.4098,1.4464339516548947,1.4464339516548947,0.0,wrn28x10,0.3895,0.3918,1.4484077408401803,1.4484077408401803,0.0,resnet32,0.3673,0.3574,1.821623625572432,1.821623625572432,0.0,resnet32,0.4173,0.4204,1.800937727263028,1.800937727263028,0.0,resnet32,0.4193,0.422,1.7914377528835426,1.7914377528835426,0.0,resnet32,0.4092,0.397,1.800786498764699,1.800786498764699,0.0,0.0,0.0,0.0,0.0,0.0
wrn28x10x4-resnet32x4_cifar100_K8_indep_seed0003_d001,d001,"wrn28x10:4,resnet32:4",cifar100,8,indep,indep,peers,3,200,64,0.1,0.9,0.0005,True,0,60,0.1,1.0,1,,disagreement,1.0,1,0.0,0.5,weight,complete,0.0,0.0,42,0,45000,5000,10000,148027552,53,0.1,0,134.8,0.436475,0.02479534986645681,0.3953,0.4668,0.5545,0.11802499999999999,0.4375,0.5554,0.5691071428571429,0.4728635200838104,0.5728642857142857,0.4721712651563826,0.4353,0.43765000000000004,wrn28x10,0.4045,0.4022,1.4528299068016084,1.4528299068016084,0.0,wrn28x10,0.4472,0.4652,1.4483185567131096,1.4483185567131096,0.0,wrn28x10,0.4439,0.4482,1.4542054284194654,1.4542054284194654,0.0,wrn28x10,0.455,0.4634,1.4481184606186368,1.4481184606186368,0.0,resnet32,0.4202,0.4106,1.8249425568025222,1.8249425568025222,0.0,resnet32,0.4589,0.4604,1.8079516806385734,1.8079516806385734,0.0,resnet32,0.3953,0.3856,1.791400306942788,1.791400306942788,0.0,resnet32,0.4668,0.4644,1.8045202764597805,1.8045202764597805,0.0,0.0,0.0,0.0,0.0,0.0
wrn28x10x4-resnet32x4_cifar100_K8_indep_seed0003_d001,d001,"wrn28x10:4,resnet32:4",cifar100,8,indep,indep,peers,3,200,64,0.1,0.9,0.0005,True,0,60,0.1,1.0,1,,disagreement,1.0,1,0.0,0.5,weight,complete,0.0,0.0,42,0,45000,5000,10000,148027552,54,0.1,0,132.55,0.4229,0.04488379440287997,0.3524,0.4755,0.5224,0.09949999999999998,0.42089999999999994,0.5246,0.5528142857142856,0.48782761023234406,0.5540178571428571,0.4851332757977181,0.382625,0.463175,wrn28x10,0.4517,0.4542,1.4507613448764791,1.4507613448764791,0.0,wrn28x10,0.4733,0.4838,1.4476908820427277,1.4476908820427277,0.0,wrn28x10,0.4522,0.4632,1.452796528031203,1.452796528031203,0.0,wrn28x10,0.4755,0.473,1.4521351515908132,1.4521351515908132,0.0,resnet32,0.3524,0.34,1.827556098388,1.827556098388,0.0,resnet32,0.3652,0.3516,1.8100510180335154,1.8100510180335154,0.0,resnet32,0.3946,0.3842,1.7876450822434642,1.7876450822434642,0.0,resnet32,0.4183,0.4172,1.7996754864738747,1.7996754864738747,0.0,0.0,0.0,0.0,0.0,0.0
wrn28x10x4-resnet32x4_cifar100_K8_indep_seed0003_d001,d001,"wrn28x10:4,resnet32:4",cifar100,8,indep,indep,peers,3,200,64,0.1,0.9,0.0005,True,0,60,0.1,1.0,1,,disagreement,1.0,1,0.0,0.5,weight,complete,0.0,0.0,42,0,45000,5000,10000,148027552,55,0.1,0,132.32,0.42255000000000004,0.025394684483174824,0.3816,0.4601,0.5233,0.10074999999999995,0.42060000000000003,0.52,0.5565285714285715,0.4926775400496008,0.5609785714285713,0.48823470878671404,0.417425,0.42767499999999997,wrn28x10,0.4491,0.4404,1.4465806254778395,1.4465806254778395,0.0,wrn28x10,0.4601,0.4648,1.442330836403099,1.442330836403099,0.0,wrn28x10,0.4199,0.4238,1.443121519363062,1.443121519363062,0.0,wrn28x10,0.3816,0.3802,1.4457126005806706,1.4457126005806706,0.0,resnet32,0.4049,0.4008,1.8182774428278208,1.8182774428278208,0.0,resnet32,0.443,0.4352,1.8056757052175023,1.8056757052175023,0.0,resnet32,0.4243,0.4186,1.7910973358560691,1.7910973358560691,0.0,resnet32,0.3975,0.401,1.7942216890779408,1.7942216890779408,0.0,0.0,0.0,0.0,0.0,0.0
wrn28x10x4-resnet32x4_cifar100_K8_indep_seed0003_d001,d001,"wrn28x10:4,resnet32:4",cifar100,8,indep,indep,peers,3,200,64,0.1,0.9,0.0005,True,0,60,0.1,1.0,1,,disagreement,1.0,1,0.0,0.5,weight,complete,0.0,0.0,42,0,45000,5000,10000,148027552,56,0.1,0,132.37,0.41183749999999997,0.029642660874995688,0.3819,0.4643,0.5136,0.10176249999999998,0.409625,0.5102,0.5718857142857144,0.48992671615262146,0.5733821428571428,0.4897388343198541,0.39717500000000006,0.4265,wrn28x10,0.3979,0.3906,1.4402154942297123,1.4402154942297123,0.0,wrn28x10,0.4643,0.4712,1.439060946841809,1.439060946841809,0.0,wrn28x10,0.3873,0.3802,1.4279102674600752,1.4279102674600752,0.0,wrn28x10,0.4565,0.4532,1.439565086229281,1.439565086229281,0.0,resnet32,0.3898,0.388,1.8177957157181068,1.8177957157181068,0.0,resnet32,0.3819,0.384,1.7939414624124765,1.7939414624124765,0.0,resnet32,0.4149,0.4096,1.7835472388701006,1.7835472388701006,0.0,resnet32,0.4021,0.4002,1.7917884105647153,1.7917884105647153,0.0,0.0,0.0,0.0,0.0,0.0
wrn28x10x4-resnet32x4_cifar100_K8_indep_seed0003_d001,d001,"wrn28x10:4,resnet32:4",cifar100,8,indep,indep,peers,3,200,64,0.1,0.9,0.0005,True,0,60,0.1,1.0,1,,disagreement,1.0,1,0.0,0.5,weight,complete,0.0,0.0,42,0,45000,5000,10000,148027552,57,0.1,0,132.42,0.43062500000000004,0.045745594050137776,0.3469,0.4991,0.5398,0.10917499999999991,0.4223,0.5318,0.5756071428571428,0.469553921568345,0.5664535714285714,0.48196042291377655,0.42772499999999997,0.43352499999999994,wrn28x10,0.4771,0.4608,1.4441364559937606,1.4441364559937606,0.0,wrn28x10,0.411,0.4194,1.4365526068616996,1.4365526068616996,0.0,wrn28x10,0.3469,0.336,1.4424318999729373,1.4424318999729373,0.0,wrn28x10,0.4991,0.4908,1.4461634338579394,1.4461634338579394,0.0,resnet32,0.4341,0.4224,1.8200817142020573,1.8200817142020573,0.0,resnet32,0.4654,0.4568,1.796036059036851,1.796036059036851,0.0,resnet32,0.4016,0.3942,1.7890401753512295,1.7890401753512295,0.0,resnet32,0.4098,0.398,1.7985549802807244,1.7985549802807244,0.0,0.0,0.0,0.0,0.0,0.0
wrn28x10x4-resnet32x4_cifar100_K8_indep_seed0003_d001,d001,"wrn28x10:4,resnet32:4",cifar100,8,indep,indep,peers,3,200,64,0.1,0.9,0.0005,True,0,60,0.1,1.0,1,,disagreement,1.0,1,0.0,0.5,weight,complete,0.0,0.0,42,0,45000,5000,10000,148027552,58,0.1,0,132.42,0.4481625,0.023261176749038305,0.4204,0.4848,0.5514,0.10323749999999998,0.445575,0.5534,0.5405857142857143,0.4839497088530699,0.5413821428571429,0.48474282100372124,0.42755,0.468775,wrn28x10,0.4848,0.484,1.441698327575895,1.441698327575895,0.0,wrn28x10,0.4581,0.4534,1.4418353965844621,1.4418353965844621,0.0,wrn28x10,0.4539,0.4588,1.4446603647348555,1.4446603647348555,0.0,wrn28x10,0.4783,0.471,1.4460940167138523,1.4460940167138523,0.0,resnet32,0.4204,0.4184,1.8268868388100103,1.8268868388100103,0.0,resnet32,0.4254,0.4236,1.7995523105968128,1.7995523105968128,0.0,resnet32,0.4408,0.4338,1.7861151781610467,1.7861151781610467,0.0,resnet32,0.4236,0.4216,1.7969321059909733,1.7969321059909733,0.0,0.0,0.0,0.0,0.0,0.0
wrn28x10x4-resnet32x4_cifar100_K8_indep_seed0003_d001,d001,"wrn28x10:4,resnet32:4",cifar100,8,indep,indep,peers,3,200,64,0.1,0.9,0.0005,True,0,60,0.1,1.0,1,,disagreement,1.0,1,0.0,0.5,weight,complete,0.0,0.0,42,0,45000,5000,10000,148027552,59,0.1,0,133.49,0.4166625,0.02268848482710999,0.3791,0.447,0.5261,0.10943750000000002,0.41655,0.5318,0.5855785714285714,0.4681440686494186,0.5853357142857144,0.47279802877507443,0.42347499999999993,0.40985,wrn28x10,0.3791,0.3858,1.4467763563787395,1.4467763563787395,0.0,wrn28x10,0.446,0.4502,1.4456244087354704,1.4456244087354704,0.0,wrn28x10,0.3913,0.4,1.443984562700445,1.443984562700445,0.0,wrn28x10,0.423,0.421,1.4489172112027353,1.4489172112027353,0.0,resnet32,0.4271,0.4302,1.8166423570364714,1.8166423570364714,0.0,resnet32,0.447,0.4478,1.7998495064675808,1.7998495064675808,0.0,resnet32,0.4053,0.3944,1.7914418991316448,1.7914418991316448,0.0,resnet32,0.4145,0.403,1.8009523386982353,1.8009523386982353,0.0,0.0,0.0,0.0,0.0,0.0
wrn28x10x4-resnet32x4_cifar100_K8_indep_seed0003_d001,d001,"wrn28x10:4,resnet32:4",cifar100,8,indep,indep,peers,3,200,64,0.1,0.9,0.0005,True,0,60,0.1,1.0,1,,disagreement,1.0,1,0.0,0.5,weight,complete,0.0,0.0,42,0,45000,5000,10000,148027552,60,0.010000000000000002,0,132.49,0.66725,0.04049305496007927,0.6257,0.7112,0.7213,0.05405000000000004,0.66515,0.719,0.26944285714285715,0.6412086176739137,0.26838928571428566,0.6514549639936374,0.6268,0.7077,wrn28x10,0.7056,0.7088,0.9100570917044851,0.9100570917044851,0.0,wrn28x10,0.7112,0.7144,0.90840690841221,0.90840690841221,0.0,wrn28x10,0.7085,0.7118,0.9099505937404253,0.9099505937404253,0.0,wrn28x10,0.7055,0.7044,0.904975313693285,0.904975313693285,0.0,resnet32,0.6266,0.6182,1.3522651347924362,1.3522651347924362,0.0,resnet32,0.6261,0.6234,1.3206530441953377,1.3206530441953377,0.0,resnet32,0.6288,0.6206,1.3098573085259309,1.3098573085259309,0.0,resnet32,0.6257,0.6196,1.3289598881013014,1.3289598881013014,0.0,0.0,0.0,0.0,0.0,0.0
wrn28x10x4-resnet32x4_cifar100_K8_indep_seed0003_d001,d001,"wrn28x10:4,resnet32:4",cifar100,8,indep,indep,peers,3,200,64,0.1,0.9,0.0005,True,0,60,0.1,1.0,1,,disagreement,1.0,1,0.0,0.5,weight,complete,0.0,0.0,42,0,45000,5000,10000,148027552,61,0.010000000000000002,0,132.41,0.6773125,0.04278166772988168,0.6288,0.7247,0.7331,0.05578749999999999,0.67565,0.734,0.26037857142857146,0.644076657720916,0.26550714285714283,0.6451550960137664,0.63475,0.719875,wrn28x10,0.713,0.7132,0.7397847910496321,0.7397847910496321,0.0,wrn28x10,0.7201,0.7212,0.7421313976360993,0.7421313976360993,0.0,wrn28x10,0.7247,0.7268,0.7382504930719733,0.7382504930719733,0.0,wrn28x10,0.7217,0.7196,0.7393388660963286,0.7393388660963286,0.0,resnet32,0.6288,0.627,1.210878279398788,1.210878279398788,0.0,resnet32,0.64,0.6328,1.180735200474208,1.180735200474208,0.0,resnet32,0.6376,0.633,1.1702127340673045,1.1702127340673045,0.0,resnet32,0.6326,0.6316,1.1890001779591495,1.1890001779591495,0.0,0.0,0.0,0.0,0.0,0.0
wrn28x10x4-resnet32x4_cifar100_K8_indep_seed0003_d001,d001,"wrn28x10:4,resnet32:4",cifar100,8,indep,indep,peers,3,200,64,0.1,0.9,0.0005,True,0,60,0.1,1.0,1,,disagreement,1.0,1,0.0,0.5,weight,complete,0.0,0.0,42,0,45000,5000,10000,148027552,62,0.010000000000000002,0,132.64,0.6808000000000001,0.04178082694251037,0.6359,0.7304,0.7396,0.05879999999999996,0.6775249999999999,0.734,0.27138571428571423,0.6270232225944392,0.2726607142857143,0.628063560890884,0.6393500000000001,0.7222500000000001,wrn28x10,0.7152,0.725,0.6711909656243568,0.6711909656243568,0.0,wrn28x10,0.7276,0.7298,0.6698329002088443,0.6698329002088443,0.0,wrn28x10,0.7304,0.7292,0.6658929495818235,0.6658929495818235,0.0,wrn28x10,0.7158,0.7128,0.6694811077534475,0.6694811077534475,0.0,resnet32,0.6359,0.633,1.1571911987425252,1.1571911987425252,0.0,resnet32,0.6428,0.6354,1.1281800561330535,1.1281800561330535,0.0,resnet32,0.6371,0.6298,1.1132297343997792,1.1132297343997792,0.0,resnet32,0.6416,0.6252,1.1308065134693275,1.1308065134693275,0.0,0.0,0.0,0.0,0.0,0.0
wrn28x10x4-resnet32x4_cifar100_K8_indep_seed0003_d001,d001,"wrn28x10:4,resnet32:4",cifar100,8,indep,indep,peers,3,200,64,0.1,0.9,0.0005,True,0,60,0.1,1.0,1,,disagreement,1.0,1,0.0,0.5,weight,complete,0.0,0.0,42,0,45000,5000,10000,148027552,63,0.010000000000000002,0,132.65,0.6828875000000001,0.04416079815571727,0.6358,0.7291,0.7468,0.06391249999999993,0.6815249999999999,0.7452,0.2785357142857143,0.6144319889530384,0.2796571428571429,0.6143175486576825,0.6387999999999999,0.726975,wrn28x10,0.7291,0.7268,0.62014341739599,0.62014341739599,0.0,wrn28x10,0.7234,0.7344,0.6230481642044403,0.6230481642044403,0.0,wrn28x10,0.7288,0.7348,0.6180527348663997,0.6180527348663997,0.0,wrn28x10,0.7266,0.7264,0.6239257705905898,0.6239257705905898,0.0,resnet32,0.6358,0.6254,1.1212228683924133,1.1212228683924133,0.0,resnet32,0.6426,0.6394,1.0938747869804502,1.0938747869804502,0.0,resnet32,0.6365,0.6356,1.0828958569433202,1.0828958569433202,0.0,resnet32,0.6403,0.6294,1.096961205994541,1.096961205994541,0.0,0.0,0.0,0.0,0.0,0.0
wrn28x10x4-resnet32x4_cifar100_K8_indep_seed0003_d001,d001,"wrn28x10:4,resnet32:4",cifar100,8,indep,indep,peers,3,200,64,0.1,0.9,0.0005,True,0,60,0.1,1.0,1,,disagreement,1.0,1,0.0,0.5,weight,complete,0.0,0.0,42,0,45000,5000,10000,148027552,64,0.010000000000000002,0,132.6,0.687975,0.04264893756003775,0.641,0.733,0.7501,0.062124999999999986,0.6888000000000001,0.754,0.27166428571428575,0.607264684903533,0.2734,0.6162816663449312,0.6454,0.73055,wrn28x10,0.729,0.7338,0.5738541609607637,0.5738541609607637,0.0,wrn28x10,0.7279,0.7346,0.5765535984272984,0.5765535984272984,0.0,wrn28x10,0.733,0.7406,0.5701891702430492,0.5701891702430492,0.0,wrn28x10,0.7323,0.7294,0.5764206925576384,0.5764206925576384,0.0,resnet32,0.641,0.6418,1.0904362885789438,1.0904362885789438,0.0,resnet32,0.6488,0.6472,1.0658204732462764,1.0658204732462764,0.0,resnet32,0.6464,0.6446,1.0485397273335944,1.0485397273335944,0.0,resnet32,0.6454,0.6384,1.0677513925527984,1.0677513925527984,0.0,0.0,0.0,0.0,0.0,0.0
wrn28x10x4-resnet32x4_cifar100_K8_indep_seed0003_d001,d001,"wrn28x10:4,resnet32:4",cifar100,8,indep,indep,peers,3,200,64,0.1,0.9,0.0005,True,0,60,0.1,1.0,1,,disagreement,1.0,1,0.0,0.5,weight,complete,0.0,0.0,42,0,45000,5000,10000,148027552,65,0.010000000000000002,0,133.96,0.682625,0.041961165081537,0.6365,0.7272,0.7512,0.06857499999999994,0.680375,0.7536,0.2868785714285714,0.5999478157775269,0.28857857142857146,0.6004906048375963,0.6407999999999999,0.72445,wrn28x10,0.7222,0.724,0.5368179164996202,0.5368179164996202,0.0,wrn28x10,0.7259,0.7296,0.5411405243318189,0.5411405243318189,0.0,wrn28x10,0.7272,0.7336,0.5347258589992469,0.5347258589992469,0.0,wrn28x10,0.7225,0.7164,0.542421493975615,0.542421493975615,0.0,resnet32,0.6365,0.6316,1.0684975303540176,1.0684975303540176,0.0,resnet32,0.6414,0.6332,1.0435345057736745,1.0435345057736745,0.0,resnet32,0.6475,0.6406,1.027091428214176,1.027091428214176,0.0,resnet32,0.6378,0.634,1.0449847838926045,1.0449847838926045,0.0,0.0,0.0,0.0,0.0,0.0
wrn28x10x4-resnet32x4_cifar100_K8_indep_seed0003_d001,d001,"wrn28x10:4,resnet32:4",cifar100,8,indep,indep,peers,3,200,64,0.1,0.9,0.0005,True,0,60,0.1,1.0,1,,disagreement,1.0,1,0.0,0.5,weight,complete,0.0,0.0,42,0,45000,5000,10000,148027552,66,0.010000000000000002,0,133.61,0.6873875,0.041767284969818186,0.6424,0.7312,0.7594,0.07201249999999992,0.690075,0.7622,0.28204285714285715,0.5951848757907926,0.28638214285714286,0.5968474773343259,0.645725,0.72905,wrn28x10,0.7312,0.7358,0.5087284772572193,0.5087284772572193,0.0,wrn28x10,0.7296,0.7382,0.5117787340105596,0.5117787340105596,0.0,wrn28x10,0.7286,0.7376,0.5130286187314513,0.5130286187314513,0.0,wrn28x10,0.7268,0.7328,0.5113974639680237,0.5113974639680237,0.0,resnet32,0.6432,0.6458,1.0574044177139348,1.0574044177139348,0.0,resnet32,0.6451,0.64,1.033895342187448,1.033895342187448,0.0,resnet32,0.6522,0.6464,1.0155606031925841,1.0155606031925841,0.0,resnet32,0.6424,0.644,1.0338913453742862,1.0338913453742862,0.0,0.0,0.0,0.0,0.0,0.0
wrn28x10x4-resnet32x4_cifar100_K8_indep_seed0003_d001,d001,"wrn28x10:4,resnet32:4",cifar100,8,indep,indep,peers,3,200,64,0.1,0.9,0.0005,True,0,60,0.1,1.0,1,,disagreement,1.0,1,0.0,0.5,weight,complete,0.0,0.0,42,0,45000,5000,10000,148027552,67,0.010000000000000002,0,135.32,0.6830375,0.04212884811800579,0.6371,0.7317,0.7537,0.07066250000000007,0.683725,0.7582,0.29340000000000005,0.5827279143023413,0.2946821428571429,0.5901283345919249,0.6412,0.7248749999999999,wrn28x10,0.7159,0.722,0.48253579359416937,0.48253579359416937,0.0,wrn28x10,0.726,0.725,0.4839183617044579,0.4839183617044579,0.0,wrn28x10,0.7317,0.7306,0.48028270551003516,0.48028270551003516,0.0,wrn28x10,0.7259,0.7284,0.4827913052868098,0.4827913052868098,0.0,resnet32,0.6376,0.6346,1.044280838390643,1.044280838390643,0.0,resnet32,0.6469,0.6424,1.0168555801395665,1.0168555801395665,0.0,resnet32,0.6432,0.6444,0.9989174327559092,0.9989174327559092,0.0,resnet32,0.6371,0.6424,1.0180786670270292,1.0180786670270292,0.0,0.0,0.0,0.0,0.0,0.0
wrn28x10x4-resnet32x4_cifar100_K8_indep_seed0003_d001,d001,"wrn28x10:4,resnet32:4",cifar100,8,indep,indep,peers,3,200,64,0.1,0.9,0.0005,True,0,60,0.1,1.0,1,,disagreement,1.0,1,0.0,0.5,weight,complete,0.0,0.0,42,0,45000,5000,10000,148027552,68,0.010000000000000002,0,135.33,0.6835624999999999,0.037163286234535284,0.6434,0.7279,0.7575,0.0739375000000001,0.6840999999999999,0.7568,0.29797857142857154,0.5739471007798947,0.29783214285714277,0.5811163048846326,0.6465749999999999,0.7205499999999999,wrn28x10,0.7171,0.7216,0.45304099531759595,0.45304099531759595,0.0,wrn28x10,0.7279,0.724,0.45658087569542904,0.45658087569542904,0.0,wrn28x10,0.719,0.726,0.45357168300754647,0.45357168300754647,0.0,wrn28x10,0.7182,0.7234,0.4573729759378528,0.4573729759378528,0.0,resnet32,0.6473,0.646,1.03069792391563,1.03069792391563,0.0,resnet32,0.6449,0.6406,1.0049320014024323,1.0049320014024323,0.0,resnet32,0.6507,0.6456,0.989794922484593,0.989794922484593,0.0,resnet32,0.6434,0.6456,1.0058999703350393,1.0058999703350393,0.0,0.0,0.0,0.0,0.0,0.0
wrn28x10x4-resnet32x4_cifar100_K8_indep_seed0003_d001,d001,"wrn28x10:4,resnet32:4",cifar100,8,indep,indep,peers,3,200,64,0.1,0.9,0.0005,True,0,60,0.1,1.0,1,,disagreement,1.0,1,0.0,0.5,weight,complete,0.0,0.0,42,0,45000,5000,10000,148027552,69,0.010000000000000002,0,135.42,0.6775875,0.04111989899975434,0.6326,0.7299,0.75,0.07241249999999999,0.6763250000000001,0.7448,0.3009285714285714,0.5826485691167977,0.3002857142857142,0.5896332550476097,0.6370500000000001,0.7181249999999999,wrn28x10,0.7202,0.724,0.43703080199404876,0.43703080199404876,0.0,wrn28x10,0.7137,0.7144,0.4331842814148827,0.4331842814148827,0.0,wrn28x10,0.7087,0.708,0.42530886439437215,0.42530886439437215,0.0,wrn28x10,0.7299,0.7258,0.43344110174273903,0.43344110174273903,0.0,resnet32,0.6341,0.6286,1.0170415987006642,1.0170415987006642,0.0,resnet32,0.6347,0.6322,0.9967299996959892,0.9967299996959892,0.0,resnet32,0.6468,0.6374,0.9777411232617769,0.9777411232617769,0.0,resnet32,0.6326,0.6402,0.9929170777005228,0.9929170777005228,0.0,0.0,0.0,0.0,0.0,0.0
wrn28x10x4-resnet32x4_cifar100_K8_indep_seed0003_d001,d001,"wrn28x10:4,resnet32:4",cifar100,8,indep,indep,peers,3,200,64,0.1,0.9,0.0005,True,0,60,0.1,1.0,1,,disagreement,1.0,1,0.0,0.5,weight,complete,0.0,0.0,42,0,45000,5000,10000,148027552,70,0.010000000000000002,0,133.66,0.6814125,0.04127797346951518,0.6347,0.7314,0.759,0.07758750000000003,0.68225,0.7614,0.3077071428571429,0.5635077455954173,0.3076535714285714,0.5689482052583674,0.640475,0.72235,wrn28x10,0.7172,0.7268,0.41486689293841744,0.41486689293841744,0.0,wrn28x10,0.721,0.7244,0.4219949815464629,0.4219949815464629,0.0,wrn28x10,0.7314,0.728,0.40772118271243846,0.40772118271243846,0.0,wrn28x10,0.7198,0.7162,0.4201918203722347,0.4201918203722347,0.0,resnet32,0.6347,0.6436,1.0099548418921502,1.0099548418921502,0.0,resnet32,0.6424,0.636,0.9889692553234372,0.9889692553234372,0.0,resnet32,0.648,0.6396,0.9669610608623109,0.9669610608623109,0.0,resnet32,0.6368,0.6434,0.9839873509481549,0.9839873509481549,0.0,0.0,0.0,0.0,0.0,0.0
wrn28x10x4-resnet32x4_cifar100_K8_indep_seed0003_d001,d001,"wrn28x10:4,resnet32:4",cifar100,8,indep,indep,peers,3,200,64,0.1,0.9,0.0005,True,0,60,0.1,1.0,1,,disagreement,1.0,1,0.0,0.5,weight,complete,0.0,0.0,42,0,45000,5000,10000,148027552,71,0.010000000000000002,0,132.54,0.6729625,0.04132220763403136,0.6239,0.7183,0.7526,0.07963750000000003,0.674925,0.7562,0.3197,0.5490626253646574,0.32158571428571425,0.5581820836768223,0.63185,0.714075,wrn28x10,0.7101,0.7114,0.39693511474284937,0.39693511474284937,0.0,wrn28x10,0.7183,0.7184,0.40353009616956115,0.40353009616956115,0.0,wrn28x10,0.7155,0.715,0.3966305727477778,0.3966305727477778,0.0,wrn28x10,0.7124,0.7198,0.39532615938647225,0.39532615938647225,0.0,resnet32,0.6239,0.6254,1.0051142859526656,1.0051142859526656,0.0,resnet32,0.6377,0.6368,0.9826496072452177,0.9826496072452177,0.0,resnet32,0.6332,0.6316,0.9666772138496692,0.9666772138496692,0.0,resnet32,0.6326,0.641,0.9832092698409476,0.9832092698409476,0.0,0.0,0.0,0.0,0.0,0.0
wrn28x10x4-resnet32x4_cifar100_K8_indep_seed0003_d001,d001,"wrn28x10:4,resnet32:4",cifar100,8,indep,indep,peers,3,200,64,0.1,0.9,0.0005,True,0,60,0.1,1.0,1,,disagreement,1.0,1,0.0,0.5,weight,complete,0.0,0.0,42,0,45000,5000,10000,148027552,72,0.010000000000000002,0,132.64,0.680075,0.0419596755826353,0.6333,0.7305,0.7606,0.08052500000000007,0.67855,0.7636,0.31817142857142855,0.548877736385381,0.3159607142857143,0.5578338566019841,0.6383749999999999,0.721775,wrn28x10,0.7305,0.7304,0.3967093424871564,0.3967093424871564,0.0,wrn28x10,0.7199,0.7214,0.3901561272161251,0.3901561272161251,0.0,wrn28x10,0.7179,0.7196,0.38985730563713744,0.38985730563713744,0.0,wrn28x10,0.7188,0.7174,0.39909594956870104,0.39909594956870104,0.0,resnet32,0.6362,0.6326,1.0055914043702863,1.0055914043702863,0.0,resnet32,0.6446,0.64,0.9811658127741381,0.9811658127741381,0.0,resnet32,0.6333,0.6266,0.9657882018522783,0.9657882018522783,0.0,resnet32,0.6394,0.6404,0.9778701959347184,0.9778701959347184,0.0,0.0,0.0,0.0,0.0,0.0
wrn28x10x4-resnet32x4_cifar100_K8_indep_seed0003_d001,d001,"wrn28x10:4,resnet32:4",cifar100,8,indep,indep,peers,3,200,64,0.1,0.9,0.0005,True,0,60,0.1,1.0,1,,disagreement,1.0,1,0.0,0.5,weight,complete,0.0,0.0,42,0,45000,5000,10000,148027552,73,0.010000000000000002,0,132.53,0.6755875,0.04082574057809609,0.6286,0.7236,0.7587,0.08311250000000003,0.6719999999999999,0.7558,0.3245214285714285,0.5453594891810669,0.32419999999999993,0.5479751377213495,0.6356999999999999,0.7154750000000001,wrn28x10,0.7233,0.73,0.3758140103256499,0.3758140103256499,0.0,wrn28x10,0.6963,0.699,0.3732199307150123,0.3732199307150123,0.0,wrn28x10,0.7187,0.7252,0.36696426913311536,0.36696426913311536,0.0,wrn28x10,0.7236,0.7168,0.37226148741319776,0.37226148741319776,0.0,resnet32,0.6286,0.6238,0.9964215703816577,0.9964215703816577,0.0,resnet32,0.6343,0.6214,0.9744752596386455,0.9744752596386455,0.0,resnet32,0.6424,0.6322,0.9580176079815085,0.9580176079815085,0.0,resnet32,0.6375,0.6276,0.9787011304023591,0.9787011304023591,0.0,0.0,0.0,0.0,0.0,0.0
wrn28x10x4-resnet32x4_cifar100_K8_indep_seed0003_d001,d001,"wrn28x10:4,resnet32:4",cifar100,8,indep,indep,peers,3,200,64,0.1,0.9,0.0005,True,0,60,0.1,1.0,1,,disagreement,1.0,1,0.0,0.5,weight,complete,0.0,0.0,42,0,45000,5000,10000,148027552,74,0.010000000000000002,0,132.55,0.6726375,0.03833395810179272,0.6298,0.716,0.7572,0.08456249999999998,0.67185,0.7588,0.3323642857142858,0.5323180616374578,0.33420714285714276,0.5360595137910048,0.6345999999999999,0.710675,wrn28x10,0.7138,0.7148,0.3790869976774874,0.3790869976774874,0.0,wrn28x10,0.716,0.7142,0.38084928354841063,0.38084928354841063,0.0,wrn28x10,0.7023,0.712,0.37572273453274235,0.37572273453274235,0.0,wrn28x10,0.7106,0.7082,0.3721967366397042,0.3721967366397042,0.0,resnet32,0.6298,0.6252,1.0042747488584032,1.0042747488584032,0.0,resnet32,0.6311,0.632,0.9792531476440755,0.9792531476440755,0.0,resnet32,0.6375,0.6362,0.9648862425237894,0.9648862425237894,0.0,resnet32,0.64,0.6322,0.9742133799432353,0.9742133799432353,0.0,0.0,0.0,0.0,0.0,0.0
wrn28x10x4-resnet32x4_cifar100_K8_indep_seed0003_d001,d001,"wrn28x10:4,resnet32:4",cifar100,8,indep,indep,peers,3,200,64,0.1,0.9,0.0005,True,0,60,0.1,1.0,1,,disagreement,1.0,1,0.0,0.5,weight,complete,0.0,0.0,42,0,45000,5000,10000,148027552,75,0.010000000000000002,0,132.39,0.6747375,0.04085394526542082,0.6243,0.7208,0.7602,0.0854625,0.670825,0.7576,0.33120714285714287,0.5418942722036644,0.32611071428571436,0.5497634184673905,0.6341749999999999,0.7153,wrn28x10,0.711,0.7166,0.36274245609952643,0.36274245609952643,0.0,wrn28x10,0.7153,0.7122,0.36400480583225464,0.36400480583225464,0.0,wrn28x10,0.7208,0.7148,0.36457675373689696,0.36457675373689696,0.0,wrn28x10,0.7141,0.7058,0.3601352854377844,0.3601352854377844,0.0,resnet32,0.6362,0.6314,0.9909818083555861,0.9909818083555861,0.0,resnet32,0.6362,0.6376,0.9739267952232198,0.9739267952232198,0.0,resnet32,0.64,0.6294,0.9522059429436922,0.9522059429436922,0.0,resnet32,0.6243,0.6188,0.9606089226224206,0.9606089226224206,0.0,0.0,0.0,0.0,0.0,0.0
wrn28x10x4-resnet32x4_cifar100_K8_indep_seed0003_d001,d001,"wrn28x10:4,resnet32:4",cifar100,8,indep,indep,peers,3,200,64,0.1,0.9,0.0005,True,0,60,0.1,1.0,1,,disagreement,1.0,1,0.0,0.5,weight,complete,0.0,0.0,42,0,45000,5000,10000,148027552,76,0.010000000000000002,0,133.1,0.6630125,0.03233490519160369,0.6283,0.7055,0.7548,0.09178750000000002,0.6617999999999999,0.7512,0.33821428571428575,0.5424019970248807,0.3417285714285714,0.5439026445875677,0.631025,0.6950000000000001,wrn28x10,0.6938,0.6954,0.357912689299238,0.357912689299238,0.0,wrn28x10,0.7055,0.7052,0.35089999237309466,0.35089999237309466,0.0,wrn28x10,0.6887,0.6974,0.3598518772474067,0.3598518772474067,0.0,wrn28x10,0.692,0.6984,0.3688583260677247,0.3688583260677247,0.0,resnet32,0.63,0.6224,0.9969942975281314,0.9969942975281314,0.0,resnet32,0.6317,0.6248,0.9738160080530427,0.9738160080530427,0.0,resnet32,0.6341,0.6264,0.9516081180931493,0.9516081180931493,0.0,resnet32,0.6283,0.6244,0.9663201546804472,0.9663201546804472,0.0,0.0,0.0,0.0,0.0,0.0
wrn28x10x4-resnet32x4_cifar100_K8_indep_seed0003_d001,d001,"wrn28x10:4,resnet32:4",cifar100,8,indep,indep,peers,3,200,64,0.1,0.9,0.0005,True,0,60,0.1,1.0,1,,disagreement,1.0,1,0.0,0.5,weight,complete,0.0,0.0,42,0,45000,5000,10000,148027552,77,0.010000000000000002,0,132.92,0.6726749999999999,0.04231656738205501,0.6285,0.7246,0.7583,0.08562500000000006,0.6684000000000001,0.7564,0.3305142857142857,0.542680856555697,0.3304535714285714,0.5394739815309014,0.63145,0.7139000000000001,wrn28x10,0.7205,0.7134,0.34254885312508454,0.34254885312508454,0.0,wrn28x10,0.7246,0.7214,0.349804955788634,0.349804955788634,0.0,wrn28x10,0.7194,0.717,0.3493399256628684,0.3493399256628684,0.0,wrn28x10,0.6911,0.6856,0.34870679970746016,0.34870679970746016,0.0,resnet32,0.6327,0.632,0.9917615823109042,0.9917615823109042,0.0,resnet32,0.6345,0.6332,0.9598310877653685,0.9598310877653685,0.0,resnet32,0.6285,0.6188,0.9449135418981314,0.9449135418981314,0.0,resnet32,0.6301,0.6258,0.9555247151716189,0.9555247151716189,0.0,0.0,0.0,0.0,0.0,0.0
wrn28x10x4-resnet32x4_cifar100_K8_indep_seed0003_d001,d001,"wrn28x10:4,resnet32:4",cifar100,8,indep,indep,peers,3,200,64,0.1,0.9,0.0005,True,0,60,0.1,1.0,1,,disagreement,1.0,1,0.0,0.5,weight,complete,0.0,0.0,42,0,45000,5000,10000,148027552,78,0.010000000000000002,0,132.91,0.6601,0.04031745899731281,0.6128,0.7045,0.7482,0.08809999999999996,0.65855,0.7484,0.3455785714285714,0.5255022888706243,0.3437464285714286,0.5381902206760458,0.620125,0.7000749999999999,wrn28x10,0.6936,0.6954,0.34027120589532633,0.34027120589532633,0.0,wrn28x10,0.7026,0.7034,0.33943424850109627,0.33943424850109627,0.0,wrn28x10,0.6996,0.7092,0.3398712413512509,0.3398712413512509,0.0,wrn28x10,0.7045,0.7042,0.34351969427767803,0.34351969427767803,0.0,resnet32,0.6128,0.6048,0.9920150673186238,0.9920150673186238,0.0,resnet32,0.6296,0.6274,0.9643516029146585,0.9643516029146585,0.0,resnet32,0.6208,0.6162,0.9494747621515258,0.9494747621515258,0.0,resnet32,0.6173,0.6078,0.9606084261428226,0.9606084261428226,0.0,0.0,0.0,0.0,0.0,0.0
wrn28x10x4-resnet32x4_cifar100_K8_indep_seed0003_d001,d001,"wrn28x10:4,resnet32:4",cifar100,8,indep,indep,peers,3,200,64,0.1,0.9,0.0005,True,0,60,0.1,1.0,1,,disagreement,1.0,1,0.0,0.5,weight,complete,0.0,0.0,42,0,45000,5000,10000,148027552,79,0.010000000000000002,0,134.16,0.6696374999999999,0.04160910169361987,0.624,0.7157,0.7611,0.09146250000000011,0.6665,0.7602,0.33931428571428573,0.5296359742393993,0.33813571428571415,0.5364651386855848,0.6281749999999999,0.7111,wrn28x10,0.7087,0.7156,0.3375048516318202,0.3375048516318202,0.0,wrn28x10,0.7071,0.7078,0.3399763540364802,0.3399763540364802,0.0,wrn28x10,0.7157,0.7098,0.3381777269638736,0.3381777269638736,0.0,wrn28x10,0.7129,0.7108,0.3325157467360524,0.3325157467360524,0.0,resnet32,0.6311,0.6276,0.9845416285944256,0.9845416285944256,0.0,resnet32,0.6323,0.6312,0.9669093348255212,0.9669093348255212,0.0,resnet32,0.624,0.6192,0.9461062520911748,0.9461062520911748,0.0,resnet32,0.6253,0.61,0.962687798352404,0.962687798352404,0.0,0.0,0.0,0.0,0.0,0.0
wrn28x10x4-resnet32x4_cifar100_K8_indep_seed0003_d001,d001,"wrn28x10:4,resnet32:4",cifar100,8,indep,indep,peers,3,200,64,0.1,0.9,0.0005,True,0,60,0.1,1.0,1,,disagreement,1.0,1,0.0,0.5,weight,complete,0.0,0.0,42,0,45000,5000,10000,148027552,80,0.010000000000000002,0,135.27,0.6624000000000001,0.03864738024756659,0.6098,0.7059,0.7523,0.08989999999999987,0.664675,0.7622,0.3397357142857143,0.5300286872664808,0.3421214285714286,0.5387306345913335,0.6246999999999999,0.7001,wrn28x10,0.7059,0.7166,0.3229953627186743,0.3229953627186743,0.0,wrn28x10,0.6862,0.6964,0.32501365057065745,0.32501365057065745,0.0,wrn28x10,0.7024,0.7034,0.33129404056605627,0.33129404056605627,0.0,wrn28x10,0.7059,0.704,0.3376572391399267,0.3376572391399267,0.0,resnet32,0.6098,0.6122,0.9779477658766237,0.9779477658766237,0.0,resnet32,0.6267,0.626,0.956730348312042,0.956730348312042,0.0,resnet32,0.6298,0.6292,0.9325105994939804,0.9325105994939804,0.0,resnet32,0.6325,0.6296,0.9542313966561448,0.9542313966561448,0.0,0.0,0.0,0.0,0.0,0.0
wrn28x10x4-resnet32x4_cifar100_K8_indep_seed0003_d001,d001,"wrn28x10:4,resnet32:4",cifar100,8,indep,indep,peers,3,200,64,0.1,0.9,0.0005,True,0,60,0.1,1.0,1,,disagreement,1.0,1,0.0,0.5,weight,complete,0.0,0.0,42,0,45000,5000,10000,148027552,81,0.010000000000000002,0,135.36,0.6634374999999999,0.035867984941309446,0.6184,0.7098,0.7534,0.08996250000000006,0.6650499999999999,0.7566,0.34515,0.5230747885016377,0.34628214285714287,0.5309539818146315,0.6282,0.698675,wrn28x10,0.7098,0.7192,0.3364156848878007,0.3364156848878007,0.0,wrn28x10,0.6933,0.6944,0.3328304647002369,0.3328304647002369,0.0,wrn28x10,0.6992,0.7042,0.3312922977122732,0.3312922977122732,0.0,wrn28x10,0.6924,0.6998,0.3328524791550907,0.3328524791550907,0.0,resnet32,0.6267,0.6272,0.9740357382900335,0.9740357382900335,0.0,resnet32,0.6324,0.6292,0.9597983234138652,0.9597983234138652,0.0,resnet32,0.6353,0.63,0.9429660389538516,0.9429660389538516,0.0,resnet32,0.6184,0.6164,0.9497295246374878,0.9497295246374878,0.0,0.0,0.0,0.0,0.0,0.0
wrn28x10x4-resnet32x4_cifar100_K8_indep_seed0003_d001,d001,"wrn28x10:4,resnet32:4",cifar100,8,indep,indep,peers,3,200,64,0.1,0.9,0.0005,True,0,60,0.1,1.0,1,,disagreement,1.0,1,0.0,0.5,weight,complete,0.0,0.0,42,0,45000,5000,10000,148027552,82,0.010000000000000002,0,135.22,0.671625,0.04430744153074065,0.6181,0.7178,0.7624,0.09077499999999994,0.671925,0.7664,0.33664999999999995,0.5218426123965905,0.33429285714285717,0.5396329313150978,0.62775,0.7155,wrn28x10,0.7115,0.718,0.3086400410287421,0.3086400410287421,0.0,wrn28x10,0.7178,0.7264,0.3241054355696013,0.3241054355696013,0.0,wrn28x10,0.7163,0.7226,0.3207033633635464,0.3207033633635464,0.0,wrn28x10,0.7164,0.7156,0.3116071000377732,0.3116071000377732,0.0,resnet32,0.6213,0.6286,0.9735536156222224,0.9735536156222224,0.0,resnet32,0.6181,0.612,0.9503506970676509,0.9503506970676509,0.0,resnet32,0.6388,0.627,0.9384710564362732,0.9384710564362732,0.0,resnet32,0.6328,0.6252,0.9516220405189828,0.9516220405189828,0.0,0.0,0.0,0.0,0.0,0.0
wrn28x10x4-resnet32x4_cifar100_K8_indep_seed0003_d001,d001,"wrn28x10:4,resnet32:4",cifar100,8,indep,indep,peers,3,200,64,0.1,0.9,0.0005,True,0,60,0.1,1.0,1,,disagreement,1.0,1,0.0,0.5,weight,complete,0.0,0.0,42,0,45000,5000,10000,148027552,83,0.010000000000000002,0,135.26,0.6691625,0.040943709452735226,0.617,0.7196,0.7584,0.08923749999999997,0.671525,0.7658,0.3381571428571429,0.5237703204973955,0.342025,0.5332824205889061,0.628825,0.7094999999999999,wrn28x10,0.7041,0.7172,0.3070042212811214,0.3070042212811214,0.0,wrn28x10,0.7049,0.7082,0.30830481980757957,0.30830481980757957,0.0,wrn28x10,0.7196,0.7236,0.30962425823831424,0.30962425823831424,0.0,wrn28x10,0.7094,0.7068,0.31471224572636525,0.31471224572636525,0.0,resnet32,0.6273,0.6312,0.9766684154217894,0.9766684154217894,0.0,resnet32,0.6332,0.6322,0.9498752444474534,0.9498752444474534,0.0,resnet32,0.617,0.6146,0.9335276840508662,0.9335276840508662,0.0,resnet32,0.6378,0.6384,0.9500426879914646,0.9500426879914646,0.0,0.0,0.0,0.0,0.0,0.0
wrn28x10x4-resnet32x4_cifar100_K8_indep_seed0003_d001,d001,"wrn28x10:4,resnet32:4",cifar100,8,indep,indep,peers,3,200,64,0.1,0.9,0.0005,True,0,60,0.1,1.0,1,,disagreement,1.0,1,0.0,0.5,weight,complete,0.0,0.0,42,0,45000,5000,10000,148027552,84,0.010000000000000002,0,134.17,0.6606875,0.04275860841690242,0.6064,0.711,0.7643,0.1036125,0.65635,0.7548,0.35705000000000003,0.5209626964522096,0.35772499999999996,0.5160521787296083,0.6184499999999999,0.702925,wrn28x10,0.7022,0.7028,0.31123655985786836,0.31123655985786836,0.0,wrn28x10,0.7019,0.7048,0.3047886431661688,0.3047886431661688,0.0,wrn28x10,0.6966,0.692,0.3067481265593828,0.3067481265593828,0.0,wrn28x10,0.711,0.7094,0.3181933247357268,0.3181933247357268,0.0,resnet32,0.6236,0.6206,0.9725027662617239,0.9725027662617239,0.0,resnet32,0.6064,0.6006,0.9531773792325773,0.9531773792325773,0.0,resnet32,0.6168,0.6008,0.9256918341429397,0.9256918341429397,0.0,resnet32,0.627,0.6198,0.9442602911625396,0.9442602911625396,0.0,0.0,0.0,0.0,0.0,0.0
wrn28x10x4-resnet32x4_cifar100_K8_indep_seed0003_d001,d001,"wrn28x10:4,resnet32:4",cifar100,8,indep,indep,peers,3,200,64,0.1,0.9,0.0005,True,0,60,0.1,1.0,1,,disagreement,1.0,1,0.0,0.5,weight,complete,0.0,0.0,42,0,45000,5000,10000,148027552,85,0.010000000000000002,0,135.45,0.6679375000000001,0.03856847603613607,0.6265,0.7205,0.7588,0.09086249999999996,0.6713,0.7642,0.3386642857142857,0.5222229673368598,0.3410892857142857,0.5318986367663202,0.6301499999999999,0.7057249999999999,wrn28x10,0.6903,0.7056,0.3082555010068146,0.3082555010068146,0.0,wrn28x10,0.7205,0.7254,0.31159046762199566,0.31159046762199566,0.0,wrn28x10,0.7055,0.7124,0.3073577185224911,0.3073577185224911,0.0,wrn28x10,0.7066,0.7068,0.31143579502928664,0.31143579502928664,0.0,resnet32,0.6312,0.6346,0.9659015546468172,0.9659015546468172,0.0,resnet32,0.6265,0.6256,0.9473458480259235,0.9473458480259235,0.0,resnet32,0.6304,0.6216,0.9292555856095119,0.9292555856095119,0.0,resnet32,0.6325,0.6384,0.9384331842037764,0.9384331842037764,0.0,0.0,0.0,0.0,0.0,0.0
wrn28x10x4-resnet32x4_cifar100_K8_indep_seed0003_d001,d001,"wrn28x10:4,resnet32:4",cifar100,8,indep,indep,peers,3,200,64,0.1,0.9,0.0005,True,0,60,0.1,1.0,1,,disagreement,1.0,1,0.0,0.5,weight,complete,0.0,0.0,42,0,45000,5000,10000,148027552,86,0.010000000000000002,0,132.88,0.6648499999999999,0.03737937265391167,0.6203,0.7123,0.7574,0.09255000000000002,0.661775,0.7586,0.35053571428571423,0.5234335882198194,0.35011428571428566,0.5308475806524242,0.62795,0.70175,wrn28x10,0.6939,0.7048,0.2861357717139816,0.2861357717139816,0.0,wrn28x10,0.7123,0.7134,0.30079243749126117,0.30079243749126117,0.0,wrn28x10,0.7018,0.7048,0.29286688299510966,0.29286688299510966,0.0,wrn28x10,0.699,0.6942,0.29223442261784593,0.29223442261784593,0.0,resnet32,0.6203,0.6146,0.9570878016847101,0.9570878016847101,0.0,resnet32,0.6346,0.6258,0.9316692965274508,0.9316692965274508,0.0,resnet32,0.6277,0.6148,0.9171831414780833,0.9171831414780833,0.0,resnet32,0.6292,0.6218,0.9371048008853738,0.9371048008853738,0.0,0.0,0.0,0.0,0.0,0.0
wrn28x10x4-resnet32x4_cifar100_K8_indep_seed0003_d001,d001,"wrn28x10:4,resnet32:4",cifar100,8,indep,indep,peers,3,200,64,0.1,0.9,0.0005,True,0,60,0.1,1.0,1,,disagreement,1.0,1,0.0,0.5,weight,complete,0.0,0.0,42,0,45000,5000,10000,148027552,87,0.010000000000000002,0,135.39,0.6577625,0.02767313397051371,0.6238,0.6953,0.7508,0.0930375,0.653475,0.7468,0.3573214285714286,0.5226266926246177,0.35644285714285706,0.5230905248584742,0.632125,0.6833999999999999,wrn28x10,0.6626,0.6694,0.30228793155401945,0.30228793155401945,0.0,wrn28x10,0.6953,0.6918,0.29817109897902067,0.29817109897902067,0.0,wrn28x10,0.6876,0.672,0.29490156383888627,0.29490156383888627,0.0,wrn28x10,0.6881,0.685,0.29383595601062884,0.29383595601062884,0.0,resnet32,0.6389,0.6378,0.9589297902685675,0.9589297902685675,0.0,resnet32,0.6246,0.6242,0.9363546825268052,0.9363546825268052,0.0,resnet32,0.6412,0.6328,0.9206764917312698,0.9206764917312698,0.0,resnet32,0.6238,0.6148,0.9330754843963818,0.9330754843963818,0.0,0.0,0.0,0.0,0.0,0.0
wrn28x10x4-resnet32x4_cifar100_K8_indep_seed0003_d001,d001,"wrn28x10:4,resnet32:4",cifar100,8,indep,indep,peers,3,200,64,0.1,0.9,0.0005,True,0,60,0.1,1.0,1,,disagreement,1.0,1,0.0,0.5,weight,complete,0.0,0.0,42,0,45000,5000,10000,148027552,88,0.010000000000000002,0,134.62,0.6493125,0.02161975008528083,0.6201,0.6825,0.741,0.09168750000000003,0.6485749999999999,0.7464,0.36698571428571425,0.512443356977014,0.3652250000000001,0.5277966591457982,0.63035,0.668275,wrn28x10,0.68,0.6966,0.2963703396539627,0.2963703396539627,0.0,wrn28x10,0.6571,0.6516,0.2863980211656202,0.2863980211656202,0.0,wrn28x10,0.6535,0.6532,0.28734102538278833,0.28734102538278833,0.0,wrn28x10,0.6825,0.6836,0.2909568331775848,0.2909568331775848,0.0,resnet32,0.631,0.6294,0.9591900509020145,0.9591900509020145,0.0,resnet32,0.6201,0.6168,0.9422498082911427,0.9422498082911427,0.0,resnet32,0.6314,0.6222,0.9193682859821076,0.9193682859821076,0.0,resnet32,0.6389,0.6352,0.9376899699087847,0.9376899699087847,0.0,0.0,0.0,0.0,0.0,0.0
wrn28x10x4-resnet32x4_cifar100_K8_indep_seed0003_d001,d001,"wrn28x10:4,resnet32:4",cifar100,8,indep,indep,peers,3,200,64,0.1,0.9,0.0005,True,0,60,0.1,1.0,1,,disagreement,1.0,1,0.0,0.5,weight,complete,0.0,0.0,42,0,45000,5000,10000,148027552,89,0.010000000000000002,0,132.41,0.6534625000000001,0.0382585917638117,0.6027,0.7007,0.7565,0.1030374999999999,0.6534,0.7568,0.36397142857142856,0.5084892585083081,0.3679071428571429,0.5078401375843246,0.616075,0.6908500000000001,wrn28x10,0.684,0.6868,0.2857579987665469,0.2857579987665469,0.0,wrn28x10,0.7007,0.7008,0.29512187685097824,0.29512187685097824,0.0,wrn28x10,0.6945,0.7048,0.3003819871863181,0.3003819871863181,0.0,wrn28x10,0.6842,0.6792,0.2986414367650551,0.2986414367650551,0.0,resnet32,0.6204,0.6168,0.9580343041399663,0.9580343041399663,0.0,resnet32,0.6027,0.6022,0.931591711980714,0.931591711980714,0.0,resnet32,0.6272,0.625,0.915587657046589,0.915587657046589,0.0,resnet32,0.614,0.6116,0.9260228506966748,0.9260228506966748,0.0,0.0,0.0,0.0,0.0,0.0
wrn28x10x4-resnet32x4_cifar100_K8_indep_seed0003_d001,d001,"wrn28x10:4,resnet32:4",cifar100,8,indep,indep,peers,3,200,64,0.1,0.9,0.0005,True,0,60,0.1,1.0,1,,disagreement,1.0,1,0.0,0.5,weight,complete,0.0,0.0,42,0,45000,5000,10000,148027552,90,0.010000000000000002,0,132.52,0.6617125,0.035030181183516605,0.6259,0.7056,0.759,0.09728749999999997,0.659125,0.7576,0.3591214285714286,0.5028604811044634,0.3567749999999999,0.5147218901815486,0.62765,0.695775,wrn28x10,0.6999,0.6908,0.27749297832435166,0.27749297832435166,0.0,wrn28x10,0.7014,0.7052,0.2847037411358377,0.2847037411358377,0.0,wrn28x10,0.7056,0.7002,0.293676917928017,0.293676917928017,0.0,wrn28x10,0.6762,0.6788,0.289151078005406,0.289151078005406,0.0,resnet32,0.6277,0.6256,0.9523183755068616,0.9523183755068616,0.0,resnet32,0.6259,0.6164,0.933881570077078,0.933881570077078,0.0,resnet32,0.6295,0.6162,0.9148011985658244,0.9148011985658244,0.0,resnet32,0.6275,0.6398,0.9230608239939267,0.9230608239939267,0.0,0.0,0.0,0.0,0.0,0.0
wrn28x10x4-resnet32x4_cifar100_K8_indep_seed0003_d001,d001,"wrn28x10:4,resnet32:4",cifar100,8,indep,indep,peers,3,200,64,0.1,0.9,0.0005,True,0,60,0.1,1.0,1,,disagreement,1.0,1,0.0,0.5,weight,complete,0.0,0.0,42,0,45000,5000,10000,148027552,91,0.010000000000000002,0,132.1,0.662325,0.03740951583487817,0.6197,0.7107,0.7576,0.095275,0.6587500000000001,0.7568,0.3569642857142857,0.5167639406510341,0.3544785714285713,0.5259419165578334,0.625475,0.6991750000000001,wrn28x10,0.7107,0.7062,0.26719190344341437,0.26719190344341437,0.0,wrn28x10,0.6932,0.6912,0.27556463584981183,0.27556463584981183,0.0,wrn28x10,0.6897,0.6908,0.2797823007197373,0.2797823007197373,0.0,wrn28x10,0.7031,0.699,0.27083856823049823,0.27083856823049823,0.0,resnet32,0.6283,0.625,0.945758662482893,0.945758662482893,0.0,resnet32,0.6295,0.6236,0.9244742441753094,0.9244742441753094,0.0,resnet32,0.6244,0.6192,0.9097682873041115,0.9097682873041115,0.0,resnet32,0.6197,0.615,0.9256987889635969,0.9256987889635969,0.0,0.0,0.0,0.0,0.0,0.0
wrn28x10x4-resnet32x4_cifar100_K8_indep_seed0003_d001,d001,"wrn28x10:4,resnet32:4",cifar100,8,indep,indep,peers,3,200,64,0.1,0.9,0.0005,True,0,60,0.1,1.0,1,,disagreement,1.0,1,0.0,0.5,weight,complete,0.0,0.0,42,0,45000,5000,10000,148027552,92,0.010000000000000002,0,132.5,0.6642,0.0450012222056246,0.6099,0.717,0.7612,0.09699999999999998,0.657025,0.7522,0.35098571428571435,0.5287891883017204,0.3518607142857143,0.5256628339700135,0.6203249999999999,0.708075,wrn28x10,0.7134,0.7164,0.27618862907084724,0.27618862907084724,0.0,wrn28x10,0.6893,0.6878,0.27369688342283055,0.27369688342283055,0.0,wrn28x10,0.717,0.7104,0.2724155490074984,0.2724155490074984,0.0,wrn28x10,0.7126,0.702,0.2702155589464713,0.2702155589464713,0.0,resnet32,0.6099,0.59,0.9375094182958658,0.9375094182958658,0.0,resnet32,0.6131,0.6136,0.9187884980135343,0.9187884980135343,0.0,resnet32,0.6279,0.6144,0.9006175016561015,0.9006175016561015,0.0,resnet32,0.6304,0.6216,0.9166908520697192,0.9166908520697192,0.0,0.0,0.0,0.0,0.0,0.0
wrn28x10x4-resnet32x4_cifar100_K8_indep_seed0003_d001,d001,"wrn28x10:4,resnet32:4",cifar100,8,indep,indep,peers,3,200,64,0.1,0.9,0.0005,True,0,60,0.1,1.0,1,,disagreement,1.0,1,0.0,0.5,weight,complete,0.0,0.0,42,0,45000,5000,10000,148027552,93,0.010000000000000002,0,132.44,0.668925,0.036995700763737406,0.6243,0.7095,0.7657,0.09677500000000006,0.6666749999999999,0.7658,0.35275714285714294,0.5071903569716955,0.3516714285714286,0.518022827191132,0.6321749999999999,0.705675,wrn28x10,0.7095,0.7148,0.25991509890776465,0.25991509890776465,0.0,wrn28x10,0.7003,0.7018,0.25392719652419066,0.25392719652419066,0.0,wrn28x10,0.7041,0.6986,0.26733546411957254,0.26733546411957254,0.0,wrn28x10,0.7088,0.703,0.2700592709535902,0.2700592709535902,0.0,resnet32,0.6363,0.6272,0.9419875206764449,0.9419875206764449,0.0,resnet32,0.6243,0.6244,0.9222611826844513,0.9222611826844513,0.0,resnet32,0.6328,0.6264,0.8971882925199514,0.8971882925199514,0.0,resnet32,0.6353,0.6372,0.9194690076295625,0.9194690076295625,0.0,0.0,0.0,0.0,0.0,0.0
wrn28x10x4-resnet32x4_cifar100_K8_indep_seed0003_d001,d001,"wrn28x10:4,resnet32:4",cifar100,8,indep,indep,peers,3,200,64,0.1,0.9,0.0005,True,0,60,0.1,1.0,1,,disagreement,1.0,1,0.0,0.5,weight,complete,0.0,0.0,42,0,45000,5000,10000,148027552,94,0.010000000000000002,0,135.71,0.667625,0.040113799059675215,0.6181,0.7197,0.7669,0.099275,0.66415,0.7656,0.35319285714285714,0.5129206288235254,0.35111785714285715,0.5173311057425727,0.628325,0.706925,wrn28x10,0.7046,0.7078,0.2661368730160492,0.2661368730160492,0.0,wrn28x10,0.7025,0.7022,0.2666577245002951,0.2666577245002951,0.0,wrn28x10,0.7009,0.706,0.2649116251109676,0.2649116251109676,0.0,wrn28x10,0.7197,0.7152,0.26232914855195716,0.26232914855195716,0.0,resnet32,0.6351,0.6312,0.9476752138103951,0.9476752138103951,0.0,resnet32,0.6181,0.602,0.9196087819608775,0.9196087819608775,0.0,resnet32,0.6383,0.6346,0.9085690293630416,0.9085690293630416,0.0,resnet32,0.6218,0.6142,0.9169790277426894,0.9169790277426894,0.0,0.0,0.0,0.0,0.0,0.0
wrn28x10x4-resnet32x4_cifar100_K8_indep_seed0003_d001,d001,"wrn28x10:4,resnet32:4",cifar100,8,indep,indep,peers,3,200,64,0.1,0.9,0.0005,True,0,60,0.1,1.0,1,,disagreement,1.0,1,0.0,0.5,weight,complete,0.0,0.0,42,0,45000,5000,10000,148027552,95,0.010000000000000002,0,135.71,0.6698249999999999,0.03931395267586306,0.62,0.7115,0.7635,0.09367500000000006,0.663025,0.7584,0.34994999999999993,0.522272511553582,0.34683214285714287,0.5223649133893922,0.6310749999999999,0.708575,wrn28x10,0.708,0.7124,0.2632262225432152,0.2632262225432152,0.0,wrn28x10,0.7071,0.7014,0.25699578204446216,0.25699578204446216,0.0,wrn28x10,0.7077,0.7008,0.26728333421686495,0.26728333421686495,0.0,wrn28x10,0.7115,0.698,0.2671928962121125,0.2671928962121125,0.0,resnet32,0.6375,0.6302,0.932699587111446,0.932699587111446,0.0,resnet32,0.62,0.621,0.9153908997435461,0.9153908997435461,0.0,resnet32,0.6243,0.6108,0.8897010423243046,0.8897010423243046,0.0,resnet32,0.6425,0.6296,0.9128138519484889,0.9128138519484889,0.0,0.0,0.0,0.0,0.0,0.0
wrn28x10x4-resnet32x4_cifar100_K8_indep_seed0003_d001,d001,"wrn28x10:4,resnet32:4",cifar100,8,indep,indep,peers,3,200,64,0.1,0.9,0.0005,True,0,60,0.1,1.0,1,,disagreement,1.0,1,0.0,0.5,weight,complete,0.0,0.0,42,0,45000,5000,10000,148027552,96,0.010000000000000002,0,135.29,0.65755,0.03769376606283855,0.617,0.702,0.7543,0.09675,0.65665,0.7562,0.35735714285714293,0.5241670587692112,0.35710000000000003,0.5271667622195754,0.62015,0.69495,wrn28x10,0.6859,0.686,0.24270706334870987,0.24270706334870987,0.0,wrn28x10,0.702,0.7052,0.25426646490285004,0.25426646490285004,0.0,wrn28x10,0.6994,0.7028,0.25218570754143665,0.25218570754143665,0.0,wrn28x10,0.6925,0.6886,0.2587479436029257,0.2587479436029257,0.0,resnet32,0.6196,0.6212,0.9352119314822961,0.9352119314822961,0.0,resnet32,0.623,0.615,0.9169623392888091,0.9169623392888091,0.0,resnet32,0.617,0.6094,0.889818353663114,0.889818353663114,0.0,resnet32,0.621,0.625,0.9110288180580194,0.9110288180580194,0.0,0.0,0.0,0.0,0.0,0.0
wrn28x10x4-resnet32x4_cifar100_K8_indep_seed0003_d001,d001,"wrn28x10:4,resnet32:4",cifar100,8,indep,indep,peers,3,200,64,0.1,0.9,0.0005,True,0,60,0.1,1.0,1,,disagreement,1.0,1,0.0,0.5,weight,complete,0.0,0.0,42,0,45000,5000,10000,148027552,97,0.010000000000000002,0,132.58,0.6649125,0.038298741412088215,0.622,0.7052,0.7639,0.0989875,0.663875,0.7648,0.3565285714285715,0.5092952524714617,0.35822500000000007,0.514732098090829,0.6268,0.703025,wrn28x10,0.7041,0.704,0.253913287835365,0.253913287835365,0.0,wrn28x10,0.6981,0.696,0.261020379437303,0.261020379437303,0.0,wrn28x10,0.7047,0.7082,0.24542720753445543,0.24542720753445543,0.0,wrn28x10,0.7052,0.7028,0.258198957382278,0.258198957382278,0.0,resnet32,0.622,0.6252,0.921606656671925,0.921606656671925,0.0,resnet32,0.6304,0.6352,0.9075691407038406,0.9075691407038406,0.0,resnet32,0.6227,0.6148,0.8882453953423961,0.8882453953423961,0.0,resnet32,0.6321,0.6248,0.898108564698222,0.898108564698222,0.0,0.0,0.0,0.0,0.0,0.0
wrn28x10x4-resnet32x4_cifar100_K8_indep_seed0003_d001,d001,"wrn28x10:4,resnet32:4",cifar100,8,indep,indep,peers,3,200,64,0.1,0.9,0.0005,True,0,60,0.1,1.0,1,,disagreement,1.0,1,0.0,0.5,weight,complete,0.0,0.0,42,0,45000,5000,10000,148027552,98,0.010000000000000002,0,132.49,0.6603,0.03226325309078426,0.6252,0.6961,0.756,0.09570000000000001,0.6605749999999999,0.7556,0.35763571428571433,0.5140299177747759,0.3589392857142858,0.5178385697523076,0.6282,0.6924,wrn28x10,0.689,0.6904,0.24855228173758157,0.24855228173758157,0.0,wrn28x10,0.6901,0.6948,0.25885858363471925,0.25885858363471925,0.0,wrn28x10,0.6961,0.6994,0.25428064580244775,0.25428064580244775,0.0,wrn28x10,0.6944,0.6938,0.24549027901693163,0.24549027901693163,0.0,resnet32,0.6286,0.626,0.9258733477274125,0.9258733477274125,0.0,resnet32,0.6252,0.629,0.9036362192339518,0.9036362192339518,0.0,resnet32,0.6338,0.6266,0.890709147830917,0.890709147830917,0.0,resnet32,0.6252,0.6246,0.8995475261895494,0.8995475261895494,0.0,0.0,0.0,0.0,0.0,0.0
wrn28x10x4-resnet32x4_cifar100_K8_indep_seed0003_d001,d001,"wrn28x10:4,resnet32:4",cifar100,8,indep,indep,peers,3,200,64,0.1,0.9,0.0005,True,0,60,0.1,1.0,1,,disagreement,1.0,1,0.0,0.5,weight,complete,0.0,0.0,42,0,45000,5000,10000,148027552,99,0.010000000000000002,0,132.43,0.66655,0.03587959029866421,0.6197,0.7192,0.7671,0.10055000000000003,0.665025,0.7656,0.35132142857142856,0.51080483284035,0.3547571428571428,0.5133186762808821,0.632375,0.7007249999999999,wrn28x10,0.6885,0.6814,0.24640020891092718,0.24640020891092718,0.0,wrn28x10,0.7077,0.7114,0.24790586542803794,0.24790586542803794,0.0,wrn28x10,0.6875,0.6848,0.24292103603312915,0.24292103603312915,0.0,wrn28x10,0.7192,0.7188,0.2462751327442344,0.2462751327442344,0.0,resnet32,0.6341,0.64,0.9214309386655011,0.9214309386655011,0.0,resnet32,0.6408,0.636,0.9031422890892083,0.9031422890892083,0.0,resnet32,0.6197,0.6156,0.8848973287438805,0.8848973287438805,0.0,resnet32,0.6349,0.6322,0.8970352280038324,0.8970352280038324,0.0,0.0,0.0,0.0,0.0,0.0
wrn28x10x4-resnet32x4_cifar100_K8_indep_seed0003_d001,d001,"wrn28x10:4,resnet32:4",cifar100,8,indep,indep,peers,3,200,64,0.1,0.9,0.0005,True,0,60,0.1,1.0,1,,disagreement,1.0,1,0.0,0.5,weight,complete,0.0,0.0,42,0,45000,5000,10000,148027552,100,0.010000000000000002,0,132.52,0.6660625,0.039322510649117993,0.6187,0.7081,0.7649,0.09883750000000002,0.65935,0.7608,0.3574071428571429,0.5117343623044727,0.3566999999999999,0.5095124919795514,0.62715,0.704975,wrn28x10,0.7058,0.696,0.24655385822354053,0.24655385822354053,0.0,wrn28x10,0.7081,0.692,0.24059846735855733,0.24059846735855733,0.0,wrn28x10,0.6989,0.689,0.2547057872659273,0.2547057872659273,0.0,wrn28x10,0.7071,0.7056,0.23713978039185432,0.23713978039185432,0.0,resnet32,0.6301,0.6316,0.922591370107098,0.922591370107098,0.0,resnet32,0.6373,0.6338,0.898759887426753,0.898759887426753,0.0,resnet32,0.6225,0.6204,0.8911883753978393,0.8911883753978393,0.0,resnet32,0.6187,0.6064,0.8943657426756214,0.8943657426756214,0.0,0.0,0.0,0.0,0.0,0.0
wrn28x10x4-resnet32x4_cifar100_K8_indep_seed0003_d001,d001,"wrn28x10:4,resnet32:4",cifar100,8,indep,indep,peers,3,200,64,0.1,0.9,0.0005,True,0,60,0.1,1.0,1,,disagreement,1.0,1,0.0,0.5,weight,complete,0.0,0.0,42,0,45000,5000,10000,148027552,101,0.010000000000000002,0,132.5,0.6629875,0.04297657610547868,0.6134,0.7096,0.7633,0.10031250000000003,0.660775,0.7606,0.3576571428571428,0.5129831791116196,0.3579,0.5162482635181932,0.62035,0.705625,wrn28x10,0.7066,0.7016,0.242745734624226,0.242745734624226,0.0,wrn28x10,0.7088,0.7138,0.24381996383255516,0.24381996383255516,0.0,wrn28x10,0.7096,0.7104,0.25190739990847016,0.25190739990847016,0.0,wrn28x10,0.6975,0.6974,0.24614050415005873,0.24614050415005873,0.0,resnet32,0.6134,0.614,0.9168506619859148,0.9168506619859148,0.0,resnet32,0.6156,0.6074,0.9034719537435607,0.9034719537435607,0.0,resnet32,0.626,0.6256,0.877762961116704,0.877762961116704,0.0,resnet32,0.6264,0.616,0.8974760320376266,0.8974760320376266,0.0,0.0,0.0,0.0,0.0,0.0
wrn28x10x4-resnet32x4_cifar100_K8_indep_seed0003_d001,d001,"wrn28x10:4,resnet32:4",cifar100,8,indep,indep,peers,3,200,64,0.1,0.9,0.0005,True,0,60,0.1,1.0,1,,disagreement,1.0,1,0.0,0.5,weight,complete,0.0,0.0,42,0,45000,5000,10000,148027552,102,0.010000000000000002,0,132.35,0.6649375,0.040797118081428246,0.6112,0.7105,0.7631,0.09816250000000004,0.66515,0.765,0.35409285714285715,0.5150644012060892,0.35717857142857146,0.5111075491561136,0.6247,0.705175,wrn28x10,0.7036,0.7174,0.23044802290281619,0.23044802290281619,0.0,wrn28x10,0.7018,0.7076,0.2341963227901777,0.2341963227901777,0.0,wrn28x10,0.7105,0.7102,0.23047322665595196,0.23047322665595196,0.0,wrn28x10,0.7048,0.7104,0.24004158731126649,0.24004158731126649,0.0,resnet32,0.6266,0.6268,0.914834667335857,0.914834667335857,0.0,resnet32,0.6363,0.6266,0.8969736006110907,0.8969736006110907,0.0,resnet32,0.6112,0.6022,0.8814036560837518,0.8814036560837518,0.0,resnet32,0.6247,0.62,0.8947994963011958,0.8947994963011958,0.0,0.0,0.0,0.0,0.0,0.0
wrn28x10x4-resnet32x4_cifar100_K8_indep_seed0003_d001,d001,"wrn28x10:4,resnet32:4",cifar100,8,indep,indep,peers,3,200,64,0.1,0.9,0.0005,True,0,60,0.1,1.0,1,,disagreement,1.0,1,0.0,0.5,weight,complete,0.0,0.0,42,0,45000,5000,10000,148027552,103,0.010000000000000002,0,132.55,0.6581375,0.03223852266698957,0.6235,0.7022,0.7572,0.09906249999999994,0.6549750000000001,0.7548,0.36097857142857137,0.5158311587416116,0.3628428571428572,0.5174120741373631,0.6269500000000001,0.689325,wrn28x10,0.7022,0.6958,0.24668811533642424,0.24668811533642424,0.0,wrn28x10,0.6899,0.686,0.24581644863990898,0.24581644863990898,0.0,wrn28x10,0.6721,0.6686,0.2311892839868299,0.2311892839868299,0.0,wrn28x10,0.6931,0.6938,0.24193826914680275,0.24193826914680275,0.0,resnet32,0.6235,0.6276,0.9096051972698082,0.9096051972698082,0.0,resnet32,0.6331,0.6252,0.8882315908135339,0.8882315908135339,0.0,resnet32,0.6244,0.6132,0.8753056837753816,0.8753056837753816,0.0,resnet32,0.6268,0.6296,0.8819671860811386,0.8819671860811386,0.0,0.0,0.0,0.0,0.0,0.0
wrn28x10x4-resnet32x4_cifar100_K8_indep_seed0003_d001,d001,"wrn28x10:4,resnet32:4",cifar100,8,indep,indep,peers,3,200,64,0.1,0.9,0.0005,True,0,60,0.1,1.0,1,,disagreement,1.0,1,0.0,0.5,weight,complete,0.0,0.0,42,0,45000,5000,10000,148027552,104,0.010000000000000002,0,132.69,0.6705,0.04047276862286541,0.6236,0.718,0.7706,0.10009999999999997,0.669,0.7716,0.3531642857142857,0.5036798746262825,0.3537642857142857,0.5127982605081208,0.63035,0.71065,wrn28x10,0.718,0.7196,0.224609939921224,0.224609939921224,0.0,wrn28x10,0.7133,0.7206,0.23660683347208594,0.23660683347208594,0.0,wrn28x10,0.7045,0.7106,0.23385311299088327,0.23385311299088327,0.0,wrn28x10,0.7068,0.7086,0.23369974562559614,0.23369974562559614,0.0,resnet32,0.6297,0.6282,0.9043918582610786,0.9043918582610786,0.0,resnet32,0.6236,0.6106,0.8819619747386738,0.8819619747386738,0.0,resnet32,0.6373,0.6298,0.8677395488220182,0.8677395488220182,0.0,resnet32,0.6308,0.624,0.8862479195337404,0.8862479195337404,0.0,0.0,0.0,0.0,0.0,0.0
wrn28x10x4-resnet32x4_cifar100_K8_indep_seed0003_d001,d001,"wrn28x10:4,resnet32:4",cifar100,8,indep,indep,peers,3,200,64,0.1,0.9,0.0005,True,0,60,0.1,1.0,1,,disagreement,1.0,1,0.0,0.5,weight,complete,0.0,0.0,42,0,45000,5000,10000,148027552,105,0.010000000000000002,0,132.61,0.6667375,0.04194397863519864,0.6184,0.7219,0.7655,0.09876249999999998,0.6613,0.763,0.3585714285714286,0.5100762402283292,0.35726071428571426,0.5111202868324931,0.625475,0.708,wrn28x10,0.6979,0.6966,0.23435879076450047,0.23435879076450047,0.0,wrn28x10,0.7016,0.6934,0.2240836889250204,0.2240836889250204,0.0,wrn28x10,0.7106,0.7194,0.24351351224521006,0.24351351224521006,0.0,wrn28x10,0.7219,0.7162,0.2194148920984431,0.2194148920984431,0.0,resnet32,0.6297,0.6212,0.9015831660733304,0.9015831660733304,0.0,resnet32,0.6184,0.6174,0.8858499884690073,0.8858499884690073,0.0,resnet32,0.6313,0.6202,0.8736633438278328,0.8736633438278328,0.0,resnet32,0.6225,0.606,0.8801865465092388,0.8801865465092388,0.0,0.0,0.0,0.0,0.0,0.0
wrn28x10x4-resnet32x4_cifar100_K8_indep_seed0003_d001,d001,"wrn28x10:4,resnet32:4",cifar100,8,indep,indep,peers,3,200,64,0.1,0.9,0.0005,True,0,60,0.1,1.0,1,,disagreement,1.0,1,0.0,0.5,weight,complete,0.0,0.0,42,0,45000,5000,10000,148027552,106,0.010000000000000002,0,132.57,0.6641,0.029411094845313065,0.6363,0.7077,0.7617,0.09760000000000002,0.6623749999999999,0.7628,0.35935000000000006,0.5036043966519168,0.35802500000000004,0.5105311832123842,0.6378499999999999,0.69035,wrn28x10,0.6829,0.6884,0.23387393944854426,0.23387393944854426,0.0,wrn28x10,0.7075,0.7008,0.2411716045938771,0.2411716045938771,0.0,wrn28x10,0.6633,0.6644,0.23528894293121994,0.23528894293121994,0.0,wrn28x10,0.7077,0.7098,0.23304573228498074,0.23304573228498074,0.0,resnet32,0.6364,0.6292,0.909488329833204,0.909488329833204,0.0,resnet32,0.6363,0.6316,0.885849782181057,0.885849782181057,0.0,resnet32,0.6422,0.6404,0.8684778724458407,0.8684778724458407,0.0,resnet32,0.6365,0.6344,0.885584719479084,0.885584719479084,0.0,0.0,0.0,0.0,0.0,0.0
wrn28x10x4-resnet32x4_cifar100_K8_indep_seed0003_d001,d001,"wrn28x10:4,resnet32:4",cifar100,8,indep,indep,peers,3,200,64,0.1,0.9,0.0005,True,0,60,0.1,1.0,1,,disagreement,1.0,1,0.0,0.5,weight,complete,0.0,0.0,42,0,45000,5000,10000,148027552,107,0.010000000000000002,0,132.43,0.6680375,0.036508079157222185,0.6268,0.7164,0.765,0.09696250000000006,0.66535,0.7638,0.3573214285714285,0.5065191952905411,0.35725357142857134,0.5104019183850735,0.6328499999999999,0.703225,wrn28x10,0.7026,0.7014,0.22268161975609307,0.22268161975609307,0.0,wrn28x10,0.6827,0.6782,0.2334024370753799,0.2334024370753799,0.0,wrn28x10,0.7112,0.7158,0.2306873764504086,0.2306873764504086,0.0,wrn28x10,0.7164,0.7128,0.2255627196070484,0.2255627196070484,0.0,resnet32,0.6368,0.6266,0.900165786839683,0.900165786839683,0.0,resnet32,0.6386,0.6418,0.8852102679454468,0.8852102679454468,0.0,resnet32,0.6268,0.6198,0.8635787609117952,0.8635787609117952,0.0,resnet32,0.6292,0.6264,0.8789354239336469,0.8789354239336469,0.0,0.0,0.0,0.0,0.0,0.0
wrn28x10x4-resnet32x4_cifar100_K8_indep_seed0003_d001,d001,"wrn28x10:4,resnet32:4",cifar100,8,indep,indep,peers,3,200,64,0.1,0.9,0.0005,True,0,60,0.1,1.0,1,,disagreement,1.0,1,0.0,0.5,weight,complete,0.0,0.0,42,0,45000,5000,10000,148027552,108,0.010000000000000002,0,132.53,0.6702,0.034699459649971474,0.6266,0.7089,0.7688,0.09860000000000002,0.66945,0.7756,0.35341428571428574,0.5034644681386359,0.3529678571428571,0.5077368774039263,0.63585,0.70455,wrn28x10,0.7029,0.709,0.23403496445495298,0.23403496445495298,0.0,wrn28x10,0.7031,0.697,0.22837041950234296,0.22837041950234296,0.0,wrn28x10,0.7033,0.7076,0.2229851757663048,0.2229851757663048,0.0,wrn28x10,0.7089,0.7142,0.22068944519428027,0.22068944519428027,0.0,resnet32,0.6266,0.6278,0.8975863484665751,0.8975863484665751,0.0,resnet32,0.6449,0.637,0.8784400184469466,0.8784400184469466,0.0,resnet32,0.6356,0.626,0.865470762449232,0.865470762449232,0.0,resnet32,0.6363,0.637,0.8848458611491051,0.8848458611491051,0.0,0.0,0.0,0.0,0.0,0.0
wrn28x10x4-resnet32x4_cifar100_K8_indep_seed0003_d001,d001,"wrn28x10:4,resnet32:4",cifar100,8,indep,indep,peers,3,200,64,0.1,0.9,0.0005,True,0,60,0.1,1.0,1,,disagreement,1.0,1,0.0,0.5,weight,complete,0.0,0.0,42,0,45000,5000,10000,148027552,109,0.010000000000000002,0,132.61,0.670575,0.03310172767394476,0.6283,0.7117,0.7703,0.09972499999999995,0.6735,0.7728,0.3473857142857143,0.5162952983165873,0.35319642857142863,0.5148721114857562,0.63835,0.7028,wrn28x10,0.7012,0.7,0.22873991236767985,0.22873991236767985,0.0,wrn28x10,0.7095,0.722,0.23283470290268518,0.23283470290268518,0.0,wrn28x10,0.7117,0.7146,0.24205547319301826,0.24205547319301826,0.0,wrn28x10,0.6888,0.6952,0.23200044009453533,0.23200044009453533,0.0,resnet32,0.641,0.6432,0.9064614750783552,0.9064614750783552,0.0,resnet32,0.6423,0.643,0.8787851212546229,0.8787851212546229,0.0,resnet32,0.6418,0.6402,0.8631787888536399,0.8631787888536399,0.0,resnet32,0.6283,0.6298,0.8784412298436192,0.8784412298436192,0.0,0.0,0.0,0.0,0.0,0.0
wrn28x10x4-resnet32x4_cifar100_K8_indep_seed0003_d001,d001,"wrn28x10:4,resnet32:4",cifar100,8,indep,indep,peers,3,200,64,0.1,0.9,0.0005,True,0,60,0.1,1.0,1,,disagreement,1.0,1,0.0,0.5,weight,complete,0.0,0.0,42,0,45000,5000,10000,148027552,110,0.010000000000000002,0,132.43,0.6511875,0.04419690140439711,0.5876,0.7036,0.7555,0.10431249999999992,0.651725,0.7566,0.3687714285714284,0.5041280936611933,0.3754071428571427,0.5036558226811971,0.6084,0.693975,wrn28x10,0.6806,0.6904,0.2286865852498026,0.2286865852498026,0.0,wrn28x10,0.7029,0.7008,0.22049330017233099,0.22049330017233099,0.0,wrn28x10,0.7036,0.7076,0.22978356281634083,0.22978356281634083,0.0,wrn28x10,0.6888,0.6848,0.23895580593009733,0.23895580593009733,0.0,resnet32,0.6178,0.6154,0.9016400245441631,0.9016400245441631,0.0,resnet32,0.5876,0.5948,0.8797901342199608,0.8797901342199608,0.0,resnet32,0.6112,0.6052,0.8633294129659507,0.8633294129659507,0.0,resnet32,0.617,0.6148,0.886067744852467,0.886067744852467,0.0,0.0,0.0,0.0,0.0,0.0
wrn28x10x4-resnet32x4_cifar100_K8_indep_seed0003_d001,d001,"wrn28x10:4,resnet32:4",cifar100,8,indep,indep,peers,3,200,64,0.1,0.9,0.0005,True,0,60,0.1,1.0,1,,disagreement,1.0,1,0.0,0.5,weight,complete,0.0,0.0,42,0,45000,5000,10000,148027552,111,0.010000000000000002,0,132.39,0.6734125,0.038675006060115896,0.6304,0.7244,0.7719,0.09848750000000006,0.671025,0.7672,0.3516857142857143,0.5043767346902829,0.3518892857142856,0.5070466632902282,0.635225,0.7116,wrn28x10,0.7083,0.7034,0.23010442416522314,0.23010442416522314,0.0,wrn28x10,0.7062,0.6994,0.2175688033987006,0.2175688033987006,0.0,wrn28x10,0.7244,0.7228,0.22218875646252523,0.22218875646252523,0.0,wrn28x10,0.7075,0.708,0.23164722980105912,0.23164722980105912,0.0,resnet32,0.6319,0.6292,0.8950539411638271,0.8950539411638271,0.0,resnet32,0.6369,0.6446,0.879836402748796,0.879836402748796,0.0,resnet32,0.6304,0.6198,0.8589163248173215,0.8589163248173215,0.0,resnet32,0.6417,0.641,0.8699242630126801,0.8699242630126801,0.0,0.0,0.0,0.0,0.0,0.0
wrn28x10x4-resnet32x4_cifar100_K8_indep_seed0003_d001,d001,"wrn28x10:4,resnet32:4",cifar100,8,indep,indep,peers,3,200,64,0.1,0.9,0.0005,True,0,60,0.1,1.0,1,,disagreement,1.0,1,0.0,0.5,weight,complete,0.0,0.0,42,0,45000,5000,10000,148027552,112,0.010000000000000002,0,132.71,0.6627375,0.039894765869096176,0.6142,0.7125,0.7649,0.10216250000000004,0.657375,0.7612,0.36401428571428557,0.5060374668700585,0.3632464285714286,0.5075184526386748,0.6233249999999999,0.70215,wrn28x10,0.7125,0.7082,0.21289630043214525,0.21289630043214525,0.0,wrn28x10,0.6967,0.6964,0.22394279816018586,0.22394279816018586,0.0,wrn28x10,0.6971,0.6972,0.23432331847619603,0.23432331847619603,0.0,wrn28x10,0.7023,0.701,0.21876905872274868,0.21876905872274868,0.0,resnet32,0.6254,0.6184,0.8859926994297315,0.8859926994297315,0.0,resnet32,0.6142,0.6046,0.8727842212908647,0.8727842212908647,0.0,resnet32,0.6229,0.614,0.8531200370158661,0.8531200370158661,0.0,resnet32,0.6308,0.6192,0.8645150041715666,0.8645150041715666,0.0,0.0,0.0,0.0,0.0,0.0
wrn28x10x4-resnet32x4_cifar100_K8_indep_seed0003_d001,d001,"wrn28x10:4,resnet32:4",cifar100,8,indep,indep,peers,3,200,64,0.1,0.9,0.0005,True,0,60,0.1,1.0,1,,disagreement,1.0,1,0.0,0.5,weight,complete,0.0,0.0,42,0,45000,5000,10000,148027552,113,0.010000000000000002,0,132.41,0.6581375,0.036016001218208554,0.6165,0.7052,0.7624,0.10426249999999992,0.6577999999999999,0.7618,0.36539285714285713,0.501857928701206,0.3697142857142857,0.5072706817208656,0.6241000000000001,0.692175,wrn28x10,0.7015,0.7084,0.2008824334956113,0.2008824334956113,0.0,wrn28x10,0.7052,0.7086,0.22522309181195768,0.22522309181195768,0.0,wrn28x10,0.6963,0.688,0.21050006296718493,0.21050006296718493,0.0,wrn28x10,0.6657,0.6736,0.22684357470875097,0.22684357470875097,0.0,resnet32,0.6206,0.6172,0.8882655674930323,0.8882655674930323,0.0,resnet32,0.6165,0.6132,0.8681929362937808,0.8681929362937808,0.0,resnet32,0.6285,0.6176,0.8498472958718511,0.8498472958718511,0.0,resnet32,0.6308,0.6358,0.8604779915714805,0.8604779915714805,0.0,0.0,0.0,0.0,0.0,0.0
wrn28x10x4-resnet32x4_cifar100_K8_indep_seed0003_d001,d001,"wrn28x10:4,resnet32:4",cifar100,8,indep,indep,peers,3,200,64,0.1,0.9,0.0005,True,0,60,0.1,1.0,1,,disagreement,1.0,1,0.0,0.5,weight,complete,0.0,0.0,42,0,45000,5000,10000,148027552,114,0.010000000000000002,0,132.69,0.6551125,0.04004358367766301,0.6055,0.7136,0.7649,0.10978750000000004,0.650575,0.7634,0.38079285714285716,0.48985569761769865,0.37865,0.4936767387363978,0.617,0.693225,wrn28x10,0.701,0.7028,0.22119048134614291,0.22119048134614291,0.0,wrn28x10,0.7136,0.7118,0.22266584079162302,0.22266584079162302,0.0,wrn28x10,0.6838,0.687,0.22519192280544137,0.22519192280544137,0.0,wrn28x10,0.6745,0.6664,0.2290764748891392,0.2290764748891392,0.0,resnet32,0.6291,0.6174,0.8881479597396471,0.8881479597396471,0.0,resnet32,0.6141,0.6116,0.8711269118992443,0.8711269118992443,0.0,resnet32,0.6055,0.5942,0.8584919907152653,0.8584919907152653,0.0,resnet32,0.6193,0.6134,0.8582688338885253,0.8582688338885253,0.0,0.0,0.0,0.0,0.0,0.0
wrn28x10x4-resnet32x4_cifar100_K8_indep_seed0003_d001,d001,"wrn28x10:4,resnet32:4",cifar100,8,indep,indep,peers,3,200,64,0.1,0.9,0.0005,True,0,60,0.1,1.0,1,,disagreement,1.0,1,0.0,0.5,weight,complete,0.0,0.0,42,0,45000,5000,10000,148027552,115,0.010000000000000002,0,132.44,0.67205,0.040737298634052815,0.6263,0.7226,0.7681,0.09604999999999997,0.6668999999999999,0.7656,0.34814285714285714,0.5209390900872658,0.34905357142857146,0.5192623514345929,0.6318,0.7123,wrn28x10,0.7226,0.7178,0.21671569940041413,0.21671569940041413,0.0,wrn28x10,0.7023,0.696,0.21569486195221543,0.21569486195221543,0.0,wrn28x10,0.7178,0.7158,0.22680997625204988,0.22680997625204988,0.0,wrn28x10,0.7065,0.7028,0.2304038536332717,0.2304038536332717,0.0,resnet32,0.6355,0.6224,0.8802090448920022,0.8802090448920022,0.0,resnet32,0.6324,0.629,0.8643499104390767,0.8643499104390767,0.0,resnet32,0.633,0.624,0.8549815331670371,0.8549815331670371,0.0,resnet32,0.6263,0.6274,0.8597203355113213,0.8597203355113213,0.0,0.0,0.0,0.0,0.0,0.0
wrn28x10x4-resnet32x4_cifar100_K8_indep_seed0003_d001,d001,"wrn28x10:4,resnet32:4",cifar100,8,indep,indep,peers,3,200,64,0.1,0.9,0.0005,True,0,60,0.1,1.0,1,,disagreement,1.0,1,0.0,0.5,weight,complete,0.0,0.0,42,0,45000,5000,10000,148027552,116,0.010000000000000002,0,132.59,0.670525,0.04270575927202325,0.6264,0.7271,0.7728,0.102275,0.67195,0.773,0.3545642857142856,0.4972863856508008,0.35910714285714285,0.5061256921380847,0.6290499999999999,0.712,wrn28x10,0.7219,0.7216,0.2219878148753196,0.2219878148753196,0.0,wrn28x10,0.7271,0.7254,0.21274588315282017,0.21274588315282017,0.0,wrn28x10,0.7089,0.7122,0.22718707194805823,0.22718707194805823,0.0,wrn28x10,0.6901,0.6958,0.2183459751540795,0.2183459751540795,0.0,resnet32,0.6316,0.6328,0.8745241742581129,0.8745241742581129,0.0,resnet32,0.6293,0.6304,0.8542380666529591,0.8542380666529591,0.0,resnet32,0.6264,0.6262,0.8482255744747818,0.8482255744747818,0.0,resnet32,0.6289,0.6312,0.8592169573107227,0.8592169573107227,0.0,0.0,0.0,0.0,0.0,0.0
wrn28x10x4-resnet32x4_cifar100_K8_indep_seed0003_d001,d001,"wrn28x10:4,resnet32:4",cifar100,8,indep,indep,peers,3,200,64,0.1,0.9,0.0005,True,0,60,0.1,1.0,1,,disagreement,1.0,1,0.0,0.5,weight,complete,0.0,0.0,42,0,45000,5000,10000,148027552,117,0.010000000000000002,0,132.54,0.661975,0.03814619083211323,0.6187,0.7084,0.7633,0.101325,0.661675,0.7658,0.3599785714285714,0.5104184958111231,0.36283571428571426,0.5107606041523308,0.6245,0.69945,wrn28x10,0.7081,0.7062,0.20540778595022857,0.20540778595022857,0.0,wrn28x10,0.6938,0.7042,0.2092441734540361,0.2092441734540361,0.0,wrn28x10,0.6875,0.6964,0.2204197853570804,0.2204197853570804,0.0,wrn28x10,0.7084,0.7074,0.21521784774218264,0.21521784774218264,0.0,resnet32,0.6281,0.6254,0.8770160654729063,0.8770160654729063,0.0,resnet32,0.6219,0.6148,0.8585036095993762,0.8585036095993762,0.0,resnet32,0.6187,0.6138,0.8495997988449578,0.8495997988449578,0.0,resnet32,0.6293,0.6252,0.8584125172770158,0.8584125172770158,0.0,0.0,0.0,0.0,0.0,0.0
wrn28x10x4-resnet32x4_cifar100_K8_indep_seed0003_d001,d001,"wrn28x10:4,resnet32:4",cifar100,8,indep,indep,peers,3,200,64,0.1,0.9,0.0005,True,0,60,0.1,1.0,1,,disagreement,1.0,1,0.0,0.5,weight,complete,0.0,0.0,42,0,45000,5000,10000,148027552,118,0.010000000000000002,0,132.73,0.6544,0.028477710582137723,0.6266,0.7069,0.7608,0.10640000000000005,0.651675,0.7544,0.3758428571428571,0.49812349878613865,0.37488214285714283,0.5058397713060269,0.630375,0.678425,wrn28x10,0.6815,0.681,0.2140203080118888,0.2140203080118888,0.0,wrn28x10,0.6789,0.6764,0.2205014584416693,0.2205014584416693,0.0,wrn28x10,0.7069,0.7058,0.21222295813177797,0.21222295813177797,0.0,wrn28x10,0.6464,0.648,0.21735202213643456,0.21735202213643456,0.0,resnet32,0.63,0.6244,0.8713721563108265,0.8713721563108265,0.0,resnet32,0.6317,0.6316,0.8564731115051969,0.8564731115051969,0.0,resnet32,0.6266,0.6148,0.8425817970101807,0.8425817970101807,0.0,resnet32,0.6332,0.6314,0.8566291234032675,0.8566291234032675,0.0,0.0,0.0,0.0,0.0,0.0
wrn28x10x4-resnet32x4_cifar100_K8_indep_seed0003_d001,d001,"wrn28x10:4,resnet32:4",cifar100,8,indep,indep,peers,3,200,64,0.1,0.9,0.0005,True,0,60,0.1,1.0,1,,disagreement,1.0,1,0.0,0.5,weight,complete,0.0,0.0,42,0,45000,5000,10000,148027552,119,0.010000000000000002,0,132.57,0.66385,0.04093577286432981,0.6182,0.7114,0.7668,0.10294999999999999,0.659125,0.7622,0.35990000000000005,0.5071801972460409,0.36096428571428574,0.511202596145498,0.6232249999999999,0.7044750000000001,wrn28x10,0.7114,0.706,0.22410547770348124,0.22410547770348124,0.0,wrn28x10,0.6967,0.685,0.22228581221266228,0.22228581221266228,0.0,wrn28x10,0.7035,0.705,0.2270021824780005,0.2270021824780005,0.0,wrn28x10,0.7063,0.7012,0.21821254317183048,0.21821254317183048,0.0,resnet32,0.6189,0.6122,0.8828518788584254,0.8828518788584254,0.0,resnet32,0.6182,0.6152,0.858095679347488,0.858095679347488,0.0,resnet32,0.629,0.6296,0.8453617383810607,0.8453617383810607,0.0,resnet32,0.6268,0.6188,0.8556018348529257,0.8556018348529257,0.0,0.0,0.0,0.0,0.0,0.0
wrn28x10x4-resnet32x4_cifar100_K8_indep_seed0003_d001,d001,"wrn28x10:4,resnet32:4",cifar100,8,indep,indep,peers,3,200,64,0.1,0.9,0.0005,True,0,60,0.1,1.0,1,,disagreement,1.0,1,0.0,0.5,weight,complete,0.0,0.0,42,0,45000,5000,10000,148027552,120,0.0010000000000000002,0,132.72,0.7308749999999999,0.03960213851548928,0.6872,0.7728,0.8004,0.06952500000000006,0.7287250000000001,0.8016,0.2652285714285714,0.5660920416083143,0.2648499999999999,0.575438743263714,0.6913500000000001,0.7704000000000001,wrn28x10,0.7691,0.772,0.08688119848375209,0.08688119848375209,0.0,wrn28x10,0.7728,0.7716,0.09155932164867409,0.09155932164867409,0.0,wrn28x10,0.7724,0.7658,0.08881000075912611,0.08881000075912611,0.0,wrn28x10,0.7673,0.767,0.08911715684702028,0.08911715684702028,0.0,resnet32,0.6872,0.682,0.6741699155589397,0.6741699155589397,0.0,resnet32,0.6927,0.6908,0.6461835304613818,0.6461835304613818,0.0,resnet32,0.6943,0.6922,0.6357070614414458,0.6357070614414458,0.0,resnet32,0.6912,0.6884,0.6473455257629129,0.6473455257629129,0.0,0.0,0.0,0.0,0.0,0.0
wrn28x10x4-resnet32x4_cifar100_K8_indep_seed0003_d001,d001,"wrn28x10:4,resnet32:4",cifar100,8,indep,indep,peers,3,200,64,0.1,0.9,0.0005,True,0,60,0.1,1.0,1,,disagreement,1.0,1,0.0,0.5,weight,complete,0.0,0.0,42,0,45000,5000,10000,148027552,121,0.0010000000000000002,0,132.8,0.7333625,0.04058746535261842,0.6904,0.7751,0.8031,0.06973750000000001,0.7319,0.7998,0.26144285714285714,0.5713744924089786,0.26181428571428567,0.5783669805299961,0.692825,0.7739,wrn28x10,0.774,0.7754,0.0498322476593206,0.0498322476593206,0.0,wrn28x10,0.7751,0.772,0.05190021475374868,0.05190021475374868,0.0,wrn28x10,0.7748,0.7682,0.05150573393488726,0.05150573393488726,0.0,wrn28x10,0.7717,0.7704,0.05000479659462475,0.05000479659462475,0.0,resnet32,0.6904,0.6848,0.5990250912410292,0.5990250912410292,0.0,resnet32,0.6962,0.6928,0.5797635918821801,0.5797635918821801,0.0,resnet32,0.6943,0.696,0.5637482206167822,0.5637482206167822,0.0,resnet32,0.6904,0.6956,0.5766321501948617,0.5766321501948617,0.0,0.0,0.0,0.0,0.0,0.0
wrn28x10x4-resnet32x4_cifar100_K8_indep_seed0003_d001,d001,"wrn28x10:4,resnet32:4",cifar100,8,indep,indep,peers,3,200,64,0.1,0.9,0.0005,True,0,60,0.1,1.0,1,,disagreement,1.0,1,0.0,0.5,weight,complete,0.0,0.0,42,0,45000,5000,10000,148027552,122,0.0010000000000000002,0,132.52,0.7356625000000001,0.0408622973381331,0.6903,0.7787,0.8065,0.07083749999999989,0.7335,0.8026,0.25930000000000003,0.5687700560366716,0.2595107142857143,0.5777975523996611,0.694875,0.77645,wrn28x10,0.7761,0.7732,0.04118902767566562,0.04118902767566562,0.0,wrn28x10,0.7772,0.778,0.04142206091439055,0.04142206091439055,0.0,wrn28x10,0.7787,0.7734,0.0408915375486355,0.0408915375486355,0.0,wrn28x10,0.7738,0.7714,0.039567137814380905,0.039567137814380905,0.0,resnet32,0.6903,0.6834,0.5770040232137862,0.5770040232137862,0.0,resnet32,0.6972,0.6942,0.5532247460320253,0.5532247460320253,0.0,resnet32,0.6979,0.696,0.5420686884740875,0.5420686884740875,0.0,resnet32,0.6941,0.6984,0.5539338982410051,0.5539338982410051,0.0,0.0,0.0,0.0,0.0,0.0
wrn28x10x4-resnet32x4_cifar100_K8_indep_seed0003_d001,d001,"wrn28x10:4,resnet32:4",cifar100,8,indep,indep,peers,3,200,64,0.1,0.9,0.0005,True,0,60,0.1,1.0,1,,disagreement,1.0,1,0.0,0.5,weight,complete,0.0,0.0,42,0,45000,5000,10000,148027552,123,0.0010000000000000002,0,132.61,0.7369749999999999,0.04003763073659578,0.6954,0.7779,0.8045,0.06752500000000006,0.7351,0.802,0.25789285714285715,0.5701046132475219,0.2572285714285714,0.5796538927402118,0.69695,0.777,wrn28x10,0.7773,0.7772,0.034067929482262116,0.034067929482262116,0.0,wrn28x10,0.7773,0.7798,0.03475878956934056,0.03475878956934056,0.0,wrn28x10,0.7779,0.7738,0.035573060710290025,0.035573060710290025,0.0,wrn28x10,0.7755,0.7766,0.03413814520304599,0.03413814520304599,0.0,resnet32,0.6954,0.6854,0.5553490760820833,0.5553490760820833,0.0,resnet32,0.6983,0.6958,0.529763487548652,0.529763487548652,0.0,resnet32,0.6976,0.6958,0.5206613649444823,0.5206613649444823,0.0,resnet32,0.6965,0.6964,0.5313194791405377,0.5313194791405377,0.0,0.0,0.0,0.0,0.0,0.0
wrn28x10x4-resnet32x4_cifar100_K8_indep_seed0003_d001,d001,"wrn28x10:4,resnet32:4",cifar100,8,indep,indep,peers,3,200,64,0.1,0.9,0.0005,True,0,60,0.1,1.0,1,,disagreement,1.0,1,0.0,0.5,weight,complete,0.0,0.0,42,0,45000,5000,10000,148027552,124,0.0010000000000000002,0,132.6,0.7382375000000001,0.04122029043747751,0.6948,0.7823,0.8072,0.06896249999999993,0.7378,0.8046,0.2571714285714286,0.5671154606472054,0.2576535714285714,0.5758779698250659,0.697075,0.7794,wrn28x10,0.7804,0.7796,0.03023961043469502,0.03023961043469502,0.0,wrn28x10,0.7801,0.7804,0.03185298154725884,0.03185298154725884,0.0,wrn28x10,0.7823,0.7754,0.03203016694566362,0.03203016694566362,0.0,wrn28x10,0.7748,0.7836,0.03091496282683114,0.03091496282683114,0.0,resnet32,0.6981,0.6882,0.5409820325757292,0.5409820325757292,0.0,resnet32,0.6976,0.7,0.5231544819491153,0.5231544819491153,0.0,resnet32,0.6978,0.6946,0.5103685415603898,0.5103685415603898,0.0,resnet32,0.6948,0.7006,0.5157859246246517,0.5157859246246517,0.0,0.0,0.0,0.0,0.0,0.0
wrn28x10x4-resnet32x4_cifar100_K8_indep_seed0003_d001,d001,"wrn28x10:4,resnet32:4",cifar100,8,indep,indep,peers,3,200,64,0.1,0.9,0.0005,True,0,60,0.1,1.0,1,,disagreement,1.0,1,0.0,0.5,weight,complete,0.0,0.0,42,0,45000,5000,10000,148027552,125,0.0010000000000000002,0,132.6,0.73715,0.04286851991846698,0.6913,0.7821,0.8085,0.07135000000000002,0.7371749999999999,0.8038,0.25815000000000005,0.5699554144348872,0.2602321428571428,0.5731491762976549,0.694325,0.7799749999999999,wrn28x10,0.7801,0.7792,0.028498921827783553,0.028498921827783553,0.0,wrn28x10,0.779,0.7836,0.030923896235022272,0.030923896235022272,0.0,wrn28x10,0.7821,0.7776,0.029982032111464916,0.029982032111464916,0.0,wrn28x10,0.7787,0.7798,0.030168754944249733,0.030168754944249733,0.0,resnet32,0.6927,0.6862,0.5324950757944449,0.5324950757944449,0.0,resnet32,0.6964,0.7022,0.5107789980670945,0.5107789980670945,0.0,resnet32,0.6969,0.6956,0.49727475907738233,0.49727475907738233,0.0,resnet32,0.6913,0.6932,0.5090101640671492,0.5090101640671492,0.0,0.0,0.0,0.0,0.0,0.0
wrn28x10x4-resnet32x4_cifar100_K8_indep_seed0003_d001,d001,"wrn28x10:4,resnet32:4",cifar100,8,indep,indep,peers,3,200,64,0.1,0.9,0.0005,True,0,60,0.1,1.0,1,,disagreement,1.0,1,0.0,0.5,weight,complete,0.0,0.0,42,0,45000,5000,10000,148027552,126,0.0010000000000000002,0,134.63,0.737525,0.04221098050270805,0.6926,0.781,0.8098,0.07227499999999998,0.7349749999999999,0.8038,0.26047857142857145,0.5690592068024712,0.26088214285714284,0.5729985095302433,0.6953750000000001,0.779675,wrn28x10,0.781,0.7812,0.02591924146955452,0.02591924146955452,0.0,wrn28x10,0.7793,0.7808,0.02675856146511664,0.02675856146511664,0.0,wrn28x10,0.7806,0.7752,0.02756498475487619,0.02756498475487619,0.0,wrn28x10,0.7778,0.7764,0.02734480486370475,0.02734480486370475,0.0,resnet32,0.6926,0.6822,0.524410405873575,0.524410405873575,0.0,resnet32,0.6953,0.6978,0.5008243275171315,0.5008243275171315,0.0,resnet32,0.7002,0.6924,0.48499962888573384,0.48499962888573384,0.0,resnet32,0.6934,0.6938,0.4980972228910435,0.4980972228910435,0.0,0.0,0.0,0.0,0.0,0.0
wrn28x10x4-resnet32x4_cifar100_K8_indep_seed0003_d001,d001,"wrn28x10:4,resnet32:4",cifar100,8,indep,indep,peers,3,200,64,0.1,0.9,0.0005,True,0,60,0.1,1.0,1,,disagreement,1.0,1,0.0,0.5,weight,complete,0.0,0.0,42,0,45000,5000,10000,148027552,127,0.0010000000000000002,0,132.49,0.7374875000000001,0.04085267547848,0.6929,0.7798,0.8068,0.06931249999999989,0.734875,0.8026,0.25825714285714285,0.5738487134133631,0.2580464285714286,0.5775831522566895,0.696725,0.77825,wrn28x10,0.7774,0.7784,0.026455708717879712,0.026455708717879712,0.0,wrn28x10,0.7785,0.7852,0.02585307862781602,0.02585307862781602,0.0,wrn28x10,0.7798,0.7746,0.02610375980359756,0.02610375980359756,0.0,wrn28x10,0.7773,0.7794,0.025462936828923623,0.025462936828923623,0.0,resnet32,0.6929,0.6804,0.5154063281264495,0.5154063281264495,0.0,resnet32,0.6998,0.6932,0.4909453494474292,0.4909453494474292,0.0,resnet32,0.701,0.6936,0.48306427303362975,0.48306427303362975,0.0,resnet32,0.6932,0.6942,0.48863829958083277,0.48863829958083277,0.0,0.0,0.0,0.0,0.0,0.0
wrn28x10x4-resnet32x4_cifar100_K8_indep_seed0003_d001,d001,"wrn28x10:4,resnet32:4",cifar100,8,indep,indep,peers,3,200,64,0.1,0.9,0.0005,True,0,60,0.1,1.0,1,,disagreement,1.0,1,0.0,0.5,weight,complete,0.0,0.0,42,0,45000,5000,10000,148027552,128,0.0010000000000000002,0,132.7,0.739575,0.04239309348231149,0.6947,0.7832,0.8076,0.068025,0.7398750000000001,0.8042,0.2551,0.5709775062131726,0.2570964285714285,0.5764992825147097,0.697225,0.781925,wrn28x10,0.7822,0.7826,0.023302474387905517,0.023302474387905517,0.0,wrn28x10,0.7823,0.79,0.02357623049796199,0.02357623049796199,0.0,wrn28x10,0.7832,0.7792,0.02388111770348835,0.02388111770348835,0.0,wrn28x10,0.78,0.7842,0.023864190238369207,0.023864190238369207,0.0,resnet32,0.6949,0.6872,0.5083953134122897,0.5083953134122897,0.0,resnet32,0.6994,0.6996,0.4842899922831831,0.4842899922831831,0.0,resnet32,0.6999,0.6954,0.47059222850525245,0.47059222850525245,0.0,resnet32,0.6947,0.7008,0.4810206275221638,0.4810206275221638,0.0,0.0,0.0,0.0,0.0,0.0
wrn28x10x4-resnet32x4_cifar100_K8_indep_seed0003_d001,d001,"wrn28x10:4,resnet32:4",cifar100,8,indep,indep,peers,3,200,64,0.1,0.9,0.0005,True,0,60,0.1,1.0,1,,disagreement,1.0,1,0.0,0.5,weight,complete,0.0,0.0,42,0,45000,5000,10000,148027552,129,0.0010000000000000002,0,132.51,0.7393125,0.04281297809952024,0.6948,0.7846,0.8078,0.06848749999999992,0.738275,0.8052,0.2578142857142857,0.5660393583996666,0.2584607142857143,0.5730807786740169,0.69655,0.7820750000000001,wrn28x10,0.7819,0.7812,0.021774775001342114,0.021774775001342114,0.0,wrn28x10,0.7846,0.7874,0.022224574935865927,0.022224574935865927,0.0,wrn28x10,0.7833,0.7812,0.022419024403048257,0.022419024403048257,0.0,wrn28x10,0.7785,0.7818,0.022643578121047045,0.022643578121047045,0.0,resnet32,0.6948,0.6852,0.49635290957733313,0.49635290957733313,0.0,resnet32,0.6974,0.6994,0.4777203824117102,0.4777203824117102,0.0,resnet32,0.6992,0.6942,0.4694389264861291,0.4694389264861291,0.0,resnet32,0.6948,0.6958,0.4758860738101331,0.4758860738101331,0.0,0.0,0.0,0.0,0.0,0.0
wrn28x10x4-resnet32x4_cifar100_K8_indep_seed0003_d001,d001,"wrn28x10:4,resnet32:4",cifar100,8,indep,indep,peers,3,200,64,0.1,0.9,0.0005,True,0,60,0.1,1.0,1,,disagreement,1.0,1,0.0,0.5,weight,complete,0.0,0.0,42,0,45000,5000,10000,148027552,130,0.0010000000000000002,0,132.61,0.73895,0.04315463474529707,0.6908,0.783,0.8049,0.06594999999999995,0.7381500000000001,0.8056,0.2561857142857143,0.5712589669868207,0.258175,0.5761691404394343,0.6958500000000001,0.78205,wrn28x10,0.7815,0.7828,0.02189208966923285,0.02189208966923285,0.0,wrn28x10,0.7828,0.7848,0.021245207695094658,0.021245207695094658,0.0,wrn28x10,0.783,0.7774,0.021964309045208873,0.021964309045208873,0.0,wrn28x10,0.7809,0.7822,0.021579116526647176,0.021579116526647176,0.0,resnet32,0.6908,0.6826,0.49433203699829226,0.49433203699829226,0.0,resnet32,0.6981,0.6984,0.4720796352167698,0.4720796352167698,0.0,resnet32,0.6975,0.6964,0.45735468673096463,0.45735468673096463,0.0,resnet32,0.697,0.7006,0.4668324764352292,0.4668324764352292,0.0,0.0,0.0,0.0,0.0,0.0
wrn28x10x4-resnet32x4_cifar100_K8_indep_seed0003_d001,d001,"wrn28x10:4,resnet32:4",cifar100,8,indep,indep,peers,3,200,64,0.1,0.9,0.0005,True,0,60,0.1,1.0,1,,disagreement,1.0,1,0.0,0.5,weight,complete,0.0,0.0,42,0,45000,5000,10000,148027552,131,0.0010000000000000002,0,132.66,0.7398250000000001,0.04172150974018078,0.6918,0.7835,0.8073,0.06747499999999995,0.7384,0.808,0.2561857142857143,0.5738234330626419,0.25623571428571423,0.5774144301843973,0.69825,0.7814,wrn28x10,0.7818,0.7812,0.020558887141801693,0.020558887141801693,0.0,wrn28x10,0.7819,0.7856,0.020960045462495393,0.020960045462495393,0.0,wrn28x10,0.7835,0.7776,0.02123505407375474,0.02123505407375474,0.0,wrn28x10,0.7784,0.7806,0.021020294110878076,0.021020294110878076,0.0,resnet32,0.6918,0.6892,0.4900887142020193,0.4900887142020193,0.0,resnet32,0.7045,0.6978,0.4643139587715268,0.4643139587715268,0.0,resnet32,0.6971,0.6956,0.4553808069957251,0.4553808069957251,0.0,resnet32,0.6996,0.6996,0.45990630802275106,0.45990630802275106,0.0,0.0,0.0,0.0,0.0,0.0
wrn28x10x4-resnet32x4_cifar100_K8_indep_seed0003_d001,d001,"wrn28x10:4,resnet32:4",cifar100,8,indep,indep,peers,3,200,64,0.1,0.9,0.0005,True,0,60,0.1,1.0,1,,disagreement,1.0,1,0.0,0.5,weight,complete,0.0,0.0,42,0,45000,5000,10000,148027552,132,0.0010000000000000002,0,132.55,0.7397625,0.045010774751719176,0.6917,0.7864,0.8077,0.06793749999999998,0.739125,0.8046,0.25775714285714285,0.5704539999969366,0.2584321428571429,0.5728307044062432,0.6948,0.784725,wrn28x10,0.7852,0.7844,0.02088259222231996,0.02088259222231996,0.0,wrn28x10,0.7861,0.7908,0.020426332027868324,0.020426332027868324,0.0,wrn28x10,0.7864,0.7816,0.020330465705641967,0.020330465705641967,0.0,wrn28x10,0.7812,0.786,0.020917479349009227,0.020917479349009227,0.0,resnet32,0.6917,0.6872,0.4857970157172531,0.4857970157172531,0.0,resnet32,0.6969,0.6968,0.4575723641001704,0.4575723641001704,0.0,resnet32,0.6941,0.687,0.4438395577017218,0.4438395577017218,0.0,resnet32,0.6965,0.6992,0.4611532741480253,0.4611532741480253,0.0,0.0,0.0,0.0,0.0,0.0
wrn28x10x4-resnet32x4_cifar100_K8_indep_seed0003_d001,d001,"wrn28x10:4,resnet32:4",cifar100,8,indep,indep,peers,3,200,64,0.1,0.9,0.0005,True,0,60,0.1,1.0,1,,disagreement,1.0,1,0.0,0.5,weight,complete,0.0,0.0,42,0,45000,5000,10000,148027552,133,0.0010000000000000002,0,132.63,0.7404,0.04494961067684569,0.6911,0.7868,0.8088,0.06840000000000002,0.7393749999999999,0.8044,0.25816428571428574,0.5641741017643511,0.2579714285714286,0.5744842958676344,0.6955000000000001,0.7853,wrn28x10,0.786,0.7822,0.01979650464967232,0.01979650464967232,0.0,wrn28x10,0.7843,0.791,0.019713488553613635,0.019713488553613635,0.0,wrn28x10,0.7868,0.7812,0.019837726920906625,0.019837726920906625,0.0,wrn28x10,0.7841,0.7838,0.01955016424538123,0.01955016424538123,0.0,resnet32,0.6911,0.6868,0.47486457766287704,0.47486457766287704,0.0,resnet32,0.6983,0.698,0.45542246875861153,0.45542246875861153,0.0,resnet32,0.6973,0.6916,0.442296993220225,0.442296993220225,0.0,resnet32,0.6953,0.7004,0.4538557041351768,0.4538557041351768,0.0,0.0,0.0,0.0,0.0,0.0
wrn28x10x4-resnet32x4_cifar100_K8_indep_seed0003_d001,d001,"wrn28x10:4,resnet32:4",cifar100,8,indep,indep,peers,3,200,64,0.1,0.9,0.0005,True,0,60,0.1,1.0,1,,disagreement,1.0,1,0.0,0.5,weight,complete,0.0,0.0,42,0,45000,5000,10000,148027552,134,0.0010000000000000002,0,132.47,0.7378750000000001,0.04650542307086346,0.6882,0.7856,0.8071,0.06922499999999998,0.7376,0.8042,0.26021428571428573,0.5637387148574337,0.2608428571428572,0.5730021659757231,0.6914,0.78435,wrn28x10,0.7855,0.7844,0.01881828648368934,0.01881828648368934,0.0,wrn28x10,0.7839,0.7886,0.018699488158083775,0.018699488158083775,0.0,wrn28x10,0.7856,0.7782,0.019800412229828493,0.019800412229828493,0.0,wrn28x10,0.7824,0.786,0.019096125372016104,0.019096125372016104,0.0,resnet32,0.6882,0.6834,0.46839140579951083,0.46839140579951083,0.0,resnet32,0.6929,0.6962,0.4469039124563675,0.4469039124563675,0.0,resnet32,0.6932,0.6886,0.43219517795792356,0.43219517795792356,0.0,resnet32,0.6913,0.6954,0.44318302595903253,0.44318302595903253,0.0,0.0,0.0,0.0,0.0,0.0
wrn28x10x4-resnet32x4_cifar100_K8_indep_seed0003_d001,d001,"wrn28x10:4,resnet32:4",cifar100,8,indep,indep,peers,3,200,64,0.1,0.9,0.0005,True,0,60,0.1,1.0,1,,disagreement,1.0,1,0.0,0.5,weight,complete,0.0,0.0,42,0,45000,5000,10000,148027552,135,0.0010000000000000002,0,132.63,0.739375,0.04603663622594509,0.6912,0.7869,0.809,0.06962500000000005,0.7393000000000001,0.807,0.2584785714285714,0.5678089821548994,0.2605,0.5704602755865863,0.693375,0.785375,wrn28x10,0.7856,0.7862,0.018268084913539828,0.018268084913539828,0.0,wrn28x10,0.786,0.79,0.018405520369759124,0.018405520369759124,0.0,wrn28x10,0.7869,0.7806,0.019119415140514982,0.019119415140514982,0.0,wrn28x10,0.783,0.784,0.018520122479954312,0.018520122479954312,0.0,resnet32,0.6912,0.6834,0.46611217117275705,0.46611217117275705,0.0,resnet32,0.6922,0.6998,0.44177076228978956,0.44177076228978956,0.0,resnet32,0.6969,0.695,0.43461330770514905,0.43461330770514905,0.0,resnet32,0.6932,0.6954,0.44196443746543745,0.44196443746543745,0.0,0.0,0.0,0.0,0.0,0.0
wrn28x10x4-resnet32x4_cifar100_K8_indep_seed0003_d001,d001,"wrn28x10:4,resnet32:4",cifar100,8,indep,indep,peers,3,200,64,0.1,0.9,0.0005,True,0,60,0.1,1.0,1,,disagreement,1.0,1,0.0,0.5,weight,complete,0.0,0.0,42,0,45000,5000,10000,148027552,136,0.0010000000000000002,0,132.54,0.7399625000000001,0.04426601228651617,0.6906,0.7859,0.807,0.06703749999999997,0.7386250000000001,0.8058,0.2574714285714285,0.5671100788969888,0.25854285714285713,0.5741510974493699,0.6958,0.7841250000000001,wrn28x10,0.7857,0.7836,0.01793810516921274,0.01793810516921274,0.0,wrn28x10,0.7859,0.7896,0.018141167805217927,0.018141167805217927,0.0,wrn28x10,0.7829,0.7802,0.01799693989861143,0.01799693989861143,0.0,wrn28x10,0.782,0.7826,0.01811390142922226,0.01811390142922226,0.0,resnet32,0.6935,0.6872,0.4608766110402278,0.4608766110402278,0.0,resnet32,0.7003,0.6998,0.43901011610234325,0.43901011610234325,0.0,resnet32,0.6988,0.6872,0.4277774298521267,0.4277774298521267,0.0,resnet32,0.6906,0.6988,0.43389640519903466,0.43389640519903466,0.0,0.0,0.0,0.0,0.0,0.0
wrn28x10x4-resnet32x4_cifar100_K8_indep_seed0003_d001,d001,"wrn28x10:4,resnet32:4",cifar100,8,indep,indep,peers,3,200,64,0.1,0.9,0.0005,True,0,60,0.1,1.0,1,,disagreement,1.0,1,0.0,0.5,weight,complete,0.0,0.0,42,0,45000,5000,10000,148027552,137,0.0010000000000000002,0,132.42,0.7399,0.045227674050298004,0.6905,0.7863,0.8077,0.06779999999999997,0.7389000000000001,0.8056,0.258,0.5696760549253356,0.2595142857142857,0.5728055911754427,0.694725,0.785075,wrn28x10,0.786,0.7798,0.018262080911054825,0.018262080911054825,0.0,wrn28x10,0.7863,0.7902,0.018380213020877403,0.018380213020877403,0.0,wrn28x10,0.7853,0.7822,0.01785542441476454,0.01785542441476454,0.0,wrn28x10,0.7827,0.781,0.01822701487948176,0.01822701487948176,0.0,resnet32,0.6905,0.6894,0.4559192062270912,0.4559192062270912,0.0,resnet32,0.6973,0.6992,0.4325005310079591,0.4325005310079591,0.0,resnet32,0.697,0.6914,0.42431480884128675,0.42431480884128675,0.0,resnet32,0.6941,0.698,0.42946976761926303,0.42946976761926303,0.0,0.0,0.0,0.0,0.0,0.0
wrn28x10x4-resnet32x4_cifar100_K8_indep_seed0003_d001,d001,"wrn28x10:4,resnet32:4",cifar100,8,indep,indep,peers,3,200,64,0.1,0.9,0.0005,True,0,60,0.1,1.0,1,,disagreement,1.0,1,0.0,0.5,weight,complete,0.0,0.0,42,0,45000,5000,10000,148027552,138,0.0010000000000000002,0,132.46,0.739625,0.04582605017891026,0.691,0.7889,0.8091,0.06947500000000006,0.7401249999999999,0.8084,0.2575142857142857,0.5673484193898878,0.2609035714285715,0.569667394501377,0.6938500000000001,0.7854,wrn28x10,0.7846,0.7896,0.016297934426058255,0.016297934426058255,0.0,wrn28x10,0.785,0.7886,0.016850338686543346,0.016850338686543346,0.0,wrn28x10,0.7889,0.7854,0.017178175691118337,0.017178175691118337,0.0,wrn28x10,0.7831,0.7866,0.016600545481858055,0.016600545481858055,0.0,resnet32,0.691,0.6882,0.44976285349746997,0.44976285349746997,0.0,resnet32,0.6952,0.6946,0.4239857776556164,0.4239857776556164,0.0,resnet32,0.6966,0.693,0.41474011197516863,0.41474011197516863,0.0,resnet32,0.6926,0.695,0.4273715162522752,0.4273715162522752,0.0,0.0,0.0,0.0,0.0,0.0
wrn28x10x4-resnet32x4_cifar100_K8_indep_seed0003_d001,d001,"wrn28x10:4,resnet32:4",cifar100,8,indep,indep,peers,3,200,64,0.1,0.9,0.0005,True,0,60,0.1,1.0,1,,disagreement,1.0,1,0.0,0.5,weight,complete,0.0,0.0,42,0,45000,5000,10000,148027552,139,0.0010000000000000002,0,132.45,0.7391749999999999,0.04527059614142495,0.6921,0.7856,0.8075,0.06832500000000008,0.737675,0.806,0.26060714285714287,0.5684848039290595,0.261575,0.5725300467559734,0.6939249999999999,0.7844249999999999,wrn28x10,0.7849,0.7846,0.01687509048232724,0.01687509048232724,0.0,wrn28x10,0.7849,0.7886,0.017003387392667883,0.017003387392667883,0.0,wrn28x10,0.7856,0.7844,0.017539722355154067,0.017539722355154067,0.0,wrn28x10,0.7823,0.7868,0.017476858949521556,0.017476858949521556,0.0,resnet32,0.6929,0.6854,0.44491853285580873,0.44491853285580873,0.0,resnet32,0.6951,0.6918,0.4267200563229959,0.4267200563229959,0.0,resnet32,0.6956,0.6868,0.41245088700882415,0.41245088700882415,0.0,resnet32,0.6921,0.693,0.4226410798728466,0.4226410798728466,0.0,0.0,0.0,0.0,0.0,0.0
wrn28x10x4-resnet32x4_cifar100_K8_indep_seed0003_d001,d001,"wrn28x10:4,resnet32:4",cifar100,8,indep,indep,peers,3,200,64,0.1,0.9,0.0005,True,0,60,0.1,1.0,1,,disagreement,1.0,1,0.0,0.5,weight,complete,0.0,0.0,42,0,45000,5000,10000,148027552,140,0.0010000000000000002,0,132.74,0.74005,0.04666977073009894,0.6913,0.7887,0.8105,0.07045000000000001,0.7390249999999999,0.8114,0.2607499999999999,0.5639120437548929,0.2603892857142857,0.5712719217325876,0.6934,0.7867,wrn28x10,0.7865,0.7888,0.01622271852366711,0.01622271852366711,0.0,wrn28x10,0.7865,0.79,0.016516491610011806,0.016516491610011806,0.0,wrn28x10,0.7887,0.7846,0.01618297399611699,0.01618297399611699,0.0,wrn28x10,0.7851,0.7888,0.017185093601173405,0.017185093601173405,0.0,resnet32,0.6913,0.686,0.4470779295291074,0.4470779295291074,0.0,resnet32,0.6949,0.6926,0.4243549649095671,0.4243549649095671,0.0,resnet32,0.6929,0.6888,0.41190016422082076,0.41190016422082076,0.0,resnet32,0.6945,0.6926,0.42561920057050884,0.42561920057050884,0.0,0.0,0.0,0.0,0.0,0.0
wrn28x10x4-resnet32x4_cifar100_K8_indep_seed0003_d001,d001,"wrn28x10:4,resnet32:4",cifar100,8,indep,indep,peers,3,200,64,0.1,0.9,0.0005,True,0,60,0.1,1.0,1,,disagreement,1.0,1,0.0,0.5,weight,complete,0.0,0.0,42,0,45000,5000,10000,148027552,141,0.0010000000000000002,0,134.0,0.7388375,0.04571088320903459,0.6899,0.7853,0.8092,0.0703625,0.7398750000000001,0.8092,0.25994285714285714,0.5651252618675413,0.26356428571428575,0.565509861227634,0.6931499999999999,0.7845249999999999,wrn28x10,0.7841,0.785,0.01640466949770185,0.01640466949770185,0.0,wrn28x10,0.7847,0.7914,0.016557586344292344,0.016557586344292344,0.0,wrn28x10,0.7853,0.7832,0.016495380691842663,0.016495380691842663,0.0,wrn28x10,0.784,0.7892,0.01560648280891738,0.01560648280891738,0.0,resnet32,0.6899,0.6878,0.44392568637108937,0.44392568637108937,0.0,resnet32,0.6948,0.6986,0.42297152446752245,0.42297152446752245,0.0,resnet32,0.6931,0.6876,0.40903343679383397,0.40903343679383397,0.0,resnet32,0.6948,0.6962,0.4147851633077318,0.4147851633077318,0.0,0.0,0.0,0.0,0.0,0.0
wrn28x10x4-resnet32x4_cifar100_K8_indep_seed0003_d001,d001,"wrn28x10:4,resnet32:4",cifar100,8,indep,indep,peers,3,200,64,0.1,0.9,0.0005,True,0,60,0.1,1.0,1,,disagreement,1.0,1,0.0,0.5,weight,complete,0.0,0.0,42,0,45000,5000,10000,148027552,142,0.0010000000000000002,0,134.98,0.7396124999999999,0.04571611962699808,0.6904,0.7866,0.809,0.06938750000000016,0.7388250000000001,0.8054,0.25996428571428576,0.5688815013691985,0.2613892857142857,0.5685944052643734,0.693925,0.7852999999999999,wrn28x10,0.7853,0.7852,0.015651633497327566,0.015651633497327566,0.0,wrn28x10,0.7847,0.789,0.016182296384530757,0.016182296384530757,0.0,wrn28x10,0.7866,0.7864,0.016629272154783725,0.016629272154783725,0.0,wrn28x10,0.7846,0.7884,0.016289064420892497,0.016289064420892497,0.0,resnet32,0.6904,0.682,0.4362676047762348,0.4362676047762348,0.0,resnet32,0.694,0.6994,0.41515337804925034,0.41515337804925034,0.0,resnet32,0.6956,0.689,0.4047658155587586,0.4047658155587586,0.0,resnet32,0.6957,0.6912,0.4120024766730653,0.4120024766730653,0.0,0.0,0.0,0.0,0.0,0.0
wrn28x10x4-resnet32x4_cifar100_K8_indep_seed0003_d001,d001,"wrn28x10:4,resnet32:4",cifar100,8,indep,indep,peers,3,200,64,0.1,0.9,0.0005,True,0,60,0.1,1.0,1,,disagreement,1.0,1,0.0,0.5,weight,complete,0.0,0.0,42,0,45000,5000,10000,148027552,143,0.0010000000000000002,0,132.89,0.7396875,0.046406018938818704,0.6898,0.7884,0.8092,0.06951249999999998,0.7397,0.8078,0.2599071428571428,0.5661682786385466,0.26087857142857135,0.5700534947003417,0.693325,0.7860500000000001,wrn28x10,0.7849,0.7862,0.014905539380957965,0.014905539380957965,0.0,wrn28x10,0.7867,0.7898,0.015352857900407716,0.015352857900407716,0.0,wrn28x10,0.7884,0.7828,0.015465726287485186,0.015465726287485186,0.0,wrn28x10,0.7842,0.7906,0.015354412511276843,0.015354412511276843,0.0,resnet32,0.6898,0.6894,0.43251072617501696,0.43251072617501696,0.0,resnet32,0.6951,0.6952,0.408992304128002,0.408992304128002,0.0,resnet32,0.6957,0.6882,0.3984039474956014,0.3984039474956014,0.0,resnet32,0.6927,0.6954,0.4064911376600238,0.4064911376600238,0.0,0.0,0.0,0.0,0.0,0.0
wrn28x10x4-resnet32x4_cifar100_K8_indep_seed0003_d001,d001,"wrn28x10:4,resnet32:4",cifar100,8,indep,indep,peers,3,200,64,0.1,0.9,0.0005,True,0,60,0.1,1.0,1,,disagreement,1.0,1,0.0,0.5,weight,complete,0.0,0.0,42,0,45000,5000,10000,148027552,144,0.0010000000000000002,0,133.78,0.7394000000000001,0.046762244385829065,0.6878,0.7884,0.8105,0.07109999999999994,0.73855,0.8066,0.2626857142857143,0.5605987802121318,0.2634142857142857,0.5665413316202528,0.6927249999999999,0.7860750000000001,wrn28x10,0.7868,0.7844,0.015559873470920138,0.015559873470920138,0.0,wrn28x10,0.7884,0.7876,0.015661249888415277,0.015661249888415277,0.0,wrn28x10,0.7872,0.7848,0.015788751159231073,0.015788751159231073,0.0,wrn28x10,0.7819,0.7868,0.015901568695963677,0.015901568695963677,0.0,resnet32,0.6878,0.684,0.43422161402519455,0.43422161402519455,0.0,resnet32,0.693,0.6942,0.408957843774591,0.408957843774591,0.0,resnet32,0.6967,0.6892,0.3994686896066097,0.3994686896066097,0.0,resnet32,0.6934,0.6974,0.4068987085907297,0.4068987085907297,0.0,0.0,0.0,0.0,0.0,0.0
wrn28x10x4-resnet32x4_cifar100_K8_indep_seed0003_d001,d001,"wrn28x10:4,resnet32:4",cifar100,8,indep,indep,peers,3,200,64,0.1,0.9,0.0005,True,0,60,0.1,1.0,1,,disagreement,1.0,1,0.0,0.5,weight,complete,0.0,0.0,42,0,45000,5000,10000,148027552,145,0.0010000000000000002,0,132.63,0.7387875,0.04600555503143072,0.6909,0.7875,0.8091,0.0703125,0.7392,0.8072,0.2588714285714286,0.5690509095349573,0.263275,0.5701600053764873,0.692825,0.7847500000000001,wrn28x10,0.7841,0.7832,0.014430481495351572,0.014430481495351572,0.0,wrn28x10,0.785,0.7914,0.015242880673957354,0.015242880673957354,0.0,wrn28x10,0.7875,0.7824,0.015122362057313281,0.015122362057313281,0.0,wrn28x10,0.7824,0.7864,0.015117399983203293,0.015117399983203293,0.0,resnet32,0.6928,0.684,0.4289326992901889,0.4289326992901889,0.0,resnet32,0.6913,0.6956,0.40169765294360166,0.40169765294360166,0.0,resnet32,0.6909,0.693,0.39292025919580326,0.39292025919580326,0.0,resnet32,0.6963,0.6976,0.3980534605004571,0.3980534605004571,0.0,0.0,0.0,0.0,0.0,0.0
wrn28x10x4-resnet32x4_cifar100_K8_indep_seed0003_d001,d001,"wrn28x10:4,resnet32:4",cifar100,8,indep,indep,peers,3,200,64,0.1,0.9,0.0005,True,0,60,0.1,1.0,1,,disagreement,1.0,1,0.0,0.5,weight,complete,0.0,0.0,42,0,45000,5000,10000,148027552,146,0.0010000000000000002,0,132.61,0.7389625,0.046832839373136446,0.6908,0.7877,0.8088,0.0698375,0.7383,0.8082,0.26343571428571433,0.5576720896019511,0.2637285714285715,0.5671416776911715,0.6921499999999999,0.785775,wrn28x10,0.7847,0.7846,0.01482217419536689,0.01482217419536689,0.0,wrn28x10,0.7866,0.7868,0.01547767762498221,0.01547767762498221,0.0,wrn28x10,0.7877,0.7864,0.015975713286024984,0.015975713286024984,0.0,wrn28x10,0.7841,0.7886,0.01605601765054003,0.01605601765054003,0.0,resnet32,0.692,0.682,0.424009069355882,0.424009069355882,0.0,resnet32,0.6943,0.697,0.4055477368899367,0.4055477368899367,0.0,resnet32,0.6915,0.6872,0.3926629964050583,0.3926629964050583,0.0,resnet32,0.6908,0.6938,0.3987623291005465,0.3987623291005465,0.0,0.0,0.0,0.0,0.0,0.0
wrn28x10x4-resnet32x4_cifar100_K8_indep_seed0003_d001,d001,"wrn28x10:4,resnet32:4",cifar100,8,indep,indep,peers,3,200,64,0.1,0.9,0.0005,True,0,60,0.1,1.0,1,,disagreement,1.0,1,0.0,0.5,weight,complete,0.0,0.0,42,0,45000,5000,10000,148027552,147,0.0010000000000000002,0,134.95,0.7377125,0.04730854673047989,0.6875,0.7872,0.807,0.06928750000000006,0.7399249999999999,0.8086,0.26098571428571427,0.559565743704764,0.2638285714285714,0.5670324973067034,0.69045,0.784975,wrn28x10,0.7855,0.7854,0.014897235061322466,0.014897235061322466,0.0,wrn28x10,0.7872,0.7912,0.015125394872897728,0.015125394872897728,0.0,wrn28x10,0.7861,0.7854,0.015512845763375728,0.015512845763375728,0.0,wrn28x10,0.7811,0.7874,0.015046941365488403,0.015046941365488403,0.0,resnet32,0.6904,0.6856,0.421793373640288,0.421793373640288,0.0,resnet32,0.6917,0.7008,0.39805127515203576,0.39805127515203576,0.0,resnet32,0.6922,0.6884,0.38498289070346137,0.38498289070346137,0.0,resnet32,0.6875,0.6952,0.4000705846119672,0.4000705846119672,0.0,0.0,0.0,0.0,0.0,0.0
wrn28x10x4-resnet32x4_cifar100_K8_indep_seed0003_d001,d001,"wrn28x10:4,resnet32:4",cifar100,8,indep,indep,peers,3,200,64,0.1,0.9,0.0005,True,0,60,0.1,1.0,1,,disagreement,1.0,1,0.0,0.5,weight,complete,0.0,0.0,42,0,45000,5000,10000,148027552,148,0.0010000000000000002,0,134.08,0.737525,0.04802920335587507,0.6877,0.788,0.8056,0.068075,0.737275,0.8052,0.2621642857142857,0.5635123031481113,0.26500357142857145,0.5651602794709836,0.689525,0.785525,wrn28x10,0.785,0.784,0.014699068435055035,0.014699068435055035,0.0,wrn28x10,0.788,0.7892,0.015435037430672144,0.015435037430672144,0.0,wrn28x10,0.7862,0.7816,0.015365631271296561,0.015365631271296561,0.0,wrn28x10,0.7829,0.785,0.015279834923686312,0.015279834923686312,0.0,resnet32,0.6885,0.684,0.4185860035941005,0.4185860035941005,0.0,resnet32,0.6906,0.6952,0.3956060029820285,0.3956060029820285,0.0,resnet32,0.6913,0.685,0.38349512666040525,0.38349512666040525,0.0,resnet32,0.6877,0.6942,0.38920061355880037,0.38920061355880037,0.0,0.0,0.0,0.0,0.0,0.0
wrn28x10x4-resnet32x4_cifar100_K8_indep_seed0003_d001,d001,"wrn28x10:4,resnet32:4",cifar100,8,indep,indep,peers,3,200,64,0.1,0.9,0.0005,True,0,60,0.1,1.0,1,,disagreement,1.0,1,0.0,0.5,weight,complete,0.0,0.0,42,0,45000,5000,10000,148027552,149,0.0010000000000000002,0,135.25,0.7374999999999999,0.047725045835493994,0.6857,0.7877,0.807,0.06950000000000012,0.7381,0.8084,0.26450714285714283,0.5577855196624636,0.26518928571428574,0.5653706355205574,0.6898249999999999,0.7851750000000001,wrn28x10,0.783,0.785,0.014551160330897388,0.014551160330897388,0.0,wrn28x10,0.785,0.7928,0.015039119639616481,0.015039119639616481,0.0,wrn28x10,0.7877,0.7864,0.014851551747018344,0.014851551747018344,0.0,wrn28x10,0.785,0.7876,0.014717255482868164,0.014717255482868164,0.0,resnet32,0.6857,0.6816,0.4124740259510211,0.4124740259510211,0.0,resnet32,0.6909,0.6922,0.39213758321817627,0.39213758321817627,0.0,resnet32,0.6928,0.6858,0.38228009998883034,0.38228009998883034,0.0,resnet32,0.6899,0.6934,0.3891134990421547,0.3891134990421547,0.0,0.0,0.0,0.0,0.0,0.0
wrn28x10x4-resnet32x4_cifar100_K8_indep_seed0003_d001,d001,"wrn28x10:4,resnet32:4",cifar100,8,indep,indep,peers,3,200,64,0.1,0.9,0.0005,True,0,60,0.1,1.0,1,,disagreement,1.0,1,0.0,0.5,weight,complete,0.0,0.0,42,0,45000,5000,10000,148027552,150,0.0010000000000000002,0,132.59,0.7396750000000001,0.047100099522187855,0.691,0.7894,0.8098,0.07012499999999988,0.737,0.808,0.26411428571428575,0.5627576513492197,0.26280714285714285,0.5672805486061635,0.6926000000000001,0.7867500000000001,wrn28x10,0.7855,0.7836,0.014297988040198106,0.014297988040198106,0.0,wrn28x10,0.7894,0.7912,0.014951593173133337,0.014951593173133337,0.0,wrn28x10,0.786,0.786,0.014739962065835822,0.014739962065835822,0.0,wrn28x10,0.7861,0.7866,0.014804336003594059,0.014804336003594059,0.0,resnet32,0.691,0.6844,0.412768606138839,0.412768606138839,0.0,resnet32,0.6937,0.6914,0.38884727798656304,0.38884727798656304,0.0,resnet32,0.6945,0.682,0.3819106488742612,0.3819106488742612,0.0,resnet32,0.6912,0.6908,0.38621557148342783,0.38621557148342783,0.0,0.0,0.0,0.0,0.0,0.0
wrn28x10x4-resnet32x4_cifar100_K8_indep_seed0003_d001,d001,"wrn28x10:4,resnet32:4",cifar100,8,indep,indep,peers,3,200,64,0.1,0.9,0.0005,True,0,60,0.1,1.0,1,,disagreement,1.0,1,0.0,0.5,weight,complete,0.0,0.0,42,0,45000,5000,10000,148027552,151,0.0010000000000000002,0,133.48,0.7390125000000001,0.04849918652668312,0.6887,0.788,0.8081,0.06908749999999997,0.738575,0.8106,0.2625714285714286,0.5617699007140415,0.2647214285714286,0.5629371080417842,0.690525,0.7875,wrn28x10,0.788,0.7864,0.014056495576700068,0.014056495576700068,0.0,wrn28x10,0.788,0.7896,0.014063576129212213,0.014063576129212213,0.0,wrn28x10,0.788,0.7872,0.014389061079286463,0.014389061079286463,0.0,wrn28x10,0.786,0.7872,0.014109480697119248,0.014109480697119248,0.0,resnet32,0.6902,0.6794,0.4035646426914768,0.4035646426914768,0.0,resnet32,0.692,0.7014,0.38532474427483976,0.38532474427483976,0.0,resnet32,0.6912,0.6838,0.37744778525930917,0.37744778525930917,0.0,resnet32,0.6887,0.6936,0.38389368751086295,0.38389368751086295,0.0,0.0,0.0,0.0,0.0,0.0
wrn28x10x4-resnet32x4_cifar100_K8_indep_seed0003_d001,d001,"wrn28x10:4,resnet32:4",cifar100,8,indep,indep,peers,3,200,64,0.1,0.9,0.0005,True,0,60,0.1,1.0,1,,disagreement,1.0,1,0.0,0.5,weight,complete,0.0,0.0,42,0,45000,5000,10000,148027552,152,0.0010000000000000002,0,132.61,0.7370625,0.04776256215646311,0.6866,0.787,0.8075,0.07043750000000004,0.7363500000000001,0.806,0.26525,0.5597712513774779,0.2656607142857143,0.5665553601564958,0.6893499999999999,0.7847750000000001,wrn28x10,0.7851,0.7844,0.014145435655915539,0.014145435655915539,0.0,wrn28x10,0.787,0.7898,0.014400579214535273,0.014400579214535273,0.0,wrn28x10,0.7841,0.7818,0.014990768272995907,0.014990768272995907,0.0,wrn28x10,0.7829,0.7854,0.014499756135178772,0.014499756135178772,0.0,resnet32,0.6877,0.6836,0.4083508176475086,0.4083508176475086,0.0,resnet32,0.6866,0.691,0.3873898683073507,0.3873898683073507,0.0,resnet32,0.6894,0.6844,0.37387930627234955,0.37387930627234955,0.0,resnet32,0.6937,0.6904,0.38723582651635463,0.38723582651635463,0.0,0.0,0.0,0.0,0.0,0.0
wrn28x10x4-resnet32x4_cifar100_K8_indep_seed0003_d001,d001,"wrn28x10:4,resnet32:4",cifar100,8,indep,indep,peers,3,200,64,0.1,0.9,0.0005,True,0,60,0.1,1.0,1,,disagreement,1.0,1,0.0,0.5,weight,complete,0.0,0.0,42,0,45000,5000,10000,148027552,153,0.0010000000000000002,0,132.66,0.7379625,0.04756984174611052,0.6854,0.7874,0.8088,0.0708375,0.73785,0.8084,0.26298571428571427,0.5614701863614894,0.2656571428571428,0.5643355513485042,0.69045,0.7854749999999999,wrn28x10,0.7857,0.784,0.014326357906446157,0.014326357906446157,0.0,wrn28x10,0.7874,0.7856,0.01436499702553688,0.01436499702553688,0.0,wrn28x10,0.7844,0.7836,0.014592789398606825,0.014592789398606825,0.0,wrn28x10,0.7844,0.7878,0.014967157344058664,0.014967157344058664,0.0,resnet32,0.6854,0.6824,0.40453861495056614,0.40453861495056614,0.0,resnet32,0.693,0.6948,0.3807151986878704,0.3807151986878704,0.0,resnet32,0.6928,0.6864,0.3670795836104927,0.3670795836104927,0.0,resnet32,0.6906,0.6982,0.38228435098955577,0.38228435098955577,0.0,0.0,0.0,0.0,0.0,0.0
wrn28x10x4-resnet32x4_cifar100_K8_indep_seed0003_d001,d001,"wrn28x10:4,resnet32:4",cifar100,8,indep,indep,peers,3,200,64,0.1,0.9,0.0005,True,0,60,0.1,1.0,1,,disagreement,1.0,1,0.0,0.5,weight,complete,0.0,0.0,42,0,45000,5000,10000,148027552,154,0.0010000000000000002,0,132.55,0.7385875,0.04933640738592547,0.6868,0.7893,0.8098,0.07121250000000001,0.738175,0.8072,0.2640357142857143,0.5599720423969842,0.26410000000000006,0.565925204247458,0.6892750000000001,0.7879,wrn28x10,0.7893,0.783,0.013545124899709745,0.013545124899709745,0.0,wrn28x10,0.789,0.7908,0.014286763820564374,0.014286763820564374,0.0,wrn28x10,0.7858,0.7848,0.013632414128964725,0.013632414128964725,0.0,wrn28x10,0.7875,0.7906,0.013987384438554396,0.013987384438554396,0.0,resnet32,0.6868,0.684,0.40168134489266033,0.40168134489266033,0.0,resnet32,0.6915,0.6956,0.37773504171689803,0.37773504171689803,0.0,resnet32,0.6895,0.6804,0.3687386597422036,0.3687386597422036,0.0,resnet32,0.6893,0.6962,0.3757788086394695,0.3757788086394695,0.0,0.0,0.0,0.0,0.0,0.0
wrn28x10x4-resnet32x4_cifar100_K8_indep_seed0003_d001,d001,"wrn28x10:4,resnet32:4",cifar100,8,indep,indep,peers,3,200,64,0.1,0.9,0.0005,True,0,60,0.1,1.0,1,,disagreement,1.0,1,0.0,0.5,weight,complete,0.0,0.0,42,0,45000,5000,10000,148027552,155,0.0010000000000000002,0,132.47,0.7375,0.04739636061977755,0.6885,0.7882,0.8086,0.07109999999999994,0.738325,0.8076,0.2609642857142857,0.563539003967334,0.2644892857142857,0.5693059398816179,0.69015,0.78485,wrn28x10,0.7809,0.784,0.013630140618757154,0.013630140618757154,0.0,wrn28x10,0.7882,0.7882,0.013868801447890954,0.013868801447890954,0.0,wrn28x10,0.7853,0.7858,0.014130735262535216,0.014130735262535216,0.0,wrn28x10,0.785,0.7868,0.013773566389731555,0.013773566389731555,0.0,resnet32,0.6885,0.6862,0.40013433192771947,0.40013433192771947,0.0,resnet32,0.6924,0.6964,0.37329486215656454,0.37329486215656454,0.0,resnet32,0.6896,0.6838,0.36490346233106474,0.36490346233106474,0.0,resnet32,0.6901,0.6954,0.37372071820903907,0.37372071820903907,0.0,0.0,0.0,0.0,0.0,0.0
wrn28x10x4-resnet32x4_cifar100_K8_indep_seed0003_d001,d001,"wrn28x10:4,resnet32:4",cifar100,8,indep,indep,peers,3,200,64,0.1,0.9,0.0005,True,0,60,0.1,1.0,1,,disagreement,1.0,1,0.0,0.5,weight,complete,0.0,0.0,42,0,45000,5000,10000,148027552,156,0.0010000000000000002,0,132.44,0.7366375000000001,0.0487057218789538,0.6819,0.7867,0.8075,0.07086249999999994,0.735675,0.8062,0.26637142857142854,0.5594087737343165,0.26717142857142856,0.5641440420164101,0.68805,0.7852250000000001,wrn28x10,0.7861,0.7848,0.013769612309922442,0.013769612309922442,0.0,wrn28x10,0.7867,0.7882,0.013665208271545866,0.013665208271545866,0.0,wrn28x10,0.7835,0.782,0.014611819681952264,0.014611819681952264,0.0,wrn28x10,0.7846,0.7852,0.013538951888966205,0.013538951888966205,0.0,resnet32,0.6819,0.6826,0.3978394790425558,0.3978394790425558,0.0,resnet32,0.6919,0.6898,0.3767703841863708,0.3767703841863708,0.0,resnet32,0.6853,0.6794,0.36436671200631693,0.36436671200631693,0.0,resnet32,0.6931,0.6934,0.3730547161857513,0.3730547161857513,0.0,0.0,0.0,0.0,0.0,0.0
wrn28x10x4-resnet32x4_cifar100_K8_indep_seed0003_d001,d001,"wrn28x10:4,resnet32:4",cifar100,8,indep,indep,peers,3,200,64,0.1,0.9,0.0005,True,0,60,0.1,1.0,1,,disagreement,1.0,1,0.0,0.5,weight,complete,0.0,0.0,42,0,45000,5000,10000,148027552,157,0.0010000000000000002,0,133.19,0.7374875000000001,0.04875213937613403,0.6852,0.7878,0.8093,0.07181249999999995,0.7363500000000001,0.8086,0.26559285714285713,0.5601969634226095,0.26691071428571433,0.5657388016156462,0.688775,0.7861999999999999,wrn28x10,0.7877,0.7862,0.013022981155452064,0.013022981155452064,0.0,wrn28x10,0.7878,0.7892,0.014212205213962907,0.014212205213962907,0.0,wrn28x10,0.7836,0.7822,0.013941742926280394,0.013941742926280394,0.0,wrn28x10,0.7857,0.7888,0.013871665415618654,0.013871665415618654,0.0,resnet32,0.6852,0.684,0.3971434216099707,0.3971434216099707,0.0,resnet32,0.6888,0.6942,0.3768443822733719,0.3768443822733719,0.0,resnet32,0.6906,0.6754,0.3619017483751205,0.3619017483751205,0.0,resnet32,0.6905,0.6908,0.37185523995536973,0.37185523995536973,0.0,0.0,0.0,0.0,0.0,0.0
wrn28x10x4-resnet32x4_cifar100_K8_indep_seed0003_d001,d001,"wrn28x10:4,resnet32:4",cifar100,8,indep,indep,peers,3,200,64,0.1,0.9,0.0005,True,0,60,0.1,1.0,1,,disagreement,1.0,1,0.0,0.5,weight,complete,0.0,0.0,42,0,45000,5000,10000,148027552,158,0.0010000000000000002,0,132.43,0.738925,0.04823382500901206,0.6887,0.7878,0.8109,0.0719749999999999,0.7382500000000001,0.812,0.2627214285714286,0.5591037817539714,0.2648321428571428,0.5661187267011581,0.6907,0.7871499999999999,wrn28x10,0.7865,0.7854,0.013875346600715684,0.013875346600715684,0.0,wrn28x10,0.7866,0.7926,0.013959522425548957,0.013959522425548957,0.0,wrn28x10,0.7877,0.785,0.01369295126609028,0.01369295126609028,0.0,wrn28x10,0.7878,0.786,0.013797614713191499,0.013797614713191499,0.0,resnet32,0.6915,0.6854,0.3963499203408984,0.3963499203408984,0.0,resnet32,0.6913,0.693,0.3689076093194837,0.3689076093194837,0.0,resnet32,0.6913,0.685,0.3637057172388516,0.3637057172388516,0.0,resnet32,0.6887,0.6936,0.37047246081585233,0.37047246081585233,0.0,0.0,0.0,0.0,0.0,0.0
wrn28x10x4-resnet32x4_cifar100_K8_indep_seed0003_d001,d001,"wrn28x10:4,resnet32:4",cifar100,8,indep,indep,peers,3,200,64,0.1,0.9,0.0005,True,0,60,0.1,1.0,1,,disagreement,1.0,1,0.0,0.5,weight,complete,0.0,0.0,42,0,45000,5000,10000,148027552,159,0.0010000000000000002,0,132.55,0.7380249999999999,0.05011713155199528,0.6851,0.7889,0.8102,0.0721750000000001,0.7383000000000001,0.812,0.26651428571428565,0.5540965434903523,0.26715357142857143,0.5627716208129873,0.687925,0.788125,wrn28x10,0.7889,0.786,0.01392641236783344,0.01392641236783344,0.0,wrn28x10,0.7881,0.7924,0.014252714573310434,0.014252714573310434,0.0,wrn28x10,0.7879,0.7868,0.013648395386884327,0.013648395386884327,0.0,wrn28x10,0.7876,0.7944,0.014375873980249955,0.014375873980249955,0.0,resnet32,0.6851,0.6774,0.39449551417915657,0.39449551417915657,0.0,resnet32,0.6897,0.6954,0.3689985770562833,0.3689985770562833,0.0,resnet32,0.6892,0.6836,0.3593740721063858,0.3593740721063858,0.0,resnet32,0.6877,0.6904,0.3635025059550323,0.3635025059550323,0.0,0.0,0.0,0.0,0.0,0.0
wrn28x10x4-resnet32x4_cifar100_K8_indep_seed0003_d001,d001,"wrn28x10:4,resnet32:4",cifar100,8,indep,indep,peers,3,200,64,0.1,0.9,0.0005,True,0,60,0.1,1.0,1,,disagreement,1.0,1,0.0,0.5,weight,complete,0.0,0.0,42,0,45000,5000,10000,148027552,160,0.0010000000000000002,0,135.33,0.7378875,0.04848851507058142,0.6865,0.7868,0.809,0.07111250000000002,0.736375,0.8084,0.2683714285714286,0.555357619830305,0.2681714285714286,0.5618270890911454,0.6894500000000001,0.786325,wrn28x10,0.7868,0.7862,0.013609268862637691,0.013609268862637691,0.0,wrn28x10,0.7868,0.7876,0.013559978683836314,0.013559978683836314,0.0,wrn28x10,0.7855,0.7864,0.013840354786225362,0.013840354786225362,0.0,wrn28x10,0.7862,0.788,0.013568129751299486,0.013568129751299486,0.0,resnet32,0.6865,0.6804,0.3887611394113099,0.3887611394113099,0.0,resnet32,0.6894,0.69,0.36890074904923414,0.36890074904923414,0.0,resnet32,0.6945,0.6814,0.35654343878427014,0.35654343878427014,0.0,resnet32,0.6874,0.691,0.36508263779846445,0.36508263779846445,0.0,0.0,0.0,0.0,0.0,0.0
wrn28x10x4-resnet32x4_cifar100_K8_indep_seed0003_d001,d001,"wrn28x10:4,resnet32:4",cifar100,8,indep,indep,peers,3,200,64,0.1,0.9,0.0005,True,0,60,0.1,1.0,1,,disagreement,1.0,1,0.0,0.5,weight,complete,0.0,0.0,42,0,45000,5000,10000,148027552,161,0.0010000000000000002,0,132.45,0.7355,0.049015201723546974,0.6817,0.7869,0.8082,0.07269999999999999,0.736125,0.8078,0.26659285714285713,0.5595377848913373,0.2694607142857143,0.5604551730019038,0.6865749999999999,0.784425,wrn28x10,0.7836,0.7824,0.013544043053777634,0.013544043053777634,0.0,wrn28x10,0.7869,0.7898,0.013202694404423131,0.013202694404423131,0.0,wrn28x10,0.7823,0.785,0.01385181441384537,0.01385181441384537,0.0,wrn28x10,0.7849,0.7866,0.013731330630186923,0.013731330630186923,0.0,resnet32,0.6817,0.6842,0.38630110607482493,0.38630110607482493,0.0,resnet32,0.688,0.6932,0.3621259842448952,0.3621259842448952,0.0,resnet32,0.6846,0.6784,0.35275200197727163,0.35275200197727163,0.0,resnet32,0.692,0.6894,0.364944278283722,0.364944278283722,0.0,0.0,0.0,0.0,0.0,0.0
wrn28x10x4-resnet32x4_cifar100_K8_indep_seed0003_d001,d001,"wrn28x10:4,resnet32:4",cifar100,8,indep,indep,peers,3,200,64,0.1,0.9,0.0005,True,0,60,0.1,1.0,1,,disagreement,1.0,1,0.0,0.5,weight,complete,0.0,0.0,42,0,45000,5000,10000,148027552,162,0.0010000000000000002,0,132.37,0.7384,0.04984904713231738,0.6845,0.7905,0.8102,0.07180000000000009,0.737425,0.812,0.2675714285714285,0.5512594547603776,0.26770714285714287,0.5612220135337139,0.6885999999999999,0.7882,wrn28x10,0.7887,0.7872,0.013288140832711097,0.013288140832711097,0.0,wrn28x10,0.7905,0.7914,0.012945395589750578,0.012945395589750578,0.0,wrn28x10,0.7861,0.787,0.01333582354147273,0.01333582354147273,0.0,wrn28x10,0.7875,0.7878,0.013633934696289625,0.013633934696289625,0.0,resnet32,0.6845,0.6836,0.38454029605385254,0.38454029605385254,0.0,resnet32,0.6888,0.689,0.3621389158916744,0.3621389158916744,0.0,resnet32,0.692,0.679,0.3506888586773791,0.3506888586773791,0.0,resnet32,0.6891,0.6944,0.35894712462851946,0.35894712462851946,0.0,0.0,0.0,0.0,0.0,0.0
wrn28x10x4-resnet32x4_cifar100_K8_indep_seed0003_d001,d001,"wrn28x10:4,resnet32:4",cifar100,8,indep,indep,peers,3,200,64,0.1,0.9,0.0005,True,0,60,0.1,1.0,1,,disagreement,1.0,1,0.0,0.5,weight,complete,0.0,0.0,42,0,45000,5000,10000,148027552,163,0.0010000000000000002,0,132.61,0.7387874999999999,0.0490835114244081,0.688,0.7907,0.8127,0.07391250000000005,0.737125,0.8082,0.2657285714285714,0.557922615695438,0.26654642857142863,0.5618571305402966,0.689725,0.78785,wrn28x10,0.7861,0.7878,0.01300074374111401,0.01300074374111401,0.0,wrn28x10,0.7907,0.794,0.013202003596895585,0.013202003596895585,0.0,wrn28x10,0.7877,0.785,0.013286917101306079,0.013286917101306079,0.0,wrn28x10,0.7869,0.7858,0.013480698162972905,0.013480698162972905,0.0,resnet32,0.6898,0.6854,0.3823155999098989,0.3823155999098989,0.0,resnet32,0.6907,0.6904,0.3612208285961639,0.3612208285961639,0.0,resnet32,0.688,0.6788,0.350306729383936,0.350306729383936,0.0,resnet32,0.6904,0.6898,0.3583875578425994,0.3583875578425994,0.0,0.0,0.0,0.0,0.0,0.0
wrn28x10x4-resnet32x4_cifar100_K8_indep_seed0003_d001,d001,"wrn28x10:4,resnet32:4",cifar100,8,indep,indep,peers,3,200,64,0.1,0.9,0.0005,True,0,60,0.1,1.0,1,,disagreement,1.0,1,0.0,0.5,weight,complete,0.0,0.0,42,0,45000,5000,10000,148027552,164,0.0010000000000000002,0,134.5,0.7375,0.04979814253564081,0.6847,0.7887,0.8112,0.07369999999999999,0.73795,0.8102,0.2661071428571429,0.5551185527371026,0.2698535714285714,0.5575715854332588,0.6877500000000001,0.78725,wrn28x10,0.7874,0.7854,0.0131868369151727,0.0131868369151727,0.0,wrn28x10,0.7873,0.7934,0.013738724419619592,0.013738724419619592,0.0,wrn28x10,0.7887,0.7874,0.01328002119573119,0.01328002119573119,0.0,wrn28x10,0.7856,0.7866,0.013624505443162476,0.013624505443162476,0.0,resnet32,0.6847,0.6864,0.38190848454409704,0.38190848454409704,0.0,resnet32,0.6866,0.6902,0.35532092836431484,0.35532092836431484,0.0,resnet32,0.6925,0.6824,0.3455380834215744,0.3455380834215744,0.0,resnet32,0.6872,0.6918,0.3566685456105254,0.3566685456105254,0.0,0.0,0.0,0.0,0.0,0.0
wrn28x10x4-resnet32x4_cifar100_K8_indep_seed0003_d001,d001,"wrn28x10:4,resnet32:4",cifar100,8,indep,indep,peers,3,200,64,0.1,0.9,0.0005,True,0,60,0.1,1.0,1,,disagreement,1.0,1,0.0,0.5,weight,complete,0.0,0.0,42,0,45000,5000,10000,148027552,165,0.0010000000000000002,0,133.79,0.7371375,0.049354962706398636,0.6856,0.7873,0.8089,0.07176249999999995,0.734675,0.8098,0.2683142857142857,0.5561868718304327,0.26812142857142857,0.5618338126173058,0.6878,0.7864749999999999,wrn28x10,0.7849,0.7852,0.013677758639956168,0.013677758639956168,0.0,wrn28x10,0.7873,0.7896,0.013388524393865902,0.013388524393865902,0.0,wrn28x10,0.7865,0.7844,0.013545513665039007,0.013545513665039007,0.0,wrn28x10,0.7872,0.785,0.013600946656052574,0.013600946656052574,0.0,resnet32,0.6856,0.679,0.37540956044738943,0.37540956044738943,0.0,resnet32,0.6872,0.6902,0.3551136949522929,0.3551136949522929,0.0,resnet32,0.6899,0.6778,0.3424741877242923,0.3424741877242923,0.0,resnet32,0.6885,0.6862,0.35528525030663743,0.35528525030663743,0.0,0.0,0.0,0.0,0.0,0.0
wrn28x10x4-resnet32x4_cifar100_K8_indep_seed0003_d001,d001,"wrn28x10:4,resnet32:4",cifar100,8,indep,indep,peers,3,200,64,0.1,0.9,0.0005,True,0,60,0.1,1.0,1,,disagreement,1.0,1,0.0,0.5,weight,complete,0.0,0.0,42,0,45000,5000,10000,148027552,166,0.0010000000000000002,0,134.59,0.7372375,0.049367523168070734,0.6849,0.7885,0.8085,0.0712625,0.7359,0.8086,0.2662285714285715,0.559234605216153,0.26754285714285714,0.5641593810765764,0.6879000000000001,0.786575,wrn28x10,0.7863,0.7844,0.013044619258091023,0.013044619258091023,0.0,wrn28x10,0.7869,0.7902,0.013398977304115595,0.013398977304115595,0.0,wrn28x10,0.7846,0.7856,0.01350638478801226,0.01350638478801226,0.0,wrn28x10,0.7885,0.785,0.01331391682006969,0.01331391682006969,0.0,resnet32,0.6849,0.6884,0.3772494329287755,0.3772494329287755,0.0,resnet32,0.6895,0.6882,0.3497723689387468,0.3497723689387468,0.0,resnet32,0.6899,0.677,0.3430136865301227,0.3430136865301227,0.0,resnet32,0.6873,0.6884,0.35457861266860907,0.35457861266860907,0.0,0.0,0.0,0.0,0.0,0.0
wrn28x10x4-resnet32x4_cifar100_K8_indep_seed0003_d001,d001,"wrn28x10:4,resnet32:4",cifar100,8,indep,indep,peers,3,200,64,0.1,0.9,0.0005,True,0,60,0.1,1.0,1,,disagreement,1.0,1,0.0,0.5,weight,complete,0.0,0.0,42,0,45000,5000,10000,148027552,167,0.0010000000000000002,0,132.53,0.7381500000000001,0.049947046959755284,0.6863,0.7908,0.8112,0.07304999999999995,0.7355750000000001,0.8116,0.2690714285714286,0.5518569113325901,0.267675,0.5630719672440565,0.6882250000000001,0.788075,wrn28x10,0.7859,0.7862,0.013071695040376984,0.013071695040376984,0.0,wrn28x10,0.7908,0.7914,0.013293073828787205,0.013293073828787205,0.0,wrn28x10,0.788,0.7866,0.013421577612461988,0.013421577612461988,0.0,wrn28x10,0.7876,0.785,0.013589325395349244,0.013589325395349244,0.0,resnet32,0.6863,0.6834,0.37698884098790586,0.37698884098790586,0.0,resnet32,0.6886,0.6908,0.35057072938335215,0.35057072938335215,0.0,resnet32,0.6887,0.6764,0.34097993098707363,0.34097993098707363,0.0,resnet32,0.6893,0.6848,0.35154539734040474,0.35154539734040474,0.0,0.0,0.0,0.0,0.0,0.0
wrn28x10x4-resnet32x4_cifar100_K8_indep_seed0003_d001,d001,"wrn28x10:4,resnet32:4",cifar100,8,indep,indep,peers,3,200,64,0.1,0.9,0.0005,True,0,60,0.1,1.0,1,,disagreement,1.0,1,0.0,0.5,weight,complete,0.0,0.0,42,0,45000,5000,10000,148027552,168,0.0010000000000000002,0,133.2,0.7364625,0.05122450432898302,0.6826,0.789,0.8087,0.07223749999999995,0.736425,0.8126,0.2679357142857143,0.5570577130083678,0.27006071428571427,0.5612136393145968,0.6853,0.787625,wrn28x10,0.7851,0.7852,0.01298659898516648,0.01298659898516648,0.0,wrn28x10,0.7878,0.7946,0.013478699846680021,0.013478699846680021,0.0,wrn28x10,0.789,0.788,0.0134757781422443,0.0134757781422443,0.0,wrn28x10,0.7886,0.7866,0.013335156317969615,0.013335156317969615,0.0,resnet32,0.6826,0.6814,0.37225825000892987,0.37225825000892987,0.0,resnet32,0.6841,0.6838,0.35061944007280876,0.35061944007280876,0.0,resnet32,0.6908,0.6844,0.3409031864932992,0.3409031864932992,0.0,resnet32,0.6837,0.6874,0.34916353081776336,0.34916353081776336,0.0,0.0,0.0,0.0,0.0,0.0
wrn28x10x4-resnet32x4_cifar100_K8_indep_seed0003_d001,d001,"wrn28x10:4,resnet32:4",cifar100,8,indep,indep,peers,3,200,64,0.1,0.9,0.0005,True,0,60,0.1,1.0,1,,disagreement,1.0,1,0.0,0.5,weight,complete,0.0,0.0,42,0,45000,5000,10000,148027552,169,0.0010000000000000002,0,133.17,0.7371,0.05094008735760079,0.6833,0.7901,0.8104,0.07330000000000003,0.737675,0.8108,0.26654285714285714,0.5531538961942398,0.26954285714285714,0.5612340834848901,0.6861999999999999,0.788,wrn28x10,0.7855,0.7898,0.0134656511958879,0.0134656511958879,0.0,wrn28x10,0.7889,0.7874,0.012931970328447112,0.012931970328447112,0.0,wrn28x10,0.7901,0.789,0.013074378306390083,0.013074378306390083,0.0,wrn28x10,0.7875,0.789,0.01346058831669242,0.01346058831669242,0.0,resnet32,0.6833,0.679,0.3664834627204321,0.3664834627204321,0.0,resnet32,0.6866,0.695,0.3473004965450276,0.3473004965450276,0.0,resnet32,0.6896,0.6844,0.3386515214488926,0.3386515214488926,0.0,resnet32,0.6853,0.6878,0.34664862797680224,0.34664862797680224,0.0,0.0,0.0,0.0,0.0,0.0
wrn28x10x4-resnet32x4_cifar100_K8_indep_seed0003_d001,d001,"wrn28x10:4,resnet32:4",cifar100,8,indep,indep,peers,3,200,64,0.1,0.9,0.0005,True,0,60,0.1,1.0,1,,disagreement,1.0,1,0.0,0.5,weight,complete,0.0,0.0,42,0,45000,5000,10000,148027552,170,0.0010000000000000002,0,132.81,0.7367,0.049412043066442826,0.6812,0.7884,0.8081,0.07140000000000002,0.735525,0.8118,0.2676785714285714,0.5547586754250912,0.26876785714285717,0.5643143263749778,0.6874,0.786,wrn28x10,0.7831,0.7848,0.012637875443694858,0.012637875443694858,0.0,wrn28x10,0.7884,0.7894,0.013200843850261828,0.013200843850261828,0.0,wrn28x10,0.7848,0.7832,0.012930526140817992,0.012930526140817992,0.0,wrn28x10,0.7877,0.7856,0.013262756476747612,0.013262756476747612,0.0,resnet32,0.6812,0.6784,0.3679641828745265,0.3679641828745265,0.0,resnet32,0.6877,0.6916,0.3476015024564483,0.3476015024564483,0.0,resnet32,0.693,0.6832,0.33447144989093597,0.33447144989093597,0.0,resnet32,0.6877,0.688,0.34546035959977994,0.34546035959977994,0.0,0.0,0.0,0.0,0.0,0.0
wrn28x10x4-resnet32x4_cifar100_K8_indep_seed0003_d001,d001,"wrn28x10:4,resnet32:4",cifar100,8,indep,indep,peers,3,200,64,0.1,0.9,0.0005,True,0,60,0.1,1.0,1,,disagreement,1.0,1,0.0,0.5,weight,complete,0.0,0.0,42,0,45000,5000,10000,148027552,171,0.0010000000000000002,0,133.66,0.7372875,0.050382721182464923,0.6831,0.7893,0.8094,0.07211250000000002,0.736225,0.8088,0.26714285714285707,0.5602819179749928,0.26946428571428577,0.5580427634177919,0.68695,0.7876250000000001,wrn28x10,0.7859,0.7886,0.013099861995711266,0.013099861995711266,0.0,wrn28x10,0.7893,0.7862,0.013344962167717644,0.013344962167717644,0.0,wrn28x10,0.7863,0.7834,0.013140463970061815,0.013140463970061815,0.0,wrn28x10,0.789,0.7926,0.012830892970669083,0.012830892970669083,0.0,resnet32,0.6831,0.6832,0.3686491181777621,0.3686491181777621,0.0,resnet32,0.6881,0.6874,0.34537276927254756,0.34537276927254756,0.0,resnet32,0.6902,0.6778,0.3341819822407243,0.3341819822407243,0.0,resnet32,0.6864,0.6906,0.3471231469037858,0.3471231469037858,0.0,0.0,0.0,0.0,0.0,0.0
wrn28x10x4-resnet32x4_cifar100_K8_indep_seed0003_d001,d001,"wrn28x10:4,resnet32:4",cifar100,8,indep,indep,peers,3,200,64,0.1,0.9,0.0005,True,0,60,0.1,1.0,1,,disagreement,1.0,1,0.0,0.5,weight,complete,0.0,0.0,42,0,45000,5000,10000,148027552,172,0.0010000000000000002,0,132.51,0.73675,0.05093348603816553,0.6809,0.7891,0.8101,0.07335000000000003,0.736275,0.8088,0.26815,0.5533830487152859,0.26995,0.560564028010411,0.685875,0.787625,wrn28x10,0.7862,0.7878,0.012964629092907258,0.012964629092907258,0.0,wrn28x10,0.7891,0.7898,0.01301940980159667,0.01301940980159667,0.0,wrn28x10,0.7869,0.7842,0.013330712264922278,0.013330712264922278,0.0,wrn28x10,0.7883,0.7842,0.013187993607227161,0.013187993607227161,0.0,resnet32,0.6809,0.686,0.36439240620132873,0.36439240620132873,0.0,resnet32,0.6859,0.692,0.34254148943265056,0.34254148943265056,0.0,resnet32,0.69,0.6758,0.3340281945314597,0.3340281945314597,0.0,resnet32,0.6867,0.6904,0.34248638625087385,0.34248638625087385,0.0,0.0,0.0,0.0,0.0,0.0
wrn28x10x4-resnet32x4_cifar100_K8_indep_seed0003_d001,d001,"wrn28x10:4,resnet32:4",cifar100,8,indep,indep,peers,3,200,64,0.1,0.9,0.0005,True,0,60,0.1,1.0,1,,disagreement,1.0,1,0.0,0.5,weight,complete,0.0,0.0,42,0,45000,5000,10000,148027552,173,0.0010000000000000002,0,132.5,0.7357,0.051250121951074416,0.681,0.7899,0.8108,0.07509999999999994,0.735975,0.8092,0.2693928571428571,0.5521986836528512,0.27135714285714285,0.5610180650317556,0.684525,0.786875,wrn28x10,0.7843,0.787,0.012930210182689321,0.012930210182689321,0.0,wrn28x10,0.7899,0.7874,0.01271513178322824,0.01271513178322824,0.0,wrn28x10,0.7863,0.7854,0.013453268082230352,0.013453268082230352,0.0,wrn28x10,0.787,0.7864,0.012472346728000875,0.012472346728000875,0.0,resnet32,0.6814,0.684,0.36286564808423544,0.36286564808423544,0.0,resnet32,0.681,0.6848,0.3422359906306321,0.3422359906306321,0.0,resnet32,0.6886,0.6804,0.333369773558595,0.333369773558595,0.0,resnet32,0.6871,0.6924,0.34284283891743556,0.34284283891743556,0.0,0.0,0.0,0.0,0.0,0.0
wrn28x10x4-resnet32x4_cifar100_K8_indep_seed0003_d001,d001,"wrn28x10:4,resnet32:4",cifar100,8,indep,indep,peers,3,200,64,0.1,0.9,0.0005,True,0,60,0.1,1.0,1,,disagreement,1.0,1,0.0,0.5,weight,complete,0.0,0.0,42,0,45000,5000,10000,148027552,174,0.0010000000000000002,0,135.25,0.7378,0.05114892471988049,0.6827,0.7902,0.8124,0.0746,0.735825,0.8112,0.2690071428571429,0.5574349582988931,0.26948214285714284,0.5608337106980834,0.686725,0.788875,wrn28x10,0.7875,0.7892,0.01230648942113145,0.01230648942113145,0.0,wrn28x10,0.7902,0.7908,0.012534162208546397,0.012534162208546397,0.0,wrn28x10,0.7889,0.7902,0.0133783549476489,0.0133783549476489,0.0,wrn28x10,0.7889,0.7906,0.012502540824326306,0.012502540824326306,0.0,resnet32,0.6827,0.6762,0.36159293047702784,0.36159293047702784,0.0,resnet32,0.6833,0.6886,0.33571739708581433,0.33571739708581433,0.0,resnet32,0.6912,0.6736,0.3311729884960435,0.3311729884960435,0.0,resnet32,0.6897,0.6874,0.33430135110393167,0.33430135110393167,0.0,0.0,0.0,0.0,0.0,0.0
wrn28x10x4-resnet32x4_cifar100_K8_indep_seed0003_d001,d001,"wrn28x10:4,resnet32:4",cifar100,8,indep,indep,peers,3,200,64,0.1,0.9,0.0005,True,0,60,0.1,1.0,1,,disagreement,1.0,1,0.0,0.5,weight,complete,0.0,0.0,42,0,45000,5000,10000,148027552,175,0.0010000000000000002,0,132.4,0.73745,0.052254688784835364,0.6792,0.7917,0.8114,0.07394999999999996,0.738625,0.8082,0.2641142857142857,0.5566947028265963,0.26896785714285715,0.5635179807282795,0.685275,0.789625,wrn28x10,0.7876,0.7876,0.013130595612561923,0.013130595612561923,0.0,wrn28x10,0.7907,0.7918,0.012887278615711362,0.012887278615711362,0.0,wrn28x10,0.7885,0.7898,0.012968768698060145,0.012968768698060145,0.0,wrn28x10,0.7917,0.7906,0.012629102917840513,0.012629102917840513,0.0,resnet32,0.6792,0.6836,0.35965642500245437,0.35965642500245437,0.0,resnet32,0.6875,0.6926,0.3355722524204545,0.3355722524204545,0.0,resnet32,0.689,0.6828,0.32601593081331387,0.32601593081331387,0.0,resnet32,0.6854,0.6902,0.33491323100910947,0.33491323100910947,0.0,0.0,0.0,0.0,0.0,0.0
wrn28x10x4-resnet32x4_cifar100_K8_indep_seed0003_d001,d001,"wrn28x10:4,resnet32:4",cifar100,8,indep,indep,peers,3,200,64,0.1,0.9,0.0005,True,0,60,0.1,1.0,1,,disagreement,1.0,1,0.0,0.5,weight,complete,0.0,0.0,42,0,45000,5000,10000,148027552,176,0.0010000000000000002,0,132.49,0.7362375,0.0511771418091124,0.6802,0.7877,0.8094,0.07316250000000002,0.736225,0.8122,0.27055,0.5479067391748459,0.27223571428571425,0.5543470657716062,0.6851,0.787375,wrn28x10,0.7876,0.7892,0.012846776806823485,0.012846776806823485,0.0,wrn28x10,0.7873,0.79,0.01344968111119339,0.01344968111119339,0.0,wrn28x10,0.7877,0.7844,0.013261723064219537,0.013261723064219537,0.0,wrn28x10,0.7869,0.789,0.013441995351802854,0.013441995351802854,0.0,resnet32,0.6802,0.6824,0.3626611099197445,0.3626611099197445,0.0,resnet32,0.6869,0.6886,0.34177214529534633,0.34177214529534633,0.0,resnet32,0.6866,0.6782,0.33079314134507015,0.33079314134507015,0.0,resnet32,0.6867,0.688,0.3365814343772151,0.3365814343772151,0.0,0.0,0.0,0.0,0.0,0.0
wrn28x10x4-resnet32x4_cifar100_K8_indep_seed0003_d001,d001,"wrn28x10:4,resnet32:4",cifar100,8,indep,indep,peers,3,200,64,0.1,0.9,0.0005,True,0,60,0.1,1.0,1,,disagreement,1.0,1,0.0,0.5,weight,complete,0.0,0.0,42,0,45000,5000,10000,148027552,177,0.0010000000000000002,0,132.6,0.7364625,0.0506339791419754,0.6795,0.7896,0.809,0.07253750000000003,0.735375,0.8098,0.2714357142857143,0.5476029006470033,0.2696321428571428,0.5615720042758571,0.685925,0.787,wrn28x10,0.7845,0.787,0.012784987460856262,0.012784987460856262,0.0,wrn28x10,0.7896,0.7894,0.012903460643759568,0.012903460643759568,0.0,wrn28x10,0.7881,0.7864,0.012802194666371426,0.012802194666371426,0.0,wrn28x10,0.7858,0.787,0.012734694344213825,0.012734694344213825,0.0,resnet32,0.6795,0.6844,0.35820919095369225,0.35820919095369225,0.0,resnet32,0.6898,0.69,0.33550732948986645,0.33550732948986645,0.0,resnet32,0.6884,0.676,0.32687765681608155,0.32687765681608155,0.0,resnet32,0.686,0.6828,0.3357497044754299,0.3357497044754299,0.0,0.0,0.0,0.0,0.0,0.0
wrn28x10x4-resnet32x4_cifar100_K8_indep_seed0003_d001,d001,"wrn28x10:4,resnet32:4",cifar100,8,indep,indep,peers,3,200,64,0.1,0.9,0.0005,True,0,60,0.1,1.0,1,,disagreement,1.0,1,0.0,0.5,weight,complete,0.0,0.0,42,0,45000,5000,10000,148027552,178,0.0010000000000000002,0,134.17,0.7377,0.05170947688770406,0.6823,0.79,0.8145,0.07679999999999998,0.737075,0.8136,0.2694285714285714,0.551776487635385,0.27181785714285706,0.553964468603667,0.686025,0.789375,wrn28x10,0.7894,0.79,0.013050820659621175,0.013050820659621175,0.0,wrn28x10,0.79,0.7934,0.012666598959847099,0.012666598959847099,0.0,wrn28x10,0.7881,0.792,0.01291928451114059,0.01291928451114059,0.0,wrn28x10,0.79,0.788,0.013968552550729575,0.013968552550729575,0.0,resnet32,0.6823,0.6826,0.3616027721330862,0.3616027721330862,0.0,resnet32,0.6853,0.6868,0.3337791527155787,0.3337791527155787,0.0,resnet32,0.6873,0.677,0.32362106814980507,0.32362106814980507,0.0,resnet32,0.6892,0.6868,0.3353386123199016,0.3353386123199016,0.0,0.0,0.0,0.0,0.0,0.0
wrn28x10x4-resnet32x4_cifar100_K8_indep_seed0003_d001,d001,"wrn28x10:4,resnet32:4",cifar100,8,indep,indep,peers,3,200,64,0.1,0.9,0.0005,True,0,60,0.1,1.0,1,,disagreement,1.0,1,0.0,0.5,weight,complete,0.0,0.0,42,0,45000,5000,10000,148027552,179,0.0010000000000000002,0,132.48,0.7374,0.051763790433081706,0.6786,0.7923,0.8109,0.0734999999999999,0.7376,0.812,0.2698,0.5486673187415688,0.26961428571428564,0.559171798832508,0.6857499999999999,0.78905,wrn28x10,0.7875,0.7902,0.012647236006821251,0.012647236006821251,0.0,wrn28x10,0.7923,0.7932,0.012720219303777081,0.012720219303777081,0.0,wrn28x10,0.7883,0.7908,0.01351613797900923,0.01351613797900923,0.0,wrn28x10,0.7881,0.7886,0.013343908806167416,0.013343908806167416,0.0,resnet32,0.6786,0.6828,0.35856466738253157,0.35856466738253157,0.0,resnet32,0.6906,0.6946,0.3307042419698767,0.3307042419698767,0.0,resnet32,0.6858,0.6784,0.32352352544496005,0.32352352544496005,0.0,resnet32,0.688,0.6822,0.3344427818771113,0.3344427818771113,0.0,0.0,0.0,0.0,0.0,0.0
wrn28x10x4-resnet32x4_cifar100_K8_indep_seed0003_d001,d001,"wrn28x10:4,resnet32:4",cifar100,8,indep,indep,peers,3,200,64,0.1,0.9,0.0005,True,0,60,0.1,1.0,1,,disagreement,1.0,1,0.0,0.5,weight,complete,0.0,0.0,42,0,45000,5000,10000,148027552,180,0.00010000000000000003,0,137.66,0.7395,0.04832460553382718,0.6882,0.7913,0.8089,0.0693999999999999,0.7394499999999999,0.8136,0.2630928571428572,0.5565016207752039,0.26595,0.562175780893897,0.691225,0.787775,wrn28x10,0.7886,0.7882,0.012225131217168051,0.012225131217168051,0.0,wrn28x10,0.7913,0.7934,0.0126984420229829,0.0126984420229829,0.0,wrn28x10,0.7848,0.7852,0.012594476114000745,0.012594476114000745,0.0,wrn28x10,0.7864,0.788,0.012455329196778952,0.012455329196778952,0.0,resnet32,0.6882,0.6888,0.3246213953984393,0.3246213953984393,0.0,resnet32,0.6913,0.6966,0.3007546336686408,0.3007546336686408,0.0,resnet32,0.6934,0.682,0.2914922692262652,0.2914922692262652,0.0,resnet32,0.692,0.6934,0.302258350209079,0.302258350209079,0.0,0.0,0.0,0.0,0.0,0.0
wrn28x10x4-resnet32x4_cifar100_K8_indep_seed0003_d001,d001,"wrn28x10:4,resnet32:4",cifar100,8,indep,indep,peers,3,200,64,0.1,0.9,0.0005,True,0,60,0.1,1.0,1,,disagreement,1.0,1,0.0,0.5,weight,complete,0.0,0.0,42,0,45000,5000,10000,148027552,181,0.00010000000000000003,0,135.27,0.7397750000000001,0.04791314407341684,0.6864,0.7916,0.8084,0.06862499999999994,0.737575,0.8088,0.2629714285714286,0.5579798257212307,0.26296071428571427,0.5673722505225938,0.6919500000000001,0.7876000000000001,wrn28x10,0.7861,0.7824,0.011728822919063863,0.011728822919063863,0.0,wrn28x10,0.7916,0.7894,0.01191352993158613,0.01191352993158613,0.0,wrn28x10,0.7854,0.782,0.01218301981630661,0.01218301981630661,0.0,wrn28x10,0.7873,0.7906,0.012298018428158353,0.012298018428158353,0.0,resnet32,0.6864,0.6908,0.3128993363881653,0.3128993363881653,0.0,resnet32,0.6924,0.6932,0.28595877754163335,0.28595877754163335,0.0,resnet32,0.6949,0.6808,0.28147643767508934,0.28147643767508934,0.0,resnet32,0.6941,0.6914,0.28918261828155,0.28918261828155,0.0,0.0,0.0,0.0,0.0,0.0
wrn28x10x4-resnet32x4_cifar100_K8_indep_seed0003_d001,d001,"wrn28x10:4,resnet32:4",cifar100,8,indep,indep,peers,3,200,64,0.1,0.9,0.0005,True,0,60,0.1,1.0,1,,disagreement,1.0,1,0.0,0.5,weight,complete,0.0,0.0,42,0,45000,5000,10000,148027552,182,0.00010000000000000003,0,133.95,0.73955,0.0484498452009911,0.6876,0.7917,0.81,0.07045000000000001,0.739625,0.8108,0.2633214285714286,0.5578971895395473,0.2644071428571428,0.5670134244275206,0.69115,0.78795,wrn28x10,0.7862,0.7884,0.012019136109302053,0.012019136109302053,0.0,wrn28x10,0.7917,0.7918,0.01204001053007563,0.01204001053007563,0.0,wrn28x10,0.787,0.7892,0.01231750467460105,0.01231750467460105,0.0,wrn28x10,0.7869,0.789,0.012374139192119897,0.012374139192119897,0.0,resnet32,0.6876,0.6866,0.31060822612859984,0.31060822612859984,0.0,resnet32,0.6925,0.6974,0.28485994367987255,0.28485994367987255,0.0,resnet32,0.6911,0.6808,0.2783443495229056,0.2783443495229056,0.0,resnet32,0.6934,0.6938,0.28755251998716796,0.28755251998716796,0.0,0.0,0.0,0.0,0.0,0.0
wrn28x10x4-resnet32x4_cifar100_K8_indep_seed0003_d001,d001,"wrn28x10:4,resnet32:4",cifar100,8,indep,indep,peers,3,200,64,0.1,0.9,0.0005,True,0,60,0.1,1.0,1,,disagreement,1.0,1,0.0,0.5,weight,complete,0.0,0.0,42,0,45000,5000,10000,148027552,183,0.00010000000000000003,0,132.63,0.7394875,0.04810222025800889,0.6864,0.7905,0.81,0.07051250000000009,0.737625,0.81,0.26459285714285713,0.559366969591582,0.26512142857142856,0.5637023552114325,0.6914499999999999,0.787525,wrn28x10,0.7872,0.787,0.011944179906012405,0.011944179906012405,0.0,wrn28x10,0.7905,0.7922,0.0120046190855977,0.0120046190855977,0.0,wrn28x10,0.7855,0.7812,0.012618458824859275,0.012618458824859275,0.0,wrn28x10,0.7869,0.787,0.012463697444631676,0.012463697444631676,0.0,resnet32,0.6864,0.685,0.30527809988283977,0.30527809988283977,0.0,resnet32,0.6919,0.6944,0.2801598565208472,0.2801598565208472,0.0,resnet32,0.6939,0.6814,0.27645125740673393,0.27645125740673393,0.0,resnet32,0.6936,0.6928,0.2842873621477999,0.2842873621477999,0.0,0.0,0.0,0.0,0.0,0.0
wrn28x10x4-resnet32x4_cifar100_K8_indep_seed0003_d001,d001,"wrn28x10:4,resnet32:4",cifar100,8,indep,indep,peers,3,200,64,0.1,0.9,0.0005,True,0,60,0.1,1.0,1,,disagreement,1.0,1,0.0,0.5,weight,complete,0.0,0.0,42,0,45000,5000,10000,148027552,184,0.00010000000000000003,0,133.96,0.740425,0.04869172799357196,0.6865,0.7912,0.8111,0.07067500000000004,0.738275,0.8108,0.2640428571428572,0.5577345475887184,0.26414642857142856,0.5647029553629698,0.6918,0.78905,wrn28x10,0.7898,0.7872,0.011944894382560795,0.011944894382560795,0.0,wrn28x10,0.7912,0.794,0.01232119754422456,0.01232119754422456,0.0,wrn28x10,0.7867,0.786,0.012420883519966579,0.012420883519966579,0.0,wrn28x10,0.7885,0.7884,0.012186443845249332,0.012186443845249332,0.0,resnet32,0.6865,0.6842,0.3006120018491691,0.3006120018491691,0.0,resnet32,0.6924,0.69,0.28106691633266484,0.28106691633266484,0.0,resnet32,0.6933,0.6826,0.27286329048431734,0.27286329048431734,0.0,resnet32,0.695,0.6938,0.2790730743012814,0.2790730743012814,0.0,0.0,0.0,0.0,0.0,0.0
wrn28x10x4-resnet32x4_cifar100_K8_indep_seed0003_d001,d001,"wrn28x10:4,resnet32:4",cifar100,8,indep,indep,peers,3,200,64,0.1,0.9,0.0005,True,0,60,0.1,1.0,1,,disagreement,1.0,1,0.0,0.5,weight,complete,0.0,0.0,42,0,45000,5000,10000,148027552,185,0.00010000000000000003,0,135.62,0.7403875,0.04807614890722843,0.688,0.7909,0.8129,0.07251249999999998,0.7388,0.812,0.26332142857142854,0.5578913468140022,0.2644035714285714,0.5645230437854752,0.692375,0.7884,wrn28x10,0.7863,0.79,0.011873498051334702,0.011873498051334702,0.0,wrn28x10,0.7909,0.7904,0.011836072367176794,0.011836072367176794,0.0,wrn28x10,0.7862,0.7876,0.012285132046103668,0.012285132046103668,0.0,wrn28x10,0.7902,0.7888,0.011685452037041117,0.011685452037041117,0.0,resnet32,0.688,0.6866,0.3018457265359096,0.3018457265359096,0.0,resnet32,0.6925,0.6952,0.2772884093732996,0.2772884093732996,0.0,resnet32,0.6955,0.6816,0.27005025159186596,0.27005025159186596,0.0,resnet32,0.6935,0.6902,0.2788822927131233,0.2788822927131233,0.0,0.0,0.0,0.0,0.0,0.0
wrn28x10x4-resnet32x4_cifar100_K8_indep_seed0003_d001,d001,"wrn28x10:4,resnet32:4",cifar100,8,indep,indep,peers,3,200,64,0.1,0.9,0.0005,True,0,60,0.1,1.0,1,,disagreement,1.0,1,0.0,0.5,weight,complete,0.0,0.0,42,0,45000,5000,10000,148027552,186,0.00010000000000000003,0,133.98,0.7404375000000001,0.048836229827352536,0.6873,0.7917,0.8117,0.0712624999999999,0.7388250000000001,0.8124,0.2650785714285714,0.5540170941668038,0.26576428571428573,0.5605188696955167,0.6916500000000001,0.789225,wrn28x10,0.7888,0.7888,0.01181110180054516,0.01181110180054516,0.0,wrn28x10,0.7917,0.7922,0.011724430224024796,0.011724430224024796,0.0,wrn28x10,0.7877,0.7856,0.01229678604233248,0.01229678604233248,0.0,wrn28x10,0.7887,0.7882,0.012587535843274301,0.012587535843274301,0.0,resnet32,0.6873,0.6846,0.3022642221344127,0.3022642221344127,0.0,resnet32,0.6945,0.6974,0.27886483538895845,0.27886483538895845,0.0,resnet32,0.6917,0.6842,0.27225603329398756,0.27225603329398756,0.0,resnet32,0.6931,0.6896,0.2813723421105268,0.2813723421105268,0.0,0.0,0.0,0.0,0.0,0.0
wrn28x10x4-resnet32x4_cifar100_K8_indep_seed0003_d001,d001,"wrn28x10:4,resnet32:4",cifar100,8,indep,indep,peers,3,200,64,0.1,0.9,0.0005,True,0,60,0.1,1.0,1,,disagreement,1.0,1,0.0,0.5,weight,complete,0.0,0.0,42,0,45000,5000,10000,148027552,187,0.00010000000000000003,0,135.7,0.7394,0.04844285293002466,0.6862,0.7916,0.8114,0.07200000000000006,0.7394499999999999,0.8076,0.2630142857142857,0.5561847080230872,0.2642214285714285,0.5670751074373337,0.69105,0.78775,wrn28x10,0.7867,0.787,0.011659584410980724,0.011659584410980724,0.0,wrn28x10,0.7916,0.7912,0.011746197699473916,0.011746197699473916,0.0,wrn28x10,0.7857,0.785,0.011558477198625704,0.011558477198625704,0.0,wrn28x10,0.787,0.787,0.011926813647402345,0.011926813647402345,0.0,resnet32,0.6862,0.6866,0.2976771210616624,0.2976771210616624,0.0,resnet32,0.691,0.6998,0.27690491410480306,0.27690491410480306,0.0,resnet32,0.6963,0.6838,0.27047141073059966,0.27047141073059966,0.0,resnet32,0.6907,0.6952,0.2777772596825592,0.2777772596825592,0.0,0.0,0.0,0.0,0.0,0.0
wrn28x10x4-resnet32x4_cifar100_K8_indep_seed0003_d001,d001,"wrn28x10:4,resnet32:4",cifar100,8,indep,indep,peers,3,200,64,0.1,0.9,0.0005,True,0,60,0.1,1.0,1,,disagreement,1.0,1,0.0,0.5,weight,complete,0.0,0.0,42,0,45000,5000,10000,148027552,188,0.00010000000000000003,0,132.98,0.7416,0.04851582216143514,0.69,0.7932,0.8127,0.07109999999999994,0.741175,0.811,0.2620142857142857,0.556173056534161,0.2642678571428571,0.5620034846732591,0.693125,0.7900750000000001,wrn28x10,0.7879,0.7912,0.01163754028973265,0.01163754028973265,0.0,wrn28x10,0.7932,0.7948,0.011940504909778776,0.011940504909778776,0.0,wrn28x10,0.7891,0.7888,0.012324989834186536,0.012324989834186536,0.0,wrn28x10,0.7901,0.7916,0.01199779786772772,0.01199779786772772,0.0,resnet32,0.69,0.6834,0.29769320345737715,0.29769320345737715,0.0,resnet32,0.6928,0.6984,0.2777698537101969,0.2777698537101969,0.0,resnet32,0.6953,0.687,0.267661805476316,0.267661805476316,0.0,resnet32,0.6944,0.6942,0.276978386269713,0.276978386269713,0.0,0.0,0.0,0.0,0.0,0.0
wrn28x10x4-resnet32x4_cifar100_K8_indep_seed0003_d001,d001,"wrn28x10:4,resnet32:4",cifar100,8,indep,indep,peers,3,200,64,0.1,0.9,0.0005,True,0,60,0.1,1.0,1,,disagreement,1.0,1,0.0,0.5,weight,complete,0.0,0.0,42,0,45000,5000,10000,148027552,189,0.00010000000000000003,0,134.28,0.7387250000000001,0.0485346976399359,0.6851,0.7886,0.8086,0.06987499999999991,0.7385,0.8096,0.2637,0.5605495923541411,0.26657857142857144,0.5622378520569058,0.6902499999999999,0.7872,wrn28x10,0.7859,0.7846,0.011675342281788207,0.011675342281788207,0.0,wrn28x10,0.7886,0.79,0.01200575426099187,0.01200575426099187,0.0,wrn28x10,0.7883,0.786,0.012378722860541364,0.012378722860541364,0.0,wrn28x10,0.786,0.7846,0.012079175979372601,0.012079175979372601,0.0,resnet32,0.6851,0.6844,0.2964213607007299,0.2964213607007299,0.0,resnet32,0.6903,0.7014,0.2730543438599191,0.2730543438599191,0.0,resnet32,0.6933,0.6826,0.26492259797470813,0.26492259797470813,0.0,resnet32,0.6923,0.6944,0.27449150513645937,0.27449150513645937,0.0,0.0,0.0,0.0,0.0,0.0
wrn28x10x4-resnet32x4_cifar100_K8_indep_seed0003_d001,d001,"wrn28x10:4,resnet32:4",cifar100,8,indep,indep,peers,3,200,64,0.1,0.9,0.0005,True,0,60,0.1,1.0,1,,disagreement,1.0,1,0.0,0.5,weight,complete,0.0,0.0,42,0,45000,5000,10000,148027552,190,0.00010000000000000003,0,132.78,0.7409375,0.04895520752432779,0.688,0.7909,0.811,0.07006250000000003,0.739425,0.8116,0.2619214285714285,0.558956848631,0.2649392857142857,0.5620409644739575,0.692025,0.7898499999999999,wrn28x10,0.7885,0.7866,0.011529940791330195,0.011529940791330195,0.0,wrn28x10,0.7909,0.794,0.011969022909893696,0.011969022909893696,0.0,wrn28x10,0.7907,0.7874,0.012244563451200851,0.012244563451200851,0.0,wrn28x10,0.7893,0.7886,0.012300741302500352,0.012300741302500352,0.0,resnet32,0.688,0.6884,0.2953978545371104,0.2953978545371104,0.0,resnet32,0.6911,0.6954,0.27082067040133884,0.27082067040133884,0.0,resnet32,0.6948,0.6818,0.2649441974830221,0.2649441974830221,0.0,resnet32,0.6942,0.6932,0.2747024563246999,0.2747024563246999,0.0,0.0,0.0,0.0,0.0,0.0
wrn28x10x4-resnet32x4_cifar100_K8_indep_seed0003_d001,d001,"wrn28x10:4,resnet32:4",cifar100,8,indep,indep,peers,3,200,64,0.1,0.9,0.0005,True,0,60,0.1,1.0,1,,disagreement,1.0,1,0.0,0.5,weight,complete,0.0,0.0,42,0,45000,5000,10000,148027552,191,0.00010000000000000003,0,132.98,0.7412000000000001,0.048336037280687354,0.6911,0.7928,0.8117,0.0704999999999999,0.74005,0.8118,0.2624928571428572,0.556745134484162,0.26271785714285717,0.5677347341665065,0.6929000000000001,0.7895,wrn28x10,0.7876,0.7898,0.011329779022741026,0.011329779022741026,0.0,wrn28x10,0.7928,0.7922,0.011895615952115886,0.011895615952115886,0.0,wrn28x10,0.7882,0.7866,0.012153809652028775,0.012153809652028775,0.0,wrn28x10,0.7894,0.7916,0.011805171041818208,0.011805171041818208,0.0,resnet32,0.6911,0.683,0.2931941115424376,0.2931941115424376,0.0,resnet32,0.6922,0.7,0.27388504989953205,0.27388504989953205,0.0,resnet32,0.6957,0.6854,0.26401728040284733,0.26401728040284733,0.0,resnet32,0.6926,0.6918,0.27319166105536913,0.27319166105536913,0.0,0.0,0.0,0.0,0.0,0.0
wrn28x10x4-resnet32x4_cifar100_K8_indep_seed0003_d001,d001,"wrn28x10:4,resnet32:4",cifar100,8,indep,indep,peers,3,200,64,0.1,0.9,0.0005,True,0,60,0.1,1.0,1,,disagreement,1.0,1,0.0,0.5,weight,complete,0.0,0.0,42,0,45000,5000,10000,148027552,192,0.00010000000000000003,0,132.79,0.7404875,0.04852018748675648,0.688,0.7923,0.8099,0.06941249999999999,0.7394499999999999,0.8108,0.26357857142857155,0.5558354094984523,0.2637678571428571,0.5650385281193628,0.6920499999999999,0.788925,wrn28x10,0.7881,0.7874,0.0116672838012164,0.0116672838012164,0.0,wrn28x10,0.7923,0.7926,0.01205043752567938,0.01205043752567938,0.0,wrn28x10,0.7872,0.7872,0.012769770254222252,0.012769770254222252,0.0,wrn28x10,0.7881,0.7922,0.012478108081929597,0.012478108081929597,0.0,resnet32,0.688,0.6818,0.2936210032467815,0.2936210032467815,0.0,resnet32,0.6892,0.6994,0.27350671841254964,0.27350671841254964,0.0,resnet32,0.6953,0.6814,0.26582874766212294,0.26582874766212294,0.0,resnet32,0.6957,0.6936,0.27737184696492145,0.27737184696492145,0.0,0.0,0.0,0.0,0.0,0.0
wrn28x10x4-resnet32x4_cifar100_K8_indep_seed0003_d001,d001,"wrn28x10:4,resnet32:4",cifar100,8,indep,indep,peers,3,200,64,0.1,0.9,0.0005,True,0,60,0.1,1.0,1,,disagreement,1.0,1,0.0,0.5,weight,complete,0.0,0.0,42,0,45000,5000,10000,148027552,193,0.00010000000000000003,0,132.76,0.7397375,0.049378915983950056,0.6853,0.7907,0.8131,0.0733625,0.7395,0.8114,0.2628857142857143,0.5576387835648672,0.26659999999999995,0.5612232303038927,0.6904250000000001,0.7890499999999999,wrn28x10,0.7886,0.7888,0.01164641299560158,0.01164641299560158,0.0,wrn28x10,0.7907,0.7924,0.01173802999189568,0.01173802999189568,0.0,wrn28x10,0.7878,0.788,0.011662685439990706,0.011662685439990706,0.0,wrn28x10,0.7891,0.7894,0.011796215792525221,0.011796215792525221,0.0,resnet32,0.6853,0.6866,0.2914289908737622,0.2914289908737622,0.0,resnet32,0.6892,0.6964,0.26977305712220684,0.26977305712220684,0.0,resnet32,0.6935,0.682,0.2598930189428343,0.2598930189428343,0.0,resnet32,0.6937,0.6924,0.2714149148563262,0.2714149148563262,0.0,0.0,0.0,0.0,0.0,0.0
wrn28x10x4-resnet32x4_cifar100_K8_indep_seed0003_d001,d001,"wrn28x10:4,resnet32:4",cifar100,8,indep,indep,peers,3,200,64,0.1,0.9,0.0005,True,0,60,0.1,1.0,1,,disagreement,1.0,1,0.0,0.5,weight,complete,0.0,0.0,42,0,45000,5000,10000,148027552,194,0.00010000000000000003,0,134.3,0.7409250000000001,0.049192447336964235,0.6871,0.7916,0.8129,0.0719749999999999,0.7394000000000001,0.8132,0.26298571428571427,0.5569689733967693,0.2657607142857143,0.5602313427625668,0.6917749999999999,0.7900750000000001,wrn28x10,0.7897,0.7886,0.01153631455500462,0.01153631455500462,0.0,wrn28x10,0.7916,0.7938,0.011567082546124848,0.011567082546124848,0.0,wrn28x10,0.7889,0.7848,0.012173125289502257,0.012173125289502257,0.0,wrn28x10,0.7901,0.7864,0.011559193400568223,0.011559193400568223,0.0,resnet32,0.6871,0.685,0.29272217132066464,0.29272217132066464,0.0,resnet32,0.6929,0.6994,0.26799676795913413,0.26799676795913413,0.0,resnet32,0.6933,0.684,0.2620775080815127,0.2620775080815127,0.0,resnet32,0.6938,0.6932,0.2700144390427423,0.2700144390427423,0.0,0.0,0.0,0.0,0.0,0.0
wrn28x10x4-resnet32x4_cifar100_K8_indep_seed0003_d001,d001,"wrn28x10:4,resnet32:4",cifar100,8,indep,indep,peers,3,200,64,0.1,0.9,0.0005,True,0,60,0.1,1.0,1,,disagreement,1.0,1,0.0,0.5,weight,complete,0.0,0.0,42,0,45000,5000,10000,148027552,195,0.00010000000000000003,0,132.72,0.7398625,0.04812571915047086,0.6881,0.7899,0.8112,0.07133750000000005,0.7396750000000001,0.8104,0.26285,0.5577134660882168,0.26643214285714284,0.5601802237864398,0.6917750000000001,0.7879499999999999,wrn28x10,0.7855,0.7878,0.011704201236584182,0.011704201236584182,0.0,wrn28x10,0.7887,0.7902,0.011657525746241763,0.011657525746241763,0.0,wrn28x10,0.7899,0.7882,0.012131928079311778,0.012131928079311778,0.0,wrn28x10,0.7877,0.7874,0.012029157691193343,0.012029157691193343,0.0,resnet32,0.6881,0.6852,0.2936072154076431,0.2936072154076431,0.0,resnet32,0.6933,0.7008,0.270246455414136,0.270246455414136,0.0,resnet32,0.6935,0.682,0.26487853384407406,0.26487853384407406,0.0,resnet32,0.6922,0.6958,0.2742106820118021,0.2742106820118021,0.0,0.0,0.0,0.0,0.0,0.0
wrn28x10x4-resnet32x4_cifar100_K8_indep_seed0003_d001,d001,"wrn28x10:4,resnet32:4",cifar100,8,indep,indep,peers,3,200,64,0.1,0.9,0.0005,True,0,60,0.1,1.0,1,,disagreement,1.0,1,0.0,0.5,weight,complete,0.0,0.0,42,0,45000,5000,10000,148027552,196,0.00010000000000000003,0,133.45,0.7394,0.049660119814595685,0.6852,0.7916,0.8096,0.07020000000000004,0.7399499999999999,0.811,0.2626428571428572,0.560069296434458,0.26635714285714285,0.5612157175064156,0.6898000000000001,0.7889999999999999,wrn28x10,0.7877,0.7884,0.011838439746497897,0.011838439746497897,0.0,wrn28x10,0.7916,0.7938,0.011602219684639502,0.011602219684639502,0.0,wrn28x10,0.7878,0.7864,0.012106125002240085,0.012106125002240085,0.0,wrn28x10,0.7889,0.7928,0.011893636589031137,0.011893636589031137,0.0,resnet32,0.6852,0.6874,0.29250340193340724,0.29250340193340724,0.0,resnet32,0.6888,0.6976,0.2690594087735834,0.2690594087735834,0.0,resnet32,0.6926,0.6816,0.26006258810362354,0.26006258810362354,0.0,resnet32,0.6926,0.6916,0.26817563451318577,0.26817563451318577,0.0,0.0,0.0,0.0,0.0,0.0
wrn28x10x4-resnet32x4_cifar100_K8_indep_seed0003_d001,d001,"wrn28x10:4,resnet32:4",cifar100,8,indep,indep,peers,3,200,64,0.1,0.9,0.0005,True,0,60,0.1,1.0,1,,disagreement,1.0,1,0.0,0.5,weight,complete,0.0,0.0,42,0,45000,5000,10000,148027552,197,0.00010000000000000003,0,133.41,0.7396,0.04939309162220966,0.6863,0.7905,0.812,0.07240000000000002,0.737825,0.8092,0.26290714285714284,0.562446371017118,0.2672535714285714,0.5599365811079107,0.69025,0.78895,wrn28x10,0.7888,0.7848,0.012646965667954646,0.012646965667954646,0.0,wrn28x10,0.7905,0.7926,0.012363419239012397,0.012363419239012397,0.0,wrn28x10,0.788,0.7864,0.012550322887281336,0.012550322887281336,0.0,wrn28x10,0.7885,0.7892,0.012067985678268915,0.012067985678268915,0.0,resnet32,0.6863,0.683,0.2929374949413944,0.2929374949413944,0.0,resnet32,0.6901,0.6986,0.2667854575715451,0.2667854575715451,0.0,resnet32,0.6905,0.6772,0.26072688352062623,0.26072688352062623,0.0,resnet32,0.6941,0.6908,0.2689545445609838,0.2689545445609838,0.0,0.0,0.0,0.0,0.0,0.0
wrn28x10x4-resnet32x4_cifar100_K8_indep_seed0003_d001,d001,"wrn28x10:4,resnet32:4",cifar100,8,indep,indep,peers,3,200,64,0.1,0.9,0.0005,True,0,60,0.1,1.0,1,,disagreement,1.0,1,0.0,0.5,weight,complete,0.0,0.0,42,0,45000,5000,10000,148027552,198,0.00010000000000000003,0,135.06,0.74045,0.049536703564125074,0.6859,0.7913,0.8125,0.07204999999999995,0.740425,0.8138,0.2615785714285714,0.5616910770136541,0.26450714285714294,0.5658864930446543,0.690975,0.789925,wrn28x10,0.7889,0.793,0.011859254220325965,0.011859254220325965,0.0,wrn28x10,0.7913,0.795,0.011912106102417138,0.011912106102417138,0.0,wrn28x10,0.7896,0.7894,0.011704657482451612,0.011704657482451612,0.0,wrn28x10,0.7899,0.7886,0.011751935661860361,0.011751935661860361,0.0,resnet32,0.6859,0.6872,0.29079591065899213,0.29079591065899213,0.0,resnet32,0.6899,0.6984,0.2682063194436275,0.2682063194436275,0.0,resnet32,0.694,0.68,0.26009797208561475,0.26009797208561475,0.0,resnet32,0.6941,0.6918,0.2677180218108168,0.2677180218108168,0.0,0.0,0.0,0.0,0.0,0.0
wrn28x10x4-resnet32x4_cifar100_K8_indep_seed0003_d001,d001,"wrn28x10:4,resnet32:4",cifar100,8,indep,indep,peers,3,200,64,0.1,0.9,0.0005,True,0,60,0.1,1.0,1,,disagreement,1.0,1,0.0,0.5,weight,complete,0.0,0.0,42,0,45000,5000,10000,148027552,199,0.00010000000000000003,0,133.59,0.7395875000000001,0.04883782953561716,0.6864,0.7897,0.8119,0.07231249999999989,0.7368750000000001,0.8078,0.2643,0.5592003190767563,0.26584642857142854,0.5630697786257833,0.6908000000000001,0.7883749999999999,wrn28x10,0.7897,0.783,0.012313867645306427,0.012313867645306427,0.0,wrn28x10,0.789,0.7916,0.01227526963074607,0.01227526963074607,0.0,wrn28x10,0.787,0.7852,0.012325569687329169,0.012325569687329169,0.0,wrn28x10,0.7878,0.7854,0.01261041213233098,0.01261041213233098,0.0,resnet32,0.6864,0.684,0.29001616434702143,0.29001616434702143,0.0,resnet32,0.6907,0.6962,0.26601110938513145,0.26601110938513145,0.0,resnet32,0.6914,0.68,0.26118795870041306,0.26118795870041306,0.0,resnet32,0.6947,0.6896,0.26721425862474874,0.26721425862474874,0.0,0.0,0.0,0.0,0.0,0.0
