run_id,run_tag,cohort,dataset,K,arm,arm_label,target,comm_on,comm_block,kd_scale,comm_accounting,seed,epochs,batch_size,base_lr,momentum,weight_decay,nesterov,graph_seed,lr_step,lr_gamma,kd_T,k_matchings,k_anneal,match_weight,kappa,rematch_every_epochs,recency_lambda,recency_gamma,peel_weighting,graph,label_noise_rate,actual_noise_rate,noise_seed,split_seed,n_train,n_valid,n_test,cohort_params,epoch,lr,k_current,comm_duty,epoch_seconds,avg_test_acc,std_test_acc,min_test_acc,max_test_acc,ensemble_test_acc,ens_minus_avg_test,avg_val_acc,ensemble_val_acc,disagreement_val,rho_val,disagreement_test,rho_test,avg_test_acc_resnet32,model_00_arch,model_00_test_acc,model_00_val_acc,model_00_train_loss,model_00_ce_loss,model_00_kd_loss,model_01_arch,model_01_test_acc,model_01_val_acc,model_01_train_loss,model_01_ce_loss,model_01_kd_loss,model_02_arch,model_02_test_acc,model_02_val_acc,model_02_train_loss,model_02_ce_loss,model_02_kd_loss,model_03_arch,model_03_test_acc,model_03_val_acc,model_03_train_loss,model_03_ce_loss,model_03_kd_loss,model_04_arch,model_04_test_acc,model_04_val_acc,model_04_train_loss,model_04_ce_loss,model_04_kd_loss,model_05_arch,model_05_test_acc,model_05_val_acc,model_05_train_loss,model_05_ce_loss,model_05_kd_loss,model_06_arch,model_06_test_acc,model_06_val_acc,model_06_train_loss,model_06_ce_loss,model_06_kd_loss,model_07_arch,model_07_test_acc,model_07_val_acc,model_07_train_loss,model_07_ce_loss,model_07_kd_loss,comm_logit_floats_epoch,comm_matcher_ints_epoch,comm_bytes_epoch,comm_bytes_cum,comm_bytes_cum_cohort
resnet32x8_cifar10_K8_mwmd1_seed0003_d017,d017,resnet32:8,cifar10,8,matched,mwmd1,peers,0,0,1.0,p2p,3,200,64,0.1,0.9,0.0005,True,0,60,0.1,1.0,1,,disagreement,1.0,1,0.0,0.5,weight,complete,0.0,0.0,42,0,45000,5000,10000,3713232,0,0.1,1,1.0,147.29,0.20952500000000002,0.06080059107442952,0.1,0.3268,0.2326,0.023074999999999984,0.21087499999999998,0.2362,0.6563357142857144,0.3222443476589981,0.655942857142857,0.3199314069863829,0.20952500000000002,resnet32,0.3268,0.3214,2.34473464790393,2.200219504535198,0.14451514265866452,resnet32,0.1922,0.1888,2.3489027216353198,2.2021759817884727,0.14672674168501876,resnet32,0.2148,0.2206,2.350183180618015,2.1834230724383485,0.16676010615529693,resnet32,0.1643,0.1668,2.4589205387641084,2.3514995368366893,0.10742100417651686,resnet32,0.2108,0.2114,2.3293030732734636,2.172562274573879,0.15674079249087794,resnet32,0.1,0.0982,2.4888571368699726,2.3610767485065893,0.12778037954459168,resnet32,0.2217,0.2332,2.353102478791367,2.263956667008725,0.08914580864819238,resnet32,0.2456,0.2466,2.3857138873162596,2.240393878892064,0.14532001021441168,450000.0,5000.0,1810000.0,1810000.0,14480000.0
resnet32x8_cifar10_K8_mwmd1_seed0003_d017,d017,resnet32:8,cifar10,8,matched,mwmd1,peers,0,0,1.0,p2p,3,200,64,0.1,0.9,0.0005,True,0,60,0.1,1.0,1,,disagreement,1.0,1,0.0,0.5,weight,complete,0.0,0.0,42,0,45000,5000,10000,3713232,1,0.1,1,1.0,119.77,0.355275,0.11155809865267516,0.1,0.4905,0.462,0.10672500000000001,0.35582500000000006,0.4592,0.6506857142857141,0.2614659164643007,0.6453214285714285,0.27854451496320737,0.355275,resnet32,0.4905,0.4994,1.6846729371358047,1.6103875593028285,0.07428537731439891,resnet32,0.3679,0.3746,2.015502191741358,1.8680388634516434,0.14746332887179134,resnet32,0.3247,0.3204,1.7802853071215479,1.7072866782546043,0.07299862765516578,resnet32,0.4626,0.4536,1.7747405447404494,1.6867160133340142,0.08802452945912426,resnet32,0.3214,0.3244,1.8517725462601944,1.7846703614023598,0.06710218426517466,resnet32,0.1,0.1006,2.4564137106592003,2.3069799694825304,0.1494337413301268,resnet32,0.3991,0.3934,1.8223566621203313,1.7539915847168728,0.06836507868931883,resnet32,0.376,0.3802,1.742853020233187,1.6539668525484474,0.08888616826681589,450000.0,5000.0,1810000.0,3620000.0,28960000.0
resnet32x8_cifar10_K8_mwmd1_seed0003_d017,d017,resnet32:8,cifar10,8,matched,mwmd1,peers,0,0,1.0,p2p,3,200,64,0.1,0.9,0.0005,True,0,60,0.1,1.0,1,,disagreement,1.0,1,0.0,0.5,weight,complete,0.0,0.0,42,0,45000,5000,10000,3713232,2,0.1,1,1.0,124.21,0.37146250000000003,0.12612017024944902,0.1,0.5086,0.4882,0.1167375,0.36982499999999996,0.4852,0.6412214285714287,0.31319479378095066,0.6374178571428571,0.3170476520543957,0.37146250000000003,resnet32,0.5086,0.5156,1.7750133467330174,1.5358203928917646,0.23919295542873442,resnet32,0.2733,0.2674,1.4951683641834692,1.3830691527744585,0.11209921285891059,resnet32,0.3423,0.3456,1.4510601115497677,1.3375701398842714,0.1134899738773873,resnet32,0.5041,0.5074,1.4858878099105575,1.3563534241508355,0.1295343832726675,resnet32,0.3903,0.3818,1.6361635080115362,1.5113730789585547,0.12479042890481651,resnet32,0.1,0.0964,2.57873795079914,2.306899280033328,0.27183866646902805,resnet32,0.4377,0.4382,1.4420650816437872,1.3376420319757678,0.10442305233498866,resnet32,0.4154,0.4062,1.4318133572285825,1.3275845807723023,0.10422877745639364,450000.0,5000.0,1810000.0,5430000.0,43440000.0
resnet32x8_cifar10_K8_mwmd1_seed0003_d017,d017,resnet32:8,cifar10,8,matched,mwmd1,peers,0,0,1.0,p2p,3,200,64,0.1,0.9,0.0005,True,0,60,0.1,1.0,1,,disagreement,1.0,1,0.0,0.5,weight,complete,0.0,0.0,42,0,45000,5000,10000,3713232,3,0.1,1,1.0,124.19,0.46945000000000003,0.15704260568393535,0.1,0.6043,0.5873,0.11785000000000001,0.4739,0.5904,0.5618,0.34181845063390515,0.5551607142857143,0.35793448354584967,0.46945000000000003,resnet32,0.5538,0.5526,1.2281952602788806,1.0899298615245656,0.13826539985496888,resnet32,0.4945,0.5014,1.273014152253216,1.1531272567808628,0.11988689591684802,resnet32,0.5623,0.5598,1.2269690355116671,1.1050879634408788,0.12188107209195467,resnet32,0.4655,0.477,1.7092017301104285,1.4463916339657523,0.26281009493819013,resnet32,0.6007,0.6082,1.3408862052654678,1.2074391403320162,0.13344706398096273,resnet32,0.1,0.1006,2.610361769795418,2.3066996657712893,0.30366210550577805,resnet32,0.3745,0.3798,1.2211277843029662,1.1043443909253587,0.11678339308127761,resnet32,0.6043,0.6118,1.241691886701367,1.1259572750634768,0.11573461235754869,450000.0,5000.0,1810000.0,7240000.0,57920000.0
resnet32x8_cifar10_K8_mwmd1_seed0003_d017,d017,resnet32:8,cifar10,8,matched,mwmd1,peers,0,0,1.0,p2p,3,200,64,0.1,0.9,0.0005,True,0,60,0.1,1.0,1,,disagreement,1.0,1,0.0,0.5,weight,complete,0.0,0.0,42,0,45000,5000,10000,3713232,4,0.1,1,1.0,123.94,0.4350875,0.09515570710025752,0.2245,0.5501,0.4994,0.0643125,0.43967500000000004,0.501,0.4928571428571428,0.41833534010603196,0.49234999999999995,0.41697062399421386,0.4350875,resnet32,0.5501,0.5532,1.083164675838568,0.9398306007920341,0.14333407461262224,resnet32,0.4785,0.4852,1.1258776056664912,0.998868992890824,0.12700861233117228,resnet32,0.4662,0.463,1.0769955704665997,0.9525313297794624,0.12446423961823298,resnet32,0.4793,0.4932,1.1337104591286995,0.9937582193789157,0.13995223908304152,resnet32,0.4476,0.4558,1.619915129786188,1.3484125234694644,0.27150260701521556,resnet32,0.2245,0.2276,2.411943417889151,2.1225151431492786,0.289428275374865,resnet32,0.3492,0.347,1.086764958348464,0.9623178681358695,0.12444709207523953,resnet32,0.4853,0.4924,1.1063449033959345,0.9783318083394658,0.1280130958290432,450000.0,5000.0,1810000.0,9050000.0,72400000.0
resnet32x8_cifar10_K8_mwmd1_seed0003_d017,d017,resnet32:8,cifar10,8,matched,mwmd1,peers,0,0,1.0,p2p,3,200,64,0.1,0.9,0.0005,True,0,60,0.1,1.0,1,,disagreement,1.0,1,0.0,0.5,weight,complete,0.0,0.0,42,0,45000,5000,10000,3713232,5,0.1,1,1.0,124.01,0.60285,0.0792627907659073,0.4285,0.6899,0.6969,0.09404999999999997,0.6011249999999999,0.6956,0.4028785714285714,0.4253893963730433,0.4007392857142857,0.42911902068451224,0.60285,resnet32,0.6617,0.6668,1.1590739937329835,0.9568885198201645,0.2021854730873284,resnet32,0.6674,0.6686,1.0303537742319433,0.9048261818560687,0.12552759143396874,resnet32,0.5879,0.576,0.990879590538415,0.8627861706878651,0.12809342007279734,resnet32,0.6899,0.688,1.0328772143376144,0.8862371824004434,0.14664003016977487,resnet32,0.5427,0.5276,1.0786859500645236,0.9362236152149059,0.1424623369450935,resnet32,0.4285,0.4268,1.4706502668559551,1.2808471783487634,0.1898030866974626,resnet32,0.6275,0.633,1.0026868180456487,0.874517673118548,0.12816914567850868,resnet32,0.6172,0.6222,1.01801435158334,0.891673466952687,0.12634088398507712,450000.0,5000.0,1810000.0,10860000.0,86880000.0
resnet32x8_cifar10_K8_mwmd1_seed0003_d017,d017,resnet32:8,cifar10,8,matched,mwmd1,peers,0,0,1.0,p2p,3,200,64,0.1,0.9,0.0005,True,0,60,0.1,1.0,1,,disagreement,1.0,1,0.0,0.5,weight,complete,0.0,0.0,42,0,45000,5000,10000,3713232,6,0.1,1,1.0,123.86,0.6498625,0.041596602550568955,0.5755,0.7177,0.7308,0.0809375,0.6578,0.7366,0.33973571428571436,0.4732229777111495,0.34487500000000004,0.4734291113931488,0.6498625,resnet32,0.6302,0.6346,0.9418159291486848,0.8091594309715385,0.13265649780673397,resnet32,0.6503,0.6514,0.9724304819140922,0.842478159561076,0.12995232184502212,resnet32,0.5755,0.583,0.9375583162869919,0.8044660213318738,0.133092296553183,resnet32,0.6672,0.6858,0.9943696776066314,0.8427820583297447,0.15158761966846546,resnet32,0.7177,0.7216,0.9745353110642596,0.8312407018701461,0.14329461073926228,resnet32,0.6374,0.6564,1.1161307848312638,0.9705741832202132,0.1455566024047915,resnet32,0.6967,0.7034,0.9552872017533942,0.8231505655937574,0.13213663568339226,resnet32,0.6239,0.6262,0.9710904618047855,0.8272411228919571,0.14384933833075178,450000.0,5000.0,1810000.0,12670000.0,101360000.0
resnet32x8_cifar10_K8_mwmd1_seed0003_d017,d017,resnet32:8,cifar10,8,matched,mwmd1,peers,0,0,1.0,p2p,3,200,64,0.1,0.9,0.0005,True,0,60,0.1,1.0,1,,disagreement,1.0,1,0.0,0.5,weight,complete,0.0,0.0,42,0,45000,5000,10000,3713232,7,0.1,1,1.0,122.88,0.6853875,0.019562492012777932,0.6596,0.7238,0.7606,0.07521250000000002,0.691675,0.7644,0.30321428571428566,0.4814172252532856,0.30554999999999993,0.48264305870269114,0.6853875,resnet32,0.6923,0.6988,0.8849444348703731,0.749823641455309,0.13512079338331454,resnet32,0.6615,0.6828,0.9314221839674495,0.7979034867391668,0.13351869621229442,resnet32,0.6596,0.6654,0.8974581495435401,0.7613972906785255,0.13606086005033416,resnet32,0.7238,0.735,0.912630538964136,0.7722135310230608,0.14041700794107534,resnet32,0.6758,0.6778,0.9022493317553942,0.7687106094407764,0.13353872267444702,resnet32,0.6869,0.6932,0.9651507447389039,0.8323910985649987,0.1327596463326534,resnet32,0.6835,0.6894,0.9197164581749927,0.7796092276800085,0.14010722987057472,resnet32,0.6997,0.691,0.9229622761803594,0.7877966019070961,0.1351656736806035,450000.0,5000.0,1810000.0,14480000.0,115840000.0
resnet32x8_cifar10_K8_mwmd1_seed0003_d017,d017,resnet32:8,cifar10,8,matched,mwmd1,peers,0,0,1.0,p2p,3,200,64,0.1,0.9,0.0005,True,0,60,0.1,1.0,1,,disagreement,1.0,1,0.0,0.5,weight,complete,0.0,0.0,42,0,45000,5000,10000,3713232,8,0.1,1,1.0,119.38,0.6315625,0.06854595060067373,0.514,0.7092,0.6823,0.05073749999999999,0.632475,0.6834,0.3076785714285714,0.5761227091283339,0.30198571428571436,0.5779193213255337,0.6315625,resnet32,0.6629,0.6658,0.8542597968639298,0.7166481463831257,0.13761165049138732,resnet32,0.5524,0.5476,0.9021387366916646,0.7673365369608457,0.13480220004831525,resnet32,0.514,0.5106,0.876053031110628,0.7393769810230217,0.13667605064851654,resnet32,0.6884,0.6838,0.8795796110379425,0.7402976844036444,0.13928192643321713,resnet32,0.5871,0.5908,0.8702191419222138,0.7344349673949182,0.13578417539511892,resnet32,0.6343,0.6408,0.9089572310278361,0.776179039300504,0.13277819207657807,resnet32,0.7092,0.7148,0.8903742809356614,0.7516095438464121,0.13876473762370137,resnet32,0.7042,0.7056,0.8934663619676774,0.760252714030106,0.1332136475883255,450000.0,5000.0,1810000.0,16290000.0,130320000.0
resnet32x8_cifar10_K8_mwmd1_seed0003_d017,d017,resnet32:8,cifar10,8,matched,mwmd1,peers,0,0,1.0,p2p,3,200,64,0.1,0.9,0.0005,True,0,60,0.1,1.0,1,,disagreement,1.0,1,0.0,0.5,weight,complete,0.0,0.0,42,0,45000,5000,10000,3713232,9,0.1,1,1.0,119.41,0.66065,0.07756653595462415,0.4751,0.7408,0.7439,0.08325000000000005,0.6705,0.7588,0.3423499999999999,0.47973716148725726,0.34345,0.49606863382724115,0.66065,resnet32,0.6726,0.6948,0.830194609917023,0.6932961411181499,0.1368984692645344,resnet32,0.6403,0.65,0.8688020982186903,0.7317371042445302,0.13706499291583896,resnet32,0.7408,0.7498,0.8542671257799322,0.715624257541177,0.13864286995323544,resnet32,0.6559,0.6542,0.8455007656223394,0.7055867462080311,0.13991401984822005,resnet32,0.6944,0.7062,0.833646504081447,0.6972683837044645,0.13637811980548908,resnet32,0.6717,0.6806,0.862799224613065,0.7297156396829947,0.133083584506742,resnet32,0.7344,0.7422,0.8599696776575663,0.7221944601359692,0.13777521789200942,resnet32,0.4751,0.4862,0.8558006951246749,0.7218013207682155,0.13399937328755518,450000.0,5000.0,1810000.0,18100000.0,144800000.0
resnet32x8_cifar10_K8_mwmd1_seed0003_d017,d017,resnet32:8,cifar10,8,matched,mwmd1,peers,0,0,1.0,p2p,3,200,64,0.1,0.9,0.0005,True,0,60,0.1,1.0,1,,disagreement,1.0,1,0.0,0.5,weight,complete,0.0,0.0,42,0,45000,5000,10000,3713232,10,0.1,1,1.0,119.77,0.6928624999999999,0.04665720570019171,0.6164,0.7619,0.7645,0.07163750000000002,0.692725,0.7694,0.30617142857142854,0.4831697996616257,0.3005107142857143,0.49096043507128434,0.6928624999999999,resnet32,0.6389,0.6374,0.8193781095218252,0.6777326537042179,0.14164545544719492,resnet32,0.7184,0.7204,0.8554541532119567,0.7188092827458273,0.13664487014863302,resnet32,0.7476,0.7466,0.8273583615452729,0.6891628654927693,0.13819549723782323,resnet32,0.6776,0.6796,0.8300008049912073,0.6915172261863269,0.13848357760897753,resnet32,0.7619,0.7644,0.8335953682915054,0.6851481972685591,0.1484471693190492,resnet32,0.6922,0.6982,0.8450589963996952,0.7075779818591069,0.1374810147205029,resnet32,0.6164,0.6152,0.8527974522757259,0.7057328524321995,0.14706459920853376,resnet32,0.6899,0.68,0.8446084464984861,0.7048077304339544,0.13980071620211343,450000.0,5000.0,1810000.0,19910000.0,159280000.0
resnet32x8_cifar10_K8_mwmd1_seed0003_d017,d017,resnet32:8,cifar10,8,matched,mwmd1,peers,0,0,1.0,p2p,3,200,64,0.1,0.9,0.0005,True,0,60,0.1,1.0,1,,disagreement,1.0,1,0.0,0.5,weight,complete,0.0,0.0,42,0,45000,5000,10000,3713232,11,0.1,1,1.0,121.61,0.6775625,0.05142987792859323,0.5952,0.7536,0.7422,0.06463750000000001,0.6795,0.749,0.30979285714285715,0.5077837234931318,0.30404642857142866,0.520849021003014,0.6775625,resnet32,0.7536,0.7634,0.8074610400944948,0.6659140721894801,0.1415469671853564,resnet32,0.6477,0.654,0.8356660581617192,0.7001841705377129,0.13548188873524356,resnet32,0.7392,0.7334,0.8192015709355474,0.6789083463478495,0.14029322401620448,resnet32,0.6949,0.6962,0.8144083843058483,0.6741733055731113,0.14023507945239544,resnet32,0.6191,0.6202,0.822207663800906,0.6741490139710632,0.1480586494065144,resnet32,0.6798,0.6886,0.828237453052266,0.6913627764972096,0.13687467566606673,resnet32,0.5952,0.5876,0.8403551261025396,0.6932050233114172,0.14715010176455093,resnet32,0.691,0.6926,0.8219763123938306,0.6817124352197755,0.1402638785710389,450000.0,5000.0,1810000.0,21720000.0,173760000.0
resnet32x8_cifar10_K8_mwmd1_seed0003_d017,d017,resnet32:8,cifar10,8,matched,mwmd1,peers,0,0,1.0,p2p,3,200,64,0.1,0.9,0.0005,True,0,60,0.1,1.0,1,,disagreement,1.0,1,0.0,0.5,weight,complete,0.0,0.0,42,0,45000,5000,10000,3713232,12,0.1,1,1.0,119.77,0.7033875,0.0326677378119453,0.6523,0.7549,0.7639,0.06051249999999997,0.711975,0.771,0.27140714285714285,0.5170806943987308,0.27822142857142856,0.5193297462405024,0.7033875,resnet32,0.7486,0.7576,0.7943958977068012,0.6508429868739437,0.14355291038836268,resnet32,0.6962,0.7046,0.8240243416618217,0.682377964512191,0.14164637759412554,resnet32,0.6523,0.6624,0.8087328437461772,0.6633767845447768,0.14535606090529737,resnet32,0.6803,0.6808,0.8026129862462933,0.6596730796789582,0.14293990649325264,resnet32,0.6869,0.7032,0.802426509982483,0.656894465950741,0.14553204204209827,resnet32,0.6903,0.699,0.8186519440602172,0.672792989548973,0.1458589548075741,resnet32,0.7176,0.7276,0.8258457298983227,0.680114186538214,0.1457315420477905,resnet32,0.7549,0.7606,0.8127029193565249,0.6702594265172427,0.1424434939716858,450000.0,5000.0,1810000.0,23530000.0,188240000.0
resnet32x8_cifar10_K8_mwmd1_seed0003_d017,d017,resnet32:8,cifar10,8,matched,mwmd1,peers,0,0,1.0,p2p,3,200,64,0.1,0.9,0.0005,True,0,60,0.1,1.0,1,,disagreement,1.0,1,0.0,0.5,weight,complete,0.0,0.0,42,0,45000,5000,10000,3713232,13,0.1,1,1.0,119.32,0.6024375,0.1504660255464668,0.3487,0.7611,0.6908,0.08836250000000001,0.6053,0.6916,0.40546428571428567,0.422267325888208,0.40705357142857146,0.4167500160080918,0.6024375,resnet32,0.7325,0.7304,0.7838487632741983,0.6410659393295646,0.1427828226534819,resnet32,0.5117,0.52,0.8114706201648171,0.6697739233178172,0.14169669568284668,resnet32,0.7452,0.7542,0.7955792898481543,0.6514633920636367,0.14411589693786067,resnet32,0.5532,0.5492,0.7900736842050471,0.6478251882151447,0.14224849723872135,resnet32,0.4371,0.4406,0.7909621469337832,0.6471027429638938,0.143859403853474,resnet32,0.73,0.7294,0.8002389260483059,0.6570211369544268,0.1432177891467952,resnet32,0.3487,0.3554,0.8145858573473312,0.6725153467533264,0.142070510646921,resnet32,0.7611,0.7632,0.8049265008673749,0.6627828201533041,0.14214368076698686,450000.0,5000.0,1810000.0,25340000.0,202720000.0
resnet32x8_cifar10_K8_mwmd1_seed0003_d017,d017,resnet32:8,cifar10,8,matched,mwmd1,peers,0,0,1.0,p2p,3,200,64,0.1,0.9,0.0005,True,0,60,0.1,1.0,1,,disagreement,1.0,1,0.0,0.5,weight,complete,0.0,0.0,42,0,45000,5000,10000,3713232,14,0.1,1,1.0,119.36,0.6841125000000001,0.0647621308617158,0.5448,0.7437,0.7673,0.08318749999999986,0.6844250000000001,0.7684,0.3203000000000001,0.4601381200388509,0.31628928571428566,0.4686314378827313,0.6841125000000001,resnet32,0.7437,0.7454,0.7789455189962279,0.6344204526394606,0.14452506678009575,resnet32,0.7185,0.7216,0.8058206502094187,0.6671574232591824,0.13866322663274,resnet32,0.7097,0.7022,0.7865294710817662,0.6437256549146365,0.14280381546334617,resnet32,0.7052,0.7064,0.7874771776524457,0.6443050867793235,0.14317209206902506,resnet32,0.7119,0.7128,0.7876591304825111,0.6435142112895846,0.14414491804993965,resnet32,0.6099,0.6122,0.7931637202643536,0.6527789229611781,0.14038479730317538,resnet32,0.5448,0.5454,0.8133391041985967,0.6665717411193658,0.14676736362955786,resnet32,0.7292,0.7294,0.8062732912261378,0.6581947689621963,0.1480785226026042,450000.0,5000.0,1810000.0,27150000.0,217200000.0
resnet32x8_cifar10_K8_mwmd1_seed0003_d017,d017,resnet32:8,cifar10,8,matched,mwmd1,peers,0,0,1.0,p2p,3,200,64,0.1,0.9,0.0005,True,0,60,0.1,1.0,1,,disagreement,1.0,1,0.0,0.5,weight,complete,0.0,0.0,42,0,45000,5000,10000,3713232,15,0.1,1,1.0,121.5,0.7202999999999999,0.03602225006853404,0.6649,0.7597,0.7881,0.06780000000000008,0.7240249999999999,0.7954,0.2777,0.49239743691006027,0.2764035714285714,0.49919777424971423,0.7202999999999999,resnet32,0.7597,0.769,0.7746428888799115,0.6326040995137935,0.1420387898952785,resnet32,0.743,0.7434,0.7971762983890419,0.6546503850682215,0.1425259128234095,resnet32,0.6649,0.664,0.7861333005130291,0.638775520788675,0.14735778128008611,resnet32,0.7253,0.728,0.7791280780749564,0.634546541058543,0.1445815374503251,resnet32,0.6687,0.6718,0.7821555577049201,0.6344113549302247,0.14774420262653043,resnet32,0.7503,0.7596,0.7850384041666985,0.6437256119467996,0.14131279194473542,resnet32,0.7536,0.7612,0.8087043722414158,0.659351313571361,0.14935305942146276,resnet32,0.6969,0.6952,0.8003512528640303,0.6504628996110775,0.14988835288254035,450000.0,5000.0,1810000.0,28960000.0,231680000.0
resnet32x8_cifar10_K8_mwmd1_seed0003_d017,d017,resnet32:8,cifar10,8,matched,mwmd1,peers,0,0,1.0,p2p,3,200,64,0.1,0.9,0.0005,True,0,60,0.1,1.0,1,,disagreement,1.0,1,0.0,0.5,weight,complete,0.0,0.0,42,0,45000,5000,10000,3713232,16,0.1,1,1.0,120.51,0.7390874999999999,0.030749286068948032,0.6908,0.7839,0.7979,0.058812500000000156,0.742875,0.7984,0.2373785714285714,0.5359149129453363,0.23948571428571427,0.5327622161839256,0.7390874999999999,resnet32,0.7506,0.7576,0.7665612408467992,0.6254403926855461,0.14112084820358592,resnet32,0.6908,0.6972,0.7867214107377962,0.645374152132056,0.14134725812949578,resnet32,0.7839,0.7812,0.7783404981971465,0.6366115365262058,0.14172896166035737,resnet32,0.7512,0.7546,0.7868420965969563,0.6352264353666793,0.15161566143135793,resnet32,0.7041,0.7126,0.7754590159536086,0.6273060418580744,0.1481529738203707,resnet32,0.7155,0.7152,0.7733395171605728,0.6332242036322978,0.14011531296736476,resnet32,0.7437,0.7494,0.8054593343457038,0.6552924046462233,0.15016693017572502,resnet32,0.7729,0.7752,0.7944088471545414,0.6476603443734348,0.14674850304568696,450000.0,5000.0,1810000.0,30770000.0,246160000.0
resnet32x8_cifar10_K8_mwmd1_seed0003_d017,d017,resnet32:8,cifar10,8,matched,mwmd1,peers,0,0,1.0,p2p,3,200,64,0.1,0.9,0.0005,True,0,60,0.1,1.0,1,,disagreement,1.0,1,0.0,0.5,weight,complete,0.0,0.0,42,0,45000,5000,10000,3713232,17,0.1,1,1.0,124.1,0.687475,0.04160257654280563,0.6406,0.7582,0.7671,0.07962500000000006,0.6889500000000001,0.7632,0.31391428571428576,0.45098274975367325,0.31508214285714287,0.44713655461935387,0.687475,resnet32,0.6406,0.6302,0.7539791955443268,0.6124863476831127,0.1414928476389667,resnet32,0.6723,0.6742,0.7854319727048278,0.6378016738136384,0.14763029873244127,resnet32,0.7475,0.7522,0.7745713083581491,0.6294310036623343,0.1451403053096411,resnet32,0.6496,0.6518,0.7707101579924877,0.624894338702275,0.14581581840122287,resnet32,0.6519,0.6518,0.7787678150714121,0.6244447765956548,0.15432303884616969,resnet32,0.7582,0.77,0.7636540062640879,0.6225600927983496,0.1410939131799916,resnet32,0.697,0.6972,0.798210693438622,0.645381479778073,0.15282921309963884,resnet32,0.6827,0.6842,0.7772099437954073,0.6295401603830132,0.14766978442838247,450000.0,5000.0,1810000.0,32580000.0,260640000.0
resnet32x8_cifar10_K8_mwmd1_seed0003_d017,d017,resnet32:8,cifar10,8,matched,mwmd1,peers,0,0,1.0,p2p,3,200,64,0.1,0.9,0.0005,True,0,60,0.1,1.0,1,,disagreement,1.0,1,0.0,0.5,weight,complete,0.0,0.0,42,0,45000,5000,10000,3713232,18,0.1,1,1.0,121.06,0.687875,0.032731053679953534,0.6337,0.7466,0.7493,0.06142499999999995,0.695275,0.7526,0.277,0.5193627508025817,0.28074642857142856,0.5199361319256457,0.687875,resnet32,0.7466,0.7506,0.7565271452661942,0.6120095390995796,0.14451760472729802,resnet32,0.6905,0.693,0.779383843976327,0.6322564681653272,0.14712737494317646,resnet32,0.6497,0.6654,0.7684303608468988,0.6208805337717588,0.14754982652481308,resnet32,0.7135,0.7206,0.7715384180826897,0.6169989053159952,0.15453951306302438,resnet32,0.6337,0.6446,0.7602648234248839,0.6121425428427756,0.1481222808996046,resnet32,0.6939,0.7,0.7579529943283309,0.6130909149281003,0.14486207912506704,resnet32,0.6914,0.6976,0.7920714939775114,0.6393856929869137,0.1526857998793606,resnet32,0.6837,0.6904,0.7751143658533692,0.6276655129411004,0.14744885491249574,450000.0,5000.0,1810000.0,34390000.0,275120000.0
resnet32x8_cifar10_K8_mwmd1_seed0003_d017,d017,resnet32:8,cifar10,8,matched,mwmd1,peers,0,0,1.0,p2p,3,200,64,0.1,0.9,0.0005,True,0,60,0.1,1.0,1,,disagreement,1.0,1,0.0,0.5,weight,complete,0.0,0.0,42,0,45000,5000,10000,3713232,19,0.1,1,1.0,123.92,0.7209875000000001,0.04523846365373164,0.6461,0.7742,0.7804,0.05941249999999987,0.7256,0.7804,0.2609285714285715,0.5062154656477071,0.2636678571428571,0.5087651968620897,0.7209875000000001,resnet32,0.6461,0.6546,0.7467451902021739,0.6049484253691678,0.14179676431442864,resnet32,0.7664,0.7734,0.7706061005592346,0.6259293257343498,0.14467677451797167,resnet32,0.7742,0.7684,0.7624648753130301,0.6149379597892138,0.14752691589422862,resnet32,0.7732,0.777,0.7651097415523096,0.6143550713207911,0.15075467032676731,resnet32,0.6936,0.7078,0.7647384129125964,0.6168614534915171,0.14787696082864635,resnet32,0.7082,0.709,0.7509248255836692,0.6090928095138886,0.1418320156782019,resnet32,0.7313,0.7392,0.7836658522825349,0.6347210331481289,0.14894481816075064,resnet32,0.6749,0.6754,0.7650505201044407,0.6200400628149509,0.14501045715190808,450000.0,5000.0,1810000.0,36200000.0,289600000.0
resnet32x8_cifar10_K8_mwmd1_seed0003_d017,d017,resnet32:8,cifar10,8,matched,mwmd1,peers,0,0,1.0,p2p,3,200,64,0.1,0.9,0.0005,True,0,60,0.1,1.0,1,,disagreement,1.0,1,0.0,0.5,weight,complete,0.0,0.0,42,0,45000,5000,10000,3713232,20,0.1,1,1.0,122.49,0.6753250000000001,0.05391569228898022,0.5909,0.7486,0.7457,0.07037499999999997,0.677175,0.7364,0.3104571428571428,0.488117345900014,0.31266071428571424,0.4831681937443048,0.6753250000000001,resnet32,0.7256,0.7274,0.7509820811365816,0.6024101274934682,0.14857195248954336,resnet32,0.6752,0.6672,0.768464112484997,0.6236900187266822,0.14477409424514256,resnet32,0.6842,0.689,0.7570055353624577,0.610751437023282,0.14625409913291645,resnet32,0.6702,0.6744,0.7591711644675921,0.6114604451100935,0.14771071819334544,resnet32,0.5939,0.5956,0.7534392183985222,0.6067985435947776,0.14664067579856652,resnet32,0.7486,0.7524,0.7505450586534359,0.6040835391560738,0.14646151970902627,resnet32,0.5909,0.6022,0.7802484776740047,0.6305609754371372,0.14968750346451998,resnet32,0.714,0.7092,0.7678708805363964,0.6176434975456108,0.15022738187954846,450000.0,5000.0,1810000.0,38010000.0,304080000.0
resnet32x8_cifar10_K8_mwmd1_seed0003_d017,d017,resnet32:8,cifar10,8,matched,mwmd1,peers,0,0,1.0,p2p,3,200,64,0.1,0.9,0.0005,True,0,60,0.1,1.0,1,,disagreement,1.0,1,0.0,0.5,weight,complete,0.0,0.0,42,0,45000,5000,10000,3713232,21,0.1,1,1.0,119.41,0.7331874999999999,0.03523242247915975,0.6616,0.7748,0.7899,0.056712500000000166,0.7356750000000001,0.7902,0.24409285714285714,0.5421030374517424,0.24377500000000002,0.54418106306438,0.7331874999999999,resnet32,0.6616,0.6668,0.7452818712388928,0.5991879588162358,0.14609391235915775,resnet32,0.7089,0.7052,0.7608669842593372,0.6160032748329368,0.14486370967510578,resnet32,0.7566,0.7632,0.7526158633303236,0.6077285820025612,0.1448872810525989,resnet32,0.7135,0.715,0.749049907211553,0.6033475853248753,0.14570232217242432,resnet32,0.7748,0.7802,0.7502735808957368,0.6048290299421007,0.14544455138754778,resnet32,0.743,0.747,0.7477605942086402,0.6016678791493177,0.14609271587952125,resnet32,0.7359,0.7334,0.7751938120715998,0.6243925823152743,0.15080122991507364,resnet32,0.7712,0.7746,0.7682365283200686,0.6174037041650577,0.15083282575307583,450000.0,5000.0,1810000.0,39820000.0,318560000.0
resnet32x8_cifar10_K8_mwmd1_seed0003_d017,d017,resnet32:8,cifar10,8,matched,mwmd1,peers,0,0,1.0,p2p,3,200,64,0.1,0.9,0.0005,True,0,60,0.1,1.0,1,,disagreement,1.0,1,0.0,0.5,weight,complete,0.0,0.0,42,0,45000,5000,10000,3713232,22,0.1,1,1.0,119.21,0.714,0.06232551644390924,0.5907,0.7892,0.7742,0.06020000000000003,0.7146750000000001,0.7746,0.26630714285714285,0.5107838076007457,0.2665857142857143,0.5106279998416678,0.714,resnet32,0.7647,0.767,0.740653052248738,0.5928771999579939,0.14777585213199596,resnet32,0.7355,0.7356,0.7597482792863791,0.6104735599576749,0.14927471905354073,resnet32,0.6908,0.6942,0.7514392200180076,0.6043801419436932,0.1470590784870596,resnet32,0.752,0.7454,0.742676665159789,0.5925675860860131,0.15010907930660655,resnet32,0.6474,0.6558,0.7509916530583393,0.601049154996872,0.1499424975746396,resnet32,0.7892,0.7902,0.7469478332098912,0.5966919671574776,0.1502558666979894,resnet32,0.5907,0.5924,0.7712018530477177,0.622363599398258,0.14883825221014294,resnet32,0.7417,0.7368,0.7606808348897506,0.6114872366782617,0.14919359884648162,450000.0,5000.0,1810000.0,41630000.0,333040000.0
resnet32x8_cifar10_K8_mwmd1_seed0003_d017,d017,resnet32:8,cifar10,8,matched,mwmd1,peers,0,0,1.0,p2p,3,200,64,0.1,0.9,0.0005,True,0,60,0.1,1.0,1,,disagreement,1.0,1,0.0,0.5,weight,complete,0.0,0.0,42,0,45000,5000,10000,3713232,23,0.1,1,1.0,119.7,0.6796625,0.05783889127351941,0.5958,0.7601,0.7318,0.05213750000000006,0.683775,0.738,0.28582142857142856,0.5406302611450416,0.28445000000000004,0.5448667138583154,0.6796625,resnet32,0.7463,0.7452,0.7414940596896816,0.5938020511107012,0.14769200960555198,resnet32,0.6585,0.6572,0.7616322067650881,0.6115578901953995,0.1500743173951791,resnet32,0.5958,0.6052,0.7488319729878143,0.6018987113863907,0.1469332610510967,resnet32,0.5959,0.6002,0.7442558841695163,0.5936132188124413,0.15064266557932238,resnet32,0.7139,0.7288,0.7482333219271492,0.5977004600096155,0.15053286114495926,resnet32,0.6922,0.6976,0.7484675007872283,0.5972387713210826,0.1512287292015654,resnet32,0.6746,0.6762,0.767072004054419,0.6180032589896158,0.14906874528705058,resnet32,0.7601,0.7598,0.7520717373964462,0.6019048464315181,0.1501668901923536,450000.0,5000.0,1810000.0,43440000.0,347520000.0
resnet32x8_cifar10_K8_mwmd1_seed0003_d017,d017,resnet32:8,cifar10,8,matched,mwmd1,peers,0,0,1.0,p2p,3,200,64,0.1,0.9,0.0005,True,0,60,0.1,1.0,1,,disagreement,1.0,1,0.0,0.5,weight,complete,0.0,0.0,42,0,45000,5000,10000,3713232,24,0.1,1,1.0,121.23,0.6911750000000001,0.05392183579033638,0.5605,0.7546,0.7541,0.0629249999999999,0.690025,0.7566,0.2912571428571429,0.49760660982653265,0.2893642857142857,0.5010661420163094,0.6911750000000001,resnet32,0.7002,0.708,0.7365558876825328,0.5903794834898277,0.1461764044255357,resnet32,0.6696,0.668,0.7603942632505839,0.6110604702156376,0.14933379349002446,resnet32,0.5605,0.5538,0.7431096751666204,0.5978050573559647,0.14530461754078383,resnet32,0.7151,0.7182,0.7438907755792818,0.5948158593171022,0.14907491610343146,resnet32,0.7093,0.7058,0.743995123077184,0.5930627749978818,0.15093234774063935,resnet32,0.7546,0.757,0.7496730214069512,0.5973292055793784,0.15234381601807068,resnet32,0.7092,0.7,0.7731168724342503,0.6228533138267018,0.1502635576656427,resnet32,0.7109,0.7094,0.7473041625608775,0.599253882992674,0.14805028027727862,450000.0,5000.0,1810000.0,45250000.0,362000000.0
resnet32x8_cifar10_K8_mwmd1_seed0003_d017,d017,resnet32:8,cifar10,8,matched,mwmd1,peers,0,0,1.0,p2p,3,200,64,0.1,0.9,0.0005,True,0,60,0.1,1.0,1,,disagreement,1.0,1,0.0,0.5,weight,complete,0.0,0.0,42,0,45000,5000,10000,3713232,25,0.1,1,1.0,120.54,0.7157250000000001,0.025962316441334763,0.6798,0.7568,0.7775,0.06177499999999991,0.719225,0.7838,0.2741142857142857,0.4885234626250981,0.2765,0.49215668176583954,0.7157250000000001,resnet32,0.7231,0.724,0.7320596582086926,0.5857873735949397,0.14627228410575877,resnet32,0.7256,0.7174,0.7536817212081091,0.6053584062663669,0.14832331526982176,resnet32,0.7568,0.7586,0.7459085793234408,0.6006720192222432,0.14523655995303256,resnet32,0.7054,0.7068,0.7431618608111008,0.5915315070782196,0.15163035425145857,resnet32,0.6809,0.6946,0.7490448585542088,0.5932284003885632,0.15581645957321266,resnet32,0.6798,0.6902,0.7411953103305264,0.592228723351251,0.1489665866723623,resnet32,0.7456,0.7516,0.7687932501801036,0.6147355296733704,0.1540577208771455,resnet32,0.7086,0.7106,0.7481933128173378,0.5970284961248663,0.15116481785662472,450000.0,5000.0,1810000.0,47060000.0,376480000.0
resnet32x8_cifar10_K8_mwmd1_seed0003_d017,d017,resnet32:8,cifar10,8,matched,mwmd1,peers,0,0,1.0,p2p,3,200,64,0.1,0.9,0.0005,True,0,60,0.1,1.0,1,,disagreement,1.0,1,0.0,0.5,weight,complete,0.0,0.0,42,0,45000,5000,10000,3713232,26,0.1,1,1.0,120.08,0.7367625,0.04142405513406432,0.6484,0.7801,0.8083,0.07153750000000003,0.7363,0.8054,0.27229999999999993,0.4732580846365906,0.2689035714285714,0.48012577234848786,0.7367625,resnet32,0.773,0.7812,0.7266578767448664,0.5801551910963926,0.14650268588130447,resnet32,0.7459,0.7428,0.7445896769111807,0.5966657544486225,0.14792392244139177,resnet32,0.7558,0.7438,0.7374460068954662,0.5917614824138582,0.1456845246721059,resnet32,0.756,0.7578,0.7347004895775833,0.5835043540309098,0.1511961351445114,resnet32,0.6484,0.6492,0.7508358967236497,0.5938449543054131,0.15699094305322928,resnet32,0.6933,0.6904,0.7346732574938373,0.5856267248111015,0.14904653261923653,resnet32,0.7416,0.7386,0.7661472219889137,0.6104147470217537,0.15573247616306285,resnet32,0.7801,0.7866,0.7461736990054223,0.5966527315110646,0.14952096856326202,450000.0,5000.0,1810000.0,48870000.0,390960000.0
resnet32x8_cifar10_K8_mwmd1_seed0003_d017,d017,resnet32:8,cifar10,8,matched,mwmd1,peers,0,0,1.0,p2p,3,200,64,0.1,0.9,0.0005,True,0,60,0.1,1.0,1,,disagreement,1.0,1,0.0,0.5,weight,complete,0.0,0.0,42,0,45000,5000,10000,3713232,27,0.1,1,1.0,119.56,0.7357875,0.03412456730494909,0.6756,0.7813,0.7912,0.055412499999999976,0.740025,0.7968,0.24804999999999996,0.5366631881508609,0.24854285714285715,0.5373711700399416,0.7357875,resnet32,0.7336,0.736,0.7218010289255868,0.5783266037363898,0.1434744244695387,resnet32,0.6756,0.6786,0.7413070911795578,0.5920151528817686,0.14929193803320892,resnet32,0.7557,0.755,0.7301957042125816,0.5875485046258704,0.1426471997454593,resnet32,0.7379,0.7426,0.7297177881595086,0.5798715701834722,0.14984621806070209,resnet32,0.7813,0.7888,0.7459978367709978,0.5891233186068182,0.1568745184075934,resnet32,0.7645,0.772,0.7336467242884365,0.5825243354351684,0.1511223888638514,resnet32,0.6887,0.697,0.7652861630459401,0.6103353392417458,0.15495082309511912,resnet32,0.749,0.7502,0.7410496592690999,0.5914117265916006,0.14963793407448314,450000.0,5000.0,1810000.0,50680000.0,405440000.0
resnet32x8_cifar10_K8_mwmd1_seed0003_d017,d017,resnet32:8,cifar10,8,matched,mwmd1,peers,0,0,1.0,p2p,3,200,64,0.1,0.9,0.0005,True,0,60,0.1,1.0,1,,disagreement,1.0,1,0.0,0.5,weight,complete,0.0,0.0,42,0,45000,5000,10000,3713232,28,0.1,1,1.0,119.3,0.7030375,0.02826534704810822,0.67,0.7577,0.7491,0.046062500000000006,0.713775,0.7598,0.24878571428571433,0.5505527112042722,0.25291071428571427,0.5650450790230039,0.7030375,resnet32,0.6784,0.701,0.7235386957499114,0.5748204362409358,0.14871825869406827,resnet32,0.7257,0.7366,0.7362766295502131,0.5899698166600005,0.1463068132288754,resnet32,0.7,0.702,0.735437411306934,0.5815555428747426,0.1538818675961176,resnet32,0.6713,0.6894,0.7223221508955414,0.575309147042307,0.14701300218108704,resnet32,0.7051,0.7044,0.7305236385119233,0.5829369416883723,0.1475866970140487,resnet32,0.7577,0.7616,0.727791263806549,0.578221517699686,0.1495697465619411,resnet32,0.67,0.6888,0.7550502775490961,0.6024659531698986,0.1525843248766085,resnet32,0.7161,0.7264,0.7365542460994964,0.5883033701472662,0.14825087622739375,450000.0,5000.0,1810000.0,52490000.0,419920000.0
resnet32x8_cifar10_K8_mwmd1_seed0003_d017,d017,resnet32:8,cifar10,8,matched,mwmd1,peers,0,0,1.0,p2p,3,200,64,0.1,0.9,0.0005,True,0,60,0.1,1.0,1,,disagreement,1.0,1,0.0,0.5,weight,complete,0.0,0.0,42,0,45000,5000,10000,3713232,29,0.1,1,1.0,123.04,0.6923625,0.06964470434821302,0.5713,0.7809,0.7413,0.04893749999999997,0.6858,0.729,0.2706214285714286,0.5529881933597406,0.2647785714285715,0.554480071999803,0.6923625,resnet32,0.7809,0.7724,0.7264089783314954,0.5758163007822904,0.15059267652263356,resnet32,0.6518,0.6442,0.7407631895674224,0.5896966954354536,0.15106649304189804,resnet32,0.7459,0.7414,0.738998180212961,0.5844072720289908,0.15459090803580527,resnet32,0.7087,0.7032,0.726857474243099,0.5756838158281012,0.15117365887007592,resnet32,0.7702,0.7654,0.731989583212205,0.580103637100282,0.15188594654583457,resnet32,0.5713,0.5708,0.7288168875331228,0.5771976630203426,0.15161922462919558,resnet32,0.6917,0.6874,0.7524393980645321,0.5991670471108095,0.15327235103838824,resnet32,0.6184,0.6016,0.7357839425941083,0.5857983320020139,0.14998561049684545,450000.0,5000.0,1810000.0,54300000.0,434400000.0
resnet32x8_cifar10_K8_mwmd1_seed0003_d017,d017,resnet32:8,cifar10,8,matched,mwmd1,peers,0,0,1.0,p2p,3,200,64,0.1,0.9,0.0005,True,0,60,0.1,1.0,1,,disagreement,1.0,1,0.0,0.5,weight,complete,0.0,0.0,42,0,45000,5000,10000,3713232,30,0.1,1,1.0,124.27,0.743475,0.024090234017128197,0.7214,0.7959,0.7993,0.055825000000000014,0.74665,0.8036,0.2367357142857143,0.5345375189178773,0.24109642857142854,0.5326075931468308,0.743475,resnet32,0.7234,0.7306,0.7289067561822858,0.5779405588453467,0.15096619655378163,resnet32,0.7959,0.8016,0.7355202943594619,0.5865871847861193,0.14893310953100974,resnet32,0.7567,0.7662,0.740183645774695,0.5892447423697873,0.1509389041033997,resnet32,0.7214,0.7152,0.7231871732933954,0.5734542175196111,0.14973295496946032,resnet32,0.7599,0.7584,0.7375052044676109,0.5806360840374096,0.15686911873688753,resnet32,0.7288,0.7384,0.7333587814037773,0.5815594404173846,0.15179934038314968,resnet32,0.7344,0.7346,0.757767441555519,0.6024715879254721,0.15529585333371704,resnet32,0.7273,0.7282,0.7402547279542143,0.5903961967930875,0.14985853078013117,450000.0,5000.0,1810000.0,56110000.0,448880000.0
resnet32x8_cifar10_K8_mwmd1_seed0003_d017,d017,resnet32:8,cifar10,8,matched,mwmd1,peers,0,0,1.0,p2p,3,200,64,0.1,0.9,0.0005,True,0,60,0.1,1.0,1,,disagreement,1.0,1,0.0,0.5,weight,complete,0.0,0.0,42,0,45000,5000,10000,3713232,31,0.1,1,1.0,123.57,0.7671000000000001,0.015924273923793194,0.7448,0.7901,0.8185,0.05139999999999989,0.774475,0.824,0.20824285714285715,0.5324869753729153,0.21169642857142854,0.5481514094675239,0.7671000000000001,resnet32,0.7901,0.7964,0.7227027877233922,0.572959258178757,0.1497435311215337,resnet32,0.7596,0.7646,0.733007065994157,0.583757571876049,0.14924949446735394,resnet32,0.7518,0.7564,0.7265492536296899,0.5783131258477542,0.14823612705169414,resnet32,0.752,0.7564,0.7207265411588278,0.5717899418351325,0.14893659915436397,resnet32,0.7824,0.788,0.7347947238436476,0.578289542558857,0.15650518136945638,resnet32,0.7758,0.7826,0.723541366613724,0.5739540114829486,0.14958735491911118,resnet32,0.7448,0.759,0.7570138630372557,0.602688726799732,0.1543251349252056,resnet32,0.7803,0.7924,0.7307971828109161,0.5813645939342678,0.14943258874964985,450000.0,5000.0,1810000.0,57920000.0,463360000.0
resnet32x8_cifar10_K8_mwmd1_seed0003_d017,d017,resnet32:8,cifar10,8,matched,mwmd1,peers,0,0,1.0,p2p,3,200,64,0.1,0.9,0.0005,True,0,60,0.1,1.0,1,,disagreement,1.0,1,0.0,0.5,weight,complete,0.0,0.0,42,0,45000,5000,10000,3713232,32,0.1,1,1.0,123.77,0.7085375,0.05980996859847029,0.5851,0.7738,0.7577,0.0491625,0.71585,0.771,0.2573214285714286,0.5341982359141176,0.25760714285714287,0.5420749412324003,0.7085375,resnet32,0.7385,0.7382,0.7212759929878468,0.5728505166162822,0.14842547596940261,resnet32,0.7738,0.784,0.7310816689648412,0.5814551837234334,0.14962648511440915,resnet32,0.7111,0.717,0.7295452868565917,0.5795744373463094,0.1499708489599553,resnet32,0.7261,0.7262,0.7208191171627153,0.5687696250494231,0.1520494921873747,resnet32,0.7445,0.7586,0.7319141266528856,0.5808495976115492,0.1510645305441523,resnet32,0.5851,0.5972,0.723016791511327,0.5743973460048437,0.14861944550648332,resnet32,0.7504,0.7574,0.7524272640320387,0.5980040782385252,0.15442318566651506,resnet32,0.6388,0.6482,0.7391334287398919,0.5841777918606319,0.15495563750366934,450000.0,5000.0,1810000.0,59730000.0,477840000.0
resnet32x8_cifar10_K8_mwmd1_seed0003_d017,d017,resnet32:8,cifar10,8,matched,mwmd1,peers,0,0,1.0,p2p,3,200,64,0.1,0.9,0.0005,True,0,60,0.1,1.0,1,,disagreement,1.0,1,0.0,0.5,weight,complete,0.0,0.0,42,0,45000,5000,10000,3713232,33,0.1,1,1.0,123.91,0.7269375,0.048089212342790566,0.6513,0.7929,0.7858,0.05886250000000004,0.732925,0.7876,0.25579999999999997,0.5185869336155082,0.2580321428571429,0.5245216577885998,0.7269375,resnet32,0.7395,0.7572,0.7192600304684178,0.5691775112751533,0.1500825189339759,resnet32,0.7804,0.7902,0.7311760663393546,0.5817022091201083,0.1494738562667573,resnet32,0.7005,0.7052,0.7303266404619948,0.5779234807599675,0.1524031601994383,resnet32,0.6746,0.6766,0.7161903742870147,0.5657009690237994,0.15048940448005768,resnet32,0.7675,0.7688,0.7293651523491875,0.5763249833729457,0.15304016929373823,resnet32,0.6513,0.6528,0.7330765466798436,0.5756810136901384,0.15739553321195257,resnet32,0.7929,0.801,0.756756258408793,0.6013242213309489,0.15543203776575287,resnet32,0.7088,0.7116,0.7353293850001964,0.5862836233678866,0.149045762299052,450000.0,5000.0,1810000.0,61540000.0,492320000.0
resnet32x8_cifar10_K8_mwmd1_seed0003_d017,d017,resnet32:8,cifar10,8,matched,mwmd1,peers,0,0,1.0,p2p,3,200,64,0.1,0.9,0.0005,True,0,60,0.1,1.0,1,,disagreement,1.0,1,0.0,0.5,weight,complete,0.0,0.0,42,0,45000,5000,10000,3713232,34,0.1,1,1.0,122.1,0.7338625,0.032876813162926864,0.6635,0.7753,0.7996,0.0657375,0.739325,0.8052,0.2563357142857142,0.499414188612576,0.2622749999999999,0.4971331223679278,0.7338625,resnet32,0.7201,0.733,0.7201254679821432,0.5679936154576187,0.1521318525351076,resnet32,0.7327,0.731,0.7309506080875342,0.5802812167781998,0.15066939062142576,resnet32,0.7589,0.772,0.727122060615908,0.5751591258343648,0.15196293385022067,resnet32,0.7617,0.7778,0.7249444040300493,0.5703325633552264,0.15461184124631638,resnet32,0.7425,0.7478,0.7247719467956234,0.5723226086913862,0.15244933757507664,resnet32,0.6635,0.6668,0.7331059661863203,0.5769345464015548,0.1561714197424325,resnet32,0.7753,0.7774,0.7445319863459603,0.5895315136929805,0.15500047331972217,resnet32,0.7162,0.7088,0.733349374664778,0.579359233125367,0.1539901405763389,450000.0,5000.0,1810000.0,63350000.0,506800000.0
resnet32x8_cifar10_K8_mwmd1_seed0003_d017,d017,resnet32:8,cifar10,8,matched,mwmd1,peers,0,0,1.0,p2p,3,200,64,0.1,0.9,0.0005,True,0,60,0.1,1.0,1,,disagreement,1.0,1,0.0,0.5,weight,complete,0.0,0.0,42,0,45000,5000,10000,3713232,35,0.1,1,1.0,124.64,0.7437875,0.022106132491912744,0.6895,0.7609,0.7996,0.05581249999999993,0.7504500000000001,0.8,0.23286428571428572,0.5326830454505926,0.24139285714285716,0.5287455965892939,0.7437875,resnet32,0.7577,0.7694,0.7194889546371996,0.5660518086092039,0.15343714676882056,resnet32,0.7335,0.7374,0.732890625695952,0.5780427369119768,0.154847886423919,resnet32,0.6895,0.687,0.7286071616478942,0.5759811469946395,0.15262601374309848,resnet32,0.7558,0.7678,0.7142492916265671,0.5601406975818629,0.15410859320863066,resnet32,0.7609,0.7728,0.7184792972085151,0.5653464022854512,0.15313289666929367,resnet32,0.7443,0.753,0.7215629322877661,0.5682535714639182,0.15330936095084657,resnet32,0.7528,0.7524,0.742229825436053,0.5889384626326236,0.15329136278226294,resnet32,0.7558,0.7638,0.7294929931786928,0.5766122672622177,0.15288072650913487,450000.0,5000.0,1810000.0,65160000.0,521280000.0
resnet32x8_cifar10_K8_mwmd1_seed0003_d017,d017,resnet32:8,cifar10,8,matched,mwmd1,peers,0,0,1.0,p2p,3,200,64,0.1,0.9,0.0005,True,0,60,0.1,1.0,1,,disagreement,1.0,1,0.0,0.5,weight,complete,0.0,0.0,42,0,45000,5000,10000,3713232,36,0.1,1,1.0,123.77,0.7404875,0.0373239011057258,0.6692,0.7836,0.7936,0.05311250000000001,0.740425,0.7906,0.2298357142857143,0.5531647397941123,0.23350714285714283,0.5485984802815204,0.7404875,resnet32,0.7445,0.7528,0.7139325644820929,0.564079602714628,0.14985296066681092,resnet32,0.7743,0.7618,0.7363311496817253,0.5824052804911678,0.15392586969855157,resnet32,0.7357,0.7352,0.7257258017462763,0.5759565907276489,0.14976921055296605,resnet32,0.6692,0.6774,0.7119201819243078,0.5605993469415064,0.15132083592470735,resnet32,0.7275,0.726,0.7157303230328993,0.5658798985902898,0.14985042404044757,resnet32,0.7836,0.7824,0.7191198392009194,0.56838586401533,0.15073397498450836,resnet32,0.7821,0.7812,0.7421409995295107,0.5886437945406545,0.1534972044914453,resnet32,0.707,0.7066,0.729533085514876,0.5809690498492934,0.14856403680856933,450000.0,5000.0,1810000.0,66970000.0,535760000.0
resnet32x8_cifar10_K8_mwmd1_seed0003_d017,d017,resnet32:8,cifar10,8,matched,mwmd1,peers,0,0,1.0,p2p,3,200,64,0.1,0.9,0.0005,True,0,60,0.1,1.0,1,,disagreement,1.0,1,0.0,0.5,weight,complete,0.0,0.0,42,0,45000,5000,10000,3713232,37,0.1,1,1.0,124.21,0.7738375,0.017356118337635288,0.7289,0.7883,0.8206,0.04676250000000004,0.78,0.8252,0.20023571428571424,0.5537701553240064,0.2048142857142857,0.5547594485742066,0.7738375,resnet32,0.7807,0.7876,0.713276522022418,0.5632153442129493,0.15006117821163076,resnet32,0.7883,0.7998,0.7276531251740049,0.5734340766952797,0.15421904749448664,resnet32,0.7765,0.786,0.716851458249783,0.5670574139803648,0.14979404465041377,resnet32,0.7826,0.7826,0.711147841066122,0.5581826571883126,0.15296518345448104,resnet32,0.7772,0.7814,0.7281139840964567,0.5661769091490317,0.1619370750215074,resnet32,0.7289,0.7378,0.7155432290905579,0.5627196483229372,0.15282358170952648,resnet32,0.7785,0.7784,0.752211866307665,0.592052829748189,0.16015903731088407,resnet32,0.778,0.7864,0.7302742983129892,0.5762311927127567,0.1540431048170748,450000.0,5000.0,1810000.0,68780000.0,550240000.0
resnet32x8_cifar10_K8_mwmd1_seed0003_d017,d017,resnet32:8,cifar10,8,matched,mwmd1,peers,0,0,1.0,p2p,3,200,64,0.1,0.9,0.0005,True,0,60,0.1,1.0,1,,disagreement,1.0,1,0.0,0.5,weight,complete,0.0,0.0,42,0,45000,5000,10000,3713232,38,0.1,1,1.0,123.32,0.7611249999999999,0.02159141901311722,0.7255,0.7897,0.8342,0.07307500000000011,0.761675,0.8356,0.2541142857142857,0.47332526339009023,0.25337142857142864,0.4681407400078736,0.7611249999999999,resnet32,0.7892,0.8004,0.7113919326696884,0.5607534095814283,0.15063852351158857,resnet32,0.7255,0.7236,0.7250655709173192,0.5737137223847888,0.1513518487230282,resnet32,0.7631,0.7668,0.723765778736296,0.574350712185895,0.14941506535449828,resnet32,0.7414,0.7462,0.7070031173696573,0.556154586290094,0.15084853112189608,resnet32,0.7448,0.7396,0.7263066248798912,0.5673230840739879,0.158983541239815,resnet32,0.7897,0.7854,0.715242216956209,0.5647925129583613,0.15044970466459,resnet32,0.7602,0.7596,0.7447442950850184,0.5880781298672612,0.1566661655670032,resnet32,0.7751,0.7718,0.7228538993830708,0.5710372160273519,0.1518166844563728,450000.0,5000.0,1810000.0,70590000.0,564720000.0
resnet32x8_cifar10_K8_mwmd1_seed0003_d017,d017,resnet32:8,cifar10,8,matched,mwmd1,peers,0,0,1.0,p2p,3,200,64,0.1,0.9,0.0005,True,0,60,0.1,1.0,1,,disagreement,1.0,1,0.0,0.5,weight,complete,0.0,0.0,42,0,45000,5000,10000,3713232,39,0.1,1,1.0,123.99,0.7390875,0.044688881097539226,0.6467,0.7884,0.8068,0.06771249999999995,0.7456,0.8144,0.25845,0.4914774390540715,0.26032142857142854,0.4996904398069512,0.7390875,resnet32,0.7884,0.7958,0.7104619727893309,0.5590325981717218,0.1514293742366135,resnet32,0.7533,0.7614,0.7242625922980633,0.5740397834981029,0.15022280716485428,resnet32,0.7844,0.7928,0.7173542106016115,0.567881256934594,0.14947295396334745,resnet32,0.7,0.7082,0.7075158483772115,0.5545580823990431,0.15295776560775598,resnet32,0.7681,0.7728,0.7291760887442664,0.5681947762231258,0.16098131164273416,resnet32,0.7224,0.7264,0.7127064925364472,0.5628268929113719,0.14987959939224477,resnet32,0.7494,0.7576,0.7464806887913834,0.5872262255711989,0.15925446337893268,resnet32,0.6467,0.6498,0.722596468530934,0.5710248364643618,0.15157163207715546,450000.0,5000.0,1810000.0,72400000.0,579200000.0
resnet32x8_cifar10_K8_mwmd1_seed0003_d017,d017,resnet32:8,cifar10,8,matched,mwmd1,peers,0,0,1.0,p2p,3,200,64,0.1,0.9,0.0005,True,0,60,0.1,1.0,1,,disagreement,1.0,1,0.0,0.5,weight,complete,0.0,0.0,42,0,45000,5000,10000,3713232,40,0.1,1,1.0,124.19,0.769325,0.02410263211767544,0.7371,0.8047,0.8258,0.05647499999999994,0.768525,0.8304,0.22696428571428573,0.5054532776467043,0.2245857142857143,0.5088116689619374,0.769325,resnet32,0.7885,0.7872,0.7127698455429212,0.5565037171525712,0.15626612878192894,resnet32,0.743,0.74,0.7203409931283783,0.5673354456878521,0.1530055478532714,resnet32,0.7679,0.7632,0.716005014763637,0.5641124682416293,0.1518925461939282,resnet32,0.8004,0.8012,0.7085725475441326,0.5545999305322766,0.15397261653561145,resnet32,0.7561,0.7568,0.7174281082962725,0.5628192916470156,0.15460881566501816,resnet32,0.7569,0.7506,0.7133545180020685,0.5612309037877078,0.15212361315603962,resnet32,0.7371,0.7444,0.7402103876017712,0.585813454944979,0.15439693370452998,resnet32,0.8047,0.8048,0.7182402576065876,0.5637415510348298,0.1544987058944323,450000.0,5000.0,1810000.0,74210000.0,593680000.0
resnet32x8_cifar10_K8_mwmd1_seed0003_d017,d017,resnet32:8,cifar10,8,matched,mwmd1,peers,0,0,1.0,p2p,3,200,64,0.1,0.9,0.0005,True,0,60,0.1,1.0,1,,disagreement,1.0,1,0.0,0.5,weight,complete,0.0,0.0,42,0,45000,5000,10000,3713232,41,0.1,1,1.0,124.09,0.7326625,0.04182944350275294,0.6433,0.7705,0.7995,0.0668375,0.7393000000000001,0.8032,0.2593857142857143,0.5040956786121635,0.26480357142857136,0.509393617287994,0.7326625,resnet32,0.7512,0.7538,0.718978656032546,0.5615525188517164,0.15742613714907996,resnet32,0.7647,0.7716,0.7211496542123231,0.5699734506620602,0.15117620446041904,resnet32,0.7409,0.7488,0.7202613671225581,0.5683651608414948,0.15189620497932826,resnet32,0.738,0.7436,0.705295353281227,0.5529632440090857,0.1523321104892106,resnet32,0.6874,0.6886,0.7200762639668855,0.5666889202865687,0.15338734357448464,resnet32,0.7653,0.7768,0.71245072578842,0.5597940190610561,0.1526567064945332,resnet32,0.6433,0.6494,0.7400413741018962,0.5841413230042566,0.15590005219829353,resnet32,0.7705,0.7818,0.7238747465678237,0.5705827210860496,0.15329202498436312,450000.0,5000.0,1810000.0,76020000.0,608160000.0
resnet32x8_cifar10_K8_mwmd1_seed0003_d017,d017,resnet32:8,cifar10,8,matched,mwmd1,peers,0,0,1.0,p2p,3,200,64,0.1,0.9,0.0005,True,0,60,0.1,1.0,1,,disagreement,1.0,1,0.0,0.5,weight,complete,0.0,0.0,42,0,45000,5000,10000,3713232,42,0.1,1,1.0,124.3,0.731975,0.03533605630230968,0.671,0.7832,0.7803,0.04832499999999995,0.72405,0.7754,0.24535714285714286,0.5685577721641859,0.23700000000000004,0.5696159520213518,0.731975,resnet32,0.739,0.7202,0.7171803163787858,0.5657541953365911,0.15142612202643332,resnet32,0.7452,0.7372,0.728625838263807,0.5722319404171272,0.15639389705293896,resnet32,0.6986,0.687,0.7175334507430141,0.5647370569323275,0.15279639402235096,resnet32,0.7832,0.7734,0.7103612062690611,0.5577754290689799,0.15258577695666728,resnet32,0.671,0.6692,0.7172090106813068,0.5636231517419219,0.15358585826735097,resnet32,0.7548,0.7564,0.7152826719578694,0.5627793358977545,0.15250333610244773,resnet32,0.7021,0.6866,0.7420389465987682,0.5865964798087423,0.15544246672652662,resnet32,0.7619,0.7624,0.7237974216484211,0.5708245470781218,0.15297287424751135,450000.0,5000.0,1810000.0,77830000.0,622640000.0
resnet32x8_cifar10_K8_mwmd1_seed0003_d017,d017,resnet32:8,cifar10,8,matched,mwmd1,peers,0,0,1.0,p2p,3,200,64,0.1,0.9,0.0005,True,0,60,0.1,1.0,1,,disagreement,1.0,1,0.0,0.5,weight,complete,0.0,0.0,42,0,45000,5000,10000,3713232,43,0.1,1,1.0,123.81,0.713025,0.031495108747232485,0.6571,0.7446,0.7843,0.07127499999999998,0.7257,0.7938,0.2779714285714286,0.47492588843703903,0.28388928571428573,0.48338979374563634,0.713025,resnet32,0.7286,0.7382,0.7143262823281641,0.5554569002918222,0.1588693815071813,resnet32,0.6571,0.673,0.7240132269534197,0.5695409155874089,0.15447231178933923,resnet32,0.7446,0.751,0.7208753232420846,0.5661484676159241,0.15472685599657285,resnet32,0.7278,0.7444,0.7055587813004174,0.5504358474757861,0.1551229335283014,resnet32,0.6754,0.6824,0.7143806651319292,0.5599491468800063,0.15443151877050035,resnet32,0.6912,0.7128,0.714237645310773,0.5583748309026387,0.15586281508545985,resnet32,0.7359,0.745,0.7349182951094752,0.5786295248280194,0.15628876951946455,resnet32,0.7436,0.7588,0.7214751256291162,0.5668421074832705,0.15463301849509167,450000.0,5000.0,1810000.0,79640000.0,637120000.0
resnet32x8_cifar10_K8_mwmd1_seed0003_d017,d017,resnet32:8,cifar10,8,matched,mwmd1,peers,0,0,1.0,p2p,3,200,64,0.1,0.9,0.0005,True,0,60,0.1,1.0,1,,disagreement,1.0,1,0.0,0.5,weight,complete,0.0,0.0,42,0,45000,5000,10000,3713232,44,0.1,1,1.0,123.87,0.7614624999999999,0.028444416741251706,0.7051,0.8006,0.8214,0.05993750000000009,0.767825,0.8276,0.2321357142857143,0.5001905944779322,0.23010357142857138,0.5168330162365502,0.7614624999999999,resnet32,0.7445,0.7506,0.7104841339486566,0.551551586990668,0.15893254716965285,resnet32,0.7636,0.7722,0.7222082839262757,0.5690306745130908,0.15317760853477838,resnet32,0.766,0.7796,0.7189364185641435,0.5687516118738462,0.15018480629871853,resnet32,0.8006,0.7976,0.7089916656471111,0.557495638685809,0.15149602606172927,resnet32,0.7051,0.7076,0.7196841472759843,0.5636782684278759,0.15600587892219087,resnet32,0.7446,0.7504,0.7142016653140838,0.5578894161788578,0.15631225136828356,resnet32,0.7741,0.785,0.7352443082596768,0.5787933807481419,0.15645092882385309,resnet32,0.7932,0.7996,0.7231969678435813,0.570037988353182,0.15315897955389862,450000.0,5000.0,1810000.0,81450000.0,651600000.0
resnet32x8_cifar10_K8_mwmd1_seed0003_d017,d017,resnet32:8,cifar10,8,matched,mwmd1,peers,0,0,1.0,p2p,3,200,64,0.1,0.9,0.0005,True,0,60,0.1,1.0,1,,disagreement,1.0,1,0.0,0.5,weight,complete,0.0,0.0,42,0,45000,5000,10000,3713232,45,0.1,1,1.0,123.08,0.6922875000000001,0.05352224858645233,0.5702,0.7592,0.7574,0.0651124999999999,0.69555,0.7618,0.2875285714285714,0.5042421549124765,0.2897321428571429,0.5003968333776806,0.6922875000000001,resnet32,0.7119,0.7112,0.7111594577065923,0.5549857667223974,0.15617369310083715,resnet32,0.728,0.7252,0.7198315029540523,0.5679528638720512,0.15187863955824552,resnet32,0.5702,0.5728,0.7131273314272139,0.5632622152228247,0.14986511692404747,resnet32,0.7592,0.7648,0.7045529652386904,0.549825425810096,0.15472754008475353,resnet32,0.6776,0.6888,0.7152220271104439,0.5613625197756019,0.1538595067315989,resnet32,0.7181,0.7174,0.70692116453905,0.5565343971194868,0.1503867673031478,resnet32,0.7082,0.708,0.730394468685104,0.5765152404254134,0.15387922882060098,resnet32,0.6651,0.6762,0.7214124915613369,0.5694672411985018,0.15194525016175414,450000.0,5000.0,1810000.0,83260000.0,666080000.0
resnet32x8_cifar10_K8_mwmd1_seed0003_d017,d017,resnet32:8,cifar10,8,matched,mwmd1,peers,0,0,1.0,p2p,3,200,64,0.1,0.9,0.0005,True,0,60,0.1,1.0,1,,disagreement,1.0,1,0.0,0.5,weight,complete,0.0,0.0,42,0,45000,5000,10000,3713232,46,0.1,1,1.0,122.79,0.754,0.047335689495348006,0.6509,0.8072,0.8182,0.06420000000000003,0.7562500000000001,0.8136,0.24253571428571427,0.5002016931459348,0.24865000000000004,0.49006827863151675,0.754,resnet32,0.7559,0.7608,0.7119906049814414,0.5592670705254105,0.15272353277330034,resnet32,0.7307,0.7218,0.7222096923400055,0.5694919724694707,0.15271772075952453,resnet32,0.8072,0.8052,0.7214021122675728,0.5686893696177073,0.15271274269219826,resnet32,0.7657,0.771,0.7082290000028231,0.5553401130336252,0.15288888685278257,resnet32,0.7329,0.7414,0.7136531971733678,0.5606432342901826,0.15300996174019846,resnet32,0.8007,0.8104,0.7149368749762123,0.5613052961628207,0.15363157849589532,resnet32,0.788,0.7814,0.7385404174300757,0.5828540970740671,0.1556863207581707,resnet32,0.6509,0.658,0.7273273130624809,0.5699277496896684,0.1573995630024001,450000.0,5000.0,1810000.0,85070000.0,680560000.0
resnet32x8_cifar10_K8_mwmd1_seed0003_d017,d017,resnet32:8,cifar10,8,matched,mwmd1,peers,0,0,1.0,p2p,3,200,64,0.1,0.9,0.0005,True,0,60,0.1,1.0,1,,disagreement,1.0,1,0.0,0.5,weight,complete,0.0,0.0,42,0,45000,5000,10000,3713232,47,0.1,1,1.0,122.48,0.74135,0.06851999708114413,0.5885,0.8045,0.8087,0.06735000000000002,0.74475,0.8134,0.2650357142857144,0.4875679456301603,0.26554285714285714,0.486931831200427,0.74135,resnet32,0.8025,0.8092,0.7060214538889175,0.5498477331024002,0.15617372024677356,resnet32,0.7811,0.784,0.71610747104172,0.5666739383119751,0.1494335326133296,resnet32,0.7403,0.7394,0.7075206640769135,0.5565641939386048,0.15095647037113932,resnet32,0.6838,0.6876,0.6975365536795421,0.5461378307928416,0.1513987233311954,resnet32,0.7801,0.7806,0.70710240482268,0.5568566975522448,0.15024570719635283,resnet32,0.5885,0.5948,0.7104912439615212,0.5571450771425258,0.1533461666602472,resnet32,0.8045,0.8104,0.7291271241635762,0.5751972134563733,0.153929911268113,resnet32,0.75,0.752,0.7201858103613962,0.568507766562768,0.1516780442854559,450000.0,5000.0,1810000.0,86880000.0,695040000.0
resnet32x8_cifar10_K8_mwmd1_seed0003_d017,d017,resnet32:8,cifar10,8,matched,mwmd1,peers,0,0,1.0,p2p,3,200,64,0.1,0.9,0.0005,True,0,60,0.1,1.0,1,,disagreement,1.0,1,0.0,0.5,weight,complete,0.0,0.0,42,0,45000,5000,10000,3713232,48,0.1,1,1.0,121.0,0.76695,0.03425094889196502,0.7131,0.8097,0.8245,0.05754999999999999,0.771625,0.8256,0.2232500000000001,0.5195179153409539,0.22859999999999997,0.5192439141757433,0.76695,resnet32,0.7806,0.7872,0.7025665956634012,0.5526024625551972,0.1499641330341216,resnet32,0.7404,0.7462,0.7141847933896563,0.5642908475023102,0.14989394710970705,resnet32,0.8097,0.811,0.711012908003547,0.56048722891137,0.15052567855243318,resnet32,0.7131,0.7236,0.7094664106738161,0.5499477720480751,0.1595186395888132,resnet32,0.7821,0.7878,0.7080463202331554,0.5537651427174833,0.1542811776003377,resnet32,0.7224,0.7344,0.70326625991782,0.5528857271102342,0.1503805324742147,resnet32,0.7857,0.7836,0.7340230968865481,0.5764764987186275,0.15754659671802074,resnet32,0.8016,0.7992,0.7198312205516479,0.5662489462305199,0.15358227462804114,450000.0,5000.0,1810000.0,88690000.0,709520000.0
resnet32x8_cifar10_K8_mwmd1_seed0003_d017,d017,resnet32:8,cifar10,8,matched,mwmd1,peers,0,0,1.0,p2p,3,200,64,0.1,0.9,0.0005,True,0,60,0.1,1.0,1,,disagreement,1.0,1,0.0,0.5,weight,complete,0.0,0.0,42,0,45000,5000,10000,3713232,49,0.1,1,1.0,119.88,0.7408125000000001,0.050986724681528636,0.6415,0.7895,0.8014,0.060587499999999905,0.74275,0.8076,0.2528714285714286,0.5009894807714003,0.24730357142857146,0.5205904224812267,0.7408125000000001,resnet32,0.756,0.7622,0.6949740884910253,0.5443407947366888,0.15063329361675476,resnet32,0.7895,0.7812,0.7171676364642653,0.5598513450558212,0.15731629148252646,resnet32,0.7771,0.782,0.7096236724067818,0.557739007413726,0.1518846648607657,resnet32,0.7774,0.7784,0.7010702574202283,0.548897762698206,0.15217249499189414,resnet32,0.6727,0.6778,0.7058022961189802,0.5508085268718953,0.15499376896133815,resnet32,0.6415,0.641,0.6996905936605551,0.5499079218980941,0.14978267076763918,resnet32,0.7393,0.7432,0.728284863458777,0.5720245342871005,0.15626032844672658,resnet32,0.773,0.7762,0.712565997234461,0.558749176942828,0.15381681950847534,450000.0,5000.0,1810000.0,90500000.0,724000000.0
resnet32x8_cifar10_K8_mwmd1_seed0003_d017,d017,resnet32:8,cifar10,8,matched,mwmd1,peers,0,0,1.0,p2p,3,200,64,0.1,0.9,0.0005,True,0,60,0.1,1.0,1,,disagreement,1.0,1,0.0,0.5,weight,complete,0.0,0.0,42,0,45000,5000,10000,3713232,50,0.1,1,1.0,124.07,0.7338374999999999,0.028014903957536592,0.6783,0.7694,0.7905,0.05666250000000006,0.7352249999999999,0.7914,0.24717857142857147,0.548510460349891,0.25105357142857143,0.5443593690931496,0.7338374999999999,resnet32,0.7215,0.72,0.6974238017150625,0.5447576395235956,0.1526661625301296,resnet32,0.7269,0.7222,0.7171657813120295,0.5603981245817109,0.15676765569316392,resnet32,0.7473,0.755,0.7170114550654861,0.5622122665782544,0.15479918991596522,resnet32,0.7694,0.7664,0.7065223263237964,0.5508308115584607,0.15569151436317374,resnet32,0.6783,0.6784,0.7076797216114673,0.5528265725482594,0.15485314833296632,resnet32,0.7602,0.7668,0.7052200451408598,0.549868419258432,0.1553516264539212,resnet32,0.7129,0.718,0.7296536491591145,0.5743705304339528,0.15528311816425147,resnet32,0.7542,0.755,0.7086117849261924,0.5569279171018438,0.1516838677079332,450000.0,5000.0,1810000.0,92310000.0,738480000.0
resnet32x8_cifar10_K8_mwmd1_seed0003_d017,d017,resnet32:8,cifar10,8,matched,mwmd1,peers,0,0,1.0,p2p,3,200,64,0.1,0.9,0.0005,True,0,60,0.1,1.0,1,,disagreement,1.0,1,0.0,0.5,weight,complete,0.0,0.0,42,0,45000,5000,10000,3713232,51,0.1,1,1.0,122.51,0.7568874999999999,0.027158582322168445,0.695,0.7938,0.7991,0.0422125000000001,0.759325,0.8048,0.20272857142857145,0.5725700607414144,0.20297857142857148,0.5709620955140104,0.7568874999999999,resnet32,0.7792,0.785,0.7041874451308765,0.549837323371321,0.1543501216113906,resnet32,0.7522,0.7454,0.7175064302811568,0.5633185407654806,0.15418789007658648,resnet32,0.7938,0.8014,0.7146859245205467,0.5612101721662012,0.15347575301050462,resnet32,0.695,0.7022,0.7013347460888326,0.5470869967036627,0.15424774890892545,resnet32,0.766,0.7724,0.7094205254688859,0.5557274752381173,0.1536930502201854,resnet32,0.7569,0.7608,0.7092557380568575,0.5544713051905009,0.15478443407284265,resnet32,0.7488,0.75,0.7319027163003656,0.5764135631563311,0.155489153271033,resnet32,0.7632,0.7574,0.7214114009402692,0.5640458036214113,0.15736559714952653,450000.0,5000.0,1810000.0,94120000.0,752960000.0
resnet32x8_cifar10_K8_mwmd1_seed0003_d017,d017,resnet32:8,cifar10,8,matched,mwmd1,peers,0,0,1.0,p2p,3,200,64,0.1,0.9,0.0005,True,0,60,0.1,1.0,1,,disagreement,1.0,1,0.0,0.5,weight,complete,0.0,0.0,42,0,45000,5000,10000,3713232,52,0.1,1,1.0,123.18,0.7228,0.08006046152752305,0.524,0.8025,0.7991,0.07630000000000003,0.719775,0.7934,0.2868214285714285,0.4903714137498478,0.2873071428571429,0.47789055705252637,0.7228,resnet32,0.8025,0.7996,0.7035207883878187,0.5444039732048457,0.15911681569096717,resnet32,0.73,0.7336,0.7168121071193706,0.5629318038170988,0.15388030314352363,resnet32,0.7699,0.7694,0.7065675118091431,0.5536769414743916,0.15289057048291646,resnet32,0.7457,0.7404,0.7011123307218606,0.5480416140265085,0.15307071815583517,resnet32,0.7735,0.7674,0.7065750932405618,0.552376037124883,0.1541990552796051,resnet32,0.7183,0.712,0.7033287709240209,0.5491305009715937,0.15419826944443313,resnet32,0.524,0.5208,0.7272104093466293,0.570987780451436,0.15622262996409766,resnet32,0.7185,0.715,0.711737881753255,0.558322210076519,0.15341567091474478,450000.0,5000.0,1810000.0,95930000.0,767440000.0
resnet32x8_cifar10_K8_mwmd1_seed0003_d017,d017,resnet32:8,cifar10,8,matched,mwmd1,peers,0,0,1.0,p2p,3,200,64,0.1,0.9,0.0005,True,0,60,0.1,1.0,1,,disagreement,1.0,1,0.0,0.5,weight,complete,0.0,0.0,42,0,45000,5000,10000,3713232,53,0.1,1,1.0,122.29,0.7264375000000001,0.04673908796446502,0.6205,0.7752,0.784,0.05756249999999996,0.735525,0.7958,0.2509785714285714,0.49403642457430724,0.2575357142857143,0.5002437587842649,0.7264375000000001,resnet32,0.7668,0.7728,0.705946559340439,0.5475153787569567,0.1584311806258153,resnet32,0.6205,0.6342,0.7121635485779155,0.5575850917957723,0.1545784562847323,resnet32,0.7349,0.7438,0.703746866307814,0.5476181193847548,0.1561287464256483,resnet32,0.7136,0.7352,0.693949480922046,0.539270589297468,0.15467889181507583,resnet32,0.7621,0.7644,0.7074974691071971,0.5523305769417096,0.15516689282164656,resnet32,0.737,0.747,0.7018787859177048,0.547505269038745,0.15437351737637073,resnet32,0.7752,0.7764,0.7267230650071393,0.5705070213245397,0.15621604352385143,resnet32,0.7014,0.7104,0.7131663629869845,0.5576889764263548,0.15547738697337496,450000.0,5000.0,1810000.0,97740000.0,781920000.0
resnet32x8_cifar10_K8_mwmd1_seed0003_d017,d017,resnet32:8,cifar10,8,matched,mwmd1,peers,0,0,1.0,p2p,3,200,64,0.1,0.9,0.0005,True,0,60,0.1,1.0,1,,disagreement,1.0,1,0.0,0.5,weight,complete,0.0,0.0,42,0,45000,5000,10000,3713232,54,0.1,1,1.0,124.02,0.68965,0.035938802150322136,0.6409,0.7451,0.7512,0.061549999999999994,0.6930000000000001,0.7566,0.2902785714285715,0.5294767352253272,0.2913107142857143,0.5278450131789482,0.68965,resnet32,0.7413,0.75,0.7058571415784006,0.5507020587948236,0.1551550832386552,resnet32,0.7104,0.7128,0.7209970970553431,0.5648255420171402,0.15617155426562848,resnet32,0.6409,0.645,0.7117021894929084,0.5568889775736765,0.15481321161231873,resnet32,0.6765,0.678,0.7058125164105811,0.546314175113697,0.1594983412651345,resnet32,0.6608,0.6674,0.7097997841509905,0.5534192448566583,0.15638054017273878,resnet32,0.6778,0.6728,0.7001188793642954,0.5462168039627034,0.1539020753063431,resnet32,0.6644,0.6694,0.7315086798573082,0.5743571157905866,0.1571515644053844,resnet32,0.7451,0.7486,0.7143191925503991,0.5613613753071562,0.15295781811106612,450000.0,5000.0,1810000.0,99550000.0,796400000.0
resnet32x8_cifar10_K8_mwmd1_seed0003_d017,d017,resnet32:8,cifar10,8,matched,mwmd1,peers,0,0,1.0,p2p,3,200,64,0.1,0.9,0.0005,True,0,60,0.1,1.0,1,,disagreement,1.0,1,0.0,0.5,weight,complete,0.0,0.0,42,0,45000,5000,10000,3713232,55,0.1,1,1.0,124.23,0.7489750000000001,0.04395542486428722,0.6437,0.7955,0.8181,0.06912499999999999,0.7505,0.821,0.25680000000000003,0.488822214957087,0.2596678571428572,0.48760963414072606,0.7489750000000001,resnet32,0.7522,0.751,0.7009135176089,0.5475613141686402,0.1533522031439299,resnet32,0.7472,0.7544,0.714477161411196,0.5599933618002317,0.15448379998137665,resnet32,0.7697,0.7756,0.708926835520701,0.5554752415046096,0.15345159318001772,resnet32,0.7762,0.776,0.7109273633580994,0.5499921069395813,0.16093525653493337,resnet32,0.7758,0.7706,0.7082473904063756,0.5536020305431024,0.15464536157775333,resnet32,0.6437,0.6482,0.7041331284510141,0.5488828656432981,0.15525026247963647,resnet32,0.7955,0.7968,0.7338570166294548,0.5749533634040166,0.15890365241053092,resnet32,0.7315,0.7314,0.7133849561214447,0.5591404154812071,0.15424454038624058,450000.0,5000.0,1810000.0,101360000.0,810880000.0
resnet32x8_cifar10_K8_mwmd1_seed0003_d017,d017,resnet32:8,cifar10,8,matched,mwmd1,peers,0,0,1.0,p2p,3,200,64,0.1,0.9,0.0005,True,0,60,0.1,1.0,1,,disagreement,1.0,1,0.0,0.5,weight,complete,0.0,0.0,42,0,45000,5000,10000,3713232,56,0.1,1,1.0,124.02,0.7835375,0.010368092580122924,0.7609,0.7989,0.8346,0.05106250000000001,0.7838999999999999,0.8364,0.21082142857142858,0.5374094948471847,0.2078392857142857,0.5407215881190109,0.7835375,resnet32,0.7609,0.7554,0.7020382485352457,0.5428354551761665,0.15920279388823969,resnet32,0.7891,0.7918,0.7136620149355043,0.5579984567382119,0.15566355889578434,resnet32,0.7854,0.7876,0.7084477453661914,0.5545603450472382,0.15388740042478524,resnet32,0.7819,0.7816,0.7010717629878358,0.5464150420051407,0.15465672008312223,resnet32,0.7989,0.7982,0.7067119655284014,0.5505078695291146,0.15620409642261537,resnet32,0.7861,0.784,0.7026551215994087,0.5469885396940465,0.15566658155611632,resnet32,0.7888,0.796,0.7203387251462449,0.562845011538064,0.15749371430667286,resnet32,0.7772,0.7766,0.7122910457493906,0.557632418137721,0.15465862736825578,450000.0,5000.0,1810000.0,103170000.0,825360000.0
resnet32x8_cifar10_K8_mwmd1_seed0003_d017,d017,resnet32:8,cifar10,8,matched,mwmd1,peers,0,0,1.0,p2p,3,200,64,0.1,0.9,0.0005,True,0,60,0.1,1.0,1,,disagreement,1.0,1,0.0,0.5,weight,complete,0.0,0.0,42,0,45000,5000,10000,3713232,57,0.1,1,1.0,124.02,0.7882375,0.0171374544127767,0.7591,0.8119,0.84,0.051762499999999934,0.7925,0.8448,0.20323571428571427,0.5242482196581902,0.2043928571428571,0.5325653464386947,0.7882375,resnet32,0.7698,0.7688,0.6944022947414354,0.5409162268042564,0.15348606735510242,resnet32,0.797,0.7988,0.7057696313343265,0.5527963341552425,0.1529732979199087,resnet32,0.8119,0.8194,0.7026950639503245,0.5501144766299562,0.15258058632554655,resnet32,0.8083,0.8136,0.7007147852246735,0.5418754451992837,0.1588393401629715,resnet32,0.785,0.7914,0.7030267250216142,0.5499952574768527,0.15303146788342434,resnet32,0.7948,0.812,0.7019861500540917,0.5474337471479719,0.15455240260978992,resnet32,0.78,0.7858,0.7227647254582156,0.5662683331068944,0.15649639294398102,resnet32,0.7591,0.7502,0.7096039713783697,0.5556956897913055,0.15390828129073436,450000.0,5000.0,1810000.0,104980000.0,839840000.0
resnet32x8_cifar10_K8_mwmd1_seed0003_d017,d017,resnet32:8,cifar10,8,matched,mwmd1,peers,0,0,1.0,p2p,3,200,64,0.1,0.9,0.0005,True,0,60,0.1,1.0,1,,disagreement,1.0,1,0.0,0.5,weight,complete,0.0,0.0,42,0,45000,5000,10000,3713232,58,0.1,1,1.0,124.4,0.7702,0.033643089929434246,0.7035,0.8102,0.8341,0.06389999999999996,0.77275,0.8364,0.23673571428571427,0.4834398216794892,0.2371892857142857,0.49769236474340994,0.7702,resnet32,0.7762,0.7722,0.6993438028307124,0.5407126780430024,0.1586311257296157,resnet32,0.7767,0.7768,0.70727714240043,0.5542189710434865,0.15305817078545012,resnet32,0.8047,0.8062,0.7061718948693438,0.5503371379507537,0.15583475614601577,resnet32,0.7537,0.7668,0.703768237578598,0.5481323765760119,0.15563586058984089,resnet32,0.7035,0.7092,0.7070887067609213,0.551876034756953,0.1552126721203835,resnet32,0.7953,0.794,0.7011290443637832,0.5449788577177308,0.1561501856088977,resnet32,0.8102,0.8136,0.7252842728471891,0.5685682917775755,0.15671598114369606,resnet32,0.7413,0.7432,0.7088670115494593,0.5557263544760644,0.1531406563114036,450000.0,5000.0,1810000.0,106790000.0,854320000.0
resnet32x8_cifar10_K8_mwmd1_seed0003_d017,d017,resnet32:8,cifar10,8,matched,mwmd1,peers,0,0,1.0,p2p,3,200,64,0.1,0.9,0.0005,True,0,60,0.1,1.0,1,,disagreement,1.0,1,0.0,0.5,weight,complete,0.0,0.0,42,0,45000,5000,10000,3713232,59,0.1,1,1.0,124.05,0.775375,0.03364452964450535,0.6952,0.8082,0.8267,0.051324999999999954,0.7763500000000001,0.8256,0.2076857142857143,0.5540318120259418,0.20978571428571427,0.5466693136561167,0.775375,resnet32,0.7862,0.7848,0.7034457443197343,0.5475870040668682,0.15585874015761708,resnet32,0.7781,0.7776,0.7141035515391692,0.5592011926611039,0.15490235841240396,resnet32,0.7587,0.7616,0.7149217451753264,0.5560968548313461,0.158824890777892,resnet32,0.8012,0.805,0.6992788320322606,0.543975568249483,0.15530326492576438,resnet32,0.8082,0.8146,0.7060069608163427,0.5506597649390724,0.15534719604660163,resnet32,0.7971,0.7996,0.701284719588743,0.5468633754856207,0.15442134415603836,resnet32,0.6952,0.6926,0.7305972713299773,0.573039066681469,0.15755820385476743,resnet32,0.7783,0.775,0.7145376332866197,0.5599800025282259,0.15455763070547784,450000.0,5000.0,1810000.0,108600000.0,868800000.0
resnet32x8_cifar10_K8_mwmd1_seed0003_d017,d017,resnet32:8,cifar10,8,matched,mwmd1,peers,0,0,1.0,p2p,3,200,64,0.1,0.9,0.0005,True,0,60,0.1,1.0,1,,disagreement,1.0,1,0.0,0.5,weight,complete,0.0,0.0,42,0,45000,5000,10000,3713232,60,0.010000000000000002,1,1.0,123.48,0.8815625,0.0026153094941134478,0.879,0.8865,0.8923,0.010737499999999955,0.8841749999999999,0.8954,0.07240714285714288,0.7143217166814041,0.07083214285714287,0.7247760084349666,0.8815625,resnet32,0.8845,0.8854,0.4525890493215146,0.37735668853433296,0.07523236068664119,resnet32,0.8802,0.8832,0.4631711406506259,0.3903468913737346,0.07282424991717562,resnet32,0.8793,0.8858,0.45431377954611724,0.3827535698867657,0.07156020929952236,resnet32,0.8829,0.8868,0.4505352653690021,0.37856606956021016,0.0719691949700725,resnet32,0.8791,0.8864,0.45379767702384427,0.3825363194019618,0.07126135845001871,resnet32,0.8865,0.882,0.4520083633886481,0.37826448850418354,0.07374387501940047,resnet32,0.879,0.8782,0.47344979853369296,0.39972285261716356,0.07372694536091083,resnet32,0.881,0.8856,0.4608600103846667,0.39034364122728055,0.07051636819166808,450000.0,5000.0,1810000.0,110410000.0,883280000.0
resnet32x8_cifar10_K8_mwmd1_seed0003_d017,d017,resnet32:8,cifar10,8,matched,mwmd1,peers,0,0,1.0,p2p,3,200,64,0.1,0.9,0.0005,True,0,60,0.1,1.0,1,,disagreement,1.0,1,0.0,0.5,weight,complete,0.0,0.0,42,0,45000,5000,10000,3713232,61,0.010000000000000002,1,1.0,123.46,0.8879750000000001,0.0025630792028339534,0.8847,0.8924,0.8983,0.010324999999999918,0.891175,0.9032,0.06945,0.7110789558196736,0.06855357142857145,0.7141890993864128,0.8879750000000001,resnet32,0.8907,0.894,0.3823904412459921,0.31936369253195485,0.06302674922203137,resnet32,0.8847,0.887,0.3986978677143766,0.33240033664994617,0.06629753217566758,resnet32,0.8847,0.8942,0.4021444368303161,0.32983967333778064,0.07230476320678876,resnet32,0.8886,0.896,0.38344937850805844,0.320272972045297,0.06317640624315986,resnet32,0.8878,0.8898,0.39596145595847204,0.3297494588716125,0.06621199752606283,resnet32,0.8924,0.892,0.3868441391439939,0.3214127723953094,0.06543136670370586,resnet32,0.8862,0.8864,0.41248215243897657,0.3415452685545791,0.0709368841436861,resnet32,0.8887,0.89,0.3946658864575015,0.33006242965348065,0.06460345613727854,450000.0,5000.0,1810000.0,112220000.0,897760000.0
resnet32x8_cifar10_K8_mwmd1_seed0003_d017,d017,resnet32:8,cifar10,8,matched,mwmd1,peers,0,0,1.0,p2p,3,200,64,0.1,0.9,0.0005,True,0,60,0.1,1.0,1,,disagreement,1.0,1,0.0,0.5,weight,complete,0.0,0.0,42,0,45000,5000,10000,3713232,62,0.010000000000000002,1,1.0,124.19,0.8900375,0.0037127946011057357,0.8849,0.8965,0.901,0.010962499999999986,0.89375,0.9064,0.07364285714285713,0.6835282728313083,0.06905357142857142,0.7095176975151379,0.8900375,resnet32,0.8937,0.8982,0.3614633287281983,0.2988812252349982,0.06258210431869057,resnet32,0.8849,0.8926,0.3780763158151372,0.31195773651019076,0.06611857917794789,resnet32,0.8887,0.897,0.38084991718642414,0.30952809049366886,0.07132182630911385,resnet32,0.8965,0.8968,0.3601219268325208,0.2974842622220008,0.06263766461845742,resnet32,0.8882,0.8932,0.37557296782986005,0.3082756625213237,0.06729730549903418,resnet32,0.8924,0.8904,0.37032345758581703,0.3034684523961253,0.06685500606545247,resnet32,0.8858,0.8902,0.3926107739310034,0.3221068972277201,0.07050387688584371,resnet32,0.8901,0.8916,0.3789662259884856,0.3118974485286427,0.06706877753127959,450000.0,5000.0,1810000.0,114030000.0,912240000.0
resnet32x8_cifar10_K8_mwmd1_seed0003_d017,d017,resnet32:8,cifar10,8,matched,mwmd1,peers,0,0,1.0,p2p,3,200,64,0.1,0.9,0.0005,True,0,60,0.1,1.0,1,,disagreement,1.0,1,0.0,0.5,weight,complete,0.0,0.0,42,0,45000,5000,10000,3713232,63,0.010000000000000002,1,1.0,123.78,0.893425,0.0029213652630234225,0.8892,0.8986,0.905,0.011575000000000002,0.8933,0.9088,0.07432857142857144,0.6803515983225177,0.0721142857142857,0.6841881246775394,0.893425,resnet32,0.891,0.8884,0.3508398069322787,0.2828877650158988,0.06795204248522747,resnet32,0.8892,0.8908,0.3619460709266026,0.29583787284156476,0.06610819798185151,resnet32,0.8951,0.8962,0.35866526753472333,0.291656121452847,0.06700914615331302,resnet32,0.8986,0.8982,0.3506716975984587,0.2818814538080584,0.06879024383273315,resnet32,0.8949,0.8936,0.37005422020923684,0.293568770813925,0.07648544947997751,resnet32,0.8955,0.8938,0.3534459479745816,0.28669478894550016,0.06675115938626484,resnet32,0.8907,0.8904,0.37984341037967667,0.30455630166794767,0.07528710913505744,resnet32,0.8924,0.895,0.36235555771484296,0.29473360431041906,0.06762195322450927,450000.0,5000.0,1810000.0,115840000.0,926720000.0
resnet32x8_cifar10_K8_mwmd1_seed0003_d017,d017,resnet32:8,cifar10,8,matched,mwmd1,peers,0,0,1.0,p2p,3,200,64,0.1,0.9,0.0005,True,0,60,0.1,1.0,1,,disagreement,1.0,1,0.0,0.5,weight,complete,0.0,0.0,42,0,45000,5000,10000,3713232,64,0.010000000000000002,1,1.0,124.1,0.894375,0.003099092609135776,0.8909,0.8986,0.9075,0.013124999999999942,0.89585,0.9094,0.0746,0.6746549239503725,0.07304642857142858,0.672655443561344,0.894375,resnet32,0.8977,0.899,0.34258488745597954,0.2723215318665924,0.07026335536713967,resnet32,0.8914,0.895,0.35374890015968546,0.2843082975913686,0.0694406025021718,resnet32,0.8973,0.8982,0.3511512020645155,0.2818198651287027,0.06933133662889966,resnet32,0.8986,0.9002,0.3416336166926406,0.2720634392145174,0.06957017751516435,resnet32,0.891,0.8918,0.3595705033618618,0.28438994006931106,0.07518056329784238,resnet32,0.8959,0.899,0.3445911690889096,0.27607423220549454,0.06851693705539219,resnet32,0.8922,0.8904,0.36819748423824256,0.293674043527889,0.07452344085851853,resnet32,0.8909,0.8932,0.35229146522893146,0.28481778750111436,0.06747367782306603,450000.0,5000.0,1810000.0,117650000.0,941200000.0
resnet32x8_cifar10_K8_mwmd1_seed0003_d017,d017,resnet32:8,cifar10,8,matched,mwmd1,peers,0,0,1.0,p2p,3,200,64,0.1,0.9,0.0005,True,0,60,0.1,1.0,1,,disagreement,1.0,1,0.0,0.5,weight,complete,0.0,0.0,42,0,45000,5000,10000,3713232,65,0.010000000000000002,1,1.0,123.45,0.8858,0.004210403781111734,0.8816,0.8942,0.8973,0.011499999999999955,0.8894250000000001,0.908,0.07855714285714285,0.6616475734507674,0.07850714285714286,0.6824690736509353,0.8858,resnet32,0.8859,0.887,0.33880998799577355,0.26699639708650386,0.07181359144372189,resnet32,0.8816,0.89,0.3493987495629964,0.2784075066658922,0.07099124264046126,resnet32,0.8818,0.8846,0.3520999622361904,0.27621648147363553,0.07588348047680814,resnet32,0.8942,0.9002,0.3371879144741053,0.2658839102051305,0.0713040042292877,resnet32,0.883,0.887,0.3458405523772605,0.27588142482140526,0.06995912735477429,resnet32,0.8907,0.89,0.3510290872178633,0.27031225655016233,0.08071682982633567,resnet32,0.8834,0.887,0.36833013922230085,0.2895151037320664,0.07881503535265272,resnet32,0.8858,0.8896,0.35375346076166764,0.27838473564902827,0.07536872452527116,450000.0,5000.0,1810000.0,119460000.0,955680000.0
resnet32x8_cifar10_K8_mwmd1_seed0003_d017,d017,resnet32:8,cifar10,8,matched,mwmd1,peers,0,0,1.0,p2p,3,200,64,0.1,0.9,0.0005,True,0,60,0.1,1.0,1,,disagreement,1.0,1,0.0,0.5,weight,complete,0.0,0.0,42,0,45000,5000,10000,3713232,66,0.010000000000000002,1,1.0,123.88,0.8909875,0.004040556118902438,0.8863,0.8964,0.9045,0.013512499999999927,0.893125,0.9094,0.08097142857142857,0.643540588773008,0.07793214285714285,0.6657221700972373,0.8909875,resnet32,0.8946,0.8964,0.33075380735945975,0.2578511870339174,0.07290261967996643,resnet32,0.8878,0.8886,0.3416840500960296,0.2694144746902483,0.07226957595081661,resnet32,0.8866,0.8922,0.3417897067159753,0.2676658506124196,0.07412385614588857,resnet32,0.895,0.8986,0.33093247590163216,0.25750155335249886,0.07343092327937484,resnet32,0.8938,0.8946,0.3408087991940027,0.26638326792850753,0.0744255309162492,resnet32,0.8964,0.8928,0.3426110648380762,0.26334497110325505,0.07926609403644265,resnet32,0.8874,0.8888,0.3570220399732617,0.2791015533201227,0.07792048729871484,resnet32,0.8863,0.893,0.34245561667590996,0.2695109316423027,0.07294468510768969,450000.0,5000.0,1810000.0,121270000.0,970160000.0
resnet32x8_cifar10_K8_mwmd1_seed0003_d017,d017,resnet32:8,cifar10,8,matched,mwmd1,peers,0,0,1.0,p2p,3,200,64,0.1,0.9,0.0005,True,0,60,0.1,1.0,1,,disagreement,1.0,1,0.0,0.5,weight,complete,0.0,0.0,42,0,45000,5000,10000,3713232,67,0.010000000000000002,1,1.0,123.83,0.8927375,0.00413156674277447,0.8872,0.8993,0.9048,0.012062500000000087,0.895475,0.91,0.07894285714285712,0.6462364079602428,0.07452142857142859,0.679186871655637,0.8927375,resnet32,0.8968,0.8932,0.3272377913394435,0.2523800040044906,0.07485778644331731,resnet32,0.8892,0.8924,0.33769006802785123,0.26343230823774566,0.07425775934825651,resnet32,0.8961,0.8994,0.34489913449876686,0.26149635815950617,0.0834027763445523,resnet32,0.8925,0.9,0.3243188797707923,0.2497353409840302,0.07458353892698968,resnet32,0.8928,0.8982,0.3378977538298138,0.2611163607586853,0.07678139294942164,resnet32,0.8993,0.8946,0.33400216755795886,0.25650219444651157,0.07749997358240018,resnet32,0.888,0.8906,0.3570676479298113,0.27518900482788344,0.08187864323421805,resnet32,0.8872,0.8954,0.3359643485270102,0.2625797978200188,0.07338455111709084,450000.0,5000.0,1810000.0,123080000.0,984640000.0
resnet32x8_cifar10_K8_mwmd1_seed0003_d017,d017,resnet32:8,cifar10,8,matched,mwmd1,peers,0,0,1.0,p2p,3,200,64,0.1,0.9,0.0005,True,0,60,0.1,1.0,1,,disagreement,1.0,1,0.0,0.5,weight,complete,0.0,0.0,42,0,45000,5000,10000,3713232,68,0.010000000000000002,1,1.0,124.05,0.8921375,0.003014522142894316,0.8882,0.8968,0.906,0.0138625,0.89335,0.9074,0.08105714285714286,0.6438840399164173,0.08189642857142856,0.645012513043208,0.8921375,resnet32,0.8968,0.8948,0.32490829983726144,0.24685025962323628,0.07805804043098098,resnet32,0.8932,0.8928,0.34480029168877413,0.26293496310245246,0.08186532821855508,resnet32,0.8882,0.8898,0.33894544901241636,0.2573932698208161,0.08155217954878356,resnet32,0.8894,0.8946,0.3394050127614967,0.25210480054374784,0.08730021209075031,resnet32,0.895,0.9008,0.33353818394243717,0.2568222886819223,0.07671589533459734,resnet32,0.8896,0.886,0.33076622792180965,0.2519733708203686,0.07879285673367452,resnet32,0.89,0.8922,0.35225478087721224,0.2674518682443621,0.08480291262226687,resnet32,0.8949,0.8958,0.3363589156969366,0.2576801586917348,0.07867875735709359,450000.0,5000.0,1810000.0,124890000.0,999120000.0
resnet32x8_cifar10_K8_mwmd1_seed0003_d017,d017,resnet32:8,cifar10,8,matched,mwmd1,peers,0,0,1.0,p2p,3,200,64,0.1,0.9,0.0005,True,0,60,0.1,1.0,1,,disagreement,1.0,1,0.0,0.5,weight,complete,0.0,0.0,42,0,45000,5000,10000,3713232,69,0.010000000000000002,1,1.0,123.63,0.8944875,0.003468947066474204,0.889,0.8999,0.9135,0.019012499999999988,0.8942000000000001,0.915,0.0829,0.6323907042051132,0.08162142857142855,0.6390171088776865,0.8944875,resnet32,0.8999,0.8994,0.3321535015605729,0.24706633361479777,0.08508716781877658,resnet32,0.8938,0.8906,0.34343768599104474,0.25961646188939497,0.08382122399052605,resnet32,0.8983,0.8996,0.3390997953247279,0.25483880474613135,0.08426099073205312,resnet32,0.895,0.8976,0.3267425922465257,0.24677907089194792,0.07996352145776407,resnet32,0.8899,0.8904,0.33223084114830603,0.2527667161564089,0.07946412527499805,resnet32,0.8951,0.895,0.33154526573013177,0.250262822617184,0.08128244272930632,resnet32,0.889,0.885,0.3498754844662141,0.2671470858939839,0.08272839817006818,resnet32,0.8949,0.896,0.33663179220589384,0.25579692383127456,0.08083486801743592,450000.0,5000.0,1810000.0,126700000.0,1013600000.0
resnet32x8_cifar10_K8_mwmd1_seed0003_d017,d017,resnet32:8,cifar10,8,matched,mwmd1,peers,0,0,1.0,p2p,3,200,64,0.1,0.9,0.0005,True,0,60,0.1,1.0,1,,disagreement,1.0,1,0.0,0.5,weight,complete,0.0,0.0,42,0,45000,5000,10000,3713232,70,0.010000000000000002,1,1.0,123.82,0.8970374999999999,0.0029525148179137014,0.8913,0.9015,0.9105,0.013462500000000044,0.897675,0.9164,0.08246428571428568,0.6267650483521632,0.07776785714285718,0.6463272897553598,0.8970374999999999,resnet32,0.8976,0.8978,0.3239642269909382,0.2421643117400394,0.08179991486725736,resnet32,0.8978,0.8986,0.3417960474352268,0.25653685558460315,0.08525919213107871,resnet32,0.896,0.9008,0.33625549715096975,0.2503086233045906,0.08594687343892557,resnet32,0.8913,0.8976,0.336112069516358,0.24553332836578853,0.09057874196547676,resnet32,0.9015,0.9012,0.32977281899233774,0.24856915823395617,0.08120366055465472,resnet32,0.8994,0.8948,0.3324650360525332,0.24562783797525548,0.08683719786561349,resnet32,0.8984,0.8942,0.3504151210654527,0.2615296658318998,0.08888545566746457,resnet32,0.8943,0.8964,0.33953052206726914,0.2543220906200903,0.08520843102385035,450000.0,5000.0,1810000.0,128510000.0,1028080000.0
resnet32x8_cifar10_K8_mwmd1_seed0003_d017,d017,resnet32:8,cifar10,8,matched,mwmd1,peers,0,0,1.0,p2p,3,200,64,0.1,0.9,0.0005,True,0,60,0.1,1.0,1,,disagreement,1.0,1,0.0,0.5,weight,complete,0.0,0.0,42,0,45000,5000,10000,3713232,71,0.010000000000000002,1,1.0,124.09,0.89715,0.003331666249791537,0.891,0.902,0.9127,0.015549999999999953,0.8997999999999999,0.9168,0.08252857142857142,0.6158795635887787,0.08089642857142858,0.6315987339287681,0.89715,resnet32,0.9012,0.9056,0.32361415718597447,0.23810980557887393,0.08550435113614764,resnet32,0.891,0.8892,0.3419462522407147,0.2539946658494459,0.08795158705007369,resnet32,0.8976,0.8998,0.3345927862577479,0.24720171344762837,0.0873910727016416,resnet32,0.8972,0.9028,0.3301433369263329,0.23929451685398817,0.09084882015965624,resnet32,0.8981,0.901,0.3283941655377434,0.24310803928793492,0.08528612606460229,resnet32,0.902,0.9046,0.3306585122534836,0.24194040001285347,0.08871811264279214,resnet32,0.8943,0.8968,0.3466776760760695,0.25850882331459696,0.0881688526715152,resnet32,0.8958,0.8986,0.33622886291281745,0.24887077462732454,0.087358088565948,450000.0,5000.0,1810000.0,130320000.0,1042560000.0
resnet32x8_cifar10_K8_mwmd1_seed0003_d017,d017,resnet32:8,cifar10,8,matched,mwmd1,peers,0,0,1.0,p2p,3,200,64,0.1,0.9,0.0005,True,0,60,0.1,1.0,1,,disagreement,1.0,1,0.0,0.5,weight,complete,0.0,0.0,42,0,45000,5000,10000,3713232,72,0.010000000000000002,1,1.0,123.84,0.891775,0.004984663980651046,0.886,0.9002,0.9101,0.018325000000000036,0.89395,0.9132,0.08594285714285713,0.6288751010592438,0.08683928571428569,0.6272225585497487,0.891775,resnet32,0.8947,0.8942,0.3262813236479732,0.23816609742458572,0.08811522562014447,resnet32,0.8884,0.8908,0.34170368853533134,0.2534851654940708,0.08821852326350794,resnet32,0.8868,0.8888,0.3370146037248725,0.24694592064373533,0.09006868334042585,resnet32,0.8974,0.9044,0.33066323600624775,0.23780866221270777,0.0928545742168684,resnet32,0.8877,0.8854,0.3318022506480867,0.244749383027242,0.08705286762613634,resnet32,0.9002,0.903,0.3313693481878462,0.2420451345176182,0.08932421391893347,resnet32,0.886,0.89,0.35055571769110183,0.25986334834967484,0.09069236905038865,resnet32,0.893,0.895,0.3387096060058949,0.24883493318603458,0.08987467211607675,450000.0,5000.0,1810000.0,132130000.0,1057040000.0
resnet32x8_cifar10_K8_mwmd1_seed0003_d017,d017,resnet32:8,cifar10,8,matched,mwmd1,peers,0,0,1.0,p2p,3,200,64,0.1,0.9,0.0005,True,0,60,0.1,1.0,1,,disagreement,1.0,1,0.0,0.5,weight,complete,0.0,0.0,42,0,45000,5000,10000,3713232,73,0.010000000000000002,1,1.0,123.85,0.897175,0.0028608346684141023,0.8922,0.9015,0.9128,0.015625,0.8983749999999999,0.917,0.08462142857142856,0.6137725658745085,0.08233214285714285,0.6332648000119522,0.897175,resnet32,0.8983,0.8986,0.32724121325141325,0.23688969119790604,0.09035152204821563,resnet32,0.8922,0.8936,0.34735518835738977,0.2535417631310834,0.09381342462835494,resnet32,0.8956,0.8938,0.3415572843726047,0.24738666998349468,0.09417061471189796,resnet32,0.8971,0.9042,0.33244191501712933,0.23670577117114922,0.09573614357081665,resnet32,0.8961,0.8986,0.33736740410412575,0.2451661499428817,0.09220125382258133,resnet32,0.9015,0.9012,0.33418630846691405,0.2419057683278383,0.0922805400332436,resnet32,0.8956,0.8938,0.34927265593697404,0.25608599008145655,0.0931866658237678,resnet32,0.901,0.9032,0.3368122241967781,0.24795521300455386,0.08885701131393117,450000.0,5000.0,1810000.0,133940000.0,1071520000.0
resnet32x8_cifar10_K8_mwmd1_seed0003_d017,d017,resnet32:8,cifar10,8,matched,mwmd1,peers,0,0,1.0,p2p,3,200,64,0.1,0.9,0.0005,True,0,60,0.1,1.0,1,,disagreement,1.0,1,0.0,0.5,weight,complete,0.0,0.0,42,0,45000,5000,10000,3713232,74,0.010000000000000002,1,1.0,123.04,0.8813375,0.00816148538870224,0.8712,0.896,0.9056,0.024262499999999965,0.880475,0.9064,0.1068785714285714,0.5695949587329566,0.10464999999999999,0.5879318110294808,0.8813375,resnet32,0.896,0.8936,0.32622181422034785,0.2364685438912023,0.08975326995344156,resnet32,0.8768,0.8756,0.3438786957624622,0.2500559943516485,0.09382270121502435,resnet32,0.8798,0.8816,0.33926862747069786,0.24688166393686764,0.09238696303112771,resnet32,0.8933,0.8912,0.33413335553963075,0.23969348831186918,0.09443986787862907,resnet32,0.8712,0.87,0.341932796809653,0.24216892406217416,0.09976387274747883,resnet32,0.8765,0.877,0.3340577583082698,0.24081398753068325,0.09324377084637737,resnet32,0.8808,0.882,0.35458161612041295,0.25692113528070465,0.09766048080266708,resnet32,0.8763,0.8728,0.3337395161559636,0.2448845079951835,0.08885500807876022,450000.0,5000.0,1810000.0,135750000.0,1086000000.0
resnet32x8_cifar10_K8_mwmd1_seed0003_d017,d017,resnet32:8,cifar10,8,matched,mwmd1,peers,0,0,1.0,p2p,3,200,64,0.1,0.9,0.0005,True,0,60,0.1,1.0,1,,disagreement,1.0,1,0.0,0.5,weight,complete,0.0,0.0,42,0,45000,5000,10000,3713232,75,0.010000000000000002,1,1.0,123.68,0.8951625000000001,0.003319238429218359,0.8901,0.8994,0.914,0.01883749999999995,0.89645,0.9164,0.08594285714285714,0.6109306393780403,0.08480714285714286,0.6207640361268446,0.8951625000000001,resnet32,0.8994,0.8984,0.3308040572711351,0.23526222664143212,0.09554183060853658,resnet32,0.8952,0.891,0.3453492816664617,0.24929116607051005,0.0960581159981137,resnet32,0.8901,0.8922,0.34524584851566364,0.2483937710057944,0.09685207765803418,resnet32,0.896,0.9036,0.336614828302779,0.2395352482033724,0.09707958036663265,resnet32,0.8993,0.9006,0.34762697453102603,0.24441798011222007,0.103208995022049,resnet32,0.8962,0.9006,0.34066880525047466,0.24344140428795732,0.09722740104718303,resnet32,0.8901,0.887,0.3603790049144829,0.2585717560617592,0.10180724920726127,resnet32,0.895,0.8982,0.3404338066889481,0.2468750316078182,0.09355877499117261,450000.0,5000.0,1810000.0,137560000.0,1100480000.0
resnet32x8_cifar10_K8_mwmd1_seed0003_d017,d017,resnet32:8,cifar10,8,matched,mwmd1,peers,0,0,1.0,p2p,3,200,64,0.1,0.9,0.0005,True,0,60,0.1,1.0,1,,disagreement,1.0,1,0.0,0.5,weight,complete,0.0,0.0,42,0,45000,5000,10000,3713232,76,0.010000000000000002,1,1.0,123.98,0.8962874999999999,0.00392155501682685,0.8899,0.9025,0.9162,0.01991250000000011,0.897425,0.9186,0.08935000000000001,0.5863873181113828,0.08895,0.5979953416839552,0.8962874999999999,resnet32,0.8965,0.8944,0.3240212287584489,0.23006444071969864,0.093956787210614,resnet32,0.8941,0.8944,0.34689005520406435,0.24950497545598244,0.0973850802454928,resnet32,0.8966,0.9042,0.3412804554470561,0.24453100414989007,0.09674945144533095,resnet32,0.9025,0.9004,0.3336930779782547,0.23559712261935187,0.09809595545944334,resnet32,0.8996,0.901,0.33834422572346573,0.2373352157777514,0.1010090097128837,resnet32,0.8992,0.9002,0.3354192117271437,0.23670304692561991,0.0987161651190201,resnet32,0.8919,0.89,0.35359015444886277,0.25529841654298996,0.09829173772595823,resnet32,0.8899,0.8948,0.33211063441227784,0.23930482307067988,0.0928058111881414,450000.0,5000.0,1810000.0,139370000.0,1114960000.0
resnet32x8_cifar10_K8_mwmd1_seed0003_d017,d017,resnet32:8,cifar10,8,matched,mwmd1,peers,0,0,1.0,p2p,3,200,64,0.1,0.9,0.0005,True,0,60,0.1,1.0,1,,disagreement,1.0,1,0.0,0.5,weight,complete,0.0,0.0,42,0,45000,5000,10000,3713232,77,0.010000000000000002,1,1.0,120.76,0.8947375,0.004598624114884809,0.8885,0.9001,0.9164,0.02166250000000003,0.899975,0.9198,0.08669285714285714,0.5960735575189103,0.08910357142857142,0.6032569231256473,0.8947375,resnet32,0.9001,0.9026,0.3296666405142539,0.23193793278187513,0.09772870752600614,resnet32,0.8898,0.901,0.3526854551905258,0.24835853301919997,0.10432692240944809,resnet32,0.8885,0.8928,0.3402247548272664,0.24209356192626397,0.09813119258350608,resnet32,0.8999,0.9028,0.33004268087362026,0.2310502981946973,0.098992382731839,resnet32,0.9001,0.903,0.3376241951799867,0.23955109339757738,0.09807310211578045,resnet32,0.8954,0.904,0.33591900262134994,0.23708486777137627,0.09883413491347297,resnet32,0.8902,0.8954,0.35594359201125125,0.251675456370735,0.10426813582043079,resnet32,0.8939,0.8982,0.3399037455885925,0.24381194546268406,0.09609180003065955,450000.0,5000.0,1810000.0,141180000.0,1129440000.0
resnet32x8_cifar10_K8_mwmd1_seed0003_d017,d017,resnet32:8,cifar10,8,matched,mwmd1,peers,0,0,1.0,p2p,3,200,64,0.1,0.9,0.0005,True,0,60,0.1,1.0,1,,disagreement,1.0,1,0.0,0.5,weight,complete,0.0,0.0,42,0,45000,5000,10000,3713232,78,0.010000000000000002,1,1.0,123.92,0.890425,0.007054741313471403,0.8773,0.902,0.9102,0.019774999999999987,0.893175,0.918,0.09358571428571427,0.590819450973761,0.09459642857142857,0.5917353944731595,0.890425,resnet32,0.902,0.9014,0.3375850429292768,0.23493166350420902,0.1026533786683682,resnet32,0.893,0.8924,0.34752461944960733,0.24654664408246224,0.10097797522956337,resnet32,0.8917,0.8934,0.3438463154968552,0.24386158323084767,0.09998473241946405,resnet32,0.8974,0.8998,0.34262410657141695,0.23690626252738928,0.10571784428214993,resnet32,0.8886,0.8938,0.34736146502704784,0.24429707511709156,0.10306438970358366,resnet32,0.8773,0.884,0.3361266580283303,0.23459871890108017,0.10152793950824575,resnet32,0.8853,0.8854,0.35722947061400523,0.2541371375978501,0.10309233285740695,resnet32,0.8881,0.8952,0.3474805631611327,0.2438539706424556,0.10362659228584645,450000.0,5000.0,1810000.0,142990000.0,1143920000.0
resnet32x8_cifar10_K8_mwmd1_seed0003_d017,d017,resnet32:8,cifar10,8,matched,mwmd1,peers,0,0,1.0,p2p,3,200,64,0.1,0.9,0.0005,True,0,60,0.1,1.0,1,,disagreement,1.0,1,0.0,0.5,weight,complete,0.0,0.0,42,0,45000,5000,10000,3713232,79,0.010000000000000002,1,1.0,123.85,0.8858625,0.002546535636899695,0.8825,0.89,0.9064,0.020537499999999986,0.8895,0.911,0.09415714285714287,0.5970751430841963,0.0944357142857143,0.6144308371596969,0.8858625,resnet32,0.8888,0.8846,0.3302415040829642,0.2300501486328854,0.10019135572524233,resnet32,0.89,0.8878,0.34564434245906095,0.24692595239982687,0.09871839049843732,resnet32,0.8825,0.887,0.3496913283809342,0.2459516106173396,0.10373971691164612,resnet32,0.8825,0.8932,0.33870852568229154,0.232575623921796,0.1061329010672952,resnet32,0.8866,0.89,0.3400035059629855,0.23773796017154714,0.10226554582318799,resnet32,0.8863,0.8956,0.34276097890158946,0.23834695691369812,0.10441402236888693,resnet32,0.886,0.8876,0.3549744531681592,0.2522737277163701,0.10270072536183182,resnet32,0.8842,0.8902,0.3420024456413971,0.23990302753042092,0.10209941799456085,450000.0,5000.0,1810000.0,144800000.0,1158400000.0
resnet32x8_cifar10_K8_mwmd1_seed0003_d017,d017,resnet32:8,cifar10,8,matched,mwmd1,peers,0,0,1.0,p2p,3,200,64,0.1,0.9,0.0005,True,0,60,0.1,1.0,1,,disagreement,1.0,1,0.0,0.5,weight,complete,0.0,0.0,42,0,45000,5000,10000,3713232,80,0.010000000000000002,1,1.0,124.54,0.8879874999999999,0.00797502938866059,0.8713,0.8986,0.913,0.025012500000000104,0.89095,0.9218,0.10856428571428574,0.52477261735341,0.1082964285714286,0.5429654285701134,0.8879874999999999,resnet32,0.8969,0.8974,0.33034512148746714,0.23196481135462158,0.0983803095031445,resnet32,0.8867,0.8856,0.3466262806482105,0.24415846582798456,0.10246781446304257,resnet32,0.8986,0.9062,0.3449820854108442,0.24191072875295172,0.10307135704417968,resnet32,0.8837,0.8858,0.33503247082064097,0.23411846001082184,0.10091401093681766,resnet32,0.8887,0.8952,0.33611846186051314,0.23893647582735866,0.09718198602786288,resnet32,0.8918,0.8938,0.3444503336213529,0.23858694248536433,0.10586339135294441,resnet32,0.8713,0.872,0.3567233915567737,0.2535429754590785,0.10318041616648604,resnet32,0.8862,0.8916,0.3403721483508972,0.24049770728346298,0.09987444132143124,450000.0,5000.0,1810000.0,146610000.0,1172880000.0
resnet32x8_cifar10_K8_mwmd1_seed0003_d017,d017,resnet32:8,cifar10,8,matched,mwmd1,peers,0,0,1.0,p2p,3,200,64,0.1,0.9,0.0005,True,0,60,0.1,1.0,1,,disagreement,1.0,1,0.0,0.5,weight,complete,0.0,0.0,42,0,45000,5000,10000,3713232,81,0.010000000000000002,1,1.0,123.54,0.8969,0.004237629054082003,0.8868,0.9008,0.9188,0.02189999999999992,0.8971,0.9182,0.08983571428571428,0.5940088393615497,0.08972500000000001,0.5910822692996787,0.8969,resnet32,0.8993,0.9002,0.331504258221354,0.22817926104603845,0.10332499730231409,resnet32,0.8868,0.8822,0.3463146170304919,0.24248110280710866,0.10383351422867483,resnet32,0.8994,0.898,0.34347945563918486,0.23880887183953414,0.10467058344511315,resnet32,0.9001,0.9004,0.33807443124665454,0.23375737251163545,0.10431705835402351,resnet32,0.8952,0.8978,0.3410512134856121,0.239914304767312,0.10113690914162858,resnet32,0.8976,0.9018,0.345584633347409,0.23466484730174256,0.11091978579166938,resnet32,0.896,0.8918,0.36434693448245525,0.2564191431632604,0.10792779199122875,resnet32,0.9008,0.9046,0.3446886988610707,0.24143502423116428,0.10325367481775836,450000.0,5000.0,1810000.0,148420000.0,1187360000.0
resnet32x8_cifar10_K8_mwmd1_seed0003_d017,d017,resnet32:8,cifar10,8,matched,mwmd1,peers,0,0,1.0,p2p,3,200,64,0.1,0.9,0.0005,True,0,60,0.1,1.0,1,,disagreement,1.0,1,0.0,0.5,weight,complete,0.0,0.0,42,0,45000,5000,10000,3713232,82,0.010000000000000002,1,1.0,123.91,0.8871249999999999,0.00875010714220117,0.8739,0.8981,0.9137,0.026575000000000015,0.89315,0.9188,0.10035714285714284,0.5523290874405037,0.10359999999999998,0.5639971299963491,0.8871249999999999,resnet32,0.8981,0.9008,0.33194602050141175,0.23024650527672333,0.10169951524585485,resnet32,0.8776,0.8784,0.3473973570772531,0.24235017956446178,0.10504717761333185,resnet32,0.8949,0.9006,0.34248231700621545,0.23765234632248228,0.10482997034507041,resnet32,0.8886,0.8998,0.33727387770671735,0.23291576954282142,0.10435810830147768,resnet32,0.8779,0.8878,0.33647177975878795,0.23608371383637528,0.10038806586420503,resnet32,0.8908,0.8982,0.34367736033163965,0.235146383903074,0.10853097625394267,resnet32,0.8952,0.8974,0.3560880802741105,0.24951773461758753,0.10657034653492949,resnet32,0.8739,0.8822,0.3431548412296582,0.23937697091605514,0.10377787034270693,450000.0,5000.0,1810000.0,150230000.0,1201840000.0
resnet32x8_cifar10_K8_mwmd1_seed0003_d017,d017,resnet32:8,cifar10,8,matched,mwmd1,peers,0,0,1.0,p2p,3,200,64,0.1,0.9,0.0005,True,0,60,0.1,1.0,1,,disagreement,1.0,1,0.0,0.5,weight,complete,0.0,0.0,42,0,45000,5000,10000,3713232,83,0.010000000000000002,1,1.0,123.68,0.89375,0.002473358041206331,0.8902,0.8985,0.918,0.024249999999999994,0.895475,0.9232,0.09784285714285712,0.5614263113491672,0.09731071428571429,0.5663953139681868,0.89375,resnet32,0.8951,0.8952,0.32980565301311965,0.22712246198418803,0.10268319057914513,resnet32,0.8905,0.8908,0.3497315170878375,0.24255102414595472,0.10718049280959266,resnet32,0.8902,0.8886,0.3490432835903696,0.24150713776576926,0.10753614623734559,resnet32,0.8948,0.9048,0.33717259436591784,0.23206742844459685,0.10510516595836221,resnet32,0.8985,0.901,0.33775662565180525,0.2361507362749597,0.10160588967317546,resnet32,0.8936,0.8944,0.3437402261399918,0.23499467020155862,0.10874555635647001,resnet32,0.894,0.8942,0.35583385911939497,0.24885483463929797,0.10697902474996888,resnet32,0.8933,0.8948,0.34434082705146546,0.24117109734057027,0.10316972956273028,450000.0,5000.0,1810000.0,152040000.0,1216320000.0
resnet32x8_cifar10_K8_mwmd1_seed0003_d017,d017,resnet32:8,cifar10,8,matched,mwmd1,peers,0,0,1.0,p2p,3,200,64,0.1,0.9,0.0005,True,0,60,0.1,1.0,1,,disagreement,1.0,1,0.0,0.5,weight,complete,0.0,0.0,42,0,45000,5000,10000,3713232,84,0.010000000000000002,1,1.0,121.83,0.8895124999999999,0.00514038848240091,0.8802,0.8966,0.9167,0.02718750000000003,0.8914249999999999,0.9166,0.09762857142857141,0.5802480968879614,0.10076071428571429,0.5742639830815787,0.8895124999999999,resnet32,0.8966,0.8968,0.33499603208408435,0.2272141819015484,0.10778185008728708,resnet32,0.891,0.89,0.34583876715888356,0.24056439330293375,0.10527437377128411,resnet32,0.8952,0.8956,0.34260178795507684,0.23699285826561126,0.10560893005458638,resnet32,0.8802,0.887,0.33386703868481243,0.2300552298441868,0.10381180834321474,resnet32,0.8852,0.8876,0.34633795552971686,0.23454457614570856,0.1117933793628419,resnet32,0.8861,0.8916,0.3397675960494036,0.23449219587597658,0.10527540036921644,resnet32,0.8892,0.8926,0.3558313808911903,0.24599218318789182,0.10983919795200398,resnet32,0.8926,0.8902,0.3393188743344085,0.23594759696755896,0.10337127762613818,450000.0,5000.0,1810000.0,153850000.0,1230800000.0
resnet32x8_cifar10_K8_mwmd1_seed0003_d017,d017,resnet32:8,cifar10,8,matched,mwmd1,peers,0,0,1.0,p2p,3,200,64,0.1,0.9,0.0005,True,0,60,0.1,1.0,1,,disagreement,1.0,1,0.0,0.5,weight,complete,0.0,0.0,42,0,45000,5000,10000,3713232,85,0.010000000000000002,1,1.0,124.13,0.8929875,0.0035047958214424117,0.8876,0.8982,0.9125,0.019512499999999933,0.8980250000000001,0.9196,0.08927142857142856,0.5978384455093784,0.08948928571428573,0.6107636224125139,0.8929875,resnet32,0.8936,0.8998,0.3306390169415284,0.22481036760886622,0.10582864974540743,resnet32,0.8901,0.892,0.3536292993548242,0.2403461299307475,0.11328316858271137,resnet32,0.8977,0.9012,0.34215627487918193,0.23678989884104917,0.10536637584763495,resnet32,0.8876,0.8956,0.33465444269082084,0.22918128004742108,0.10547316298735412,resnet32,0.8982,0.9056,0.33554032299963926,0.22882801142457704,0.10671231136868962,resnet32,0.8947,0.8992,0.33817406719423493,0.23414416504304178,0.10402990187073803,resnet32,0.8914,0.8954,0.3594832880718803,0.24760990384542805,0.11187338474502956,resnet32,0.8906,0.8954,0.3397970719643953,0.2350214326341467,0.10477563934612343,450000.0,5000.0,1810000.0,155660000.0,1245280000.0
resnet32x8_cifar10_K8_mwmd1_seed0003_d017,d017,resnet32:8,cifar10,8,matched,mwmd1,peers,0,0,1.0,p2p,3,200,64,0.1,0.9,0.0005,True,0,60,0.1,1.0,1,,disagreement,1.0,1,0.0,0.5,weight,complete,0.0,0.0,42,0,45000,5000,10000,3713232,86,0.010000000000000002,1,1.0,123.61,0.893375,0.007368810962428057,0.8788,0.9051,0.9162,0.022824999999999984,0.8937499999999999,0.9186,0.09782857142857142,0.5687931184709248,0.095075,0.5804054606444916,0.893375,resnet32,0.9051,0.9056,0.3330352535598319,0.22777626250701194,0.10525899089936336,resnet32,0.8788,0.883,0.3506647749084302,0.24402742811732672,0.10663734638364986,resnet32,0.8913,0.89,0.3458513748535717,0.23416688009588557,0.11168449515455657,resnet32,0.8985,0.897,0.3412480620794337,0.232928234459409,0.10831982714907182,resnet32,0.8931,0.8998,0.3413638650778342,0.2342858875318515,0.10707797850905494,resnet32,0.8918,0.8906,0.33786134919236327,0.23334534180519934,0.10451600670983846,resnet32,0.8892,0.892,0.357702178912322,0.24851973564364016,0.10918244293001904,resnet32,0.8992,0.892,0.3449571758551015,0.2382405495736748,0.10671662612267854,450000.0,5000.0,1810000.0,157470000.0,1259760000.0
resnet32x8_cifar10_K8_mwmd1_seed0003_d017,d017,resnet32:8,cifar10,8,matched,mwmd1,peers,0,0,1.0,p2p,3,200,64,0.1,0.9,0.0005,True,0,60,0.1,1.0,1,,disagreement,1.0,1,0.0,0.5,weight,complete,0.0,0.0,42,0,45000,5000,10000,3713232,87,0.010000000000000002,1,1.0,122.88,0.891025,0.004113620667976073,0.8823,0.8965,0.9144,0.023375000000000035,0.8928,0.917,0.09797142857142856,0.5705332881686126,0.09670357142857143,0.5771762813116357,0.891025,resnet32,0.8945,0.897,0.3337214371104809,0.2272451633100652,0.10647627371575007,resnet32,0.8887,0.883,0.34389103612523864,0.2363334928787398,0.10755754345287145,resnet32,0.8823,0.8826,0.34726974346928974,0.23449188442265784,0.11277785927417096,resnet32,0.8913,0.899,0.3383580517997457,0.230212735530751,0.1081453168140301,resnet32,0.8922,0.8962,0.34178431624207983,0.2338479126655412,0.10793640397340906,resnet32,0.8936,0.894,0.3387251716022464,0.2322510086867789,0.10647416262972084,resnet32,0.8891,0.8908,0.3622595073909245,0.2518998100104826,0.11035969709998673,resnet32,0.8965,0.8998,0.34206784671087836,0.2342711253493855,0.10779672188007018,450000.0,5000.0,1810000.0,159280000.0,1274240000.0
resnet32x8_cifar10_K8_mwmd1_seed0003_d017,d017,resnet32:8,cifar10,8,matched,mwmd1,peers,0,0,1.0,p2p,3,200,64,0.1,0.9,0.0005,True,0,60,0.1,1.0,1,,disagreement,1.0,1,0.0,0.5,weight,complete,0.0,0.0,42,0,45000,5000,10000,3713232,88,0.010000000000000002,1,1.0,123.12,0.891925,0.004036629163051754,0.8858,0.8966,0.9148,0.02287499999999998,0.8960250000000001,0.9192,0.09477142857142859,0.5748893841701467,0.0970428571428571,0.5744476435965424,0.891925,resnet32,0.8961,0.9018,0.33309383326294745,0.22598157050511378,0.10711226302241399,resnet32,0.8923,0.892,0.34711158329578623,0.23750564904714172,0.10960593421160328,resnet32,0.8956,0.897,0.34389580839144235,0.23186884344216774,0.11202696461061185,resnet32,0.8858,0.8984,0.34073923801241274,0.23025619534944947,0.11048304217084395,resnet32,0.8863,0.895,0.3427611533764072,0.2335060709156096,0.10925508236025715,resnet32,0.8933,0.8944,0.33955851111518726,0.22990992010190067,0.109648590256587,resnet32,0.8894,0.8924,0.35501295143992384,0.24504570387811822,0.10996724722314287,resnet32,0.8966,0.8972,0.3422272131270306,0.23679671974175356,0.10543049369748174,450000.0,5000.0,1810000.0,161090000.0,1288720000.0
resnet32x8_cifar10_K8_mwmd1_seed0003_d017,d017,resnet32:8,cifar10,8,matched,mwmd1,peers,0,0,1.0,p2p,3,200,64,0.1,0.9,0.0005,True,0,60,0.1,1.0,1,,disagreement,1.0,1,0.0,0.5,weight,complete,0.0,0.0,42,0,45000,5000,10000,3713232,89,0.010000000000000002,1,1.0,123.01,0.891575,0.006567105526790331,0.88,0.9002,0.9177,0.026124999999999954,0.8926499999999999,0.919,0.10160714285714288,0.5510442777071802,0.10035000000000002,0.5648720054091342,0.891575,resnet32,0.8958,0.9034,0.33472237492572854,0.22628722256261177,0.10843515218849378,resnet32,0.8851,0.8788,0.35026034209030593,0.23967647371517325,0.11058386822696775,resnet32,0.8905,0.8894,0.3431260218547488,0.23652937049998649,0.10659665091555905,resnet32,0.8894,0.894,0.34454880258999765,0.2301187226442959,0.11443008032669737,resnet32,0.9002,0.9018,0.343394787823358,0.23227602731309493,0.11111875975885513,resnet32,0.9,0.899,0.3434460321123796,0.23278542787937279,0.11066060413775797,resnet32,0.88,0.8798,0.3611652888780968,0.2502713967114687,0.11089389164805073,resnet32,0.8916,0.895,0.3489678902339868,0.23825753215615722,0.11071035806195471,450000.0,5000.0,1810000.0,162900000.0,1303200000.0
resnet32x8_cifar10_K8_mwmd1_seed0003_d017,d017,resnet32:8,cifar10,8,matched,mwmd1,peers,0,0,1.0,p2p,3,200,64,0.1,0.9,0.0005,True,0,60,0.1,1.0,1,,disagreement,1.0,1,0.0,0.5,weight,complete,0.0,0.0,42,0,45000,5000,10000,3713232,90,0.010000000000000002,1,1.0,123.34,0.8893625,0.005387006937994402,0.8798,0.8995,0.9141,0.02473750000000008,0.89025,0.9182,0.10308571428571427,0.559739983884713,0.10029642857142855,0.5704100349481206,0.8893625,resnet32,0.8889,0.897,0.3316575476518748,0.2250994004690173,0.10655814739981327,resnet32,0.8923,0.8924,0.3590643582653932,0.24619309246455404,0.11287126585375518,resnet32,0.8798,0.8732,0.3495046727316962,0.23706898411778224,0.11243568838637491,resnet32,0.8851,0.8852,0.3457449880132282,0.2308331532721323,0.11491183482576162,resnet32,0.8995,0.9078,0.3490166622849012,0.23665988209276376,0.11235677922906523,resnet32,0.8883,0.8844,0.33637335941999813,0.23054748350246387,0.10582587581699375,resnet32,0.8886,0.8844,0.35890888213180006,0.24695077219935643,0.1119581102816896,resnet32,0.8924,0.8976,0.3532332481012087,0.24039045035500417,0.1128427981166169,450000.0,5000.0,1810000.0,164710000.0,1317680000.0
resnet32x8_cifar10_K8_mwmd1_seed0003_d017,d017,resnet32:8,cifar10,8,matched,mwmd1,peers,0,0,1.0,p2p,3,200,64,0.1,0.9,0.0005,True,0,60,0.1,1.0,1,,disagreement,1.0,1,0.0,0.5,weight,complete,0.0,0.0,42,0,45000,5000,10000,3713232,91,0.010000000000000002,1,1.0,123.02,0.890425,0.004627566855270685,0.8849,0.9007,0.912,0.02157500000000001,0.8925,0.914,0.09366428571428573,0.585952988726713,0.09603214285714286,0.5828607037147514,0.890425,resnet32,0.8849,0.89,0.3338288027602671,0.22699817300731825,0.10683062989053062,resnet32,0.8909,0.8876,0.34586372205310245,0.23755315113389355,0.10831057111499831,resnet32,0.8869,0.8894,0.34882872962308203,0.2382850352547724,0.11054369421485304,resnet32,0.8922,0.8936,0.3404959451026199,0.22655456685672767,0.11394137799718672,resnet32,0.9007,0.9004,0.34161479995501315,0.22983600360087372,0.1117787956873971,resnet32,0.89,0.8942,0.3346034395931797,0.22769762700508264,0.10690581191606312,resnet32,0.8862,0.8914,0.3582376767457886,0.24767152666622264,0.11056615015894006,resnet32,0.8916,0.8934,0.34025733412074094,0.2315428327366879,0.10871450140521946,450000.0,5000.0,1810000.0,166520000.0,1332160000.0
resnet32x8_cifar10_K8_mwmd1_seed0003_d017,d017,resnet32:8,cifar10,8,matched,mwmd1,peers,0,0,1.0,p2p,3,200,64,0.1,0.9,0.0005,True,0,60,0.1,1.0,1,,disagreement,1.0,1,0.0,0.5,weight,complete,0.0,0.0,42,0,45000,5000,10000,3713232,92,0.010000000000000002,1,1.0,122.99,0.8866499999999999,0.008060086848167352,0.8734,0.896,0.9116,0.024950000000000028,0.8863000000000001,0.913,0.10384285714285714,0.5723420758535889,0.10351428571428574,0.5658380625659151,0.8866499999999999,resnet32,0.8953,0.8958,0.3311821881533516,0.22346382488665933,0.10771836309206927,resnet32,0.888,0.8846,0.3435706187103113,0.23378889633088626,0.10978172247467394,resnet32,0.896,0.8998,0.34050309304571286,0.23216793207261202,0.10833516140701249,resnet32,0.8917,0.8948,0.3388607139191167,0.22407337558582763,0.11478733800520952,resnet32,0.8858,0.8862,0.33556021171071654,0.22624513124835424,0.10931508072165096,resnet32,0.8886,0.8872,0.3336381074252792,0.2261856393200684,0.10745246867141263,resnet32,0.8744,0.871,0.3532724583055824,0.2412547143176198,0.11201774392975494,resnet32,0.8734,0.871,0.3413703334729441,0.23102666697972876,0.11034366634505038,450000.0,5000.0,1810000.0,168330000.0,1346640000.0
resnet32x8_cifar10_K8_mwmd1_seed0003_d017,d017,resnet32:8,cifar10,8,matched,mwmd1,peers,0,0,1.0,p2p,3,200,64,0.1,0.9,0.0005,True,0,60,0.1,1.0,1,,disagreement,1.0,1,0.0,0.5,weight,complete,0.0,0.0,42,0,45000,5000,10000,3713232,93,0.010000000000000002,1,1.0,122.95,0.88975,0.01142278424903491,0.8638,0.9039,0.9215,0.031749999999999945,0.8902749999999999,0.919,0.11241428571428573,0.5238738174787465,0.11064999999999998,0.531362037368037,0.88975,resnet32,0.9021,0.9008,0.32913375925272703,0.2199012546757744,0.10923250452403656,resnet32,0.8638,0.8624,0.3455443707591092,0.23532939014363696,0.11021498055197299,resnet32,0.8931,0.8912,0.33988274102607235,0.22972588744861158,0.11015685369916768,resnet32,0.9039,0.9052,0.33124897129495035,0.22298919789450752,0.10825977325227788,resnet32,0.8899,0.8894,0.3385457650081001,0.22843440288720143,0.11011136200448329,resnet32,0.8891,0.8932,0.3399116013156758,0.22272278610828586,0.11718881529734725,resnet32,0.8877,0.8906,0.3562468297313899,0.24171147075354715,0.1145353584592654,resnet32,0.8884,0.8894,0.34116128118793393,0.2304042227650908,0.1107570580841804,450000.0,5000.0,1810000.0,170140000.0,1361120000.0
resnet32x8_cifar10_K8_mwmd1_seed0003_d017,d017,resnet32:8,cifar10,8,matched,mwmd1,peers,0,0,1.0,p2p,3,200,64,0.1,0.9,0.0005,True,0,60,0.1,1.0,1,,disagreement,1.0,1,0.0,0.5,weight,complete,0.0,0.0,42,0,45000,5000,10000,3713232,94,0.010000000000000002,1,1.0,123.25,0.8865875,0.00852825267859718,0.8756,0.8981,0.9111,0.024512500000000048,0.8868499999999999,0.9154,0.10567857142857143,0.5557358107449243,0.10328571428571429,0.5680010957290687,0.8865875,resnet32,0.8981,0.8994,0.3309793740891936,0.2217469635440714,0.10923241066682915,resnet32,0.8964,0.8912,0.35075199750082736,0.23894168513784694,0.11181031208781694,resnet32,0.8813,0.8812,0.34095237037928944,0.23053339607378637,0.11041897407267243,resnet32,0.8849,0.888,0.33326508485796774,0.22465269363866272,0.10861239140980285,resnet32,0.8959,0.8968,0.3408615746620027,0.23044116620440036,0.11042040845760229,resnet32,0.8756,0.8744,0.3415778731207617,0.22649731900839304,0.11508055396949533,resnet32,0.8844,0.8854,0.3533830562902784,0.24033208475024861,0.11305097154002976,resnet32,0.8761,0.8784,0.3436601136768745,0.23065704826942898,0.1130030655185692,450000.0,5000.0,1810000.0,171950000.0,1375600000.0
resnet32x8_cifar10_K8_mwmd1_seed0003_d017,d017,resnet32:8,cifar10,8,matched,mwmd1,peers,0,0,1.0,p2p,3,200,64,0.1,0.9,0.0005,True,0,60,0.1,1.0,1,,disagreement,1.0,1,0.0,0.5,weight,complete,0.0,0.0,42,0,45000,5000,10000,3713232,95,0.010000000000000002,1,1.0,123.39,0.8942125,0.008695032705516399,0.8789,0.9038,0.9185,0.024287500000000017,0.895675,0.9206,0.09622142857142854,0.5660473265549989,0.09594285714285714,0.5694663791476768,0.8942125,resnet32,0.9026,0.9038,0.32688682862896135,0.2173692978897386,0.109517530427018,resnet32,0.8957,0.8976,0.34282876921563665,0.23232064446942371,0.11050812457688153,resnet32,0.8789,0.8814,0.33653097424063494,0.2271967713445933,0.10933420283254236,resnet32,0.9033,0.9028,0.3284094958904792,0.2193715590666133,0.10903793654341082,resnet32,0.9038,0.9006,0.33396554219705815,0.2243869981770827,0.10957854418930682,resnet32,0.891,0.8892,0.337697278433056,0.22084752675569194,0.11684975193136117,resnet32,0.8836,0.89,0.3533561386972327,0.23911514987280083,0.11424098891438916,resnet32,0.8948,0.9,0.3415394762890752,0.23052297965411775,0.111016496373023,450000.0,5000.0,1810000.0,173760000.0,1390080000.0
resnet32x8_cifar10_K8_mwmd1_seed0003_d017,d017,resnet32:8,cifar10,8,matched,mwmd1,peers,0,0,1.0,p2p,3,200,64,0.1,0.9,0.0005,True,0,60,0.1,1.0,1,,disagreement,1.0,1,0.0,0.5,weight,complete,0.0,0.0,42,0,45000,5000,10000,3713232,96,0.010000000000000002,1,1.0,123.31,0.8891374999999999,0.0055643817041967965,0.8794,0.8984,0.9149,0.025762500000000133,0.890625,0.9194,0.10255,0.5501761357978405,0.10304642857142857,0.5542956225991174,0.8891374999999999,resnet32,0.8894,0.8906,0.3291499543173069,0.21904607869642365,0.11010387546213513,resnet32,0.886,0.884,0.34778717989948665,0.23137438859240236,0.11641279089433904,resnet32,0.8984,0.9,0.3394828006963838,0.22644139337353408,0.1130414076668041,resnet32,0.8882,0.8922,0.3315833807309074,0.22187970191324977,0.10970367896582255,resnet32,0.8954,0.8952,0.3320684299634939,0.22330465682104908,0.10876377296782183,resnet32,0.8794,0.8856,0.3304368355946446,0.2208178217776797,0.10961901409212839,resnet32,0.8909,0.8872,0.35747305445627053,0.2429916919314895,0.114481362874027,resnet32,0.8854,0.8902,0.3450295069170269,0.23361660953907465,0.11141289695991542,450000.0,5000.0,1810000.0,175570000.0,1404560000.0
resnet32x8_cifar10_K8_mwmd1_seed0003_d017,d017,resnet32:8,cifar10,8,matched,mwmd1,peers,0,0,1.0,p2p,3,200,64,0.1,0.9,0.0005,True,0,60,0.1,1.0,1,,disagreement,1.0,1,0.0,0.5,weight,complete,0.0,0.0,42,0,45000,5000,10000,3713232,97,0.010000000000000002,1,1.0,123.18,0.893775,0.007129822929077557,0.8784,0.9025,0.9189,0.025125000000000064,0.8955249999999999,0.9194,0.09873571428571426,0.5501242386692703,0.09907857142857143,0.5578581566618378,0.893775,resnet32,0.8886,0.8922,0.32974042504263873,0.2200947384857996,0.10964568600122054,resnet32,0.8953,0.892,0.3512866321146827,0.23500022290020503,0.11628640853715214,resnet32,0.9025,0.8966,0.340820417993448,0.2278964065269313,0.1129240114770999,resnet32,0.8931,0.8952,0.33629817653193395,0.2244117243575271,0.11188645211884497,resnet32,0.8784,0.8864,0.33368578999811277,0.2241105685349215,0.10957522190239449,resnet32,0.8996,0.8998,0.33791130912405526,0.22656398051714693,0.1113473288053435,resnet32,0.8934,0.8976,0.35786738667891105,0.24174876393623312,0.11611862361050126,resnet32,0.8993,0.9044,0.3465870285660706,0.23502335919659922,0.11156366979279979,450000.0,5000.0,1810000.0,177380000.0,1419040000.0
resnet32x8_cifar10_K8_mwmd1_seed0003_d017,d017,resnet32:8,cifar10,8,matched,mwmd1,peers,0,0,1.0,p2p,3,200,64,0.1,0.9,0.0005,True,0,60,0.1,1.0,1,,disagreement,1.0,1,0.0,0.5,weight,complete,0.0,0.0,42,0,45000,5000,10000,3713232,98,0.010000000000000002,1,1.0,124.41,0.8914375,0.005395353904054867,0.8839,0.9018,0.9195,0.02806249999999999,0.8911499999999999,0.9208,0.10607142857142857,0.5356036092003083,0.10408571428571431,0.5449199406326433,0.8914375,resnet32,0.8922,0.8916,0.3283370040272447,0.21824130854061383,0.11009569601579146,resnet32,0.8852,0.8878,0.3414711422837255,0.22995095169806684,0.11152019078144804,resnet32,0.9018,0.8994,0.3439081164965914,0.2278117641531439,0.11609635238578035,resnet32,0.8935,0.8882,0.3294998548226431,0.21929928941906177,0.11020056537712332,resnet32,0.8921,0.897,0.33015667979436164,0.22063318588135933,0.10952349366429685,resnet32,0.8879,0.8874,0.33181313084523106,0.2220837204632434,0.10972941045077857,resnet32,0.8839,0.8808,0.3518935016737404,0.23772275182206862,0.11417074947596782,resnet32,0.8949,0.897,0.33856177679263055,0.22721698120321063,0.11134479593337429,450000.0,5000.0,1810000.0,179190000.0,1433520000.0
resnet32x8_cifar10_K8_mwmd1_seed0003_d017,d017,resnet32:8,cifar10,8,matched,mwmd1,peers,0,0,1.0,p2p,3,200,64,0.1,0.9,0.0005,True,0,60,0.1,1.0,1,,disagreement,1.0,1,0.0,0.5,weight,complete,0.0,0.0,42,0,45000,5000,10000,3713232,99,0.010000000000000002,1,1.0,124.35,0.8957999999999999,0.007627089877535212,0.8839,0.9068,0.9226,0.026800000000000046,0.8984749999999999,0.9224,0.09817857142857145,0.5451894047658404,0.09686785714285713,0.5631448457502587,0.8957999999999999,resnet32,0.9068,0.9046,0.34364971416917717,0.22473000291607936,0.11891971121605655,resnet32,0.8934,0.895,0.3520846799312329,0.23635990057267586,0.11572477986655114,resnet32,0.8985,0.9058,0.3354779491624372,0.2249370502752506,0.11054089946397157,resnet32,0.9004,0.9102,0.33187954002906656,0.22034804375884545,0.11153149613793092,resnet32,0.9012,0.9022,0.34176268718544056,0.22442399772857738,0.11733868924519894,resnet32,0.8839,0.8864,0.3367066330234097,0.22390349707777865,0.1128031359244646,resnet32,0.898,0.8966,0.3563957508780401,0.2410287494580685,0.1153670016898435,resnet32,0.8842,0.887,0.3407807911915535,0.22967338538728654,0.11110740578310056,450000.0,5000.0,1810000.0,181000000.0,1448000000.0
resnet32x8_cifar10_K8_mwmd1_seed0003_d017,d017,resnet32:8,cifar10,8,matched,mwmd1,peers,0,0,1.0,p2p,3,200,64,0.1,0.9,0.0005,True,0,60,0.1,1.0,1,,disagreement,1.0,1,0.0,0.5,weight,complete,0.0,0.0,42,0,45000,5000,10000,3713232,100,0.010000000000000002,1,1.0,123.9,0.8862125000000001,0.009898034842836235,0.8653,0.8953,0.9184,0.032187499999999925,0.88965,0.9204,0.10895714285714284,0.5351850429766877,0.11278928571428573,0.5299522438714289,0.8862125000000001,resnet32,0.8953,0.9022,0.32459804748015647,0.21569330406121232,0.10890474344011057,resnet32,0.8653,0.8662,0.3435455133545805,0.22989152143286032,0.11365399183176289,resnet32,0.8849,0.891,0.3492507897952402,0.23131328699475323,0.1179375032926063,resnet32,0.8948,0.8974,0.33032537247477606,0.21943815753117882,0.11088721551509066,resnet32,0.8914,0.8918,0.3371706434673714,0.22224778221623803,0.11492286090188744,resnet32,0.8757,0.8868,0.3334258259697394,0.22263922323261134,0.11078660271067003,resnet32,0.8901,0.8884,0.358047174713151,0.24126989905595442,0.11677727647210387,resnet32,0.8922,0.8934,0.3323237566827712,0.22437600794629278,0.1079477496095933,450000.0,5000.0,1810000.0,182810000.0,1462480000.0
resnet32x8_cifar10_K8_mwmd1_seed0003_d017,d017,resnet32:8,cifar10,8,matched,mwmd1,peers,0,0,1.0,p2p,3,200,64,0.1,0.9,0.0005,True,0,60,0.1,1.0,1,,disagreement,1.0,1,0.0,0.5,weight,complete,0.0,0.0,42,0,45000,5000,10000,3713232,101,0.010000000000000002,1,1.0,124.62,0.8917999999999999,0.005529466520379687,0.8836,0.9043,0.9157,0.023900000000000032,0.89465,0.92,0.09967142857142856,0.5598881564462724,0.09814285714285713,0.577570076047628,0.8917999999999999,resnet32,0.9043,0.9082,0.3355605465529317,0.220528560902246,0.11503198543902148,resnet32,0.8836,0.8822,0.3479062123012475,0.23537669036622075,0.1125295217921534,resnet32,0.8913,0.8954,0.3443223711272532,0.22936047138434582,0.11496190028265119,resnet32,0.8942,0.896,0.3304923113689504,0.2171253020430661,0.11336700948463245,resnet32,0.8901,0.894,0.3427997439549389,0.22790304784112694,0.11489669589685615,resnet32,0.8887,0.8942,0.33926924121227453,0.22778935082764787,0.1114798902311701,resnet32,0.892,0.893,0.3591353968632492,0.24126373757396571,0.11787166021531448,resnet32,0.8902,0.8942,0.3504473445302045,0.2309237593276934,0.11952358549884097,450000.0,5000.0,1810000.0,184620000.0,1476960000.0
resnet32x8_cifar10_K8_mwmd1_seed0003_d017,d017,resnet32:8,cifar10,8,matched,mwmd1,peers,0,0,1.0,p2p,3,200,64,0.1,0.9,0.0005,True,0,60,0.1,1.0,1,,disagreement,1.0,1,0.0,0.5,weight,complete,0.0,0.0,42,0,45000,5000,10000,3713232,102,0.010000000000000002,1,1.0,124.17,0.8897125,0.00329485868437479,0.8838,0.8951,0.9147,0.02498749999999994,0.8913249999999999,0.914,0.09960714285714285,0.5727026654907146,0.1009607142857143,0.5673510150584699,0.8897125,resnet32,0.891,0.8894,0.32169059314765036,0.21242394910024648,0.10926664374049076,resnet32,0.8884,0.889,0.3402391718912192,0.22725100596223705,0.11298816581785848,resnet32,0.8895,0.8926,0.3353664422492412,0.22372933242216028,0.11163710966304113,resnet32,0.8868,0.8948,0.3316523884211413,0.21740332543214952,0.11424906300486658,resnet32,0.8951,0.895,0.32605380624194036,0.21757006784901023,0.10848373867867683,resnet32,0.8838,0.8862,0.33624965377913957,0.2222292825516144,0.11402037105819379,resnet32,0.8901,0.8906,0.34392479476942256,0.23270807731684975,0.111216717611321,resnet32,0.893,0.893,0.3367580400822176,0.22499005666891622,0.1117679841647094,450000.0,5000.0,1810000.0,186430000.0,1491440000.0
resnet32x8_cifar10_K8_mwmd1_seed0003_d017,d017,resnet32:8,cifar10,8,matched,mwmd1,peers,0,0,1.0,p2p,3,200,64,0.1,0.9,0.0005,True,0,60,0.1,1.0,1,,disagreement,1.0,1,0.0,0.5,weight,complete,0.0,0.0,42,0,45000,5000,10000,3713232,103,0.010000000000000002,1,1.0,123.86,0.8980375,0.004734431724082606,0.8911,0.9076,0.9223,0.024262499999999965,0.896575,0.925,0.0985357142857143,0.5473484589606821,0.09598928571428571,0.552661863948285,0.8980375,resnet32,0.8949,0.8882,0.33427533020519395,0.21538329105400902,0.11889203937343237,resnet32,0.8911,0.891,0.3418977251276374,0.23068287917836147,0.11121484638847919,resnet32,0.8988,0.8998,0.3321001034822654,0.22094826371705328,0.11115183877039024,resnet32,0.8996,0.8982,0.3299595811404288,0.2166456702927297,0.1133139104614119,resnet32,0.9076,0.908,0.3339205116816712,0.22199518728831952,0.11192532447272573,resnet32,0.9015,0.8974,0.3316826685331762,0.2196721117520197,0.11201055626787076,resnet32,0.8947,0.8926,0.3493132714224471,0.23475915621119467,0.11455411553933201,resnet32,0.8961,0.8974,0.3355083520397205,0.22454604057764466,0.11096231199652803,450000.0,5000.0,1810000.0,188240000.0,1505920000.0
resnet32x8_cifar10_K8_mwmd1_seed0003_d017,d017,resnet32:8,cifar10,8,matched,mwmd1,peers,0,0,1.0,p2p,3,200,64,0.1,0.9,0.0005,True,0,60,0.1,1.0,1,,disagreement,1.0,1,0.0,0.5,weight,complete,0.0,0.0,42,0,45000,5000,10000,3713232,104,0.010000000000000002,1,1.0,124.22,0.8890125,0.008628214980515976,0.8724,0.8998,0.9163,0.02728750000000002,0.8899999999999999,0.9178,0.10491428571428574,0.5647938839347103,0.10276428571428571,0.572615758476335,0.8890125,resnet32,0.8998,0.8992,0.33338985084132716,0.21464526691389355,0.118744583747519,resnet32,0.8724,0.8764,0.3412274556784806,0.22830650716258044,0.11292094834656878,resnet32,0.8869,0.8848,0.335738754958253,0.2226339519362558,0.11310480318603698,resnet32,0.8941,0.8922,0.33036285543560306,0.21744418625762177,0.11291866900335829,resnet32,0.8964,0.902,0.334987780904736,0.22144531717904928,0.11354246323356744,resnet32,0.8811,0.8854,0.3337412286888469,0.2190564212029461,0.11468480740123513,resnet32,0.8857,0.8904,0.3546656373126263,0.23873557828747752,0.11593005941672758,resnet32,0.8957,0.8896,0.3392202733719552,0.22770848033145408,0.11151179286058653,450000.0,5000.0,1810000.0,190050000.0,1520400000.0
resnet32x8_cifar10_K8_mwmd1_seed0003_d017,d017,resnet32:8,cifar10,8,matched,mwmd1,peers,0,0,1.0,p2p,3,200,64,0.1,0.9,0.0005,True,0,60,0.1,1.0,1,,disagreement,1.0,1,0.0,0.5,weight,complete,0.0,0.0,42,0,45000,5000,10000,3713232,105,0.010000000000000002,1,1.0,123.99,0.8843,0.009243646466627786,0.869,0.8968,0.912,0.027700000000000058,0.8853249999999999,0.9156,0.10844285714285717,0.565217401035082,0.10958571428571427,0.55425096210047,0.8843,resnet32,0.8877,0.886,0.33270145461640577,0.2202058402736756,0.11249561454910277,resnet32,0.8968,0.897,0.34378853160887957,0.23129173708994957,0.11249679382572966,resnet32,0.8927,0.8978,0.3418425394708968,0.22726403530263764,0.11457850447517227,resnet32,0.8751,0.8734,0.33125866759060457,0.21689242374321277,0.11436624443476004,resnet32,0.8924,0.9022,0.3342601224695417,0.22245479948734018,0.11180532291341065,resnet32,0.869,0.8684,0.3451705707279457,0.22623021695339543,0.11894035353642804,resnet32,0.8765,0.8782,0.35337969787757506,0.2365223586728627,0.11685733974974771,resnet32,0.8842,0.8796,0.3433125206819651,0.22867600474802946,0.11463651597626846,450000.0,5000.0,1810000.0,191860000.0,1534880000.0
resnet32x8_cifar10_K8_mwmd1_seed0003_d017,d017,resnet32:8,cifar10,8,matched,mwmd1,peers,0,0,1.0,p2p,3,200,64,0.1,0.9,0.0005,True,0,60,0.1,1.0,1,,disagreement,1.0,1,0.0,0.5,weight,complete,0.0,0.0,42,0,45000,5000,10000,3713232,106,0.010000000000000002,1,1.0,124.27,0.8953125,0.0051301650801899015,0.8838,0.9013,0.9229,0.027587500000000098,0.8961250000000001,0.9256,0.10265714285714282,0.5307789181017841,0.10240357142857144,0.5349860868996386,0.8953125,resnet32,0.8981,0.8986,0.32949997643432155,0.21753963942385532,0.11196033648130568,resnet32,0.8938,0.8906,0.3405281662390652,0.2263594734778797,0.11416869262360375,resnet32,0.8919,0.894,0.34063511060296814,0.22569443348964507,0.1149406778223982,resnet32,0.8982,0.8998,0.33209982156668877,0.2165434366959909,0.11555638445795259,resnet32,0.8983,0.8962,0.32986678392626345,0.21839070232288743,0.11147608202670446,resnet32,0.9013,0.9052,0.3493738007435406,0.2281739760867574,0.12119982460386712,resnet32,0.8838,0.8874,0.35988890523598954,0.24074080271053722,0.11914810246724467,resnet32,0.8971,0.8972,0.3433020873820748,0.22922288761897522,0.11407920009117913,450000.0,5000.0,1810000.0,193670000.0,1549360000.0
resnet32x8_cifar10_K8_mwmd1_seed0003_d017,d017,resnet32:8,cifar10,8,matched,mwmd1,peers,0,0,1.0,p2p,3,200,64,0.1,0.9,0.0005,True,0,60,0.1,1.0,1,,disagreement,1.0,1,0.0,0.5,weight,complete,0.0,0.0,42,0,45000,5000,10000,3713232,107,0.010000000000000002,1,1.0,123.81,0.8900250000000001,0.007196136116000018,0.8801,0.9046,0.9168,0.026774999999999882,0.893425,0.9186,0.09831428571428572,0.5654321030378954,0.0998,0.5718072448427042,0.8900250000000001,resnet32,0.9046,0.8992,0.32663198666308413,0.2142909652320668,0.11234102141514252,resnet32,0.8838,0.8906,0.332315301543779,0.22064685288139366,0.11166844895871525,resnet32,0.8873,0.8922,0.3335580751511522,0.22122091027929194,0.11233716455436396,resnet32,0.8928,0.8922,0.3276522438126532,0.21614203391469677,0.11151020986091514,resnet32,0.8888,0.8908,0.3276298990557817,0.21598164438778025,0.1116482546521266,resnet32,0.8961,0.8998,0.32972252974286675,0.2128283837175166,0.11689414602535014,resnet32,0.8801,0.8882,0.34728806180117483,0.2342400271657177,0.11304803536569868,resnet32,0.8867,0.8944,0.3341172390659763,0.22137016262224113,0.11274707661835816,450000.0,5000.0,1810000.0,195480000.0,1563840000.0
resnet32x8_cifar10_K8_mwmd1_seed0003_d017,d017,resnet32:8,cifar10,8,matched,mwmd1,peers,0,0,1.0,p2p,3,200,64,0.1,0.9,0.0005,True,0,60,0.1,1.0,1,,disagreement,1.0,1,0.0,0.5,weight,complete,0.0,0.0,42,0,45000,5000,10000,3713232,108,0.010000000000000002,1,1.0,123.86,0.8921749999999999,0.010675058547848828,0.8652,0.9018,0.9222,0.03002500000000008,0.89395,0.9254,0.10533571428571428,0.5310008395228971,0.10696428571428575,0.529211282492944,0.8921749999999999,resnet32,0.9002,0.9016,0.3223191231108186,0.2090993783309717,0.11321974409193816,resnet32,0.8923,0.8926,0.3348694476510652,0.22039183050351727,0.11447761768200011,resnet32,0.8962,0.8972,0.33330602647567337,0.22197180282620882,0.11133422439028932,resnet32,0.8948,0.897,0.3259101844689047,0.21044288093054836,0.1154673033319837,resnet32,0.8652,0.8662,0.33114345094443043,0.21651913947425783,0.1146243116342124,resnet32,0.9018,0.9032,0.3329241258430887,0.21443009601948274,0.11849402951669287,resnet32,0.8929,0.8968,0.3489822245583954,0.23340551627122544,0.11557670794321563,resnet32,0.894,0.897,0.33696329724890267,0.22352015412285586,0.11344314316837964,450000.0,5000.0,1810000.0,197290000.0,1578320000.0
resnet32x8_cifar10_K8_mwmd1_seed0003_d017,d017,resnet32:8,cifar10,8,matched,mwmd1,peers,0,0,1.0,p2p,3,200,64,0.1,0.9,0.0005,True,0,60,0.1,1.0,1,,disagreement,1.0,1,0.0,0.5,weight,complete,0.0,0.0,42,0,45000,5000,10000,3713232,109,0.010000000000000002,1,1.0,123.94,0.8943375,0.005678894588738196,0.8858,0.905,0.9195,0.025162499999999977,0.8939250000000001,0.9192,0.09838571428571427,0.5597818809790703,0.09920357142857142,0.5565604101841534,0.8943375,resnet32,0.905,0.8988,0.3217464944940399,0.20957091592506252,0.11217557900288905,resnet32,0.8907,0.8904,0.3408162584528327,0.22467555708929218,0.11614070147995582,resnet32,0.8965,0.8976,0.34610439235852525,0.22639683412853628,0.11970755842577835,resnet32,0.8942,0.8938,0.330184003803879,0.21378557894124903,0.11639842519070953,resnet32,0.8972,0.8986,0.33402828994969075,0.21727792994352058,0.1167503598368388,resnet32,0.8858,0.8876,0.32504160242917185,0.21347496516748585,0.11156663736751811,resnet32,0.8882,0.8868,0.35032902704551816,0.23142481613269245,0.11890421102394942,resnet32,0.8971,0.8978,0.3357090604152869,0.22137352245309475,0.11433553782990202,450000.0,5000.0,1810000.0,199100000.0,1592800000.0
resnet32x8_cifar10_K8_mwmd1_seed0003_d017,d017,resnet32:8,cifar10,8,matched,mwmd1,peers,0,0,1.0,p2p,3,200,64,0.1,0.9,0.0005,True,0,60,0.1,1.0,1,,disagreement,1.0,1,0.0,0.5,weight,complete,0.0,0.0,42,0,45000,5000,10000,3713232,110,0.010000000000000002,1,1.0,123.84,0.8814,0.01658259629852938,0.843,0.8961,0.9155,0.03410000000000002,0.8822,0.919,0.11832142857142858,0.5258856243413818,0.12107142857142858,0.518806393733277,0.8814,resnet32,0.8961,0.8878,0.3227005708666349,0.2104952558980916,0.11220531523841518,resnet32,0.8762,0.8784,0.336563436885957,0.2219684471757236,0.11459498971023342,resnet32,0.896,0.895,0.3381577096879482,0.21952350123319775,0.11863420868228952,resnet32,0.8888,0.8922,0.32590486985546624,0.21519085655877876,0.11071401375705715,resnet32,0.882,0.8854,0.3291334041436626,0.21459614555351436,0.11453725843140009,resnet32,0.8944,0.8982,0.32449726392091677,0.21086077438667417,0.11363649007398635,resnet32,0.843,0.8462,0.34812569948421285,0.2313510542417961,0.11677464497254485,resnet32,0.8747,0.8744,0.3350493235471235,0.22320703360971741,0.11184229024431923,450000.0,5000.0,1810000.0,200910000.0,1607280000.0
resnet32x8_cifar10_K8_mwmd1_seed0003_d017,d017,resnet32:8,cifar10,8,matched,mwmd1,peers,0,0,1.0,p2p,3,200,64,0.1,0.9,0.0005,True,0,60,0.1,1.0,1,,disagreement,1.0,1,0.0,0.5,weight,complete,0.0,0.0,42,0,45000,5000,10000,3713232,111,0.010000000000000002,1,1.0,123.73,0.8934375,0.005817632142891131,0.8859,0.9041,0.9189,0.025462500000000055,0.8970750000000001,0.9246,0.10068571428571428,0.5419033886509254,0.09946071428571426,0.5626258086123143,0.8934375,resnet32,0.8993,0.902,0.32763488889163866,0.2139099069701677,0.11372498197438703,resnet32,0.8886,0.8916,0.3411377376495776,0.2261209287151525,0.11501680835764008,resnet32,0.9041,0.9032,0.33563995887313713,0.21981377152472056,0.1158261877373496,resnet32,0.8956,0.9014,0.33036910465241154,0.21768130210693926,0.11268780251901428,resnet32,0.8931,0.897,0.33926914498971944,0.2187536402753639,0.12051550486781211,resnet32,0.8873,0.8976,0.33475980640981684,0.21804534308400683,0.11671446343693374,resnet32,0.8859,0.8926,0.35453837098215113,0.23811367417643356,0.1164246972978369,resnet32,0.8936,0.8912,0.3402100625151599,0.22483979376159946,0.11537026901814071,450000.0,5000.0,1810000.0,202720000.0,1621760000.0
resnet32x8_cifar10_K8_mwmd1_seed0003_d017,d017,resnet32:8,cifar10,8,matched,mwmd1,peers,0,0,1.0,p2p,3,200,64,0.1,0.9,0.0005,True,0,60,0.1,1.0,1,,disagreement,1.0,1,0.0,0.5,weight,complete,0.0,0.0,42,0,45000,5000,10000,3713232,112,0.010000000000000002,1,1.0,123.54,0.8947750000000001,0.00659161399051856,0.8858,0.9049,0.9238,0.029024999999999856,0.89585,0.927,0.10277857142857146,0.5368278344757555,0.10358928571428573,0.5329808223836946,0.8947750000000001,resnet32,0.9049,0.9016,0.32075296708552,0.20740224436899138,0.11335072176403958,resnet32,0.8943,0.8874,0.33619320688938553,0.2206756904276765,0.11551751663633199,resnet32,0.8894,0.8924,0.3337101663716815,0.21758078133941375,0.1161293855720115,resnet32,0.9009,0.9044,0.3253444296265529,0.2125344743994488,0.1128099551318552,resnet32,0.9004,0.9064,0.334242726422169,0.21629696240944957,0.11794576305493881,resnet32,0.8858,0.8898,0.33221304188059136,0.2165765302171084,0.11563651217676868,resnet32,0.8867,0.8878,0.34540064846673474,0.22832224204797635,0.11707840652459046,resnet32,0.8958,0.897,0.3363330441484736,0.22175524319225753,0.11457780107792298,450000.0,5000.0,1810000.0,204530000.0,1636240000.0
resnet32x8_cifar10_K8_mwmd1_seed0003_d017,d017,resnet32:8,cifar10,8,matched,mwmd1,peers,0,0,1.0,p2p,3,200,64,0.1,0.9,0.0005,True,0,60,0.1,1.0,1,,disagreement,1.0,1,0.0,0.5,weight,complete,0.0,0.0,42,0,45000,5000,10000,3713232,113,0.010000000000000002,1,1.0,124.09,0.8986875000000001,0.0043311192260199706,0.892,0.9045,0.921,0.022312499999999957,0.8987,0.9272,0.09612857142857144,0.5529788413332434,0.09355714285714287,0.5658283739215978,0.8986875000000001,resnet32,0.9019,0.9018,0.31754080595617945,0.2058288495648991,0.11171195659765297,resnet32,0.892,0.8908,0.33296891873363743,0.21719707984117453,0.11577183855909177,resnet32,0.8982,0.8924,0.33033181579825893,0.2175801416372203,0.11275167390174995,resnet32,0.9045,0.9074,0.319495500351133,0.20776336852842095,0.11173213211639615,resnet32,0.9036,0.9026,0.3350959707432511,0.21434836987067352,0.1207476007799745,resnet32,0.8977,0.9004,0.32352240903260693,0.20951049947391517,0.11401190975712697,resnet32,0.8927,0.8972,0.34920017869973724,0.2308926562439989,0.11830752207474275,resnet32,0.8989,0.897,0.33078489384867926,0.2148540667258203,0.11593082700776657,450000.0,5000.0,1810000.0,206340000.0,1650720000.0
resnet32x8_cifar10_K8_mwmd1_seed0003_d017,d017,resnet32:8,cifar10,8,matched,mwmd1,peers,0,0,1.0,p2p,3,200,64,0.1,0.9,0.0005,True,0,60,0.1,1.0,1,,disagreement,1.0,1,0.0,0.5,weight,complete,0.0,0.0,42,0,45000,5000,10000,3713232,114,0.010000000000000002,1,1.0,123.87,0.8883,0.009358418669839467,0.8702,0.897,0.9164,0.028100000000000014,0.8891,0.9128,0.10407142857142858,0.5604802035546196,0.10692500000000002,0.5523919463119339,0.8883,resnet32,0.8945,0.896,0.31679498198950157,0.20378409690138968,0.11301088534740054,resnet32,0.8946,0.8972,0.3353238031056456,0.21931924827566202,0.11600455503106456,resnet32,0.8702,0.8718,0.33431399082341656,0.21892459025945177,0.11538940116720782,resnet32,0.8933,0.8942,0.319970868866552,0.2074993586866185,0.11247151042863895,resnet32,0.8915,0.8874,0.32098930001004855,0.21035433288621294,0.11063496699683707,resnet32,0.897,0.899,0.3293220037171109,0.2101617680058222,0.11916023582770405,resnet32,0.8749,0.8762,0.3448948604266413,0.2297118800184266,0.11518298026004975,resnet32,0.8904,0.891,0.32769149262458086,0.21859250403940678,0.10909898880742151,450000.0,5000.0,1810000.0,208150000.0,1665200000.0
resnet32x8_cifar10_K8_mwmd1_seed0003_d017,d017,resnet32:8,cifar10,8,matched,mwmd1,peers,0,0,1.0,p2p,3,200,64,0.1,0.9,0.0005,True,0,60,0.1,1.0,1,,disagreement,1.0,1,0.0,0.5,weight,complete,0.0,0.0,42,0,45000,5000,10000,3713232,115,0.010000000000000002,1,1.0,123.95,0.9022375,0.004140935129895198,0.8966,0.9103,0.925,0.02276250000000002,0.90245,0.9246,0.09134285714285716,0.5635689350220477,0.09160714285714289,0.5629042440553091,0.9022375,resnet32,0.9103,0.9074,0.32185836731117556,0.20763312541583384,0.11422524133972316,resnet32,0.8966,0.9004,0.3430000561797483,0.2214540411527692,0.12154601499522952,resnet32,0.9013,0.903,0.3335282910318876,0.2201303774967197,0.11339791333408687,resnet32,0.9024,0.9068,0.32382318324578757,0.20834463754330168,0.11547854588240046,resnet32,0.9032,0.9004,0.33348535977049987,0.21959464496467263,0.1138907147846608,resnet32,0.9027,0.9032,0.3247532836711881,0.20960302044510504,0.11515026312025095,resnet32,0.8966,0.892,0.3523172202350741,0.23293970439540732,0.1193775159402073,resnet32,0.9048,0.9064,0.3321920711843466,0.21976721147075295,0.11242485998346555,450000.0,5000.0,1810000.0,209960000.0,1679680000.0
resnet32x8_cifar10_K8_mwmd1_seed0003_d017,d017,resnet32:8,cifar10,8,matched,mwmd1,peers,0,0,1.0,p2p,3,200,64,0.1,0.9,0.0005,True,0,60,0.1,1.0,1,,disagreement,1.0,1,0.0,0.5,weight,complete,0.0,0.0,42,0,45000,5000,10000,3713232,116,0.010000000000000002,1,1.0,123.55,0.894925,0.005512202372917747,0.8843,0.9015,0.9185,0.023575000000000013,0.896475,0.921,0.09612142857142857,0.5660339814307246,0.09808571428571429,0.561067746478957,0.894925,resnet32,0.8967,0.8934,0.3190564101519571,0.20567842607852072,0.11337798371360722,resnet32,0.8968,0.8976,0.3390842300882055,0.22067446281752465,0.11840976720718159,resnet32,0.8976,0.9014,0.32603201433084905,0.21403416171034967,0.11199785253583369,resnet32,0.8843,0.8938,0.31743080367926846,0.20579031561712988,0.11164048830026084,resnet32,0.8998,0.901,0.32921178291805764,0.21513331066605382,0.11407847235254436,resnet32,0.9015,0.9036,0.32415602934038773,0.20980463266923008,0.11435139716327698,resnet32,0.8879,0.8828,0.34789316034452483,0.2308834360552613,0.11700972346906466,resnet32,0.8948,0.8982,0.32627961539070716,0.21610045807690106,0.11017915729793128,450000.0,5000.0,1810000.0,211770000.0,1694160000.0
resnet32x8_cifar10_K8_mwmd1_seed0003_d017,d017,resnet32:8,cifar10,8,matched,mwmd1,peers,0,0,1.0,p2p,3,200,64,0.1,0.9,0.0005,True,0,60,0.1,1.0,1,,disagreement,1.0,1,0.0,0.5,weight,complete,0.0,0.0,42,0,45000,5000,10000,3713232,117,0.010000000000000002,1,1.0,123.84,0.8971875,0.0045302973136428825,0.891,0.9025,0.9222,0.025012499999999993,0.8990750000000001,0.925,0.09295714285714284,0.5707384440143713,0.0959785714285714,0.5594673874452964,0.8971875,resnet32,0.9021,0.901,0.3236172152683139,0.20708995179103856,0.11652726323386146,resnet32,0.8948,0.895,0.33381271838549187,0.2144777880854566,0.11933493021536958,resnet32,0.9012,0.9038,0.33382453639271925,0.21850831114517694,0.11531622538512404,resnet32,0.9025,0.9082,0.3172823586712845,0.20335695690433073,0.11392540201036767,resnet32,0.8932,0.895,0.326138294598257,0.21021692068527706,0.1159213738918135,resnet32,0.9005,0.903,0.32804818195290864,0.21175502364481377,0.11629315864146603,resnet32,0.8922,0.8918,0.34379265222444455,0.2265848377190361,0.1172078136164187,resnet32,0.891,0.8948,0.325718753748912,0.21333348857429388,0.11238526487828825,450000.0,5000.0,1810000.0,213580000.0,1708640000.0
resnet32x8_cifar10_K8_mwmd1_seed0003_d017,d017,resnet32:8,cifar10,8,matched,mwmd1,peers,0,0,1.0,p2p,3,200,64,0.1,0.9,0.0005,True,0,60,0.1,1.0,1,,disagreement,1.0,1,0.0,0.5,weight,complete,0.0,0.0,42,0,45000,5000,10000,3713232,118,0.010000000000000002,1,1.0,124.04,0.8870125,0.00622543924153148,0.8773,0.8944,0.915,0.027987500000000054,0.88945,0.9154,0.10514285714285718,0.550488716123311,0.10877499999999998,0.5507919818058445,0.8870125,resnet32,0.8925,0.8946,0.31706034419634804,0.2043508670652624,0.11270947694587945,resnet32,0.8773,0.8806,0.33158400805074384,0.2176730720305138,0.11391093563923443,resnet32,0.8944,0.8958,0.33050836554982443,0.21564464389600538,0.11486372181785885,resnet32,0.8881,0.8908,0.3141137041913515,0.20165783625138414,0.11245586821513082,resnet32,0.8855,0.8932,0.3234148158966987,0.21235111430922354,0.11106370160334998,resnet32,0.8938,0.8966,0.3290675293484872,0.2092512623322281,0.1198162666299719,resnet32,0.878,0.8786,0.34195644556629384,0.22447580701290545,0.11748063927304676,resnet32,0.8865,0.8854,0.32600684804757213,0.21517031007996676,0.11083653825335205,450000.0,5000.0,1810000.0,215390000.0,1723120000.0
resnet32x8_cifar10_K8_mwmd1_seed0003_d017,d017,resnet32:8,cifar10,8,matched,mwmd1,peers,0,0,1.0,p2p,3,200,64,0.1,0.9,0.0005,True,0,60,0.1,1.0,1,,disagreement,1.0,1,0.0,0.5,weight,complete,0.0,0.0,42,0,45000,5000,10000,3713232,119,0.010000000000000002,1,1.0,123.38,0.8982625,0.004090518762944385,0.8919,0.9031,0.9233,0.025037500000000046,0.900425,0.9258,0.09547142857142855,0.5492098122283849,0.09778571428571428,0.5482246671049552,0.8982625,resnet32,0.9028,0.9052,0.3258005522657186,0.21033444881058214,0.1154661042700437,resnet32,0.8975,0.8988,0.3386521738191897,0.22317984668453308,0.11547232709232379,resnet32,0.9006,0.9004,0.33254475506361236,0.21832992813803934,0.1142148270049471,resnet32,0.8923,0.8946,0.330017809396271,0.20878533236894078,0.12123247674158351,resnet32,0.9031,0.9056,0.3348128148142926,0.21529393557416784,0.1195188792983324,resnet32,0.8971,0.8974,0.3314624709204178,0.2148369896458462,0.11662548132748767,resnet32,0.8919,0.8958,0.34889126975427975,0.2314343553523279,0.1174569136029194,resnet32,0.9008,0.9056,0.34076438839970663,0.22220261202363129,0.11856177715394138,450000.0,5000.0,1810000.0,217200000.0,1737600000.0
resnet32x8_cifar10_K8_mwmd1_seed0003_d017,d017,resnet32:8,cifar10,8,matched,mwmd1,peers,0,0,1.0,p2p,3,200,64,0.1,0.9,0.0005,True,0,60,0.1,1.0,1,,disagreement,1.0,1,0.0,0.5,weight,complete,0.0,0.0,42,0,45000,5000,10000,3713232,120,0.0010000000000000002,1,1.0,124.14,0.9210375,0.00233020251265851,0.9182,0.9251,0.9315,0.010462500000000041,0.923075,0.937,0.05945000000000001,0.6412233594888905,0.06085714285714285,0.6498467740879337,0.9210375,resnet32,0.9242,0.924,0.21642654539424588,0.15104174391176042,0.06538480152481828,resnet32,0.9191,0.9222,0.23044653634794734,0.16271898542552002,0.06772755098592659,resnet32,0.9211,0.923,0.22047446081838148,0.15569558387770402,0.06477887682955373,resnet32,0.9197,0.9274,0.23038824313235554,0.15750081762565638,0.0728874254537831,resnet32,0.9216,0.9238,0.22548411109230734,0.15898262471256946,0.06650148670517163,resnet32,0.9251,0.925,0.2248650905570354,0.1566105862042274,0.0682545044559943,resnet32,0.9182,0.919,0.24255533874119548,0.1719964895058762,0.07055884928029793,resnet32,0.9193,0.9202,0.23148400215855378,0.16510142357914115,0.0663825779100245,450000.0,5000.0,1810000.0,219010000.0,1752080000.0
resnet32x8_cifar10_K8_mwmd1_seed0003_d017,d017,resnet32:8,cifar10,8,matched,mwmd1,peers,0,0,1.0,p2p,3,200,64,0.1,0.9,0.0005,True,0,60,0.1,1.0,1,,disagreement,1.0,1,0.0,0.5,weight,complete,0.0,0.0,42,0,45000,5000,10000,3713232,121,0.0010000000000000002,1,1.0,123.94,0.922825,0.0025572201704194496,0.9198,0.927,0.9344,0.011575000000000002,0.926725,0.9394,0.055992857142857136,0.644807702040839,0.05869285714285715,0.6475917623458283,0.922825,resnet32,0.9249,0.9274,0.18334070225881244,0.12877616501116956,0.05456453715768558,resnet32,0.9211,0.9272,0.19411772160939025,0.13823486353662287,0.05588285834793086,resnet32,0.927,0.9296,0.19365721931469373,0.13494401491268285,0.05871320453959263,resnet32,0.9207,0.9288,0.18775440073064106,0.13242842656009915,0.0553259741745106,resnet32,0.9246,0.9286,0.1865431441269307,0.13410713406152686,0.05243600993840532,resnet32,0.9245,0.9288,0.19736152224835346,0.13477816514734348,0.06258335674118082,resnet32,0.9198,0.9208,0.20917445184154945,0.14960671811025927,0.05956773385564289,resnet32,0.92,0.9226,0.19650392543355172,0.14017045200506056,0.05633347351580265,450000.0,5000.0,1810000.0,220820000.0,1766560000.0
resnet32x8_cifar10_K8_mwmd1_seed0003_d017,d017,resnet32:8,cifar10,8,matched,mwmd1,peers,0,0,1.0,p2p,3,200,64,0.1,0.9,0.0005,True,0,60,0.1,1.0,1,,disagreement,1.0,1,0.0,0.5,weight,complete,0.0,0.0,42,0,45000,5000,10000,3713232,122,0.0010000000000000002,1,1.0,124.07,0.9256125000000001,0.001900945488434628,0.9226,0.9278,0.9358,0.010187499999999905,0.9274,0.9404,0.057321428571428565,0.6364443632907084,0.05763928571428571,0.6449353807141479,0.9256125000000001,resnet32,0.927,0.929,0.16647460777312517,0.11560633106273599,0.05086827690353279,resnet32,0.9226,0.9254,0.18377957287752492,0.12750738820018756,0.056272184645587746,resnet32,0.9264,0.9264,0.17442917071589778,0.1225975120217878,0.051831658733797005,resnet32,0.9259,0.9296,0.17085727711144666,0.11933567974483594,0.051521597324277864,resnet32,0.9277,0.9328,0.1711802416142415,0.12168585497949441,0.049494386817307466,resnet32,0.9278,0.9284,0.1809525075051087,0.12356429010502655,0.057388217143439266,resnet32,0.923,0.921,0.19134222984906624,0.13636157716179945,0.05498065284336917,resnet32,0.9245,0.9266,0.1821419267745858,0.12710613431409,0.05503579279122112,450000.0,5000.0,1810000.0,222630000.0,1781040000.0
resnet32x8_cifar10_K8_mwmd1_seed0003_d017,d017,resnet32:8,cifar10,8,matched,mwmd1,peers,0,0,1.0,p2p,3,200,64,0.1,0.9,0.0005,True,0,60,0.1,1.0,1,,disagreement,1.0,1,0.0,0.5,weight,complete,0.0,0.0,42,0,45000,5000,10000,3713232,123,0.0010000000000000002,1,1.0,123.57,0.9253875,0.0017431562609244208,0.9232,0.9286,0.936,0.010612500000000025,0.9276249999999999,0.941,0.055957142857142865,0.6419064284427215,0.058175,0.6434296448604341,0.9253875,resnet32,0.9272,0.9282,0.16038333310279995,0.1112819183300334,0.0491014150029514,resnet32,0.9237,0.926,0.17331267594867808,0.12107069152989425,0.052241984388357116,resnet32,0.9258,0.929,0.1710000151387331,0.1177576100982895,0.053242405178025365,resnet32,0.9253,0.9298,0.16581573851131412,0.11313280334103513,0.05268293508429038,resnet32,0.9256,0.9322,0.16347638617100363,0.11514899598445151,0.0483273902593117,resnet32,0.9286,0.9272,0.17324328212998807,0.11680199602745812,0.05644128600463525,resnet32,0.9237,0.9238,0.18565724508582868,0.13188876774670047,0.053768477257108316,resnet32,0.9232,0.9248,0.1745632923610339,0.12291378033114597,0.05164951213572005,450000.0,5000.0,1810000.0,224440000.0,1795520000.0
resnet32x8_cifar10_K8_mwmd1_seed0003_d017,d017,resnet32:8,cifar10,8,matched,mwmd1,peers,0,0,1.0,p2p,3,200,64,0.1,0.9,0.0005,True,0,60,0.1,1.0,1,,disagreement,1.0,1,0.0,0.5,weight,complete,0.0,0.0,42,0,45000,5000,10000,3713232,124,0.0010000000000000002,1,1.0,120.6,0.9262625,0.0019671918437203857,0.9228,0.9297,0.9362,0.009937500000000044,0.927,0.9418,0.056021428571428576,0.6429183278252681,0.057846428571428556,0.6408168153978366,0.9262625,resnet32,0.9279,0.9252,0.15353484867690978,0.10387747859931551,0.04965737002996982,resnet32,0.9268,0.9248,0.16664537401150234,0.11535274109866639,0.05129263300676195,resnet32,0.9259,0.9282,0.16326024338327857,0.11108899561275559,0.052171247800949706,resnet32,0.9254,0.9286,0.15882565371099522,0.10682001766822809,0.052005635951486925,resnet32,0.927,0.9298,0.15639244654448703,0.10814926159483465,0.04824318498933942,resnet32,0.9297,0.9298,0.1650102743296884,0.1092436297066425,0.05576664477121085,resnet32,0.9246,0.9248,0.17705837785880166,0.1235214623209851,0.053536915582795205,resnet32,0.9228,0.9248,0.1661929882882925,0.11470660621787167,0.05148638219477355,450000.0,5000.0,1810000.0,226250000.0,1810000000.0
resnet32x8_cifar10_K8_mwmd1_seed0003_d017,d017,resnet32:8,cifar10,8,matched,mwmd1,peers,0,0,1.0,p2p,3,200,64,0.1,0.9,0.0005,True,0,60,0.1,1.0,1,,disagreement,1.0,1,0.0,0.5,weight,complete,0.0,0.0,42,0,45000,5000,10000,3713232,125,0.0010000000000000002,1,1.0,120.84,0.925325,0.0014677789343085488,0.923,0.9279,0.9373,0.011975000000000069,0.92765,0.9418,0.05667857142857143,0.6355211797660718,0.0596892857142857,0.6287263996230849,0.925325,resnet32,0.9279,0.9262,0.16145669760457662,0.1030704960047098,0.05838620150726373,resnet32,0.9241,0.9262,0.15807412452043287,0.10854964702263135,0.04952447731259533,resnet32,0.925,0.9312,0.15761496079027315,0.10718843176304786,0.050426528930653476,resnet32,0.9249,0.9306,0.15133777492552658,0.10141082228669389,0.04992695280154955,resnet32,0.9259,0.9306,0.1575145341339521,0.10424766379450871,0.05326687032489148,resnet32,0.927,0.9284,0.15520079823380167,0.10534951391375878,0.04985128450392618,resnet32,0.923,0.9218,0.17378164605576207,0.11955134585944259,0.05423030032331801,resnet32,0.9248,0.9262,0.1627673472182571,0.11075804128565571,0.052009306056954134,450000.0,5000.0,1810000.0,228060000.0,1824480000.0
resnet32x8_cifar10_K8_mwmd1_seed0003_d017,d017,resnet32:8,cifar10,8,matched,mwmd1,peers,0,0,1.0,p2p,3,200,64,0.1,0.9,0.0005,True,0,60,0.1,1.0,1,,disagreement,1.0,1,0.0,0.5,weight,complete,0.0,0.0,42,0,45000,5000,10000,3713232,126,0.0010000000000000002,1,1.0,119.27,0.9265625,0.0020018350956060222,0.9232,0.9288,0.939,0.01243749999999999,0.9286,0.9426,0.05627857142857142,0.6356890742456116,0.058825,0.632456060782495,0.9265625,resnet32,0.9287,0.928,0.14201771558410572,0.09595869960189289,0.04605901579436084,resnet32,0.9262,0.9284,0.15208278251917695,0.1034045359278521,0.048678246546346185,resnet32,0.9267,0.929,0.15341517902826043,0.10174845474962653,0.05166672384207645,resnet32,0.9267,0.9308,0.14616168425841766,0.09729264325737445,0.04886904106851117,resnet32,0.9284,0.9314,0.14408588442231782,0.09874738928523254,0.04533849505771121,resnet32,0.9288,0.93,0.1559198200491003,0.1008612213217103,0.05505859849720516,resnet32,0.9238,0.923,0.16479046115736393,0.11259954468484713,0.05219091670534743,resnet32,0.9232,0.9282,0.15560704791939564,0.10541767602130263,0.050189371748605154,450000.0,5000.0,1810000.0,229870000.0,1838960000.0
resnet32x8_cifar10_K8_mwmd1_seed0003_d017,d017,resnet32:8,cifar10,8,matched,mwmd1,peers,0,0,1.0,p2p,3,200,64,0.1,0.9,0.0005,True,0,60,0.1,1.0,1,,disagreement,1.0,1,0.0,0.5,weight,complete,0.0,0.0,42,0,45000,5000,10000,3713232,127,0.0010000000000000002,1,1.0,121.25,0.92635,0.0020670026608594376,0.923,0.9303,0.9374,0.011050000000000004,0.92835,0.9438,0.056292857142857144,0.6386665495307564,0.05787500000000001,0.6354493985675017,0.92635,resnet32,0.9277,0.93,0.14452099933987483,0.09360419093123214,0.050916808542255734,resnet32,0.9251,0.9242,0.15268138571197845,0.10251269192403098,0.050168693787947465,resnet32,0.9272,0.9284,0.15006019743371077,0.10002985029132105,0.050030347012745384,resnet32,0.9257,0.9308,0.14420668123586272,0.09472254330863837,0.049484137998661026,resnet32,0.927,0.9334,0.1452126165862534,0.09603558530480685,0.04917703116370831,resnet32,0.9303,0.9304,0.15048773823813957,0.09730438146454451,0.053183356728616425,resnet32,0.923,0.924,0.16140981717564334,0.11040966339748014,0.051000153717309746,resnet32,0.9248,0.9256,0.15152879170967604,0.10237092070218007,0.04915787065163551,450000.0,5000.0,1810000.0,231680000.0,1853440000.0
resnet32x8_cifar10_K8_mwmd1_seed0003_d017,d017,resnet32:8,cifar10,8,matched,mwmd1,peers,0,0,1.0,p2p,3,200,64,0.1,0.9,0.0005,True,0,60,0.1,1.0,1,,disagreement,1.0,1,0.0,0.5,weight,complete,0.0,0.0,42,0,45000,5000,10000,3713232,128,0.0010000000000000002,1,1.0,120.58,0.9255875,0.0019016029422568791,0.9228,0.9279,0.9352,0.009612500000000024,0.928125,0.9424,0.05482142857142856,0.645525547488578,0.05839285714285715,0.6405728973722677,0.9255875,resnet32,0.9269,0.929,0.1359081793978641,0.08914865228474479,0.04675952723218044,resnet32,0.9235,0.9262,0.15128489040282808,0.09722586044914681,0.054059030317479155,resnet32,0.9263,0.93,0.14691244020253758,0.09701295246221972,0.049899487604059024,resnet32,0.927,0.9312,0.1501864037920975,0.09236244692477737,0.057823956846153705,resnet32,0.9279,0.9322,0.1386574331184172,0.09282801043115217,0.04582942247560078,resnet32,0.927,0.9282,0.14522966688012026,0.09555350537729365,0.04967616140625482,resnet32,0.9228,0.9248,0.16168931595959954,0.10781514337180521,0.05387417258911724,resnet32,0.9233,0.9234,0.15322447796775537,0.1002620771707205,0.05296240085259673,450000.0,5000.0,1810000.0,233490000.0,1867920000.0
resnet32x8_cifar10_K8_mwmd1_seed0003_d017,d017,resnet32:8,cifar10,8,matched,mwmd1,peers,0,0,1.0,p2p,3,200,64,0.1,0.9,0.0005,True,0,60,0.1,1.0,1,,disagreement,1.0,1,0.0,0.5,weight,complete,0.0,0.0,42,0,45000,5000,10000,3713232,129,0.0010000000000000002,1,1.0,121.26,0.9275,0.002385372088375303,0.924,0.9317,0.9391,0.011600000000000055,0.9289000000000001,0.9432,0.05591428571428573,0.6307242030077383,0.05836071428571428,0.6278725616917967,0.9275,resnet32,0.9286,0.93,0.13889829283156854,0.08769479024340399,0.051203502573612655,resnet32,0.9256,0.9284,0.14559273473092949,0.09671966471995058,0.04887307011813391,resnet32,0.9283,0.9294,0.14063166270286523,0.09326025432991711,0.04737140829886564,resnet32,0.9283,0.9316,0.13676280285951428,0.08942333501975307,0.047339467991894875,resnet32,0.9288,0.9328,0.1414428494383835,0.09039758960716426,0.05104525984709405,resnet32,0.9317,0.9304,0.14662501458290286,0.09286240153067576,0.053762613072070635,resnet32,0.9247,0.9248,0.1551704660735347,0.10464678170551038,0.05052368435347241,resnet32,0.924,0.9238,0.14467396649574352,0.09514397735950876,0.04952998910977675,450000.0,5000.0,1810000.0,235300000.0,1882400000.0
resnet32x8_cifar10_K8_mwmd1_seed0003_d017,d017,resnet32:8,cifar10,8,matched,mwmd1,peers,0,0,1.0,p2p,3,200,64,0.1,0.9,0.0005,True,0,60,0.1,1.0,1,,disagreement,1.0,1,0.0,0.5,weight,complete,0.0,0.0,42,0,45000,5000,10000,3713232,130,0.0010000000000000002,1,1.0,121.75,0.92825,0.0021236760581595346,0.9254,0.9321,0.9377,0.009449999999999958,0.92945,0.9434,0.056,0.6308714633185205,0.058025,0.627949656492172,0.92825,resnet32,0.9299,0.9272,0.13202139375921848,0.08517581235024739,0.04684558142881459,resnet32,0.9272,0.9292,0.14524823405504736,0.0944697704769417,0.05077846345904453,resnet32,0.9279,0.93,0.1409393455198204,0.08974277325482531,0.05119657232452565,resnet32,0.9285,0.9332,0.14382922973758963,0.08833295611177826,0.05549627354908311,resnet32,0.9295,0.933,0.13983410147061062,0.08859656345025128,0.05123753821747166,resnet32,0.9321,0.929,0.13334393749458037,0.0875398160053671,0.045804121473338455,resnet32,0.9254,0.928,0.15395469151818278,0.10173319551871497,0.052221495990207506,resnet32,0.9255,0.926,0.1445634683266028,0.09429606318272735,0.05026740521398923,450000.0,5000.0,1810000.0,237110000.0,1896880000.0
resnet32x8_cifar10_K8_mwmd1_seed0003_d017,d017,resnet32:8,cifar10,8,matched,mwmd1,peers,0,0,1.0,p2p,3,200,64,0.1,0.9,0.0005,True,0,60,0.1,1.0,1,,disagreement,1.0,1,0.0,0.5,weight,complete,0.0,0.0,42,0,45000,5000,10000,3713232,131,0.0010000000000000002,1,1.0,120.93,0.9272,0.001575595125658887,0.9236,0.9291,0.9393,0.0121,0.92935,0.9414,0.05664285714285715,0.6279280299342472,0.05918214285714286,0.6282313454437987,0.9272,resnet32,0.9263,0.9286,0.13290228046455674,0.08270214678222229,0.05020013371540699,resnet32,0.9279,0.9284,0.1402876565328122,0.09208915649849753,0.048198500099136836,resnet32,0.9275,0.9292,0.13390888959243472,0.0868749893323349,0.047033900511451066,resnet32,0.9281,0.9328,0.13071254221722484,0.08441987101898783,0.04629267113076904,resnet32,0.9291,0.9338,0.13678246856645934,0.08756730584851043,0.04921516256316946,resnet32,0.9282,0.9312,0.14130939498797737,0.08706008139415644,0.05424931382797447,resnet32,0.9236,0.9248,0.149487891911783,0.0991345602484547,0.0503533314635702,resnet32,0.9269,0.926,0.13965305077462373,0.09112272939157927,0.04853032146109564,450000.0,5000.0,1810000.0,238920000.0,1911360000.0
resnet32x8_cifar10_K8_mwmd1_seed0003_d017,d017,resnet32:8,cifar10,8,matched,mwmd1,peers,0,0,1.0,p2p,3,200,64,0.1,0.9,0.0005,True,0,60,0.1,1.0,1,,disagreement,1.0,1,0.0,0.5,weight,complete,0.0,0.0,42,0,45000,5000,10000,3713232,132,0.0010000000000000002,1,1.0,120.37,0.9276125000000001,0.002053921554003462,0.9236,0.9296,0.9382,0.010587499999999972,0.9292750000000001,0.9442,0.056764285714285705,0.6282404449540531,0.05874642857142857,0.6263841131153923,0.9276125000000001,resnet32,0.929,0.9306,0.12655339680548588,0.07973664070595987,0.04681675598707939,resnet32,0.9273,0.9304,0.13469785781291482,0.08632828113993375,0.04836957667628832,resnet32,0.9293,0.9294,0.1347037371888291,0.08465146624737165,0.05005227083033374,resnet32,0.9296,0.9294,0.12903331191046163,0.08096647769244472,0.04806683422198561,resnet32,0.9282,0.932,0.1293139728262428,0.08429266140658663,0.04502131131382405,resnet32,0.9289,0.9298,0.1356391605381346,0.08323779199484059,0.05240136851154437,resnet32,0.9236,0.925,0.14406494156520983,0.09464415662329305,0.049420784976312214,resnet32,0.925,0.9276,0.136873654989441,0.08842682184397498,0.048446832995978184,450000.0,5000.0,1810000.0,240730000.0,1925840000.0
resnet32x8_cifar10_K8_mwmd1_seed0003_d017,d017,resnet32:8,cifar10,8,matched,mwmd1,peers,0,0,1.0,p2p,3,200,64,0.1,0.9,0.0005,True,0,60,0.1,1.0,1,,disagreement,1.0,1,0.0,0.5,weight,complete,0.0,0.0,42,0,45000,5000,10000,3713232,133,0.0010000000000000002,1,1.0,120.95,0.9282375,0.001517347603550364,0.9256,0.9301,0.9396,0.011362499999999942,0.9293750000000001,0.9436,0.056792857142857145,0.6294867148827142,0.058764285714285706,0.6225425417528608,0.9282375,resnet32,0.9301,0.9312,0.12489348304436797,0.07784638140583411,0.04704710201423785,resnet32,0.9275,0.929,0.13733997155742889,0.08633563738707876,0.0510043341399234,resnet32,0.9285,0.929,0.12912247057432646,0.08334417333456011,0.04577829727283891,resnet32,0.9291,0.9332,0.12527642604916103,0.07859541571286338,0.04668101032042283,resnet32,0.9291,0.9302,0.1293302255190528,0.08348126776664602,0.04584895784500986,resnet32,0.9297,0.928,0.13620658999372443,0.0830025823194195,0.05320400726420551,resnet32,0.9256,0.9268,0.14520253044214437,0.09443728907816959,0.05076524120390373,resnet32,0.9263,0.9276,0.1367755615872077,0.08662176235653037,0.050153799243906345,450000.0,5000.0,1810000.0,242540000.0,1940320000.0
resnet32x8_cifar10_K8_mwmd1_seed0003_d017,d017,resnet32:8,cifar10,8,matched,mwmd1,peers,0,0,1.0,p2p,3,200,64,0.1,0.9,0.0005,True,0,60,0.1,1.0,1,,disagreement,1.0,1,0.0,0.5,weight,complete,0.0,0.0,42,0,45000,5000,10000,3713232,134,0.0010000000000000002,1,1.0,120.95,0.9273750000000001,0.0016731332881752055,0.9239,0.9301,0.9384,0.011024999999999952,0.9292,0.9418,0.056285714285714286,0.6322151412431093,0.05924999999999999,0.6237725165446861,0.9273750000000001,resnet32,0.9278,0.9294,0.12533429107861593,0.07603784196544439,0.04929644910258834,resnet32,0.9262,0.9268,0.13084850498390468,0.08340865340274335,0.04743985146474601,resnet32,0.9276,0.9322,0.12581339715027504,0.08097772475660102,0.04483567236986181,resnet32,0.9281,0.9314,0.12251401841587556,0.07719166137923655,0.045322357215230695,resnet32,0.9282,0.9336,0.1295600997506302,0.07972454690289768,0.04983555311892732,resnet32,0.9301,0.9278,0.13343538276703013,0.08205500784838064,0.0513803749345243,resnet32,0.9239,0.9258,0.14133821809346872,0.09282924689151431,0.048508971090830695,resnet32,0.9271,0.9266,0.13321224703262982,0.08487604600932999,0.04833620126274499,450000.0,5000.0,1810000.0,244350000.0,1954800000.0
resnet32x8_cifar10_K8_mwmd1_seed0003_d017,d017,resnet32:8,cifar10,8,matched,mwmd1,peers,0,0,1.0,p2p,3,200,64,0.1,0.9,0.0005,True,0,60,0.1,1.0,1,,disagreement,1.0,1,0.0,0.5,weight,complete,0.0,0.0,42,0,45000,5000,10000,3713232,135,0.0010000000000000002,1,1.0,120.33,0.9283875,0.0017083892267279028,0.9258,0.9319,0.9406,0.01221249999999996,0.928975,0.9424,0.05806428571428569,0.6201819889959576,0.05872857142857143,0.6251295451967838,0.9283875,resnet32,0.9296,0.9292,0.11700280407570642,0.07366085657320748,0.04334194750382184,resnet32,0.9271,0.9296,0.13941730255134066,0.08236479304667393,0.057052509488791904,resnet32,0.9288,0.928,0.12859070356088606,0.07924430454626087,0.049346398992135866,resnet32,0.9282,0.9292,0.11639418931339275,0.0731967691019897,0.0431974202722565,resnet32,0.9283,0.9338,0.1242132783624005,0.07712156091160564,0.04709171738464978,resnet32,0.9319,0.9314,0.12464689908401025,0.07828782365752639,0.04635907550850375,resnet32,0.9258,0.9252,0.14304987055418844,0.08916266878209585,0.053887201683458195,resnet32,0.9274,0.9254,0.12946758982831275,0.08175360618836501,0.04771398369286379,450000.0,5000.0,1810000.0,246160000.0,1969280000.0
resnet32x8_cifar10_K8_mwmd1_seed0003_d017,d017,resnet32:8,cifar10,8,matched,mwmd1,peers,0,0,1.0,p2p,3,200,64,0.1,0.9,0.0005,True,0,60,0.1,1.0,1,,disagreement,1.0,1,0.0,0.5,weight,complete,0.0,0.0,42,0,45000,5000,10000,3713232,136,0.0010000000000000002,1,1.0,120.45,0.9285375,0.0010711413305441887,0.927,0.9307,0.9399,0.011362499999999942,0.9292,0.9446,0.05848571428571429,0.6123632419919602,0.058025,0.6233369552401251,0.9285375,resnet32,0.9295,0.9318,0.12772693558839487,0.07272353854072704,0.055003397046344944,resnet32,0.9281,0.9282,0.12676188148642806,0.07994108436502177,0.0468207969533978,resnet32,0.9288,0.9298,0.12577976119990292,0.07662593064808541,0.04915383047905793,resnet32,0.9278,0.9316,0.12098689697714607,0.07224540487566794,0.04874149189642842,resnet32,0.9285,0.9318,0.12447509246042253,0.07704829842391932,0.04742679389098405,resnet32,0.9307,0.93,0.12382783767216923,0.07637175185796381,0.04745608580825236,resnet32,0.927,0.9236,0.13817979076834905,0.08805617145315575,0.050123619092945854,resnet32,0.9279,0.9268,0.128237566617,0.08064575368453833,0.04759181300786705,450000.0,5000.0,1810000.0,247970000.0,1983760000.0
resnet32x8_cifar10_K8_mwmd1_seed0003_d017,d017,resnet32:8,cifar10,8,matched,mwmd1,peers,0,0,1.0,p2p,3,200,64,0.1,0.9,0.0005,True,0,60,0.1,1.0,1,,disagreement,1.0,1,0.0,0.5,weight,complete,0.0,0.0,42,0,45000,5000,10000,3713232,137,0.0010000000000000002,1,1.0,120.47,0.9279875,0.0013166600738231556,0.9259,0.9298,0.9403,0.01231250000000006,0.9294,0.9454,0.05887142857142856,0.6104913653393441,0.05920000000000001,0.6206373399906584,0.9279875,resnet32,0.9286,0.9294,0.12056742180456323,0.0732005076107188,0.04736691414357417,resnet32,0.9261,0.9308,0.1262691112774932,0.08032776531234215,0.04594134561193641,resnet32,0.9292,0.9296,0.13599166422235695,0.07933211444337344,0.05665954973003615,resnet32,0.9286,0.933,0.11959852649703283,0.07343405360271307,0.04616447305174502,resnet32,0.9283,0.9334,0.12142925232183188,0.07620634508467364,0.045222907208054414,resnet32,0.9298,0.9308,0.1256640078182417,0.07666471602120013,0.04899929188699885,resnet32,0.9259,0.9232,0.14364841354968536,0.08986989233579318,0.053778521295912055,resnet32,0.9274,0.925,0.12828291749941523,0.0807131985519928,0.047569719127337026,450000.0,5000.0,1810000.0,249780000.0,1998240000.0
resnet32x8_cifar10_K8_mwmd1_seed0003_d017,d017,resnet32:8,cifar10,8,matched,mwmd1,peers,0,0,1.0,p2p,3,200,64,0.1,0.9,0.0005,True,0,60,0.1,1.0,1,,disagreement,1.0,1,0.0,0.5,weight,complete,0.0,0.0,42,0,45000,5000,10000,3713232,138,0.0010000000000000002,1,1.0,121.22,0.9289875000000001,0.0016510886560085138,0.9258,0.9307,0.9398,0.010812499999999892,0.929325,0.9448,0.058121428571428595,0.6193544316045726,0.058817857142857144,0.618595191991747,0.9289875000000001,resnet32,0.9305,0.9298,0.11592367412628267,0.07022484714980237,0.045698826981771905,resnet32,0.9273,0.9294,0.12618234019133856,0.07831814170772718,0.047864198586797684,resnet32,0.9305,0.9292,0.13370877859415486,0.07737982040535743,0.056328958191443235,resnet32,0.9298,0.9314,0.11947810147169301,0.07078300618344326,0.04869509522607338,resnet32,0.9291,0.9332,0.12252601829823107,0.07365609525533562,0.048869923208258115,resnet32,0.9307,0.9298,0.11725821739210832,0.07261763374712742,0.0446405838288642,resnet32,0.9258,0.9248,0.13956281446470795,0.08638311646328392,0.05317969795776827,resnet32,0.9282,0.927,0.12532972791549665,0.07734204065425067,0.047987687421317045,450000.0,5000.0,1810000.0,251590000.0,2012720000.0
resnet32x8_cifar10_K8_mwmd1_seed0003_d017,d017,resnet32:8,cifar10,8,matched,mwmd1,peers,0,0,1.0,p2p,3,200,64,0.1,0.9,0.0005,True,0,60,0.1,1.0,1,,disagreement,1.0,1,0.0,0.5,weight,complete,0.0,0.0,42,0,45000,5000,10000,3713232,139,0.0010000000000000002,1,1.0,121.09,0.927625,0.001901150967177508,0.923,0.9293,0.9397,0.012074999999999947,0.9286749999999999,0.9428,0.058942857142857144,0.6164244694651765,0.06040714285714286,0.6139382013301727,0.927625,resnet32,0.9285,0.9322,0.11480048105692152,0.0681278495493726,0.046672631507548926,resnet32,0.928,0.9282,0.11888295649127527,0.07387970832959664,0.04500324808098164,resnet32,0.9293,0.9298,0.11940867051122371,0.07502945625508967,0.04437921418602028,resnet32,0.9275,0.9302,0.11484729856866496,0.06841296685161069,0.04643433165620081,resnet32,0.929,0.9288,0.11899325443664566,0.0712397320497654,0.04775352246096273,resnet32,0.9288,0.931,0.12405365423976698,0.07116414616096088,0.05288950790021441,resnet32,0.923,0.9238,0.13109999367522754,0.08238461561003615,0.048715377920995125,resnet32,0.9269,0.9254,0.12262377401136539,0.07618325521418062,0.04644051858684344,450000.0,5000.0,1810000.0,253400000.0,2027200000.0
resnet32x8_cifar10_K8_mwmd1_seed0003_d017,d017,resnet32:8,cifar10,8,matched,mwmd1,peers,0,0,1.0,p2p,3,200,64,0.1,0.9,0.0005,True,0,60,0.1,1.0,1,,disagreement,1.0,1,0.0,0.5,weight,complete,0.0,0.0,42,0,45000,5000,10000,3713232,140,0.0010000000000000002,1,1.0,120.4,0.927875,0.0019746835189467806,0.9236,0.9303,0.9398,0.011924999999999963,0.930175,0.945,0.057221428571428576,0.6227432365839626,0.059164285714285725,0.6237026886892834,0.927875,resnet32,0.9296,0.9304,0.11260575756684622,0.06611367281716825,0.04649208472189705,resnet32,0.9265,0.929,0.11728979310613465,0.07197439227919941,0.04531540088117419,resnet32,0.9291,0.9316,0.11868765052217482,0.07114783334228295,0.04753981705157044,resnet32,0.9275,0.9364,0.1210420908914371,0.06743223459819671,0.05360985599426468,resnet32,0.9278,0.9314,0.1158236001343043,0.0703976273282685,0.045425972664485344,resnet32,0.9303,0.9328,0.11486356145575304,0.06900830180860464,0.04585525956909722,resnet32,0.9236,0.9248,0.12947484479941937,0.08074189844774082,0.04873294648132287,resnet32,0.9286,0.925,0.12067263494563205,0.07386501766582527,0.04680761701654939,450000.0,5000.0,1810000.0,255210000.0,2041680000.0
resnet32x8_cifar10_K8_mwmd1_seed0003_d017,d017,resnet32:8,cifar10,8,matched,mwmd1,peers,0,0,1.0,p2p,3,200,64,0.1,0.9,0.0005,True,0,60,0.1,1.0,1,,disagreement,1.0,1,0.0,0.5,weight,complete,0.0,0.0,42,0,45000,5000,10000,3713232,141,0.0010000000000000002,1,1.0,120.37,0.92805,0.0025204166322257103,0.9236,0.9305,0.9394,0.011349999999999971,0.9293,0.9448,0.05921428571428571,0.6106110877612385,0.060017857142857144,0.6127642526874463,0.92805,resnet32,0.9299,0.9308,0.12082808866927569,0.06629339863271029,0.05453469000746158,resnet32,0.9243,0.9262,0.12172111520670693,0.07205792911356018,0.04966318619765595,resnet32,0.9288,0.929,0.12023134351792661,0.07113417010061146,0.04909717368718702,resnet32,0.929,0.933,0.1142467540604147,0.06782972220125058,0.04641703190546567,resnet32,0.9305,0.932,0.11568896515316075,0.06948040857572448,0.046208556353865955,resnet32,0.9305,0.9296,0.11827929974110289,0.07013283124913207,0.048146468556792985,resnet32,0.9236,0.9258,0.13006126847308638,0.08012795343132563,0.049933314894918694,resnet32,0.9278,0.928,0.1203074235077524,0.07342419982490934,0.046883223364023834,450000.0,5000.0,1810000.0,257020000.0,2056160000.0
resnet32x8_cifar10_K8_mwmd1_seed0003_d017,d017,resnet32:8,cifar10,8,matched,mwmd1,peers,0,0,1.0,p2p,3,200,64,0.1,0.9,0.0005,True,0,60,0.1,1.0,1,,disagreement,1.0,1,0.0,0.5,weight,complete,0.0,0.0,42,0,45000,5000,10000,3713232,142,0.0010000000000000002,1,1.0,123.74,0.9279375000000001,0.0028088865676634254,0.9228,0.9313,0.9393,0.011362499999999942,0.92945,0.9458,0.058942857142857144,0.6130358984628538,0.06050714285714287,0.6151459791191052,0.9279375000000001,resnet32,0.9306,0.931,0.11376043019646948,0.06824012206793255,0.04552030806900637,resnet32,0.9253,0.927,0.11716093084330416,0.0718994511460716,0.045261479858626524,resnet32,0.9264,0.9296,0.1145467061618216,0.07062915392055981,0.04391755234973971,resnet32,0.9309,0.9348,0.11083018858334981,0.06608651847636793,0.04474366991516118,resnet32,0.9284,0.9308,0.11625633772399108,0.06836229583132081,0.0478940418331397,resnet32,0.9313,0.93,0.12456640784247694,0.06975944648597347,0.05480696132872254,resnet32,0.9228,0.9234,0.13303246194052257,0.08158388950025917,0.05144857221140145,resnet32,0.9278,0.929,0.11832608460364016,0.07183557919977995,0.04649050524511205,450000.0,5000.0,1810000.0,258830000.0,2070640000.0
resnet32x8_cifar10_K8_mwmd1_seed0003_d017,d017,resnet32:8,cifar10,8,matched,mwmd1,peers,0,0,1.0,p2p,3,200,64,0.1,0.9,0.0005,True,0,60,0.1,1.0,1,,disagreement,1.0,1,0.0,0.5,weight,complete,0.0,0.0,42,0,45000,5000,10000,3713232,143,0.0010000000000000002,1,1.0,123.43,0.9283250000000001,0.002038841582860233,0.9253,0.9321,0.9402,0.011874999999999969,0.9293,0.9452,0.05872857142857143,0.6140941422310316,0.059028571428571444,0.6187572938989828,0.9283250000000001,resnet32,0.9299,0.9322,0.11972253098131412,0.0638083709557329,0.05591415998986287,resnet32,0.9265,0.925,0.11962975516640158,0.06926152015380053,0.05036823513563087,resnet32,0.9267,0.9302,0.11689341541866517,0.06910906543436629,0.047784349948580544,resnet32,0.9294,0.932,0.11157040164372037,0.06306979251729156,0.04850060898090967,resnet32,0.9287,0.9344,0.11730151235083626,0.06768896190095058,0.04961255040622994,resnet32,0.9321,0.9292,0.115794731028886,0.06834977862705603,0.047444952446808616,resnet32,0.9253,0.925,0.12950710370734503,0.07874991141513667,0.050757191952222704,resnet32,0.928,0.9264,0.11704802675045688,0.07133309298263736,0.04571493371490347,450000.0,5000.0,1810000.0,260640000.0,2085120000.0
resnet32x8_cifar10_K8_mwmd1_seed0003_d017,d017,resnet32:8,cifar10,8,matched,mwmd1,peers,0,0,1.0,p2p,3,200,64,0.1,0.9,0.0005,True,0,60,0.1,1.0,1,,disagreement,1.0,1,0.0,0.5,weight,complete,0.0,0.0,42,0,45000,5000,10000,3713232,144,0.0010000000000000002,1,1.0,120.79,0.9270875000000001,0.002063030234872958,0.9242,0.9298,0.9387,0.011612499999999915,0.9282999999999999,0.943,0.05863571428571428,0.616672594751658,0.06141428571428571,0.6111502132265644,0.9270875000000001,resnet32,0.9293,0.9294,0.10913664170022291,0.0650027066717898,0.044133934908049094,resnet32,0.9266,0.9266,0.11516468637009067,0.0689200639502484,0.046244622229344466,resnet32,0.9268,0.9298,0.1183340181437829,0.0692866434586573,0.04904737462824083,resnet32,0.9264,0.9312,0.1113140683261339,0.06375600869333456,0.04755805972540243,resnet32,0.9298,0.9334,0.12323218386154622,0.06702510155578652,0.05620708209012677,resnet32,0.9293,0.9284,0.11113883099328219,0.06658505509469913,0.04455377594356171,resnet32,0.9243,0.9224,0.13023368051720105,0.07750797383116813,0.05272570672836578,resnet32,0.9242,0.9252,0.11932751905194229,0.07085238215354779,0.048475137202661826,450000.0,5000.0,1810000.0,262450000.0,2099600000.0
resnet32x8_cifar10_K8_mwmd1_seed0003_d017,d017,resnet32:8,cifar10,8,matched,mwmd1,peers,0,0,1.0,p2p,3,200,64,0.1,0.9,0.0005,True,0,60,0.1,1.0,1,,disagreement,1.0,1,0.0,0.5,weight,complete,0.0,0.0,42,0,45000,5000,10000,3713232,145,0.0010000000000000002,1,1.0,120.64,0.9274374999999999,0.0025297912463284424,0.9228,0.9299,0.9409,0.013462500000000044,0.92875,0.9454,0.05886428571428571,0.6166104406502229,0.060049999999999985,0.621008782760341,0.9274374999999999,resnet32,0.9295,0.9328,0.10603576060119932,0.06205998910114762,0.04397577162440443,resnet32,0.9282,0.9266,0.11980463366754437,0.06790304280664052,0.05190159092308022,resnet32,0.9295,0.931,0.10895871286365119,0.06464689774491655,0.04431181520075453,resnet32,0.9242,0.932,0.10612733628262173,0.061525116113691845,0.04460222011204513,resnet32,0.9299,0.9308,0.10651659262260761,0.06388012863780287,0.042636464172656735,resnet32,0.9291,0.9286,0.11866812693187967,0.0654355957495599,0.05323253138604658,resnet32,0.9228,0.922,0.12407788704678585,0.07450592347727665,0.04957196390949486,resnet32,0.9263,0.9262,0.11856439017785968,0.06801884232316463,0.05054554787586147,450000.0,5000.0,1810000.0,264260000.0,2114080000.0
resnet32x8_cifar10_K8_mwmd1_seed0003_d017,d017,resnet32:8,cifar10,8,matched,mwmd1,peers,0,0,1.0,p2p,3,200,64,0.1,0.9,0.0005,True,0,60,0.1,1.0,1,,disagreement,1.0,1,0.0,0.5,weight,complete,0.0,0.0,42,0,45000,5000,10000,3713232,146,0.0010000000000000002,1,1.0,120.38,0.9289625,0.0021546098834823936,0.9247,0.9314,0.941,0.012037499999999923,0.9296,0.9452,0.05916428571428572,0.6098444080767684,0.05977857142857142,0.6115921716857794,0.9289625,resnet32,0.9306,0.9318,0.10529176860158755,0.05950324110083536,0.04578852747561706,resnet32,0.9293,0.9264,0.1091204440268815,0.06492508522933349,0.044195358827974734,resnet32,0.9302,0.9304,0.11185648472217674,0.06403493425353769,0.04782155052684671,resnet32,0.9294,0.9326,0.10874346072722058,0.061813470978946,0.046929989772086796,resnet32,0.9299,0.9318,0.11030957166539421,0.06269369457996535,0.04761587726269764,resnet32,0.9314,0.9306,0.11488564234671438,0.06311163689877669,0.05177400542412546,resnet32,0.9247,0.9264,0.12166701962070708,0.07280404591636563,0.04886297363158188,resnet32,0.9262,0.9268,0.11147198820253834,0.06631787153045562,0.045154116637687286,450000.0,5000.0,1810000.0,266070000.0,2128560000.0
resnet32x8_cifar10_K8_mwmd1_seed0003_d017,d017,resnet32:8,cifar10,8,matched,mwmd1,peers,0,0,1.0,p2p,3,200,64,0.1,0.9,0.0005,True,0,60,0.1,1.0,1,,disagreement,1.0,1,0.0,0.5,weight,complete,0.0,0.0,42,0,45000,5000,10000,3713232,147,0.0010000000000000002,1,1.0,120.4,0.9289000000000001,0.002318404623873935,0.9243,0.932,0.9419,0.0129999999999999,0.9289499999999999,0.9426,0.05945,0.6156957832484162,0.05950357142857141,0.6167769404275477,0.9289000000000001,resnet32,0.9313,0.9302,0.10291120422400789,0.059279490073095076,0.043631714094028044,resnet32,0.9286,0.9252,0.11527897035491398,0.06557785404121122,0.04970111642614938,resnet32,0.9301,0.9306,0.11208545820078473,0.06286500314771812,0.04922045478650199,resnet32,0.9276,0.9318,0.10344570598020007,0.05964715831876013,0.043798547634981914,resnet32,0.932,0.9342,0.10440386963256804,0.060875158771523274,0.04352871073272333,resnet32,0.9299,0.9326,0.10572432617085394,0.06319342634841715,0.04253089964847525,resnet32,0.9243,0.9214,0.12574801935327493,0.07287906839866826,0.05286895079585851,resnet32,0.9274,0.9256,0.12071949600464325,0.06549349795915821,0.05522599805606825,450000.0,5000.0,1810000.0,267880000.0,2143040000.0
resnet32x8_cifar10_K8_mwmd1_seed0003_d017,d017,resnet32:8,cifar10,8,matched,mwmd1,peers,0,0,1.0,p2p,3,200,64,0.1,0.9,0.0005,True,0,60,0.1,1.0,1,,disagreement,1.0,1,0.0,0.5,weight,complete,0.0,0.0,42,0,45000,5000,10000,3713232,148,0.0010000000000000002,1,1.0,119.75,0.9284,0.0019183326093250848,0.9246,0.9309,0.9414,0.013000000000000012,0.92785,0.9438,0.06215714285714286,0.600619160621948,0.06078928571428571,0.6079450332928608,0.9284,resnet32,0.9309,0.9296,0.10213902406659062,0.058996548537503586,0.04314247528831898,resnet32,0.9301,0.9274,0.11339773718183013,0.06555039099078964,0.047847346250571056,resnet32,0.927,0.9278,0.11117612887226808,0.06229036756981672,0.04888576126673301,resnet32,0.9292,0.9326,0.11497189369137314,0.06028174961895936,0.05469014410019471,resnet32,0.9293,0.9304,0.11043371977178719,0.06230377319099551,0.04812994655168785,resnet32,0.9291,0.928,0.10396769050170075,0.06177700962606733,0.042190680830654775,resnet32,0.9246,0.9236,0.12142714302436533,0.07225442786743357,0.049172715306419625,resnet32,0.927,0.9234,0.11310665219471874,0.06690576321985149,0.04620088901323139,450000.0,5000.0,1810000.0,269690000.0,2157520000.0
resnet32x8_cifar10_K8_mwmd1_seed0003_d017,d017,resnet32:8,cifar10,8,matched,mwmd1,peers,0,0,1.0,p2p,3,200,64,0.1,0.9,0.0005,True,0,60,0.1,1.0,1,,disagreement,1.0,1,0.0,0.5,weight,complete,0.0,0.0,42,0,45000,5000,10000,3713232,149,0.0010000000000000002,1,1.0,120.49,0.9293625000000001,0.001299939902457026,0.927,0.9312,0.9416,0.012237499999999901,0.93025,0.944,0.0573642857142857,0.6202875048202563,0.06002857142857144,0.6099080722235518,0.9293625000000001,resnet32,0.9289,0.9312,0.10243998662653295,0.05716885875286111,0.045271128035727255,resnet32,0.9291,0.9312,0.1079125995694829,0.06217275100987701,0.04573984867998992,resnet32,0.9285,0.9288,0.1054919355083257,0.0615517249455231,0.04394021061174995,resnet32,0.9307,0.9358,0.10531059575838629,0.05948493386544711,0.045825661943209445,resnet32,0.9312,0.9332,0.1086601393762976,0.06111883929803629,0.04754129980706652,resnet32,0.9306,0.93,0.11369858065683563,0.06108089005283546,0.05261769067940556,resnet32,0.927,0.9278,0.11924128638665107,0.07050248485095588,0.04873880156479903,resnet32,0.9289,0.924,0.1112730402330106,0.06468947695314207,0.04658356331294106,450000.0,5000.0,1810000.0,271500000.0,2172000000.0
resnet32x8_cifar10_K8_mwmd1_seed0003_d017,d017,resnet32:8,cifar10,8,matched,mwmd1,peers,0,0,1.0,p2p,3,200,64,0.1,0.9,0.0005,True,0,60,0.1,1.0,1,,disagreement,1.0,1,0.0,0.5,weight,complete,0.0,0.0,42,0,45000,5000,10000,3713232,150,0.0010000000000000002,1,1.0,120.65,0.9288000000000001,0.0020988091861815173,0.9239,0.9307,0.9411,0.012299999999999978,0.9272499999999999,0.9422,0.06082857142857142,0.6130661894421072,0.0609392857142857,0.603597120772905,0.9288000000000001,resnet32,0.9306,0.9288,0.10026137275748294,0.05606087740902281,0.04420049549927088,resnet32,0.9276,0.927,0.10872910104940688,0.06277232624812644,0.045956774842290375,resnet32,0.9292,0.9288,0.10937851465529423,0.06005372739111243,0.049324787192745134,resnet32,0.9307,0.9274,0.10505345243357377,0.057853610736360264,0.047199841785847886,resnet32,0.9298,0.9306,0.10201557576444677,0.05967998142163693,0.04233559454256796,resnet32,0.9301,0.9282,0.11216846957739274,0.06037114390743558,0.05179732563820752,resnet32,0.9239,0.9238,0.11753261731725863,0.06919340426975396,0.04833921304353597,resnet32,0.9285,0.9234,0.11150447649627247,0.0641485637408385,0.04735591260594612,450000.0,5000.0,1810000.0,273310000.0,2186480000.0
resnet32x8_cifar10_K8_mwmd1_seed0003_d017,d017,resnet32:8,cifar10,8,matched,mwmd1,peers,0,0,1.0,p2p,3,200,64,0.1,0.9,0.0005,True,0,60,0.1,1.0,1,,disagreement,1.0,1,0.0,0.5,weight,complete,0.0,0.0,42,0,45000,5000,10000,3713232,151,0.0010000000000000002,1,1.0,120.71,0.9283375,0.0012307898886487502,0.9256,0.9298,0.9402,0.011862499999999998,0.928025,0.9452,0.06064999999999999,0.6041601462829526,0.06134642857142858,0.6055315598555112,0.9283375,resnet32,0.9298,0.928,0.09997740103757348,0.05555416640576864,0.0444232344082345,resnet32,0.929,0.9282,0.10852320915596052,0.06147992200302807,0.04704328724156684,resnet32,0.9286,0.9268,0.10769101565132257,0.05896393963220445,0.048727075819360005,resnet32,0.9284,0.9328,0.10449324873678217,0.05695696986962999,0.04753627896107818,resnet32,0.9289,0.9306,0.10118327341148291,0.05806799826281018,0.04311527505342383,resnet32,0.9291,0.9286,0.11007622337836603,0.05893386998055079,0.05114235360021915,resnet32,0.9256,0.9206,0.11507767539958215,0.06772591011461125,0.047351765242638066,resnet32,0.9273,0.9286,0.109372274690858,0.06258105002449486,0.046791224768226544,450000.0,5000.0,1810000.0,275120000.0,2200960000.0
resnet32x8_cifar10_K8_mwmd1_seed0003_d017,d017,resnet32:8,cifar10,8,matched,mwmd1,peers,0,0,1.0,p2p,3,200,64,0.1,0.9,0.0005,True,0,60,0.1,1.0,1,,disagreement,1.0,1,0.0,0.5,weight,complete,0.0,0.0,42,0,45000,5000,10000,3713232,152,0.0010000000000000002,1,1.0,121.44,0.9289875,0.002003395555051478,0.9256,0.9318,0.9417,0.012712500000000015,0.9298,0.943,0.05879285714285715,0.6072414071838966,0.06078214285714286,0.6034475942767149,0.9289875,resnet32,0.9318,0.9322,0.11116869636514987,0.05786432802084495,0.05330436840515838,resnet32,0.928,0.9262,0.10760680368085476,0.06127531082628676,0.04633149285456801,resnet32,0.9301,0.9316,0.10678598627617414,0.06025752540418497,0.04652846073771467,resnet32,0.9272,0.9326,0.10379860627158037,0.057640879442756573,0.04615772684337571,resnet32,0.9312,0.9314,0.10480571797498586,0.059446549328806046,0.04535916859855537,resnet32,0.9301,0.9286,0.10821978102533401,0.060677479227623815,0.047542301821522415,resnet32,0.9256,0.9272,0.11682262074265798,0.06797154758532997,0.048851073067370715,resnet32,0.9279,0.9286,0.11017415768318725,0.06324643906687429,0.0469277185514908,450000.0,5000.0,1810000.0,276930000.0,2215440000.0
resnet32x8_cifar10_K8_mwmd1_seed0003_d017,d017,resnet32:8,cifar10,8,matched,mwmd1,peers,0,0,1.0,p2p,3,200,64,0.1,0.9,0.0005,True,0,60,0.1,1.0,1,,disagreement,1.0,1,0.0,0.5,weight,complete,0.0,0.0,42,0,45000,5000,10000,3713232,153,0.0010000000000000002,1,1.0,121.28,0.929075,0.0021069824394142444,0.925,0.9324,0.9412,0.012125000000000052,0.928825,0.944,0.060964285714285735,0.6043551911703913,0.06156428571428572,0.6000038455132976,0.929075,resnet32,0.931,0.9318,0.10172678176472387,0.057261315267003905,0.04446546638924205,resnet32,0.9324,0.9264,0.10761765611294488,0.06111181047956713,0.04650584574317856,resnet32,0.9295,0.9314,0.11766893607140942,0.06137430351968347,0.05629463265491226,resnet32,0.9279,0.9322,0.10383141032335433,0.056545053485685705,0.04728635702287482,resnet32,0.9299,0.9286,0.10313721988561818,0.059301278823774985,0.04383594098776071,resnet32,0.9292,0.9288,0.11232657872394404,0.06094254000874406,0.05138403899168638,resnet32,0.925,0.9252,0.12134878459090198,0.06830371776860292,0.05304506665693638,resnet32,0.9277,0.9262,0.11583890274844387,0.0654179113202686,0.050420991555173794,450000.0,5000.0,1810000.0,278740000.0,2229920000.0
resnet32x8_cifar10_K8_mwmd1_seed0003_d017,d017,resnet32:8,cifar10,8,matched,mwmd1,peers,0,0,1.0,p2p,3,200,64,0.1,0.9,0.0005,True,0,60,0.1,1.0,1,,disagreement,1.0,1,0.0,0.5,weight,complete,0.0,0.0,42,0,45000,5000,10000,3713232,154,0.0010000000000000002,1,1.0,120.75,0.9279999999999999,0.0018708286933869925,0.9245,0.931,0.9421,0.014100000000000112,0.9278500000000001,0.9426,0.061921428571428565,0.6031661331069808,0.061832142857142856,0.6058152648688467,0.9279999999999999,resnet32,0.931,0.9298,0.09662279696732928,0.05434563002464446,0.04227716692548711,resnet32,0.9285,0.9292,0.10753849233151414,0.05866159867781045,0.04887689346056008,resnet32,0.9274,0.9282,0.10754435631679371,0.059495108759041286,0.04804924747573254,resnet32,0.93,0.9306,0.10187605051429603,0.055537175825024446,0.04633887485595716,resnet32,0.9283,0.9284,0.10351950328119776,0.058146380206215494,0.0453731230505086,resnet32,0.9277,0.9278,0.09679685424568808,0.05575364000238055,0.04104321415599605,resnet32,0.9245,0.9264,0.12448561606949872,0.0680827520316763,0.05640286395712544,resnet32,0.9266,0.9224,0.12047758926002478,0.06314069294735832,0.05733689657592384,450000.0,5000.0,1810000.0,280550000.0,2244400000.0
resnet32x8_cifar10_K8_mwmd1_seed0003_d017,d017,resnet32:8,cifar10,8,matched,mwmd1,peers,0,0,1.0,p2p,3,200,64,0.1,0.9,0.0005,True,0,60,0.1,1.0,1,,disagreement,1.0,1,0.0,0.5,weight,complete,0.0,0.0,42,0,45000,5000,10000,3713232,155,0.0010000000000000002,1,1.0,119.4,0.92735,0.00176493625947229,0.9234,0.9291,0.9392,0.011850000000000027,0.928075,0.944,0.06107142857142859,0.6050864779173052,0.06228928571428571,0.6067782237615412,0.92735,resnet32,0.9282,0.9256,0.10623653045463884,0.05357884873360903,0.05265768151201138,resnet32,0.927,0.9278,0.10180177870047787,0.057736117461569265,0.04406566137384454,resnet32,0.9268,0.928,0.10337578045437112,0.05674024667744313,0.04663553409310142,resnet32,0.9266,0.9328,0.09821180200511166,0.05248397140762377,0.0457278305336579,resnet32,0.929,0.9318,0.0977308862043587,0.05380164782797114,0.04392923836051275,resnet32,0.9291,0.928,0.09787380297943442,0.053599099586294455,0.04427470322777729,resnet32,0.9234,0.9238,0.11226540318669075,0.06496952515524092,0.04729587813529757,resnet32,0.9287,0.9268,0.10436734237803401,0.059076991350263015,0.0452903509927141,450000.0,5000.0,1810000.0,282360000.0,2258880000.0
resnet32x8_cifar10_K8_mwmd1_seed0003_d017,d017,resnet32:8,cifar10,8,matched,mwmd1,peers,0,0,1.0,p2p,3,200,64,0.1,0.9,0.0005,True,0,60,0.1,1.0,1,,disagreement,1.0,1,0.0,0.5,weight,complete,0.0,0.0,42,0,45000,5000,10000,3713232,156,0.0010000000000000002,1,1.0,120.47,0.9289999999999999,0.0012389511693363712,0.927,0.9309,0.9432,0.014200000000000101,0.929075,0.9448,0.06205,0.5954893659735525,0.06280357142857144,0.5937016023729372,0.9289999999999999,resnet32,0.9303,0.9284,0.10563923292581669,0.054139113092043605,0.05150011971074326,resnet32,0.9309,0.9288,0.10257801722830416,0.056827820849403826,0.045750196284974336,resnet32,0.9278,0.9332,0.10310327364343473,0.0568941808530574,0.04620909265676429,resnet32,0.9283,0.9334,0.10047360123875974,0.054120423813318747,0.0463531773328379,resnet32,0.9298,0.9302,0.10047990092954767,0.05510652597877197,0.045373375117461284,resnet32,0.9285,0.9282,0.09994106987406584,0.054374348460855385,0.04556672167779074,resnet32,0.927,0.9256,0.11201805555240506,0.06498057857706127,0.04703747702825984,resnet32,0.9294,0.9248,0.10211242394341918,0.057210388799748296,0.04490203524288849,450000.0,5000.0,1810000.0,284170000.0,2273360000.0
resnet32x8_cifar10_K8_mwmd1_seed0003_d017,d017,resnet32:8,cifar10,8,matched,mwmd1,peers,0,0,1.0,p2p,3,200,64,0.1,0.9,0.0005,True,0,60,0.1,1.0,1,,disagreement,1.0,1,0.0,0.5,weight,complete,0.0,0.0,42,0,45000,5000,10000,3713232,157,0.0010000000000000002,1,1.0,120.58,0.9277625,0.0013573296394023108,0.9252,0.9294,0.94,0.012237499999999901,0.928725,0.945,0.06142142857142857,0.5993914169263874,0.06165357142857142,0.6050661648460728,0.9277625,resnet32,0.9294,0.9296,0.09754898812918161,0.051669362878204665,0.045879625192769294,resnet32,0.9266,0.9288,0.10131345086847432,0.05689347733674698,0.04441997357406018,resnet32,0.9286,0.9282,0.09923769740271382,0.05612645624602341,0.04311124131014698,resnet32,0.9269,0.9322,0.09644308186993426,0.05214771602715535,0.04429536568667655,resnet32,0.9291,0.9334,0.1050610950094944,0.05605423174645032,0.049006862989203495,resnet32,0.9276,0.929,0.10722951549211178,0.053962859711398116,0.05326665585876485,resnet32,0.9252,0.9222,0.11266316688587805,0.06375749030055224,0.04890567668718921,resnet32,0.9287,0.9264,0.10547566829270429,0.05743269311047201,0.04804297516106586,450000.0,5000.0,1810000.0,285980000.0,2287840000.0
resnet32x8_cifar10_K8_mwmd1_seed0003_d017,d017,resnet32:8,cifar10,8,matched,mwmd1,peers,0,0,1.0,p2p,3,200,64,0.1,0.9,0.0005,True,0,60,0.1,1.0,1,,disagreement,1.0,1,0.0,0.5,weight,complete,0.0,0.0,42,0,45000,5000,10000,3713232,158,0.0010000000000000002,1,1.0,120.58,0.9278375,0.0016193652305764846,0.9248,0.9295,0.9415,0.013662500000000022,0.9293,0.9456,0.06003571428571431,0.6060811159209208,0.0633,0.5924436208104434,0.9278375,resnet32,0.9289,0.928,0.09636088713622568,0.05240618555795994,0.043954701571651225,resnet32,0.9289,0.9292,0.10413343240030702,0.05666876779551702,0.04746466476089237,resnet32,0.9256,0.9294,0.1028994207021738,0.05537772515196015,0.04752169554095334,resnet32,0.9284,0.931,0.09946496041745624,0.05241621511363932,0.04704874526942149,resnet32,0.929,0.9332,0.09855096518400717,0.055393725298927166,0.04315723988243421,resnet32,0.9295,0.93,0.106192247915632,0.0550963601708645,0.05109588765481021,resnet32,0.9248,0.928,0.11013302572907625,0.06263505697213324,0.047497968768849125,resnet32,0.9276,0.9256,0.10253391010602089,0.05834319171183531,0.04419071834126953,450000.0,5000.0,1810000.0,287790000.0,2302320000.0
resnet32x8_cifar10_K8_mwmd1_seed0003_d017,d017,resnet32:8,cifar10,8,matched,mwmd1,peers,0,0,1.0,p2p,3,200,64,0.1,0.9,0.0005,True,0,60,0.1,1.0,1,,disagreement,1.0,1,0.0,0.5,weight,complete,0.0,0.0,42,0,45000,5000,10000,3713232,159,0.0010000000000000002,1,1.0,119.9,0.927775,0.0014437364717981114,0.9258,0.9311,0.9415,0.013724999999999987,0.9287,0.9438,0.06145714285714284,0.6005361568073219,0.062139285714285716,0.6043928307480163,0.927775,resnet32,0.9311,0.9294,0.09479044072742743,0.049311754232886335,0.045478686423104424,resnet32,0.9279,0.9288,0.09894772409990599,0.05486772316296331,0.04408000093429688,resnet32,0.9276,0.9274,0.09664280616297302,0.05375660872166257,0.042886197359290563,resnet32,0.927,0.9324,0.09515634218537757,0.05060314386289313,0.04455319831653138,resnet32,0.9276,0.9278,0.1027055927658115,0.054042976731249255,0.048662616093431345,resnet32,0.9269,0.9276,0.10498202523608184,0.05395406603532716,0.051027959167682144,resnet32,0.9258,0.9276,0.10852159388278695,0.06036782965582626,0.04815376403249419,resnet32,0.9283,0.9286,0.10388982924897308,0.0565542087940478,0.047335620439050465,450000.0,5000.0,1810000.0,289600000.0,2316800000.0
resnet32x8_cifar10_K8_mwmd1_seed0003_d017,d017,resnet32:8,cifar10,8,matched,mwmd1,peers,0,0,1.0,p2p,3,200,64,0.1,0.9,0.0005,True,0,60,0.1,1.0,1,,disagreement,1.0,1,0.0,0.5,weight,complete,0.0,0.0,42,0,45000,5000,10000,3713232,160,0.0010000000000000002,1,1.0,124.11,0.9290125,0.0014460614613494068,0.9271,0.9317,0.9422,0.013187500000000019,0.9287000000000001,0.944,0.06025714285714285,0.6066010380654576,0.061589285714285714,0.5995005628933407,0.9290125,resnet32,0.9288,0.9294,0.09068778324978087,0.049474429032257336,0.041213354355105286,resnet32,0.9285,0.927,0.09992605808921243,0.05311664962342051,0.04680940848034383,resnet32,0.9282,0.9308,0.100634837761225,0.05431791446145243,0.046316923207169486,resnet32,0.931,0.9338,0.09216805022813125,0.04943860364305279,0.0427294463310814,resnet32,0.9317,0.9292,0.09453146391421217,0.05265921721134377,0.04187224667508748,resnet32,0.9281,0.928,0.09176387546838007,0.051802858305481175,0.0399610171642218,resnet32,0.9271,0.9262,0.11193111478827301,0.06066091448222075,0.051270200210803356,resnet32,0.9287,0.9252,0.110209446614714,0.056592155602464285,0.05361729113660245,450000.0,5000.0,1810000.0,291410000.0,2331280000.0
resnet32x8_cifar10_K8_mwmd1_seed0003_d017,d017,resnet32:8,cifar10,8,matched,mwmd1,peers,0,0,1.0,p2p,3,200,64,0.1,0.9,0.0005,True,0,60,0.1,1.0,1,,disagreement,1.0,1,0.0,0.5,weight,complete,0.0,0.0,42,0,45000,5000,10000,3713232,161,0.0010000000000000002,1,1.0,118.86,0.9282,0.0015874507866387396,0.9251,0.93,0.9413,0.0131,0.928375,0.945,0.061,0.6042536872884244,0.062135714285714294,0.6018500154460756,0.9282,resnet32,0.9298,0.9318,0.09085946313677017,0.04886156575494996,0.04199789728392551,resnet32,0.9279,0.9288,0.0959467923173427,0.0525914697077083,0.04335532284246504,resnet32,0.9272,0.928,0.09977679430316626,0.05364313168948601,0.04613366249594202,resnet32,0.9289,0.9314,0.09291327513743784,0.04800377046260771,0.04490950477272484,resnet32,0.9271,0.9292,0.09750754258658906,0.050452240013824354,0.047055302555566995,resnet32,0.9296,0.929,0.09096563219315033,0.050020899553518655,0.04094473274414089,resnet32,0.9251,0.9248,0.11092337187040936,0.05986298056086525,0.051060391328064725,resnet32,0.93,0.924,0.10799307740208777,0.05496890263483775,0.053024174744760705,450000.0,5000.0,1810000.0,293220000.0,2345760000.0
resnet32x8_cifar10_K8_mwmd1_seed0003_d017,d017,resnet32:8,cifar10,8,matched,mwmd1,peers,0,0,1.0,p2p,3,200,64,0.1,0.9,0.0005,True,0,60,0.1,1.0,1,,disagreement,1.0,1,0.0,0.5,weight,complete,0.0,0.0,42,0,45000,5000,10000,3713232,162,0.0010000000000000002,1,1.0,118.85,0.9274249999999999,0.001882651056356429,0.9238,0.9299,0.9409,0.013475000000000015,0.9279999999999999,0.9434,0.06237857142857144,0.5986606604810422,0.06402857142857142,0.5925141749832183,0.9274249999999999,resnet32,0.9284,0.9282,0.0924024752378252,0.047805988393850966,0.04459648678708949,resnet32,0.9238,0.9292,0.1021488980411298,0.053689491188957945,0.048459406817776406,resnet32,0.9271,0.9266,0.10069734483311715,0.052316787321945994,0.04838055742121386,resnet32,0.9277,0.9326,0.09260487335268408,0.049076108769936996,0.04352876447956078,resnet32,0.9286,0.9266,0.09537964821158146,0.05266109327997335,0.04271855517237617,resnet32,0.9299,0.93,0.09227843424146571,0.04951943909426601,0.04275899530859368,resnet32,0.9252,0.9238,0.11453670658044178,0.0623724890968085,0.05216421754051804,resnet32,0.9287,0.927,0.11098763027588245,0.057468603538423355,0.05351902685652021,450000.0,5000.0,1810000.0,295030000.0,2360240000.0
resnet32x8_cifar10_K8_mwmd1_seed0003_d017,d017,resnet32:8,cifar10,8,matched,mwmd1,peers,0,0,1.0,p2p,3,200,64,0.1,0.9,0.0005,True,0,60,0.1,1.0,1,,disagreement,1.0,1,0.0,0.5,weight,complete,0.0,0.0,42,0,45000,5000,10000,3713232,163,0.0010000000000000002,1,1.0,118.83,0.92745,0.001594521871910187,0.9244,0.9287,0.9414,0.013950000000000018,0.9284,0.9446,0.06120714285714285,0.6005425005194581,0.06391071428571428,0.591508247247517,0.92745,resnet32,0.9287,0.93,0.08960791597597893,0.047915967166773044,0.04169194871131119,resnet32,0.9287,0.9252,0.10231245678733103,0.053855200901373544,0.04845725602486213,resnet32,0.9286,0.9294,0.1059265658365224,0.05249925450003833,0.05342731117509009,resnet32,0.9252,0.9346,0.09001014372386801,0.04876779971660157,0.04124234394905877,resnet32,0.9281,0.9282,0.10005885032958096,0.0523338202970494,0.047725030103306795,resnet32,0.9274,0.9274,0.09965764473467557,0.051348827736960215,0.0483088170400482,resnet32,0.9244,0.9242,0.10975848842645064,0.059865621394816444,0.04989286690066696,resnet32,0.9285,0.9282,0.10209431356634013,0.05658242852818644,0.045511884896603245,450000.0,5000.0,1810000.0,296840000.0,2374720000.0
resnet32x8_cifar10_K8_mwmd1_seed0003_d017,d017,resnet32:8,cifar10,8,matched,mwmd1,peers,0,0,1.0,p2p,3,200,64,0.1,0.9,0.0005,True,0,60,0.1,1.0,1,,disagreement,1.0,1,0.0,0.5,weight,complete,0.0,0.0,42,0,45000,5000,10000,3713232,164,0.0010000000000000002,1,1.0,118.85,0.9285625,0.001824785946350977,0.9245,0.931,0.9434,0.014837500000000059,0.92865,0.9442,0.061357142857142846,0.5991823143368823,0.06315714285714286,0.5906503308062625,0.9285625,resnet32,0.931,0.9284,0.09231069244031626,0.04813795771306931,0.044172734680945396,resnet32,0.9282,0.9302,0.10077841403439049,0.05290933370336213,0.047869080411725336,resnet32,0.9285,0.9298,0.09373194985197518,0.05113187683111226,0.04260007313463244,resnet32,0.9276,0.931,0.09229616613381288,0.04832720666838048,0.04396895937415221,resnet32,0.9297,0.9306,0.09307061108781702,0.0510232335959286,0.04204737734504637,resnet32,0.9297,0.9278,0.09989020230237987,0.051018304510348986,0.04887189776424996,resnet32,0.9245,0.9278,0.1126305336021522,0.06062648143481717,0.05200405211441896,resnet32,0.9293,0.9236,0.10867121515647424,0.05564905796200037,0.05302215719579677,450000.0,5000.0,1810000.0,298650000.0,2389200000.0
resnet32x8_cifar10_K8_mwmd1_seed0003_d017,d017,resnet32:8,cifar10,8,matched,mwmd1,peers,0,0,1.0,p2p,3,200,64,0.1,0.9,0.0005,True,0,60,0.1,1.0,1,,disagreement,1.0,1,0.0,0.5,weight,complete,0.0,0.0,42,0,45000,5000,10000,3713232,165,0.0010000000000000002,1,1.0,118.89,0.928175,0.0018985191597663475,0.9249,0.9309,0.9407,0.012525000000000008,0.928175,0.9446,0.062492857142857135,0.5939257559055616,0.06223571428571428,0.5970452081955685,0.928175,resnet32,0.9309,0.9304,0.08790769668253647,0.0463911763376514,0.04151652020399607,resnet32,0.9269,0.9292,0.09751898816268129,0.05270592980113262,0.04481305835559562,resnet32,0.9303,0.9298,0.09638043504409408,0.05009223848703021,0.04628819641022181,resnet32,0.927,0.9342,0.08858162431120449,0.047280586057406086,0.041301038188976236,resnet32,0.9296,0.929,0.09606218078459444,0.050660525948677045,0.04540165482533418,resnet32,0.9272,0.9248,0.09518165309617127,0.04899909024110953,0.046182562721448696,resnet32,0.9249,0.9218,0.10988449905099432,0.059617732507335444,0.05026676636109848,resnet32,0.9286,0.9262,0.10633803215618669,0.054686688958265055,0.05165134327464991,450000.0,5000.0,1810000.0,300460000.0,2403680000.0
resnet32x8_cifar10_K8_mwmd1_seed0003_d017,d017,resnet32:8,cifar10,8,matched,mwmd1,peers,0,0,1.0,p2p,3,200,64,0.1,0.9,0.0005,True,0,60,0.1,1.0,1,,disagreement,1.0,1,0.0,0.5,weight,complete,0.0,0.0,42,0,45000,5000,10000,3713232,166,0.0010000000000000002,1,1.0,118.91,0.926775,0.0018355857375780703,0.9249,0.931,0.9405,0.013724999999999987,0.928075,0.9448,0.06149285714285714,0.6041320959859273,0.06340357142857142,0.5974531135046188,0.926775,resnet32,0.931,0.9254,0.09033343725075776,0.0455460747285873,0.04478736251026434,resnet32,0.9258,0.9294,0.09408769846512852,0.05100189469389575,0.04308580357676626,resnet32,0.9259,0.9282,0.09604883520726369,0.05004535019080239,0.04600348517653236,resnet32,0.9265,0.932,0.10082275175690567,0.04793086225320373,0.052891889501717575,resnet32,0.927,0.9312,0.09287240851236592,0.04862556083588226,0.04424684748995456,resnet32,0.9279,0.928,0.09315468883406455,0.04942009311211719,0.04373459576163441,resnet32,0.9252,0.9256,0.10603449901100248,0.05865295527936806,0.04738154363241682,resnet32,0.9249,0.9248,0.09661543305529366,0.05261699316774453,0.04399843977774832,450000.0,5000.0,1810000.0,302270000.0,2418160000.0
resnet32x8_cifar10_K8_mwmd1_seed0003_d017,d017,resnet32:8,cifar10,8,matched,mwmd1,peers,0,0,1.0,p2p,3,200,64,0.1,0.9,0.0005,True,0,60,0.1,1.0,1,,disagreement,1.0,1,0.0,0.5,weight,complete,0.0,0.0,42,0,45000,5000,10000,3713232,167,0.0010000000000000002,1,1.0,118.9,0.9280125,0.0016563797119018557,0.9254,0.9311,0.9407,0.012687499999999963,0.9289000000000001,0.9424,0.05988571428571427,0.6063607471183283,0.06240357142857144,0.6003135018169001,0.9280125,resnet32,0.9292,0.9304,0.09723024266316894,0.04583954855677968,0.05139069410374346,resnet32,0.9267,0.9284,0.09594917131736028,0.051244297578126534,0.04470487392840865,resnet32,0.928,0.9284,0.09526186317089014,0.04941199146560393,0.04584987158622508,resnet32,0.9279,0.9322,0.09214513658662327,0.04672907486780208,0.04541606175453952,resnet32,0.9311,0.9292,0.09410552303730087,0.04902285417483654,0.04508266879102765,resnet32,0.929,0.928,0.0943436186961745,0.049407487580372784,0.044936131132999435,resnet32,0.9254,0.9256,0.1032953214969232,0.057189650485683655,0.046105670964938,resnet32,0.9268,0.929,0.09671300914752382,0.052842464440883224,0.043870544590225276,450000.0,5000.0,1810000.0,304080000.0,2432640000.0
resnet32x8_cifar10_K8_mwmd1_seed0003_d017,d017,resnet32:8,cifar10,8,matched,mwmd1,peers,0,0,1.0,p2p,3,200,64,0.1,0.9,0.0005,True,0,60,0.1,1.0,1,,disagreement,1.0,1,0.0,0.5,weight,complete,0.0,0.0,42,0,45000,5000,10000,3713232,168,0.0010000000000000002,1,1.0,118.8,0.9276625000000001,0.0014982802641695639,0.9244,0.9294,0.9411,0.013437499999999991,0.9283,0.9448,0.06339285714285714,0.5909683087394184,0.06427142857142858,0.5925542761711146,0.9276625000000001,resnet32,0.9287,0.9292,0.09691688137139533,0.04732270492902237,0.04959417639871721,resnet32,0.9272,0.9276,0.09792437153836628,0.05165683846809605,0.04626753306365572,resnet32,0.9277,0.9308,0.09564270846418697,0.05013066124758387,0.045512047352861955,resnet32,0.9282,0.9326,0.09395676137434995,0.04657988209245642,0.04737687915754081,resnet32,0.929,0.9268,0.09287684145701033,0.04793243244322101,0.04494440900585191,resnet32,0.9294,0.9308,0.0941660355231513,0.04895509131231599,0.04521094414402879,resnet32,0.9244,0.9242,0.10227556612120349,0.05621010918085548,0.04606545691785868,resnet32,0.9267,0.9244,0.0972273653711785,0.05372928765427787,0.04349807787168009,450000.0,5000.0,1810000.0,305890000.0,2447120000.0
resnet32x8_cifar10_K8_mwmd1_seed0003_d017,d017,resnet32:8,cifar10,8,matched,mwmd1,peers,0,0,1.0,p2p,3,200,64,0.1,0.9,0.0005,True,0,60,0.1,1.0,1,,disagreement,1.0,1,0.0,0.5,weight,complete,0.0,0.0,42,0,45000,5000,10000,3713232,169,0.0010000000000000002,1,1.0,118.99,0.9277124999999999,0.0017645378290079268,0.9239,0.93,0.9412,0.013487500000000097,0.928325,0.9458,0.06190714285714286,0.5995490943257946,0.06353928571428571,0.5952437961576037,0.9277124999999999,resnet32,0.9267,0.9292,0.08757767847749744,0.045546218830912207,0.042031459659814245,resnet32,0.9285,0.9274,0.09725065932831388,0.05041111851989461,0.04683954086265823,resnet32,0.9269,0.9292,0.09543989031755534,0.04897928085252219,0.04646060927982696,resnet32,0.9284,0.9308,0.09397892974613403,0.047365851705597546,0.046613078029953285,resnet32,0.93,0.929,0.10541713526684114,0.04921928427012807,0.056197850937182506,resnet32,0.9292,0.9294,0.08883393585248003,0.04740756703209958,0.04142636888850988,resnet32,0.9239,0.9264,0.10959061207937669,0.05746426861680282,0.052126343310440214,resnet32,0.9281,0.9252,0.0959137514397629,0.05183031846007163,0.04408343293735842,450000.0,5000.0,1810000.0,307700000.0,2461600000.0
resnet32x8_cifar10_K8_mwmd1_seed0003_d017,d017,resnet32:8,cifar10,8,matched,mwmd1,peers,0,0,1.0,p2p,3,200,64,0.1,0.9,0.0005,True,0,60,0.1,1.0,1,,disagreement,1.0,1,0.0,0.5,weight,complete,0.0,0.0,42,0,45000,5000,10000,3713232,170,0.0010000000000000002,1,1.0,119.09,0.9268624999999999,0.0017413626130131266,0.924,0.9287,0.9418,0.014937500000000048,0.92885,0.9434,0.061557142857142866,0.5997398734150903,0.06462857142857144,0.5929750945352438,0.9268624999999999,resnet32,0.9286,0.9326,0.09113317416631617,0.04524277787475677,0.045890396407313266,resnet32,0.9253,0.927,0.09484116487543691,0.049993033814561466,0.04484813112569761,resnet32,0.924,0.9302,0.09296813628646884,0.049853630775363526,0.043114505570635876,resnet32,0.9279,0.9344,0.09016787262358279,0.045833232546680265,0.044334640030600975,resnet32,0.9269,0.9298,0.09559284020956098,0.04898694641517729,0.04660589384333103,resnet32,0.9287,0.9286,0.10249510731029493,0.048733051621556195,0.05376205580383116,resnet32,0.925,0.921,0.10576527117783288,0.055871232396880674,0.04989403894499198,resnet32,0.9285,0.9272,0.0973905308584852,0.05105435192076997,0.04633617886098695,450000.0,5000.0,1810000.0,309510000.0,2476080000.0
resnet32x8_cifar10_K8_mwmd1_seed0003_d017,d017,resnet32:8,cifar10,8,matched,mwmd1,peers,0,0,1.0,p2p,3,200,64,0.1,0.9,0.0005,True,0,60,0.1,1.0,1,,disagreement,1.0,1,0.0,0.5,weight,complete,0.0,0.0,42,0,45000,5000,10000,3713232,171,0.0010000000000000002,1,1.0,119.44,0.926875,0.001765467360219353,0.9239,0.9299,0.9409,0.014024999999999954,0.92725,0.9438,0.06332142857142857,0.5891593809943595,0.06533928571428572,0.5829924582331041,0.926875,resnet32,0.926,0.927,0.09286139178650708,0.04430105392186141,0.048560337809083816,resnet32,0.927,0.9256,0.09668393028286201,0.05149244970049371,0.04519148044346366,resnet32,0.926,0.93,0.09607473826723766,0.05009971137968188,0.04597502690673785,resnet32,0.9276,0.93,0.09174673941346224,0.04591306471874387,0.045833674873310054,resnet32,0.9299,0.928,0.10139813157200644,0.04837999128688931,0.05301814019780564,resnet32,0.9288,0.9278,0.09479485536047089,0.04752174176312771,0.04727311381033029,resnet32,0.9239,0.9232,0.10627475750780749,0.05643838284727694,0.049836374645978634,resnet32,0.9258,0.9264,0.09430508221108043,0.05077771878594914,0.04352736323198769,450000.0,5000.0,1810000.0,311320000.0,2490560000.0
resnet32x8_cifar10_K8_mwmd1_seed0003_d017,d017,resnet32:8,cifar10,8,matched,mwmd1,peers,0,0,1.0,p2p,3,200,64,0.1,0.9,0.0005,True,0,60,0.1,1.0,1,,disagreement,1.0,1,0.0,0.5,weight,complete,0.0,0.0,42,0,45000,5000,10000,3713232,172,0.0010000000000000002,1,1.0,118.82,0.9273625,0.001679239038969724,0.9249,0.9306,0.9422,0.014837500000000059,0.9270499999999999,0.9442,0.06396428571428571,0.591311993121552,0.06387142857142855,0.5949788846388507,0.9273625,resnet32,0.9257,0.9288,0.08809110483641482,0.044020713086038915,0.04407039186612978,resnet32,0.9282,0.928,0.10216381530732509,0.05089010845139538,0.05127370678978464,resnet32,0.9276,0.9266,0.09036548639414832,0.04807161370064767,0.04229387262603268,resnet32,0.9261,0.9294,0.08764240753159604,0.04449405110658104,0.04314835648454556,resnet32,0.9306,0.9302,0.10135390746555376,0.04876787121148399,0.05258603627788199,resnet32,0.9283,0.9264,0.08871183907136913,0.046249783675937746,0.042462055399400095,resnet32,0.9249,0.9238,0.10529776652004909,0.055255200088140555,0.05004256633401383,resnet32,0.9275,0.9232,0.10290944671776908,0.050395465459918014,0.05251398122213273,450000.0,5000.0,1810000.0,313130000.0,2505040000.0
resnet32x8_cifar10_K8_mwmd1_seed0003_d017,d017,resnet32:8,cifar10,8,matched,mwmd1,peers,0,0,1.0,p2p,3,200,64,0.1,0.9,0.0005,True,0,60,0.1,1.0,1,,disagreement,1.0,1,0.0,0.5,weight,complete,0.0,0.0,42,0,45000,5000,10000,3713232,173,0.0010000000000000002,1,1.0,118.93,0.9276625000000001,0.0012960878635339462,0.9265,0.9297,0.9417,0.014037499999999925,0.92945,0.9448,0.06122142857142856,0.5968435328384032,0.06345357142857143,0.5909986917808648,0.9276625000000001,resnet32,0.9288,0.9276,0.08619052486293102,0.043656559455981056,0.042533965246878906,resnet32,0.9297,0.9282,0.09699433541126465,0.048868792508570055,0.04812554288814268,resnet32,0.9266,0.9292,0.10251378711440008,0.04742608133528847,0.05508770585054828,resnet32,0.9265,0.9354,0.08988122660031711,0.04435372970924205,0.045527496720420786,resnet32,0.9267,0.9302,0.09589399173009125,0.04808534112552562,0.047808650679971004,resnet32,0.9294,0.931,0.08640962742554786,0.04461022680731152,0.04179940029809421,resnet32,0.9266,0.927,0.10491941839096729,0.05448045909261881,0.05043895949149208,resnet32,0.927,0.927,0.09231193692010659,0.048992704270693306,0.043319232756568286,450000.0,5000.0,1810000.0,314940000.0,2519520000.0
resnet32x8_cifar10_K8_mwmd1_seed0003_d017,d017,resnet32:8,cifar10,8,matched,mwmd1,peers,0,0,1.0,p2p,3,200,64,0.1,0.9,0.0005,True,0,60,0.1,1.0,1,,disagreement,1.0,1,0.0,0.5,weight,complete,0.0,0.0,42,0,45000,5000,10000,3713232,174,0.0010000000000000002,1,1.0,123.98,0.92725,0.002498499549729794,0.9227,0.9297,0.941,0.013749999999999929,0.928475,0.9438,0.06357857142857141,0.5913050007308114,0.06549642857142857,0.586703311641695,0.92725,resnet32,0.9292,0.9294,0.08957246411327188,0.044866501456867394,0.044705962730486964,resnet32,0.9289,0.9282,0.09333773153114387,0.04760908355687703,0.04572864809332797,resnet32,0.9239,0.9284,0.08990661223387261,0.04674435836072503,0.04316225393003234,resnet32,0.9284,0.9362,0.08588157150502825,0.04346949717596131,0.0424120740988821,resnet32,0.929,0.9262,0.08632716065304438,0.04562172743978656,0.04070543308493639,resnet32,0.9297,0.93,0.09128051133699376,0.044096784957218915,0.047183726344056515,resnet32,0.9227,0.924,0.10353648088692519,0.05302941510771317,0.05050706581228455,resnet32,0.9262,0.9254,0.10199703252874315,0.049829365430262194,0.05216766701646107,450000.0,5000.0,1810000.0,316750000.0,2534000000.0
resnet32x8_cifar10_K8_mwmd1_seed0003_d017,d017,resnet32:8,cifar10,8,matched,mwmd1,peers,0,0,1.0,p2p,3,200,64,0.1,0.9,0.0005,True,0,60,0.1,1.0,1,,disagreement,1.0,1,0.0,0.5,weight,complete,0.0,0.0,42,0,45000,5000,10000,3713232,175,0.0010000000000000002,1,1.0,120.86,0.9275500000000001,0.0017277152543171096,0.9253,0.9305,0.9418,0.014249999999999874,0.928625,0.9458,0.06289285714285715,0.5901394551449142,0.06396785714285715,0.5958359718386717,0.9275500000000001,resnet32,0.93,0.9316,0.0898607544341675,0.04426740419611716,0.04559335021556101,resnet32,0.9261,0.9234,0.09223900358880531,0.04832078956215727,0.043918214102053425,resnet32,0.9267,0.9296,0.09042861020795746,0.04664219072649509,0.04378641920762179,resnet32,0.9281,0.9356,0.08868508961379783,0.044918809518673115,0.04376628011298387,resnet32,0.9305,0.9286,0.0904048164957203,0.04707597704096274,0.04332883948386139,resnet32,0.9269,0.9278,0.08976747797780925,0.04540809778369625,0.0443593801954359,resnet32,0.9253,0.9276,0.107128649124537,0.05407839423490011,0.05305025515686297,resnet32,0.9268,0.9248,0.10584776126250456,0.05236897387393666,0.05347878755128477,450000.0,5000.0,1810000.0,318560000.0,2548480000.0
resnet32x8_cifar10_K8_mwmd1_seed0003_d017,d017,resnet32:8,cifar10,8,matched,mwmd1,peers,0,0,1.0,p2p,3,200,64,0.1,0.9,0.0005,True,0,60,0.1,1.0,1,,disagreement,1.0,1,0.0,0.5,weight,complete,0.0,0.0,42,0,45000,5000,10000,3713232,176,0.0010000000000000002,1,1.0,119.0,0.9275374999999999,0.0021029369343848613,0.9237,0.9305,0.9422,0.014662500000000134,0.928525,0.9466,0.06222857142857143,0.5918510102722453,0.0642214285714286,0.5898563211076802,0.9275374999999999,resnet32,0.9298,0.9304,0.09287455955530856,0.04312731180504092,0.04974724783625623,resnet32,0.9256,0.9274,0.09665136741982265,0.048147141228334724,0.04850422603009396,resnet32,0.9275,0.93,0.09564656814274547,0.04655576994991861,0.04909079828675286,resnet32,0.9265,0.9302,0.09093691930651072,0.04460430691489654,0.04633261249943065,resnet32,0.9305,0.9298,0.0880763549675149,0.04481902363212695,0.04325733124013906,resnet32,0.9289,0.929,0.08743566846665503,0.04423051738757005,0.043205151124063625,resnet32,0.9237,0.926,0.09759666035428051,0.051743263775609775,0.04585339634848589,resnet32,0.9278,0.9254,0.09350417825044133,0.04968786847497209,0.04381630976488602,450000.0,5000.0,1810000.0,320370000.0,2562960000.0
resnet32x8_cifar10_K8_mwmd1_seed0003_d017,d017,resnet32:8,cifar10,8,matched,mwmd1,peers,0,0,1.0,p2p,3,200,64,0.1,0.9,0.0005,True,0,60,0.1,1.0,1,,disagreement,1.0,1,0.0,0.5,weight,complete,0.0,0.0,42,0,45000,5000,10000,3713232,177,0.0010000000000000002,1,1.0,118.87,0.92755,0.001817278184538631,0.9238,0.9295,0.9428,0.015249999999999986,0.9271499999999999,0.9434,0.06346428571428571,0.5937476835651421,0.06323571428571427,0.5956166053995684,0.92755,resnet32,0.9295,0.9282,0.08288577743223868,0.043199970523181204,0.03968580687730785,resnet32,0.9264,0.9256,0.0939331386312419,0.048533679992860096,0.04539945869526656,resnet32,0.9294,0.929,0.09442428206569854,0.04645789057857738,0.04796639136541423,resnet32,0.9271,0.9314,0.09120800254591317,0.04424900660788725,0.04695899590627629,resnet32,0.9287,0.9278,0.09769359947743149,0.04556798219379165,0.0521256171539955,resnet32,0.9288,0.9268,0.08353709230008959,0.04302924230961997,0.040507849962027234,resnet32,0.9238,0.9236,0.10136874628105116,0.05294161163328681,0.048427134727138436,resnet32,0.9267,0.9248,0.09517686993190595,0.04833513218115761,0.04684173750336578,450000.0,5000.0,1810000.0,322180000.0,2577440000.0
resnet32x8_cifar10_K8_mwmd1_seed0003_d017,d017,resnet32:8,cifar10,8,matched,mwmd1,peers,0,0,1.0,p2p,3,200,64,0.1,0.9,0.0005,True,0,60,0.1,1.0,1,,disagreement,1.0,1,0.0,0.5,weight,complete,0.0,0.0,42,0,45000,5000,10000,3713232,178,0.0010000000000000002,1,1.0,118.85,0.9266625,0.002238268024611884,0.9213,0.9295,0.9424,0.01573750000000007,0.92675,0.9464,0.06659285714285715,0.5789566446493326,0.06629642857142855,0.5822049329917706,0.9266625,resnet32,0.9266,0.9272,0.08159839630455033,0.04101911020486362,0.04057928606529127,resnet32,0.9271,0.9258,0.09075095994789577,0.04685199269575109,0.0438989672786027,resnet32,0.9268,0.9266,0.09016452462740497,0.04457503401367417,0.045589490568752146,resnet32,0.9268,0.9332,0.08693530540172519,0.04181446027095345,0.04512084508050149,resnet32,0.9268,0.9258,0.09887388080824167,0.04663465843424836,0.05223922225625508,resnet32,0.9284,0.928,0.0825534095003439,0.04221004666892854,0.04034336295510663,resnet32,0.9213,0.9224,0.1015493930714332,0.05226896399769678,0.04928042886339509,resnet32,0.9295,0.925,0.09105413970378735,0.046894030822097026,0.04416010882414412,450000.0,5000.0,1810000.0,323990000.0,2591920000.0
resnet32x8_cifar10_K8_mwmd1_seed0003_d017,d017,resnet32:8,cifar10,8,matched,mwmd1,peers,0,0,1.0,p2p,3,200,64,0.1,0.9,0.0005,True,0,60,0.1,1.0,1,,disagreement,1.0,1,0.0,0.5,weight,complete,0.0,0.0,42,0,45000,5000,10000,3713232,179,0.0010000000000000002,1,1.0,118.97,0.9277500000000001,0.002327015255644033,0.9236,0.9312,0.9414,0.01364999999999994,0.928275,0.9436,0.06175714285714285,0.5979274498826493,0.06270357142857143,0.5984241354286691,0.9277500000000001,resnet32,0.9279,0.932,0.09265779753332026,0.043609889757300895,0.049047907757498746,resnet32,0.9251,0.926,0.10081700107548386,0.05280218164261896,0.048014819194742646,resnet32,0.9291,0.9284,0.09457520241267048,0.04736284854350908,0.04721235383608886,resnet32,0.9293,0.9322,0.09647104183254256,0.044391044295149513,0.05207999761279842,resnet32,0.9291,0.9312,0.09382690412034704,0.04925199260469526,0.04457491133176849,resnet32,0.9312,0.9288,0.09430709155276418,0.045759374677965585,0.04854771693432915,resnet32,0.9236,0.923,0.10547772592822598,0.054554050951000216,0.05092367510025559,resnet32,0.9267,0.9246,0.10353038782804189,0.04918486288542309,0.0543455249492333,450000.0,5000.0,1810000.0,325800000.0,2606400000.0
resnet32x8_cifar10_K8_mwmd1_seed0003_d017,d017,resnet32:8,cifar10,8,matched,mwmd1,peers,0,0,1.0,p2p,3,200,64,0.1,0.9,0.0005,True,0,60,0.1,1.0,1,,disagreement,1.0,1,0.0,0.5,weight,complete,0.0,0.0,42,0,45000,5000,10000,3713232,180,0.00010000000000000003,1,1.0,118.94,0.9298,0.001790949468857239,0.9255,0.9317,0.9436,0.013800000000000034,0.9296249999999999,0.9452,0.05943571428571429,0.6099342471005721,0.060482142857142866,0.6020648705419948,0.9298,resnet32,0.9317,0.9318,0.0783787979030008,0.03865271574547726,0.03972608222300716,resnet32,0.9299,0.9288,0.08499809399257753,0.042683101157308556,0.04231499279558193,resnet32,0.9296,0.9296,0.07695606311476282,0.041996020343503915,0.03496004283078946,resnet32,0.9295,0.9338,0.07494756103683771,0.03891875609340125,0.03602880504860712,resnet32,0.9311,0.9314,0.0838271643019239,0.042234626580135555,0.0415925376794555,resnet32,0.9311,0.9292,0.08614640583718111,0.04104295064330059,0.045103455158162185,resnet32,0.9255,0.926,0.09003183972990056,0.048718321610728955,0.04131351804641203,resnet32,0.93,0.9264,0.07995828533735634,0.043994395607362756,0.03596388958447443,450000.0,5000.0,1810000.0,327610000.0,2620880000.0
resnet32x8_cifar10_K8_mwmd1_seed0003_d017,d017,resnet32:8,cifar10,8,matched,mwmd1,peers,0,0,1.0,p2p,3,200,64,0.1,0.9,0.0005,True,0,60,0.1,1.0,1,,disagreement,1.0,1,0.0,0.5,weight,complete,0.0,0.0,42,0,45000,5000,10000,3713232,181,0.00010000000000000003,1,1.0,119.23,0.9301250000000001,0.001996716053924557,0.9255,0.9321,0.9431,0.012974999999999959,0.930275,0.946,0.059235714285714294,0.6050615579257685,0.06041428571428571,0.6004522526309871,0.9301250000000001,resnet32,0.9321,0.9316,0.06849023775694976,0.036043374264739796,0.0324468634220962,resnet32,0.9297,0.9292,0.0778549430066381,0.03883365481107665,0.039021288240540096,resnet32,0.9314,0.931,0.07466106405693361,0.03925830313925293,0.03540276089783716,resnet32,0.9295,0.9346,0.07826299297316423,0.03681408159900457,0.04144891130536879,resnet32,0.9308,0.9322,0.07420642070197077,0.03895857722091023,0.035247843496935355,resnet32,0.9321,0.9306,0.06923710675222207,0.0374523445729706,0.03178476200330558,resnet32,0.9255,0.9254,0.0823514054539952,0.0448874479585687,0.037463957464999774,resnet32,0.9299,0.9276,0.07873332204657014,0.04164758644897533,0.03708573556849098,450000.0,5000.0,1810000.0,329420000.0,2635360000.0
resnet32x8_cifar10_K8_mwmd1_seed0003_d017,d017,resnet32:8,cifar10,8,matched,mwmd1,peers,0,0,1.0,p2p,3,200,64,0.1,0.9,0.0005,True,0,60,0.1,1.0,1,,disagreement,1.0,1,0.0,0.5,weight,complete,0.0,0.0,42,0,45000,5000,10000,3713232,182,0.00010000000000000003,1,1.0,119.14,0.9306625,0.0017881117834184738,0.927,0.9325,0.9431,0.012437500000000101,0.930675,0.9478,0.05816428571428571,0.6131628478076171,0.05923928571428572,0.6078458415514154,0.9306625,resnet32,0.9325,0.931,0.06703443185489794,0.03591283027675341,0.03112160154374909,resnet32,0.9287,0.9308,0.0745387547490695,0.04041259591692572,0.03412615877988918,resnet32,0.9309,0.9308,0.0795445928471798,0.03848678022967016,0.041057812503740104,resnet32,0.932,0.9368,0.0716946065235375,0.03716085018492198,0.0345337563161262,resnet32,0.9322,0.9324,0.0744926323611501,0.03829774802381342,0.036194884315508796,resnet32,0.9315,0.931,0.06804802916965193,0.037394596520409155,0.03065343269157562,resnet32,0.927,0.9244,0.08155328540438363,0.04415524077855728,0.03739804460730573,resnet32,0.9305,0.9282,0.07644614021410234,0.04110436331459575,0.03534177694183944,450000.0,5000.0,1810000.0,331230000.0,2649840000.0
resnet32x8_cifar10_K8_mwmd1_seed0003_d017,d017,resnet32:8,cifar10,8,matched,mwmd1,peers,0,0,1.0,p2p,3,200,64,0.1,0.9,0.0005,True,0,60,0.1,1.0,1,,disagreement,1.0,1,0.0,0.5,weight,complete,0.0,0.0,42,0,45000,5000,10000,3713232,183,0.00010000000000000003,1,1.0,118.9,0.9297,0.001778341924377874,0.9261,0.9315,0.9422,0.012500000000000067,0.930825,0.9438,0.05805,0.6118986979171253,0.05926785714285713,0.6122126228877157,0.9297,resnet32,0.9312,0.932,0.06419035626723515,0.0345472683104824,0.02964308777749962,resnet32,0.9277,0.9302,0.0712814976524731,0.037958584891219456,0.03332291275993074,resnet32,0.9299,0.9342,0.07115218836009841,0.036943082882895724,0.0342091054487603,resnet32,0.9306,0.934,0.07547948327158917,0.03589036020275671,0.03958912302782251,resnet32,0.9315,0.9332,0.07194065367697146,0.036863261738538065,0.0350773920912285,resnet32,0.9311,0.9312,0.06510189457119188,0.034887039013979534,0.030214855512895156,resnet32,0.9261,0.9234,0.0783489201858174,0.04236986661007078,0.03597905362337108,resnet32,0.9295,0.9284,0.0732921856132717,0.039456480866647325,0.0338357047704366,450000.0,5000.0,1810000.0,333040000.0,2664320000.0
resnet32x8_cifar10_K8_mwmd1_seed0003_d017,d017,resnet32:8,cifar10,8,matched,mwmd1,peers,0,0,1.0,p2p,3,200,64,0.1,0.9,0.0005,True,0,60,0.1,1.0,1,,disagreement,1.0,1,0.0,0.5,weight,complete,0.0,0.0,42,0,45000,5000,10000,3713232,184,0.00010000000000000003,1,1.0,119.07,0.9300375000000001,0.002503466346887851,0.9243,0.9325,0.9422,0.012162499999999965,0.92975,0.9456,0.05907857142857144,0.6118419392047066,0.06088214285714285,0.5975308806492852,0.9300375000000001,resnet32,0.9323,0.932,0.06599331062170677,0.03413519673234656,0.03185811392640145,resnet32,0.9299,0.9276,0.07524231327591803,0.037285738025358034,0.03795657533787149,resnet32,0.9312,0.9302,0.06874957057880238,0.036948733947197485,0.03180083667327629,resnet32,0.9287,0.9336,0.07457741039318287,0.03565627435455099,0.03892113608691778,resnet32,0.9317,0.933,0.06700706877481108,0.03668382162868511,0.03032324721359394,resnet32,0.9325,0.9302,0.06850932632964528,0.035310415120462,0.03319891123696421,resnet32,0.9243,0.924,0.07763423213195479,0.042795282996270216,0.034838949286495335,resnet32,0.9297,0.9274,0.07588211419748735,0.03995720675712536,0.03592490750650706,450000.0,5000.0,1810000.0,334850000.0,2678800000.0
resnet32x8_cifar10_K8_mwmd1_seed0003_d017,d017,resnet32:8,cifar10,8,matched,mwmd1,peers,0,0,1.0,p2p,3,200,64,0.1,0.9,0.0005,True,0,60,0.1,1.0,1,,disagreement,1.0,1,0.0,0.5,weight,complete,0.0,0.0,42,0,45000,5000,10000,3713232,185,0.00010000000000000003,1,1.0,119.09,0.930525,0.0014454670525473657,0.9271,0.9322,0.943,0.012474999999999903,0.930825,0.9456,0.05802142857142857,0.610512467279448,0.059242857142857146,0.6069973190120067,0.930525,resnet32,0.9322,0.9322,0.07223272122527388,0.03355510808416346,0.03867761313052721,resnet32,0.93,0.9314,0.07473880769843659,0.03786947626742238,0.036869331506419585,resnet32,0.9304,0.9318,0.06682665750585412,0.03591217419439503,0.03091448336702094,resnet32,0.9309,0.935,0.06515588888644495,0.03462832096688957,0.030527567893097348,resnet32,0.9315,0.9326,0.06573956510824659,0.035803251955340704,0.029936313049719585,resnet32,0.9314,0.9306,0.06545161367235282,0.03400904554291628,0.03144256808710369,resnet32,0.9271,0.9238,0.07488649684025651,0.04095529407839587,0.03393120293053058,resnet32,0.9307,0.9292,0.07373689131716012,0.03834164670578585,0.03539524457631738,450000.0,5000.0,1810000.0,336660000.0,2693280000.0
resnet32x8_cifar10_K8_mwmd1_seed0003_d017,d017,resnet32:8,cifar10,8,matched,mwmd1,peers,0,0,1.0,p2p,3,200,64,0.1,0.9,0.0005,True,0,60,0.1,1.0,1,,disagreement,1.0,1,0.0,0.5,weight,complete,0.0,0.0,42,0,45000,5000,10000,3713232,186,0.00010000000000000003,1,1.0,118.94,0.9308375,0.0015049397828484775,0.9277,0.9326,0.9426,0.011762500000000009,0.9314,0.9448,0.05776428571428571,0.6100855682840197,0.05904285714285714,0.6075727946940976,0.9308375,resnet32,0.9326,0.9324,0.06315699143504555,0.03347881709950426,0.029678174258813007,resnet32,0.9293,0.9316,0.06994264220702462,0.036954139553761874,0.03298850274189714,resnet32,0.9306,0.9324,0.0696729642857628,0.03620565233260012,0.03346731188238747,resnet32,0.9315,0.9338,0.07210940196289978,0.034608455789566506,0.03750094624013978,resnet32,0.932,0.9344,0.06947343904969537,0.03614494515138424,0.03332849383613476,resnet32,0.9317,0.9314,0.06362453005303079,0.03498984118910316,0.0286346888870784,resnet32,0.9277,0.9248,0.07531871455615725,0.04109224955225892,0.034226464905342174,resnet32,0.9313,0.9304,0.07037143532017415,0.03800968465723351,0.03236175064442002,450000.0,5000.0,1810000.0,338470000.0,2707760000.0
resnet32x8_cifar10_K8_mwmd1_seed0003_d017,d017,resnet32:8,cifar10,8,matched,mwmd1,peers,0,0,1.0,p2p,3,200,64,0.1,0.9,0.0005,True,0,60,0.1,1.0,1,,disagreement,1.0,1,0.0,0.5,weight,complete,0.0,0.0,42,0,45000,5000,10000,3713232,187,0.00010000000000000003,1,1.0,118.87,0.92995,0.0020383817110639605,0.9255,0.9314,0.9416,0.011649999999999938,0.9309750000000001,0.9452,0.05737857142857143,0.6161588748282556,0.05968214285714284,0.6083807463997628,0.92995,resnet32,0.9313,0.933,0.060960463707240044,0.033198894270753954,0.02776156932007077,resnet32,0.9277,0.9296,0.06908932611589659,0.03675357846871272,0.03233574779071866,resnet32,0.9303,0.9312,0.06752486964317293,0.034758540818901645,0.03276632883353159,resnet32,0.9309,0.935,0.07101792787910778,0.03454977036480242,0.036468157535471786,resnet32,0.9311,0.9316,0.06893586389593441,0.035393289593312977,0.03354257440845355,resnet32,0.9314,0.9306,0.06104902306502812,0.0330117748896803,0.028037248206435997,resnet32,0.9255,0.9256,0.07438475281973793,0.0408128651708301,0.033571887794426984,resnet32,0.9314,0.9312,0.06968480707622472,0.037720805827782235,0.031964001145256174,450000.0,5000.0,1810000.0,340280000.0,2722240000.0
resnet32x8_cifar10_K8_mwmd1_seed0003_d017,d017,resnet32:8,cifar10,8,matched,mwmd1,peers,0,0,1.0,p2p,3,200,64,0.1,0.9,0.0005,True,0,60,0.1,1.0,1,,disagreement,1.0,1,0.0,0.5,weight,complete,0.0,0.0,42,0,45000,5000,10000,3713232,188,0.00010000000000000003,1,1.0,118.95,0.9300499999999999,0.002077257807784129,0.9257,0.9321,0.9414,0.011350000000000082,0.9304250000000001,0.9474,0.05812142857142857,0.6135370491214257,0.05924999999999999,0.6075180347973735,0.9300499999999999,resnet32,0.9321,0.9324,0.06385904946364462,0.032433592779191465,0.03142545680351428,resnet32,0.9279,0.93,0.06595342894698578,0.03593806638210398,0.030015362584063867,resnet32,0.9307,0.9322,0.06793082003555768,0.035061205890749327,0.032869614183172496,resnet32,0.9297,0.9346,0.07197240746939894,0.03421083425597648,0.03776157325377095,resnet32,0.9312,0.932,0.06472248429517177,0.0344447288007359,0.030277755570502697,resnet32,0.932,0.9294,0.06539072920250791,0.034298169824813325,0.031092559432594993,resnet32,0.9257,0.9228,0.07567219466595403,0.04121947192470543,0.034452722770352426,resnet32,0.9311,0.93,0.06803861994888973,0.036796552820967256,0.031242067080959467,450000.0,5000.0,1810000.0,342090000.0,2736720000.0
resnet32x8_cifar10_K8_mwmd1_seed0003_d017,d017,resnet32:8,cifar10,8,matched,mwmd1,peers,0,0,1.0,p2p,3,200,64,0.1,0.9,0.0005,True,0,60,0.1,1.0,1,,disagreement,1.0,1,0.0,0.5,weight,complete,0.0,0.0,42,0,45000,5000,10000,3713232,189,0.00010000000000000003,1,1.0,119.07,0.9297,0.0018337120820892266,0.9255,0.9318,0.9432,0.013500000000000068,0.93055,0.946,0.0578285714285714,0.6115946828912361,0.059617857142857146,0.6073558217368701,0.9297,resnet32,0.9313,0.9306,0.06284524447718551,0.03194220219500659,0.030903042218679646,resnet32,0.9287,0.9294,0.06513229411211796,0.03477004455767614,0.030362249582222747,resnet32,0.9318,0.9336,0.07259621065565046,0.03419877430133056,0.03839743626436261,resnet32,0.9295,0.935,0.06542575487930496,0.033880908687106887,0.03154484623916109,resnet32,0.9307,0.931,0.06390845631937157,0.034696377435466275,0.02921207892094654,resnet32,0.9301,0.931,0.0629197693541011,0.03250708658610661,0.030412682916159447,resnet32,0.9255,0.925,0.07475978281317194,0.04003540833284867,0.034724374460479754,resnet32,0.93,0.9288,0.06657975222597914,0.0368210086268267,0.029758743495966137,450000.0,5000.0,1810000.0,343900000.0,2751200000.0
resnet32x8_cifar10_K8_mwmd1_seed0003_d017,d017,resnet32:8,cifar10,8,matched,mwmd1,peers,0,0,1.0,p2p,3,200,64,0.1,0.9,0.0005,True,0,60,0.1,1.0,1,,disagreement,1.0,1,0.0,0.5,weight,complete,0.0,0.0,42,0,45000,5000,10000,3713232,190,0.00010000000000000003,1,1.0,118.95,0.930625,0.002042516829796036,0.9259,0.9328,0.9417,0.011074999999999946,0.931475,0.9464,0.05770714285714285,0.6108555221028897,0.06030357142857142,0.598092549438542,0.930625,resnet32,0.9322,0.9318,0.062050803961359306,0.03223623474398416,0.029814569307993886,resnet32,0.9293,0.9302,0.06473722417352044,0.034197089150521526,0.030540135015061507,resnet32,0.9305,0.9314,0.06303165210887197,0.034482998081578196,0.02854865405309035,resnet32,0.9313,0.9354,0.06384546572437765,0.03388709070978538,0.029958374927280765,resnet32,0.9313,0.9332,0.06365390057643791,0.03434119928517083,0.029312701217184604,resnet32,0.9328,0.9318,0.06335751402763311,0.03241399792486019,0.030943516084913757,resnet32,0.9259,0.9268,0.07563877901041204,0.039678214027265894,0.03596056501820302,resnet32,0.9317,0.9312,0.07453908277569678,0.03735167801311367,0.03718740472025026,450000.0,5000.0,1810000.0,345710000.0,2765680000.0
resnet32x8_cifar10_K8_mwmd1_seed0003_d017,d017,resnet32:8,cifar10,8,matched,mwmd1,peers,0,0,1.0,p2p,3,200,64,0.1,0.9,0.0005,True,0,60,0.1,1.0,1,,disagreement,1.0,1,0.0,0.5,weight,complete,0.0,0.0,42,0,45000,5000,10000,3713232,191,0.00010000000000000003,1,1.0,118.96,0.9297625,0.001335044474914598,0.927,0.9311,0.9412,0.01143749999999999,0.931425,0.9458,0.05630000000000001,0.6186248092013816,0.060003571428571434,0.6063644876690484,0.9297625,resnet32,0.9304,0.9328,0.06168010586936196,0.03146044334756549,0.030219662538994187,resnet32,0.9283,0.933,0.06391966190395496,0.03445717286310603,0.029462489029604265,resnet32,0.9305,0.934,0.06539595522124066,0.03352646963057024,0.03186948551261925,resnet32,0.9296,0.9334,0.061403961833672256,0.03248711536103987,0.02891684662079735,resnet32,0.9311,0.9326,0.062386499006110666,0.03346236390776043,0.028924135081152515,resnet32,0.9302,0.9318,0.07063264757744037,0.03276813619529342,0.03786451125382551,resnet32,0.927,0.9244,0.07344964742978019,0.03967542728589086,0.0337742199725736,resnet32,0.931,0.9294,0.06700970854779537,0.03660617350727658,0.03040353503390427,450000.0,5000.0,1810000.0,347520000.0,2780160000.0
resnet32x8_cifar10_K8_mwmd1_seed0003_d017,d017,resnet32:8,cifar10,8,matched,mwmd1,peers,0,0,1.0,p2p,3,200,64,0.1,0.9,0.0005,True,0,60,0.1,1.0,1,,disagreement,1.0,1,0.0,0.5,weight,complete,0.0,0.0,42,0,45000,5000,10000,3713232,192,0.00010000000000000003,1,1.0,119.44,0.9305625,0.0013284742187938835,0.9277,0.9322,0.9429,0.012337500000000001,0.9317,0.9458,0.05750000000000001,0.6108922647069666,0.05953571428571427,0.6059725572782247,0.9305625,resnet32,0.9322,0.9328,0.06076325143856758,0.03142624917712634,0.02933700219132747,resnet32,0.9293,0.931,0.06547710111375306,0.03432758567214478,0.03114951543433232,resnet32,0.9309,0.9344,0.06220811031843451,0.03410782601051985,0.028100284370091023,resnet32,0.9316,0.9366,0.06853097084306435,0.03311221104244892,0.035418759790693664,resnet32,0.9308,0.9342,0.06621426160828295,0.033632492520899344,0.03258176913368516,resnet32,0.9311,0.9294,0.06400970364814963,0.03234509390842339,0.031664609766845715,resnet32,0.9277,0.9264,0.07203627038556575,0.03910429180144671,0.03293197852988008,resnet32,0.9309,0.9288,0.06779157457111235,0.03643298188266768,0.031358592643466014,450000.0,5000.0,1810000.0,349330000.0,2794640000.0
resnet32x8_cifar10_K8_mwmd1_seed0003_d017,d017,resnet32:8,cifar10,8,matched,mwmd1,peers,0,0,1.0,p2p,3,200,64,0.1,0.9,0.0005,True,0,60,0.1,1.0,1,,disagreement,1.0,1,0.0,0.5,weight,complete,0.0,0.0,42,0,45000,5000,10000,3713232,193,0.00010000000000000003,1,1.0,119.14,0.9313875,0.0019094747314379404,0.9271,0.9333,0.9438,0.012412499999999937,0.931075,0.9482,0.057571428571428586,0.6120271239870289,0.059296428571428576,0.6016527013001787,0.9313875,resnet32,0.9333,0.9328,0.0592212115933018,0.03186134618326006,0.027359865325376053,resnet32,0.9301,0.9298,0.06444354471750557,0.03407422624414638,0.03036931841779733,resnet32,0.933,0.9338,0.07019309240224009,0.03315498742647998,0.03703810505976435,resnet32,0.9313,0.935,0.05775801357495683,0.03158626432493541,0.026171749244729817,resnet32,0.9314,0.9326,0.06617189342928627,0.034086672896095974,0.0320852206324079,resnet32,0.933,0.9296,0.06364018313681961,0.0322015985558127,0.03143858463458442,resnet32,0.9271,0.9254,0.07277327090427703,0.03873775487194176,0.03403551606739215,resnet32,0.9319,0.9296,0.06652913650296713,0.03575290764935992,0.03077622890123166,450000.0,5000.0,1810000.0,351140000.0,2809120000.0
resnet32x8_cifar10_K8_mwmd1_seed0003_d017,d017,resnet32:8,cifar10,8,matched,mwmd1,peers,0,0,1.0,p2p,3,200,64,0.1,0.9,0.0005,True,0,60,0.1,1.0,1,,disagreement,1.0,1,0.0,0.5,weight,complete,0.0,0.0,42,0,45000,5000,10000,3713232,194,0.00010000000000000003,1,1.0,119.0,0.9299375,0.0015587956087954578,0.9263,0.9314,0.9421,0.012162500000000076,0.931025,0.9462,0.058700000000000016,0.6082216458595125,0.059557142857142864,0.6086367182124451,0.9299375,resnet32,0.9308,0.9318,0.059381569489646194,0.031446129173590714,0.027935440263800872,resnet32,0.9288,0.9312,0.06643681879292919,0.03431296971592184,0.03212384897778975,resnet32,0.931,0.9324,0.06612138062800196,0.03394339761871379,0.03217798308337065,resnet32,0.9301,0.9362,0.06244793743561869,0.03322640997595789,0.029221527359781743,resnet32,0.9308,0.9318,0.06272256687093018,0.034141667040371845,0.028580899845110252,resnet32,0.9303,0.9318,0.059781083599029276,0.03242698841098569,0.027354095117268364,resnet32,0.9263,0.924,0.07566664342249912,0.03964513571686852,0.03602150780154096,resnet32,0.9314,0.929,0.07392705250690183,0.036155198149076154,0.03777185435584132,450000.0,5000.0,1810000.0,352950000.0,2823600000.0
resnet32x8_cifar10_K8_mwmd1_seed0003_d017,d017,resnet32:8,cifar10,8,matched,mwmd1,peers,0,0,1.0,p2p,3,200,64,0.1,0.9,0.0005,True,0,60,0.1,1.0,1,,disagreement,1.0,1,0.0,0.5,weight,complete,0.0,0.0,42,0,45000,5000,10000,3713232,195,0.00010000000000000003,1,1.0,118.98,0.9304125,0.001380613541147557,0.9279,0.9324,0.9428,0.012387499999999996,0.931325,0.9454,0.05652857142857144,0.6180607255520217,0.0590892857142857,0.6085109213956347,0.9304125,resnet32,0.9309,0.9318,0.06283252664037388,0.0311772324791739,0.031655294114898425,resnet32,0.929,0.9296,0.06523376262736168,0.034375617312352086,0.030858145270692396,resnet32,0.9318,0.933,0.0642121656803118,0.03345429950092115,0.030757866238921204,resnet32,0.9297,0.9358,0.060915013193152845,0.031871789525294764,0.029043223761784084,resnet32,0.9307,0.9328,0.06206450040388683,0.03347927086063216,0.02858522948570846,resnet32,0.9324,0.932,0.06931351751898712,0.03268163829092042,0.03663187922740525,resnet32,0.9279,0.9266,0.07083010448894295,0.03866358124915595,0.032166523235818284,resnet32,0.9309,0.929,0.06395995852918449,0.035910569872199136,0.028049388678151776,450000.0,5000.0,1810000.0,354760000.0,2838080000.0
