run_id,epoch,batch,updates_since_draw,model,d,rel_err,cos,pred_rel_var_uniform,dense_grad_norm,used_grad_norm
resnet32x12_cifar100_K12_unif2-step_seed0001_d020,0,0,0,0,2,0.4452752691852532,0.846318244934082,0.39423922013505786,6.388442583205708,7.974218845367432
resnet32x12_cifar100_K12_unif2-step_seed0001_d020,0,50,0,0,2,0.02230583844030299,0.9917572140693665,0.03294752004371416,0.02850461156825099,0.03045692667365074
resnet32x12_cifar100_K12_unif2-step_seed0001_d020,0,100,0,0,2,0.025272466149748717,0.990012526512146,0.02604719000577068,0.010112117774125615,0.010754017159342766
resnet32x12_cifar100_K12_unif2-step_seed0001_d020,0,150,0,0,2,0.055387898047351156,0.977157711982727,0.03139950019550197,0.0038480688943527946,0.004149284679442644
resnet32x12_cifar100_K12_unif2-step_seed0001_d020,0,200,0,0,2,0.04104589573922652,0.9793356657028198,0.0750893108822972,0.0024808408071716726,0.002459366573020816
resnet32x12_cifar100_K12_unif2-step_seed0001_d020,0,250,0,0,2,0.17845169478503695,0.9128877520561218,0.10731660061131955,0.003111833887449168,0.0031790125649422407
resnet32x12_cifar100_K12_unif2-step_seed0001_d020,0,300,0,0,2,0.025050609986364672,0.9901734590530396,0.05499015618648979,0.0056169150392552354,0.005978054367005825
resnet32x12_cifar100_K12_unif2-step_seed0001_d020,0,350,0,0,2,0.03674376535626952,0.9831277132034302,0.10608177654459996,0.00732664574704633,0.007622872944921255
resnet32x12_cifar100_K12_unif2-step_seed0001_d020,0,400,0,0,2,0.0714612559841576,0.9637616872787476,0.0411308881722109,0.011175197797214926,0.010963133536279202
resnet32x12_cifar100_K12_unif2-step_seed0001_d020,0,450,0,0,2,0.0485244988100964,0.9799350500106812,0.08335940241847312,0.010558165871559819,0.009356029331684113
resnet32x12_cifar100_K12_unif2-step_seed0001_d020,0,500,0,0,2,0.013501108630341364,0.993919849395752,0.03366686202498786,0.016249002905490553,0.016753295436501503
resnet32x12_cifar100_K12_unif2-step_seed0001_d020,0,550,0,0,2,0.11571551252257388,0.9570776224136353,0.048676407137605,0.017835674891593822,0.013893920928239822
resnet32x12_cifar100_K12_unif2-step_seed0001_d020,0,600,0,0,2,0.015490993740123948,0.9935315251350403,0.0342798122107879,0.014347181393341481,0.014985387213528156
resnet32x12_cifar100_K12_unif2-step_seed0001_d020,0,650,0,0,2,0.017041172309737434,0.9973668456077576,0.015772310850853892,0.05922731160876536,0.06550011038780212
resnet32x12_cifar100_K12_unif2-step_seed0001_d020,0,700,0,0,2,0.11878016029592493,0.952377438545227,0.04333557303770089,0.024433908740650156,0.027195200324058533
resnet32x12_cifar100_K12_unif2-step_seed0001_d020,1,0,0,0,2,0.04916874421136656,0.9814901947975159,0.04952008373468241,0.03186463732778238,0.03483620658516884
resnet32x12_cifar100_K12_unif2-step_seed0001_d020,1,50,0,0,2,0.4060985697948362,0.9335271716117859,0.25104338470011883,0.04657762294679146,0.06802091002464294
resnet32x12_cifar100_K12_unif2-step_seed0001_d020,1,100,0,0,2,1.6468138596207258,0.07065640389919281,0.33599660664873326,0.042572677771319054,0.03737887740135193
resnet32x12_cifar100_K12_unif2-step_seed0001_d020,1,150,0,0,2,1.0140102341209218,0.08348749577999115,0.2966314142591992,0.17695983385585062,0.04040584713220596
resnet32x12_cifar100_K12_unif2-step_seed0001_d020,1,200,0,0,2,0.15668696240310082,0.9303770661354065,0.4122481371786277,0.13366959103361487,0.10440722852945328
resnet32x12_cifar100_K12_unif2-step_seed0001_d020,1,250,0,0,2,0.3376478588497623,0.8593647480010986,0.6701904418204875,0.09152505074616593,0.10391092300415039
resnet32x12_cifar100_K12_unif2-step_seed0001_d020,1,300,0,0,2,0.42231104188742036,0.8885765671730042,0.6843857825002956,0.10868233371239061,0.14659947156906128
resnet32x12_cifar100_K12_unif2-step_seed0001_d020,1,350,0,0,2,0.5032014713661763,0.7229961156845093,0.5803647433698775,0.11214837515738577,0.09914011508226395
resnet32x12_cifar100_K12_unif2-step_seed0001_d020,1,400,0,0,2,0.6180447015697883,0.6365969181060791,0.40147593809934945,0.11725615238862525,0.09254340827465057
resnet32x12_cifar100_K12_unif2-step_seed0001_d020,1,450,0,0,2,0.09536068757195122,0.9511333107948303,0.2964448570464686,0.1507678379260546,0.14398805797100067
resnet32x12_cifar100_K12_unif2-step_seed0001_d020,1,500,0,0,2,0.4028002544195562,0.8909001350402832,0.35271478944814566,0.18462746355999735,0.24632756412029266
resnet32x12_cifar100_K12_unif2-step_seed0001_d020,1,550,0,0,2,0.4436697410176149,0.8058010935783386,0.3921873989438756,0.11818561672634725,0.1312730312347412
resnet32x12_cifar100_K12_unif2-step_seed0001_d020,1,600,0,0,2,0.17879611013316465,0.9188708662986755,0.3581464056669574,0.14732100940310308,0.15776945650577545
resnet32x12_cifar100_K12_unif2-step_seed0001_d020,1,650,0,0,2,0.5382045297870839,0.7856994271278381,0.4626600395406942,0.13385324957146263,0.15795621275901794
resnet32x12_cifar100_K12_unif2-step_seed0001_d020,1,700,0,0,2,1.0054620035464472,0.6944640874862671,0.48534543615920916,0.16039997838169115,0.22341305017471313
resnet32x12_cifar100_K12_unif2-step_seed0001_d020,2,0,0,0,2,0.12310667826280047,0.9430128335952759,0.22158599211709626,0.22434260240711099,0.23651941120624542
resnet32x12_cifar100_K12_unif2-step_seed0001_d020,2,50,0,0,2,0.40411671286158574,0.874832034111023,0.36352143610352017,0.13968371232549212,0.17969922721385956
resnet32x12_cifar100_K12_unif2-step_seed0001_d020,2,100,0,0,2,0.06103771899843836,0.9721137285232544,0.1220666548800951,0.2560710468201985,0.26883602142333984
resnet32x12_cifar100_K12_unif2-step_seed0001_d020,2,150,0,0,2,0.35149205508766324,0.8396266102790833,0.28526707701724624,0.20804849862508348,0.22412027418613434
resnet32x12_cifar100_K12_unif2-step_seed0001_d020,2,200,0,0,2,0.2665206885996619,0.8810341358184814,0.23840507099334868,0.1898318075026491,0.20649422705173492
resnet32x12_cifar100_K12_unif2-step_seed0001_d020,2,250,0,0,2,0.4959635568252035,0.8113614916801453,0.2868345756803711,0.18242631208427068,0.21966592967510223
resnet32x12_cifar100_K12_unif2-step_seed0001_d020,2,300,0,0,2,0.5046427580066316,0.8102190494537354,0.459354977732812,0.1401701033432106,0.16982848942279816
resnet32x12_cifar100_K12_unif2-step_seed0001_d020,2,350,0,0,2,0.8647155789894229,0.5939825773239136,0.4902729411853575,0.18843465546695737,0.19981323182582855
resnet32x12_cifar100_K12_unif2-step_seed0001_d020,2,400,0,0,2,0.4557709883416328,0.8571837544441223,0.44356949190195955,0.1495646048707378,0.19348981976509094
resnet32x12_cifar100_K12_unif2-step_seed0001_d020,2,450,0,0,2,0.3834980732615576,0.8548597097396851,0.39873689811736424,0.19886717909282967,0.23723214864730835
resnet32x12_cifar100_K12_unif2-step_seed0001_d020,2,500,0,0,2,0.22085543768460908,0.899520754814148,0.19443459906118377,0.2290992782231737,0.24575600028038025
resnet32x12_cifar100_K12_unif2-step_seed0001_d020,2,550,0,0,2,0.6019634584583073,0.8284507989883423,0.3715450935550409,0.179791151088743,0.2454834282398224
resnet32x12_cifar100_K12_unif2-step_seed0001_d020,2,600,0,0,2,0.4687744372015347,0.8240346908569336,0.4206664556267657,0.15635891932770557,0.18895851075649261
resnet32x12_cifar100_K12_unif2-step_seed0001_d020,2,650,0,0,2,0.30202801070408763,0.8717902898788452,0.2768546654135233,0.216129400976832,0.24225541949272156
resnet32x12_cifar100_K12_unif2-step_seed0001_d020,2,700,0,0,2,0.19944498872816002,0.9068605303764343,0.19414788040787,0.2097117342354497,0.22117193043231964
resnet32x12_cifar100_K12_unif2-step_seed0001_d020,3,0,0,0,2,0.4713856437119299,0.8350971937179565,0.42366790291535605,0.19638042316560755,0.2446737289428711
resnet32x12_cifar100_K12_unif2-step_seed0001_d020,3,50,0,0,2,0.42690667950249694,0.8522415161132812,0.40874223947149274,0.21025510186095953,0.261489599943161
resnet32x12_cifar100_K12_unif2-step_seed0001_d020,3,100,0,0,2,0.43028380096009805,0.8483872413635254,0.4166429414804902,0.1964830417474064,0.24280263483524323
resnet32x12_cifar100_K12_unif2-step_seed0001_d020,3,150,0,0,2,0.4295244246993447,0.8239419460296631,0.3114857278101841,0.19435984018826594,0.22413401305675507
resnet32x12_cifar100_K12_unif2-step_seed0001_d020,3,200,0,0,2,0.3258308359980614,0.8643447160720825,0.41216100309299425,0.21772159078986042,0.2469804733991623
resnet32x12_cifar100_K12_unif2-step_seed0001_d020,3,250,0,0,2,0.5700300085874161,0.8082360625267029,0.4699396181487389,0.16942573331249489,0.2169930785894394
resnet32x12_cifar100_K12_unif2-step_seed0001_d020,3,300,0,0,2,0.44253153589006655,0.8019052743911743,0.4529931823476174,0.21303618118535084,0.23315785825252533
resnet32x12_cifar100_K12_unif2-step_seed0001_d020,3,350,0,0,2,0.36648052419193583,0.8828016519546509,0.3186875777213667,0.19779779394605143,0.25014784932136536
resnet32x12_cifar100_K12_unif2-step_seed0001_d020,3,400,0,0,2,0.45012067529002503,0.8081961274147034,0.3577808503632139,0.21323090228008149,0.24086599051952362
resnet32x12_cifar100_K12_unif2-step_seed0001_d020,3,450,0,0,2,0.4872285524797793,0.8016995191574097,0.46979985178515654,0.20401606982295784,0.2371046543121338
resnet32x12_cifar100_K12_unif2-step_seed0001_d020,3,500,0,0,2,0.2465445810296248,0.8922526836395264,0.3260789635391516,0.23458195926615036,0.2577573359012604
resnet32x12_cifar100_K12_unif2-step_seed0001_d020,3,550,0,0,2,0.37004470141842977,0.8459926843643188,0.4021097492476915,0.21163152502639207,0.2410103976726532
resnet32x12_cifar100_K12_unif2-step_seed0001_d020,3,600,0,0,2,0.4604196141422093,0.8180063366889954,0.483620446912902,0.18899932073667866,0.22263029217720032
resnet32x12_cifar100_K12_unif2-step_seed0001_d020,3,650,0,0,2,0.4701498959749497,0.8803379535675049,0.29895739637064817,0.24879737017179235,0.3422106206417084
resnet32x12_cifar100_K12_unif2-step_seed0001_d020,3,700,0,0,2,0.5388818931629942,0.804072380065918,0.4830109465280066,0.2176185707290723,0.2686871290206909
resnet32x12_cifar100_K12_unif2-step_seed0001_d020,4,0,0,0,2,0.5337859406477831,0.839165449142456,0.588734262888413,0.2782857773084309,0.36928582191467285
resnet32x12_cifar100_K12_unif2-step_seed0001_d020,4,50,0,0,2,0.31616631426910313,0.8662182092666626,0.3508521285942596,0.23907183211319122,0.2687394618988037
resnet32x12_cifar100_K12_unif2-step_seed0001_d020,4,100,0,0,2,0.28473016526863615,0.8574267625808716,0.24836243545952041,0.2759481697568558,0.27554330229759216
resnet32x12_cifar100_K12_unif2-step_seed0001_d020,4,150,0,0,2,0.4810452009859431,0.855978786945343,0.2794143209949337,0.24318005612641652,0.32058531045913696
resnet32x12_cifar100_K12_unif2-step_seed0001_d020,4,200,0,0,2,0.34246934785081384,0.8544688820838928,0.3875106108222714,0.22253180255132923,0.25010067224502563
resnet32x12_cifar100_K12_unif2-step_seed0001_d020,4,250,0,0,2,0.6446335440104725,0.7834814190864563,0.4410406454970445,0.22815522686047449,0.294750839471817
resnet32x12_cifar100_K12_unif2-step_seed0001_d020,4,300,0,0,2,0.47205702213245526,0.7930521965026855,0.41003786373017326,0.24879125354848394,0.2763671875
resnet32x12_cifar100_K12_unif2-step_seed0001_d020,4,350,0,0,2,0.4022460792951125,0.847004234790802,0.35097388663709145,0.25103824317676626,0.2994702458381653
resnet32x12_cifar100_K12_unif2-step_seed0001_d020,4,400,0,0,2,0.3125192001638414,0.8597861528396606,0.3514511990502319,0.2895139313740459,0.3147814869880676
resnet32x12_cifar100_K12_unif2-step_seed0001_d020,4,450,0,0,2,0.2712921573656261,0.8771358728408813,0.43065560720611773,0.2517127287444658,0.2715420722961426
resnet32x12_cifar100_K12_unif2-step_seed0001_d020,4,500,0,0,2,0.42892242186254986,0.8415217995643616,0.4193061552243517,0.24534481619317894,0.29730069637298584
resnet32x12_cifar100_K12_unif2-step_seed0001_d020,4,550,0,0,2,0.44041935617382477,0.7911790013313293,0.43913517686415016,0.2492093906618271,0.26137807965278625
resnet32x12_cifar100_K12_unif2-step_seed0001_d020,4,600,0,0,2,0.47667457975908983,0.8535088300704956,0.428678558419401,0.2439707355674997,0.3187345266342163
resnet32x12_cifar100_K12_unif2-step_seed0001_d020,4,650,0,0,2,0.37894317440121145,0.8654690980911255,0.43799923506581223,0.25492418618401047,0.31182631850242615
resnet32x12_cifar100_K12_unif2-step_seed0001_d020,4,700,0,0,2,0.2732934786246325,0.8726311922073364,0.28045985553071207,0.2747209536607569,0.29096293449401855
resnet32x12_cifar100_K12_unif2-step_seed0001_d020,5,0,0,0,2,0.31532671672274504,0.8889826536178589,0.4525537043059089,0.26033047521290575,0.31603339314460754
resnet32x12_cifar100_K12_unif2-step_seed0001_d020,5,50,0,0,2,0.4934874375121555,0.7981113195419312,0.5823848771503166,0.20382789809191332,0.2363010048866272
resnet32x12_cifar100_K12_unif2-step_seed0001_d020,5,100,0,0,2,0.43885767524307895,0.8515550494194031,0.4989807133367697,0.2352595010727947,0.29561033844947815
resnet32x12_cifar100_K12_unif2-step_seed0001_d020,5,150,0,0,2,0.3905526084951573,0.8576453328132629,0.5164160094429944,0.2445669190835952,0.2966015934944153
resnet32x12_cifar100_K12_unif2-step_seed0001_d020,5,200,0,0,2,0.5194822195686319,0.7673451900482178,0.37911265316638837,0.27419869873988806,0.30064135789871216
resnet32x12_cifar100_K12_unif2-step_seed0001_d020,5,250,0,0,2,0.4457551814393349,0.8395677804946899,0.4299442911406365,0.23421937226053124,0.2875458300113678
resnet32x12_cifar100_K12_unif2-step_seed0001_d020,5,300,0,0,2,0.5909085904827431,0.8350156545639038,0.453597683671921,0.2562120205948938,0.3514769673347473
resnet32x12_cifar100_K12_unif2-step_seed0001_d020,5,350,0,0,2,0.2435830127944459,0.9028478860855103,0.2947432358078583,0.33880402473794613,0.387986421585083
resnet32x12_cifar100_K12_unif2-step_seed0001_d020,5,400,0,0,2,0.33863781547703337,0.8865339159965515,0.3946556561426512,0.2503327450083953,0.31028562784194946
resnet32x12_cifar100_K12_unif2-step_seed0001_d020,5,450,0,0,2,0.43372437569683514,0.8421320915222168,0.5152880431539971,0.22764648717657937,0.27776679396629333
resnet32x12_cifar100_K12_unif2-step_seed0001_d020,5,500,0,0,2,0.4075287180177,0.8333622217178345,0.3891583071587463,0.30703605376312476,0.353941947221756
resnet32x12_cifar100_K12_unif2-step_seed0001_d020,5,550,0,0,2,0.34343961562999853,0.867999792098999,0.4766122948812148,0.24819741974668266,0.2926815152168274
resnet32x12_cifar100_K12_unif2-step_seed0001_d020,5,600,0,0,2,0.28291817441283423,0.8789530396461487,0.40667103309345004,0.27031627994165675,0.30126410722732544
resnet32x12_cifar100_K12_unif2-step_seed0001_d020,5,650,0,0,2,0.2584648891652165,0.8916255235671997,0.27454815804232385,0.3563384222421693,0.400111585855484
resnet32x12_cifar100_K12_unif2-step_seed0001_d020,5,700,0,0,2,0.3531804681451749,0.8498727083206177,0.35327095732538294,0.31645873305592875,0.35588327050209045
resnet32x12_cifar100_K12_unif2-step_seed0001_d020,6,0,0,0,2,0.3130639852366878,0.8761029243469238,0.3183135842692519,0.30772718854552517,0.3569759726524353
resnet32x12_cifar100_K12_unif2-step_seed0001_d020,6,50,0,0,2,0.2370743849877196,0.9085543155670166,0.24519038025332143,0.38518774047007215,0.44629576802253723
resnet32x12_cifar100_K12_unif2-step_seed0001_d020,6,100,0,0,2,0.22055579614851645,0.902677059173584,0.273047381031309,0.3615488563805442,0.3943694531917572
resnet32x12_cifar100_K12_unif2-step_seed0001_d020,6,150,0,0,2,0.3008680258303865,0.8808408379554749,0.2793265739483582,0.34340474823833284,0.3976200819015503
resnet32x12_cifar100_K12_unif2-step_seed0001_d020,6,200,0,0,2,0.5145326784848869,0.825603723526001,0.4056747944460568,0.2935199384496764,0.37232911586761475
resnet32x12_cifar100_K12_unif2-step_seed0001_d020,6,250,0,0,2,0.2932406149336351,0.8698024153709412,0.3262137422096115,0.3769476697457833,0.4119865894317627
resnet32x12_cifar100_K12_unif2-step_seed0001_d020,6,300,0,0,2,0.441122510784075,0.8416028022766113,0.5760195211857854,0.23471363558305836,0.288263201713562
resnet32x12_cifar100_K12_unif2-step_seed0001_d020,6,350,0,0,2,0.4706178446702039,0.8197226524353027,0.49079539206304396,0.26099325087013203,0.3124867081642151
resnet32x12_cifar100_K12_unif2-step_seed0001_d020,6,400,0,0,2,0.29355332846125637,0.8733342885971069,0.3136280608809555,0.3252111895010379,0.36115971207618713
resnet32x12_cifar100_K12_unif2-step_seed0001_d020,6,450,0,0,2,0.500001621133529,0.7692542672157288,0.43976390351661687,0.2625616506432496,0.2815089523792267
resnet32x12_cifar100_K12_unif2-step_seed0001_d020,6,500,0,0,2,0.43664738086786276,0.8128580451011658,0.43607342141849464,0.28808032531444216,0.32406869530677795
resnet32x12_cifar100_K12_unif2-step_seed0001_d020,6,550,0,0,2,0.411404344284004,0.8253927230834961,0.3468737861819737,0.2930139633894009,0.3310537338256836
resnet32x12_cifar100_K12_unif2-step_seed0001_d020,6,600,0,0,2,0.6902143993233569,0.7692266702651978,0.4863008922743651,0.2595578560233459,0.3374750018119812
resnet32x12_cifar100_K12_unif2-step_seed0001_d020,6,650,0,0,2,0.4155932882196115,0.8411190509796143,0.3526429738938787,0.34109477274973354,0.40656405687332153
resnet32x12_cifar100_K12_unif2-step_seed0001_d020,6,700,0,0,2,0.518677525253066,0.8338454365730286,0.456085689873168,0.34895945188238686,0.4523981809616089
resnet32x12_cifar100_K12_unif2-step_seed0001_d020,7,0,0,0,2,0.48246033325891186,0.8320213556289673,0.38001475874437074,0.38440509306176357,0.4805125892162323
resnet32x12_cifar100_K12_unif2-step_seed0001_d020,7,50,0,0,2,0.3775336085573178,0.8541988134384155,0.49099201529424363,0.34110796575066005,0.4030519127845764
resnet32x12_cifar100_K12_unif2-step_seed0001_d020,7,100,0,0,2,0.40276740570295194,0.8632587194442749,0.33914499186334973,0.32991978837296676,0.41172152757644653
resnet32x12_cifar100_K12_unif2-step_seed0001_d020,7,150,0,0,2,0.37762060278825366,0.8608723878860474,0.44351531407154454,0.33894624255154865,0.4085769057273865
resnet32x12_cifar100_K12_unif2-step_seed0001_d020,7,200,0,0,2,0.7733256185204305,0.7288395166397095,0.44406315204631996,0.32786340730964725,0.4198894500732422
resnet32x12_cifar100_K12_unif2-step_seed0001_d020,7,250,0,0,2,0.4034875533234077,0.834526538848877,0.46647266227264633,0.3248462693968557,0.37377819418907166
resnet32x12_cifar100_K12_unif2-step_seed0001_d020,7,300,0,0,2,0.41169715134417995,0.8479509353637695,0.48335919389110704,0.2592495258588143,0.3135624825954437
resnet32x12_cifar100_K12_unif2-step_seed0001_d020,7,350,0,0,2,0.23479498290676537,0.8964685201644897,0.3468390182325228,0.39031833054865933,0.4264453649520874
resnet32x12_cifar100_K12_unif2-step_seed0001_d020,7,400,0,0,2,0.725985738914257,0.7912080883979797,0.46432738932836726,0.3266005069572803,0.45217862725257874
resnet32x12_cifar100_K12_unif2-step_seed0001_d020,7,450,0,0,2,0.30834154454437346,0.8903387188911438,0.35642640084595506,0.4091566712090231,0.4943487346172333
resnet32x12_cifar100_K12_unif2-step_seed0001_d020,7,500,0,0,2,0.3926643132572042,0.8695691227912903,0.4665061956689534,0.30202511796484033,0.3791424036026001
resnet32x12_cifar100_K12_unif2-step_seed0001_d020,7,550,0,0,2,0.5056900226773916,0.8304235339164734,0.4958088276429053,0.3320743757178158,0.4225126802921295
resnet32x12_cifar100_K12_unif2-step_seed0001_d020,7,600,0,0,2,0.3597717079623728,0.8701043128967285,0.4860961499226006,0.28124372157400607,0.3408510386943817
resnet32x12_cifar100_K12_unif2-step_seed0001_d020,7,650,0,0,2,0.4272380355753304,0.8171745538711548,0.4374154793705575,0.3124024835069301,0.351582407951355
resnet32x12_cifar100_K12_unif2-step_seed0001_d020,7,700,0,0,2,0.4429573868360756,0.8012390732765198,0.5264256348364014,0.27984751593922164,0.3057854175567627
resnet32x12_cifar100_K12_unif2-step_seed0001_d020,8,0,0,0,2,0.3791968325615196,0.8715313076972961,0.4246169590252164,0.3312568947236455,0.4120972454547882
resnet32x12_cifar100_K12_unif2-step_seed0001_d020,8,50,0,0,2,0.37885813313513766,0.8375562429428101,0.3726409212408823,0.33381557102644144,0.3742179572582245
resnet32x12_cifar100_K12_unif2-step_seed0001_d020,8,100,0,0,2,0.36180073605996765,0.8680711388587952,0.43048902754052604,0.3428876203021609,0.4141056537628174
resnet32x12_cifar100_K12_unif2-step_seed0001_d020,8,150,0,0,2,0.4251810840080281,0.8133518099784851,0.5556072927088027,0.2700981591308467,0.2992250323295593
resnet32x12_cifar100_K12_unif2-step_seed0001_d020,8,200,0,0,2,0.504334219342296,0.8349248766899109,0.4249973880113822,0.3765196209945725,0.48335281014442444
resnet32x12_cifar100_K12_unif2-step_seed0001_d020,8,250,0,0,2,0.5953535532382367,0.7764761447906494,0.4372173669136302,0.31459750539338693,0.3843594789505005
resnet32x12_cifar100_K12_unif2-step_seed0001_d020,8,300,0,0,2,0.4204109102841415,0.8625045418739319,0.4784692319540338,0.3164357065688321,0.4012007415294647
resnet32x12_cifar100_K12_unif2-step_seed0001_d020,8,350,0,0,2,0.27454017433245453,0.8862835764884949,0.35427772491443377,0.3850575225761001,0.43561992049217224
resnet32x12_cifar100_K12_unif2-step_seed0001_d020,8,400,0,0,2,0.3949051645363612,0.8505862951278687,0.39782222491490266,0.36612100132627207,0.43739840388298035
resnet32x12_cifar100_K12_unif2-step_seed0001_d020,8,450,0,0,2,0.5627046810537493,0.7927476167678833,0.3788243345168305,0.33856539520834167,0.4164213538169861
resnet32x12_cifar100_K12_unif2-step_seed0001_d020,8,500,0,0,2,0.4806937963904536,0.8252276182174683,0.46046198310027864,0.33712425862118706,0.4137660562992096
resnet32x12_cifar100_K12_unif2-step_seed0001_d020,8,550,0,0,2,0.5088619034869493,0.7994480133056641,0.5138047691115344,0.35910042349175064,0.4252209961414337
resnet32x12_cifar100_K12_unif2-step_seed0001_d020,8,600,0,0,2,0.2748768117622554,0.9044507741928101,0.3395639248750096,0.32213230265184134,0.3895414173603058
resnet32x12_cifar100_K12_unif2-step_seed0001_d020,8,650,0,0,2,0.3672367058425503,0.8764382600784302,0.3173933112311034,0.39863731011671477,0.4960561990737915
resnet32x12_cifar100_K12_unif2-step_seed0001_d020,8,700,0,0,2,0.3799173803011324,0.8423201441764832,0.3039095171144457,0.3817455057830172,0.43570631742477417
resnet32x12_cifar100_K12_unif2-step_seed0001_d020,9,0,0,0,2,0.495543619624933,0.7694074511528015,0.4217791084630969,0.39708859110283723,0.4230044186115265
resnet32x12_cifar100_K12_unif2-step_seed0001_d020,9,50,0,0,2,0.3682007142985259,0.8504066467285156,0.43896937351672966,0.3877783813653279,0.44699913263320923
resnet32x12_cifar100_K12_unif2-step_seed0001_d020,9,100,0,0,2,0.4873269557392818,0.8095752000808716,0.4094790343966531,0.37438517077454636,0.4445386826992035
resnet32x12_cifar100_K12_unif2-step_seed0001_d020,9,150,0,0,2,0.3979165503722245,0.8345491886138916,0.33226225280334815,0.42196154589726664,0.48178598284721375
resnet32x12_cifar100_K12_unif2-step_seed0001_d020,9,200,0,0,2,0.48387995383146887,0.7780134677886963,0.5041035535814089,0.35616841469548327,0.38346949219703674
resnet32x12_cifar100_K12_unif2-step_seed0001_d020,9,250,0,0,2,0.3491617290245137,0.8629037141799927,0.36920947025413264,0.35639459954685954,0.4166657626628876
resnet32x12_cifar100_K12_unif2-step_seed0001_d020,9,300,0,0,2,0.5911296047931418,0.7058675289154053,0.5388092934635759,0.3158508654025337,0.3173764646053314
resnet32x12_cifar100_K12_unif2-step_seed0001_d020,9,350,0,0,2,0.480313823070638,0.8598931431770325,0.37249244689148037,0.400613862119394,0.5322743654251099
resnet32x12_cifar100_K12_unif2-step_seed0001_d020,9,400,0,0,2,0.3052201445217644,0.8582344055175781,0.30400230625467584,0.42447247724196246,0.45106643438339233
resnet32x12_cifar100_K12_unif2-step_seed0001_d020,9,450,0,0,2,0.4170441266266136,0.8368415236473083,0.5226314794095072,0.32577886146017426,0.38422438502311707
resnet32x12_cifar100_K12_unif2-step_seed0001_d020,9,500,0,0,2,0.4539139403917874,0.8362154960632324,0.5003154908436427,0.3001022477548183,0.3684009909629822
resnet32x12_cifar100_K12_unif2-step_seed0001_d020,9,550,0,0,2,0.37292985902506265,0.8275948166847229,0.37218090617076993,0.4539633263635339,0.48487845063209534
resnet32x12_cifar100_K12_unif2-step_seed0001_d020,9,600,0,0,2,0.3031815790435057,0.8814204335212708,0.3630935829931062,0.3799916481681354,0.4424664378166199
resnet32x12_cifar100_K12_unif2-step_seed0001_d020,9,650,0,0,2,0.3020699652494917,0.8882638812065125,0.30795751248980907,0.43236725693998823,0.5145442485809326
resnet32x12_cifar100_K12_unif2-step_seed0001_d020,9,700,0,0,2,0.5664543802794773,0.7905322313308716,0.45047081648137577,0.3381276154020347,0.4152275025844574
resnet32x12_cifar100_K12_unif2-step_seed0001_d020,10,0,0,0,2,0.5062812156777861,0.8334048390388489,0.5241806093353749,0.3880165172396595,0.4972671866416931
resnet32x12_cifar100_K12_unif2-step_seed0001_d020,10,50,0,0,2,0.3949414354214885,0.8814204931259155,0.3940655767296582,0.33886288906746154,0.43915295600891113
resnet32x12_cifar100_K12_unif2-step_seed0001_d020,10,100,0,0,2,0.38217970270408397,0.8666850328445435,0.3324874257314242,0.40587809852683837,0.49996817111968994
resnet32x12_cifar100_K12_unif2-step_seed0001_d020,10,150,0,0,2,0.4698246800143252,0.8398903012275696,0.38913517000132636,0.3812859518266022,0.47985124588012695
resnet32x12_cifar100_K12_unif2-step_seed0001_d020,10,200,0,0,2,0.6104048035036937,0.734074592590332,0.4018049766653005,0.35239721387404244,0.39483627676963806
resnet32x12_cifar100_K12_unif2-step_seed0001_d020,10,250,0,0,2,0.38141102802244004,0.8515863418579102,0.48417062111014914,0.36275620614388043,0.4273625612258911
resnet32x12_cifar100_K12_unif2-step_seed0001_d020,10,300,0,0,2,0.22208475911710715,0.8986385464668274,0.3420125731818394,0.43514335654314784,0.46594691276550293
resnet32x12_cifar100_K12_unif2-step_seed0001_d020,10,350,0,0,2,0.4542418283506008,0.8228929042816162,0.43836733041958476,0.3548507138454572,0.4206317961215973
resnet32x12_cifar100_K12_unif2-step_seed0001_d020,10,400,0,0,2,0.26211333008092425,0.9031672477722168,0.34159239083355936,0.35156174765612314,0.4155943989753723
resnet32x12_cifar100_K12_unif2-step_seed0001_d020,10,450,0,0,2,0.21572600283091473,0.8967366218566895,0.2653224940150498,0.4755088226651087,0.4934220612049103
resnet32x12_cifar100_K12_unif2-step_seed0001_d020,10,500,0,0,2,0.43589476314663134,0.7979333400726318,0.4581722347611794,0.3743406101346382,0.3995574414730072
resnet32x12_cifar100_K12_unif2-step_seed0001_d020,10,550,0,0,2,0.3949772994257731,0.8539302349090576,0.44049586358967985,0.3313208216406658,0.3996768593788147
resnet32x12_cifar100_K12_unif2-step_seed0001_d020,10,600,0,0,2,0.3512782445135725,0.8808413743972778,0.2825451690106905,0.44260587815674823,0.5476965308189392
resnet32x12_cifar100_K12_unif2-step_seed0001_d020,10,650,0,0,2,0.25004556401269074,0.8853964805603027,0.3228815168507323,0.4285228203557998,0.4583962559700012
resnet32x12_cifar100_K12_unif2-step_seed0001_d020,10,700,0,0,2,0.24156099261232314,0.9034806489944458,0.26601206556192925,0.4348940211580024,0.497508704662323
resnet32x12_cifar100_K12_unif2-step_seed0001_d020,11,0,0,0,2,0.4337359237653065,0.8053334951400757,0.39010247999541914,0.4641913315448077,0.5069940090179443
resnet32x12_cifar100_K12_unif2-step_seed0001_d020,11,50,0,0,2,0.5432633856665338,0.8070529699325562,0.503700805376501,0.32463374637415,0.40520304441452026
resnet32x12_cifar100_K12_unif2-step_seed0001_d020,11,100,0,0,2,0.4504745610218364,0.8189939260482788,0.4250546322386085,0.3624056652248908,0.4229884445667267
resnet32x12_cifar100_K12_unif2-step_seed0001_d020,11,150,0,0,2,0.3319679211705215,0.8754479885101318,0.42803414162325437,0.37483656818717914,0.4457179009914398
resnet32x12_cifar100_K12_unif2-step_seed0001_d020,11,200,0,0,2,0.5966553699302596,0.8278640508651733,0.5334692294812371,0.33882571799399847,0.4604351818561554
resnet32x12_cifar100_K12_unif2-step_seed0001_d020,11,250,0,0,2,0.4246129401213792,0.841105580329895,0.3988937447294192,0.3515471984924187,0.423446387052536
resnet32x12_cifar100_K12_unif2-step_seed0001_d020,11,300,0,0,2,0.22487101893135206,0.8992153406143188,0.3152706817916215,0.36694295328591137,0.397081583738327
resnet32x12_cifar100_K12_unif2-step_seed0001_d020,11,350,0,0,2,0.3036542484516971,0.8673602342605591,0.2677646302165808,0.5002914115945566,0.5522894859313965
resnet32x12_cifar100_K12_unif2-step_seed0001_d020,11,400,0,0,2,0.3548080207173152,0.865268349647522,0.36683755930451467,0.3729448428600233,0.4426773190498352
resnet32x12_cifar100_K12_unif2-step_seed0001_d020,11,450,0,0,2,0.2106223660922623,0.8983919620513916,0.24288699176403047,0.47871181592234247,0.4938141405582428
resnet32x12_cifar100_K12_unif2-step_seed0001_d020,11,500,0,0,2,0.7651102825159942,0.7681729197502136,0.6723822853687542,0.3188879504600275,0.43501394987106323
resnet32x12_cifar100_K12_unif2-step_seed0001_d020,11,550,0,0,2,0.2459069021884153,0.8868353366851807,0.30074333673276005,0.43368020785158035,0.462645947933197
resnet32x12_cifar100_K12_unif2-step_seed0001_d020,11,600,0,0,2,0.42830305521152107,0.8245055675506592,0.40660451862983205,0.38761828063238674,0.44704416394233704
resnet32x12_cifar100_K12_unif2-step_seed0001_d020,11,650,0,0,2,0.32023737271281283,0.8898407816886902,0.2923810014262962,0.378076766224369,0.46298733353614807
resnet32x12_cifar100_K12_unif2-step_seed0001_d020,11,700,0,0,2,0.25991606572070075,0.8852512836456299,0.2693453635758479,0.4776024961563676,0.5225082635879517
resnet32x12_cifar100_K12_unif2-step_seed0001_d020,12,0,0,0,2,0.33007523923669113,0.8461253643035889,0.38926155341975394,0.4144551556651625,0.4395748972892761
resnet32x12_cifar100_K12_unif2-step_seed0001_d020,12,50,0,0,2,0.4440885214160404,0.8327144980430603,0.47318791387929654,0.36723988747745323,0.4419831335544586
resnet32x12_cifar100_K12_unif2-step_seed0001_d020,12,100,0,0,2,0.25091912927273063,0.9125680923461914,0.3260087789298861,0.45792734704074006,0.550372302532196
resnet32x12_cifar100_K12_unif2-step_seed0001_d020,12,150,0,0,2,0.33332674004876717,0.8535268902778625,0.43558907527448887,0.3589191032901481,0.39559823274612427
resnet32x12_cifar100_K12_unif2-step_seed0001_d020,12,200,0,0,2,0.44813148743914494,0.8415075540542603,0.491544279870257,0.3768805794753614,0.466130793094635
resnet32x12_cifar100_K12_unif2-step_seed0001_d020,12,250,0,0,2,0.33242945082950837,0.9012798070907593,0.3842740566813994,0.4061750562939112,0.5206027626991272
resnet32x12_cifar100_K12_unif2-step_seed0001_d020,12,300,0,0,2,0.6231435302267401,0.762677788734436,0.4354749854578373,0.40262319989469664,0.48928743600845337
resnet32x12_cifar100_K12_unif2-step_seed0001_d020,12,350,0,0,2,0.3140028248797724,0.8772253394126892,0.3628991737707803,0.4292736488008664,0.5006341934204102
resnet32x12_cifar100_K12_unif2-step_seed0001_d020,12,400,0,0,2,0.2566082227512533,0.8932007551193237,0.2235643952240827,0.45301654767450444,0.5103104710578918
resnet32x12_cifar100_K12_unif2-step_seed0001_d020,12,450,0,0,2,0.36390298389642045,0.8951966762542725,0.31174165731583836,0.45172570655029004,0.5880310535430908
resnet32x12_cifar100_K12_unif2-step_seed0001_d020,12,500,0,0,2,0.325447613104244,0.8626695871353149,0.31007823127724626,0.44625373550262043,0.5027385950088501
resnet32x12_cifar100_K12_unif2-step_seed0001_d020,12,550,0,0,2,0.329761240177825,0.8612949252128601,0.3721402524334958,0.37662246511564085,0.4251534938812256
resnet32x12_cifar100_K12_unif2-step_seed0001_d020,12,600,0,0,2,0.4562209773306251,0.7758116126060486,0.39565489525994246,0.42869534822591443,0.4359232783317566
resnet32x12_cifar100_K12_unif2-step_seed0001_d020,12,650,0,0,2,0.2819733414895353,0.911196231842041,0.24711271896268047,0.5178329128553838,0.6453423500061035
resnet32x12_cifar100_K12_unif2-step_seed0001_d020,12,700,0,0,2,0.4392714691920731,0.8164000511169434,0.38905434362411906,0.4033642945773711,0.4604965150356293
resnet32x12_cifar100_K12_unif2-step_seed0001_d020,13,0,0,0,2,0.29916523557273533,0.8663143515586853,0.3455437853685152,0.4940141056012209,0.5380666851997375
resnet32x12_cifar100_K12_unif2-step_seed0001_d020,13,50,0,0,2,0.38199827371382833,0.8638613820075989,0.3951496076458522,0.42652820547111353,0.5212124586105347
resnet32x12_cifar100_K12_unif2-step_seed0001_d020,13,100,0,0,2,0.37288249324360717,0.8357744812965393,0.4614292633527415,0.4256860644134703,0.4695253074169159
resnet32x12_cifar100_K12_unif2-step_seed0001_d020,13,150,0,0,2,0.2524502358764966,0.8747570514678955,0.30186738286101755,0.44512294616589615,0.44851088523864746
resnet32x12_cifar100_K12_unif2-step_seed0001_d020,13,200,0,0,2,0.2641533532887769,0.8789716362953186,0.3139491216559607,0.40848795978236957,0.43735167384147644
resnet32x12_cifar100_K12_unif2-step_seed0001_d020,13,250,0,0,2,0.317748053448415,0.899014949798584,0.4375093114180401,0.42775637426370217,0.536383330821991
resnet32x12_cifar100_K12_unif2-step_seed0001_d020,13,300,0,0,2,0.4312792719687503,0.8587616086006165,0.43094903934175377,0.4280084924813457,0.5433802008628845
resnet32x12_cifar100_K12_unif2-step_seed0001_d020,13,350,0,0,2,0.363804351146204,0.8667325973510742,0.38220248331475176,0.4417427603231462,0.5326943397521973
resnet32x12_cifar100_K12_unif2-step_seed0001_d020,13,400,0,0,2,0.31410753753110904,0.8620845079421997,0.3553915347178048,0.4366453371802155,0.4809443950653076
resnet32x12_cifar100_K12_unif2-step_seed0001_d020,13,450,0,0,2,0.38023911570584057,0.8323174715042114,0.4036449379147891,0.3569723752684347,0.39355742931365967
resnet32x12_cifar100_K12_unif2-step_seed0001_d020,13,500,0,0,2,0.4477478951213527,0.8210927248001099,0.43475436922920785,0.3586377999835937,0.41971156001091003
resnet32x12_cifar100_K12_unif2-step_seed0001_d020,13,550,0,0,2,0.3260011983966098,0.8658485412597656,0.31730280602063515,0.4874102491510782,0.5561234354972839
resnet32x12_cifar100_K12_unif2-step_seed0001_d020,13,600,0,0,2,0.32494049074858916,0.8803795576095581,0.38982464115772264,0.3638586767146299,0.43540090322494507
resnet32x12_cifar100_K12_unif2-step_seed0001_d020,13,650,0,0,2,0.4534913276185493,0.8419666290283203,0.530041555173522,0.35374601243942716,0.44039762020111084
resnet32x12_cifar100_K12_unif2-step_seed0001_d020,13,700,0,0,2,0.6509908263729303,0.8052060604095459,0.4554785026238644,0.38015980171272296,0.5141024589538574
resnet32x12_cifar100_K12_unif2-step_seed0001_d020,14,0,0,0,2,0.35238441391909997,0.869920015335083,0.42913111653494457,0.46431400663506517,0.55731201171875
resnet32x12_cifar100_K12_unif2-step_seed0001_d020,14,50,0,0,2,0.27154324513500483,0.8895360827445984,0.2928587087870364,0.5203787409226202,0.5933208465576172
resnet32x12_cifar100_K12_unif2-step_seed0001_d020,14,100,0,0,2,0.418421990985279,0.8325445652008057,0.3792673466155318,0.4335554982401273,0.505759596824646
resnet32x12_cifar100_K12_unif2-step_seed0001_d020,14,150,0,0,2,0.4941936702691531,0.84359210729599,0.36850349963221635,0.49758809220280725,0.6455159187316895
resnet32x12_cifar100_K12_unif2-step_seed0001_d020,14,200,0,0,2,0.36626091120327825,0.8569194078445435,0.4019569382941026,0.4310255890372664,0.5060454607009888
resnet32x12_cifar100_K12_unif2-step_seed0001_d020,14,250,0,0,2,0.4295441291147126,0.8476390838623047,0.39127888693430785,0.44680097340283104,0.5506346225738525
resnet32x12_cifar100_K12_unif2-step_seed0001_d020,14,300,0,0,2,0.4203916814218052,0.8482420444488525,0.3811547698772817,0.40586021871176176,0.49607592821121216
resnet32x12_cifar100_K12_unif2-step_seed0001_d020,14,350,0,0,2,0.3699698849291255,0.8620638847351074,0.4294802689540997,0.407707753376783,0.48859819769859314
resnet32x12_cifar100_K12_unif2-step_seed0001_d020,14,400,0,0,2,0.4155277174925703,0.8346004486083984,0.42042296338025525,0.4217322779235112,0.4931705892086029
resnet32x12_cifar100_K12_unif2-step_seed0001_d020,14,450,0,0,2,0.3079596624979937,0.8541581630706787,0.4243470162864666,0.3861402944053167,0.4046463966369629
resnet32x12_cifar100_K12_unif2-step_seed0001_d020,14,500,0,0,2,0.3009693155740503,0.8668745756149292,0.3445945449874784,0.4372528604290653,0.47917410731315613
resnet32x12_cifar100_K12_unif2-step_seed0001_d020,14,550,0,0,2,0.32791232165988227,0.856935977935791,0.39922722367372304,0.393656998959088,0.43555712699890137
resnet32x12_cifar100_K12_unif2-step_seed0001_d020,14,600,0,0,2,0.3788540482947408,0.8344681859016418,0.44495474526498596,0.40385490253425066,0.4477451741695404
resnet32x12_cifar100_K12_unif2-step_seed0001_d020,14,650,0,0,2,0.3698882267124657,0.8663151264190674,0.35116474304882456,0.3905604118356053,0.47386229038238525
resnet32x12_cifar100_K12_unif2-step_seed0001_d020,14,700,0,0,2,0.4813303303936875,0.8285776376724243,0.48427231634246176,0.3758417854007165,0.46540433168411255
resnet32x12_cifar100_K12_unif2-step_seed0001_d020,15,0,0,0,2,0.3278846275974521,0.8975511193275452,0.3624433878956965,0.4633515875494309,0.5851683616638184
resnet32x12_cifar100_K12_unif2-step_seed0001_d020,15,50,0,0,2,0.38979518148385994,0.8578343987464905,0.31437918095229056,0.49486458558958835,0.5999446511268616
resnet32x12_cifar100_K12_unif2-step_seed0001_d020,15,100,0,0,2,0.3020985158066655,0.8507615327835083,0.3016384110809081,0.45302287957010096,0.458312451839447
resnet32x12_cifar100_K12_unif2-step_seed0001_d020,15,150,0,0,2,0.36632429994757293,0.852612316608429,0.42104472022126344,0.40678828597227734,0.47106778621673584
resnet32x12_cifar100_K12_unif2-step_seed0001_d020,15,200,0,0,2,0.6728506643113498,0.8075308203697205,0.40879643540207894,0.40911695413693727,0.5635915994644165
resnet32x12_cifar100_K12_unif2-step_seed0001_d020,15,250,0,0,2,0.4382972622026707,0.859337568283081,0.4576542999336035,0.4245700231879822,0.5433494448661804
resnet32x12_cifar100_K12_unif2-step_seed0001_d020,15,300,0,0,2,0.38573157550008585,0.8421715497970581,0.456955337764668,0.3846967025449422,0.44254258275032043
resnet32x12_cifar100_K12_unif2-step_seed0001_d020,15,350,0,0,2,0.4956396832869272,0.8446488380432129,0.49582223094883815,0.3968303843073165,0.516630232334137
resnet32x12_cifar100_K12_unif2-step_seed0001_d020,15,400,0,0,2,0.419061358199745,0.8369612097740173,0.5000178375980613,0.4191921369570007,0.495796799659729
resnet32x12_cifar100_K12_unif2-step_seed0001_d020,15,450,0,0,2,0.6317987890827458,0.8397582769393921,0.3986044315935444,0.4180258239567326,0.5937090516090393
resnet32x12_cifar100_K12_unif2-step_seed0001_d020,15,500,0,0,2,0.389128818293953,0.8834482431411743,0.40624972136669874,0.38739742105720576,0.5017901062965393
resnet32x12_cifar100_K12_unif2-step_seed0001_d020,15,550,0,0,2,0.32016953790282254,0.8884039521217346,0.3153567021123262,0.4280148635983932,0.5218390226364136
resnet32x12_cifar100_K12_unif2-step_seed0001_d020,15,600,0,0,2,0.6587258768349591,0.7785507440567017,0.5483223739592262,0.3744273581852923,0.48421066999435425
resnet32x12_cifar100_K12_unif2-step_seed0001_d020,15,650,0,0,2,0.38133840018320714,0.830286979675293,0.39710545028484995,0.37333057261337466,0.4092484712600708
resnet32x12_cifar100_K12_unif2-step_seed0001_d020,15,700,0,0,2,0.3188246990020534,0.8761643171310425,0.39373414077319896,0.39878738225104066,0.4666825234889984
resnet32x12_cifar100_K12_unif2-step_seed0001_d020,16,0,0,0,2,0.3085834458580731,0.8606429100036621,0.32598252037271513,0.4524954335630372,0.48989689350128174
resnet32x12_cifar100_K12_unif2-step_seed0001_d020,16,50,0,0,2,0.489592377937346,0.7858020067214966,0.5546422560910408,0.3482918340752784,0.3876588046550751
resnet32x12_cifar100_K12_unif2-step_seed0001_d020,16,100,0,0,2,0.25219191582151196,0.8871828317642212,0.2997889350414312,0.4958717570389947,0.5382130742073059
resnet32x12_cifar100_K12_unif2-step_seed0001_d020,16,150,0,0,2,0.3221825670611454,0.8594580888748169,0.4695884026425601,0.35197246807430566,0.3893299102783203
resnet32x12_cifar100_K12_unif2-step_seed0001_d020,16,200,0,0,2,0.4876014876114682,0.8116273880004883,0.5313173111362166,0.3968787651183785,0.4739415943622589
resnet32x12_cifar100_K12_unif2-step_seed0001_d020,16,250,0,0,2,0.5963975501582884,0.7627013325691223,0.3562360233798542,0.43493467336427666,0.5152814984321594
resnet32x12_cifar100_K12_unif2-step_seed0001_d020,16,300,0,0,2,0.4285983430779502,0.8263377547264099,0.4180693045833418,0.3760551865842746,0.43628135323524475
resnet32x12_cifar100_K12_unif2-step_seed0001_d020,16,350,0,0,2,0.5006392980794517,0.8061403036117554,0.6069797824879846,0.35856713838255155,0.42815980315208435
resnet32x12_cifar100_K12_unif2-step_seed0001_d020,16,400,0,0,2,0.24395090134018055,0.917273759841919,0.228253057738416,0.5588058922482244,0.6758237481117249
resnet32x12_cifar100_K12_unif2-step_seed0001_d020,16,450,0,0,2,0.2763476425247478,0.8763863444328308,0.2945571745156953,0.5292165772737244,0.5753117203712463
resnet32x12_cifar100_K12_unif2-step_seed0001_d020,16,500,0,0,2,0.36805593336896336,0.8729237914085388,0.4030456425161225,0.39788177480391723,0.490807443857193
resnet32x12_cifar100_K12_unif2-step_seed0001_d020,16,550,0,0,2,0.4898722696123017,0.7981375455856323,0.3648558108160119,0.4538389041071678,0.5238942503929138
resnet32x12_cifar100_K12_unif2-step_seed0001_d020,16,600,0,0,2,0.4381522159649914,0.8223111629486084,0.38273873938647823,0.43140636318361425,0.5006318092346191
resnet32x12_cifar100_K12_unif2-step_seed0001_d020,16,650,0,0,2,0.4650606118698891,0.7948414087295532,0.438226702317667,0.42502050069843283,0.47008216381073
resnet32x12_cifar100_K12_unif2-step_seed0001_d020,16,700,0,0,2,0.2922443190051415,0.8763272762298584,0.3533222284046667,0.44837552416589754,0.5029298663139343
resnet32x12_cifar100_K12_unif2-step_seed0001_d020,17,0,0,0,2,0.3438830444059883,0.892385721206665,0.38107053931588075,0.5203762210169113,0.6592469215393066
resnet32x12_cifar100_K12_unif2-step_seed0001_d020,17,50,0,0,2,0.24095763784333205,0.898472011089325,0.27370175443601713,0.521150146132054,0.5826660394668579
resnet32x12_cifar100_K12_unif2-step_seed0001_d020,17,100,0,0,2,0.4128074558515264,0.8522639274597168,0.4553886294973909,0.40377798275776744,0.49475201964378357
resnet32x12_cifar100_K12_unif2-step_seed0001_d020,17,150,0,0,2,0.31011721168965306,0.8434211015701294,0.3440177948617427,0.45838681544754467,0.4537888169288635
resnet32x12_cifar100_K12_unif2-step_seed0001_d020,17,200,0,0,2,0.4232066099012694,0.8644869327545166,0.3837032871529029,0.46512960412100274,0.5941831469535828
resnet32x12_cifar100_K12_unif2-step_seed0001_d020,17,250,0,0,2,0.5014326269536304,0.8458401560783386,0.4553848167250532,0.4190834013457871,0.5496454238891602
resnet32x12_cifar100_K12_unif2-step_seed0001_d020,17,300,0,0,2,0.3889120811650714,0.8540670275688171,0.3688558650966624,0.43347100934874067,0.5193315744400024
resnet32x12_cifar100_K12_unif2-step_seed0001_d020,17,350,0,0,2,0.35109098724483573,0.8544938564300537,0.30294343401702317,0.4943651737051612,0.5633483529090881
resnet32x12_cifar100_K12_unif2-step_seed0001_d020,17,400,0,0,2,0.38881170941284104,0.843897819519043,0.4473950318928106,0.4084284767257416,0.4744565486907959
resnet32x12_cifar100_K12_unif2-step_seed0001_d020,17,450,0,0,2,0.39376133638409794,0.8326923847198486,0.39082024502427654,0.44871100880597475,0.5060939192771912
resnet32x12_cifar100_K12_unif2-step_seed0001_d020,17,500,0,0,2,0.23877347424078485,0.8934440612792969,0.2515517863416801,0.4616050412377115,0.5012285113334656
resnet32x12_cifar100_K12_unif2-step_seed0001_d020,17,550,0,0,2,0.3023703266971352,0.858741044998169,0.3081162802747509,0.48115303189704794,0.5091834664344788
resnet32x12_cifar100_K12_unif2-step_seed0001_d020,17,600,0,0,2,0.6075590513059762,0.8152300119400024,0.4657619001400071,0.35868420758541797,0.4795316457748413
resnet32x12_cifar100_K12_unif2-step_seed0001_d020,17,650,0,0,2,0.3366957271662478,0.8416973352432251,0.3616538334429794,0.41675319567887065,0.4393341839313507
resnet32x12_cifar100_K12_unif2-step_seed0001_d020,17,700,0,0,2,0.4185105525891757,0.8607925772666931,0.37434903715522416,0.4343439434118874,0.5473319292068481
resnet32x12_cifar100_K12_unif2-step_seed0001_d020,18,0,0,0,2,0.4361470522726123,0.8306384086608887,0.43444165907221377,0.409785330037687,0.4859046936035156
resnet32x12_cifar100_K12_unif2-step_seed0001_d020,18,50,0,0,2,0.21505273829585814,0.9162998199462891,0.2506748676888596,0.49410181307750495,0.5682617425918579
resnet32x12_cifar100_K12_unif2-step_seed0001_d020,18,100,0,0,2,0.35633438613054735,0.8558915853500366,0.38096536974291173,0.4540127903296147,0.5239430665969849
resnet32x12_cifar100_K12_unif2-step_seed0001_d020,18,150,0,0,2,0.4302390371597958,0.8473741412162781,0.4560647431273603,0.3999717940876254,0.49294450879096985
resnet32x12_cifar100_K12_unif2-step_seed0001_d020,18,200,0,0,2,0.46153921832069805,0.8184484243392944,0.5505665245067798,0.3872313521877942,0.4572952389717102
resnet32x12_cifar100_K12_unif2-step_seed0001_d020,18,250,0,0,2,0.3701685915888507,0.8482444286346436,0.4074564698448361,0.41205556798468057,0.4729255735874176
resnet32x12_cifar100_K12_unif2-step_seed0001_d020,18,300,0,0,2,0.3154812102486856,0.8684005737304688,0.35968303324958617,0.43803449746257744,0.49595150351524353
resnet32x12_cifar100_K12_unif2-step_seed0001_d020,18,350,0,0,2,0.47606438083484326,0.8229228854179382,0.5461097359018506,0.37256343333449465,0.4524466395378113
resnet32x12_cifar100_K12_unif2-step_seed0001_d020,18,400,0,0,2,0.303099488087085,0.8814255595207214,0.3284714240226744,0.46963831653554955,0.5467936396598816
resnet32x12_cifar100_K12_unif2-step_seed0001_d020,18,450,0,0,2,0.21536360540604713,0.8961679339408875,0.2629872434952749,0.5168177363307683,0.5334137678146362
resnet32x12_cifar100_K12_unif2-step_seed0001_d020,18,500,0,0,2,0.2710571936179398,0.8737707138061523,0.29029324942284235,0.45342054265688647,0.4804445505142212
resnet32x12_cifar100_K12_unif2-step_seed0001_d020,18,550,0,0,2,0.43408791363614313,0.8390504121780396,0.42346820359616455,0.4004248999835171,0.48477840423583984
resnet32x12_cifar100_K12_unif2-step_seed0001_d020,18,600,0,0,2,0.2802900332343843,0.8799831867218018,0.3793386330648342,0.4009731799845629,0.4465954601764679
resnet32x12_cifar100_K12_unif2-step_seed0001_d020,18,650,0,0,2,0.30871518007824533,0.8636782765388489,0.29892064565442983,0.4830255476629879,0.5301027297973633
resnet32x12_cifar100_K12_unif2-step_seed0001_d020,18,700,0,0,2,0.4207601478962064,0.7813273668289185,0.362017115890855,0.473155144571447,0.45330849289894104
resnet32x12_cifar100_K12_unif2-step_seed0001_d020,19,0,0,0,2,0.24992960587857063,0.8728387355804443,0.2598836501030561,0.6242646659989028,0.6126292943954468
resnet32x12_cifar100_K12_unif2-step_seed0001_d020,19,50,0,0,2,0.2727509802175694,0.8699532747268677,0.35226586489315986,0.42553182172964477,0.4433664381504059
resnet32x12_cifar100_K12_unif2-step_seed0001_d020,19,100,0,0,2,0.42112740950789507,0.8624894022941589,0.37969526484624444,0.43220590024051386,0.548344075679779
resnet32x12_cifar100_K12_unif2-step_seed0001_d020,19,150,0,0,2,0.32903568129282357,0.8632588386535645,0.3067011306932418,0.44852732645946064,0.5094150900840759
resnet32x12_cifar100_K12_unif2-step_seed0001_d020,19,200,0,0,2,0.3140587556082306,0.8863348364830017,0.2917592999953142,0.5018551504501934,0.603232741355896
resnet32x12_cifar100_K12_unif2-step_seed0001_d020,19,250,0,0,2,0.24222283117680599,0.9038660526275635,0.30571477725431345,0.489200657230062,0.5611961483955383
resnet32x12_cifar100_K12_unif2-step_seed0001_d020,19,300,0,0,2,0.21408882581467978,0.9083619117736816,0.2944052339001568,0.5594099257663641,0.6189186573028564
resnet32x12_cifar100_K12_unif2-step_seed0001_d020,19,350,0,0,2,0.30846536010296577,0.879226803779602,0.2887782459814921,0.4530931001155104,0.5277257561683655
resnet32x12_cifar100_K12_unif2-step_seed0001_d020,19,400,0,0,2,0.49642293923512504,0.8144320249557495,0.47284837110308403,0.35942500222688956,0.4363725185394287
resnet32x12_cifar100_K12_unif2-step_seed0001_d020,19,450,0,0,2,0.3795464049588964,0.8435021638870239,0.2442910228517889,0.5305679093776161,0.6076244711875916
resnet32x12_cifar100_K12_unif2-step_seed0001_d020,19,500,0,0,2,0.46868827493621423,0.7708662152290344,0.363573619296117,0.5217779240577323,0.5331059098243713
resnet32x12_cifar100_K12_unif2-step_seed0001_d020,19,550,0,0,2,0.4016652498194633,0.8536556959152222,0.4331881843844893,0.36594818861912176,0.4445377290248871
resnet32x12_cifar100_K12_unif2-step_seed0001_d020,19,600,0,0,2,0.5715583364804863,0.8019354343414307,0.42294004091852927,0.3903612009028739,0.4939038157463074
resnet32x12_cifar100_K12_unif2-step_seed0001_d020,19,650,0,0,2,0.20571148142501455,0.9035065174102783,0.24201165672649283,0.5127518395642445,0.5393890142440796
resnet32x12_cifar100_K12_unif2-step_seed0001_d020,19,700,0,0,2,0.3616973591046205,0.8286076784133911,0.34522920390361694,0.44957745369975194,0.4713158905506134
resnet32x12_cifar100_K12_unif2-step_seed0001_d020,20,0,0,0,2,0.2325553775992182,0.8939064145088196,0.24331925640484992,0.5322098755626612,0.5703893899917603
resnet32x12_cifar100_K12_unif2-step_seed0001_d020,20,50,0,0,2,0.35678278299207955,0.8728297352790833,0.4286223726348469,0.418028853898996,0.5088390707969666
resnet32x12_cifar100_K12_unif2-step_seed0001_d020,20,100,0,0,2,0.34540755825220637,0.857677698135376,0.43213615621742174,0.43738513528572126,0.49963170289993286
resnet32x12_cifar100_K12_unif2-step_seed0001_d020,20,150,0,0,2,0.2544837950186739,0.9094820022583008,0.2785319772810499,0.531413726260528,0.6351519823074341
resnet32x12_cifar100_K12_unif2-step_seed0001_d020,20,200,0,0,2,0.41653381739238987,0.8638841509819031,0.32334649913265795,0.516169982509455,0.6541966795921326
resnet32x12_cifar100_K12_unif2-step_seed0001_d020,20,250,0,0,2,0.34965830847142565,0.9178610444068909,0.33705669598990917,0.48055415441177723,0.6517199873924255
resnet32x12_cifar100_K12_unif2-step_seed0001_d020,20,300,0,0,2,0.416290386232459,0.8293577432632446,0.42649113381963916,0.46229269949322177,0.5325801968574524
resnet32x12_cifar100_K12_unif2-step_seed0001_d020,20,350,0,0,2,0.3272301521163414,0.8778021335601807,0.3286744966911931,0.47318997474903,0.5633226633071899
resnet32x12_cifar100_K12_unif2-step_seed0001_d020,20,400,0,0,2,0.39077079135710285,0.8713752627372742,0.3635077632561457,0.4629530079972243,0.5827460289001465
resnet32x12_cifar100_K12_unif2-step_seed0001_d020,20,450,0,0,2,0.34179602985329116,0.8402968049049377,0.3997259415812269,0.42450654540278365,0.44961416721343994
resnet32x12_cifar100_K12_unif2-step_seed0001_d020,20,500,0,0,2,0.3613558147081611,0.843043863773346,0.45623106853433215,0.3758284636278577,0.4177403748035431
resnet32x12_cifar100_K12_unif2-step_seed0001_d020,20,550,0,0,2,0.4188805279029982,0.8299464583396912,0.5092824326083798,0.3926327985203415,0.4547121822834015
resnet32x12_cifar100_K12_unif2-step_seed0001_d020,20,600,0,0,2,0.3378712906882341,0.9042996764183044,0.36112810786315824,0.5089716373234526,0.6610515117645264
resnet32x12_cifar100_K12_unif2-step_seed0001_d020,20,650,0,0,2,0.33068092692570467,0.8805974721908569,0.4074522866115215,0.4490627183694647,0.5417391657829285
resnet32x12_cifar100_K12_unif2-step_seed0001_d020,20,700,0,0,2,0.3733546200391904,0.8316315412521362,0.4313302170417203,0.4014026041485257,0.43613001704216003
resnet32x12_cifar100_K12_unif2-step_seed0001_d020,21,0,0,0,2,0.3060005148790641,0.8496366739273071,0.3844410770001413,0.4431638916876082,0.4505290389060974
resnet32x12_cifar100_K12_unif2-step_seed0001_d020,21,50,0,0,2,0.32967192869916,0.8496425151824951,0.3502529410859904,0.4542539771466987,0.48910439014434814
resnet32x12_cifar100_K12_unif2-step_seed0001_d020,21,100,0,0,2,0.6701010160089172,0.7494593858718872,0.5425919868806288,0.36397981646144273,0.44802477955818176
resnet32x12_cifar100_K12_unif2-step_seed0001_d020,21,150,0,0,2,0.2695818091599769,0.8844164609909058,0.2937062961122606,0.4630200651725287,0.5148577690124512
resnet32x12_cifar100_K12_unif2-step_seed0001_d020,21,200,0,0,2,0.31131050286474915,0.8682277202606201,0.30325537440858835,0.5017420105842136,0.5636736750602722
resnet32x12_cifar100_K12_unif2-step_seed0001_d020,21,250,0,0,2,0.24471186863957045,0.8907977342605591,0.2577951101742534,0.5306909087532896,0.5765050053596497
resnet32x12_cifar100_K12_unif2-step_seed0001_d020,21,300,0,0,2,0.4220229558908213,0.8602247834205627,0.37029748787809913,0.47654636543351997,0.6017489433288574
resnet32x12_cifar100_K12_unif2-step_seed0001_d020,21,350,0,0,2,0.2378127177943499,0.8807534575462341,0.26646120649290544,0.5145673597484647,0.5130817294120789
resnet32x12_cifar100_K12_unif2-step_seed0001_d020,21,400,0,0,2,0.28217160168485905,0.8751696348190308,0.32250493504025163,0.474519493477408,0.5193483233451843
resnet32x12_cifar100_K12_unif2-step_seed0001_d020,21,450,0,0,2,0.3247849420815493,0.8830302953720093,0.3358439402436516,0.4454256717026157,0.5373335480690002
resnet32x12_cifar100_K12_unif2-step_seed0001_d020,21,500,0,0,2,0.3609769304178494,0.8574028015136719,0.3795901465975838,0.5034724593618719,0.5877683758735657
resnet32x12_cifar100_K12_unif2-step_seed0001_d020,21,550,0,0,2,0.37610583224115335,0.8732988238334656,0.35307655933516024,0.424375119553382,0.5286862850189209
resnet32x12_cifar100_K12_unif2-step_seed0001_d020,21,600,0,0,2,0.2888726515817472,0.8730306029319763,0.3297993052135795,0.46912405666090795,0.5155599117279053
resnet32x12_cifar100_K12_unif2-step_seed0001_d020,21,650,0,0,2,0.4489856342405251,0.8421694040298462,0.421457135392997,0.4053052407160951,0.5025609731674194
resnet32x12_cifar100_K12_unif2-step_seed0001_d020,21,700,0,0,2,0.24777689334011843,0.9170953035354614,0.30591619491157934,0.4751479307510774,0.5773792266845703
resnet32x12_cifar100_K12_unif2-step_seed0001_d020,22,0,0,0,2,0.37373317391818967,0.8299108743667603,0.363221568156666,0.5060323471032001,0.5464547872543335
resnet32x12_cifar100_K12_unif2-step_seed0001_d020,22,50,0,0,2,0.30428860274169045,0.873516857624054,0.38459882332878587,0.49604761104341083,0.5620111227035522
resnet32x12_cifar100_K12_unif2-step_seed0001_d020,22,100,0,0,2,0.39911520231699643,0.839668869972229,0.48953427837993796,0.38524336613111604,0.44780904054641724
resnet32x12_cifar100_K12_unif2-step_seed0001_d020,22,150,0,0,2,0.3737648678623186,0.8611221313476562,0.403574758768044,0.3881967986158134,0.46609818935394287
resnet32x12_cifar100_K12_unif2-step_seed0001_d020,22,200,0,0,2,0.3725879419169984,0.8449600338935852,0.447231111078475,0.4079215799074088,0.46468231081962585
resnet32x12_cifar100_K12_unif2-step_seed0001_d020,22,250,0,0,2,0.5992024825883872,0.7857921123504639,0.48028929899722234,0.43360148242550983,0.5425535440444946
resnet32x12_cifar100_K12_unif2-step_seed0001_d020,22,300,0,0,2,0.3035739261565974,0.8583630323410034,0.44667915868282415,0.42168102396708623,0.44667142629623413
resnet32x12_cifar100_K12_unif2-step_seed0001_d020,22,350,0,0,2,0.2894665089112227,0.8885979652404785,0.322778089784686,0.4839200990867293,0.5660883784294128
resnet32x12_cifar100_K12_unif2-step_seed0001_d020,22,400,0,0,2,0.5052824467193395,0.7797919511795044,0.486307944588212,0.42520112579955655,0.47472795844078064
resnet32x12_cifar100_K12_unif2-step_seed0001_d020,22,450,0,0,2,0.2522354232732876,0.8830865621566772,0.27761185170464997,0.6021845685158025,0.6396335363388062
resnet32x12_cifar100_K12_unif2-step_seed0001_d020,22,500,0,0,2,0.3992146817186298,0.8353099822998047,0.40804278357734036,0.4111928465588809,0.471510648727417
resnet32x12_cifar100_K12_unif2-step_seed0001_d020,22,550,0,0,2,0.37867839014851057,0.8207471370697021,0.4116214335546583,0.4543745307447694,0.47684261202812195
resnet32x12_cifar100_K12_unif2-step_seed0001_d020,22,600,0,0,2,0.3312316456895818,0.8566961884498596,0.3739382116755866,0.4517652894426751,0.5023452639579773
resnet32x12_cifar100_K12_unif2-step_seed0001_d020,22,650,0,0,2,0.3702486855176307,0.8581706285476685,0.3495833970526253,0.48959448646124304,0.5800856351852417
resnet32x12_cifar100_K12_unif2-step_seed0001_d020,22,700,0,0,2,0.4322912257304757,0.8158174157142639,0.5381521535442472,0.37548087996987783,0.4237774610519409
resnet32x12_cifar100_K12_unif2-step_seed0001_d020,23,0,0,0,2,0.29610408810286876,0.8846691250801086,0.378933859801384,0.46681315501406273,0.5439688563346863
resnet32x12_cifar100_K12_unif2-step_seed0001_d020,23,50,0,0,2,0.32610390730938804,0.8407734632492065,0.2974230037101384,0.5289403974815897,0.54081130027771
resnet32x12_cifar100_K12_unif2-step_seed0001_d020,23,100,0,0,2,0.21299190107543248,0.92564857006073,0.23263667283259098,0.566655334424793,0.6742504835128784
resnet32x12_cifar100_K12_unif2-step_seed0001_d020,23,150,0,0,2,0.6622893002182595,0.7882009148597717,0.4893569264438573,0.3756771332016956,0.4961549639701843
resnet32x12_cifar100_K12_unif2-step_seed0001_d020,23,200,0,0,2,0.3938574564254534,0.8751959204673767,0.4491339311984444,0.37911930190123716,0.4833686053752899
resnet32x12_cifar100_K12_unif2-step_seed0001_d020,23,250,0,0,2,0.43869530135255375,0.8516232371330261,0.3695301936632275,0.4923072548151365,0.6186036467552185
resnet32x12_cifar100_K12_unif2-step_seed0001_d020,23,300,0,0,2,0.599723610859005,0.804527759552002,0.4591199737176365,0.3729141958073145,0.48535051941871643
resnet32x12_cifar100_K12_unif2-step_seed0001_d020,23,350,0,0,2,0.5669150227535956,0.7896819114685059,0.3938899700541019,0.5047697608446501,0.6189281940460205
resnet32x12_cifar100_K12_unif2-step_seed0001_d020,23,400,0,0,2,0.2350524671044102,0.8951741456985474,0.3079854400783582,0.5141474621719129,0.5583300590515137
resnet32x12_cifar100_K12_unif2-step_seed0001_d020,23,450,0,0,2,0.4419910146474408,0.8269762992858887,0.37759121755669084,0.4869146066257881,0.5754225850105286
resnet32x12_cifar100_K12_unif2-step_seed0001_d020,23,500,0,0,2,0.3695136592855798,0.8497703671455383,0.4086621140192839,0.4650714060347545,0.535977840423584
resnet32x12_cifar100_K12_unif2-step_seed0001_d020,23,550,0,0,2,0.47484775386360156,0.789700984954834,0.4457988297728827,0.4036408598398602,0.4454212486743927
resnet32x12_cifar100_K12_unif2-step_seed0001_d020,23,600,0,0,2,0.21481616344329219,0.8985428214073181,0.2770752528387991,0.5176501529886084,0.5422510504722595
resnet32x12_cifar100_K12_unif2-step_seed0001_d020,23,650,0,0,2,0.29745628349294473,0.870549201965332,0.3498470454037842,0.48515638268510414,0.5364543199539185
resnet32x12_cifar100_K12_unif2-step_seed0001_d020,23,700,0,0,2,0.36612611809065904,0.8825020790100098,0.31309000176607943,0.5176606886167072,0.6539124846458435
resnet32x12_cifar100_K12_unif2-step_seed0001_d020,24,0,0,0,2,0.17790499555602057,0.9350466728210449,0.23195987580491556,0.7207851208198982,0.8386749029159546
resnet32x12_cifar100_K12_unif2-step_seed0001_d020,24,50,0,0,2,0.3899965876865141,0.8370335102081299,0.34034862396206506,0.5208363882611009,0.5927469730377197
resnet32x12_cifar100_K12_unif2-step_seed0001_d020,24,100,0,0,2,0.3835079757857413,0.84071946144104,0.3539256167258499,0.44615396671094326,0.509172260761261
resnet32x12_cifar100_K12_unif2-step_seed0001_d020,24,150,0,0,2,0.29680636033586716,0.8640483617782593,0.39740731167353655,0.47664888568316954,0.5111305117607117
resnet32x12_cifar100_K12_unif2-step_seed0001_d020,24,200,0,0,2,0.30544488193768066,0.8690891265869141,0.33749872907816114,0.4886143120665114,0.5450912117958069
resnet32x12_cifar100_K12_unif2-step_seed0001_d020,24,250,0,0,2,0.3616025083953111,0.846833348274231,0.3047834515234852,0.5037929496251364,0.5679866075515747
resnet32x12_cifar100_K12_unif2-step_seed0001_d020,24,300,0,0,2,0.49651034959619145,0.8293969035148621,0.5509116246750512,0.417701100725199,0.525813102722168
resnet32x12_cifar100_K12_unif2-step_seed0001_d020,24,350,0,0,2,0.2700995594432825,0.8693856000900269,0.2576096231907524,0.49588654163180773,0.5109696984291077
resnet32x12_cifar100_K12_unif2-step_seed0001_d020,24,400,0,0,2,0.4114324187292302,0.8501929044723511,0.45254484277108653,0.3943365579782548,0.47975319623947144
resnet32x12_cifar100_K12_unif2-step_seed0001_d020,24,450,0,0,2,0.3661355898160902,0.8499388098716736,0.32881745158276704,0.46655565677128785,0.5353640913963318
resnet32x12_cifar100_K12_unif2-step_seed0001_d020,24,500,0,0,2,0.3722462473417104,0.8360065221786499,0.3407088979236413,0.47742587193205055,0.5264825224876404
resnet32x12_cifar100_K12_unif2-step_seed0001_d020,24,550,0,0,2,0.22351979540011557,0.8916612863540649,0.36054732811164136,0.40515285674416407,0.4164842367172241
resnet32x12_cifar100_K12_unif2-step_seed0001_d020,24,600,0,0,2,0.24444174228146445,0.9001021385192871,0.2652694643485212,0.49962428997524755,0.5664858222007751
resnet32x12_cifar100_K12_unif2-step_seed0001_d020,24,650,0,0,2,0.2755434747621331,0.877196192741394,0.2782486740985126,0.535742835010745,0.5836206674575806
resnet32x12_cifar100_K12_unif2-step_seed0001_d020,24,700,0,0,2,0.22421362349582782,0.9081893563270569,0.245550252525797,0.6108905579076898,0.6900604963302612
resnet32x12_cifar100_K12_unif2-step_seed0001_d020,25,0,0,0,2,0.3137496385223636,0.8732452988624573,0.22327562369254686,0.6268631582387245,0.7205682992935181
resnet32x12_cifar100_K12_unif2-step_seed0001_d020,25,50,0,0,2,0.3767901426489259,0.8521040678024292,0.35062173634487936,0.4391570725861828,0.5150609016418457
resnet32x12_cifar100_K12_unif2-step_seed0001_d020,25,100,0,0,2,0.30039453519265635,0.879427969455719,0.3236325868414382,0.48631012358536485,0.5597757697105408
resnet32x12_cifar100_K12_unif2-step_seed0001_d020,25,150,0,0,2,0.54196585800631,0.8100681304931641,0.3906103198821191,0.4424263972691727,0.5553503036499023
resnet32x12_cifar100_K12_unif2-step_seed0001_d020,25,200,0,0,2,0.184215170261419,0.9134682416915894,0.22614573931332255,0.5453425325359649,0.572606086730957
resnet32x12_cifar100_K12_unif2-step_seed0001_d020,25,250,0,0,2,0.30923749257912075,0.8857308626174927,0.31894359952603635,0.4825747166729856,0.575194239616394
resnet32x12_cifar100_K12_unif2-step_seed0001_d020,25,300,0,0,2,0.27243250025715354,0.8828480243682861,0.33357045884374825,0.42022865976594886,0.4666892886161804
resnet32x12_cifar100_K12_unif2-step_seed0001_d020,25,350,0,0,2,0.38185574126933663,0.8430817723274231,0.335274844701509,0.4524628635573969,0.5191803574562073
resnet32x12_cifar100_K12_unif2-step_seed0001_d020,25,400,0,0,2,0.28287464360616865,0.8835258483886719,0.2720465366518594,0.583073930170139,0.6620821356773376
resnet32x12_cifar100_K12_unif2-step_seed0001_d020,25,450,0,0,2,0.3107163243559872,0.854865312576294,0.3202510913767921,0.46838568199158964,0.49583670496940613
resnet32x12_cifar100_K12_unif2-step_seed0001_d020,25,500,0,0,2,0.4408056766874126,0.8159385919570923,0.40488198735748937,0.44921883292819376,0.5131767392158508
resnet32x12_cifar100_K12_unif2-step_seed0001_d020,25,550,0,0,2,0.4450473318004002,0.8448775410652161,0.4146821561691511,0.4057935571401599,0.5045867562294006
resnet32x12_cifar100_K12_unif2-step_seed0001_d020,25,600,0,0,2,0.40594222713668077,0.8189568519592285,0.3987903104858048,0.47647733396377534,0.5221156477928162
resnet32x12_cifar100_K12_unif2-step_seed0001_d020,25,650,0,0,2,0.45403244076592636,0.8467886447906494,0.3544436394167611,0.45373306910136,0.5718899965286255
resnet32x12_cifar100_K12_unif2-step_seed0001_d020,25,700,0,0,2,0.41087142147952055,0.8425129055976868,0.48312347324861876,0.4006218033483033,0.47671228647232056
resnet32x12_cifar100_K12_unif2-step_seed0001_d020,26,0,0,0,2,0.3007570187313685,0.8848994970321655,0.35750157913495356,0.5254574984849686,0.6170914769172668
resnet32x12_cifar100_K12_unif2-step_seed0001_d020,26,50,0,0,2,0.33598469408970405,0.8738256692886353,0.36622298944190734,0.4892666448530674,0.5819095373153687
resnet32x12_cifar100_K12_unif2-step_seed0001_d020,26,100,0,0,2,0.3898114571740753,0.8387395143508911,0.5084172260640534,0.42021722387321964,0.4808051288127899
resnet32x12_cifar100_K12_unif2-step_seed0001_d020,26,150,0,0,2,0.43136390210941633,0.8273657560348511,0.417974754479158,0.4356977945418592,0.5088093876838684
resnet32x12_cifar100_K12_unif2-step_seed0001_d020,26,200,0,0,2,0.3219279299513643,0.8916140794754028,0.35348356068873565,0.5230739811546461,0.6452252864837646
resnet32x12_cifar100_K12_unif2-step_seed0001_d020,26,250,0,0,2,0.46012898950518233,0.8485404253005981,0.40400988031951063,0.40946280578803096,0.5212383270263672
resnet32x12_cifar100_K12_unif2-step_seed0001_d020,26,300,0,0,2,0.39289662860164337,0.8581538200378418,0.4132447691096395,0.44639727993699585,0.5436097383499146
resnet32x12_cifar100_K12_unif2-step_seed0001_d020,26,350,0,0,2,0.467404921339797,0.824836015701294,0.37819948139298054,0.4192032098040288,0.5069135427474976
resnet32x12_cifar100_K12_unif2-step_seed0001_d020,26,400,0,0,2,0.506979421635231,0.806781530380249,0.4348662074522458,0.42623819102712296,0.5132408142089844
resnet32x12_cifar100_K12_unif2-step_seed0001_d020,26,450,0,0,2,0.2686524503935331,0.8928555250167847,0.21447602895479398,0.6018103299598501,0.6917542219161987
resnet32x12_cifar100_K12_unif2-step_seed0001_d020,26,500,0,0,2,0.4542445139895421,0.8039296865463257,0.3684754481765633,0.4321839378359081,0.48448771238327026
resnet32x12_cifar100_K12_unif2-step_seed0001_d020,26,550,0,0,2,0.4844012844333233,0.8294383883476257,0.5304025664239289,0.3696557139825639,0.46007806062698364
resnet32x12_cifar100_K12_unif2-step_seed0001_d020,26,600,0,0,2,0.5250878219105601,0.7934973239898682,0.49427501407232455,0.38953835980858115,0.462323397397995
resnet32x12_cifar100_K12_unif2-step_seed0001_d020,26,650,0,0,2,0.5107385121987726,0.8355206251144409,0.48828516689118395,0.473284249004989,0.611721396446228
resnet32x12_cifar100_K12_unif2-step_seed0001_d020,26,700,0,0,2,0.46316878602463496,0.8573452234268188,0.4176291809691498,0.432043914195417,0.5627599954605103
resnet32x12_cifar100_K12_unif2-step_seed0001_d020,27,0,0,0,2,0.33140733867581845,0.8543701171875,0.35087434709432136,0.5108165212771891,0.5629560947418213
resnet32x12_cifar100_K12_unif2-step_seed0001_d020,27,50,0,0,2,0.39761772933706696,0.8745212554931641,0.36113714476337866,0.46400883168415,0.5927789211273193
resnet32x12_cifar100_K12_unif2-step_seed0001_d020,27,100,0,0,2,0.40848314520219303,0.8559854030609131,0.4003808580551974,0.4149980951173566,0.5111711621284485
resnet32x12_cifar100_K12_unif2-step_seed0001_d020,27,150,0,0,2,0.34979879754275306,0.8649469614028931,0.32561781048116134,0.47488348309801465,0.5593594908714294
resnet32x12_cifar100_K12_unif2-step_seed0001_d020,27,200,0,0,2,0.26612611191265456,0.8965318202972412,0.2615578736226478,0.5208236566280431,0.6046289205551147
resnet32x12_cifar100_K12_unif2-step_seed0001_d020,27,250,0,0,2,0.26812057080376234,0.9023151993751526,0.29897659400542204,0.5152162318762487,0.6126864552497864
resnet32x12_cifar100_K12_unif2-step_seed0001_d020,27,300,0,0,2,0.22524799919324717,0.8988851308822632,0.2477283262478931,0.5824662189757135,0.6297688484191895
resnet32x12_cifar100_K12_unif2-step_seed0001_d020,27,350,0,0,2,0.34325051642665444,0.8462224006652832,0.3285211616191834,0.43962087184691306,0.47911056876182556
resnet32x12_cifar100_K12_unif2-step_seed0001_d020,27,400,0,0,2,0.31373951646159703,0.8692911863327026,0.30411776554459347,0.5305542878301674,0.6009813547134399
resnet32x12_cifar100_K12_unif2-step_seed0001_d020,27,450,0,0,2,0.3076810163037756,0.8647611737251282,0.3055918905151242,0.5116704961724549,0.5630067586898804
resnet32x12_cifar100_K12_unif2-step_seed0001_d020,27,500,0,0,2,0.27885866583231206,0.9035300016403198,0.31930545850811376,0.5112415447328709,0.6196840405464172
resnet32x12_cifar100_K12_unif2-step_seed0001_d020,27,550,0,0,2,0.5368071926307808,0.8270009756088257,0.5102916779642125,0.4197533202661969,0.5443480014801025
resnet32x12_cifar100_K12_unif2-step_seed0001_d020,27,600,0,0,2,0.47895673623552343,0.7798795104026794,0.384331532800684,0.4408767190861316,0.473996639251709
resnet32x12_cifar100_K12_unif2-step_seed0001_d020,27,650,0,0,2,0.4005013739920587,0.8171892762184143,0.308234641593737,0.464819578936798,0.5013227462768555
resnet32x12_cifar100_K12_unif2-step_seed0001_d020,27,700,0,0,2,0.4660622063638301,0.800768256187439,0.39040127655070866,0.4281556654479879,0.4830978214740753
resnet32x12_cifar100_K12_unif2-step_seed0001_d020,28,0,0,0,2,0.27509020376285587,0.8638207912445068,0.2940901309142113,0.5717256882656518,0.5772632360458374
resnet32x12_cifar100_K12_unif2-step_seed0001_d020,28,50,0,0,2,0.2900351357455872,0.8801369667053223,0.31940151246145554,0.5265158193934139,0.597307026386261
resnet32x12_cifar100_K12_unif2-step_seed0001_d020,28,100,0,0,2,0.24605430819064222,0.9121685028076172,0.3120293104972137,0.46381919210993516,0.5527065992355347
resnet32x12_cifar100_K12_unif2-step_seed0001_d020,28,150,0,0,2,0.34363492655981587,0.8593186140060425,0.3941269904948622,0.42356101201890745,0.4853101670742035
resnet32x12_cifar100_K12_unif2-step_seed0001_d020,28,200,0,0,2,0.3613317416684406,0.8603206872940063,0.3266778328504139,0.4954004624777719,0.5840203762054443
resnet32x12_cifar100_K12_unif2-step_seed0001_d020,28,250,0,0,2,0.5121924011692568,0.8132306337356567,0.4782560851250586,0.43244937716229825,0.5318296551704407
resnet32x12_cifar100_K12_unif2-step_seed0001_d020,28,300,0,0,2,0.43464316042767903,0.7779314517974854,0.3425092302540387,0.4592592755348164,0.4489176273345947
resnet32x12_cifar100_K12_unif2-step_seed0001_d020,28,350,0,0,2,0.2351103605909986,0.9066665172576904,0.2800120025834432,0.549889810318024,0.6300290822982788
resnet32x12_cifar100_K12_unif2-step_seed0001_d020,28,400,0,0,2,0.37380543527972865,0.8593558073043823,0.4070042197610898,0.46694260880089733,0.5577465295791626
resnet32x12_cifar100_K12_unif2-step_seed0001_d020,28,450,0,0,2,0.26134281175295765,0.8715990781784058,0.23716972023312954,0.5735080758717646,0.5830332636833191
resnet32x12_cifar100_K12_unif2-step_seed0001_d020,28,500,0,0,2,0.3257200347358388,0.8795620799064636,0.35092126020669717,0.47962384251983536,0.5730351209640503
resnet32x12_cifar100_K12_unif2-step_seed0001_d020,28,550,0,0,2,0.276711531783693,0.8581497073173523,0.36557907199257605,0.44564278383869976,0.4334973394870758
resnet32x12_cifar100_K12_unif2-step_seed0001_d020,28,600,0,0,2,0.4220184615262044,0.8304547667503357,0.3400000398356042,0.457686777395855,0.5330362319946289
resnet32x12_cifar100_K12_unif2-step_seed0001_d020,28,650,0,0,2,0.40917272086420564,0.8281499147415161,0.4103053596560977,0.46697158417029605,0.5306565761566162
resnet32x12_cifar100_K12_unif2-step_seed0001_d020,28,700,0,0,2,0.4282415346950361,0.8313781023025513,0.3282050320255313,0.4655149726672326,0.5478952527046204
resnet32x12_cifar100_K12_unif2-step_seed0001_d020,29,0,0,0,2,0.37325180467973057,0.8269631862640381,0.36897828222387646,0.5138812780532628,0.5477771162986755
resnet32x12_cifar100_K12_unif2-step_seed0001_d020,29,50,0,0,2,0.28810881542960876,0.8760348558425903,0.28936414237118846,0.5169342354408617,0.5746843218803406
resnet32x12_cifar100_K12_unif2-step_seed0001_d020,29,100,0,0,2,0.6032850566311794,0.7695406675338745,0.4120520970328584,0.45436805370850825,0.5505437850952148
resnet32x12_cifar100_K12_unif2-step_seed0001_d020,29,150,0,0,2,0.5618641541931488,0.8005491495132446,0.5001391606161223,0.47773203626981936,0.5975564122200012
resnet32x12_cifar100_K12_unif2-step_seed0001_d020,29,200,0,0,2,0.39233198640268196,0.8682543039321899,0.4422609127854282,0.4119687495821571,0.515213131904602
resnet32x12_cifar100_K12_unif2-step_seed0001_d020,29,250,0,0,2,0.25151280602581105,0.8923734426498413,0.27559312378611933,0.5418935600102943,0.6021000146865845
resnet32x12_cifar100_K12_unif2-step_seed0001_d020,29,300,0,0,2,0.3952410825806856,0.8621085286140442,0.3882600424764914,0.41731992612855456,0.5150675773620605
resnet32x12_cifar100_K12_unif2-step_seed0001_d020,29,350,0,0,2,0.293550301173016,0.8843985795974731,0.2953438218873242,0.4880801587871324,0.5659557580947876
resnet32x12_cifar100_K12_unif2-step_seed0001_d020,29,400,0,0,2,0.25307137900169535,0.8925222158432007,0.3346196761287795,0.4783379672598039,0.5335304737091064
resnet32x12_cifar100_K12_unif2-step_seed0001_d020,29,450,0,0,2,0.33048403319084735,0.8536691069602966,0.3231752828765401,0.5164093640763058,0.5665273070335388
resnet32x12_cifar100_K12_unif2-step_seed0001_d020,29,500,0,0,2,0.4271851714601713,0.8138061165809631,0.46248622280984003,0.4503594883183189,0.5012114644050598
resnet32x12_cifar100_K12_unif2-step_seed0001_d020,29,550,0,0,2,0.25575602228760014,0.9059338569641113,0.3265364701993558,0.4757128786968762,0.5625160336494446
resnet32x12_cifar100_K12_unif2-step_seed0001_d020,29,600,0,0,2,0.22399844335971714,0.906057596206665,0.3451901206017904,0.4547397354114654,0.5084196329116821
resnet32x12_cifar100_K12_unif2-step_seed0001_d020,29,650,0,0,2,0.4840882090447556,0.8542652130126953,0.36520220120265107,0.45132681427947385,0.594267725944519
resnet32x12_cifar100_K12_unif2-step_seed0001_d020,29,700,0,0,2,0.338267073115806,0.9016357064247131,0.34854182783817256,0.40591016640676486,0.5238264203071594
resnet32x12_cifar100_K12_unif2-step_seed0001_d020,30,0,0,0,2,0.2938193401942439,0.8844989538192749,0.27694935676488885,0.5754789161664552,0.6678235530853271
resnet32x12_cifar100_K12_unif2-step_seed0001_d020,30,50,0,0,2,0.42307668869174325,0.8629523515701294,0.4000472146045093,0.46123041124280917,0.5869349837303162
resnet32x12_cifar100_K12_unif2-step_seed0001_d020,30,100,0,0,2,0.309519815749839,0.8816297650337219,0.3920141049932123,0.4210890406980442,0.4952986538410187
resnet32x12_cifar100_K12_unif2-step_seed0001_d020,30,150,0,0,2,0.21069147231822832,0.9112294912338257,0.34956844538201887,0.46121152717356845,0.5136925578117371
resnet32x12_cifar100_K12_unif2-step_seed0001_d020,30,200,0,0,2,0.4388374150936387,0.8146113157272339,0.41318125120852556,0.43327216517501793,0.49161505699157715
resnet32x12_cifar100_K12_unif2-step_seed0001_d020,30,250,0,0,2,0.30913353211380296,0.8724154233932495,0.41685423752987094,0.40578136557194383,0.4615551233291626
resnet32x12_cifar100_K12_unif2-step_seed0001_d020,30,300,0,0,2,0.44797363484442965,0.8154474496841431,0.4031980468014228,0.4665976382474159,0.5372849702835083
resnet32x12_cifar100_K12_unif2-step_seed0001_d020,30,350,0,0,2,0.2817651990274017,0.8573052883148193,0.2957025729394218,0.4528987911818046,0.446865439414978
resnet32x12_cifar100_K12_unif2-step_seed0001_d020,30,400,0,0,2,0.4634585501529065,0.7824400663375854,0.424808985766162,0.440729888985148,0.466082364320755
resnet32x12_cifar100_K12_unif2-step_seed0001_d020,30,450,0,0,2,0.25935640892824335,0.8714693188667297,0.28645935777068954,0.5374790376079761,0.542121410369873
resnet32x12_cifar100_K12_unif2-step_seed0001_d020,30,500,0,0,2,0.38154654998461573,0.8673858046531677,0.43498645467360275,0.45634219400837694,0.5628141164779663
resnet32x12_cifar100_K12_unif2-step_seed0001_d020,30,550,0,0,2,0.33068990454592767,0.8476210236549377,0.307765117829755,0.5036747718657908,0.5385903120040894
resnet32x12_cifar100_K12_unif2-step_seed0001_d020,30,600,0,0,2,0.2864880860712806,0.8717681169509888,0.3232804108193512,0.4808893301315765,0.5228863954544067
resnet32x12_cifar100_K12_unif2-step_seed0001_d020,30,650,0,0,2,0.44951885585762635,0.8354880809783936,0.3784210630511526,0.4303044485032872,0.5248090028762817
resnet32x12_cifar100_K12_unif2-step_seed0001_d020,30,700,0,0,2,0.30560116188757974,0.8923816680908203,0.3366519108801577,0.5066600339961508,0.6139055490493774
resnet32x12_cifar100_K12_unif2-step_seed0001_d020,31,0,0,0,2,0.2912045710279658,0.8637738227844238,0.3453886310707726,0.5128881473292568,0.5420877933502197
resnet32x12_cifar100_K12_unif2-step_seed0001_d020,31,50,0,0,2,0.3147726203064841,0.8717080354690552,0.2786858516664788,0.5098376753009984,0.5837259292602539
resnet32x12_cifar100_K12_unif2-step_seed0001_d020,31,100,0,0,2,0.3132718366741198,0.8655783534049988,0.40873583896422144,0.41168958064773004,0.45927006006240845
resnet32x12_cifar100_K12_unif2-step_seed0001_d020,31,150,0,0,2,0.29108703601282654,0.8631151914596558,0.3387256750374298,0.4953432338337203,0.5215944647789001
resnet32x12_cifar100_K12_unif2-step_seed0001_d020,31,200,0,0,2,0.30119333983385776,0.8755141496658325,0.4020041251614021,0.4403560094677356,0.5001306533813477
resnet32x12_cifar100_K12_unif2-step_seed0001_d020,31,250,0,0,2,0.37520180055574776,0.8688238859176636,0.3738022601662244,0.5098058165860053,0.6267846822738647
resnet32x12_cifar100_K12_unif2-step_seed0001_d020,31,300,0,0,2,0.5028372596562963,0.819548487663269,0.5449209905316489,0.42530912068613014,0.5262250304222107
resnet32x12_cifar100_K12_unif2-step_seed0001_d020,31,350,0,0,2,0.3737538261108208,0.8834092617034912,0.3170471493568559,0.5323808079062604,0.6793438792228699
resnet32x12_cifar100_K12_unif2-step_seed0001_d020,31,400,0,0,2,0.45695535485858835,0.8282729387283325,0.39259366474318896,0.43894508665302573,0.5295499563217163
resnet32x12_cifar100_K12_unif2-step_seed0001_d020,31,450,0,0,2,0.42167616187706114,0.8135251402854919,0.4058631308053115,0.44133655031562147,0.48656806349754333
resnet32x12_cifar100_K12_unif2-step_seed0001_d020,31,500,0,0,2,0.35677594437701116,0.8463321924209595,0.37524220875974745,0.4622067256227696,0.5161080360412598
resnet32x12_cifar100_K12_unif2-step_seed0001_d020,31,550,0,0,2,0.2208380546168199,0.9004299640655518,0.26500845705861803,0.5638072929112273,0.6079132556915283
resnet32x12_cifar100_K12_unif2-step_seed0001_d020,31,600,0,0,2,0.37064152693291447,0.8360080122947693,0.3060165228358921,0.5427732046922292,0.5969056487083435
resnet32x12_cifar100_K12_unif2-step_seed0001_d020,31,650,0,0,2,0.30960105031218177,0.8744604587554932,0.2790342011116181,0.5575196135710139,0.6394793391227722
resnet32x12_cifar100_K12_unif2-step_seed0001_d020,31,700,0,0,2,0.5665258681816552,0.7761474251747131,0.4179311266962505,0.47009992135912887,0.5580834746360779
resnet32x12_cifar100_K12_unif2-step_seed0001_d020,32,0,0,0,2,0.29461763276051056,0.8532304763793945,0.2856390855244149,0.6032400150033931,0.6054298877716064
resnet32x12_cifar100_K12_unif2-step_seed0001_d020,32,50,0,0,2,0.4648301626195869,0.8669541478157043,0.4954462215356699,0.4203825796477915,0.5600272417068481
resnet32x12_cifar100_K12_unif2-step_seed0001_d020,32,100,0,0,2,0.3640397823117345,0.8563246726989746,0.3297268567609681,0.4790871301927313,0.5597198009490967
resnet32x12_cifar100_K12_unif2-step_seed0001_d020,32,150,0,0,2,0.32251842177582807,0.8798035979270935,0.376669339552959,0.4881127333717694,0.5811301469802856
resnet32x12_cifar100_K12_unif2-step_seed0001_d020,32,200,0,0,2,0.5115690707111284,0.8308483362197876,0.47741780027498915,0.4002117408668273,0.512333869934082
resnet32x12_cifar100_K12_unif2-step_seed0001_d020,32,250,0,0,2,0.4409034640139089,0.8370517492294312,0.37639106833416364,0.49909880007471763,0.6055541634559631
resnet32x12_cifar100_K12_unif2-step_seed0001_d020,32,300,0,0,2,0.19368092651751667,0.9106712937355042,0.22747223861105315,0.5571807382529557,0.5919148325920105
resnet32x12_cifar100_K12_unif2-step_seed0001_d020,32,350,0,0,2,0.4812541525764518,0.850421667098999,0.4791478980522995,0.46427525289770094,0.6047679781913757
resnet32x12_cifar100_K12_unif2-step_seed0001_d020,32,400,0,0,2,0.4199153057155464,0.8418259024620056,0.34314455992722953,0.49763428296723333,0.5973677039146423
resnet32x12_cifar100_K12_unif2-step_seed0001_d020,32,450,0,0,2,0.28993849006581557,0.8724843859672546,0.2980364426883582,0.5005652391766245,0.5499643683433533
resnet32x12_cifar100_K12_unif2-step_seed0001_d020,32,500,0,0,2,0.364025211411843,0.842732846736908,0.37695556368007016,0.5200657783682786,0.5799633860588074
resnet32x12_cifar100_K12_unif2-step_seed0001_d020,32,550,0,0,2,0.28665345237577844,0.8558022975921631,0.31027922303694827,0.48990057413363836,0.48687684535980225
resnet32x12_cifar100_K12_unif2-step_seed0001_d020,32,600,0,0,2,0.34306935811537737,0.8612902760505676,0.34720467890865364,0.5059246477705961,0.5831537842750549
resnet32x12_cifar100_K12_unif2-step_seed0001_d020,32,650,0,0,2,0.4716257859344823,0.8045536279678345,0.47203607316310925,0.39249903323424995,0.45114588737487793
resnet32x12_cifar100_K12_unif2-step_seed0001_d020,32,700,0,0,2,0.3671119063197249,0.8516291379928589,0.34249019954492116,0.4345142456919494,0.5021144151687622
resnet32x12_cifar100_K12_unif2-step_seed0001_d020,33,0,0,0,2,0.32271508434240564,0.8706493973731995,0.29935750524541516,0.5660508191610487,0.6536794304847717
resnet32x12_cifar100_K12_unif2-step_seed0001_d020,33,50,0,0,2,0.5588402101316928,0.755605161190033,0.4542919534391947,0.4210977458587335,0.46988365054130554
resnet32x12_cifar100_K12_unif2-step_seed0001_d020,33,100,0,0,2,0.49591621607026515,0.8489750623703003,0.29744526701756285,0.523192391014182,0.687714695930481
resnet32x12_cifar100_K12_unif2-step_seed0001_d020,33,150,0,0,2,0.22043615887491658,0.9121504426002502,0.2666403059314442,0.5297298842045303,0.6045172214508057
resnet32x12_cifar100_K12_unif2-step_seed0001_d020,33,200,0,0,2,0.3985371886514856,0.8317968845367432,0.423310319719546,0.40487495043013183,0.4585215747356415
resnet32x12_cifar100_K12_unif2-step_seed0001_d020,33,250,0,0,2,0.2893783701118671,0.8884338140487671,0.33518651920420434,0.4483996843881798,0.5241596698760986
resnet32x12_cifar100_K12_unif2-step_seed0001_d020,33,300,0,0,2,0.526438414560566,0.8362917900085449,0.37779007281859295,0.4412888733757987,0.5787501931190491
resnet32x12_cifar100_K12_unif2-step_seed0001_d020,33,350,0,0,2,0.3072577354704812,0.8845341801643372,0.34214921075456123,0.5130010655914453,0.6073749661445618
resnet32x12_cifar100_K12_unif2-step_seed0001_d020,33,400,0,0,2,0.32769963140576475,0.8645637631416321,0.3900873173792804,0.40083039486231625,0.4564397931098938
resnet32x12_cifar100_K12_unif2-step_seed0001_d020,33,450,0,0,2,0.2421265454874632,0.9242145419120789,0.30280866972544007,0.5308607021424671,0.6553661823272705
resnet32x12_cifar100_K12_unif2-step_seed0001_d020,33,500,0,0,2,0.24221003780943176,0.8975528478622437,0.27585619638809483,0.4946480810397136,0.5521315932273865
resnet32x12_cifar100_K12_unif2-step_seed0001_d020,33,550,0,0,2,0.5022955179549428,0.8056693077087402,0.45931114969436937,0.41565884258762925,0.49661627411842346
resnet32x12_cifar100_K12_unif2-step_seed0001_d020,33,600,0,0,2,0.33845547926300545,0.867772102355957,0.41495376444993637,0.43531098414127717,0.5094162225723267
resnet32x12_cifar100_K12_unif2-step_seed0001_d020,33,650,0,0,2,0.2602244942047363,0.8877151012420654,0.35223457271583575,0.5348971776998007,0.5923464894294739
resnet32x12_cifar100_K12_unif2-step_seed0001_d020,33,700,0,0,2,0.46791867414605437,0.7986213564872742,0.42078567775435943,0.4685798336149146,0.5265709757804871
resnet32x12_cifar100_K12_unif2-step_seed0001_d020,34,0,0,0,2,0.18207193765429822,0.9471864700317383,0.21148488778499117,0.624065606687833,0.7667719125747681
resnet32x12_cifar100_K12_unif2-step_seed0001_d020,34,50,0,0,2,0.3589192397138344,0.8626219630241394,0.4293512433349388,0.4430273215779019,0.5243734121322632
resnet32x12_cifar100_K12_unif2-step_seed0001_d020,34,100,0,0,2,0.3898100212372844,0.8697826862335205,0.4272153142719038,0.4745174523019155,0.5942460894584656
resnet32x12_cifar100_K12_unif2-step_seed0001_d020,34,150,0,0,2,0.3351797866718762,0.868807315826416,0.32888935537436775,0.49559028489479234,0.5792547464370728
resnet32x12_cifar100_K12_unif2-step_seed0001_d020,34,200,0,0,2,0.3626722006737153,0.8832765817642212,0.31157520047442777,0.4714052021645902,0.5945509076118469
resnet32x12_cifar100_K12_unif2-step_seed0001_d020,34,250,0,0,2,0.2983083527064452,0.8759280443191528,0.289435807913264,0.5508971937715023,0.6236000657081604
resnet32x12_cifar100_K12_unif2-step_seed0001_d020,34,300,0,0,2,0.3844047533269318,0.8660205602645874,0.3892517583326267,0.4270866401668397,0.5264362692832947
resnet32x12_cifar100_K12_unif2-step_seed0001_d020,34,350,0,0,2,0.46666969682766163,0.8431837558746338,0.4021354301465162,0.45247834201216947,0.572223961353302
resnet32x12_cifar100_K12_unif2-step_seed0001_d020,34,400,0,0,2,0.3397638116791632,0.8732396364212036,0.35212632059475674,0.503615716969368,0.600864589214325
resnet32x12_cifar100_K12_unif2-step_seed0001_d020,34,450,0,0,2,0.3924130871479585,0.8510706424713135,0.5842294591923485,0.3896917256949835,0.4647988975048065
resnet32x12_cifar100_K12_unif2-step_seed0001_d020,34,500,0,0,2,0.3680636841288905,0.8775390386581421,0.45374993960958554,0.41929384330334407,0.5237856507301331
resnet32x12_cifar100_K12_unif2-step_seed0001_d020,34,550,0,0,2,0.294677840572919,0.8768136501312256,0.2918214344652875,0.5571653603237873,0.6289095878601074
resnet32x12_cifar100_K12_unif2-step_seed0001_d020,34,600,0,0,2,0.2993758245177796,0.8549217581748962,0.22396364773336766,0.5388702381430672,0.5544414520263672
resnet32x12_cifar100_K12_unif2-step_seed0001_d020,34,650,0,0,2,0.20908813717720232,0.9042246341705322,0.2892421467548226,0.5790942032396271,0.6182745695114136
resnet32x12_cifar100_K12_unif2-step_seed0001_d020,34,700,0,0,2,0.41503438135505294,0.873995304107666,0.35999465425332694,0.43837068974508175,0.568550705909729
resnet32x12_cifar100_K12_unif2-step_seed0001_d020,35,0,0,0,2,0.318426063163685,0.8597461581230164,0.36245335559807956,0.49889640908312854,0.5486486554145813
resnet32x12_cifar100_K12_unif2-step_seed0001_d020,35,50,0,0,2,0.5605951109330224,0.7816764116287231,0.5563184801001771,0.36660188279623146,0.43843328952789307
resnet32x12_cifar100_K12_unif2-step_seed0001_d020,35,100,0,0,2,0.25792112992687055,0.8824381232261658,0.2070374357691973,0.5969445472663154,0.6409973502159119
resnet32x12_cifar100_K12_unif2-step_seed0001_d020,35,150,0,0,2,0.44432936023683733,0.8333340883255005,0.44251948267407953,0.4495445396943685,0.5420875549316406
resnet32x12_cifar100_K12_unif2-step_seed0001_d020,35,200,0,0,2,0.305889921119624,0.8818157315254211,0.27099558829239023,0.5249458614318847,0.6145856976509094
resnet32x12_cifar100_K12_unif2-step_seed0001_d020,35,250,0,0,2,0.6703969213322645,0.7467666864395142,0.4939619006529288,0.455298898214896,0.557431697845459
resnet32x12_cifar100_K12_unif2-step_seed0001_d020,35,300,0,0,2,0.39993492932407326,0.8282047510147095,0.3894690730510633,0.4280718512853885,0.4799628257751465
resnet32x12_cifar100_K12_unif2-step_seed0001_d020,35,350,0,0,2,0.31853841719347775,0.8473532199859619,0.3962507344535517,0.5289443978508149,0.5493208765983582
resnet32x12_cifar100_K12_unif2-step_seed0001_d020,35,400,0,0,2,0.4779409507904112,0.8384527564048767,0.445465108266323,0.38794909417840295,0.49030086398124695
resnet32x12_cifar100_K12_unif2-step_seed0001_d020,35,450,0,0,2,0.5889212678375281,0.8003119230270386,0.4119264936072992,0.4327709536115741,0.5536397695541382
resnet32x12_cifar100_K12_unif2-step_seed0001_d020,35,500,0,0,2,0.36816305236641034,0.8377673029899597,0.3870997736107181,0.4143200199482293,0.4567360579967499
resnet32x12_cifar100_K12_unif2-step_seed0001_d020,35,550,0,0,2,0.3951205468825313,0.8542345762252808,0.35281905169634115,0.4127255935500157,0.4983900785446167
resnet32x12_cifar100_K12_unif2-step_seed0001_d020,35,600,0,0,2,0.3307895521513764,0.8571892976760864,0.3153683515175558,0.49236810488980315,0.5481249690055847
resnet32x12_cifar100_K12_unif2-step_seed0001_d020,35,650,0,0,2,0.5462217665091619,0.8590864539146423,0.4764258603074953,0.43957558515087025,0.6119942665100098
resnet32x12_cifar100_K12_unif2-step_seed0001_d020,35,700,0,0,2,0.16757898440879787,0.917445182800293,0.21636371127309525,0.5897052930806861,0.5978447794914246
resnet32x12_cifar100_K12_unif2-step_seed0001_d020,36,0,0,0,2,0.5756154392643325,0.8011692762374878,0.5098918912262075,0.4130470852808943,0.5235475897789001
resnet32x12_cifar100_K12_unif2-step_seed0001_d020,36,50,0,0,2,0.2757377929753138,0.9030072689056396,0.27671229400821085,0.6121049278307085,0.7375462651252747
resnet32x12_cifar100_K12_unif2-step_seed0001_d020,36,100,0,0,2,0.36721640482928436,0.8570972681045532,0.35179580237308916,0.45700333990967573,0.5375314354896545
resnet32x12_cifar100_K12_unif2-step_seed0001_d020,36,150,0,0,2,0.47264843610220114,0.806709885597229,0.4146375563317172,0.4975997862830347,0.5762378573417664
resnet32x12_cifar100_K12_unif2-step_seed0001_d020,36,200,0,0,2,0.43657455688331565,0.8232688903808594,0.45418024551528685,0.3468268820749858,0.402811735868454
resnet32x12_cifar100_K12_unif2-step_seed0001_d020,36,250,0,0,2,0.3924400817862926,0.8618470430374146,0.35441886749255525,0.470970362862683,0.5790910720825195
resnet32x12_cifar100_K12_unif2-step_seed0001_d020,36,300,0,0,2,0.29644431304499663,0.878551185131073,0.3060855439195976,0.5053061918149192,0.5759919881820679
resnet32x12_cifar100_K12_unif2-step_seed0001_d020,36,350,0,0,2,0.219041419227143,0.8993961811065674,0.28626935165195366,0.5058168960468873,0.5395007133483887
resnet32x12_cifar100_K12_unif2-step_seed0001_d020,36,400,0,0,2,0.3499674908313233,0.846338152885437,0.38161907534039957,0.48183334219998636,0.5318188667297363
resnet32x12_cifar100_K12_unif2-step_seed0001_d020,36,450,0,0,2,0.3719164804437116,0.8384085297584534,0.3301851378092506,0.4826855267221732,0.5367401242256165
resnet32x12_cifar100_K12_unif2-step_seed0001_d020,36,500,0,0,2,0.36099243620590604,0.8765095472335815,0.30693332953837427,0.47003706030116854,0.5809841156005859
resnet32x12_cifar100_K12_unif2-step_seed0001_d020,36,550,0,0,2,0.3790783388830096,0.8656073808670044,0.3789843866468685,0.4101498376254233,0.5019714832305908
resnet32x12_cifar100_K12_unif2-step_seed0001_d020,36,600,0,0,2,0.30958795706315734,0.8713841438293457,0.4130492124141622,0.4403345720053285,0.49928176403045654
resnet32x12_cifar100_K12_unif2-step_seed0001_d020,36,650,0,0,2,0.45624605188770073,0.8116031289100647,0.5569657383940462,0.3615342042248154,0.4159955680370331
resnet32x12_cifar100_K12_unif2-step_seed0001_d020,36,700,0,0,2,0.3066544100828034,0.8600686192512512,0.28092496511734294,0.5104699658442725,0.5489652752876282
resnet32x12_cifar100_K12_unif2-step_seed0001_d020,37,0,0,0,2,0.3341154698505696,0.8537189364433289,0.43503047986007676,0.4646731792980524,0.5132874250411987
resnet32x12_cifar100_K12_unif2-step_seed0001_d020,37,50,0,0,2,0.259967445804104,0.8987957239151001,0.3178190510100925,0.5076547817914636,0.5884643793106079
resnet32x12_cifar100_K12_unif2-step_seed0001_d020,37,100,0,0,2,0.30868241184493367,0.8772080540657043,0.2921177752132307,0.4475116636045574,0.5176852941513062
resnet32x12_cifar100_K12_unif2-step_seed0001_d020,37,150,0,0,2,0.280767444999096,0.8986043930053711,0.365788419146825,0.4189905884648511,0.5009810328483582
resnet32x12_cifar100_K12_unif2-step_seed0001_d020,37,200,0,0,2,0.42655504824756996,0.8537689447402954,0.3127473081504624,0.5257437841435234,0.6561671495437622
resnet32x12_cifar100_K12_unif2-step_seed0001_d020,37,250,0,0,2,0.23271312737626917,0.8995170593261719,0.2180571126491109,0.5190549402300774,0.5730757117271423
resnet32x12_cifar100_K12_unif2-step_seed0001_d020,37,300,0,0,2,0.38362858414279316,0.8220057487487793,0.3605850465810935,0.4830770175345058,0.5147508382797241
resnet32x12_cifar100_K12_unif2-step_seed0001_d020,37,350,0,0,2,0.42939174298023425,0.8394388556480408,0.49203324024160555,0.4148190981334566,0.5000920295715332
resnet32x12_cifar100_K12_unif2-step_seed0001_d020,37,400,0,0,2,0.24500746178675378,0.8867953419685364,0.23945928522563,0.6080821089012334,0.6470198035240173
resnet32x12_cifar100_K12_unif2-step_seed0001_d020,37,450,0,0,2,0.5162383597309815,0.7778122425079346,0.4490286327546946,0.39880980132899224,0.4490572214126587
resnet32x12_cifar100_K12_unif2-step_seed0001_d020,37,500,0,0,2,0.5522048493338835,0.789982795715332,0.5247543366165244,0.39563999557399854,0.4786599278450012
resnet32x12_cifar100_K12_unif2-step_seed0001_d020,37,550,0,0,2,0.320793444238132,0.9141442775726318,0.3559378603295475,0.4277159107699586,0.5601734519004822
resnet32x12_cifar100_K12_unif2-step_seed0001_d020,37,600,0,0,2,0.5992876905727608,0.8025274276733398,0.4555293797198805,0.44526210298961455,0.5769797563552856
resnet32x12_cifar100_K12_unif2-step_seed0001_d020,37,650,0,0,2,0.3139418017557491,0.8739649057388306,0.30279309136508353,0.5180882081703462,0.5972589254379272
resnet32x12_cifar100_K12_unif2-step_seed0001_d020,37,700,0,0,2,0.4567914301333264,0.8515554070472717,0.4061809090372297,0.4844526105661772,0.6191776394844055
resnet32x12_cifar100_K12_unif2-step_seed0001_d020,38,0,0,0,2,0.3184722593522114,0.8788787722587585,0.31242706536343956,0.5550925696558602,0.6552176475524902
resnet32x12_cifar100_K12_unif2-step_seed0001_d020,38,50,0,0,2,0.2868786507379628,0.8716787099838257,0.36419303978315654,0.42092550239372145,0.4578768312931061
resnet32x12_cifar100_K12_unif2-step_seed0001_d020,38,100,0,0,2,0.3290511888823755,0.854539692401886,0.3878620672403986,0.4533421719468992,0.49778488278388977
resnet32x12_cifar100_K12_unif2-step_seed0001_d020,38,150,0,0,2,0.36173636774787554,0.8917844295501709,0.3615741835660847,0.5597028591960145,0.7209179401397705
resnet32x12_cifar100_K12_unif2-step_seed0001_d020,38,200,0,0,2,0.3839004983896252,0.8524610996246338,0.3984840019379945,0.4507472364263716,0.5341411232948303
resnet32x12_cifar100_K12_unif2-step_seed0001_d020,38,250,0,0,2,0.2663243558773738,0.8802409172058105,0.3351425098219329,0.5116231406779445,0.5541350245475769
resnet32x12_cifar100_K12_unif2-step_seed0001_d020,38,300,0,0,2,0.362304155815873,0.8541810512542725,0.36067962264590075,0.5355670772111603,0.6198546290397644
resnet32x12_cifar100_K12_unif2-step_seed0001_d020,38,350,0,0,2,0.36903959452457563,0.8558362126350403,0.43476941422547544,0.41059078631415497,0.4822058379650116
resnet32x12_cifar100_K12_unif2-step_seed0001_d020,38,400,0,0,2,0.3981260028770773,0.8721766471862793,0.40933125784624586,0.4652218282883069,0.5911557078361511
resnet32x12_cifar100_K12_unif2-step_seed0001_d020,38,450,0,0,2,0.406690087404707,0.8147074580192566,0.4045878972027155,0.4431300305294844,0.4786289632320404
resnet32x12_cifar100_K12_unif2-step_seed0001_d020,38,500,0,0,2,0.2620380142908352,0.898737907409668,0.3111408663440728,0.48118980700089337,0.559563159942627
resnet32x12_cifar100_K12_unif2-step_seed0001_d020,38,550,0,0,2,0.44174155304306717,0.8097753524780273,0.38365869273974124,0.4354516168953082,0.4885721504688263
resnet32x12_cifar100_K12_unif2-step_seed0001_d020,38,600,0,0,2,0.40462416355495306,0.8878019452095032,0.4721630553876244,0.432185696248492,0.5734718441963196
resnet32x12_cifar100_K12_unif2-step_seed0001_d020,38,650,0,0,2,0.39991951261067016,0.8512773513793945,0.3231526717365049,0.4615790218632394,0.5558585524559021
resnet32x12_cifar100_K12_unif2-step_seed0001_d020,38,700,0,0,2,0.5010148193892291,0.809127151966095,0.36073041302329395,0.42741725435933653,0.5144896507263184
resnet32x12_cifar100_K12_unif2-step_seed0001_d020,39,0,0,0,2,0.22395465114365543,0.9209965467453003,0.28259944947522336,0.6093058669171092,0.7248774170875549
resnet32x12_cifar100_K12_unif2-step_seed0001_d020,39,50,0,0,2,0.36139230602323535,0.8710873126983643,0.38891439200308175,0.5085585469193887,0.619304895401001
resnet32x12_cifar100_K12_unif2-step_seed0001_d020,39,100,0,0,2,0.39059590668301825,0.8710988163948059,0.3256656886031698,0.4945385201689634,0.6219482421875
resnet32x12_cifar100_K12_unif2-step_seed0001_d020,39,150,0,0,2,0.3694798625509706,0.8438518643379211,0.36774971334683954,0.48063867556954576,0.5428570508956909
resnet32x12_cifar100_K12_unif2-step_seed0001_d020,39,200,0,0,2,0.4021295075980538,0.8164398074150085,0.4324478653149647,0.4756241612671363,0.51298588514328
resnet32x12_cifar100_K12_unif2-step_seed0001_d020,39,250,0,0,2,0.4660974778428762,0.8239499926567078,0.41269010465657396,0.4457088513553934,0.5369574427604675
resnet32x12_cifar100_K12_unif2-step_seed0001_d020,39,300,0,0,2,0.35473074235187907,0.8621611595153809,0.3086073791282457,0.545973170424737,0.6416794657707214
resnet32x12_cifar100_K12_unif2-step_seed0001_d020,39,350,0,0,2,0.2756896174316844,0.8857797384262085,0.35259163005911925,0.5258487845093855,0.5949087142944336
resnet32x12_cifar100_K12_unif2-step_seed0001_d020,39,400,0,0,2,0.5026632056257976,0.7861878871917725,0.4726551914319512,0.42932154937727574,0.486715704202652
resnet32x12_cifar100_K12_unif2-step_seed0001_d020,39,450,0,0,2,0.32310597703897564,0.8630691170692444,0.3294680320200681,0.44909205101222166,0.5047014951705933
resnet32x12_cifar100_K12_unif2-step_seed0001_d020,39,500,0,0,2,0.18605191371225394,0.9232563972473145,0.24263563781820058,0.5268823936730997,0.5897681713104248
resnet32x12_cifar100_K12_unif2-step_seed0001_d020,39,550,0,0,2,0.39001527015855736,0.8335151672363281,0.3138412935407827,0.5559024668093093,0.6251989006996155
resnet32x12_cifar100_K12_unif2-step_seed0001_d020,39,600,0,0,2,0.24665307496447886,0.8973432779312134,0.2897562270438396,0.5316774948306964,0.5981959700584412
resnet32x12_cifar100_K12_unif2-step_seed0001_d020,39,650,0,0,2,0.42395468836499994,0.8575223684310913,0.49592849539505485,0.39613781896417466,0.4978048503398895
resnet32x12_cifar100_K12_unif2-step_seed0001_d020,39,700,0,0,2,0.3456363161030604,0.8932994604110718,0.4064997500871929,0.42325481190005027,0.5384953022003174
resnet32x12_cifar100_K12_unif2-step_seed0001_d020,40,0,0,0,2,0.4028222690533631,0.8290840983390808,0.41332786701489854,0.4533452452410582,0.5120179653167725
resnet32x12_cifar100_K12_unif2-step_seed0001_d020,40,50,0,0,2,0.329746387251787,0.8429892063140869,0.3196381888465655,0.5094089648852658,0.5317873358726501
resnet32x12_cifar100_K12_unif2-step_seed0001_d020,40,100,0,0,2,0.42539841611401,0.8501347899436951,0.4151699840055366,0.48772626235523237,0.6023460030555725
resnet32x12_cifar100_K12_unif2-step_seed0001_d020,40,150,0,0,2,0.40867316081091204,0.8300672769546509,0.3140967116625576,0.5541522169977998,0.6331813931465149
resnet32x12_cifar100_K12_unif2-step_seed0001_d020,40,200,0,0,2,0.25928753842020613,0.9062926173210144,0.34341063444361913,0.459635836319196,0.5470992922782898
resnet32x12_cifar100_K12_unif2-step_seed0001_d020,40,250,0,0,2,0.3203401388852961,0.8612970113754272,0.43396835322737926,0.4457974553898135,0.4951210618019104
resnet32x12_cifar100_K12_unif2-step_seed0001_d020,40,300,0,0,2,0.3272718770098209,0.861648440361023,0.36758612542263164,0.5052058295223945,0.568697452545166
resnet32x12_cifar100_K12_unif2-step_seed0001_d020,40,350,0,0,2,0.3223620126389288,0.8763558864593506,0.368710115349727,0.4678781985398545,0.5506729483604431
resnet32x12_cifar100_K12_unif2-step_seed0001_d020,40,400,0,0,2,0.35983792353909955,0.8339107036590576,0.3156250356643713,0.52113404811618,0.5570676326751709
resnet32x12_cifar100_K12_unif2-step_seed0001_d020,40,450,0,0,2,0.23422560862362807,0.9024108648300171,0.24954051307817435,0.5643780668308411,0.6336833834648132
resnet32x12_cifar100_K12_unif2-step_seed0001_d020,40,500,0,0,2,0.331578250807493,0.8730190396308899,0.36363498367129404,0.5476723444120593,0.645809531211853
resnet32x12_cifar100_K12_unif2-step_seed0001_d020,40,550,0,0,2,0.43917087786710896,0.8518660068511963,0.42779138744170947,0.46851715026576657,0.5893377661705017
resnet32x12_cifar100_K12_unif2-step_seed0001_d020,40,600,0,0,2,0.43147714598556736,0.8434721827507019,0.35695509396474784,0.49714499701302095,0.6072739958763123
resnet32x12_cifar100_K12_unif2-step_seed0001_d020,40,650,0,0,2,0.5104488981546055,0.8272601366043091,0.4258420729495415,0.4404211952760997,0.5587320923805237
resnet32x12_cifar100_K12_unif2-step_seed0001_d020,40,700,0,0,2,0.2877631755355606,0.8826011419296265,0.3302414345392557,0.5342460744496682,0.6095521450042725
resnet32x12_cifar100_K12_unif2-step_seed0001_d020,41,0,0,0,2,0.3527189042783083,0.8403878808021545,0.34574998079225405,0.5511092974354569,0.5969764590263367
resnet32x12_cifar100_K12_unif2-step_seed0001_d020,41,50,0,0,2,0.27792209568748466,0.8826760649681091,0.28623518036014256,0.5134342064406481,0.5758188366889954
resnet32x12_cifar100_K12_unif2-step_seed0001_d020,41,100,0,0,2,0.29182883529624226,0.8763166666030884,0.34502404103281215,0.453453142460248,0.5082187652587891
resnet32x12_cifar100_K12_unif2-step_seed0001_d020,41,150,0,0,2,0.21245218693155465,0.913577675819397,0.2528973873916953,0.5537480740481396,0.6260390281677246
resnet32x12_cifar100_K12_unif2-step_seed0001_d020,41,200,0,0,2,0.2500752537980691,0.8823915123939514,0.28497466870296384,0.5416224687835406,0.5696637630462646
resnet32x12_cifar100_K12_unif2-step_seed0001_d020,41,250,0,0,2,0.41697793381212367,0.8494900465011597,0.44476448279652636,0.441814942331993,0.5398074388504028
resnet32x12_cifar100_K12_unif2-step_seed0001_d020,41,300,0,0,2,0.3335293280866271,0.8635482788085938,0.3194141141331348,0.5618900860128578,0.6433939933776855
resnet32x12_cifar100_K12_unif2-step_seed0001_d020,41,350,0,0,2,0.44905276535753685,0.8305536508560181,0.4561297244886651,0.4503007546030762,0.541806161403656
resnet32x12_cifar100_K12_unif2-step_seed0001_d020,41,400,0,0,2,0.3717235973536078,0.8357486724853516,0.4669284754537853,0.4153788174509182,0.4572075605392456
resnet32x12_cifar100_K12_unif2-step_seed0001_d020,41,450,0,0,2,0.42788237238860155,0.8812544345855713,0.45651793965062787,0.43446808373378815,0.5793467164039612
resnet32x12_cifar100_K12_unif2-step_seed0001_d020,41,500,0,0,2,0.3016534889690057,0.876829981803894,0.30244504841827524,0.5586632105182514,0.6381716132164001
resnet32x12_cifar100_K12_unif2-step_seed0001_d020,41,550,0,0,2,0.445156182390594,0.8244587779045105,0.4283788044385003,0.41924881334313163,0.4938141107559204
resnet32x12_cifar100_K12_unif2-step_seed0001_d020,41,600,0,0,2,0.46654519779101616,0.841093897819519,0.3712901812122291,0.47946673479137175,0.6032689213752747
resnet32x12_cifar100_K12_unif2-step_seed0001_d020,41,650,0,0,2,0.3785527926160677,0.9117404222488403,0.34868783734230374,0.43277362208186426,0.5928154587745667
resnet32x12_cifar100_K12_unif2-step_seed0001_d020,41,700,0,0,2,0.3084040188650943,0.8674333095550537,0.34126918315816296,0.48027484361490036,0.5350742340087891
resnet32x12_cifar100_K12_unif2-step_seed0001_d020,42,0,0,0,2,0.373170176109837,0.8686686754226685,0.3239224750194571,0.5444812702464056,0.667587161064148
resnet32x12_cifar100_K12_unif2-step_seed0001_d020,42,50,0,0,2,0.37411024608532745,0.8703248500823975,0.36120410564990424,0.4682190431116426,0.5773414373397827
resnet32x12_cifar100_K12_unif2-step_seed0001_d020,42,100,0,0,2,0.4715200695850578,0.8272284865379333,0.4316075154959678,0.4298203696378752,0.525230884552002
resnet32x12_cifar100_K12_unif2-step_seed0001_d020,42,150,0,0,2,0.3846188605169991,0.8720977902412415,0.3723565374151304,0.476320048710004,0.5968834757804871
resnet32x12_cifar100_K12_unif2-step_seed0001_d020,42,200,0,0,2,0.4775183328235014,0.8085997104644775,0.45821243582225035,0.4404245786518585,0.5157479047775269
resnet32x12_cifar100_K12_unif2-step_seed0001_d020,42,250,0,0,2,0.3393286063980021,0.8646312952041626,0.3961174736189816,0.4558111026313062,0.5284886956214905
resnet32x12_cifar100_K12_unif2-step_seed0001_d020,42,300,0,0,2,0.4394994126404078,0.8564558625221252,0.3847887048502954,0.4712876928114324,0.5996702313423157
resnet32x12_cifar100_K12_unif2-step_seed0001_d020,42,350,0,0,2,0.20255976877670365,0.9003851413726807,0.23049643304870726,0.6034482159050785,0.612805962562561
resnet32x12_cifar100_K12_unif2-step_seed0001_d020,42,400,0,0,2,0.4247047399772049,0.8093472123146057,0.3822483799853839,0.47052653945639394,0.5136943459510803
resnet32x12_cifar100_K12_unif2-step_seed0001_d020,42,450,0,0,2,0.336612680695031,0.8980481624603271,0.3563647647826027,0.41785004971321216,0.5333179831504822
resnet32x12_cifar100_K12_unif2-step_seed0001_d020,42,500,0,0,2,0.3114952769888205,0.8820226192474365,0.32406914089038175,0.5252013592355983,0.6203258633613586
resnet32x12_cifar100_K12_unif2-step_seed0001_d020,42,550,0,0,2,0.3407034425554441,0.8600835204124451,0.3922086438789364,0.4503194178646159,0.5150372982025146
resnet32x12_cifar100_K12_unif2-step_seed0001_d020,42,600,0,0,2,0.3688536174066191,0.8365365266799927,0.3664212648534178,0.4571455788052381,0.5021935701370239
resnet32x12_cifar100_K12_unif2-step_seed0001_d020,42,650,0,0,2,0.3913039208321474,0.8476004600524902,0.3751468218661289,0.41589883947079814,0.4902850091457367
resnet32x12_cifar100_K12_unif2-step_seed0001_d020,42,700,0,0,2,0.43616956781924926,0.8437107801437378,0.3879507866162371,0.4618958677293262,0.5674117803573608
resnet32x12_cifar100_K12_unif2-step_seed0001_d020,43,0,0,0,2,0.27218916284196754,0.8968296051025391,0.27617235677308943,0.591048191986081,0.6935374140739441
resnet32x12_cifar100_K12_unif2-step_seed0001_d020,43,50,0,0,2,0.45856802199890717,0.8142534494400024,0.312205126149241,0.5008930337437842,0.5825047492980957
resnet32x12_cifar100_K12_unif2-step_seed0001_d020,43,100,0,0,2,0.28042989807756263,0.8819973468780518,0.3461103594897565,0.5039472341504534,0.566211462020874
resnet32x12_cifar100_K12_unif2-step_seed0001_d020,43,150,0,0,2,0.4007998744814238,0.850700855255127,0.3885422715062413,0.4930841362270626,0.5934439301490784
resnet32x12_cifar100_K12_unif2-step_seed0001_d020,43,200,0,0,2,0.4265386216724674,0.8102991580963135,0.4679222498146836,0.4177899379244902,0.45898839831352234
resnet32x12_cifar100_K12_unif2-step_seed0001_d020,43,250,0,0,2,0.515930369765373,0.8412068486213684,0.42669275904482745,0.44208083466960163,0.5809063911437988
resnet32x12_cifar100_K12_unif2-step_seed0001_d020,43,300,0,0,2,0.3491867146250766,0.860957682132721,0.3006168498333767,0.5329450604607218,0.6191123723983765
resnet32x12_cifar100_K12_unif2-step_seed0001_d020,43,350,0,0,2,0.2467853334113019,0.8832667469978333,0.3732692955066403,0.41196164199587426,0.43149566650390625
resnet32x12_cifar100_K12_unif2-step_seed0001_d020,43,400,0,0,2,0.3160117358299174,0.8927271366119385,0.32968688620283587,0.5145591933525165,0.6323122382164001
resnet32x12_cifar100_K12_unif2-step_seed0001_d020,43,450,0,0,2,0.289377952504625,0.8687114715576172,0.3132060815377005,0.50399732136393,0.5435928106307983
resnet32x12_cifar100_K12_unif2-step_seed0001_d020,43,500,0,0,2,0.3688958593823404,0.8399721384048462,0.4668054879456426,0.4186261613122933,0.46585774421691895
resnet32x12_cifar100_K12_unif2-step_seed0001_d020,43,550,0,0,2,0.3377220323128148,0.8939180374145508,0.2931751762019457,0.5183016057081041,0.655028760433197
resnet32x12_cifar100_K12_unif2-step_seed0001_d020,43,600,0,0,2,0.5368710257230509,0.8008766174316406,0.4302529958827469,0.40232910203657674,0.4920894503593445
resnet32x12_cifar100_K12_unif2-step_seed0001_d020,43,650,0,0,2,0.3792925107334125,0.8781987428665161,0.3252802595626391,0.49637131923193667,0.6284928917884827
resnet32x12_cifar100_K12_unif2-step_seed0001_d020,43,700,0,0,2,0.25667805752676404,0.9006099104881287,0.3220512777852671,0.48533816098414223,0.5634528398513794
resnet32x12_cifar100_K12_unif2-step_seed0001_d020,44,0,0,0,2,0.28873315714028125,0.8770644664764404,0.28759140511429604,0.5743710063010958,0.6420575976371765
resnet32x12_cifar100_K12_unif2-step_seed0001_d020,44,50,0,0,2,0.39346517696672995,0.8623878955841064,0.39474211018571004,0.33451445381016187,0.41237717866897583
resnet32x12_cifar100_K12_unif2-step_seed0001_d020,44,100,0,0,2,0.3484772802515961,0.8816523551940918,0.4106233099911666,0.4150297455583386,0.5131089091300964
resnet32x12_cifar100_K12_unif2-step_seed0001_d020,44,150,0,0,2,0.3722095726579902,0.8578039407730103,0.33779438682037893,0.5652889412546449,0.6707120537757874
resnet32x12_cifar100_K12_unif2-step_seed0001_d020,44,200,0,0,2,0.5242821437672451,0.7862046957015991,0.532505941683259,0.4422003430769343,0.5145283341407776
resnet32x12_cifar100_K12_unif2-step_seed0001_d020,44,250,0,0,2,0.27162068722691957,0.8919587731361389,0.3481563115997902,0.4664022780972915,0.5369269847869873
resnet32x12_cifar100_K12_unif2-step_seed0001_d020,44,300,0,0,2,0.42822848249110035,0.8052095174789429,0.3448819755870511,0.49648202134721753,0.5371737480163574
resnet32x12_cifar100_K12_unif2-step_seed0001_d020,44,350,0,0,2,0.26069034168089966,0.9059402942657471,0.2580076047185705,0.5546102335668384,0.660695493221283
resnet32x12_cifar100_K12_unif2-step_seed0001_d020,44,400,0,0,2,0.3469172866961668,0.8401675224304199,0.30657233361073744,0.48739312846713284,0.5214849710464478
resnet32x12_cifar100_K12_unif2-step_seed0001_d020,44,450,0,0,2,0.3018473588181478,0.8819875717163086,0.32657823940936176,0.5460119794712147,0.6357694268226624
resnet32x12_cifar100_K12_unif2-step_seed0001_d020,44,500,0,0,2,0.2206218744527252,0.9055956602096558,0.276268529509058,0.5534566197681712,0.6128982901573181
resnet32x12_cifar100_K12_unif2-step_seed0001_d020,44,550,0,0,2,0.6734361377179497,0.7353402376174927,0.4386299323445788,0.4539480790842664,0.543882429599762
resnet32x12_cifar100_K12_unif2-step_seed0001_d020,44,600,0,0,2,0.3194966127571651,0.8728118538856506,0.4176767584818856,0.4243417080445845,0.49136167764663696
resnet32x12_cifar100_K12_unif2-step_seed0001_d020,44,650,0,0,2,0.3871361287471373,0.8591659069061279,0.3625069718972574,0.4959892102729185,0.6017075181007385
resnet32x12_cifar100_K12_unif2-step_seed0001_d020,44,700,0,0,2,0.38383719200228494,0.8507972359657288,0.3570036110334313,0.4894607336331248,0.5770564079284668
resnet32x12_cifar100_K12_unif2-step_seed0001_d020,45,0,0,0,2,0.6020442593549564,0.8049046397209167,0.4406455755843998,0.5048819861045583,0.6587802171707153
resnet32x12_cifar100_K12_unif2-step_seed0001_d020,45,50,0,0,2,0.3543356763111806,0.8368850946426392,0.5000671307966795,0.3761449065399936,0.40277281403541565
resnet32x12_cifar100_K12_unif2-step_seed0001_d020,45,100,0,0,2,0.624219986960976,0.8114163875579834,0.4037598752183832,0.4179870744057402,0.5613704919815063
resnet32x12_cifar100_K12_unif2-step_seed0001_d020,45,150,0,0,2,0.5390974196719936,0.8015934228897095,0.5741902282031481,0.43477195604895225,0.5338117480278015
resnet32x12_cifar100_K12_unif2-step_seed0001_d020,45,200,0,0,2,0.3781311285465598,0.8382896184921265,0.32306677236401354,0.5626075165037983,0.6316110491752625
resnet32x12_cifar100_K12_unif2-step_seed0001_d020,45,250,0,0,2,0.38767308025325403,0.8658632040023804,0.39513238845412085,0.5012635715768725,0.6198261976242065
resnet32x12_cifar100_K12_unif2-step_seed0001_d020,45,300,0,0,2,0.4401468927068956,0.8496320247650146,0.5673052211928422,0.4200608134520356,0.5259794592857361
resnet32x12_cifar100_K12_unif2-step_seed0001_d020,45,350,0,0,2,0.3124355791612511,0.8789801597595215,0.3319025022093748,0.5078486503058087,0.5944873094558716
resnet32x12_cifar100_K12_unif2-step_seed0001_d020,45,400,0,0,2,0.45540074634901706,0.8351109027862549,0.6392951489603141,0.4113863890157165,0.5043684840202332
resnet32x12_cifar100_K12_unif2-step_seed0001_d020,45,450,0,0,2,0.38984580744061537,0.8182086944580078,0.3668934674607244,0.5037700261946365,0.5348767638206482
resnet32x12_cifar100_K12_unif2-step_seed0001_d020,45,500,0,0,2,0.3216924426540063,0.8950870037078857,0.29952476894933844,0.5455567684530219,0.6795563697814941
resnet32x12_cifar100_K12_unif2-step_seed0001_d020,45,550,0,0,2,0.5933817930486799,0.7488174438476562,0.5040499371754819,0.3931147575257072,0.4486953914165497
resnet32x12_cifar100_K12_unif2-step_seed0001_d020,45,600,0,0,2,0.34480104972927217,0.8887658715248108,0.39080155054041266,0.46136806873912073,0.5793808102607727
resnet32x12_cifar100_K12_unif2-step_seed0001_d020,45,650,0,0,2,0.3738968187629424,0.8205428123474121,0.3223802909915012,0.537334547526989,0.5576292872428894
resnet32x12_cifar100_K12_unif2-step_seed0001_d020,45,700,0,0,2,0.21682196420479383,0.8992338180541992,0.27662106284654997,0.578519609168408,0.6125040054321289
resnet32x12_cifar100_K12_unif2-step_seed0001_d020,46,0,0,0,2,0.2600966776953101,0.881854772567749,0.2039270701733636,0.7546240201358901,0.8121153712272644
resnet32x12_cifar100_K12_unif2-step_seed0001_d020,46,50,0,0,2,0.38692426809798336,0.8427548408508301,0.4426540297957631,0.39473065917292505,0.4557008147239685
resnet32x12_cifar100_K12_unif2-step_seed0001_d020,46,100,0,0,2,0.3590426080389402,0.8582106828689575,0.4739950493931812,0.3904623265098697,0.4558069407939911
resnet32x12_cifar100_K12_unif2-step_seed0001_d020,46,150,0,0,2,0.36888899890704974,0.8517847061157227,0.43205205390882595,0.42637337624658106,0.4941978454589844
resnet32x12_cifar100_K12_unif2-step_seed0001_d020,46,200,0,0,2,0.392653536729912,0.8735371828079224,0.42871391181086776,0.5040858340553178,0.6392574310302734
resnet32x12_cifar100_K12_unif2-step_seed0001_d020,46,250,0,0,2,0.4497974372870141,0.8177453279495239,0.4683661751266204,0.4357621896650697,0.5063516497612
resnet32x12_cifar100_K12_unif2-step_seed0001_d020,46,300,0,0,2,0.4337739521013624,0.8412116169929504,0.4722327359160634,0.42513350115012494,0.5174972414970398
resnet32x12_cifar100_K12_unif2-step_seed0001_d020,46,350,0,0,2,0.3014835218617999,0.8767359852790833,0.3175074583189213,0.5122962197619451,0.5848339796066284
resnet32x12_cifar100_K12_unif2-step_seed0001_d020,46,400,0,0,2,0.20077369637523046,0.9109375476837158,0.2476979788786523,0.5548882725523202,0.6025044918060303
resnet32x12_cifar100_K12_unif2-step_seed0001_d020,46,450,0,0,2,0.3146150449729079,0.872552752494812,0.3636407574825649,0.42666090644112137,0.4898780882358551
resnet32x12_cifar100_K12_unif2-step_seed0001_d020,46,500,0,0,2,0.39450908832109965,0.8315382599830627,0.4004884866087008,0.4562002272434329,0.5131047964096069
resnet32x12_cifar100_K12_unif2-step_seed0001_d020,46,550,0,0,2,0.410217683130453,0.8398021459579468,0.3679352723591837,0.43455700800385355,0.5126182436943054
resnet32x12_cifar100_K12_unif2-step_seed0001_d020,46,600,0,0,2,0.3177596996283818,0.9185484647750854,0.40510486897666687,0.4401200045231985,0.5811379551887512
resnet32x12_cifar100_K12_unif2-step_seed0001_d020,46,650,0,0,2,0.5421752340421782,0.790387749671936,0.36602078603644717,0.4428421229735779,0.530926525592804
resnet32x12_cifar100_K12_unif2-step_seed0001_d020,46,700,0,0,2,0.35249499221340647,0.8505539894104004,0.3826883163267009,0.44820762949849835,0.5047358274459839
resnet32x12_cifar100_K12_unif2-step_seed0001_d020,47,0,0,0,2,0.47990903466506685,0.8058203458786011,0.4602388983670485,0.44576143757581815,0.5194642543792725
resnet32x12_cifar100_K12_unif2-step_seed0001_d020,47,50,0,0,2,0.5510222897078004,0.7857656478881836,0.5590111312270046,0.4374522114947987,0.5232769250869751
resnet32x12_cifar100_K12_unif2-step_seed0001_d020,47,100,0,0,2,0.31921218083604563,0.880806565284729,0.29025261427731025,0.48331264158330933,0.5746973156929016
resnet32x12_cifar100_K12_unif2-step_seed0001_d020,47,150,0,0,2,0.33761855419538095,0.8655679821968079,0.3604856858710245,0.5010002086033644,0.5812762975692749
resnet32x12_cifar100_K12_unif2-step_seed0001_d020,47,200,0,0,2,0.26622116026350023,0.8862853646278381,0.37994039046115835,0.5385013368460692,0.5997353792190552
resnet32x12_cifar100_K12_unif2-step_seed0001_d020,47,250,0,0,2,0.4200274086817275,0.8310725092887878,0.40655695182045504,0.4348412858329144,0.5060691237449646
resnet32x12_cifar100_K12_unif2-step_seed0001_d020,47,300,0,0,2,0.392936409935626,0.8523950576782227,0.31823176774990203,0.5139404870955103,0.6157534718513489
resnet32x12_cifar100_K12_unif2-step_seed0001_d020,47,350,0,0,2,0.3590691196686961,0.858169674873352,0.37026990296606543,0.4612677247950139,0.5384101271629333
resnet32x12_cifar100_K12_unif2-step_seed0001_d020,47,400,0,0,2,0.2480986304478254,0.8959599733352661,0.3045092293950744,0.5016416184243675,0.5625627040863037
resnet32x12_cifar100_K12_unif2-step_seed0001_d020,47,450,0,0,2,0.48718480081756915,0.8091765642166138,0.44299122563866705,0.45006494848122747,0.5337505340576172
resnet32x12_cifar100_K12_unif2-step_seed0001_d020,47,500,0,0,2,0.28466303937970133,0.8628541231155396,0.3449474091233926,0.5255051385245364,0.5432020425796509
resnet32x12_cifar100_K12_unif2-step_seed0001_d020,47,550,0,0,2,0.4623022481072501,0.8367983102798462,0.37020646768015336,0.5069499980790692,0.6285942196846008
resnet32x12_cifar100_K12_unif2-step_seed0001_d020,47,600,0,0,2,0.2345239659853009,0.8974022269248962,0.3445719095704394,0.4937259004240379,0.5416365265846252
resnet32x12_cifar100_K12_unif2-step_seed0001_d020,47,650,0,0,2,0.23024910389752723,0.8877800703048706,0.22762484122535676,0.6399366355612224,0.6549342274665833
resnet32x12_cifar100_K12_unif2-step_seed0001_d020,47,700,0,0,2,0.3474914610385171,0.8687463998794556,0.23251161835180859,0.558282912406934,0.6634925007820129
resnet32x12_cifar100_K12_unif2-step_seed0001_d020,48,0,0,0,2,0.33445640167954366,0.8509732484817505,0.286645124349387,0.5636308217580247,0.6160891652107239
resnet32x12_cifar100_K12_unif2-step_seed0001_d020,48,50,0,0,2,0.45300591052333744,0.7860497236251831,0.41129958382353504,0.4830163543846708,0.5082697868347168
resnet32x12_cifar100_K12_unif2-step_seed0001_d020,48,100,0,0,2,0.34152579924889376,0.8583265542984009,0.4034462826865685,0.43364670576157033,0.4935154616832733
resnet32x12_cifar100_K12_unif2-step_seed0001_d020,48,150,0,0,2,0.4459720758445449,0.8313692808151245,0.4669830346211338,0.419236817569519,0.5037980079650879
resnet32x12_cifar100_K12_unif2-step_seed0001_d020,48,200,0,0,2,0.1706439366584572,0.9173905849456787,0.24995236435083384,0.5469846615515014,0.5623376369476318
resnet32x12_cifar100_K12_unif2-step_seed0001_d020,48,250,0,0,2,0.24933284293997557,0.9010527729988098,0.285455560955475,0.5375424944913115,0.6173664927482605
resnet32x12_cifar100_K12_unif2-step_seed0001_d020,48,300,0,0,2,0.4295814341602036,0.832414984703064,0.4014496467103455,0.4333066419334484,0.5123457908630371
resnet32x12_cifar100_K12_unif2-step_seed0001_d020,48,350,0,0,2,0.3295183027882814,0.870847225189209,0.3308096449265499,0.5050588924230496,0.5895628929138184
resnet32x12_cifar100_K12_unif2-step_seed0001_d020,48,400,0,0,2,0.4558077252177311,0.8374200463294983,0.4372978148830776,0.41404256232861764,0.5108264684677124
resnet32x12_cifar100_K12_unif2-step_seed0001_d020,48,450,0,0,2,0.41590338075335914,0.8625643253326416,0.3754852626369836,0.41272380638419026,0.5210493206977844
resnet32x12_cifar100_K12_unif2-step_seed0001_d020,48,500,0,0,2,0.41800282217498613,0.8114354014396667,0.3312079708191491,0.529180056360006,0.5756927132606506
resnet32x12_cifar100_K12_unif2-step_seed0001_d020,48,550,0,0,2,0.420579974858645,0.8268929123878479,0.42127697034927136,0.43768819099294376,0.5032965540885925
resnet32x12_cifar100_K12_unif2-step_seed0001_d020,48,600,0,0,2,0.4028194315845215,0.8242183923721313,0.35707560794380766,0.45743533146429294,0.5081402659416199
resnet32x12_cifar100_K12_unif2-step_seed0001_d020,48,650,0,0,2,0.42308856481491564,0.8687302470207214,0.3602512014859883,0.4679472088831321,0.6038255095481873
resnet32x12_cifar100_K12_unif2-step_seed0001_d020,48,700,0,0,2,0.33889039617268546,0.8635540008544922,0.4313096189651566,0.4037460038781598,0.46610134840011597
resnet32x12_cifar100_K12_unif2-step_seed0001_d020,49,0,0,0,2,0.5550592698181338,0.8085776567459106,0.41226573285562956,0.48062996369416683,0.6082786321640015
resnet32x12_cifar100_K12_unif2-step_seed0001_d020,49,50,0,0,2,0.3518441326536586,0.9046919345855713,0.37551115802338547,0.4917324626939121,0.6477986574172974
resnet32x12_cifar100_K12_unif2-step_seed0001_d020,49,100,0,0,2,0.2824793228528542,0.8792240619659424,0.31932048308319017,0.47406090335665085,0.5285013318061829
resnet32x12_cifar100_K12_unif2-step_seed0001_d020,49,150,0,0,2,0.5011425033064288,0.7975974082946777,0.41003813666284783,0.4155284016435472,0.48539653420448303
resnet32x12_cifar100_K12_unif2-step_seed0001_d020,49,200,0,0,2,0.31247077048189065,0.9059872627258301,0.3768532690774513,0.5218810098267767,0.6633461117744446
resnet32x12_cifar100_K12_unif2-step_seed0001_d020,49,250,0,0,2,0.30669182382391574,0.871765673160553,0.33139181057461287,0.47805228085491946,0.5401827096939087
resnet32x12_cifar100_K12_unif2-step_seed0001_d020,49,300,0,0,2,0.369015697991389,0.8626123666763306,0.3804194355939387,0.505362365942147,0.605898916721344
resnet32x12_cifar100_K12_unif2-step_seed0001_d020,49,350,0,0,2,0.3502396411660661,0.8795949816703796,0.40451472889164153,0.4724692455505885,0.5819061994552612
resnet32x12_cifar100_K12_unif2-step_seed0001_d020,49,400,0,0,2,0.4654157677852701,0.8530682921409607,0.35366096651483053,0.4830328126970793,0.6243425011634827
resnet32x12_cifar100_K12_unif2-step_seed0001_d020,49,450,0,0,2,0.5755493397659701,0.8212840557098389,0.4714030403148094,0.4270369361082931,0.5642613768577576
resnet32x12_cifar100_K12_unif2-step_seed0001_d020,49,500,0,0,2,0.5103687486386675,0.8167484402656555,0.4386596819367025,0.4612625075404493,0.5710396766662598
resnet32x12_cifar100_K12_unif2-step_seed0001_d020,49,550,0,0,2,0.3781681274369336,0.8610729575157166,0.3304848532143719,0.47023361976665556,0.5675374865531921
resnet32x12_cifar100_K12_unif2-step_seed0001_d020,49,600,0,0,2,0.37227065055689545,0.886549174785614,0.39735673655488485,0.42722513201926543,0.5487036108970642
resnet32x12_cifar100_K12_unif2-step_seed0001_d020,49,650,0,0,2,0.5123158381659857,0.8415849208831787,0.4250274711435633,0.4062773988727697,0.53272944688797
resnet32x12_cifar100_K12_unif2-step_seed0001_d020,49,700,0,0,2,0.5374490486789187,0.8292049169540405,0.5725406842532503,0.3890151611697989,0.5071115493774414
resnet32x12_cifar100_K12_unif2-step_seed0001_d020,50,0,0,0,2,0.32244932396931913,0.8442055583000183,0.357172493734744,0.49243046046934996,0.5080119967460632
resnet32x12_cifar100_K12_unif2-step_seed0001_d020,50,50,0,0,2,0.3274483879393167,0.8803245425224304,0.3025815573755521,0.5712567181682576,0.6857110261917114
resnet32x12_cifar100_K12_unif2-step_seed0001_d020,50,100,0,0,2,0.34855405171286236,0.863743007183075,0.4630648744180123,0.4558523247834742,0.5339506268501282
resnet32x12_cifar100_K12_unif2-step_seed0001_d020,50,150,0,0,2,0.412881349776909,0.8735553622245789,0.2916661777316644,0.5525175821950317,0.714435875415802
resnet32x12_cifar100_K12_unif2-step_seed0001_d020,50,200,0,0,2,0.4684228730050433,0.8418452143669128,0.37613289106053815,0.46254752920124015,0.5840628743171692
resnet32x12_cifar100_K12_unif2-step_seed0001_d020,50,250,0,0,2,1.085077698774425,0.7172901630401611,0.5494234703014375,0.46117401520628104,0.6878951787948608
resnet32x12_cifar100_K12_unif2-step_seed0001_d020,50,300,0,0,2,0.3336227223495208,0.8727308511734009,0.3675764012841978,0.4862527750617618,0.5744631886482239
resnet32x12_cifar100_K12_unif2-step_seed0001_d020,50,350,0,0,2,0.38055792494648005,0.8571746349334717,0.4906000952246256,0.4118604224466052,0.49289077520370483
resnet32x12_cifar100_K12_unif2-step_seed0001_d020,50,400,0,0,2,0.33231037151897874,0.8611656427383423,0.35530415441485974,0.4862900071736672,0.5509870648384094
resnet32x12_cifar100_K12_unif2-step_seed0001_d020,50,450,0,0,2,0.2804297622094865,0.8711198568344116,0.31590412667695805,0.49723050397260293,0.5316937565803528
resnet32x12_cifar100_K12_unif2-step_seed0001_d020,50,500,0,0,2,0.3569606241525522,0.848341703414917,0.378636170649156,0.43210597435401593,0.48620086908340454
resnet32x12_cifar100_K12_unif2-step_seed0001_d020,50,550,0,0,2,0.26907690904620757,0.8807941675186157,0.25336185619029866,0.5733600865635275,0.6264716982841492
resnet32x12_cifar100_K12_unif2-step_seed0001_d020,50,600,0,0,2,0.38538625815404515,0.8617129325866699,0.43572334916599914,0.500324858989952,0.6100929975509644
resnet32x12_cifar100_K12_unif2-step_seed0001_d020,50,650,0,0,2,0.43877257322445085,0.818203330039978,0.41589852269740596,0.4264064887784553,0.48916739225387573
resnet32x12_cifar100_K12_unif2-step_seed0001_d020,50,700,0,0,2,0.38932996199175435,0.8643817901611328,0.4692675812139933,0.4404481262271971,0.5434345006942749
resnet32x12_cifar100_K12_unif2-step_seed0001_d020,51,0,0,0,2,0.2575233220884232,0.8906999826431274,0.1902131304985017,0.7294213032019629,0.8142114877700806
resnet32x12_cifar100_K12_unif2-step_seed0001_d020,51,50,0,0,2,0.41477453951692345,0.8827345371246338,0.3573742754309198,0.4528742458138226,0.5992354154586792
resnet32x12_cifar100_K12_unif2-step_seed0001_d020,51,100,0,0,2,0.31373832254797573,0.8646104335784912,0.4896411830905104,0.4309799177885767,0.4793262481689453
resnet32x12_cifar100_K12_unif2-step_seed0001_d020,51,150,0,0,2,0.3202300486324415,0.8821733593940735,0.36448787980302877,0.5038833021512914,0.6026224493980408
resnet32x12_cifar100_K12_unif2-step_seed0001_d020,51,200,0,0,2,0.30586085108343514,0.8730728626251221,0.3971060945104465,0.4648120131998512,0.5271271467208862
resnet32x12_cifar100_K12_unif2-step_seed0001_d020,51,250,0,0,2,0.378283651610096,0.8451228737831116,0.33679649150649227,0.46552035032588573,0.5350168347358704
resnet32x12_cifar100_K12_unif2-step_seed0001_d020,51,300,0,0,2,0.2619811827877092,0.8801541328430176,0.35249066200039136,0.4643086631442814,0.497554212808609
resnet32x12_cifar100_K12_unif2-step_seed0001_d020,51,350,0,0,2,0.350261694077131,0.8722244501113892,0.3832722823272466,0.4715576013875628,0.5684376358985901
resnet32x12_cifar100_K12_unif2-step_seed0001_d020,51,400,0,0,2,0.2676520881721684,0.8794975280761719,0.2622870474015011,0.6473544164060122,0.7006942629814148
resnet32x12_cifar100_K12_unif2-step_seed0001_d020,51,450,0,0,2,0.25647754395318967,0.9090482592582703,0.28480552688043237,0.5518311578394157,0.660474956035614
resnet32x12_cifar100_K12_unif2-step_seed0001_d020,51,500,0,0,2,0.3184905063481153,0.8804073929786682,0.3436781768491104,0.4956687097649495,0.5880420804023743
resnet32x12_cifar100_K12_unif2-step_seed0001_d020,51,550,0,0,2,0.29153094444595035,0.9067165851593018,0.2575305751008041,0.5200688728241879,0.6468931436538696
resnet32x12_cifar100_K12_unif2-step_seed0001_d020,51,600,0,0,2,0.4772907215183582,0.8458034992218018,0.4279373492594776,0.4722943141859124,0.6067801117897034
resnet32x12_cifar100_K12_unif2-step_seed0001_d020,51,650,0,0,2,0.2742533237349055,0.9070008993148804,0.2816618336176556,0.5267403435276856,0.6417253017425537
resnet32x12_cifar100_K12_unif2-step_seed0001_d020,51,700,0,0,2,0.25315396505596643,0.882976233959198,0.32102758102461815,0.5435741808977189,0.5784099102020264
resnet32x12_cifar100_K12_unif2-step_seed0001_d020,52,0,0,0,2,0.29408331201653254,0.8719122409820557,0.3616956233872229,0.4787742538633175,0.5290296673774719
resnet32x12_cifar100_K12_unif2-step_seed0001_d020,52,50,0,0,2,0.40665912446186625,0.8430945873260498,0.3675147348714567,0.47954012132022716,0.5686529874801636
resnet32x12_cifar100_K12_unif2-step_seed0001_d020,52,100,0,0,2,0.21905423718645128,0.9044334888458252,0.3041676111400123,0.5699817534504361,0.6252291202545166
resnet32x12_cifar100_K12_unif2-step_seed0001_d020,52,150,0,0,2,0.3097792800728798,0.8763341903686523,0.42066180122546437,0.4102599603233045,0.4739135801792145
resnet32x12_cifar100_K12_unif2-step_seed0001_d020,52,200,0,0,2,0.2766602332109182,0.8728041648864746,0.35193366635738266,0.5552629253131716,0.5935116410255432
resnet32x12_cifar100_K12_unif2-step_seed0001_d020,52,250,0,0,2,0.3501150265429644,0.8691339492797852,0.3548237365391717,0.4407785560663517,0.5262698531150818
resnet32x12_cifar100_K12_unif2-step_seed0001_d020,52,300,0,0,2,0.26946630370336183,0.8674343824386597,0.33977198871079983,0.5182805890460626,0.5262884497642517
resnet32x12_cifar100_K12_unif2-step_seed0001_d020,52,350,0,0,2,0.23075266864915328,0.8952276110649109,0.22800333677337095,0.6017474843754345,0.6466559767723083
resnet32x12_cifar100_K12_unif2-step_seed0001_d020,52,400,0,0,2,0.39014325830612995,0.8267840147018433,0.36131031319749435,0.47560108638503795,0.5223475694656372
resnet32x12_cifar100_K12_unif2-step_seed0001_d020,52,450,0,0,2,0.36565017532095306,0.8613907098770142,0.4363428584826028,0.48884792251820475,0.5814759731292725
resnet32x12_cifar100_K12_unif2-step_seed0001_d020,52,500,0,0,2,0.46606347193618153,0.8133924007415771,0.4939412943763505,0.4231383516242053,0.49536922574043274
resnet32x12_cifar100_K12_unif2-step_seed0001_d020,52,550,0,0,2,0.3144487752584287,0.8957390189170837,0.33582245029048846,0.5352123258963225,0.6623226404190063
resnet32x12_cifar100_K12_unif2-step_seed0001_d020,52,600,0,0,2,0.27938904315866686,0.8934385776519775,0.33170594217228494,0.5315459492936426,0.6229957342147827
resnet32x12_cifar100_K12_unif2-step_seed0001_d020,52,650,0,0,2,0.27069468463839225,0.8834350109100342,0.31449520306594914,0.5088274862530537,0.5645968317985535
resnet32x12_cifar100_K12_unif2-step_seed0001_d020,52,700,0,0,2,0.3220326290885025,0.854913055896759,0.4350127901804792,0.4375258506222144,0.47468602657318115
resnet32x12_cifar100_K12_unif2-step_seed0001_d020,53,0,0,0,2,0.3664100410261925,0.8699495196342468,0.4678576421638228,0.4528453226876257,0.5529149174690247
resnet32x12_cifar100_K12_unif2-step_seed0001_d020,53,50,0,0,2,0.3492034570385099,0.8238692283630371,0.29692906560725113,0.6064422902202393,0.6010410189628601
resnet32x12_cifar100_K12_unif2-step_seed0001_d020,53,100,0,0,2,0.3168642377782667,0.8792873024940491,0.41047668124131476,0.45284295347597925,0.5340398550033569
resnet32x12_cifar100_K12_unif2-step_seed0001_d020,53,150,0,0,2,0.48708924832540845,0.8143891096115112,0.3573045087694072,0.42646439021396304,0.5126523375511169
resnet32x12_cifar100_K12_unif2-step_seed0001_d020,53,200,0,0,2,0.31857830346904875,0.8583995699882507,0.3301729638890585,0.4728338365096081,0.517200231552124
resnet32x12_cifar100_K12_unif2-step_seed0001_d020,53,250,0,0,2,0.46723559871093356,0.8597593307495117,0.548748877521904,0.37688860563451493,0.4952678382396698
resnet32x12_cifar100_K12_unif2-step_seed0001_d020,53,300,0,0,2,0.3371671481110049,0.8705819845199585,0.3399955632872796,0.4149646108831547,0.48921528458595276
resnet32x12_cifar100_K12_unif2-step_seed0001_d020,53,350,0,0,2,0.4681538733532722,0.8274279832839966,0.5554347202574107,0.3898265116211468,0.4749305248260498
resnet32x12_cifar100_K12_unif2-step_seed0001_d020,53,400,0,0,2,0.19062727848307015,0.9333981275558472,0.2580925192365364,0.6508021155558024,0.7693223357200623
resnet32x12_cifar100_K12_unif2-step_seed0001_d020,53,450,0,0,2,0.4415461755818427,0.7942584156990051,0.4811014624613176,0.4337624230378465,0.4612269699573517
resnet32x12_cifar100_K12_unif2-step_seed0001_d020,53,500,0,0,2,0.19274120058937258,0.9127898216247559,0.2482471276374233,0.5088409280242476,0.5463967323303223
resnet32x12_cifar100_K12_unif2-step_seed0001_d020,53,550,0,0,2,0.33701261906088376,0.8607432842254639,0.3819940647710264,0.4745613670400909,0.5409210920333862
resnet32x12_cifar100_K12_unif2-step_seed0001_d020,53,600,0,0,2,0.36707958512084216,0.8720099329948425,0.33784010910908113,0.5128918371019182,0.6303720474243164
resnet32x12_cifar100_K12_unif2-step_seed0001_d020,53,650,0,0,2,0.3925188695229194,0.8603267669677734,0.31946758431848366,0.5221513918543859,0.6394166946411133
resnet32x12_cifar100_K12_unif2-step_seed0001_d020,53,700,0,0,2,0.3118904038601999,0.8511583209037781,0.2931816133490402,0.5883995464076194,0.6130204200744629
resnet32x12_cifar100_K12_unif2-step_seed0001_d020,54,0,0,0,2,0.460512845160221,0.8082925081253052,0.42588190756364436,0.4847767609601302,0.5554128885269165
resnet32x12_cifar100_K12_unif2-step_seed0001_d020,54,50,0,0,2,0.44364748725866116,0.8536473512649536,0.45268686881094533,0.44056247984579955,0.5589907765388489
resnet32x12_cifar100_K12_unif2-step_seed0001_d020,54,100,0,0,2,0.3262415822517975,0.8704507350921631,0.4035255694442862,0.4574259822149615,0.530683159828186
resnet32x12_cifar100_K12_unif2-step_seed0001_d020,54,150,0,0,2,0.362840327627965,0.8342698216438293,0.3564984051561536,0.5324078452374168,0.5733247399330139
resnet32x12_cifar100_K12_unif2-step_seed0001_d020,54,200,0,0,2,0.23385958441785787,0.8996405601501465,0.33789989033605067,0.5080264594422454,0.5626481771469116
resnet32x12_cifar100_K12_unif2-step_seed0001_d020,54,250,0,0,2,0.4783124141485257,0.8453356027603149,0.36970276326620394,0.5284420021357127,0.6788074374198914
resnet32x12_cifar100_K12_unif2-step_seed0001_d020,54,300,0,0,2,0.3374244204391667,0.8920110464096069,0.4008320623306287,0.4766039908436127,0.59902024269104
resnet32x12_cifar100_K12_unif2-step_seed0001_d020,54,350,0,0,2,0.2934381473591249,0.9046732187271118,0.3104156348985557,0.5053602429390668,0.6262149214744568
resnet32x12_cifar100_K12_unif2-step_seed0001_d020,54,400,0,0,2,0.39098086559927947,0.8597683906555176,0.32726679167508166,0.4893865358885734,0.5973336696624756
resnet32x12_cifar100_K12_unif2-step_seed0001_d020,54,450,0,0,2,0.273481918308439,0.903325617313385,0.2661651610484417,0.5149575161308428,0.6192136406898499
resnet32x12_cifar100_K12_unif2-step_seed0001_d020,54,500,0,0,2,0.6311547298724052,0.7728323340415955,0.5208867373947076,0.4135907923092234,0.5173069834709167
resnet32x12_cifar100_K12_unif2-step_seed0001_d020,54,550,0,0,2,0.3309319462999508,0.8460180759429932,0.3890756767265427,0.4601937937681094,0.48875799775123596
resnet32x12_cifar100_K12_unif2-step_seed0001_d020,54,600,0,0,2,0.467935794256526,0.8633289337158203,0.3684664092893416,0.5008826214196457,0.6637413501739502
resnet32x12_cifar100_K12_unif2-step_seed0001_d020,54,650,0,0,2,0.3946435183800188,0.8283076286315918,0.3809231160439166,0.47344007208097155,0.5266785025596619
resnet32x12_cifar100_K12_unif2-step_seed0001_d020,54,700,0,0,2,0.3266009589818699,0.8691833019256592,0.30781583402671026,0.46471895418001663,0.537066638469696
resnet32x12_cifar100_K12_unif2-step_seed0001_d020,55,0,0,0,2,0.3923298565808996,0.8541216850280762,0.36109060245495644,0.5054157034677929,0.6081146001815796
resnet32x12_cifar100_K12_unif2-step_seed0001_d020,55,50,0,0,2,0.3119510300623672,0.8502917885780334,0.39942285781633907,0.45410371185122217,0.4710114002227783
resnet32x12_cifar100_K12_unif2-step_seed0001_d020,55,100,0,0,2,0.20239700708199163,0.9100650548934937,0.3424648531239359,0.4465146485859394,0.484485000371933
resnet32x12_cifar100_K12_unif2-step_seed0001_d020,55,150,0,0,2,0.3760198743014215,0.8399990797042847,0.41245832446173364,0.49858584692706776,0.5612522959709167
resnet32x12_cifar100_K12_unif2-step_seed0001_d020,55,200,0,0,2,0.5005891223063509,0.7613090872764587,0.4901167661706061,0.4558802236253026,0.47615379095077515
resnet32x12_cifar100_K12_unif2-step_seed0001_d020,55,250,0,0,2,0.3598523461776865,0.852634072303772,0.37026312650543347,0.46340995338869406,0.5316775441169739
resnet32x12_cifar100_K12_unif2-step_seed0001_d020,55,300,0,0,2,0.2857698237790234,0.8860880732536316,0.3458102629209621,0.4696651426515745,0.5412419438362122
resnet32x12_cifar100_K12_unif2-step_seed0001_d020,55,350,0,0,2,0.18385688035075115,0.9299268126487732,0.2751320991989809,0.6142544162577513,0.7066552042961121
resnet32x12_cifar100_K12_unif2-step_seed0001_d020,55,400,0,0,2,0.37594926144299773,0.8665019273757935,0.3550553587356942,0.5383070199054808,0.6581106781959534
resnet32x12_cifar100_K12_unif2-step_seed0001_d020,55,450,0,0,2,0.3629503014330218,0.8702131509780884,0.3191905860877742,0.4589607070339682,0.55852872133255
resnet32x12_cifar100_K12_unif2-step_seed0001_d020,55,500,0,0,2,0.22957588940221968,0.9057697057723999,0.23701775595091687,0.5489389165186594,0.6199523210525513
resnet32x12_cifar100_K12_unif2-step_seed0001_d020,55,550,0,0,2,0.2401951477262994,0.8963896036148071,0.2692696580861143,0.5983655373355222,0.6614679098129272
resnet32x12_cifar100_K12_unif2-step_seed0001_d020,55,600,0,0,2,0.2459433359655167,0.9135949611663818,0.3230913987959019,0.5163717065012167,0.6183522939682007
resnet32x12_cifar100_K12_unif2-step_seed0001_d020,55,650,0,0,2,0.4785765859780553,0.7993574142456055,0.4242794494359592,0.48949297280766485,0.5591045022010803
resnet32x12_cifar100_K12_unif2-step_seed0001_d020,55,700,0,0,2,0.33104381020093054,0.8673056364059448,0.32701044188471684,0.5266171571340875,0.6086950302124023
resnet32x12_cifar100_K12_unif2-step_seed0001_d020,56,0,0,0,2,0.4493719722453447,0.792066216468811,0.3510800973333113,0.5187747868970067,0.55461585521698
resnet32x12_cifar100_K12_unif2-step_seed0001_d020,56,50,0,0,2,0.23362820049600397,0.8954809904098511,0.28777096597206936,0.5603707864361702,0.6074044108390808
resnet32x12_cifar100_K12_unif2-step_seed0001_d020,56,100,0,0,2,0.5098392743544152,0.8465912342071533,0.4539983782179765,0.431857473180623,0.5711620450019836
resnet32x12_cifar100_K12_unif2-step_seed0001_d020,56,150,0,0,2,0.2543059569908621,0.9085558652877808,0.29105295859496066,0.5535364161902694,0.6592667102813721
resnet32x12_cifar100_K12_unif2-step_seed0001_d020,56,200,0,0,2,0.3709051894328605,0.8482931852340698,0.33390575054901617,0.5073297994121294,0.5829910039901733
resnet32x12_cifar100_K12_unif2-step_seed0001_d020,56,250,0,0,2,0.5365683530020653,0.8088924288749695,0.4882847055089356,0.36961521944736075,0.46046116948127747
resnet32x12_cifar100_K12_unif2-step_seed0001_d020,56,300,0,0,2,0.2659222305941924,0.897260308265686,0.33864103539757395,0.47485988583251254,0.5526018142700195
resnet32x12_cifar100_K12_unif2-step_seed0001_d020,56,350,0,0,2,0.259013888831772,0.888502836227417,0.28708545971141475,0.5450903245901052,0.6042975783348083
resnet32x12_cifar100_K12_unif2-step_seed0001_d020,56,400,0,0,2,0.6039226411095214,0.8214343786239624,0.4481443817298763,0.4134960979014631,0.5579439997673035
resnet32x12_cifar100_K12_unif2-step_seed0001_d020,56,450,0,0,2,0.2575750939144917,0.9005860090255737,0.3188244863433069,0.5336144506144882,0.6203584671020508
resnet32x12_cifar100_K12_unif2-step_seed0001_d020,56,500,0,0,2,0.31007807325298337,0.887431263923645,0.3785116992365764,0.4790767260465367,0.5748255848884583
resnet32x12_cifar100_K12_unif2-step_seed0001_d020,56,550,0,0,2,0.45379006458322796,0.8065131902694702,0.3955896040828697,0.4775329776680489,0.5393239855766296
resnet32x12_cifar100_K12_unif2-step_seed0001_d020,56,600,0,0,2,0.4101568072426322,0.837444007396698,0.31545570810649026,0.49280985585375997,0.577235221862793
resnet32x12_cifar100_K12_unif2-step_seed0001_d020,56,650,0,0,2,0.554246431970503,0.7833752632141113,0.4758519578597516,0.3862754901635246,0.4608882963657379
resnet32x12_cifar100_K12_unif2-step_seed0001_d020,56,700,0,0,2,0.3482262940142068,0.8835350871086121,0.40407891611434993,0.47005062860350083,0.5840409398078918
resnet32x12_cifar100_K12_unif2-step_seed0001_d020,57,0,0,0,2,0.4432678361172644,0.8195682764053345,0.34952965335568464,0.6110164835184532,0.7079395651817322
resnet32x12_cifar100_K12_unif2-step_seed0001_d020,57,50,0,0,2,0.27022529898348013,0.8894727230072021,0.19924904936125712,0.6105317116951523,0.6943193078041077
resnet32x12_cifar100_K12_unif2-step_seed0001_d020,57,100,0,0,2,0.38911026193146436,0.8465807437896729,0.3649135349576971,0.4920484255533426,0.5766140818595886
resnet32x12_cifar100_K12_unif2-step_seed0001_d020,57,150,0,0,2,0.35684038299454907,0.880224347114563,0.3651939619602173,0.45071179600317957,0.5602529048919678
resnet32x12_cifar100_K12_unif2-step_seed0001_d020,57,200,0,0,2,0.28272517611005005,0.8702667951583862,0.46497430818988983,0.4269441594947642,0.45703962445259094
resnet32x12_cifar100_K12_unif2-step_seed0001_d020,57,250,0,0,2,0.490881101521113,0.8018175959587097,0.49475756233929286,0.44395834840296855,0.5183632373809814
resnet32x12_cifar100_K12_unif2-step_seed0001_d020,57,300,0,0,2,0.3010860053769559,0.8591892123222351,0.3537682591497207,0.4322704191233325,0.4570877254009247
resnet32x12_cifar100_K12_unif2-step_seed0001_d020,57,350,0,0,2,0.380682529104111,0.8379662036895752,0.39959561205889443,0.42546559803692124,0.4790051281452179
resnet32x12_cifar100_K12_unif2-step_seed0001_d020,57,400,0,0,2,0.49132736691728784,0.818818211555481,0.5108805518894645,0.4232841023813362,0.5168512463569641
resnet32x12_cifar100_K12_unif2-step_seed0001_d020,57,450,0,0,2,0.3495512413509453,0.8689898252487183,0.34287376222918176,0.4703406049879105,0.5609068870544434
resnet32x12_cifar100_K12_unif2-step_seed0001_d020,57,500,0,0,2,0.3114375125151872,0.8816766738891602,0.3871088858117198,0.49577620247941323,0.584845244884491
resnet32x12_cifar100_K12_unif2-step_seed0001_d020,57,550,0,0,2,0.36866742475518105,0.8535487651824951,0.47070636935005994,0.43910647813461573,0.5117077231407166
resnet32x12_cifar100_K12_unif2-step_seed0001_d020,57,600,0,0,2,0.21311195759922333,0.9025224447250366,0.2359026446233717,0.5124273271906007,0.547698438167572
resnet32x12_cifar100_K12_unif2-step_seed0001_d020,57,650,0,0,2,0.43467213838981544,0.7851659655570984,0.4393788819476493,0.4567488914824983,0.4619314968585968
resnet32x12_cifar100_K12_unif2-step_seed0001_d020,57,700,0,0,2,0.3471084710591802,0.8396483063697815,0.35420930718635624,0.4709481357469525,0.502945065498352
resnet32x12_cifar100_K12_unif2-step_seed0001_d020,58,0,0,0,2,0.2966233336708697,0.8819413185119629,0.2704808661157509,0.556431888459905,0.6425593495368958
resnet32x12_cifar100_K12_unif2-step_seed0001_d020,58,50,0,0,2,0.33892093122139755,0.8760184049606323,0.35747179568898707,0.551788761317446,0.6633052229881287
resnet32x12_cifar100_K12_unif2-step_seed0001_d020,58,100,0,0,2,0.38998826272295,0.8333128690719604,0.4311591389050564,0.43367316403727413,0.48737382888793945
resnet32x12_cifar100_K12_unif2-step_seed0001_d020,58,150,0,0,2,0.24994368763452926,0.9072508215904236,0.2655023180975766,0.5946927616930993,0.7002652883529663
resnet32x12_cifar100_K12_unif2-step_seed0001_d020,58,200,0,0,2,0.40382584310148906,0.7918862700462341,0.46361048789951365,0.4328244576024577,0.4188433587551117
resnet32x12_cifar100_K12_unif2-step_seed0001_d020,58,250,0,0,2,0.2524306558556433,0.8975196480751038,0.2999106953357849,0.4950054275812384,0.5634616017341614
resnet32x12_cifar100_K12_unif2-step_seed0001_d020,58,300,0,0,2,0.3738010562748795,0.8282752633094788,0.3502188950746402,0.5099654993374062,0.5471416711807251
resnet32x12_cifar100_K12_unif2-step_seed0001_d020,58,350,0,0,2,0.24772720283445096,0.9128947257995605,0.33139672018542043,0.4980837939173408,0.5965459942817688
resnet32x12_cifar100_K12_unif2-step_seed0001_d020,58,400,0,0,2,0.48019249464456837,0.8142678737640381,0.46738853776090616,0.4636048870336781,0.5529499650001526
resnet32x12_cifar100_K12_unif2-step_seed0001_d020,58,450,0,0,2,0.4881778405897481,0.8441404700279236,0.4894870573908699,0.4098573594736907,0.5296148061752319
resnet32x12_cifar100_K12_unif2-step_seed0001_d020,58,500,0,0,2,0.619914835465102,0.7999098300933838,0.49635668529939403,0.40917102012467765,0.5358449220657349
resnet32x12_cifar100_K12_unif2-step_seed0001_d020,58,550,0,0,2,0.39147171698093985,0.8921729326248169,0.28950560260749697,0.47767028877808754,0.6329710483551025
resnet32x12_cifar100_K12_unif2-step_seed0001_d020,58,600,0,0,2,0.42250833823817935,0.8375966548919678,0.4168288068611789,0.4374895094567464,0.5205432772636414
resnet32x12_cifar100_K12_unif2-step_seed0001_d020,58,650,0,0,2,0.30133360479958055,0.8737415075302124,0.32007595772432496,0.5266730670701003,0.5942016243934631
resnet32x12_cifar100_K12_unif2-step_seed0001_d020,58,700,0,0,2,0.366965460369393,0.8557150363922119,0.41551638998895835,0.48077965578367216,0.5628471374511719
resnet32x12_cifar100_K12_unif2-step_seed0001_d020,59,0,0,0,2,0.24080323385835284,0.9196224212646484,0.259617231092651,0.599833319280924,0.7280449271202087
resnet32x12_cifar100_K12_unif2-step_seed0001_d020,59,50,0,0,2,0.4275768861141139,0.8210681676864624,0.34105265328143775,0.4633100195148944,0.5281824469566345
resnet32x12_cifar100_K12_unif2-step_seed0001_d020,59,100,0,0,2,0.35772690282534964,0.8438078165054321,0.46041454618955957,0.43204375899073705,0.4786561131477356
resnet32x12_cifar100_K12_unif2-step_seed0001_d020,59,150,0,0,2,0.24155382477193701,0.8949199914932251,0.2802046489600598,0.5393703245223327,0.5938029885292053
resnet32x12_cifar100_K12_unif2-step_seed0001_d020,59,200,0,0,2,0.2593364116100623,0.8834633827209473,0.29126868414565,0.5282118821768773,0.5720919966697693
resnet32x12_cifar100_K12_unif2-step_seed0001_d020,59,250,0,0,2,0.36832962440826256,0.8920012712478638,0.3631659331198942,0.5379634655491538,0.697719931602478
resnet32x12_cifar100_K12_unif2-step_seed0001_d020,59,300,0,0,2,0.3459863402691905,0.8593430519104004,0.34714436115186353,0.4749701898406054,0.5461956858634949
resnet32x12_cifar100_K12_unif2-step_seed0001_d020,59,350,0,0,2,0.47434025218891834,0.8301305770874023,0.5121031163800693,0.38900504856216744,0.48019900918006897
resnet32x12_cifar100_K12_unif2-step_seed0001_d020,59,400,0,0,2,0.3466833715357366,0.8595792055130005,0.3789422666180454,0.5348295899415997,0.6161694526672363
resnet32x12_cifar100_K12_unif2-step_seed0001_d020,59,450,0,0,2,0.31441339065046614,0.8844067454338074,0.2631939838986883,0.6184038658306249,0.7391125559806824
resnet32x12_cifar100_K12_unif2-step_seed0001_d020,59,500,0,0,2,0.6072343705242963,0.8052386045455933,0.6992808666481558,0.41193755124924786,0.5399885773658752
resnet32x12_cifar100_K12_unif2-step_seed0001_d020,59,550,0,0,2,0.29461141256487794,0.8495756387710571,0.2834975722274769,0.6166180023331425,0.6028053760528564
resnet32x12_cifar100_K12_unif2-step_seed0001_d020,59,600,0,0,2,0.3041342642633274,0.8716067671775818,0.3031214043348926,0.5406677559940796,0.6078501343727112
resnet32x12_cifar100_K12_unif2-step_seed0001_d020,59,650,0,0,2,0.3692033359685812,0.854133129119873,0.41387557184674356,0.4129210158669812,0.482445627450943
resnet32x12_cifar100_K12_unif2-step_seed0001_d020,59,700,0,0,2,0.47560233122694784,0.8418490886688232,0.5445593554918949,0.34342914475681185,0.4365551173686981
resnet32x12_cifar100_K12_unif2-step_seed0001_d020,60,0,0,0,2,0.32234948389076434,0.8559165000915527,0.3921407650753799,0.48551060241098964,0.5293593406677246
resnet32x12_cifar100_K12_unif2-step_seed0001_d020,60,50,0,0,2,0.3022029265729266,0.8770273923873901,0.3995190496646969,0.35088791234481853,0.4014851450920105
resnet32x12_cifar100_K12_unif2-step_seed0001_d020,60,100,0,0,2,0.39193288695522943,0.8476735353469849,0.3966037709530604,0.3404527228523424,0.40175601840019226
resnet32x12_cifar100_K12_unif2-step_seed0001_d020,60,150,0,0,2,0.5314246553480085,0.8233145475387573,0.42888044518632884,0.3482607076515871,0.44604405760765076
resnet32x12_cifar100_K12_unif2-step_seed0001_d020,60,200,0,0,2,0.3198592659839292,0.8550942540168762,0.33136025264672925,0.42841772249456894,0.4631308615207672
resnet32x12_cifar100_K12_unif2-step_seed0001_d020,60,250,0,0,2,0.33547276246734586,0.839992344379425,0.28885440339126106,0.47367455996545627,0.4938647449016571
resnet32x12_cifar100_K12_unif2-step_seed0001_d020,60,300,0,0,2,0.4474295113672317,0.7942537665367126,0.3166213552872212,0.4335506692740187,0.4656415581703186
resnet32x12_cifar100_K12_unif2-step_seed0001_d020,60,350,0,0,2,0.3439852842926846,0.863970160484314,0.33620102282439873,0.3295414415775858,0.3838121294975281
resnet32x12_cifar100_K12_unif2-step_seed0001_d020,60,400,0,0,2,0.2633086176012427,0.8925289511680603,0.30725932199906064,0.36918018270396175,0.4198712706565857
resnet32x12_cifar100_K12_unif2-step_seed0001_d020,60,450,0,0,2,0.3926267266451294,0.8419889211654663,0.37828271929139573,0.4107173170250336,0.47671645879745483
resnet32x12_cifar100_K12_unif2-step_seed0001_d020,60,500,0,0,2,0.4718784847413459,0.8302214741706848,0.4778289437388916,0.3787131259770383,0.46644261479377747
resnet32x12_cifar100_K12_unif2-step_seed0001_d020,60,550,0,0,2,0.4661063061883141,0.7959495782852173,0.4306755994366992,0.3798232240203372,0.42221570014953613
resnet32x12_cifar100_K12_unif2-step_seed0001_d020,60,600,0,0,2,0.2884467135420257,0.9023239612579346,0.3424038285566063,0.4245803766955653,0.5191306471824646
resnet32x12_cifar100_K12_unif2-step_seed0001_d020,60,650,0,0,2,0.2548520412343992,0.8988782167434692,0.22010852820017054,0.5194850700333151,0.5971716046333313
resnet32x12_cifar100_K12_unif2-step_seed0001_d020,60,700,0,0,2,0.35232939770543115,0.8601053357124329,0.34245580093217903,0.45446636354451597,0.5288183689117432
resnet32x12_cifar100_K12_unif2-step_seed0001_d020,61,0,0,0,2,0.2517305005658464,0.890214204788208,0.30418481910954465,0.4219082889845261,0.4643016457557678
resnet32x12_cifar100_K12_unif2-step_seed0001_d020,61,50,0,0,2,0.249788100860235,0.9175248146057129,0.33285890586849676,0.4409338017828352,0.5380474925041199
resnet32x12_cifar100_K12_unif2-step_seed0001_d020,61,100,0,0,2,0.3394262895683097,0.8838561773300171,0.418927274090378,0.45900450317401137,0.565113365650177
resnet32x12_cifar100_K12_unif2-step_seed0001_d020,61,150,0,0,2,0.28077265972102167,0.8654255867004395,0.341066921927777,0.4384212671430204,0.45502039790153503
resnet32x12_cifar100_K12_unif2-step_seed0001_d020,61,200,0,0,2,0.30224466978608217,0.8867471814155579,0.3593019427694939,0.43725025337412554,0.5178556442260742
resnet32x12_cifar100_K12_unif2-step_seed0001_d020,61,250,0,0,2,0.30773184642061535,0.86858069896698,0.3382543671755714,0.4869418886437627,0.5443563461303711
resnet32x12_cifar100_K12_unif2-step_seed0001_d020,61,300,0,0,2,0.34237609337283004,0.8638343811035156,0.2827876719693345,0.5264712993301744,0.6114794611930847
resnet32x12_cifar100_K12_unif2-step_seed0001_d020,61,350,0,0,2,0.3081399424385206,0.8789239525794983,0.33498983201407934,0.45688675772675075,0.5313173532485962
resnet32x12_cifar100_K12_unif2-step_seed0001_d020,61,400,0,0,2,0.34162704655077913,0.8338830471038818,0.3673942762920915,0.5174298919881454,0.5309895277023315
resnet32x12_cifar100_K12_unif2-step_seed0001_d020,61,450,0,0,2,0.32006876488022196,0.867505669593811,0.33067273903946104,0.4958911692389796,0.5638353824615479
resnet32x12_cifar100_K12_unif2-step_seed0001_d020,61,500,0,0,2,0.4942085519376934,0.8244125843048096,0.6001936705967145,0.43170115534093423,0.5359066724777222
resnet32x12_cifar100_K12_unif2-step_seed0001_d020,61,550,0,0,2,0.44572098171941205,0.7830408811569214,0.4781335094019081,0.3960604915161639,0.40623146295547485
resnet32x12_cifar100_K12_unif2-step_seed0001_d020,61,600,0,0,2,0.6469905417840316,0.7460518479347229,0.4521334133112963,0.4157540300326481,0.49776342511177063
resnet32x12_cifar100_K12_unif2-step_seed0001_d020,61,650,0,0,2,0.4540032386141655,0.8746620416641235,0.36151223355611495,0.4138268213897907,0.555635392665863
resnet32x12_cifar100_K12_unif2-step_seed0001_d020,61,700,0,0,2,0.28148114578980044,0.8679304122924805,0.31890141032233466,0.6094190141481457,0.6425934433937073
resnet32x12_cifar100_K12_unif2-step_seed0001_d020,62,0,0,0,2,0.4323882015034465,0.8791576623916626,0.3843682042684452,0.45538647073711763,0.6066955327987671
resnet32x12_cifar100_K12_unif2-step_seed0001_d020,62,50,0,0,2,0.2067586827209445,0.903401255607605,0.2400811146269613,0.6069990937542002,0.640204131603241
resnet32x12_cifar100_K12_unif2-step_seed0001_d020,62,100,0,0,2,0.4070899655085839,0.8478045463562012,0.33993314875787894,0.5694694035443706,0.6848301887512207
resnet32x12_cifar100_K12_unif2-step_seed0001_d020,62,150,0,0,2,0.2926086223933196,0.875163197517395,0.3340441404308912,0.500452313875293,0.5590408444404602
resnet32x12_cifar100_K12_unif2-step_seed0001_d020,62,200,0,0,2,0.32783878604745603,0.887328565120697,0.3230579945197747,0.5255821474548932,0.644745409488678
resnet32x12_cifar100_K12_unif2-step_seed0001_d020,62,250,0,0,2,0.3834206319479181,0.8397448062896729,0.414594495144234,0.48237947903184947,0.5486531853675842
resnet32x12_cifar100_K12_unif2-step_seed0001_d020,62,300,0,0,2,0.18976628418696131,0.9377989172935486,0.30253881092497203,0.5707856658422212,0.6854684352874756
resnet32x12_cifar100_K12_unif2-step_seed0001_d020,62,350,0,0,2,0.3701146270576351,0.89720618724823,0.41621559422812926,0.422509563890817,0.5558739304542542
resnet32x12_cifar100_K12_unif2-step_seed0001_d020,62,400,0,0,2,0.26345095346091246,0.907744288444519,0.3204743228110833,0.5505273111829025,0.6625403761863708
resnet32x12_cifar100_K12_unif2-step_seed0001_d020,62,450,0,0,2,0.2208125983707896,0.9181793928146362,0.2626036632192255,0.5070116036345645,0.5936581492424011
resnet32x12_cifar100_K12_unif2-step_seed0001_d020,62,500,0,0,2,0.35582113727711245,0.8544784784317017,0.32206863718819,0.5112892270137113,0.5867857336997986
resnet32x12_cifar100_K12_unif2-step_seed0001_d020,62,550,0,0,2,0.1781268253996721,0.9168084859848022,0.25738438223111326,0.5204481194426173,0.5482540726661682
resnet32x12_cifar100_K12_unif2-step_seed0001_d020,62,600,0,0,2,0.47062323048647753,0.8299530744552612,0.39778119871306633,0.5415765491739024,0.665738046169281
resnet32x12_cifar100_K12_unif2-step_seed0001_d020,62,650,0,0,2,0.4369359379845921,0.8951787352561951,0.406454167292363,0.480633591077835,0.6648696064949036
resnet32x12_cifar100_K12_unif2-step_seed0001_d020,62,700,0,0,2,0.2728376598802307,0.9101837873458862,0.2790399675452785,0.6713883167594619,0.8247445225715637
resnet32x12_cifar100_K12_unif2-step_seed0001_d020,63,0,0,0,2,0.4704497882471566,0.8376497030258179,0.4876947588754869,0.4389871457961732,0.5498346090316772
resnet32x12_cifar100_K12_unif2-step_seed0001_d020,63,50,0,0,2,0.5100795454143362,0.7959237098693848,0.5213118456610755,0.40003456473022064,0.4699747562408447
resnet32x12_cifar100_K12_unif2-step_seed0001_d020,63,100,0,0,2,0.3228187267510047,0.8546809554100037,0.38265464491657575,0.5412843222891273,0.5875884890556335
resnet32x12_cifar100_K12_unif2-step_seed0001_d020,63,150,0,0,2,0.3111755315821361,0.8816630840301514,0.446799993382251,0.4491681111860432,0.52964186668396
resnet32x12_cifar100_K12_unif2-step_seed0001_d020,63,200,0,0,2,0.266320932491373,0.8910946846008301,0.4276291695182209,0.5215721199423846,0.5929228663444519
resnet32x12_cifar100_K12_unif2-step_seed0001_d020,63,250,0,0,2,0.22390590278951128,0.8861325979232788,0.24864391454172147,0.6396965183503812,0.6280024647712708
resnet32x12_cifar100_K12_unif2-step_seed0001_d020,63,300,0,0,2,0.4691369053553421,0.7909407615661621,0.44207270557785233,0.4958507062635963,0.544797956943512
resnet32x12_cifar100_K12_unif2-step_seed0001_d020,63,350,0,0,2,0.31478248902807626,0.8776485919952393,0.2858276563113029,0.6192944212309444,0.7241291999816895
resnet32x12_cifar100_K12_unif2-step_seed0001_d020,63,400,0,0,2,0.4635000769233953,0.8327710628509521,0.5346160400116707,0.46087712361234745,0.5664239525794983
resnet32x12_cifar100_K12_unif2-step_seed0001_d020,63,450,0,0,2,0.5068262631153888,0.7954568862915039,0.49065850955490325,0.4635900693618109,0.5419637560844421
resnet32x12_cifar100_K12_unif2-step_seed0001_d020,63,500,0,0,2,1.0469258494372626,0.7245416641235352,0.5915945064719698,0.46089133338551763,0.6824756264686584
resnet32x12_cifar100_K12_unif2-step_seed0001_d020,63,550,0,0,2,0.4053739617126397,0.8383445143699646,0.44649773618644395,0.48723526882570045,0.5687376856803894
resnet32x12_cifar100_K12_unif2-step_seed0001_d020,63,600,0,0,2,0.2558309205604074,0.8806676864624023,0.2888585615450253,0.6752252220655404,0.714311420917511
resnet32x12_cifar100_K12_unif2-step_seed0001_d020,63,650,0,0,2,0.286734333350507,0.8660844564437866,0.344542326067768,0.5372582524048797,0.568426251411438
resnet32x12_cifar100_K12_unif2-step_seed0001_d020,63,700,0,0,2,0.37156600525091293,0.8569420576095581,0.36046472565675935,0.6641449372228192,0.7852776646614075
resnet32x12_cifar100_K12_unif2-step_seed0001_d020,64,0,0,0,2,0.22148341020266105,0.9247965216636658,0.23470061688208757,0.7732146741689262,0.9292511343955994
resnet32x12_cifar100_K12_unif2-step_seed0001_d020,64,50,0,0,2,0.3159741735651335,0.9050182104110718,0.4713563445637973,0.5593556363467725,0.7117716073989868
resnet32x12_cifar100_K12_unif2-step_seed0001_d020,64,100,0,0,2,0.24609957557814122,0.9076522588729858,0.25725437785338773,0.6881631340665434,0.8065957427024841
resnet32x12_cifar100_K12_unif2-step_seed0001_d020,64,150,0,0,2,0.5980525655684317,0.8211560249328613,0.47833014545793173,0.4820218300169449,0.6473684906959534
resnet32x12_cifar100_K12_unif2-step_seed0001_d020,64,200,0,0,2,0.430587024507447,0.8742324113845825,0.31549607939043844,0.6558705095501294,0.8629106283187866
resnet32x12_cifar100_K12_unif2-step_seed0001_d020,64,250,0,0,2,0.5232781167843519,0.817658543586731,0.4423486492561078,0.49655089754314086,0.6234980225563049
resnet32x12_cifar100_K12_unif2-step_seed0001_d020,64,300,0,0,2,0.3222929674741558,0.8582828640937805,0.2722617438167517,0.672943175436388,0.7409532070159912
resnet32x12_cifar100_K12_unif2-step_seed0001_d020,64,350,0,0,2,0.4696263937294571,0.8189182281494141,0.39097391937266235,0.5801471707645344,0.6923604011535645
resnet32x12_cifar100_K12_unif2-step_seed0001_d020,64,400,0,0,2,0.3222379560770638,0.8905578851699829,0.3667561931404287,0.6675402064126393,0.8211829662322998
resnet32x12_cifar100_K12_unif2-step_seed0001_d020,64,450,0,0,2,0.3618394174673901,0.835517406463623,0.32658378812845085,0.6654255509982737,0.7188730835914612
resnet32x12_cifar100_K12_unif2-step_seed0001_d020,64,500,0,0,2,0.3835612608299054,0.8319089412689209,0.5198429503768828,0.5141464477914197,0.5691214203834534
resnet32x12_cifar100_K12_unif2-step_seed0001_d020,64,550,0,0,2,0.3589323559121897,0.8255420327186584,0.39655965640180785,0.6259866079872348,0.642680823802948
resnet32x12_cifar100_K12_unif2-step_seed0001_d020,64,600,0,0,2,0.4610956204641225,0.8422733545303345,0.4261638316007726,0.5923109685771966,0.7434770464897156
resnet32x12_cifar100_K12_unif2-step_seed0001_d020,64,650,0,0,2,0.4351581449722871,0.8399201035499573,0.39258229972358827,0.6791681958592836,0.8251342177391052
resnet32x12_cifar100_K12_unif2-step_seed0001_d020,64,700,0,0,2,0.30724150172934944,0.8874751925468445,0.3442003246021915,0.7088755374315135,0.8474313020706177
resnet32x12_cifar100_K12_unif2-step_seed0001_d020,65,0,0,0,2,0.27268734516268556,0.8744813203811646,0.3261008163705965,0.5953510181851762,0.6357666254043579
resnet32x12_cifar100_K12_unif2-step_seed0001_d020,65,50,0,0,2,0.4375847983590328,0.8559153079986572,0.3604668484130186,0.7067823024447937,0.8965103626251221
resnet32x12_cifar100_K12_unif2-step_seed0001_d020,65,100,0,0,2,0.22616582467235846,0.9017927646636963,0.3625124739617665,0.5733140838611149,0.6308045387268066
resnet32x12_cifar100_K12_unif2-step_seed0001_d020,65,150,0,0,2,0.3124401673350959,0.894974946975708,0.33687455523142107,0.6159736188404182,0.7587278485298157
resnet32x12_cifar100_K12_unif2-step_seed0001_d020,65,200,0,0,2,0.34742267641726726,0.8239338397979736,0.3363972604090997,0.6503640017630712,0.6413074135780334
resnet32x12_cifar100_K12_unif2-step_seed0001_d020,65,250,0,0,2,0.31748633672769494,0.8594211339950562,0.3910174163039175,0.5916731047168108,0.6486255526542664
resnet32x12_cifar100_K12_unif2-step_seed0001_d020,65,300,0,0,2,0.2788351254823436,0.8980562686920166,0.2828041176265032,0.7057343279848068,0.8399554491043091
resnet32x12_cifar100_K12_unif2-step_seed0001_d020,65,350,0,0,2,0.3931616635987121,0.8311904668807983,0.37101571961919927,0.6692892485186642,0.75033038854599
resnet32x12_cifar100_K12_unif2-step_seed0001_d020,65,400,0,0,2,0.5735109620191844,0.8249278664588928,0.5487267367210593,0.5515034587264006,0.7329089641571045
resnet32x12_cifar100_K12_unif2-step_seed0001_d020,65,450,0,0,2,0.5742904406291,0.8073081970214844,0.5970462477196808,0.5982512460608762,0.7674016952514648
resnet32x12_cifar100_K12_unif2-step_seed0001_d020,65,500,0,0,2,0.2738852443585373,0.8621127605438232,0.2926966718329011,0.7997209926685726,0.7940989136695862
resnet32x12_cifar100_K12_unif2-step_seed0001_d020,65,550,0,0,2,0.26180211074198123,0.878009021282196,0.38745372625165453,0.7078374828788554,0.7494907975196838
resnet32x12_cifar100_K12_unif2-step_seed0001_d020,65,600,0,0,2,1.0162833436814978,0.7972835898399353,0.5725296358069938,0.5515179137885369,0.8850287199020386
resnet32x12_cifar100_K12_unif2-step_seed0001_d020,65,650,0,0,2,0.7160019599781982,0.7376033067703247,0.41966293477760463,0.6085086434909417,0.7591537833213806
resnet32x12_cifar100_K12_unif2-step_seed0001_d020,65,700,0,0,2,0.37948726898228147,0.8337316513061523,0.444923586304509,0.567366634276126,0.6279920339584351
resnet32x12_cifar100_K12_unif2-step_seed0001_d020,66,0,0,0,2,0.23310299286871483,0.9008903503417969,0.31700799097463966,0.7201451568510582,0.801038384437561
resnet32x12_cifar100_K12_unif2-step_seed0001_d020,66,50,0,0,2,0.3203917810484548,0.8779224753379822,0.40339736750202004,0.7034680059690948,0.8299627304077148
resnet32x12_cifar100_K12_unif2-step_seed0001_d020,66,100,0,0,2,0.46598039088845583,0.8521929979324341,0.3844551081626731,0.6598216681790613,0.8515756130218506
resnet32x12_cifar100_K12_unif2-step_seed0001_d020,66,150,0,0,2,0.3364902014369215,0.8993017077445984,0.3356526938698713,0.6828693148023514,0.8743438124656677
resnet32x12_cifar100_K12_unif2-step_seed0001_d020,66,200,0,0,2,0.4038040925288583,0.8340751528739929,0.4522698116093818,0.6294976054593721,0.7236000895500183
resnet32x12_cifar100_K12_unif2-step_seed0001_d020,66,250,0,0,2,0.35540891049089346,0.8868868350982666,0.31974187066656173,0.8028484551146844,1.0145479440689087
resnet32x12_cifar100_K12_unif2-step_seed0001_d020,66,300,0,0,2,0.36997390855831347,0.8552277088165283,0.3217691944656346,0.7950521076567657,0.9331075549125671
resnet32x12_cifar100_K12_unif2-step_seed0001_d020,66,350,0,0,2,0.24260414913820044,0.916208028793335,0.3137214067645857,0.7873203950761524,0.9468605518341064
resnet32x12_cifar100_K12_unif2-step_seed0001_d020,66,400,0,0,2,0.30777436850220935,0.8919405937194824,0.2682274729994719,0.7618905289454458,0.9244733452796936
resnet32x12_cifar100_K12_unif2-step_seed0001_d020,66,450,0,0,2,0.4146594078163468,0.8310415744781494,0.3589556010050888,0.6538367632152721,0.7555248737335205
resnet32x12_cifar100_K12_unif2-step_seed0001_d020,66,500,0,0,2,0.31767259592448716,0.8653500080108643,0.3044361436457634,0.7824354714304015,0.8788564205169678
resnet32x12_cifar100_K12_unif2-step_seed0001_d020,66,550,0,0,2,0.4577234862363425,0.8021144270896912,0.3802865296127578,0.7344680077925962,0.8226731419563293
resnet32x12_cifar100_K12_unif2-step_seed0001_d020,66,600,0,0,2,0.23308584891568557,0.9075556993484497,0.21966871715484582,0.811419649063098,0.9296954870223999
resnet32x12_cifar100_K12_unif2-step_seed0001_d020,66,650,0,0,2,0.4114490280653917,0.8583595752716064,0.40162777473564315,0.7372908635138234,0.9167224168777466
resnet32x12_cifar100_K12_unif2-step_seed0001_d020,66,700,0,0,2,0.5426309195091119,0.8158364295959473,0.3920999561001873,0.7371353864502459,0.9377451539039612
resnet32x12_cifar100_K12_unif2-step_seed0001_d020,67,0,0,0,2,0.5491284187462373,0.7898341417312622,0.4596591407284655,0.6047497818289241,0.7291627526283264
resnet32x12_cifar100_K12_unif2-step_seed0001_d020,67,50,0,0,2,0.31730819912781216,0.8886576890945435,0.2693548957296418,0.7165135127548301,0.8711357116699219
resnet32x12_cifar100_K12_unif2-step_seed0001_d020,67,100,0,0,2,0.41370388254543805,0.8420065641403198,0.29346711072608067,0.7703817092724666,0.9184967279434204
resnet32x12_cifar100_K12_unif2-step_seed0001_d020,67,150,0,0,2,0.3287203913252117,0.8932605385780334,0.3891352517762883,0.6937686625539353,0.8665992617607117
resnet32x12_cifar100_K12_unif2-step_seed0001_d020,67,200,0,0,2,0.9133093646752192,0.7010428309440613,0.5884309503012456,0.5328601111117894,0.7125717401504517
resnet32x12_cifar100_K12_unif2-step_seed0001_d020,67,250,0,0,2,0.45146880277701956,0.8340251445770264,0.4731085693355676,0.7367990136542744,0.8970658779144287
resnet32x12_cifar100_K12_unif2-step_seed0001_d020,67,300,0,0,2,0.4824573407486521,0.8493041396141052,0.4563552786361007,0.6559994991492476,0.8532707095146179
resnet32x12_cifar100_K12_unif2-step_seed0001_d020,67,350,0,0,2,0.3355092731897151,0.8693361282348633,0.3194905002046622,0.7895486297295014,0.9248930811882019
resnet32x12_cifar100_K12_unif2-step_seed0001_d020,67,400,0,0,2,0.4695625886947414,0.8720132112503052,0.2914967845764628,0.9043032685088848,1.222224235534668
resnet32x12_cifar100_K12_unif2-step_seed0001_d020,67,450,0,0,2,0.43307959624022,0.8621301651000977,0.36934571614372236,0.6415486306662339,0.8225091099739075
resnet32x12_cifar100_K12_unif2-step_seed0001_d020,67,500,0,0,2,0.4511503524341134,0.8073310852050781,0.35182147486050747,0.7357156569009138,0.8300080299377441
resnet32x12_cifar100_K12_unif2-step_seed0001_d020,67,550,0,0,2,0.3940130975287945,0.8422309160232544,0.43390368210466423,0.6743522264384582,0.7847683429718018
resnet32x12_cifar100_K12_unif2-step_seed0001_d020,67,600,0,0,2,0.4744158798816864,0.7915583848953247,0.5099157915293214,0.691354652677818,0.7669423818588257
resnet32x12_cifar100_K12_unif2-step_seed0001_d020,67,650,0,0,2,0.6995418394206573,0.7714560031890869,0.6133965524030628,0.5951454428815516,0.7822033762931824
resnet32x12_cifar100_K12_unif2-step_seed0001_d020,67,700,0,0,2,0.4115212471983003,0.8522231578826904,0.38982884525029926,0.7328894178288864,0.8966498374938965
resnet32x12_cifar100_K12_unif2-step_seed0001_d020,68,0,0,0,2,0.363180380053209,0.8691737651824951,0.3786549934747335,0.6203129977361186,0.7528244256973267
resnet32x12_cifar100_K12_unif2-step_seed0001_d020,68,50,0,0,2,0.3631289329237722,0.8377186059951782,0.29770658637716724,0.8824388506617132,0.9640430212020874
resnet32x12_cifar100_K12_unif2-step_seed0001_d020,68,100,0,0,2,0.3373818591155531,0.8479031324386597,0.3163810819385613,0.745211174113172,0.8087214231491089
resnet32x12_cifar100_K12_unif2-step_seed0001_d020,68,150,0,0,2,0.5038405108996534,0.8196952939033508,0.41377650855613746,0.7612390817444906,0.9431066513061523
resnet32x12_cifar100_K12_unif2-step_seed0001_d020,68,200,0,0,2,0.43396577467278535,0.8381069898605347,0.4835109459702907,0.6510228014437938,0.7860551476478577
resnet32x12_cifar100_K12_unif2-step_seed0001_d020,68,250,0,0,2,0.431962740924729,0.8193154335021973,0.43097309988085963,0.7322977189690719,0.8352779746055603
resnet32x12_cifar100_K12_unif2-step_seed0001_d020,68,300,0,0,2,0.3781058356160415,0.8559951782226562,0.3925416205268206,0.7229089655910286,0.8594751954078674
resnet32x12_cifar100_K12_unif2-step_seed0001_d020,68,350,0,0,2,0.5590517773470033,0.7623827457427979,0.5081706490662453,0.6535098452406527,0.7429894208908081
resnet32x12_cifar100_K12_unif2-step_seed0001_d020,68,400,0,0,2,0.27931321059571823,0.8944075107574463,0.2403592781684744,0.9058619358936216,1.0652672052383423
resnet32x12_cifar100_K12_unif2-step_seed0001_d020,68,450,0,0,2,0.3279336621918679,0.8810591697692871,0.3209047185392966,0.8907656307620939,1.0723549127578735
resnet32x12_cifar100_K12_unif2-step_seed0001_d020,68,500,0,0,2,0.3558331358863341,0.8690196871757507,0.3814308377356293,0.7350913267422854,0.883747935295105
resnet32x12_cifar100_K12_unif2-step_seed0001_d020,68,550,0,0,2,0.3809759405496897,0.8760820627212524,0.315152611580238,0.7538803570505963,0.950969934463501
resnet32x12_cifar100_K12_unif2-step_seed0001_d020,68,600,0,0,2,0.3900127814048457,0.8615753650665283,0.3257438421332509,0.846177600147038,1.0368554592132568
resnet32x12_cifar100_K12_unif2-step_seed0001_d020,68,650,0,0,2,0.362214732166876,0.8976889848709106,0.3341070149774309,0.8015929039734331,1.0481953620910645
resnet32x12_cifar100_K12_unif2-step_seed0001_d020,68,700,0,0,2,0.5121611998930558,0.7803550958633423,0.4637086881596328,0.8218880917046735,0.9273947477340698
resnet32x12_cifar100_K12_unif2-step_seed0001_d020,69,0,0,0,2,0.5908012151129676,0.7688639163970947,0.3825771298830307,0.7538084450958932,0.901120126247406
resnet32x12_cifar100_K12_unif2-step_seed0001_d020,69,50,0,0,2,0.2829579177492463,0.8617565035820007,0.3481796011157099,0.8093530158514783,0.8269164562225342
resnet32x12_cifar100_K12_unif2-step_seed0001_d020,69,100,0,0,2,0.31582225554223897,0.8590803146362305,0.3155142570170167,0.9072110243535335,0.9898735880851746
resnet32x12_cifar100_K12_unif2-step_seed0001_d020,69,150,0,0,2,0.3134879512340094,0.8685868382453918,0.27165352538402293,0.9017016615807567,1.0182216167449951
resnet32x12_cifar100_K12_unif2-step_seed0001_d020,69,200,0,0,2,0.44711536650441114,0.7794203758239746,0.43042982311961614,0.775406229549176,0.7855730652809143
resnet32x12_cifar100_K12_unif2-step_seed0001_d020,69,250,0,0,2,0.38494303909724853,0.8333175182342529,0.4097190034147531,0.7109346494512736,0.7927124500274658
resnet32x12_cifar100_K12_unif2-step_seed0001_d020,69,300,0,0,2,0.5156096374269828,0.8091940879821777,0.38862755290125933,0.9021762841125072,1.1024549007415771
resnet32x12_cifar100_K12_unif2-step_seed0001_d020,69,350,0,0,2,0.4180823309203737,0.8478894233703613,0.4479272142401773,0.7172227472690296,0.873593807220459
resnet32x12_cifar100_K12_unif2-step_seed0001_d020,69,400,0,0,2,0.2723761224378918,0.8700776100158691,0.35130745734451446,0.8592644013415262,0.8949876427650452
resnet32x12_cifar100_K12_unif2-step_seed0001_d020,69,450,0,0,2,0.5245017028531195,0.8320074081420898,0.462056282239423,0.6998093098374132,0.908043622970581
resnet32x12_cifar100_K12_unif2-step_seed0001_d020,69,500,0,0,2,0.31721663311893067,0.8846301436424255,0.32020650727110067,0.816396758832016,0.9801016449928284
resnet32x12_cifar100_K12_unif2-step_seed0001_d020,69,550,0,0,2,0.3279491438068011,0.873466968536377,0.4097466333340744,0.6721439488630693,0.7897377014160156
resnet32x12_cifar100_K12_unif2-step_seed0001_d020,69,600,0,0,2,0.6295015086819815,0.8295551538467407,0.5216697473082899,0.6476754686106302,0.9023228883743286
resnet32x12_cifar100_K12_unif2-step_seed0001_d020,69,650,0,0,2,0.2878296331286762,0.8808234333992004,0.3964532306790237,0.7317891961414957,0.8292425274848938
resnet32x12_cifar100_K12_unif2-step_seed0001_d020,69,700,0,0,2,0.2862818814326141,0.8904525637626648,0.2605181352403612,0.8132411804002422,0.9530011415481567
resnet32x12_cifar100_K12_unif2-step_seed0001_d020,70,0,0,0,2,0.47714718085188423,0.8406577110290527,0.420509283262602,0.7764413474309352,0.9856442809104919
resnet32x12_cifar100_K12_unif2-step_seed0001_d020,70,50,0,0,2,0.3422414969016499,0.8442807197570801,0.29894303789413645,0.8155127934119532,0.8798655271530151
resnet32x12_cifar100_K12_unif2-step_seed0001_d020,70,100,0,0,2,0.4095374185256851,0.8567405939102173,0.44372608241879885,0.788625993003347,0.9744341969490051
resnet32x12_cifar100_K12_unif2-step_seed0001_d020,70,150,0,0,2,0.35889479999360474,0.8553774356842041,0.4209575036132157,0.7866754211191895,0.9096470475196838
resnet32x12_cifar100_K12_unif2-step_seed0001_d020,70,200,0,0,2,0.3078644499253364,0.8933296203613281,0.30731693479463235,0.9699522986923566,1.1821348667144775
resnet32x12_cifar100_K12_unif2-step_seed0001_d020,70,250,0,0,2,0.3301894331701943,0.8733903765678406,0.36984413424635454,0.6670037822916407,0.7859639525413513
resnet32x12_cifar100_K12_unif2-step_seed0001_d020,70,300,0,0,2,0.5157658025173345,0.8109830617904663,0.38257151968270064,0.8286851392079821,1.0171841382980347
resnet32x12_cifar100_K12_unif2-step_seed0001_d020,70,350,0,0,2,0.3715053405397806,0.8386577367782593,0.3170288405966852,0.8889888323950292,0.9887769222259521
resnet32x12_cifar100_K12_unif2-step_seed0001_d020,70,400,0,0,2,0.2689208460798273,0.8803513646125793,0.31991325869193526,0.943661343281817,1.0285613536834717
resnet32x12_cifar100_K12_unif2-step_seed0001_d020,70,450,0,0,2,0.37274861303524076,0.8678038120269775,0.34038501129429394,0.8762480826363693,1.0712412595748901
resnet32x12_cifar100_K12_unif2-step_seed0001_d020,70,500,0,0,2,0.2617746276546378,0.8969684839248657,0.3384865775816301,0.9095008684335582,1.0500271320343018
resnet32x12_cifar100_K12_unif2-step_seed0001_d020,70,550,0,0,2,0.2703214484042935,0.8969916701316833,0.27471729442211223,0.9174485700989186,1.074055790901184
resnet32x12_cifar100_K12_unif2-step_seed0001_d020,70,600,0,0,2,0.486274983218934,0.7951022982597351,0.4428933419249295,0.8477251227038027,0.9658015966415405
resnet32x12_cifar100_K12_unif2-step_seed0001_d020,70,650,0,0,2,0.33029916057793296,0.8462287783622742,0.3465435856655987,0.9255176925534331,0.982567310333252
resnet32x12_cifar100_K12_unif2-step_seed0001_d020,70,700,0,0,2,0.5645662007534265,0.8117760419845581,0.5139812634678729,0.7072970064736003,0.9085819125175476
resnet32x12_cifar100_K12_unif2-step_seed0001_d020,71,0,0,0,2,0.5909156079864046,0.7921181917190552,0.5055166272916665,0.6402369463661232,0.8063246011734009
resnet32x12_cifar100_K12_unif2-step_seed0001_d020,71,50,0,0,2,0.2666999611482636,0.8628963232040405,0.2623263739059634,0.9652425891460326,0.9354649782180786
resnet32x12_cifar100_K12_unif2-step_seed0001_d020,71,100,0,0,2,0.38437127708312013,0.8622942566871643,0.3190454746229087,1.007892457614265,1.2295854091644287
resnet32x12_cifar100_K12_unif2-step_seed0001_d020,71,150,0,0,2,0.4638569298385174,0.7937190532684326,0.40611615480427304,0.8651765756697921,0.9517488479614258
resnet32x12_cifar100_K12_unif2-step_seed0001_d020,71,200,0,0,2,0.5306627304735999,0.8439754843711853,0.37109496814953785,0.9770966251719083,1.3062632083892822
resnet32x12_cifar100_K12_unif2-step_seed0001_d020,71,250,0,0,2,0.47489822780016194,0.78654545545578,0.6026160872039801,0.7070023757349697,0.7723352909088135
resnet32x12_cifar100_K12_unif2-step_seed0001_d020,71,300,0,0,2,0.21165148536027645,0.90122389793396,0.24447300054782423,1.1113622355128727,1.1732401847839355
resnet32x12_cifar100_K12_unif2-step_seed0001_d020,71,350,0,0,2,0.3756865626162198,0.8195652961730957,0.3213405321107082,1.0056332824821155,1.0430634021759033
resnet32x12_cifar100_K12_unif2-step_seed0001_d020,71,400,0,0,2,0.2833923359126315,0.8867473006248474,0.402109519397117,0.8081857877616867,0.9300441741943359
resnet32x12_cifar100_K12_unif2-step_seed0001_d020,71,450,0,0,2,0.33599608423556393,0.8463448286056519,0.3560912661174597,0.9593569154308513,1.0313347578048706
resnet32x12_cifar100_K12_unif2-step_seed0001_d020,71,500,0,0,2,0.5441917268296262,0.8134169578552246,0.5986672984420607,0.729971731892741,0.9249559044837952
resnet32x12_cifar100_K12_unif2-step_seed0001_d020,71,550,0,0,2,0.25273298507731295,0.9076346158981323,0.26232045052907593,1.0735730259171608,1.271412968635559
resnet32x12_cifar100_K12_unif2-step_seed0001_d020,71,600,0,0,2,0.3745270236606256,0.8262211680412292,0.4050386676234358,0.6786668063299763,0.7229978442192078
resnet32x12_cifar100_K12_unif2-step_seed0001_d020,71,650,0,0,2,0.33723889923486067,0.8633700609207153,0.405354098527287,0.7336995285195922,0.8443806171417236
resnet32x12_cifar100_K12_unif2-step_seed0001_d020,71,700,0,0,2,0.4326495227612671,0.8552294373512268,0.416850527908739,0.868347560512191,1.0943619012832642
resnet32x12_cifar100_K12_unif2-step_seed0001_d020,72,0,0,0,2,0.5785719780092052,0.7462570667266846,0.48116609177295633,0.7941983466085776,0.884992241859436
resnet32x12_cifar100_K12_unif2-step_seed0001_d020,72,50,0,0,2,0.3201759166985493,0.8458186984062195,0.3510364644238362,0.9158513749497319,0.947410523891449
resnet32x12_cifar100_K12_unif2-step_seed0001_d020,72,100,0,0,2,0.5549657735043431,0.8307393789291382,0.50066342108461,0.7487605104679903,0.9927132725715637
resnet32x12_cifar100_K12_unif2-step_seed0001_d020,72,150,0,0,2,0.5501378660689644,0.8686248660087585,0.5470367115042283,0.7499229073639074,1.0653207302093506
resnet32x12_cifar100_K12_unif2-step_seed0001_d020,72,200,0,0,2,0.36190798705837696,0.846450686454773,0.34117319429214904,0.823244359566752,0.9273247718811035
resnet32x12_cifar100_K12_unif2-step_seed0001_d020,72,250,0,0,2,0.6348029771104651,0.7665964365005493,0.4968201740927079,0.7696938125159443,0.9530863761901855
resnet32x12_cifar100_K12_unif2-step_seed0001_d020,72,300,0,0,2,0.18654344649456,0.916351854801178,0.25667004441962926,0.9810631154917451,1.0579320192337036
resnet32x12_cifar100_K12_unif2-step_seed0001_d020,72,350,0,0,2,0.3073478040698931,0.8762775659561157,0.32296241745745813,0.9692868006786792,1.1151857376098633
resnet32x12_cifar100_K12_unif2-step_seed0001_d020,72,400,0,0,2,0.4531587829678359,0.7716954350471497,0.45720160912800833,0.7318007620305766,0.7261760830879211
resnet32x12_cifar100_K12_unif2-step_seed0001_d020,72,450,0,0,2,0.24508539443444174,0.9270647764205933,0.33556908973231825,0.9964650976573661,1.2459629774093628
resnet32x12_cifar100_K12_unif2-step_seed0001_d020,72,500,0,0,2,0.5394879715310917,0.8202166557312012,0.39571318074469264,0.9572493012815024,1.226155400276184
resnet32x12_cifar100_K12_unif2-step_seed0001_d020,72,550,0,0,2,0.35636165490053806,0.8899208903312683,0.32224770761352484,0.9151874043374018,1.166905403137207
resnet32x12_cifar100_K12_unif2-step_seed0001_d020,72,600,0,0,2,0.3351709342655364,0.8424622416496277,0.26888111657811886,0.9512837244339166,1.0030248165130615
resnet32x12_cifar100_K12_unif2-step_seed0001_d020,72,650,0,0,2,0.39609182569170287,0.863911509513855,0.4055073535539761,0.7667384711792805,0.9517655968666077
resnet32x12_cifar100_K12_unif2-step_seed0001_d020,72,700,0,0,2,0.24493782621698076,0.9093680381774902,0.19403516570489973,1.1486638682953645,1.3525372743606567
resnet32x12_cifar100_K12_unif2-step_seed0001_d020,73,0,0,0,2,0.2607033032783222,0.8901879191398621,0.2540515620709049,0.9606604448082143,1.0766159296035767
resnet32x12_cifar100_K12_unif2-step_seed0001_d020,73,50,0,0,2,0.3013495058508074,0.8816748261451721,0.3788785351725303,0.9369963882726803,1.0889869928359985
resnet32x12_cifar100_K12_unif2-step_seed0001_d020,73,100,0,0,2,0.8909184026762088,0.7299507260322571,0.7943987428964925,0.6595721397566625,0.9108089804649353
resnet32x12_cifar100_K12_unif2-step_seed0001_d020,73,150,0,0,2,0.27557541343746594,0.9041625261306763,0.38663022736908054,0.8525616445095943,1.0309697389602661
resnet32x12_cifar100_K12_unif2-step_seed0001_d020,73,200,0,0,2,0.4402019911479476,0.8029928207397461,0.4520318790781757,0.8663495801136362,0.9482536911964417
resnet32x12_cifar100_K12_unif2-step_seed0001_d020,73,250,0,0,2,0.36066409359999524,0.8545226454734802,0.33837965506717077,1.077779189225766,1.245884895324707
resnet32x12_cifar100_K12_unif2-step_seed0001_d020,73,300,0,0,2,0.3460016234584466,0.8350365161895752,0.414005959919363,0.7735468469253317,0.8068820238113403
resnet32x12_cifar100_K12_unif2-step_seed0001_d020,73,350,0,0,2,0.4598006219535308,0.8163710236549377,0.39956594893723146,0.8490166361316748,0.994796872138977
resnet32x12_cifar100_K12_unif2-step_seed0001_d020,73,400,0,0,2,0.5772081039336057,0.8204019069671631,0.4811511867733902,0.7606687693983342,1.0045918226242065
resnet32x12_cifar100_K12_unif2-step_seed0001_d020,73,450,0,0,2,0.25736110661242395,0.8801328539848328,0.27512540698013943,0.8696646492930893,0.920978844165802
resnet32x12_cifar100_K12_unif2-step_seed0001_d020,73,500,0,0,2,0.3552619034238024,0.8790199756622314,0.3625954056507393,0.9748207123069237,1.2055652141571045
resnet32x12_cifar100_K12_unif2-step_seed0001_d020,73,550,0,0,2,0.3135816504280073,0.8541902303695679,0.35841126703907583,0.9324675914358721,0.9903649687767029
resnet32x12_cifar100_K12_unif2-step_seed0001_d020,73,600,0,0,2,0.5083077737473617,0.7848185300827026,0.4429467744570948,0.7860902762900214,0.8940256237983704
resnet32x12_cifar100_K12_unif2-step_seed0001_d020,73,650,0,0,2,0.34802189645013243,0.8817214369773865,0.41449933045255966,0.7942366962705506,0.9816108345985413
resnet32x12_cifar100_K12_unif2-step_seed0001_d020,73,700,0,0,2,0.3579910930317349,0.8269087076187134,0.4107338385994037,0.8351073376541172,0.8612323999404907
resnet32x12_cifar100_K12_unif2-step_seed0001_d020,74,0,0,0,2,0.3169169851181124,0.8959285020828247,0.28111104196014086,1.0724848399835911,1.3317770957946777
resnet32x12_cifar100_K12_unif2-step_seed0001_d020,74,50,0,0,2,0.47674289180782337,0.8554226160049438,0.4867310795467854,0.8102683450516482,1.0630970001220703
resnet32x12_cifar100_K12_unif2-step_seed0001_d020,74,100,0,0,2,0.3615157601552223,0.8344850540161133,0.39059218090119846,0.9327601458044481,1.0027825832366943
resnet32x12_cifar100_K12_unif2-step_seed0001_d020,74,150,0,0,2,0.29944752296768423,0.8867563009262085,0.35104515650754,0.9891074726311878,1.1667964458465576
resnet32x12_cifar100_K12_unif2-step_seed0001_d020,74,200,0,0,2,0.5588564077143996,0.7661850452423096,0.5250067956199846,0.7787922154919685,0.8941689729690552
resnet32x12_cifar100_K12_unif2-step_seed0001_d020,74,250,0,0,2,0.23602424664023933,0.9158077239990234,0.2352416305060061,1.0479104913386763,1.2461458444595337
resnet32x12_cifar100_K12_unif2-step_seed0001_d020,74,300,0,0,2,0.5314562032544423,0.834804356098175,0.46772750946097547,0.861762423891394,1.1312087774276733
resnet32x12_cifar100_K12_unif2-step_seed0001_d020,74,350,0,0,2,0.6092284078303306,0.7216993570327759,0.48600788323332467,0.8069842994230934,0.873449981212616
resnet32x12_cifar100_K12_unif2-step_seed0001_d020,74,400,0,0,2,0.3930652438016203,0.860981822013855,0.33058475377237323,0.9443813182889583,1.1592528820037842
resnet32x12_cifar100_K12_unif2-step_seed0001_d020,74,450,0,0,2,0.43269482258285485,0.8294786810874939,0.4184754367279344,0.9434740458862264,1.11041259765625
resnet32x12_cifar100_K12_unif2-step_seed0001_d020,74,500,0,0,2,0.42709467081869823,0.8513069152832031,0.4112222588556758,0.7669881246957982,0.951790452003479
resnet32x12_cifar100_K12_unif2-step_seed0001_d020,74,550,0,0,2,0.31418370252634925,0.8810856342315674,0.3412534171706043,1.1148643080079659,1.3176699876785278
resnet32x12_cifar100_K12_unif2-step_seed0001_d020,74,600,0,0,2,0.210329568776918,0.9143602252006531,0.30280096483793073,1.0731928139767684,1.212418556213379
resnet32x12_cifar100_K12_unif2-step_seed0001_d020,74,650,0,0,2,0.4438169899952194,0.8260890245437622,0.45832765359553734,1.0313913653033175,1.2184772491455078
resnet32x12_cifar100_K12_unif2-step_seed0001_d020,74,700,0,0,2,0.6133391671869081,0.7837061882019043,0.46635741354187993,0.7528882442008029,0.949175238609314
resnet32x12_cifar100_K12_unif2-step_seed0001_d020,75,0,0,0,2,0.45200523181531294,0.841395378112793,0.46375975726501545,0.8474653530071757,1.051987886428833
resnet32x12_cifar100_K12_unif2-step_seed0001_d020,75,50,0,0,2,0.2646497684735419,0.8869391083717346,0.37483934592694673,0.8218893970925538,0.915139377117157
resnet32x12_cifar100_K12_unif2-step_seed0001_d020,75,100,0,0,2,0.1781450085879232,0.9196202754974365,0.2349405349649203,0.9560863267535885,1.0268783569335938
resnet32x12_cifar100_K12_unif2-step_seed0001_d020,75,150,0,0,2,0.38991769199830806,0.8847191333770752,0.37303570157315097,0.9579321532942411,1.2455278635025024
resnet32x12_cifar100_K12_unif2-step_seed0001_d020,75,200,0,0,2,0.19245893626969177,0.91063392162323,0.2539337252676879,1.0537424445192518,1.1148453950881958
resnet32x12_cifar100_K12_unif2-step_seed0001_d020,75,250,0,0,2,0.2946160711305205,0.866083025932312,0.2811498401605464,1.1018951130295516,1.1873406171798706
resnet32x12_cifar100_K12_unif2-step_seed0001_d020,75,300,0,0,2,0.4711912923732918,0.796455979347229,0.5847565788145048,0.7625148818643114,0.8550195693969727
resnet32x12_cifar100_K12_unif2-step_seed0001_d020,75,350,0,0,2,0.39591757227945495,0.8731322288513184,0.40356486388655327,0.9746548445191618,1.2387603521347046
resnet32x12_cifar100_K12_unif2-step_seed0001_d020,75,400,0,0,2,0.43169284912848543,0.8164140582084656,0.4942001278129442,0.76952067721312,0.8694216012954712
resnet32x12_cifar100_K12_unif2-step_seed0001_d020,75,450,0,0,2,0.3651254727538562,0.8515014052391052,0.4374261932308993,0.8469534918526814,0.9755223393440247
resnet32x12_cifar100_K12_unif2-step_seed0001_d020,75,500,0,0,2,0.31718028596108105,0.8849543333053589,0.30866678097607564,1.25210775054295,1.5046515464782715
resnet32x12_cifar100_K12_unif2-step_seed0001_d020,75,550,0,0,2,0.25483716655659505,0.9028981328010559,0.25944867270500627,1.0489726899322178,1.2247707843780518
resnet32x12_cifar100_K12_unif2-step_seed0001_d020,75,600,0,0,2,0.39754780033981046,0.836418628692627,0.2939070650607917,1.1998869683755389,1.3775871992111206
resnet32x12_cifar100_K12_unif2-step_seed0001_d020,75,650,0,0,2,0.22163711671112707,0.9041951894760132,0.2508687325169158,1.126355414331516,1.2414695024490356
resnet32x12_cifar100_K12_unif2-step_seed0001_d020,75,700,0,0,2,0.5169752677047688,0.8283092975616455,0.43752404880485474,0.8918566970711476,1.1406346559524536
resnet32x12_cifar100_K12_unif2-step_seed0001_d020,76,0,0,0,2,0.38013317730243457,0.8131927251815796,0.39400656460853795,0.9066838508501495,0.9218266606330872
resnet32x12_cifar100_K12_unif2-step_seed0001_d020,76,50,0,0,2,0.33321592575031783,0.8600429892539978,0.4333277635146688,0.9026241444825472,1.019986867904663
resnet32x12_cifar100_K12_unif2-step_seed0001_d020,76,100,0,0,2,0.4988127015680638,0.8085216879844666,0.5061581607176475,0.7090642374420063,0.8502105474472046
resnet32x12_cifar100_K12_unif2-step_seed0001_d020,76,150,0,0,2,0.341885970949151,0.8687925934791565,0.30724410011867265,1.1244965592429652,1.3266106843948364
resnet32x12_cifar100_K12_unif2-step_seed0001_d020,76,200,0,0,2,0.4192587938453033,0.8464997410774231,0.3785812526320221,0.9108737851298766,1.1067463159561157
resnet32x12_cifar100_K12_unif2-step_seed0001_d020,76,250,0,0,2,0.469297976363699,0.8299107551574707,0.4895204373839893,0.7956430973413035,0.9766243696212769
resnet32x12_cifar100_K12_unif2-step_seed0001_d020,76,300,0,0,2,0.35676605141816464,0.8559843301773071,0.38518545577245494,0.8895909513792037,1.027574062347412
resnet32x12_cifar100_K12_unif2-step_seed0001_d020,76,350,0,0,2,0.47489231356358336,0.8233200311660767,0.4888696146376532,0.8072151188808792,0.9800801873207092
resnet32x12_cifar100_K12_unif2-step_seed0001_d020,76,400,0,0,2,0.48400772434086936,0.823261022567749,0.38875266673672876,0.9526053090590101,1.1673829555511475
resnet32x12_cifar100_K12_unif2-step_seed0001_d020,76,450,0,0,2,0.3497882242335977,0.866069495677948,0.3797163034656046,0.9520288010776564,1.1253771781921387
resnet32x12_cifar100_K12_unif2-step_seed0001_d020,76,500,0,0,2,0.313851324213076,0.8620440363883972,0.3603047211805724,0.8588083653279344,0.9453162550926208
resnet32x12_cifar100_K12_unif2-step_seed0001_d020,76,550,0,0,2,0.38665286205609345,0.8912868499755859,0.328721050379264,1.1344482188069118,1.4938195943832397
resnet32x12_cifar100_K12_unif2-step_seed0001_d020,76,600,0,0,2,0.42662493561052145,0.8064281940460205,0.422611760112561,0.8092744330299411,0.8771153092384338
resnet32x12_cifar100_K12_unif2-step_seed0001_d020,76,650,0,0,2,0.3319772701989564,0.8702524304389954,0.3712665288187769,1.047521590781926,1.224669098854065
resnet32x12_cifar100_K12_unif2-step_seed0001_d020,76,700,0,0,2,0.32634462295324124,0.8948659300804138,0.39286171085573807,0.9918412633205042,1.2412084341049194
resnet32x12_cifar100_K12_unif2-step_seed0001_d020,77,0,0,0,2,0.24480556586952681,0.8772096633911133,0.2545921966121212,1.2001084000582025,1.1962701082229614
resnet32x12_cifar100_K12_unif2-step_seed0001_d020,77,50,0,0,2,0.37980433969956395,0.8219432830810547,0.41390911395546864,0.9712316659107639,1.0268882513046265
resnet32x12_cifar100_K12_unif2-step_seed0001_d020,77,100,0,0,2,0.30996935049985236,0.8625779747962952,0.3719022123826037,1.0550071514483865,1.1552103757858276
resnet32x12_cifar100_K12_unif2-step_seed0001_d020,77,150,0,0,2,0.4215933085596265,0.8471240997314453,0.3201554900036644,0.9640746352360916,1.1763988733291626
resnet32x12_cifar100_K12_unif2-step_seed0001_d020,77,200,0,0,2,0.6012803326755107,0.7959107756614685,0.47459296737142426,0.954359287215055,1.221985936164856
resnet32x12_cifar100_K12_unif2-step_seed0001_d020,77,250,0,0,2,0.29916798377631165,0.9016920924186707,0.33899841842654627,1.0147697368881838,1.2549450397491455
resnet32x12_cifar100_K12_unif2-step_seed0001_d020,77,300,0,0,2,0.5420396010984246,0.770739734172821,0.5754334296863709,0.786515610653337,0.8963358998298645
resnet32x12_cifar100_K12_unif2-step_seed0001_d020,77,350,0,0,2,0.5337559763345691,0.7597720623016357,0.579737369806791,0.7002237226396719,0.7653118968009949
resnet32x12_cifar100_K12_unif2-step_seed0001_d020,77,400,0,0,2,0.5230449681029573,0.7969177961349487,0.7347428880045288,0.7506745801523222,0.8967291712760925
resnet32x12_cifar100_K12_unif2-step_seed0001_d020,77,450,0,0,2,0.3030866552766545,0.8777903914451599,0.29525712310889946,1.156654596421496,1.3290982246398926
resnet32x12_cifar100_K12_unif2-step_seed0001_d020,77,500,0,0,2,0.5459373842629051,0.7716487050056458,0.5463948653769007,0.9268683637920344,1.063723087310791
resnet32x12_cifar100_K12_unif2-step_seed0001_d020,77,550,0,0,2,0.43900290990165275,0.8364875912666321,0.4468453670248226,0.9510333765231945,1.1497337818145752
resnet32x12_cifar100_K12_unif2-step_seed0001_d020,77,600,0,0,2,0.3500836454465842,0.8348678946495056,0.2781623219714843,1.274832073073567,1.3409520387649536
resnet32x12_cifar100_K12_unif2-step_seed0001_d020,77,650,0,0,2,0.6019822845452317,0.7979023456573486,0.3903049846799118,0.8856897307048786,1.139351725578308
resnet32x12_cifar100_K12_unif2-step_seed0001_d020,77,700,0,0,2,0.4949041276207936,0.8046404123306274,0.3679062558382893,1.1019367096444663,1.3024165630340576
resnet32x12_cifar100_K12_unif2-step_seed0001_d020,78,0,0,0,2,0.30057807093913946,0.8700989484786987,0.4104041517800019,0.8718980574208086,0.967984676361084
resnet32x12_cifar100_K12_unif2-step_seed0001_d020,78,50,0,0,2,0.2916179468600938,0.8816601037979126,0.35769603999014266,0.8340351169703357,0.9543270468711853
resnet32x12_cifar100_K12_unif2-step_seed0001_d020,78,100,0,0,2,0.37879353977387303,0.8762636780738831,0.33250111832209006,1.1123486812421697,1.400657057762146
resnet32x12_cifar100_K12_unif2-step_seed0001_d020,78,150,0,0,2,0.3795504268401487,0.8393995761871338,0.3488237662620158,0.9629517820176495,1.0876274108886719
resnet32x12_cifar100_K12_unif2-step_seed0001_d020,78,200,0,0,2,0.46046224866967317,0.8216316103935242,0.3680043526203216,1.0469574966948558,1.2456598281860352
resnet32x12_cifar100_K12_unif2-step_seed0001_d020,78,250,0,0,2,0.17372322885739766,0.9196712970733643,0.215527035645157,1.2808719635554522,1.3569307327270508
resnet32x12_cifar100_K12_unif2-step_seed0001_d020,78,300,0,0,2,0.33872672937792614,0.8661419749259949,0.38759055396152187,0.9488761503363139,1.1048251390457153
resnet32x12_cifar100_K12_unif2-step_seed0001_d020,78,350,0,0,2,0.35255363656239164,0.8434885144233704,0.36076323358276,0.8948214197744715,0.9811925888061523
resnet32x12_cifar100_K12_unif2-step_seed0001_d020,78,400,0,0,2,0.30651728892744007,0.8569412231445312,0.2738016245432472,1.1321812942928653,1.1990853548049927
resnet32x12_cifar100_K12_unif2-step_seed0001_d020,78,450,0,0,2,0.2713281878959712,0.9040725231170654,0.2411972261063243,1.1376125321949395,1.3672473430633545
resnet32x12_cifar100_K12_unif2-step_seed0001_d020,78,500,0,0,2,0.5193890443428789,0.802688479423523,0.48984640534537055,0.8494717190476632,1.0255541801452637
resnet32x12_cifar100_K12_unif2-step_seed0001_d020,78,550,0,0,2,0.3191274133721126,0.8574953079223633,0.31483352984652674,1.0833803985837955,1.181738257408142
resnet32x12_cifar100_K12_unif2-step_seed0001_d020,78,600,0,0,2,0.7134675455377165,0.7914321422576904,0.5958504989609499,0.724509713036064,0.9957541227340698
resnet32x12_cifar100_K12_unif2-step_seed0001_d020,78,650,0,0,2,0.4187043042068384,0.848712682723999,0.3902228370098088,0.8684329462910043,1.0608456134796143
resnet32x12_cifar100_K12_unif2-step_seed0001_d020,78,700,0,0,2,0.40076967287540516,0.8483444452285767,0.3733383446053494,1.0193866612593592,1.2185899019241333
resnet32x12_cifar100_K12_unif2-step_seed0001_d020,79,0,0,0,2,0.4715338326413633,0.8351198434829712,0.5620280949934354,0.7266917780232428,0.90557861328125
resnet32x12_cifar100_K12_unif2-step_seed0001_d020,79,50,0,0,2,0.5525878224340706,0.8474007248878479,0.41753493707771894,0.9525175191114189,1.3027255535125732
resnet32x12_cifar100_K12_unif2-step_seed0001_d020,79,100,0,0,2,0.22395637127664975,0.9011861681938171,0.271640080113027,1.2334765290995025,1.3459287881851196
resnet32x12_cifar100_K12_unif2-step_seed0001_d020,79,150,0,0,2,0.36023259717460676,0.8346287608146667,0.38946956406942534,0.9788120452780422,1.050300121307373
resnet32x12_cifar100_K12_unif2-step_seed0001_d020,79,200,0,0,2,0.18597786037110883,0.9177298545837402,0.29198283771841493,1.1876787251946928,1.2894343137741089
resnet32x12_cifar100_K12_unif2-step_seed0001_d020,79,250,0,0,2,0.34833842356131073,0.8813066482543945,0.37594014584313723,1.140860859771266,1.4088677167892456
resnet32x12_cifar100_K12_unif2-step_seed0001_d020,79,300,0,0,2,0.26399363549206395,0.8806766271591187,0.28783175910296316,1.1669006056343747,1.2598278522491455
resnet32x12_cifar100_K12_unif2-step_seed0001_d020,79,350,0,0,2,0.5294502420906853,0.803554892539978,0.3818175532002651,0.9912946393230841,1.2114263772964478
resnet32x12_cifar100_K12_unif2-step_seed0001_d020,79,400,0,0,2,0.25208492086707296,0.9011834859848022,0.3089683313578122,1.0750691325114656,1.241268515586853
resnet32x12_cifar100_K12_unif2-step_seed0001_d020,79,450,0,0,2,0.6752119683167306,0.7736155986785889,0.6098405504764464,0.700264729100789,0.9080841541290283
resnet32x12_cifar100_K12_unif2-step_seed0001_d020,79,500,0,0,2,0.4897169842530641,0.8364111185073853,0.552275434021049,0.8573755760118635,1.090151071548462
resnet32x12_cifar100_K12_unif2-step_seed0001_d020,79,550,0,0,2,0.1900259667665067,0.9083424806594849,0.32507981374096334,1.1704694329482452,1.2070732116699219
resnet32x12_cifar100_K12_unif2-step_seed0001_d020,79,600,0,0,2,0.4073045632276121,0.833827555179596,0.44516654379925596,1.0590479253023246,1.2222449779510498
resnet32x12_cifar100_K12_unif2-step_seed0001_d020,79,650,0,0,2,0.2595523539468746,0.8747453689575195,0.3028143843042409,1.0693470854156353,1.1035754680633545
resnet32x12_cifar100_K12_unif2-step_seed0001_d020,79,700,0,0,2,0.3379551214484676,0.8651074767112732,0.39131414686467614,0.9140924954179656,1.059422254562378
resnet32x12_cifar100_K12_unif2-step_seed0001_d020,80,0,0,0,2,0.42249104963040407,0.8074055910110474,0.4661688499768607,0.9529607349864919,1.029349684715271
resnet32x12_cifar100_K12_unif2-step_seed0001_d020,80,50,0,0,2,0.2940965120260326,0.8642373085021973,0.2980759863455466,1.2095499271970738,1.2902604341506958
resnet32x12_cifar100_K12_unif2-step_seed0001_d020,80,100,0,0,2,0.3699523622525066,0.8327541947364807,0.41011495717351865,1.183490710919457,1.2836271524429321
resnet32x12_cifar100_K12_unif2-step_seed0001_d020,80,150,0,0,2,0.4889956366990931,0.8221356868743896,0.430416631829334,0.9454982984821052,1.1612776517868042
resnet32x12_cifar100_K12_unif2-step_seed0001_d020,80,200,0,0,2,0.3645757380560224,0.8596140742301941,0.337634166504629,1.1408575683111326,1.347748875617981
resnet32x12_cifar100_K12_unif2-step_seed0001_d020,80,250,0,0,2,0.39153952122267566,0.8615095019340515,0.32291761831444815,0.9872168134905986,1.2115241289138794
resnet32x12_cifar100_K12_unif2-step_seed0001_d020,80,300,0,0,2,0.27100622172836364,0.8976505994796753,0.3576230747399559,0.9958466466442046,1.1698684692382812
resnet32x12_cifar100_K12_unif2-step_seed0001_d020,80,350,0,0,2,0.32654196826471404,0.8783715963363647,0.40531416895713207,0.9208931948046352,1.0972871780395508
resnet32x12_cifar100_K12_unif2-step_seed0001_d020,80,400,0,0,2,0.4906552662022844,0.8387043476104736,0.3954905320138193,1.071025304742917,1.3701088428497314
resnet32x12_cifar100_K12_unif2-step_seed0001_d020,80,450,0,0,2,0.407443397408457,0.8132150173187256,0.36595026429054456,0.9911302054464928,1.0659016370773315
resnet32x12_cifar100_K12_unif2-step_seed0001_d020,80,500,0,0,2,0.339694191943453,0.8232954144477844,0.34006034678077723,1.0771048875099467,1.0293023586273193
resnet32x12_cifar100_K12_unif2-step_seed0001_d020,80,550,0,0,2,0.26501786984620246,0.8692055940628052,0.24552794403965175,1.2238329992309873,1.2391436100006104
resnet32x12_cifar100_K12_unif2-step_seed0001_d020,80,600,0,0,2,0.4014800182834919,0.8482780456542969,0.30878841151595776,1.0406007781087976,1.2447757720947266
resnet32x12_cifar100_K12_unif2-step_seed0001_d020,80,650,0,0,2,0.34833770100256134,0.8731164932250977,0.3583765416246548,1.0819945621812161,1.30465567111969
resnet32x12_cifar100_K12_unif2-step_seed0001_d020,80,700,0,0,2,0.3945737725701267,0.8859018087387085,0.44816501539259734,1.0086655665801563,1.3208003044128418
resnet32x12_cifar100_K12_unif2-step_seed0001_d020,81,0,0,0,2,0.3333969734499229,0.8470302820205688,0.34047128571313934,1.034207351790047,1.1092346906661987
resnet32x12_cifar100_K12_unif2-step_seed0001_d020,81,50,0,0,2,0.27015811359426956,0.8892844915390015,0.2750856259287777,1.0595979889098537,1.2039533853530884
resnet32x12_cifar100_K12_unif2-step_seed0001_d020,81,100,0,0,2,0.27703389830508474,0.8989273905754089,0.39805341876808603,1.0398929117161653,1.2381523847579956
resnet32x12_cifar100_K12_unif2-step_seed0001_d020,81,150,0,0,2,0.4058121075455402,0.8490167856216431,0.3419691367398183,1.10202638855163,1.327813982963562
resnet32x12_cifar100_K12_unif2-step_seed0001_d020,81,200,0,0,2,0.42597367185946355,0.8252776861190796,0.40081380590770493,0.9468205615720342,1.0911855697631836
resnet32x12_cifar100_K12_unif2-step_seed0001_d020,81,250,0,0,2,0.34395376865040606,0.8654289245605469,0.35397850171964385,0.9935785889492413,1.1627436876296997
resnet32x12_cifar100_K12_unif2-step_seed0001_d020,81,300,0,0,2,0.31213678864115807,0.8601343035697937,0.3651963591137375,1.0759915237092894,1.1707850694656372
resnet32x12_cifar100_K12_unif2-step_seed0001_d020,81,350,0,0,2,0.3742532338229902,0.8491623997688293,0.326502023716164,1.1657463031066353,1.3498382568359375
resnet32x12_cifar100_K12_unif2-step_seed0001_d020,81,400,0,0,2,0.50824736247668,0.7620643973350525,0.4761075837497122,0.7935696659838661,0.8414819836616516
resnet32x12_cifar100_K12_unif2-step_seed0001_d020,81,450,0,0,2,0.25740866465385687,0.8892308473587036,0.2803187179003331,1.2054021514078412,1.3363568782806396
resnet32x12_cifar100_K12_unif2-step_seed0001_d020,81,500,0,0,2,0.3377609805352752,0.8972647190093994,0.35695690311563516,1.0069273380858077,1.284047245979309
resnet32x12_cifar100_K12_unif2-step_seed0001_d020,81,550,0,0,2,0.30424998169342204,0.8767410516738892,0.2797007455490899,1.042820837840904,1.19589364528656
resnet32x12_cifar100_K12_unif2-step_seed0001_d020,81,600,0,0,2,0.5047332382416413,0.7990511655807495,0.5058758203506075,0.8980526307109487,1.057447910308838
resnet32x12_cifar100_K12_unif2-step_seed0001_d020,81,650,0,0,2,0.20952705678854355,0.938363790512085,0.26475109653032847,1.0893851788691447,1.3491520881652832
resnet32x12_cifar100_K12_unif2-step_seed0001_d020,81,700,0,0,2,0.33343927715928545,0.8675442934036255,0.34827073690443755,0.9530622117670446,1.1064338684082031
resnet32x12_cifar100_K12_unif2-step_seed0001_d020,82,0,0,0,2,0.3917500334868825,0.8679676055908203,0.361174524621418,0.9961508940218763,1.2441039085388184
resnet32x12_cifar100_K12_unif2-step_seed0001_d020,82,50,0,0,2,0.32542725787393423,0.8545800447463989,0.3266842288815494,1.059658626971886,1.1557289361953735
resnet32x12_cifar100_K12_unif2-step_seed0001_d020,82,100,0,0,2,0.25141225239758574,0.9001830816268921,0.32546976914233144,1.1483037442537047,1.3190126419067383
resnet32x12_cifar100_K12_unif2-step_seed0001_d020,82,150,0,0,2,0.4307873824570914,0.8561854362487793,0.45334410626424904,0.9467300316654206,1.1937867403030396
resnet32x12_cifar100_K12_unif2-step_seed0001_d020,82,200,0,0,2,0.20615857173635818,0.9126093983650208,0.30430753553481277,1.2391176978728953,1.3755823373794556
resnet32x12_cifar100_K12_unif2-step_seed0001_d020,82,250,0,0,2,0.4153399642167991,0.7920162677764893,0.4751630361676978,1.0007139280070991,0.9991987347602844
resnet32x12_cifar100_K12_unif2-step_seed0001_d020,82,300,0,0,2,0.26767642541209613,0.8939187526702881,0.36831229635594304,0.9140884526146752,1.0533150434494019
resnet32x12_cifar100_K12_unif2-step_seed0001_d020,82,350,0,0,2,0.27759151813292265,0.8952975273132324,0.2530488598851813,1.2690039375881372,1.4931507110595703
resnet32x12_cifar100_K12_unif2-step_seed0001_d020,82,400,0,0,2,0.4409644500532743,0.8487592935562134,0.3314471790600821,1.1853361995227547,1.4822057485580444
resnet32x12_cifar100_K12_unif2-step_seed0001_d020,82,450,0,0,2,0.27223349712761813,0.8782049417495728,0.2779313680361703,1.1936852842035035,1.2971985340118408
resnet32x12_cifar100_K12_unif2-step_seed0001_d020,82,500,0,0,2,0.33836697006745164,0.8706559538841248,0.3621177719566562,1.0127970130346042,1.1962686777114868
resnet32x12_cifar100_K12_unif2-step_seed0001_d020,82,550,0,0,2,0.39966709835410946,0.8203086853027344,0.47949158057780716,0.840959597226029,0.9163966178894043
resnet32x12_cifar100_K12_unif2-step_seed0001_d020,82,600,0,0,2,0.39646912710111765,0.8736340999603271,0.40280174507791167,0.9792022732422346,1.2467848062515259
resnet32x12_cifar100_K12_unif2-step_seed0001_d020,82,650,0,0,2,0.4090562405326971,0.8219634294509888,0.44332424517892005,0.885254175572215,0.9852545857429504
resnet32x12_cifar100_K12_unif2-step_seed0001_d020,82,700,0,0,2,0.38265263873459204,0.8679863214492798,0.384401503979538,1.0623726487973604,1.313984751701355
resnet32x12_cifar100_K12_unif2-step_seed0001_d020,83,0,0,0,2,0.4101434132748772,0.8176360726356506,0.35554072309349044,1.1038901984579195,1.2122057676315308
resnet32x12_cifar100_K12_unif2-step_seed0001_d020,83,50,0,0,2,0.3132146404634039,0.8644307255744934,0.38316912035093625,1.1120885516764005,1.2347595691680908
resnet32x12_cifar100_K12_unif2-step_seed0001_d020,83,100,0,0,2,0.26934990881207255,0.8970528841018677,0.3214037357250272,1.3784591338942653,1.6116687059402466
resnet32x12_cifar100_K12_unif2-step_seed0001_d020,83,150,0,0,2,0.46263149773394846,0.8437001705169678,0.566804440371333,0.8694503061024516,1.0967127084732056
resnet32x12_cifar100_K12_unif2-step_seed0001_d020,83,200,0,0,2,0.31603775109662,0.8501397371292114,0.2913032751228368,1.1031736130849916,1.1550825834274292
resnet32x12_cifar100_K12_unif2-step_seed0001_d020,83,250,0,0,2,0.4045861779828035,0.8632572889328003,0.40674231235792163,1.0772143955043656,1.3468371629714966
resnet32x12_cifar100_K12_unif2-step_seed0001_d020,83,300,0,0,2,0.30751101098713285,0.8831511735916138,0.3917354651299954,0.953690408067365,1.1243048906326294
resnet32x12_cifar100_K12_unif2-step_seed0001_d020,83,350,0,0,2,0.2949758814606206,0.8888968825340271,0.30128290870752883,1.265870859260827,1.4945367574691772
resnet32x12_cifar100_K12_unif2-step_seed0001_d020,83,400,0,0,2,0.29694246452636114,0.8703728914260864,0.37267822182924726,1.0051669505928595,1.1095103025436401
resnet32x12_cifar100_K12_unif2-step_seed0001_d020,83,450,0,0,2,0.40929150945349757,0.8372700214385986,0.4424984183319819,0.9354347368858269,1.0939005613327026
resnet32x12_cifar100_K12_unif2-step_seed0001_d020,83,500,0,0,2,0.5394425889909119,0.808464765548706,0.4455222458892705,0.9984030489283554,1.2458558082580566
resnet32x12_cifar100_K12_unif2-step_seed0001_d020,83,550,0,0,2,0.5068411021209982,0.7945476770401001,0.4364342687549439,0.9470140890062334,1.1044355630874634
resnet32x12_cifar100_K12_unif2-step_seed0001_d020,83,600,0,0,2,0.35014186575743345,0.8617280125617981,0.3529312686953838,1.156757552637326,1.3490374088287354
resnet32x12_cifar100_K12_unif2-step_seed0001_d020,83,650,0,0,2,0.20769473762977853,0.9174047708511353,0.2744175820584784,1.1218472915670445,1.278344750404358
resnet32x12_cifar100_K12_unif2-step_seed0001_d020,83,700,0,0,2,0.21767361146570535,0.918368935585022,0.238100659587831,1.2965050594821046,1.5110801458358765
resnet32x12_cifar100_K12_unif2-step_seed0001_d020,84,0,0,0,2,0.4526354565888918,0.8350329399108887,0.4038106971161822,0.9939689562956213,1.214850902557373
resnet32x12_cifar100_K12_unif2-step_seed0001_d020,84,50,0,0,2,0.3739734527701923,0.8821009397506714,0.37705862959398884,1.017537941752485,1.2943791151046753
resnet32x12_cifar100_K12_unif2-step_seed0001_d020,84,100,0,0,2,0.4493896759395509,0.8124278783798218,0.3851904312105581,1.103455236352351,1.2615007162094116
resnet32x12_cifar100_K12_unif2-step_seed0001_d020,84,150,0,0,2,0.1939463942856029,0.9110108613967896,0.33077503568665595,1.1961936943810265,1.2746226787567139
resnet32x12_cifar100_K12_unif2-step_seed0001_d020,84,200,0,0,2,0.3692887473916618,0.8665049076080322,0.3172813898857795,1.1176423434034026,1.3557981252670288
resnet32x12_cifar100_K12_unif2-step_seed0001_d020,84,250,0,0,2,0.49838944792644624,0.8459255695343018,0.3859367942793683,1.1308253782231943,1.4796905517578125
resnet32x12_cifar100_K12_unif2-step_seed0001_d020,84,300,0,0,2,0.3029341213181036,0.88514643907547,0.3922376540232527,1.0127604067269393,1.1941624879837036
resnet32x12_cifar100_K12_unif2-step_seed0001_d020,84,350,0,0,2,0.5720249389746536,0.8051390647888184,0.39759519049406783,1.1247431143884623,1.433453917503357
resnet32x12_cifar100_K12_unif2-step_seed0001_d020,84,400,0,0,2,0.2710742424488662,0.8768898248672485,0.3403938850448215,1.0205873595268087,1.0990856885910034
resnet32x12_cifar100_K12_unif2-step_seed0001_d020,84,450,0,0,2,0.2724929262572009,0.8721938133239746,0.31658366677809163,1.2083064876511984,1.2740908861160278
resnet32x12_cifar100_K12_unif2-step_seed0001_d020,84,500,0,0,2,0.4537171344224416,0.8446321487426758,0.44626047159791193,0.9463830355977112,1.1862307786941528
resnet32x12_cifar100_K12_unif2-step_seed0001_d020,84,550,0,0,2,0.3890937756895584,0.852957010269165,0.39480668713874134,1.09019131057739,1.3021982908248901
resnet32x12_cifar100_K12_unif2-step_seed0001_d020,84,600,0,0,2,0.3687297067873943,0.8413359522819519,0.3329967258009914,1.0861130167778275,1.214338779449463
resnet32x12_cifar100_K12_unif2-step_seed0001_d020,84,650,0,0,2,0.4000478951970535,0.85930997133255,0.3794278771634087,1.0025181060449722,1.2345149517059326
resnet32x12_cifar100_K12_unif2-step_seed0001_d020,84,700,0,0,2,0.22779597920328215,0.9014877080917358,0.30822318942838867,1.0191693010605467,1.123811960220337
resnet32x12_cifar100_K12_unif2-step_seed0001_d020,85,0,0,0,2,0.14244118459435962,0.94939786195755,0.1973998622486233,1.2468338923740923,1.4446772336959839
resnet32x12_cifar100_K12_unif2-step_seed0001_d020,85,50,0,0,2,0.5090136131858441,0.8156874179840088,0.47395032403224835,0.9266803737239534,1.1428297758102417
resnet32x12_cifar100_K12_unif2-step_seed0001_d020,85,100,0,0,2,0.343508878082723,0.8445796966552734,0.34130581526112386,1.0516903713071732,1.1389355659484863
resnet32x12_cifar100_K12_unif2-step_seed0001_d020,85,150,0,0,2,0.29803271994929464,0.8793095350265503,0.3026222480135284,1.1719094843559017,1.3432152271270752
resnet32x12_cifar100_K12_unif2-step_seed0001_d020,85,200,0,0,2,0.27571277189386406,0.8809906244277954,0.3483888936487515,1.082374711043362,1.2000418901443481
resnet32x12_cifar100_K12_unif2-step_seed0001_d020,85,250,0,0,2,0.653142537407363,0.7216421365737915,0.4670555793797046,0.955021643967545,1.087451696395874
resnet32x12_cifar100_K12_unif2-step_seed0001_d020,85,300,0,0,2,0.5129884752509303,0.8378462791442871,0.483815194647801,0.9005569668447031,1.1720750331878662
resnet32x12_cifar100_K12_unif2-step_seed0001_d020,85,350,0,0,2,0.29921915778953445,0.895063042640686,0.29519972694044516,1.1289846531658636,1.3681654930114746
resnet32x12_cifar100_K12_unif2-step_seed0001_d020,85,400,0,0,2,0.2966708674353418,0.8921717405319214,0.35533458736569706,1.0096220582175555,1.2080554962158203
resnet32x12_cifar100_K12_unif2-step_seed0001_d020,85,450,0,0,2,0.34744347075998944,0.8482162952423096,0.33115038705603705,1.1066642739852257,1.224960446357727
resnet32x12_cifar100_K12_unif2-step_seed0001_d020,85,500,0,0,2,0.3621215984329301,0.8508025407791138,0.38151468982052955,1.0694053871211722,1.2234394550323486
resnet32x12_cifar100_K12_unif2-step_seed0001_d020,85,550,0,0,2,0.329797988359609,0.8696913719177246,0.3270187849635532,0.9186178306956981,1.0685577392578125
resnet32x12_cifar100_K12_unif2-step_seed0001_d020,85,600,0,0,2,0.3869241514913038,0.8649240732192993,0.3997424992285741,0.998361437173241,1.2303520441055298
resnet32x12_cifar100_K12_unif2-step_seed0001_d020,85,650,0,0,2,0.5023271626886592,0.8274577260017395,0.3991309596123484,1.0657825252859205,1.3427882194519043
resnet32x12_cifar100_K12_unif2-step_seed0001_d020,85,700,0,0,2,0.3132966233442691,0.8641717433929443,0.3401990001310349,1.085835623593573,1.20452082157135
resnet32x12_cifar100_K12_unif2-step_seed0001_d020,86,0,0,0,2,0.4145367673819754,0.8292500972747803,0.4503299287112996,0.9325395322095498,1.0714185237884521
resnet32x12_cifar100_K12_unif2-step_seed0001_d020,86,50,0,0,2,0.3742315988407707,0.843417763710022,0.3590668399552536,1.0895534114971726,1.237696886062622
resnet32x12_cifar100_K12_unif2-step_seed0001_d020,86,100,0,0,2,0.6750610596732431,0.795129656791687,0.5244738130500239,1.0350589346576946,1.3967801332473755
resnet32x12_cifar100_K12_unif2-step_seed0001_d020,86,150,0,0,2,0.3948568492839162,0.8478527665138245,0.30901418796618296,1.1239753931616934,1.3319822549819946
resnet32x12_cifar100_K12_unif2-step_seed0001_d020,86,200,0,0,2,0.2864792681871918,0.8605992794036865,0.32752591476601023,1.2199783004331806,1.2507853507995605
resnet32x12_cifar100_K12_unif2-step_seed0001_d020,86,250,0,0,2,0.3354469451535221,0.8412988185882568,0.3231640596953453,1.2446183226274956,1.3058769702911377
resnet32x12_cifar100_K12_unif2-step_seed0001_d020,86,300,0,0,2,0.2600115704523942,0.8870160579681396,0.2753584383385094,1.209508039860144,1.3345352411270142
resnet32x12_cifar100_K12_unif2-step_seed0001_d020,86,350,0,0,2,0.2599196081592894,0.8931553959846497,0.32973659111446374,1.052743830311057,1.1930235624313354
resnet32x12_cifar100_K12_unif2-step_seed0001_d020,86,400,0,0,2,0.3262705383118694,0.8692960739135742,0.31625185904887715,1.195876742559778,1.3819055557250977
resnet32x12_cifar100_K12_unif2-step_seed0001_d020,86,450,0,0,2,0.3414950271028896,0.8602904677391052,0.3289355316767047,1.1184776699273977,1.2817063331604004
resnet32x12_cifar100_K12_unif2-step_seed0001_d020,86,500,0,0,2,0.5097778235473697,0.7692523002624512,0.4828749580217541,0.9718972427423253,1.0573127269744873
resnet32x12_cifar100_K12_unif2-step_seed0001_d020,86,550,0,0,2,0.2791996436860376,0.8721611499786377,0.34976452980516237,1.1630576488215973,1.2465919256210327
resnet32x12_cifar100_K12_unif2-step_seed0001_d020,86,600,0,0,2,0.5986011542588568,0.7765083312988281,0.46140143950596485,0.8946465497067152,1.0963622331619263
resnet32x12_cifar100_K12_unif2-step_seed0001_d020,86,650,0,0,2,0.5412228373767441,0.7795194983482361,0.6560032504618436,0.8652174971680247,1.0082905292510986
resnet32x12_cifar100_K12_unif2-step_seed0001_d020,86,700,0,0,2,0.32988864450744265,0.8759201169013977,0.3660967243925484,1.1314131940447616,1.3436307907104492
resnet32x12_cifar100_K12_unif2-step_seed0001_d020,87,0,0,0,2,0.3101312850101407,0.9012159109115601,0.295491664494011,1.1966850030356688,1.497005581855774
resnet32x12_cifar100_K12_unif2-step_seed0001_d020,87,50,0,0,2,0.4360406912025895,0.8312978744506836,0.40614537627995717,1.0488803502440651,1.2458645105361938
resnet32x12_cifar100_K12_unif2-step_seed0001_d020,87,100,0,0,2,0.34005195061274823,0.846071720123291,0.4418964233405445,1.1438009907346818,1.2381428480148315
resnet32x12_cifar100_K12_unif2-step_seed0001_d020,87,150,0,0,2,0.36585568682327796,0.86067795753479,0.3958780227426323,1.135373292613633,1.347925066947937
resnet32x12_cifar100_K12_unif2-step_seed0001_d020,87,200,0,0,2,0.4760575809587077,0.8446965217590332,0.39642418019641357,1.00173537358801,1.2823138236999512
resnet32x12_cifar100_K12_unif2-step_seed0001_d020,87,250,0,0,2,0.385511742349814,0.807357907295227,0.31514186800913646,1.277496702036921,1.2782491445541382
resnet32x12_cifar100_K12_unif2-step_seed0001_d020,87,300,0,0,2,0.6070401130595143,0.7536323666572571,0.47436516263784734,0.935357729719616,1.0962061882019043
resnet32x12_cifar100_K12_unif2-step_seed0001_d020,87,350,0,0,2,0.5297125507612911,0.8200017213821411,0.43341862062122544,1.0883962117287271,1.3817996978759766
resnet32x12_cifar100_K12_unif2-step_seed0001_d020,87,400,0,0,2,0.6076086485752045,0.7928626537322998,0.49234493077644276,0.9450705667921779,1.2086580991744995
resnet32x12_cifar100_K12_unif2-step_seed0001_d020,87,450,0,0,2,0.32765794586532293,0.8803725242614746,0.37824240226423644,0.9829171905796477,1.1803480386734009
resnet32x12_cifar100_K12_unif2-step_seed0001_d020,87,500,0,0,2,0.27617113736776433,0.8845492601394653,0.281841363576849,1.2691001277437477,1.4297938346862793
resnet32x12_cifar100_K12_unif2-step_seed0001_d020,87,550,0,0,2,0.3691850275337937,0.8574880361557007,0.34727312045924624,1.0913185341060148,1.2885276079177856
resnet32x12_cifar100_K12_unif2-step_seed0001_d020,87,600,0,0,2,0.5043952335599279,0.8260984420776367,0.44577765049508233,1.1779567325139437,1.4822713136672974
resnet32x12_cifar100_K12_unif2-step_seed0001_d020,87,650,0,0,2,0.30419679942651123,0.8635212182998657,0.36768774086136896,1.2446645355213175,1.3527354001998901
resnet32x12_cifar100_K12_unif2-step_seed0001_d020,87,700,0,0,2,0.2081399425592815,0.9158643484115601,0.2481416827025656,1.3094622107257103,1.483015537261963
resnet32x12_cifar100_K12_unif2-step_seed0001_d020,88,0,0,0,2,0.6527790417975372,0.821921706199646,0.40062722796834926,0.9148761355876064,1.2761849164962769
resnet32x12_cifar100_K12_unif2-step_seed0001_d020,88,50,0,0,2,0.24647531216582794,0.8844766616821289,0.22565783706846446,1.3569808572868103,1.4304020404815674
resnet32x12_cifar100_K12_unif2-step_seed0001_d020,88,100,0,0,2,0.3218244546306913,0.8473858833312988,0.4325636273080935,0.8845531216848412,0.9262192845344543
resnet32x12_cifar100_K12_unif2-step_seed0001_d020,88,150,0,0,2,0.36225004171581915,0.8383164405822754,0.4070998575061544,0.9502725912819433,1.038947582244873
resnet32x12_cifar100_K12_unif2-step_seed0001_d020,88,200,0,0,2,0.2395177389954477,0.8933646082878113,0.36817302430692833,1.2716528902436686,1.3826911449432373
resnet32x12_cifar100_K12_unif2-step_seed0001_d020,88,250,0,0,2,0.28229386760815683,0.8817490935325623,0.29560351977545263,1.1814252672908678,1.3305668830871582
resnet32x12_cifar100_K12_unif2-step_seed0001_d020,88,300,0,0,2,0.3798552358292819,0.8498389720916748,0.5521964715710257,0.8350103352529524,0.9764119982719421
resnet32x12_cifar100_K12_unif2-step_seed0001_d020,88,350,0,0,2,0.3601441471964671,0.8489151000976562,0.33574504442496245,1.2323073441235588,1.3964139223098755
resnet32x12_cifar100_K12_unif2-step_seed0001_d020,88,400,0,0,2,0.4277379201935602,0.8560800552368164,0.40892212972564673,0.9647859872678151,1.212584376335144
resnet32x12_cifar100_K12_unif2-step_seed0001_d020,88,450,0,0,2,0.4009670818852308,0.7926532030105591,0.39796897991831126,1.1276459836657686,1.0867421627044678
resnet32x12_cifar100_K12_unif2-step_seed0001_d020,88,500,0,0,2,0.2674436617958718,0.9007492661476135,0.22714155023475674,1.2547635864142448,1.48244047164917
resnet32x12_cifar100_K12_unif2-step_seed0001_d020,88,550,0,0,2,0.42333134063134026,0.8553038835525513,0.47798423078878527,0.9599336792965263,1.19881010055542
resnet32x12_cifar100_K12_unif2-step_seed0001_d020,88,600,0,0,2,0.4204286297025361,0.842078685760498,0.48982011246875184,0.9826271646531839,1.1810930967330933
resnet32x12_cifar100_K12_unif2-step_seed0001_d020,88,650,0,0,2,0.18733355355200873,0.9235217571258545,0.26479202448588907,1.2845039915480911,1.4438925981521606
resnet32x12_cifar100_K12_unif2-step_seed0001_d020,88,700,0,0,2,0.30882437804504415,0.8718442320823669,0.3522250248956622,1.120707694649646,1.27133309841156
resnet32x12_cifar100_K12_unif2-step_seed0001_d020,89,0,0,0,2,0.48863170135919226,0.82325679063797,0.4342166216473976,0.9842319687365784,1.2117449045181274
resnet32x12_cifar100_K12_unif2-step_seed0001_d020,89,50,0,0,2,0.43157651351373816,0.8054265975952148,0.5052900429972083,1.016216868556111,1.1064352989196777
resnet32x12_cifar100_K12_unif2-step_seed0001_d020,89,100,0,0,2,0.3937163613860307,0.8643027544021606,0.3965027226849007,1.0460187912195806,1.2964880466461182
resnet32x12_cifar100_K12_unif2-step_seed0001_d020,89,150,0,0,2,0.4148013650839409,0.8566310405731201,0.37336376016229555,1.2893274208421133,1.6015264987945557
resnet32x12_cifar100_K12_unif2-step_seed0001_d020,89,200,0,0,2,0.3581436767988591,0.8638361692428589,0.3317029146818904,1.2920694594800362,1.5335301160812378
resnet32x12_cifar100_K12_unif2-step_seed0001_d020,89,250,0,0,2,0.2433390452140452,0.89866042137146,0.26564564007421154,1.1780841364970567,1.3245625495910645
resnet32x12_cifar100_K12_unif2-step_seed0001_d020,89,300,0,0,2,0.3395795936803611,0.872231662273407,0.3073827398778466,1.2060095651193496,1.4339940547943115
resnet32x12_cifar100_K12_unif2-step_seed0001_d020,89,350,0,0,2,0.45632627292047573,0.8226078152656555,0.5040777239269747,0.9853437591636938,1.1699117422103882
resnet32x12_cifar100_K12_unif2-step_seed0001_d020,89,400,0,0,2,0.27109287994174225,0.9027732610702515,0.3619758327506062,0.9837214101492873,1.1767158508300781
resnet32x12_cifar100_K12_unif2-step_seed0001_d020,89,450,0,0,2,0.35033568515560426,0.8690558671951294,0.5075965220600585,1.006445793390113,1.2017039060592651
resnet32x12_cifar100_K12_unif2-step_seed0001_d020,89,500,0,0,2,0.5272317996734094,0.8174746036529541,0.40888047491335594,1.055849297264065,1.3299736976623535
resnet32x12_cifar100_K12_unif2-step_seed0001_d020,89,550,0,0,2,0.2623636061867451,0.8915993571281433,0.3268888719213321,1.0513704484481172,1.1891008615493774
resnet32x12_cifar100_K12_unif2-step_seed0001_d020,89,600,0,0,2,0.46676726491935544,0.8801262378692627,0.37768640896768035,1.1244022052690341,1.542050838470459
resnet32x12_cifar100_K12_unif2-step_seed0001_d020,89,650,0,0,2,0.26702700089471765,0.8896200656890869,0.3643996920625629,1.2219047796420492,1.3824466466903687
resnet32x12_cifar100_K12_unif2-step_seed0001_d020,89,700,0,0,2,0.46235863080512546,0.8389477729797363,0.37354352071142544,1.0412521809237973,1.2980396747589111
resnet32x12_cifar100_K12_unif2-step_seed0001_d020,90,0,0,0,2,0.29957950071558875,0.8834737539291382,0.26550047705917645,1.4258518149275976,1.6632599830627441
resnet32x12_cifar100_K12_unif2-step_seed0001_d020,90,50,0,0,2,0.5709470929444115,0.7643208503723145,0.403716761771577,1.2195672449619706,1.4124915599822998
resnet32x12_cifar100_K12_unif2-step_seed0001_d020,90,100,0,0,2,0.3803783376782007,0.8668439388275146,0.36526453042305257,1.1020391528691174,1.3553783893585205
resnet32x12_cifar100_K12_unif2-step_seed0001_d020,90,150,0,0,2,0.28076689185326176,0.8852437734603882,0.31083049248004896,1.0412688958146754,1.1860697269439697
resnet32x12_cifar100_K12_unif2-step_seed0001_d020,90,200,0,0,2,0.4366785174871164,0.8544455170631409,0.3800897618046428,1.0432324594009905,1.3173967599868774
resnet32x12_cifar100_K12_unif2-step_seed0001_d020,90,250,0,0,2,0.47731453028589216,0.8173706531524658,0.537147734883727,0.8050135720335043,0.9649670720100403
resnet32x12_cifar100_K12_unif2-step_seed0001_d020,90,300,0,0,2,0.38213780467213376,0.8733089566230774,0.353785544131539,1.2519316053995875,1.5697259902954102
resnet32x12_cifar100_K12_unif2-step_seed0001_d020,90,350,0,0,2,0.4437695397409886,0.8440916538238525,0.42077338679778414,1.0919071476204643,1.3532981872558594
resnet32x12_cifar100_K12_unif2-step_seed0001_d020,90,400,0,0,2,0.39257660193620786,0.851242184638977,0.35696513106876643,0.995133838757584,1.1877644062042236
resnet32x12_cifar100_K12_unif2-step_seed0001_d020,90,450,0,0,2,0.30297178613942216,0.858579695224762,0.2429528787894816,1.3841059610619209,1.4656383991241455
resnet32x12_cifar100_K12_unif2-step_seed0001_d020,90,500,0,0,2,0.38954191669542465,0.8510104417800903,0.35353460513869617,1.0956271276110605,1.301927924156189
resnet32x12_cifar100_K12_unif2-step_seed0001_d020,90,550,0,0,2,0.30411406705328226,0.8588652014732361,0.3750457536976635,1.1111236545066656,1.1813759803771973
resnet32x12_cifar100_K12_unif2-step_seed0001_d020,90,600,0,0,2,0.38579424914329985,0.8484402298927307,0.46544111005230127,1.0825506953466917,1.2703421115875244
resnet32x12_cifar100_K12_unif2-step_seed0001_d020,90,650,0,0,2,0.30814265733257246,0.9186270833015442,0.3270027229921309,1.3237903993689812,1.732209324836731
resnet32x12_cifar100_K12_unif2-step_seed0001_d020,90,700,0,0,2,0.5520157025279964,0.77419114112854,0.4841524464333569,0.969273579528843,1.1275335550308228
resnet32x12_cifar100_K12_unif2-step_seed0001_d020,91,0,0,0,2,0.17359569571436545,0.9331486821174622,0.2666719643293804,1.2756516567736356,1.4590545892715454
resnet32x12_cifar100_K12_unif2-step_seed0001_d020,91,50,0,0,2,0.2786597374969795,0.8896549940109253,0.26263112706019637,1.3194553369217492,1.5233184099197388
resnet32x12_cifar100_K12_unif2-step_seed0001_d020,91,100,0,0,2,0.3116050066173308,0.8892706036567688,0.39035974688160424,0.9883104402958137,1.195145845413208
resnet32x12_cifar100_K12_unif2-step_seed0001_d020,91,150,0,0,2,0.36318396883205184,0.8506079912185669,0.31717267867863524,1.1482439981009283,1.3148396015167236
resnet32x12_cifar100_K12_unif2-step_seed0001_d020,91,200,0,0,2,0.3107627625768451,0.871381938457489,0.38442206754108527,1.1307241197517648,1.2846018075942993
resnet32x12_cifar100_K12_unif2-step_seed0001_d020,91,250,0,0,2,0.25072953873623155,0.8786344528198242,0.2429172370016463,1.2363327050387865,1.2726716995239258
resnet32x12_cifar100_K12_unif2-step_seed0001_d020,91,300,0,0,2,0.3436559888635447,0.8484330177307129,0.341600837720762,1.1544449093256497,1.2703676223754883
resnet32x12_cifar100_K12_unif2-step_seed0001_d020,91,350,0,0,2,0.3238823934704307,0.8787235021591187,0.3279946699194863,1.1737007160829087,1.3950870037078857
resnet32x12_cifar100_K12_unif2-step_seed0001_d020,91,400,0,0,2,0.37324420563190597,0.8624460697174072,0.35314716976559407,1.1735756296265567,1.413669466972351
resnet32x12_cifar100_K12_unif2-step_seed0001_d020,91,450,0,0,2,0.32275649424048486,0.8742872476577759,0.38262540029322345,1.086336241043318,1.2704412937164307
resnet32x12_cifar100_K12_unif2-step_seed0001_d020,91,500,0,0,2,0.4867961944056446,0.8587346076965332,0.45116449436954054,0.8995065382676893,1.1983718872070312
resnet32x12_cifar100_K12_unif2-step_seed0001_d020,91,550,0,0,2,0.4209313572277569,0.8555997014045715,0.4464635071877606,0.9247205105813429,1.1528760194778442
resnet32x12_cifar100_K12_unif2-step_seed0001_d020,91,600,0,0,2,0.2736456601234486,0.8786520957946777,0.2692562044977131,1.353089544875736,1.478074312210083
resnet32x12_cifar100_K12_unif2-step_seed0001_d020,91,650,0,0,2,0.23302132604874415,0.912044882774353,0.38955143415349636,1.0516578393032676,1.226965069770813
resnet32x12_cifar100_K12_unif2-step_seed0001_d020,91,700,0,0,2,0.3985098762374615,0.8043586015701294,0.4267117004197042,1.0870666670968592,1.1062777042388916
resnet32x12_cifar100_K12_unif2-step_seed0001_d020,92,0,0,0,2,0.37318206269795945,0.8439183831214905,0.3879134957681116,1.0383203480450962,1.1796540021896362
resnet32x12_cifar100_K12_unif2-step_seed0001_d020,92,50,0,0,2,0.227171534737825,0.9070988893508911,0.3105142364238347,1.1571319927734913,1.3083758354187012
resnet32x12_cifar100_K12_unif2-step_seed0001_d020,92,100,0,0,2,0.5052947879315461,0.8200308680534363,0.42790723642563633,0.9863229279333996,1.224647879600525
resnet32x12_cifar100_K12_unif2-step_seed0001_d020,92,150,0,0,2,0.38202945080750544,0.8164550065994263,0.3746657002471884,1.125823143650102,1.1674480438232422
resnet32x12_cifar100_K12_unif2-step_seed0001_d020,92,200,0,0,2,0.5754919208617536,0.7978774905204773,0.4846228481308948,0.8674550374056693,1.0916237831115723
resnet32x12_cifar100_K12_unif2-step_seed0001_d020,92,250,0,0,2,0.3778538216882043,0.85639488697052,0.3387214290959678,1.1011902200362254,1.3103729486465454
resnet32x12_cifar100_K12_unif2-step_seed0001_d020,92,300,0,0,2,0.3686100437100836,0.8707312941551208,0.36430776706207557,1.136417676767768,1.3941541910171509
resnet32x12_cifar100_K12_unif2-step_seed0001_d020,92,350,0,0,2,0.3538533509421864,0.8598276376724243,0.3298315475890723,1.1137400969847462,1.297555685043335
resnet32x12_cifar100_K12_unif2-step_seed0001_d020,92,400,0,0,2,0.16685577756673672,0.9338952302932739,0.22625128398380087,1.5959811581237986,1.805724859237671
resnet32x12_cifar100_K12_unif2-step_seed0001_d020,92,450,0,0,2,0.30700201904532304,0.8756121397018433,0.3010270348662006,1.2579095459456733,1.4429320096969604
resnet32x12_cifar100_K12_unif2-step_seed0001_d020,92,500,0,0,2,0.6342676616428157,0.7410948872566223,0.5352196318186441,0.974363368602965,1.1394708156585693
resnet32x12_cifar100_K12_unif2-step_seed0001_d020,92,550,0,0,2,0.2924394948029879,0.8710633516311646,0.4051915189175846,1.1329765464126207,1.243234634399414
resnet32x12_cifar100_K12_unif2-step_seed0001_d020,92,600,0,0,2,0.2542794105857492,0.8906832933425903,0.3143548017713617,1.3589781258558085,1.5069011449813843
resnet32x12_cifar100_K12_unif2-step_seed0001_d020,92,650,0,0,2,0.3999700540640122,0.8383654952049255,0.324187781537706,1.2662831702599662,1.4676622152328491
resnet32x12_cifar100_K12_unif2-step_seed0001_d020,92,700,0,0,2,0.34566512140735695,0.8568875789642334,0.3838486101477989,0.9555979057348144,1.0889908075332642
resnet32x12_cifar100_K12_unif2-step_seed0001_d020,93,0,0,0,2,0.3825840818946266,0.8352686166763306,0.39419331367404825,1.2045487735892317,1.3473680019378662
resnet32x12_cifar100_K12_unif2-step_seed0001_d020,93,50,0,0,2,0.3541398163783494,0.8427388668060303,0.3035667583971295,1.1933391962671016,1.3083877563476562
resnet32x12_cifar100_K12_unif2-step_seed0001_d020,93,100,0,0,2,0.3948076213632689,0.8604907393455505,0.3313468792052503,1.1078264415816037,1.3606958389282227
resnet32x12_cifar100_K12_unif2-step_seed0001_d020,93,150,0,0,2,0.24693235272518532,0.8837682008743286,0.2993075789099353,1.2306609957241634,1.2934694290161133
resnet32x12_cifar100_K12_unif2-step_seed0001_d020,93,200,0,0,2,0.33022722308821856,0.8649035096168518,0.4185849195176109,0.9574298573491542,1.0959687232971191
resnet32x12_cifar100_K12_unif2-step_seed0001_d020,93,250,0,0,2,0.3565553831350041,0.874081552028656,0.46676497372865566,1.0085171151096626,1.2317209243774414
resnet32x12_cifar100_K12_unif2-step_seed0001_d020,93,300,0,0,2,0.3353957632467067,0.8976576328277588,0.36651152618587907,1.0343387470634355,1.317130446434021
resnet32x12_cifar100_K12_unif2-step_seed0001_d020,93,350,0,0,2,0.1489587619796585,0.9419348835945129,0.15902062887631596,1.7028912725096044,1.9280105829238892
resnet32x12_cifar100_K12_unif2-step_seed0001_d020,93,400,0,0,2,0.5069968159027785,0.8698503971099854,0.4133555990595272,1.04431648186332,1.44460928440094
resnet32x12_cifar100_K12_unif2-step_seed0001_d020,93,450,0,0,2,0.2920169810122685,0.8963766694068909,0.3168859611336544,1.2224540177573167,1.4735714197158813
resnet32x12_cifar100_K12_unif2-step_seed0001_d020,93,500,0,0,2,0.3180272575088036,0.8510591983795166,0.31041963131339534,1.3988327235082627,1.4782854318618774
resnet32x12_cifar100_K12_unif2-step_seed0001_d020,93,550,0,0,2,0.3924662599662957,0.8708301782608032,0.4251032195597611,0.9817558139019807,1.2362020015716553
resnet32x12_cifar100_K12_unif2-step_seed0001_d020,93,600,0,0,2,0.3347254305452693,0.8875373601913452,0.3095789453849107,1.330929431913221,1.6469765901565552
resnet32x12_cifar100_K12_unif2-step_seed0001_d020,93,650,0,0,2,0.40794036849248955,0.8402109146118164,0.3351771445945731,1.191013308904741,1.4026488065719604
resnet32x12_cifar100_K12_unif2-step_seed0001_d020,93,700,0,0,2,0.32223091548885274,0.8882496356964111,0.42460011421019067,0.9021821641120054,1.1022353172302246
resnet32x12_cifar100_K12_unif2-step_seed0001_d020,94,0,0,0,2,0.31674420994582014,0.8566297292709351,0.32625494481001166,1.1057283885136706,1.1958260536193848
resnet32x12_cifar100_K12_unif2-step_seed0001_d020,94,50,0,0,2,0.4134399345070055,0.8572087287902832,0.3398139226559603,1.1552940747311424,1.4351489543914795
resnet32x12_cifar100_K12_unif2-step_seed0001_d020,94,100,0,0,2,0.266090166725417,0.8927649259567261,0.30240371618320827,1.2448058932248236,1.4240583181381226
resnet32x12_cifar100_K12_unif2-step_seed0001_d020,94,150,0,0,2,0.5380647630439505,0.789145290851593,0.44709389576899583,1.07816779010278,1.2831950187683105
resnet32x12_cifar100_K12_unif2-step_seed0001_d020,94,200,0,0,2,0.36279226218315996,0.8340513706207275,0.3601802265590605,1.1788138887439588,1.2681477069854736
resnet32x12_cifar100_K12_unif2-step_seed0001_d020,94,250,0,0,2,0.4650785643940637,0.7888978719711304,0.397462365265263,1.1993763972239981,1.3008413314819336
resnet32x12_cifar100_K12_unif2-step_seed0001_d020,94,300,0,0,2,0.428721584361878,0.856647253036499,0.3373133386898783,1.1202137114783748,1.411292314529419
resnet32x12_cifar100_K12_unif2-step_seed0001_d020,94,350,0,0,2,0.4834472097471779,0.7682821750640869,0.39692518862563375,1.1520520374446137,1.1978671550750732
resnet32x12_cifar100_K12_unif2-step_seed0001_d020,94,400,0,0,2,0.3949656467958075,0.8688662052154541,0.4597230073341265,0.8969542491604435,1.1265991926193237
resnet32x12_cifar100_K12_unif2-step_seed0001_d020,94,450,0,0,2,0.33657864798820525,0.8635303974151611,0.35627075691642135,1.0809090093170328,1.243419885635376
resnet32x12_cifar100_K12_unif2-step_seed0001_d020,94,500,0,0,2,0.42896293480926617,0.8265438079833984,0.5328016104713535,0.9403033622279955,1.0920811891555786
resnet32x12_cifar100_K12_unif2-step_seed0001_d020,94,550,0,0,2,0.2741106132045305,0.8831199407577515,0.29254310282803475,1.3376967240876259,1.4922317266464233
resnet32x12_cifar100_K12_unif2-step_seed0001_d020,94,600,0,0,2,0.45525900505910405,0.83567214012146,0.43090657860123205,0.884904661054101,1.0863083600997925
resnet32x12_cifar100_K12_unif2-step_seed0001_d020,94,650,0,0,2,0.45621701126064007,0.7585583925247192,0.43402116247266553,0.9845941087797978,0.9219745397567749
resnet32x12_cifar100_K12_unif2-step_seed0001_d020,94,700,0,0,2,0.2326112227088455,0.9042603373527527,0.24983888026169898,1.104137198336855,1.2460544109344482
resnet32x12_cifar100_K12_unif2-step_seed0001_d020,95,0,0,0,2,0.238299282050568,0.9192847609519958,0.3486316461194949,0.9879183800397023,1.1934521198272705
resnet32x12_cifar100_K12_unif2-step_seed0001_d020,95,50,0,0,2,0.26880220371680247,0.8936616778373718,0.2690729385051069,1.168240722834925,1.3473799228668213
resnet32x12_cifar100_K12_unif2-step_seed0001_d020,95,100,0,0,2,0.43572508054019105,0.8319008350372314,0.43695127141973794,1.0066237424915796,1.197248101234436
resnet32x12_cifar100_K12_unif2-step_seed0001_d020,95,150,0,0,2,0.26733041424415593,0.8757971525192261,0.2297619311326544,1.5176654726712593,1.6104516983032227
resnet32x12_cifar100_K12_unif2-step_seed0001_d020,95,200,0,0,2,0.38992213568744905,0.8378931879997253,0.3988243078975447,1.0597505337083197,1.2093734741210938
resnet32x12_cifar100_K12_unif2-step_seed0001_d020,95,250,0,0,2,0.45543051690034836,0.8539013862609863,0.3327399306831907,1.0107156501271697,1.2972804307937622
resnet32x12_cifar100_K12_unif2-step_seed0001_d020,95,300,0,0,2,0.5026957619298281,0.8442642688751221,0.3935021430389146,0.9785168432658334,1.2803502082824707
resnet32x12_cifar100_K12_unif2-step_seed0001_d020,95,350,0,0,2,0.28796352524559604,0.8748020529747009,0.3070945914028667,1.3479615681090915,1.490231990814209
resnet32x12_cifar100_K12_unif2-step_seed0001_d020,95,400,0,0,2,0.3085125006617472,0.8994158506393433,0.2801366469219647,1.1777534040492144,1.4629372358322144
resnet32x12_cifar100_K12_unif2-step_seed0001_d020,95,450,0,0,2,0.38841499595017637,0.8509284853935242,0.38604652801784334,1.2234995800652073,1.4514743089675903
resnet32x12_cifar100_K12_unif2-step_seed0001_d020,95,500,0,0,2,0.31157949342438324,0.8942885398864746,0.29683810244146025,1.1756890853296034,1.4436904191970825
resnet32x12_cifar100_K12_unif2-step_seed0001_d020,95,550,0,0,2,0.47099921059335137,0.8105039000511169,0.5148357788658551,0.9579641971906153,1.1190526485443115
resnet32x12_cifar100_K12_unif2-step_seed0001_d020,95,600,0,0,2,0.2936338621243932,0.8904183506965637,0.41456600368503943,1.0042231909222044,1.1894936561584473
resnet32x12_cifar100_K12_unif2-step_seed0001_d020,95,650,0,0,2,0.33199112888623905,0.8735660910606384,0.3503539692432044,1.0916384341445153,1.2902764081954956
resnet32x12_cifar100_K12_unif2-step_seed0001_d020,95,700,0,0,2,0.3658803816156026,0.857725977897644,0.36328341619504717,1.1620224351178001,1.3670415878295898
resnet32x12_cifar100_K12_unif2-step_seed0001_d020,96,0,0,0,2,0.32163747119715314,0.8790903091430664,0.4423606388673505,1.1565952816481229,1.372180700302124
resnet32x12_cifar100_K12_unif2-step_seed0001_d020,96,50,0,0,2,0.4161543114100327,0.8435735702514648,0.443333182632752,1.0561051060539686,1.2684074640274048
resnet32x12_cifar100_K12_unif2-step_seed0001_d020,96,100,0,0,2,0.29132703557046713,0.8608579635620117,0.3448444232998297,1.1129078556760774,1.158389687538147
resnet32x12_cifar100_K12_unif2-step_seed0001_d020,96,150,0,0,2,0.35436936594429364,0.8513883352279663,0.4099922462837302,1.137977034761105,1.2891790866851807
resnet32x12_cifar100_K12_unif2-step_seed0001_d020,96,200,0,0,2,0.34574007928523054,0.8588775396347046,0.3841943410115051,1.1006953837447198,1.2632532119750977
resnet32x12_cifar100_K12_unif2-step_seed0001_d020,96,250,0,0,2,0.34107282054464866,0.8630087971687317,0.3170342753152562,1.2701991745064511,1.4683787822723389
resnet32x12_cifar100_K12_unif2-step_seed0001_d020,96,300,0,0,2,0.29735736401406737,0.8730117082595825,0.23464422159837273,1.4710658058109587,1.6431094408035278
resnet32x12_cifar100_K12_unif2-step_seed0001_d020,96,350,0,0,2,0.19559282473449133,0.9035100936889648,0.2629904682735242,1.478047426539107,1.496824860572815
resnet32x12_cifar100_K12_unif2-step_seed0001_d020,96,400,0,0,2,0.22518352727232133,0.9017407298088074,0.24418346337684954,1.4168574073887303,1.5549942255020142
resnet32x12_cifar100_K12_unif2-step_seed0001_d020,96,450,0,0,2,0.3474175946393616,0.8305536508560181,0.39660264367338394,1.1697082324462067,1.1972228288650513
resnet32x12_cifar100_K12_unif2-step_seed0001_d020,96,500,0,0,2,0.536551860205894,0.8668707013130188,0.40116235123265104,1.2141938264925174,1.7041727304458618
resnet32x12_cifar100_K12_unif2-step_seed0001_d020,96,550,0,0,2,0.33232845541854344,0.8741787672042847,0.3222709901410356,1.238321105123106,1.4672253131866455
resnet32x12_cifar100_K12_unif2-step_seed0001_d020,96,600,0,0,2,0.6806988865330675,0.8051862716674805,0.576023126358065,0.9888658566120315,1.3634408712387085
resnet32x12_cifar100_K12_unif2-step_seed0001_d020,96,650,0,0,2,0.286430057709336,0.8771976828575134,0.3975421288820919,1.2327541864525582,1.3728467226028442
resnet32x12_cifar100_K12_unif2-step_seed0001_d020,96,700,0,0,2,0.4148530832918628,0.8528960943222046,0.4066538536200734,1.0354756564267893,1.273741364479065
resnet32x12_cifar100_K12_unif2-step_seed0001_d020,97,0,0,0,2,0.5342752705107937,0.7992368936538696,0.37809110131280255,1.0350940037851915,1.257883071899414
resnet32x12_cifar100_K12_unif2-step_seed0001_d020,97,50,0,0,2,0.2935497041784014,0.8994210958480835,0.40720257979422886,1.0882873907415755,1.3272640705108643
resnet32x12_cifar100_K12_unif2-step_seed0001_d020,97,100,0,0,2,0.31468754101639407,0.8503329753875732,0.4024371370424734,0.9958929121212431,1.040345311164856
resnet32x12_cifar100_K12_unif2-step_seed0001_d020,97,150,0,0,2,0.32392532599404694,0.86833655834198,0.37084217618617493,1.1732469792630942,1.3463038206100464
resnet32x12_cifar100_K12_unif2-step_seed0001_d020,97,200,0,0,2,0.4957318597131596,0.8115264177322388,0.3985763054702031,1.0893599554129367,1.3119663000106812
resnet32x12_cifar100_K12_unif2-step_seed0001_d020,97,250,0,0,2,0.24669246025308353,0.8998644351959229,0.3131889233766755,1.3224479065065602,1.5042221546173096
resnet32x12_cifar100_K12_unif2-step_seed0001_d020,97,300,0,0,2,0.2850208231100487,0.8844982385635376,0.3029460915066976,1.213320448635842,1.3880783319473267
resnet32x12_cifar100_K12_unif2-step_seed0001_d020,97,350,0,0,2,0.3172932708915446,0.8731371164321899,0.3427912054060729,1.2574637741118968,1.452850341796875
resnet32x12_cifar100_K12_unif2-step_seed0001_d020,97,400,0,0,2,0.3095423388527798,0.8975593447685242,0.2943244489953965,1.2267179937266806,1.517332911491394
resnet32x12_cifar100_K12_unif2-step_seed0001_d020,97,450,0,0,2,0.4924313995607668,0.8228704929351807,0.43549296203115945,1.0305078321193517,1.2722973823547363
resnet32x12_cifar100_K12_unif2-step_seed0001_d020,97,500,0,0,2,0.4877073722378192,0.848230242729187,0.42998295777094175,1.196546428788682,1.559607744216919
resnet32x12_cifar100_K12_unif2-step_seed0001_d020,97,550,0,0,2,0.28193860514487745,0.8716360330581665,0.29494206659602695,1.3049825460355624,1.4039164781570435
resnet32x12_cifar100_K12_unif2-step_seed0001_d020,97,600,0,0,2,0.3575299847141354,0.8551539182662964,0.3956882492764415,1.1818047023384615,1.3628308773040771
resnet32x12_cifar100_K12_unif2-step_seed0001_d020,97,650,0,0,2,0.36867520908461016,0.8664267659187317,0.4332125012185664,0.9294831828791182,1.1264662742614746
resnet32x12_cifar100_K12_unif2-step_seed0001_d020,97,700,0,0,2,0.3973845275018667,0.8938454389572144,0.3108999650201461,1.2303688614279495,1.6449451446533203
resnet32x12_cifar100_K12_unif2-step_seed0001_d020,98,0,0,0,2,0.46018866748624476,0.7944384813308716,0.5369383608811368,0.8995004751173443,0.9864212274551392
resnet32x12_cifar100_K12_unif2-step_seed0001_d020,98,50,0,0,2,0.475251600934455,0.8267824053764343,0.4253886183474809,1.1110937746337923,1.3614295721054077
resnet32x12_cifar100_K12_unif2-step_seed0001_d020,98,100,0,0,2,0.38384833005021624,0.8360795378684998,0.4041141463323264,1.015389811354127,1.141261100769043
resnet32x12_cifar100_K12_unif2-step_seed0001_d020,98,150,0,0,2,0.5650851576288746,0.7945907115936279,0.515609459126934,1.0542010280351541,1.3049198389053345
resnet32x12_cifar100_K12_unif2-step_seed0001_d020,98,200,0,0,2,0.4645813505344048,0.8284960985183716,0.44386038432047764,1.0435899463303813,1.2701185941696167
resnet32x12_cifar100_K12_unif2-step_seed0001_d020,98,250,0,0,2,0.2558247271182104,0.8970003128051758,0.3191505136190966,1.195212067018692,1.3659299612045288
resnet32x12_cifar100_K12_unif2-step_seed0001_d020,98,300,0,0,2,0.4817962769048461,0.7951246500015259,0.3572528650565205,1.193006397744968,1.3514283895492554
resnet32x12_cifar100_K12_unif2-step_seed0001_d020,98,350,0,0,2,0.29486079857589587,0.8727089762687683,0.31391649845889324,1.2018052826893382,1.3344460725784302
resnet32x12_cifar100_K12_unif2-step_seed0001_d020,98,400,0,0,2,0.291547903034693,0.8803911209106445,0.4092353665857244,1.0818775494753166,1.2317522764205933
resnet32x12_cifar100_K12_unif2-step_seed0001_d020,98,450,0,0,2,0.4274146871674535,0.8705869913101196,0.4484509197285674,1.1159073758125369,1.4519004821777344
resnet32x12_cifar100_K12_unif2-step_seed0001_d020,98,500,0,0,2,0.322580134009256,0.8738300800323486,0.3213562516347553,1.2952439956128272,1.512014627456665
resnet32x12_cifar100_K12_unif2-step_seed0001_d020,98,550,0,0,2,0.37953731050964323,0.860960066318512,0.42727502733083206,1.0237773301944464,1.2372431755065918
resnet32x12_cifar100_K12_unif2-step_seed0001_d020,98,600,0,0,2,0.6257201017885123,0.768083393573761,0.4450275985294009,1.1498191981617387,1.4171392917633057
resnet32x12_cifar100_K12_unif2-step_seed0001_d020,98,650,0,0,2,0.2864936071053595,0.8725681304931641,0.3859351869477892,1.0640572748041905,1.161266565322876
resnet32x12_cifar100_K12_unif2-step_seed0001_d020,98,700,0,0,2,0.29138170834913524,0.8900455236434937,0.3455165480292861,1.144062662382513,1.3489848375320435
resnet32x12_cifar100_K12_unif2-step_seed0001_d020,99,0,0,0,2,0.5686607287980494,0.7436619997024536,0.46574359139973515,0.9758843775939106,1.066161870956421
resnet32x12_cifar100_K12_unif2-step_seed0001_d020,99,50,0,0,2,0.4639849690935626,0.870810866355896,0.40325985791886965,1.243112519567411,1.6686228513717651
resnet32x12_cifar100_K12_unif2-step_seed0001_d020,99,100,0,0,2,0.5195305746969363,0.7751274704933167,0.4588963156816793,1.1784616126054526,1.3222894668579102
resnet32x12_cifar100_K12_unif2-step_seed0001_d020,99,150,0,0,2,0.38140303772458667,0.8547492027282715,0.4696630498513124,1.1130201066900918,1.323839545249939
resnet32x12_cifar100_K12_unif2-step_seed0001_d020,99,200,0,0,2,0.4633621009178979,0.8299559354782104,0.3978449421135635,1.2807357500405323,1.562587022781372
resnet32x12_cifar100_K12_unif2-step_seed0001_d020,99,250,0,0,2,0.2404314248680525,0.9073907136917114,0.2860828895159548,1.2380489287868193,1.436082363128662
resnet32x12_cifar100_K12_unif2-step_seed0001_d020,99,300,0,0,2,0.4121268844363457,0.8623285889625549,0.387983252868336,1.0101907156296157,1.269774079322815
resnet32x12_cifar100_K12_unif2-step_seed0001_d020,99,350,0,0,2,0.3212660934260354,0.8529092073440552,0.3346368088460496,1.054113274128067,1.1317338943481445
resnet32x12_cifar100_K12_unif2-step_seed0001_d020,99,400,0,0,2,0.770476925768047,0.6903002262115479,0.6576988662473362,0.9007333033060007,1.0694247484207153
resnet32x12_cifar100_K12_unif2-step_seed0001_d020,99,450,0,0,2,0.43228391613819056,0.8285486698150635,0.4250073963835955,1.026481643813646,1.204256534576416
resnet32x12_cifar100_K12_unif2-step_seed0001_d020,99,500,0,0,2,0.2784352565191212,0.906663179397583,0.3004214200799741,1.3893618043452227,1.7000768184661865
resnet32x12_cifar100_K12_unif2-step_seed0001_d020,99,550,0,0,2,0.43607720475396555,0.8418381810188293,0.4738538484624599,0.8372980614505215,1.0234483480453491
resnet32x12_cifar100_K12_unif2-step_seed0001_d020,99,600,0,0,2,0.3839351753973288,0.8402363061904907,0.4350088662106901,1.0614074250586363,1.2101348638534546
resnet32x12_cifar100_K12_unif2-step_seed0001_d020,99,650,0,0,2,0.25477425210394977,0.8913360834121704,0.32979633229722544,1.2963082787298004,1.443139672279358
resnet32x12_cifar100_K12_unif2-step_seed0001_d020,99,700,0,0,2,0.3858463825346916,0.858156681060791,0.344947839246068,1.1737828301499116,1.4177430868148804
resnet32x12_cifar100_K12_unif2-step_seed0001_d020,100,0,0,0,2,0.2586076759367077,0.8775609731674194,0.26129779539242537,1.5049777090760095,1.575761079788208
resnet32x12_cifar100_K12_unif2-step_seed0001_d020,100,50,0,0,2,0.3576316281439791,0.8723597526550293,0.4866433793421778,0.9490517363379102,1.1548117399215698
resnet32x12_cifar100_K12_unif2-step_seed0001_d020,100,100,0,0,2,0.4209179132757663,0.8537015914916992,0.46279552568940047,1.1022210283319953,1.3674640655517578
resnet32x12_cifar100_K12_unif2-step_seed0001_d020,100,150,0,0,2,0.33511246535934136,0.8951086401939392,0.31242789997271736,1.1833843889550004,1.4962003231048584
resnet32x12_cifar100_K12_unif2-step_seed0001_d020,100,200,0,0,2,0.40150122059729415,0.8387861251831055,0.3510725554167276,1.332862035584366,1.5500134229660034
resnet32x12_cifar100_K12_unif2-step_seed0001_d020,100,250,0,0,2,0.5583967824015188,0.778985857963562,0.479541616252915,1.0188076330627636,1.2077488899230957
resnet32x12_cifar100_K12_unif2-step_seed0001_d020,100,300,0,0,2,0.34006676823186943,0.8328222036361694,0.4600751890208168,1.0489264926920419,1.06601083278656
resnet32x12_cifar100_K12_unif2-step_seed0001_d020,100,350,0,0,2,0.2633528741338599,0.9008718729019165,0.29283809301809555,1.2631683525637587,1.4837079048156738
resnet32x12_cifar100_K12_unif2-step_seed0001_d020,100,400,0,0,2,0.42867414772661655,0.8306034803390503,0.3948953199552507,1.1129346876971666,1.3076456785202026
resnet32x12_cifar100_K12_unif2-step_seed0001_d020,100,450,0,0,2,0.3273743254395343,0.8660891056060791,0.38116150852219904,1.3031941621937675,1.4914402961730957
resnet32x12_cifar100_K12_unif2-step_seed0001_d020,100,500,0,0,2,0.6382445402320622,0.7537943124771118,0.5448143667144676,0.9552959045625852,1.154152750968933
resnet32x12_cifar100_K12_unif2-step_seed0001_d020,100,550,0,0,2,0.32594351699515917,0.8499236106872559,0.37043393721581885,1.121222299257019,1.1994024515151978
resnet32x12_cifar100_K12_unif2-step_seed0001_d020,100,600,0,0,2,0.3326992644324799,0.8854655027389526,0.3319122268481852,1.4272759950254723,1.7514818906784058
resnet32x12_cifar100_K12_unif2-step_seed0001_d020,100,650,0,0,2,0.47740527958040696,0.8523308038711548,0.4663303843277189,1.0920264697028255,1.4238431453704834
resnet32x12_cifar100_K12_unif2-step_seed0001_d020,100,700,0,0,2,0.4267385175734899,0.8205374479293823,0.46712844269627485,1.1654753335791614,1.3249090909957886
resnet32x12_cifar100_K12_unif2-step_seed0001_d020,101,0,0,0,2,0.32636826432279514,0.8544352054595947,0.38649954865420627,1.110305557036011,1.2124319076538086
resnet32x12_cifar100_K12_unif2-step_seed0001_d020,101,50,0,0,2,0.44036064127343366,0.8076021075248718,0.44503797883442364,0.9400780833562998,1.0452489852905273
resnet32x12_cifar100_K12_unif2-step_seed0001_d020,101,100,0,0,2,0.43721235353409404,0.843513548374176,0.35981753279004275,1.3081805587467032,1.6079704761505127
resnet32x12_cifar100_K12_unif2-step_seed0001_d020,101,150,0,0,2,0.33645428385478354,0.8699042797088623,0.40552475631438123,0.9778177967214572,1.1491029262542725
resnet32x12_cifar100_K12_unif2-step_seed0001_d020,101,200,0,0,2,0.22787731272424577,0.9110736846923828,0.2559002072934452,1.544998880774824,1.779476523399353
resnet32x12_cifar100_K12_unif2-step_seed0001_d020,101,250,0,0,2,0.3224972823797929,0.8734017610549927,0.34473101707622955,1.1692146112169186,1.3627328872680664
resnet32x12_cifar100_K12_unif2-step_seed0001_d020,101,300,0,0,2,0.30498008451842373,0.8596554398536682,0.2943853049765113,1.2455237349458077,1.3319474458694458
resnet32x12_cifar100_K12_unif2-step_seed0001_d020,101,350,0,0,2,0.19435219617663463,0.9111295938491821,0.1996454985251572,1.5580505342282267,1.6635056734085083
resnet32x12_cifar100_K12_unif2-step_seed0001_d020,101,400,0,0,2,0.25111349029075136,0.8931581377983093,0.33251445116374967,1.1804581707948045,1.3152276277542114
resnet32x12_cifar100_K12_unif2-step_seed0001_d020,101,450,0,0,2,0.4119668053144062,0.842825710773468,0.33039466927914607,1.2197060380954319,1.4545865058898926
resnet32x12_cifar100_K12_unif2-step_seed0001_d020,101,500,0,0,2,0.356951626859418,0.8512051701545715,0.3380029056554558,1.1728697051996275,1.3331902027130127
resnet32x12_cifar100_K12_unif2-step_seed0001_d020,101,550,0,0,2,0.3349691480506958,0.8675581216812134,0.3296097696039079,1.2951457432806126,1.5069998502731323
resnet32x12_cifar100_K12_unif2-step_seed0001_d020,101,600,0,0,2,0.46490344725489996,0.8525453805923462,0.4591884508526043,1.0192039227375733,1.315204381942749
resnet32x12_cifar100_K12_unif2-step_seed0001_d020,101,650,0,0,2,0.47686354908818174,0.8262845277786255,0.41651853629685187,0.9817467373725022,1.2034214735031128
resnet32x12_cifar100_K12_unif2-step_seed0001_d020,101,700,0,0,2,0.5728706741171689,0.8151369094848633,0.45108239962555885,1.077682183036482,1.403455376625061
resnet32x12_cifar100_K12_unif2-step_seed0001_d020,102,0,0,0,2,0.3037756833973889,0.8901363611221313,0.38324813775615485,1.0681600158023261,1.2819695472717285
resnet32x12_cifar100_K12_unif2-step_seed0001_d020,102,50,0,0,2,0.574829040274044,0.8159440159797668,0.5347425445432706,1.0956561236576894,1.4314172267913818
resnet32x12_cifar100_K12_unif2-step_seed0001_d020,102,100,0,0,2,0.6047844596184961,0.8356425762176514,0.549413393101497,0.9822524059185603,1.3615710735321045
resnet32x12_cifar100_K12_unif2-step_seed0001_d020,102,150,0,0,2,0.310869137154396,0.8814866542816162,0.29788046208534463,1.3038296191883365,1.535840630531311
resnet32x12_cifar100_K12_unif2-step_seed0001_d020,102,200,0,0,2,0.4569016628487121,0.8219965696334839,0.3671738601104692,1.1278008457595352,1.3376981019973755
resnet32x12_cifar100_K12_unif2-step_seed0001_d020,102,250,0,0,2,0.31198305043853225,0.8859314918518066,0.3017966286056534,1.2336227442575531,1.4768327474594116
resnet32x12_cifar100_K12_unif2-step_seed0001_d020,102,300,0,0,2,0.31645722458340086,0.8833805918693542,0.3357013713185348,1.410467985150244,1.6848564147949219
resnet32x12_cifar100_K12_unif2-step_seed0001_d020,102,350,0,0,2,0.3920701517160546,0.8285378813743591,0.3984762593479121,0.997751629003439,1.1063039302825928
resnet32x12_cifar100_K12_unif2-step_seed0001_d020,102,400,0,0,2,0.41682059746985795,0.8287304639816284,0.36147167421288706,1.1914436709671365,1.3709020614624023
resnet32x12_cifar100_K12_unif2-step_seed0001_d020,102,450,0,0,2,0.39592304540670914,0.8428813219070435,0.35218380483032624,1.1556375273236483,1.35097336769104
resnet32x12_cifar100_K12_unif2-step_seed0001_d020,102,500,0,0,2,0.37211496587573306,0.8706635236740112,0.3858047046626239,1.2051745705366255,1.4841171503067017
resnet32x12_cifar100_K12_unif2-step_seed0001_d020,102,550,0,0,2,0.5765244609807837,0.8080961108207703,0.41797138980819565,1.0382403799815076,1.3364267349243164
resnet32x12_cifar100_K12_unif2-step_seed0001_d020,102,600,0,0,2,0.23950982704823992,0.8862048387527466,0.23265156332093112,1.4911616928673102,1.5566283464431763
resnet32x12_cifar100_K12_unif2-step_seed0001_d020,102,650,0,0,2,0.4271545361389241,0.8403284549713135,0.4257557170242636,1.080843717946263,1.3028920888900757
resnet32x12_cifar100_K12_unif2-step_seed0001_d020,102,700,0,0,2,0.306788066282443,0.8731975555419922,0.3478623809364746,1.1797571224863408,1.34064519405365
resnet32x12_cifar100_K12_unif2-step_seed0001_d020,103,0,0,0,2,0.3043117598111007,0.8645212650299072,0.32917420150937354,1.204433670713264,1.315142035484314
resnet32x12_cifar100_K12_unif2-step_seed0001_d020,103,50,0,0,2,0.5189557962549679,0.7986161112785339,0.455188750224998,1.0784078033612061,1.288184642791748
resnet32x12_cifar100_K12_unif2-step_seed0001_d020,103,100,0,0,2,0.3333466503404526,0.8639647960662842,0.29442636096756397,1.1683868374366178,1.3394639492034912
resnet32x12_cifar100_K12_unif2-step_seed0001_d020,103,150,0,0,2,0.582688521329525,0.8208860754966736,0.4861268296554554,1.1165301116080852,1.4820666313171387
resnet32x12_cifar100_K12_unif2-step_seed0001_d020,103,200,0,0,2,0.2920150990607757,0.8441547155380249,0.36886649632850843,1.1881562477589995,1.083681344985962
resnet32x12_cifar100_K12_unif2-step_seed0001_d020,103,250,0,0,2,0.3736657491142075,0.8613492250442505,0.4206833796634274,1.2182666602636505,1.4635422229766846
resnet32x12_cifar100_K12_unif2-step_seed0001_d020,103,300,0,0,2,0.36683624551303723,0.859258770942688,0.3750048836577723,1.1296124213082832,1.3369476795196533
resnet32x12_cifar100_K12_unif2-step_seed0001_d020,103,350,0,0,2,0.33412868849504046,0.8705096244812012,0.29973501273623887,1.094089237464999,1.2841167449951172
resnet32x12_cifar100_K12_unif2-step_seed0001_d020,103,400,0,0,2,0.3349827856387076,0.8527083992958069,0.3124024272827776,1.102768150296106,1.215136170387268
resnet32x12_cifar100_K12_unif2-step_seed0001_d020,103,450,0,0,2,0.2521300138184856,0.8962665796279907,0.23187777335528778,1.3915045453434958,1.5747507810592651
resnet32x12_cifar100_K12_unif2-step_seed0001_d020,103,500,0,0,2,0.6423152980985599,0.7754311561584473,0.4570818007003583,1.0963740886892772,1.3912971019744873
resnet32x12_cifar100_K12_unif2-step_seed0001_d020,103,550,0,0,2,0.2806963050424944,0.8745571374893188,0.3501349147869432,1.2012268053846236,1.3069028854370117
resnet32x12_cifar100_K12_unif2-step_seed0001_d020,103,600,0,0,2,0.3853124566149826,0.8486380577087402,0.34683461232924667,1.1142799582524847,1.3075449466705322
resnet32x12_cifar100_K12_unif2-step_seed0001_d020,103,650,0,0,2,0.39325516356722656,0.8525308966636658,0.3394976009238179,1.2382243050077897,1.4846723079681396
resnet32x12_cifar100_K12_unif2-step_seed0001_d020,103,700,0,0,2,0.31020155943216465,0.846366286277771,0.310071388220844,1.3177700958051273,1.32998526096344
resnet32x12_cifar100_K12_unif2-step_seed0001_d020,104,0,0,0,2,0.3600872344447579,0.8919913172721863,0.30569131623784895,1.3101668737864496,1.6856937408447266
resnet32x12_cifar100_K12_unif2-step_seed0001_d020,104,50,0,0,2,0.2660738296810816,0.9087043404579163,0.3493615027533537,1.2393076400419145,1.5016919374465942
resnet32x12_cifar100_K12_unif2-step_seed0001_d020,104,100,0,0,2,0.3043579411264243,0.8719627857208252,0.33562092911807423,1.029893966142725,1.1599485874176025
resnet32x12_cifar100_K12_unif2-step_seed0001_d020,104,150,0,0,2,0.45440804084181535,0.8062061071395874,0.38490609358576827,1.0173650068107956,1.148889422416687
resnet32x12_cifar100_K12_unif2-step_seed0001_d020,104,200,0,0,2,0.3373000265660986,0.8649759888648987,0.3232473733622673,1.129482716087434,1.3072086572647095
resnet32x12_cifar100_K12_unif2-step_seed0001_d020,104,250,0,0,2,0.38478627298326434,0.8110759258270264,0.32751064805605457,1.2587634928187548,1.2808517217636108
resnet32x12_cifar100_K12_unif2-step_seed0001_d020,104,300,0,0,2,0.4218987282716149,0.8604050874710083,0.4325044832242112,0.9293254499944819,1.1738684177398682
resnet32x12_cifar100_K12_unif2-step_seed0001_d020,104,350,0,0,2,0.2545383909256979,0.8804337978363037,0.2536287412026404,1.265232873146082,1.332007884979248
resnet32x12_cifar100_K12_unif2-step_seed0001_d020,104,400,0,0,2,0.29449463176963664,0.8628990650177002,0.37189153814849046,1.2989400944452825,1.3776686191558838
resnet32x12_cifar100_K12_unif2-step_seed0001_d020,104,450,0,0,2,0.4141010129606551,0.8165477514266968,0.3685570451504425,1.1164190677363486,1.2290560007095337
resnet32x12_cifar100_K12_unif2-step_seed0001_d020,104,500,0,0,2,0.3257721498036532,0.8551356792449951,0.35143775961299833,1.144295104991601,1.2517940998077393
resnet32x12_cifar100_K12_unif2-step_seed0001_d020,104,550,0,0,2,0.4056459466683419,0.8514739274978638,0.4219412877229252,1.0141359417246434,1.2300807237625122
resnet32x12_cifar100_K12_unif2-step_seed0001_d020,104,600,0,0,2,0.4078864937702403,0.8458805084228516,0.3761507990803523,1.1138520500790632,1.3334641456604004
resnet32x12_cifar100_K12_unif2-step_seed0001_d020,104,650,0,0,2,0.4703761607158873,0.8063861131668091,0.4033030183097484,1.0182032797304081,1.1747123003005981
resnet32x12_cifar100_K12_unif2-step_seed0001_d020,104,700,0,0,2,0.17892379077597576,0.9076293110847473,0.21850128635676133,1.3047370672803822,1.2522004842758179
resnet32x12_cifar100_K12_unif2-step_seed0001_d020,105,0,0,0,2,0.2740883042703589,0.9010348916053772,0.2526540012329058,1.3090944157960434,1.5633349418640137
resnet32x12_cifar100_K12_unif2-step_seed0001_d020,105,50,0,0,2,0.19122359504930753,0.9152865409851074,0.21482370454933036,1.4198582358181244,1.5412578582763672
resnet32x12_cifar100_K12_unif2-step_seed0001_d020,105,100,0,0,2,0.2339553901628475,0.8997513055801392,0.25003844972867806,1.2567181298589831,1.3928664922714233
resnet32x12_cifar100_K12_unif2-step_seed0001_d020,105,150,0,0,2,0.23106472338953837,0.8987360000610352,0.327476936088672,1.2188516232108346,1.335484266281128
resnet32x12_cifar100_K12_unif2-step_seed0001_d020,105,200,0,0,2,0.3001289586068158,0.8718904256820679,0.3165681304843916,1.1028712729198988,1.2324538230895996
resnet32x12_cifar100_K12_unif2-step_seed0001_d020,105,250,0,0,2,0.3953503069097599,0.8283277750015259,0.5142817415877313,1.05226580607986,1.1719820499420166
resnet32x12_cifar100_K12_unif2-step_seed0001_d020,105,300,0,0,2,0.26887111921885243,0.9079129695892334,0.25817048446885627,1.4426299072689863,1.750144124031067
resnet32x12_cifar100_K12_unif2-step_seed0001_d020,105,350,0,0,2,0.1861401938142642,0.9441749453544617,0.19653934978866353,1.6457211500475981,2.012312412261963
resnet32x12_cifar100_K12_unif2-step_seed0001_d020,105,400,0,0,2,0.49575923026979357,0.8067370057106018,0.3294018143706349,1.3654050706672303,1.6242849826812744
resnet32x12_cifar100_K12_unif2-step_seed0001_d020,105,450,0,0,2,0.4670203932662812,0.8329994678497314,0.3504707296574198,1.1481494152980452,1.4169694185256958
resnet32x12_cifar100_K12_unif2-step_seed0001_d020,105,500,0,0,2,0.40112108064712837,0.8811320662498474,0.38770721638198513,1.1141691180943807,1.4511573314666748
resnet32x12_cifar100_K12_unif2-step_seed0001_d020,105,550,0,0,2,0.3911156315994567,0.871803343296051,0.33767865580250356,1.318649960741524,1.6622799634933472
resnet32x12_cifar100_K12_unif2-step_seed0001_d020,105,600,0,0,2,0.24720261616006078,0.9061853885650635,0.26968518420224225,1.3470995651637467,1.5729690790176392
resnet32x12_cifar100_K12_unif2-step_seed0001_d020,105,650,0,0,2,0.43822667792126896,0.8630900382995605,0.3429255232712976,1.258797206807924,1.6251721382141113
resnet32x12_cifar100_K12_unif2-step_seed0001_d020,105,700,0,0,2,0.4162689820332586,0.8666126132011414,0.46887363309678365,1.002703588270929,1.279068112373352
resnet32x12_cifar100_K12_unif2-step_seed0001_d020,106,0,0,0,2,0.38883492632691136,0.8583142757415771,0.3267255451425257,1.0698147472552546,1.2972877025604248
resnet32x12_cifar100_K12_unif2-step_seed0001_d020,106,50,0,0,2,0.6224519271931155,0.7647162675857544,0.39259730393715403,1.2741625073508285,1.5544216632843018
resnet32x12_cifar100_K12_unif2-step_seed0001_d020,106,100,0,0,2,0.3616983633492514,0.8388403654098511,0.3576344307040134,1.1951745645558864,1.3080943822860718
resnet32x12_cifar100_K12_unif2-step_seed0001_d020,106,150,0,0,2,0.42979368300688287,0.8168140649795532,0.4547961212699567,1.065022447555448,1.20158851146698
resnet32x12_cifar100_K12_unif2-step_seed0001_d020,106,200,0,0,2,0.37598639833997444,0.852476954460144,0.4203982627810207,1.1389499017349751,1.3359317779541016
resnet32x12_cifar100_K12_unif2-step_seed0001_d020,106,250,0,0,2,0.16167015435383317,0.9348328709602356,0.291712708112503,1.3035788022633412,1.4645271301269531
resnet32x12_cifar100_K12_unif2-step_seed0001_d020,106,300,0,0,2,0.4150379801667724,0.8702212572097778,0.4770721236405266,1.0750978514028118,1.3818652629852295
resnet32x12_cifar100_K12_unif2-step_seed0001_d020,106,350,0,0,2,0.5316469930250801,0.7760032415390015,0.38064490553202324,1.196089647760713,1.3657292127609253
resnet32x12_cifar100_K12_unif2-step_seed0001_d020,106,400,0,0,2,0.2552421520956441,0.8976775407791138,0.3084947265336247,1.1960059255178885,1.3691822290420532
resnet32x12_cifar100_K12_unif2-step_seed0001_d020,106,450,0,0,2,0.47688718521093254,0.8367809057235718,0.49149969799623355,1.157115715287133,1.455189824104309
resnet32x12_cifar100_K12_unif2-step_seed0001_d020,106,500,0,0,2,0.34702243946298367,0.8684325218200684,0.4566134609069532,1.0896928470831548,1.2929730415344238
resnet32x12_cifar100_K12_unif2-step_seed0001_d020,106,550,0,0,2,0.3088185168039305,0.8977841138839722,0.357543559177761,1.130144858738648,1.3976012468338013
resnet32x12_cifar100_K12_unif2-step_seed0001_d020,106,600,0,0,2,0.5495417572606323,0.7862690091133118,0.45171166887594305,1.052334909607274,1.2584401369094849
resnet32x12_cifar100_K12_unif2-step_seed0001_d020,106,650,0,0,2,0.2792648914533986,0.8902263045310974,0.32674845410109177,1.2971847348148113,1.5022971630096436
resnet32x12_cifar100_K12_unif2-step_seed0001_d020,106,700,0,0,2,0.23227359470765552,0.8804147839546204,0.26705751814509576,1.2714982976898306,1.2288516759872437
resnet32x12_cifar100_K12_unif2-step_seed0001_d020,107,0,0,0,2,0.3210977074025717,0.8561115264892578,0.357486077596483,1.218025823776647,1.325874924659729
resnet32x12_cifar100_K12_unif2-step_seed0001_d020,107,50,0,0,2,0.27661767726784536,0.8944163918495178,0.34941247671574377,1.226449754720711,1.436394214630127
resnet32x12_cifar100_K12_unif2-step_seed0001_d020,107,100,0,0,2,0.3313825878338468,0.8751833438873291,0.3609923191334576,1.1924764860382062,1.4156582355499268
resnet32x12_cifar100_K12_unif2-step_seed0001_d020,107,150,0,0,2,0.24464300429745553,0.8892955780029297,0.38597614377011025,1.1218472915670445,1.20899498462677
resnet32x12_cifar100_K12_unif2-step_seed0001_d020,107,200,0,0,2,0.2886755760684803,0.8640825748443604,0.3079980410241556,1.2505673074831496,1.3156013488769531
resnet32x12_cifar100_K12_unif2-step_seed0001_d020,107,250,0,0,2,0.3456471329559655,0.837119460105896,0.3352456696214849,1.2222077153288982,1.2864508628845215
resnet32x12_cifar100_K12_unif2-step_seed0001_d020,107,300,0,0,2,0.48020603991540256,0.7945947647094727,0.3731170601307611,1.1781334651572068,1.3296895027160645
resnet32x12_cifar100_K12_unif2-step_seed0001_d020,107,350,0,0,2,0.391420947909711,0.8632630109786987,0.4170830925085169,1.0624574203935098,1.3099216222763062
resnet32x12_cifar100_K12_unif2-step_seed0001_d020,107,400,0,0,2,0.46478711243663307,0.8277265429496765,0.44751255548199553,1.0055129556489892,1.2216172218322754
resnet32x12_cifar100_K12_unif2-step_seed0001_d020,107,450,0,0,2,0.23992855424387174,0.911833643913269,0.3007665147167124,1.274066231567517,1.5021029710769653
resnet32x12_cifar100_K12_unif2-step_seed0001_d020,107,500,0,0,2,0.23676883899613352,0.9008426666259766,0.31264603820647674,1.091846116922591,1.2235051393508911
resnet32x12_cifar100_K12_unif2-step_seed0001_d020,107,550,0,0,2,0.22836196377805804,0.8865286707878113,0.26736177100645336,1.455975024412595,1.4648425579071045
resnet32x12_cifar100_K12_unif2-step_seed0001_d020,107,600,0,0,2,0.4210652883170204,0.8413161039352417,0.32188441658418565,1.3968343229579723,1.6766369342803955
resnet32x12_cifar100_K12_unif2-step_seed0001_d020,107,650,0,0,2,0.344000872548268,0.8181644678115845,0.3590842991447029,1.1611140757365204,1.0843603610992432
resnet32x12_cifar100_K12_unif2-step_seed0001_d020,107,700,0,0,2,0.40100523326591686,0.8326596617698669,0.4303812911956,1.1085731939946417,1.2635374069213867
resnet32x12_cifar100_K12_unif2-step_seed0001_d020,108,0,0,0,2,0.38984663448158013,0.8391029834747314,0.29748163286049634,1.111824340523951,1.2737064361572266
resnet32x12_cifar100_K12_unif2-step_seed0001_d020,108,50,0,0,2,0.18817086467552732,0.9200003147125244,0.20920177330966525,1.528252684830626,1.6901466846466064
resnet32x12_cifar100_K12_unif2-step_seed0001_d020,108,100,0,0,2,0.1899192272553623,0.9162667989730835,0.25356801317861116,1.20249892950506,1.308219313621521
resnet32x12_cifar100_K12_unif2-step_seed0001_d020,108,150,0,0,2,0.5381712103648052,0.8129721879959106,0.3820692833165897,1.2014126171985693,1.5127861499786377
resnet32x12_cifar100_K12_unif2-step_seed0001_d020,108,200,0,0,2,0.4227183801503576,0.8582168221473694,0.4208783699528643,1.136038035649235,1.428322196006775
resnet32x12_cifar100_K12_unif2-step_seed0001_d020,108,250,0,0,2,0.3542356265059457,0.8447225093841553,0.3315875435924173,1.233164858050635,1.3627593517303467
resnet32x12_cifar100_K12_unif2-step_seed0001_d020,108,300,0,0,2,0.2894680708198376,0.878940224647522,0.34999912611657913,1.2109676234282463,1.3659069538116455
resnet32x12_cifar100_K12_unif2-step_seed0001_d020,108,350,0,0,2,0.305682001153246,0.8816778659820557,0.39757657655107514,1.196603613779999,1.3998349905014038
resnet32x12_cifar100_K12_unif2-step_seed0001_d020,108,400,0,0,2,0.23342133018824232,0.9043503403663635,0.24876884293535062,1.2133691798843067,1.3720548152923584
resnet32x12_cifar100_K12_unif2-step_seed0001_d020,108,450,0,0,2,0.21903251899286777,0.9219997525215149,0.2216581267496888,1.6222955500274276,1.922256588935852
resnet32x12_cifar100_K12_unif2-step_seed0001_d020,108,500,0,0,2,0.4753629654341985,0.8722031116485596,0.48274520624936346,1.0666394101077779,1.4486088752746582
resnet32x12_cifar100_K12_unif2-step_seed0001_d020,108,550,0,0,2,0.20665732288761696,0.90823894739151,0.26169320141724045,1.3107781696453908,1.4233442544937134
resnet32x12_cifar100_K12_unif2-step_seed0001_d020,108,600,0,0,2,0.36668374963440525,0.8360670208930969,0.45391392494661137,1.065424484673794,1.1638388633728027
resnet32x12_cifar100_K12_unif2-step_seed0001_d020,108,650,0,0,2,0.5202175216658986,0.819843053817749,0.4037221103526693,1.1409213582518876,1.4357719421386719
resnet32x12_cifar100_K12_unif2-step_seed0001_d020,108,700,0,0,2,0.3502410712446237,0.8397248983383179,0.48439354029669807,1.0676574632885354,1.147787094116211
resnet32x12_cifar100_K12_unif2-step_seed0001_d020,109,0,0,0,2,0.41366708533093693,0.8360418081283569,0.40679817330940465,1.163786887496971,1.363551378250122
resnet32x12_cifar100_K12_unif2-step_seed0001_d020,109,50,0,0,2,0.34464116843131504,0.8654453754425049,0.300450186432635,1.351224647587621,1.5828874111175537
resnet32x12_cifar100_K12_unif2-step_seed0001_d020,109,100,0,0,2,0.24369524209349008,0.8870476484298706,0.27908238457350776,1.219806555514054,1.2952266931533813
resnet32x12_cifar100_K12_unif2-step_seed0001_d020,109,150,0,0,2,0.37061791958100393,0.8700217008590698,0.319473603350149,1.3813051532073428,1.69509756565094
resnet32x12_cifar100_K12_unif2-step_seed0001_d020,109,200,0,0,2,0.46178215746305223,0.8287044167518616,0.36495973015355904,1.1952127651916826,1.4511133432388306
resnet32x12_cifar100_K12_unif2-step_seed0001_d020,109,250,0,0,2,0.2750653806400932,0.8755711913108826,0.3522766108063324,1.257484440640909,1.357772946357727
resnet32x12_cifar100_K12_unif2-step_seed0001_d020,109,300,0,0,2,0.3532808504755301,0.8632247447967529,0.3378981835624837,1.14972210097135,1.3531913757324219
resnet32x12_cifar100_K12_unif2-step_seed0001_d020,109,350,0,0,2,0.41810794481262964,0.8442925214767456,0.3021866252470098,1.3794889434642366,1.663865089416504
resnet32x12_cifar100_K12_unif2-step_seed0001_d020,109,400,0,0,2,0.46534883822584955,0.8595983386039734,0.41829811297319486,1.2022505220256203,1.576809048652649
resnet32x12_cifar100_K12_unif2-step_seed0001_d020,109,450,0,0,2,0.39855747101506606,0.8726315498352051,0.3920306085508471,1.0958685384590112,1.3946963548660278
resnet32x12_cifar100_K12_unif2-step_seed0001_d020,109,500,0,0,2,0.4784410422818426,0.8149523138999939,0.3545831374191742,1.2080277462103317,1.4406465291976929
resnet32x12_cifar100_K12_unif2-step_seed0001_d020,109,550,0,0,2,0.5632780388632714,0.819697916507721,0.5047943513584772,0.9688393336298995,1.2640002965927124
resnet32x12_cifar100_K12_unif2-step_seed0001_d020,109,600,0,0,2,0.4195432074769023,0.8259143233299255,0.44623490825654993,1.1207387541581764,1.2830034494400024
resnet32x12_cifar100_K12_unif2-step_seed0001_d020,109,650,0,0,2,0.4829795150689399,0.8328814506530762,0.5296854466505497,0.9486616721268635,1.1888667345046997
resnet32x12_cifar100_K12_unif2-step_seed0001_d020,109,700,0,0,2,0.20590041036723722,0.8964290618896484,0.2802240687224352,1.212130936760618,1.2046432495117188
resnet32x12_cifar100_K12_unif2-step_seed0001_d020,110,0,0,0,2,0.5945903055164082,0.8017170429229736,0.5483411784948862,0.8883216251534525,1.1449517011642456
resnet32x12_cifar100_K12_unif2-step_seed0001_d020,110,50,0,0,2,0.19944582734935332,0.9267956018447876,0.24426776120072832,1.4937193033424099,1.7453339099884033
resnet32x12_cifar100_K12_unif2-step_seed0001_d020,110,100,0,0,2,0.3083947602405654,0.8904716968536377,0.32420904620970586,1.0626812387609648,1.284571886062622
resnet32x12_cifar100_K12_unif2-step_seed0001_d020,110,150,0,0,2,0.2322862033317944,0.9302780032157898,0.28432712574341396,1.3310031447083248,1.6542415618896484
resnet32x12_cifar100_K12_unif2-step_seed0001_d020,110,200,0,0,2,0.371215044977832,0.8445437550544739,0.3325109326686858,1.1791018112104001,1.338492512702942
resnet32x12_cifar100_K12_unif2-step_seed0001_d020,110,250,0,0,2,0.32652999462690696,0.8612731099128723,0.3734246790696116,1.1222828264574578,1.2599388360977173
resnet32x12_cifar100_K12_unif2-step_seed0001_d020,110,300,0,0,2,0.4667603253700523,0.8058003783226013,0.3641415143764985,1.196143964414801,1.3713760375976562
resnet32x12_cifar100_K12_unif2-step_seed0001_d020,110,350,0,0,2,0.406344732705964,0.8320702314376831,0.3550549080595378,1.3418560431482385,1.5380524396896362
resnet32x12_cifar100_K12_unif2-step_seed0001_d020,110,400,0,0,2,0.5990488240408981,0.8074513673782349,0.558725024419014,1.0113069734685811,1.3232718706130981
resnet32x12_cifar100_K12_unif2-step_seed0001_d020,110,450,0,0,2,0.37834649057566955,0.872351884841919,0.44758709815056313,1.1733890162787275,1.4616204500198364
resnet32x12_cifar100_K12_unif2-step_seed0001_d020,110,500,0,0,2,0.3659351683850073,0.8561180233955383,0.3543086471240007,1.1723203702840301,1.3722703456878662
resnet32x12_cifar100_K12_unif2-step_seed0001_d020,110,550,0,0,2,0.32701298653709926,0.8747763633728027,0.2599933930716047,1.3497440696002412,1.5906699895858765
resnet32x12_cifar100_K12_unif2-step_seed0001_d020,110,600,0,0,2,0.2806013088084861,0.8670581579208374,0.29993814195540347,1.3045165812300128,1.3658729791641235
resnet32x12_cifar100_K12_unif2-step_seed0001_d020,110,650,0,0,2,0.3464919313959842,0.8451945781707764,0.42487636790717453,1.0591414607720688,1.1564385890960693
resnet32x12_cifar100_K12_unif2-step_seed0001_d020,110,700,0,0,2,0.2776747635945779,0.892125129699707,0.32010755782108086,1.3484681710548765,1.568738341331482
resnet32x12_cifar100_K12_unif2-step_seed0001_d020,111,0,0,0,2,0.30967551620633,0.8925567269325256,0.3214169247748768,1.2550868480769848,1.529504418373108
resnet32x12_cifar100_K12_unif2-step_seed0001_d020,111,50,0,0,2,0.39274692309486525,0.8192052841186523,0.3020814598591331,1.266808321627912,1.357865333557129
resnet32x12_cifar100_K12_unif2-step_seed0001_d020,111,100,0,0,2,0.2683934654775219,0.8817936182022095,0.28612929351187044,1.1283684739895772,1.2368735074996948
resnet32x12_cifar100_K12_unif2-step_seed0001_d020,111,150,0,0,2,0.3896069790091486,0.8534576892852783,0.4524923642635738,1.0873175435088216,1.301481008529663
resnet32x12_cifar100_K12_unif2-step_seed0001_d020,111,200,0,0,2,0.402112920402849,0.8520777225494385,0.4856276492409837,1.046402668085984,1.2662070989608765
resnet32x12_cifar100_K12_unif2-step_seed0001_d020,111,250,0,0,2,0.5965312621232743,0.8270560503005981,0.42616440387477633,1.2039349789567553,1.6334130764007568
resnet32x12_cifar100_K12_unif2-step_seed0001_d020,111,300,0,0,2,0.21266548264410493,0.906656801700592,0.22661102346776263,1.5403667674582553,1.6834895610809326
resnet32x12_cifar100_K12_unif2-step_seed0001_d020,111,350,0,0,2,0.30923754927422725,0.8861977458000183,0.3145853425998516,1.2511755660684756,1.4935816526412964
resnet32x12_cifar100_K12_unif2-step_seed0001_d020,111,400,0,0,2,0.28349672889203775,0.8999022841453552,0.30808147272546654,1.3425222598881883,1.6182585954666138
resnet32x12_cifar100_K12_unif2-step_seed0001_d020,111,450,0,0,2,0.22239257604873314,0.8984876871109009,0.23270336663766208,1.4511966831556309,1.5538623332977295
resnet32x12_cifar100_K12_unif2-step_seed0001_d020,111,500,0,0,2,0.5771197869212765,0.8560420274734497,0.5538109731007131,0.9888170923167744,1.396954894065857
resnet32x12_cifar100_K12_unif2-step_seed0001_d020,111,550,0,0,2,0.3074766083423287,0.8460096716880798,0.29807873920849876,1.187637923412555,1.1856833696365356
resnet32x12_cifar100_K12_unif2-step_seed0001_d020,111,600,0,0,2,0.5937012734796187,0.7492936253547668,0.4666697135577157,1.0728112449827556,1.2264106273651123
resnet32x12_cifar100_K12_unif2-step_seed0001_d020,111,650,0,0,2,0.2980232744839471,0.8860634565353394,0.35743932084169944,1.0997507875079375,1.2915350198745728
resnet32x12_cifar100_K12_unif2-step_seed0001_d020,111,700,0,0,2,0.35499406441079673,0.8430854678153992,0.45002139428007676,1.0716308493633098,1.1783391237258911
resnet32x12_cifar100_K12_unif2-step_seed0001_d020,112,0,0,0,2,0.46248595045806284,0.8511413335800171,0.39884682117250664,1.1633792894808348,1.4931886196136475
resnet32x12_cifar100_K12_unif2-step_seed0001_d020,112,50,0,0,2,0.5113897399939948,0.8553071022033691,0.5640763065058612,0.955899219126801,1.2887400388717651
resnet32x12_cifar100_K12_unif2-step_seed0001_d020,112,100,0,0,2,0.2696346342613293,0.884161114692688,0.35428871882477336,1.2224496782707401,1.3579250574111938
resnet32x12_cifar100_K12_unif2-step_seed0001_d020,112,150,0,0,2,0.30517845709588576,0.8900005221366882,0.39381168917637216,1.0671109396866274,1.2825570106506348
resnet32x12_cifar100_K12_unif2-step_seed0001_d020,112,200,0,0,2,0.40871449724808295,0.8354810476303101,0.4426684041967025,1.0621019627606036,1.234371542930603
resnet32x12_cifar100_K12_unif2-step_seed0001_d020,112,250,0,0,2,0.4696478496543391,0.8404712677001953,0.5384421798537798,0.9694315451013095,1.2215250730514526
resnet32x12_cifar100_K12_unif2-step_seed0001_d020,112,300,0,0,2,0.49571423790901,0.7919803857803345,0.3881454822898982,1.1558028206972528,1.3206419944763184
resnet32x12_cifar100_K12_unif2-step_seed0001_d020,112,350,0,0,2,0.45984295369223244,0.8253465294837952,0.48497414863321925,1.0580394461981575,1.2705987691879272
resnet32x12_cifar100_K12_unif2-step_seed0001_d020,112,400,0,0,2,0.33108416430507365,0.8397423028945923,0.3510589509892206,1.3146780198582608,1.3543024063110352
resnet32x12_cifar100_K12_unif2-step_seed0001_d020,112,450,0,0,2,0.3606540998179671,0.8738214373588562,0.35224431973393333,1.3754072019861352,1.6866164207458496
resnet32x12_cifar100_K12_unif2-step_seed0001_d020,112,500,0,0,2,0.3908611215029714,0.8604071140289307,0.35834416936184593,1.1926671094586179,1.4581183195114136
resnet32x12_cifar100_K12_unif2-step_seed0001_d020,112,550,0,0,2,0.3816256727028016,0.8318015336990356,0.34230070988146793,1.163192270128233,1.2829384803771973
resnet32x12_cifar100_K12_unif2-step_seed0001_d020,112,600,0,0,2,0.37145608090450494,0.8736898899078369,0.293591609751365,1.1814596242442998,1.465988039970398
resnet32x12_cifar100_K12_unif2-step_seed0001_d020,112,650,0,0,2,0.6070353578123378,0.8046127557754517,0.5391297073397184,1.046644612482899,1.3700895309448242
resnet32x12_cifar100_K12_unif2-step_seed0001_d020,112,700,0,0,2,0.5106547687392299,0.8269912600517273,0.3964158001457773,1.0143430982874562,1.2862796783447266
resnet32x12_cifar100_K12_unif2-step_seed0001_d020,113,0,0,0,2,0.3447549401573873,0.8648569583892822,0.3685769389289681,1.4304024831526279,1.672680139541626
resnet32x12_cifar100_K12_unif2-step_seed0001_d020,113,50,0,0,2,0.33846354988800753,0.8679016828536987,0.3103212167429757,1.261735756585269,1.477176547050476
resnet32x12_cifar100_K12_unif2-step_seed0001_d020,113,100,0,0,2,0.4658511569324387,0.8422778844833374,0.45900990912543155,1.0417356023230655,1.3135727643966675
resnet32x12_cifar100_K12_unif2-step_seed0001_d020,113,150,0,0,2,0.4065241142341062,0.8414987325668335,0.40599707806365987,1.1333875051809639,1.3374998569488525
resnet32x12_cifar100_K12_unif2-step_seed0001_d020,113,200,0,0,2,0.2969753940485848,0.8875242471694946,0.3570894894809616,1.2762291387782791,1.504052758216858
resnet32x12_cifar100_K12_unif2-step_seed0001_d020,113,250,0,0,2,0.5198528850292694,0.8092467784881592,0.3918409430773022,1.184021825144631,1.4531002044677734
resnet32x12_cifar100_K12_unif2-step_seed0001_d020,113,300,0,0,2,0.392707459889958,0.8233165740966797,0.43984693320162677,1.1650867436413224,1.2687137126922607
resnet32x12_cifar100_K12_unif2-step_seed0001_d020,113,350,0,0,2,0.3507401309874982,0.8349277973175049,0.36398614944414465,1.2213799881255942,1.2869213819503784
resnet32x12_cifar100_K12_unif2-step_seed0001_d020,113,400,0,0,2,0.3776329336520667,0.8477097749710083,0.3936511175012341,1.258453679592948,1.4572179317474365
resnet32x12_cifar100_K12_unif2-step_seed0001_d020,113,450,0,0,2,0.7442708266457009,0.7378771305084229,0.5638367223374005,1.0986008024850633,1.4009534120559692
resnet32x12_cifar100_K12_unif2-step_seed0001_d020,113,500,0,0,2,0.5041773000794562,0.8029897809028625,0.6068262524364927,0.9953556991616345,1.183434009552002
resnet32x12_cifar100_K12_unif2-step_seed0001_d020,113,550,0,0,2,0.22557316743389458,0.9005420804023743,0.28241202781291863,1.3847767300826312,1.5117889642715454
resnet32x12_cifar100_K12_unif2-step_seed0001_d020,113,600,0,0,2,0.42358563816346395,0.8197709918022156,0.3295346919577901,1.4312248094499118,1.6158242225646973
resnet32x12_cifar100_K12_unif2-step_seed0001_d020,113,650,0,0,2,0.42003055835690944,0.8409066796302795,0.3688957701194558,1.1636365584859631,1.3934478759765625
resnet32x12_cifar100_K12_unif2-step_seed0001_d020,113,700,0,0,2,0.5372217951440439,0.7447832822799683,0.5017804079147838,1.0141153706784978,1.0627654790878296
resnet32x12_cifar100_K12_unif2-step_seed0001_d020,114,0,0,0,2,0.2958889259062957,0.890544593334198,0.29691205986912095,1.3559005884903694,1.611899971961975
resnet32x12_cifar100_K12_unif2-step_seed0001_d020,114,50,0,0,2,0.554355422609593,0.8027458190917969,0.4610566691123707,0.8598014467048408,1.0735195875167847
resnet32x12_cifar100_K12_unif2-step_seed0001_d020,114,100,0,0,2,0.4060085336409243,0.8884811401367188,0.4474141821594351,1.1003790375759936,1.4640874862670898
resnet32x12_cifar100_K12_unif2-step_seed0001_d020,114,150,0,0,2,0.4066707834356033,0.8510667681694031,0.42696401169128323,1.0583273915001385,1.2837365865707397
resnet32x12_cifar100_K12_unif2-step_seed0001_d020,114,200,0,0,2,0.3411429231170413,0.897624135017395,0.4908553012674153,0.9477823951837786,1.2139793634414673
resnet32x12_cifar100_K12_unif2-step_seed0001_d020,114,250,0,0,2,0.29378954222892434,0.8729285001754761,0.3420309743251709,1.280880851600454,1.4206699132919312
resnet32x12_cifar100_K12_unif2-step_seed0001_d020,114,300,0,0,2,0.447148943750835,0.8502596616744995,0.4769814458501662,0.960966466451598,1.2133928537368774
resnet32x12_cifar100_K12_unif2-step_seed0001_d020,114,350,0,0,2,0.2338971338589875,0.8890990614891052,0.29968972613705736,1.3550364219866116,1.41640043258667
resnet32x12_cifar100_K12_unif2-step_seed0001_d020,114,400,0,0,2,0.19463833225812888,0.9143075942993164,0.292045114778919,1.2841438549539785,1.3987236022949219
resnet32x12_cifar100_K12_unif2-step_seed0001_d020,114,450,0,0,2,0.3350126665082458,0.8494987487792969,0.34977976117742343,1.079280400021008,1.1737537384033203
resnet32x12_cifar100_K12_unif2-step_seed0001_d020,114,500,0,0,2,0.34729731764625266,0.8708852529525757,0.33802888568567707,1.3137005356206715,1.571264624595642
resnet32x12_cifar100_K12_unif2-step_seed0001_d020,114,550,0,0,2,0.5529251571706353,0.8184396028518677,0.5245340918784555,0.9897583187723974,1.2772070169448853
resnet32x12_cifar100_K12_unif2-step_seed0001_d020,114,600,0,0,2,0.3646859533188629,0.8359941244125366,0.3699348844067978,1.272812859797175,1.3849847316741943
resnet32x12_cifar100_K12_unif2-step_seed0001_d020,114,650,0,0,2,0.2600331231997969,0.9002888798713684,0.3021201491639157,1.2454391242808411,1.452066421508789
resnet32x12_cifar100_K12_unif2-step_seed0001_d020,114,700,0,0,2,0.30983415792223234,0.8782732486724854,0.38697246455418877,1.1867530883080282,1.3804616928100586
resnet32x12_cifar100_K12_unif2-step_seed0001_d020,115,0,0,0,2,0.2812743502283739,0.9026660919189453,0.278524583462606,1.2391071633831403,1.502583622932434
resnet32x12_cifar100_K12_unif2-step_seed0001_d020,115,50,0,0,2,0.39715884628410086,0.8485109806060791,0.3640068745572746,1.320534140137219,1.5724300146102905
resnet32x12_cifar100_K12_unif2-step_seed0001_d020,115,100,0,0,2,0.398815886836864,0.8473739624023438,0.3686575259857276,1.1609400917322075,1.380612850189209
resnet32x12_cifar100_K12_unif2-step_seed0001_d020,115,150,0,0,2,0.4504677924785805,0.7831045985221863,0.47373536600122623,1.030054786947206,1.0666565895080566
resnet32x12_cifar100_K12_unif2-step_seed0001_d020,115,200,0,0,2,0.4805454736286134,0.8190689086914062,0.5282317179490652,0.839159309584773,1.0138683319091797
resnet32x12_cifar100_K12_unif2-step_seed0001_d020,115,250,0,0,2,0.25027340823687294,0.9012451767921448,0.2700189561366624,1.3765567290134246,1.5847996473312378
resnet32x12_cifar100_K12_unif2-step_seed0001_d020,115,300,0,0,2,0.305210399641887,0.8772716522216797,0.35340385773874616,1.2596220659178465,1.4495694637298584
resnet32x12_cifar100_K12_unif2-step_seed0001_d020,115,350,0,0,2,0.3593765622704938,0.8246254920959473,0.29387903641842844,1.2100021195196078,1.2379273176193237
resnet32x12_cifar100_K12_unif2-step_seed0001_d020,115,400,0,0,2,0.2744184997113954,0.8870490193367004,0.33309949935166705,1.2281992494303478,1.3934974670410156
resnet32x12_cifar100_K12_unif2-step_seed0001_d020,115,450,0,0,2,0.2765146742857162,0.8952811360359192,0.3112956798296258,1.2020125261914008,1.4119354486465454
resnet32x12_cifar100_K12_unif2-step_seed0001_d020,115,500,0,0,2,0.2623133756814968,0.8927221298217773,0.35081345062948666,1.0445689523379271,1.1868064403533936
resnet32x12_cifar100_K12_unif2-step_seed0001_d020,115,550,0,0,2,0.36565156353985095,0.8307508230209351,0.3965886817591588,1.2631218256997792,1.347710371017456
resnet32x12_cifar100_K12_unif2-step_seed0001_d020,115,600,0,0,2,0.41979070719800166,0.8267239928245544,0.37195090096615196,1.3013900844134676,1.494086503982544
resnet32x12_cifar100_K12_unif2-step_seed0001_d020,115,650,0,0,2,0.5406892527471646,0.7460240721702576,0.4477450610498061,1.0052069761171551,1.0633673667907715
resnet32x12_cifar100_K12_unif2-step_seed0001_d020,115,700,0,0,2,0.5799681745835836,0.8327640295028687,0.4645904244074226,1.0244035311176671,1.3887858390808105
resnet32x12_cifar100_K12_unif2-step_seed0001_d020,116,0,0,0,2,0.5906033812548626,0.7285603880882263,0.617219068610223,0.9110445591092436,0.98118656873703
resnet32x12_cifar100_K12_unif2-step_seed0001_d020,116,50,0,0,2,0.24553088319760438,0.895585298538208,0.26290439848715436,1.4924477554966415,1.6622414588928223
resnet32x12_cifar100_K12_unif2-step_seed0001_d020,116,100,0,0,2,0.26251501285557693,0.8849689364433289,0.3410554039218494,1.3057640339847472,1.434655785560608
resnet32x12_cifar100_K12_unif2-step_seed0001_d020,116,150,0,0,2,0.4322617814097614,0.8307085037231445,0.37770005477533386,1.168702574394983,1.3796274662017822
resnet32x12_cifar100_K12_unif2-step_seed0001_d020,116,200,0,0,2,0.3022270693976923,0.8652525544166565,0.35343569365936117,1.196708063978655,1.3054155111312866
resnet32x12_cifar100_K12_unif2-step_seed0001_d020,116,250,0,0,2,0.5005414623700296,0.8165085315704346,0.48133677406040193,1.0365274812005987,1.2702056169509888
resnet32x12_cifar100_K12_unif2-step_seed0001_d020,116,300,0,0,2,0.3249567210797147,0.847183346748352,0.40065891503804085,1.079347663537648,1.1373796463012695
resnet32x12_cifar100_K12_unif2-step_seed0001_d020,116,350,0,0,2,0.26627141967427237,0.8906837701797485,0.34291358705821495,1.2488375026528578,1.4171710014343262
resnet32x12_cifar100_K12_unif2-step_seed0001_d020,116,400,0,0,2,0.3346566722824409,0.8555279970169067,0.44941196589883015,1.104480962586639,1.2299147844314575
resnet32x12_cifar100_K12_unif2-step_seed0001_d020,116,450,0,0,2,0.3444329690039476,0.8435420989990234,0.3426945824191814,1.3247320480037383,1.4309451580047607
resnet32x12_cifar100_K12_unif2-step_seed0001_d020,116,500,0,0,2,0.3006633428151207,0.8840497732162476,0.3984478685128549,1.0643990319182743,1.2461639642715454
resnet32x12_cifar100_K12_unif2-step_seed0001_d020,116,550,0,0,2,0.404407883209487,0.8467859029769897,0.3706101973996826,1.2217623334292953,1.4603585004806519
resnet32x12_cifar100_K12_unif2-step_seed0001_d020,116,600,0,0,2,0.3495380406728101,0.885282039642334,0.38864915014676193,1.0942566379435552,1.3681854009628296
resnet32x12_cifar100_K12_unif2-step_seed0001_d020,116,650,0,0,2,0.35704998407938765,0.8502563834190369,0.35061142506801257,1.2277135611167713,1.3910903930664062
resnet32x12_cifar100_K12_unif2-step_seed0001_d020,116,700,0,0,2,0.2785558745664802,0.8934792280197144,0.37282427472686763,1.2328075645744443,1.443268895149231
resnet32x12_cifar100_K12_unif2-step_seed0001_d020,117,0,0,0,2,0.35519900983126024,0.8737354278564453,0.38634132062565146,1.2892604791445779,1.5704965591430664
resnet32x12_cifar100_K12_unif2-step_seed0001_d020,117,50,0,0,2,0.4154631151921982,0.8598402738571167,0.4109795092731386,1.1100811389960303,1.3912335634231567
resnet32x12_cifar100_K12_unif2-step_seed0001_d020,117,100,0,0,2,0.3291348820471796,0.886771559715271,0.307876689465813,1.3712342019157782,1.6819863319396973
resnet32x12_cifar100_K12_unif2-step_seed0001_d020,117,150,0,0,2,0.46868194309762634,0.8375673294067383,0.41490635408561805,1.115384440839435,1.3943663835525513
resnet32x12_cifar100_K12_unif2-step_seed0001_d020,117,200,0,0,2,0.5720293062901471,0.7727758288383484,0.44771224994293607,1.0921748126470483,1.2932766675949097
resnet32x12_cifar100_K12_unif2-step_seed0001_d020,117,250,0,0,2,0.23973459823922152,0.8795897960662842,0.3121520832887672,1.2668586652367924,1.2610363960266113
resnet32x12_cifar100_K12_unif2-step_seed0001_d020,117,300,0,0,2,0.49246535036312017,0.836062490940094,0.3774305488654269,1.2731870627316135,1.6215697526931763
resnet32x12_cifar100_K12_unif2-step_seed0001_d020,117,350,0,0,2,0.20648856724604614,0.9145890474319458,0.3151559493313383,1.216140006444179,1.3643399477005005
resnet32x12_cifar100_K12_unif2-step_seed0001_d020,117,400,0,0,2,0.4913844695863273,0.857084333896637,0.4072185412731486,1.212114316024815,1.6150888204574585
resnet32x12_cifar100_K12_unif2-step_seed0001_d020,117,450,0,0,2,0.41948339135839924,0.8188474774360657,0.35564293289446286,1.2507425486899102,1.3993791341781616
resnet32x12_cifar100_K12_unif2-step_seed0001_d020,117,500,0,0,2,0.22745765393697542,0.9075223803520203,0.2215074065705338,1.6812975596681625,1.9057090282440186
resnet32x12_cifar100_K12_unif2-step_seed0001_d020,117,550,0,0,2,0.4258198556200193,0.8521215915679932,0.42869254691534003,1.1342759774865319,1.4086631536483765
resnet32x12_cifar100_K12_unif2-step_seed0001_d020,117,600,0,0,2,0.34348762194159344,0.855511486530304,0.3695785284588099,1.2209053543424588,1.3797200918197632
resnet32x12_cifar100_K12_unif2-step_seed0001_d020,117,650,0,0,2,0.4599427772771991,0.8273879885673523,0.4472690116947294,1.12581075488043,1.3594588041305542
resnet32x12_cifar100_K12_unif2-step_seed0001_d020,117,700,0,0,2,0.40812000104834245,0.8528403043746948,0.5243824129367812,1.102019032776099,1.3454382419586182
resnet32x12_cifar100_K12_unif2-step_seed0001_d020,118,0,0,0,2,0.3277656694929006,0.8603892922401428,0.3318802480290384,1.2529713124996935,1.404862880706787
resnet32x12_cifar100_K12_unif2-step_seed0001_d020,118,50,0,0,2,0.2546204583531855,0.8967878222465515,0.24292815352000224,1.3497116999610619,1.5378284454345703
resnet32x12_cifar100_K12_unif2-step_seed0001_d020,118,100,0,0,2,0.40079089758960135,0.8337681889533997,0.48095708595037545,1.106129748602904,1.264906883239746
resnet32x12_cifar100_K12_unif2-step_seed0001_d020,118,150,0,0,2,0.29134616802920293,0.8815361857414246,0.3306200186767793,1.1652207724493084,1.3320457935333252
resnet32x12_cifar100_K12_unif2-step_seed0001_d020,118,200,0,0,2,0.3536771711374525,0.884451150894165,0.3717208502445065,1.2330261296785368,1.5451539754867554
resnet32x12_cifar100_K12_unif2-step_seed0001_d020,118,250,0,0,2,0.30731514487666195,0.8682463765144348,0.3199387460133215,1.4390471052740108,1.6053516864776611
resnet32x12_cifar100_K12_unif2-step_seed0001_d020,118,300,0,0,2,0.46115652867711315,0.8447510004043579,0.3761637881904679,1.0479322190897054,1.3233234882354736
resnet32x12_cifar100_K12_unif2-step_seed0001_d020,118,350,0,0,2,0.4153847694117044,0.8070619106292725,0.3558320175199746,1.2536802474421211,1.3356590270996094
resnet32x12_cifar100_K12_unif2-step_seed0001_d020,118,400,0,0,2,0.31012179722824074,0.8982219099998474,0.3794736537703412,1.115765874180064,1.3837329149246216
resnet32x12_cifar100_K12_unif2-step_seed0001_d020,118,450,0,0,2,0.3572026881748659,0.84377121925354,0.36411607660884887,1.2054262817576,1.334093451499939
resnet32x12_cifar100_K12_unif2-step_seed0001_d020,118,500,0,0,2,0.2331254349846529,0.9096454381942749,0.2317641631198813,1.5604390093940148,1.8035176992416382
resnet32x12_cifar100_K12_unif2-step_seed0001_d020,118,550,0,0,2,0.3363027813783299,0.8668153285980225,0.28532223627401204,1.3042066681712323,1.5166738033294678
resnet32x12_cifar100_K12_unif2-step_seed0001_d020,118,600,0,0,2,0.41995816123111007,0.8423662781715393,0.3894326566030724,1.3141932691172709,1.580030918121338
resnet32x12_cifar100_K12_unif2-step_seed0001_d020,118,650,0,0,2,0.4140900511285847,0.8366773128509521,0.33772229643411045,1.4611028893839368,1.7160543203353882
resnet32x12_cifar100_K12_unif2-step_seed0001_d020,118,700,0,0,2,0.40526935326230357,0.8376557230949402,0.4699373534406832,1.1327472536436392,1.3192734718322754
resnet32x12_cifar100_K12_unif2-step_seed0001_d020,119,0,0,0,2,0.39316500001572297,0.8311830163002014,0.3765592828952453,1.1184837983603155,1.2538905143737793
resnet32x12_cifar100_K12_unif2-step_seed0001_d020,119,50,0,0,2,0.3594343242172434,0.8584424257278442,0.39132707159608066,1.1664427928476415,1.363405466079712
resnet32x12_cifar100_K12_unif2-step_seed0001_d020,119,100,0,0,2,0.2655845159643772,0.8841400146484375,0.3759546702982994,1.2924102775672761,1.4237171411514282
resnet32x12_cifar100_K12_unif2-step_seed0001_d020,119,150,0,0,2,0.3183905369190667,0.852921724319458,0.36623953466124737,1.1691893766558104,1.2476245164871216
resnet32x12_cifar100_K12_unif2-step_seed0001_d020,119,200,0,0,2,0.4162342506998265,0.8464953303337097,0.27562520708200655,1.4305520700620062,1.7322514057159424
resnet32x12_cifar100_K12_unif2-step_seed0001_d020,119,250,0,0,2,0.38238117444718317,0.8840608596801758,0.37029949060449513,1.1886359854653983,1.5321062803268433
resnet32x12_cifar100_K12_unif2-step_seed0001_d020,119,300,0,0,2,0.4078255784019197,0.8714612722396851,0.5632971566432378,1.0047304799807477,1.286505103111267
resnet32x12_cifar100_K12_unif2-step_seed0001_d020,119,350,0,0,2,0.3717993121054196,0.8417260050773621,0.35515644912235106,1.194725391087403,1.34418785572052
resnet32x12_cifar100_K12_unif2-step_seed0001_d020,119,400,0,0,2,0.3273751523868761,0.8938676118850708,0.3428512667650268,1.3893089925347695,1.73574697971344
resnet32x12_cifar100_K12_unif2-step_seed0001_d020,119,450,0,0,2,0.335630882571061,0.8419684171676636,0.28335011240442715,1.4026803380447395,1.477047324180603
resnet32x12_cifar100_K12_unif2-step_seed0001_d020,119,500,0,0,2,0.4686699770737687,0.7894620299339294,0.4340583720172416,1.0138928240579215,1.107825517654419
resnet32x12_cifar100_K12_unif2-step_seed0001_d020,119,550,0,0,2,0.3573305945101196,0.8434869647026062,0.39672640194897685,1.117385419906884,1.2355890274047852
resnet32x12_cifar100_K12_unif2-step_seed0001_d020,119,600,0,0,2,0.22523149293559291,0.9145097732543945,0.2816022125775324,1.444413106325702,1.6793056726455688
resnet32x12_cifar100_K12_unif2-step_seed0001_d020,119,650,0,0,2,0.23094088413426309,0.9030323028564453,0.2960970432788976,1.3554772808235243,1.5160449743270874
resnet32x12_cifar100_K12_unif2-step_seed0001_d020,119,700,0,0,2,0.2815833537636258,0.8970524668693542,0.27310300709510515,1.2762905059872607,1.5198043584823608
resnet32x12_cifar100_K12_unif2-step_seed0001_d020,120,0,0,0,2,0.5597412004296284,0.7555563449859619,0.5006509963928081,1.081888347788009,1.2084171772003174
resnet32x12_cifar100_K12_unif2-step_seed0001_d020,120,50,0,0,2,0.7663685886381487,0.8426540493965149,0.5684196931614918,0.9148548636995237,1.402377724647522
resnet32x12_cifar100_K12_unif2-step_seed0001_d020,120,100,0,0,2,0.33379528956908194,0.8830975294113159,0.42997100625622653,0.8936138196046486,1.0904121398925781
resnet32x12_cifar100_K12_unif2-step_seed0001_d020,120,150,0,0,2,0.19010162655016571,0.9220313429832458,0.19112011795126402,1.281724144267276,1.438913106918335
resnet32x12_cifar100_K12_unif2-step_seed0001_d020,120,200,0,0,2,0.27314256015560034,0.897658109664917,0.3029019756045083,1.1904912718317153,1.403122067451477
resnet32x12_cifar100_K12_unif2-step_seed0001_d020,120,250,0,0,2,0.2614357850963502,0.8897495269775391,0.3040967179579663,1.1016491794977703,1.2340253591537476
resnet32x12_cifar100_K12_unif2-step_seed0001_d020,120,300,0,0,2,0.541997820124511,0.797814667224884,0.5253304447132577,0.8756150400165719,1.068525791168213
resnet32x12_cifar100_K12_unif2-step_seed0001_d020,120,350,0,0,2,0.21409672527094972,0.9133734107017517,0.32930623216423904,0.9642992220543066,1.0927963256835938
resnet32x12_cifar100_K12_unif2-step_seed0001_d020,120,400,0,0,2,0.35554866432832144,0.8758171200752258,0.4068491206677249,1.0102590982074173,1.238543152809143
resnet32x12_cifar100_K12_unif2-step_seed0001_d020,120,450,0,0,2,0.19891036245469465,0.9294273853302002,0.25495973247051057,1.2650378713856907,1.4926413297653198
resnet32x12_cifar100_K12_unif2-step_seed0001_d020,120,500,0,0,2,0.6638933767201255,0.738752007484436,0.49787047229794545,0.8949740783837549,1.070948839187622
resnet32x12_cifar100_K12_unif2-step_seed0001_d020,120,550,0,0,2,0.3954916234865435,0.835896372795105,0.43031604151663,0.8138551048808197,0.9301062822341919
resnet32x12_cifar100_K12_unif2-step_seed0001_d020,120,600,0,0,2,0.27801816045177613,0.8608747720718384,0.23776205644512435,1.304757578903614,1.303664207458496
resnet32x12_cifar100_K12_unif2-step_seed0001_d020,120,650,0,0,2,0.28689454417015486,0.8966171741485596,0.32198574322551843,1.0534308965584085,1.2619845867156982
resnet32x12_cifar100_K12_unif2-step_seed0001_d020,120,700,0,0,2,0.3697803614014896,0.8424088954925537,0.3984880136317694,1.0570695891268058,1.1884082555770874
resnet32x12_cifar100_K12_unif2-step_seed0001_d020,121,0,0,0,2,0.4460797710385549,0.8772493004798889,0.4771894276475958,0.94053654048821,1.2618485689163208
resnet32x12_cifar100_K12_unif2-step_seed0001_d020,121,50,0,0,2,0.2732873749277044,0.8835006952285767,0.2981942056224925,1.035075749560036,1.154709815979004
resnet32x12_cifar100_K12_unif2-step_seed0001_d020,121,100,0,0,2,0.5453499840309806,0.8044482469558716,0.4559599286987968,0.7564356772993301,0.9403868913650513
resnet32x12_cifar100_K12_unif2-step_seed0001_d020,121,150,0,0,2,0.35126445438058507,0.8533651232719421,0.32182119353419414,1.0350365911456347,1.1750938892364502
resnet32x12_cifar100_K12_unif2-step_seed0001_d020,121,200,0,0,2,0.6796283190257452,0.7745561599731445,0.5642310536427184,0.8379891433240161,1.092147707939148
resnet32x12_cifar100_K12_unif2-step_seed0001_d020,121,250,0,0,2,0.44482628171751987,0.8398011922836304,0.4794912503851844,0.8336606614662886,1.0230839252471924
resnet32x12_cifar100_K12_unif2-step_seed0001_d020,121,300,0,0,2,0.4185367516188889,0.834821343421936,0.44500458066188747,0.9046930553417247,1.0626709461212158
resnet32x12_cifar100_K12_unif2-step_seed0001_d020,121,350,0,0,2,0.33769424583165825,0.869890034198761,0.3689810218853948,1.1355909802847544,1.3367503881454468
resnet32x12_cifar100_K12_unif2-step_seed0001_d020,121,400,0,0,2,0.49641167216065785,0.8232264518737793,0.40813068621171905,1.0169230455749039,1.261488914489746
resnet32x12_cifar100_K12_unif2-step_seed0001_d020,121,450,0,0,2,0.3643321665619478,0.8463480472564697,0.4915865437181529,0.7690776514376734,0.869300127029419
resnet32x12_cifar100_K12_unif2-step_seed0001_d020,121,500,0,0,2,0.3834110703910011,0.8299829959869385,0.39558282320682314,0.901272224226324,0.9903518557548523
resnet32x12_cifar100_K12_unif2-step_seed0001_d020,121,550,0,0,2,0.4980375567936928,0.8300822973251343,0.4406080236354549,0.8572525865277162,1.0823695659637451
resnet32x12_cifar100_K12_unif2-step_seed0001_d020,121,600,0,0,2,0.3477740439910583,0.8472102880477905,0.48376037684747564,0.8627245044152239,0.9517720341682434
resnet32x12_cifar100_K12_unif2-step_seed0001_d020,121,650,0,0,2,0.70031475172156,0.7799789905548096,0.5579729648985872,0.8138670791102265,1.0869768857955933
resnet32x12_cifar100_K12_unif2-step_seed0001_d020,121,700,0,0,2,0.255570025128939,0.9024384021759033,0.3225085955646275,1.1598400879670683,1.3534727096557617
resnet32x12_cifar100_K12_unif2-step_seed0001_d020,122,0,0,0,2,0.21294415723327562,0.8891631364822388,0.2868097396648676,1.0000756950339957,0.9488601088523865
resnet32x12_cifar100_K12_unif2-step_seed0001_d020,122,50,0,0,2,0.504938740048609,0.8700528144836426,0.43138711712343175,0.8921632031875256,1.23283052444458
resnet32x12_cifar100_K12_unif2-step_seed0001_d020,122,100,0,0,2,0.534509603927092,0.7788217067718506,0.36555994264496544,1.194491933770647,1.378943681716919
resnet32x12_cifar100_K12_unif2-step_seed0001_d020,122,150,0,0,2,0.4487000050166799,0.7858617305755615,0.5037338552330158,1.0294713952720937,1.0740556716918945
resnet32x12_cifar100_K12_unif2-step_seed0001_d020,122,200,0,0,2,0.5366372001495058,0.7838882207870483,0.52807293489525,0.7979776196484513,0.9357302784919739
resnet32x12_cifar100_K12_unif2-step_seed0001_d020,122,250,0,0,2,0.4299134461629348,0.7966248393058777,0.40546651707882586,0.9714750601609909,1.0206722021102905
resnet32x12_cifar100_K12_unif2-step_seed0001_d020,122,300,0,0,2,0.4240217374376913,0.8525407314300537,0.3496442075753012,0.9217794983098363,1.1438652276992798
resnet32x12_cifar100_K12_unif2-step_seed0001_d020,122,350,0,0,2,0.3280841160438846,0.8745683431625366,0.36385994824708884,0.9302683706584077,1.0972065925598145
resnet32x12_cifar100_K12_unif2-step_seed0001_d020,122,400,0,0,2,0.32498088997889496,0.8538101315498352,0.37739887400686356,0.9893180625470436,1.074528455734253
resnet32x12_cifar100_K12_unif2-step_seed0001_d020,122,450,0,0,2,0.2803568496373322,0.8758637309074402,0.3570853264996953,1.0991097055232433,1.2022006511688232
resnet32x12_cifar100_K12_unif2-step_seed0001_d020,122,500,0,0,2,0.2693234907873317,0.9089964628219604,0.27467920586048494,1.1794257473602894,1.4367599487304688
resnet32x12_cifar100_K12_unif2-step_seed0001_d020,122,550,0,0,2,0.4091790046522921,0.8247253894805908,0.32812544481904843,1.0345555127802701,1.162469744682312
resnet32x12_cifar100_K12_unif2-step_seed0001_d020,122,600,0,0,2,0.4422918271235871,0.7881790399551392,0.37112818085232685,1.0090254943243064,1.049594759941101
resnet32x12_cifar100_K12_unif2-step_seed0001_d020,122,650,0,0,2,0.3865728132064937,0.838919460773468,0.5516800981773003,0.9351128066957968,1.0655765533447266
resnet32x12_cifar100_K12_unif2-step_seed0001_d020,122,700,0,0,2,0.35682952008518865,0.8536292910575867,0.361382759884919,1.2321258044198147,1.4120831489562988
resnet32x12_cifar100_K12_unif2-step_seed0001_d020,123,0,0,0,2,0.34680270665109103,0.8680001497268677,0.3583852324389154,0.9203508029084758,1.0902352333068848
resnet32x12_cifar100_K12_unif2-step_seed0001_d020,123,50,0,0,2,0.535508702142284,0.8113672733306885,0.4033242860917361,1.0554475094615443,1.3210229873657227
resnet32x12_cifar100_K12_unif2-step_seed0001_d020,123,100,0,0,2,0.26886781082339123,0.8707864284515381,0.3606156686331082,0.9945176764174004,1.0298418998718262
resnet32x12_cifar100_K12_unif2-step_seed0001_d020,123,150,0,0,2,0.2837907483723564,0.8683940172195435,0.2802968710618226,1.2069597439124857,1.2830833196640015
resnet32x12_cifar100_K12_unif2-step_seed0001_d020,123,200,0,0,2,0.42273074630396584,0.8338651061058044,0.3805980968478459,0.9587086205337331,1.1288468837738037
resnet32x12_cifar100_K12_unif2-step_seed0001_d020,123,250,0,0,2,0.43214305940821246,0.8482984304428101,0.449118869556028,0.9585337463849835,1.1865246295928955
resnet32x12_cifar100_K12_unif2-step_seed0001_d020,123,300,0,0,2,0.22576414315826254,0.9162485003471375,0.29028230701288976,1.209510060341459,1.417230248451233
resnet32x12_cifar100_K12_unif2-step_seed0001_d020,123,350,0,0,2,0.48537513644545,0.817630410194397,0.5527154309436183,0.8874796153131832,1.0737833976745605
resnet32x12_cifar100_K12_unif2-step_seed0001_d020,123,400,0,0,2,0.543674522881872,0.7854452133178711,0.41854430111842167,0.9433653142201108,1.1190134286880493
resnet32x12_cifar100_K12_unif2-step_seed0001_d020,123,450,0,0,2,0.30551689347240024,0.8747726678848267,0.3694125457203225,1.1351604989294566,1.2949343919754028
resnet32x12_cifar100_K12_unif2-step_seed0001_d020,123,500,0,0,2,0.5227147383396928,0.8383743762969971,0.5210030865180506,0.972169654802578,1.2767833471298218
resnet32x12_cifar100_K12_unif2-step_seed0001_d020,123,550,0,0,2,0.32695861410193283,0.8700320720672607,0.318742167127875,1.0499231741819328,1.2176086902618408
resnet32x12_cifar100_K12_unif2-step_seed0001_d020,123,600,0,0,2,0.3695551135389758,0.8607532978057861,0.350018518764231,1.046946508897506,1.2491072416305542
resnet32x12_cifar100_K12_unif2-step_seed0001_d020,123,650,0,0,2,0.5930177828305931,0.8259055614471436,0.5584956368663089,0.770992769472132,1.0411802530288696
resnet32x12_cifar100_K12_unif2-step_seed0001_d020,123,700,0,0,2,0.2351542098371474,0.9188888072967529,0.27608073857484916,1.2978161533597306,1.5585029125213623
resnet32x12_cifar100_K12_unif2-step_seed0001_d020,124,0,0,0,2,0.30388700006460656,0.8773874044418335,0.3521847871073566,0.9192837001919476,1.0561256408691406
resnet32x12_cifar100_K12_unif2-step_seed0001_d020,124,50,0,0,2,0.40798982695335134,0.8448055982589722,0.377710528961972,1.0789693207643842,1.2879024744033813
resnet32x12_cifar100_K12_unif2-step_seed0001_d020,124,100,0,0,2,0.25930341678671714,0.9151095747947693,0.2966644543694041,1.1908649152799415,1.460146188735962
resnet32x12_cifar100_K12_unif2-step_seed0001_d020,124,150,0,0,2,0.18667330865021317,0.9078140258789062,0.22591158380706436,1.4835781166896176,1.5009866952896118
resnet32x12_cifar100_K12_unif2-step_seed0001_d020,124,200,0,0,2,0.3871051307241218,0.8739769458770752,0.39092351459490476,1.127744135931655,1.4237632751464844
resnet32x12_cifar100_K12_unif2-step_seed0001_d020,124,250,0,0,2,0.49176710584181854,0.8396285176277161,0.5063938599708683,0.8658110201814794,1.1109964847564697
resnet32x12_cifar100_K12_unif2-step_seed0001_d020,124,300,0,0,2,0.3695640369476168,0.855341911315918,0.45610039430032406,0.8753187075976686,1.0271167755126953
resnet32x12_cifar100_K12_unif2-step_seed0001_d020,124,350,0,0,2,0.3732609626605188,0.8446694612503052,0.36457142156577843,1.086925907533166,1.2381877899169922
resnet32x12_cifar100_K12_unif2-step_seed0001_d020,124,400,0,0,2,0.6090877290077639,0.7599540948867798,0.44266057923903634,0.9012536734771993,1.0742466449737549
resnet32x12_cifar100_K12_unif2-step_seed0001_d020,124,450,0,0,2,0.3103764151742441,0.9054995775222778,0.3242869486349392,1.0066602166918672,1.274914026260376
resnet32x12_cifar100_K12_unif2-step_seed0001_d020,124,500,0,0,2,0.36793727472025606,0.8562071323394775,0.33546376372727427,1.222761155768033,1.4355902671813965
resnet32x12_cifar100_K12_unif2-step_seed0001_d020,124,550,0,0,2,0.6186281906796554,0.7679721713066101,0.43105328560157197,1.007857388228622,1.23411226272583
resnet32x12_cifar100_K12_unif2-step_seed0001_d020,124,600,0,0,2,0.20131839781725253,0.9162582755088806,0.2305588301691541,1.383928828964561,1.5477397441864014
resnet32x12_cifar100_K12_unif2-step_seed0001_d020,124,650,0,0,2,0.3978918921156032,0.8441868424415588,0.4385858113466142,1.0462055058287212,1.2310357093811035
resnet32x12_cifar100_K12_unif2-step_seed0001_d020,124,700,0,0,2,0.2554220193008302,0.8811566829681396,0.3780654187342431,0.9528558382291721,1.0096917152404785
resnet32x12_cifar100_K12_unif2-step_seed0001_d020,125,0,0,0,2,0.33198176357201004,0.8636088371276855,0.33729695847445923,1.1758853701497862,1.3434945344924927
resnet32x12_cifar100_K12_unif2-step_seed0001_d020,125,50,0,0,2,0.2574270122557283,0.901070773601532,0.28381918493085756,1.3310930634170053,1.549958348274231
resnet32x12_cifar100_K12_unif2-step_seed0001_d020,125,100,0,0,2,0.41812614877828047,0.8198222517967224,0.49036151605277245,0.948058341341657,1.0620278120040894
resnet32x12_cifar100_K12_unif2-step_seed0001_d020,125,150,0,0,2,0.34765168806528407,0.8564868569374084,0.43873269736314924,0.9603922467771581,1.0962687730789185
resnet32x12_cifar100_K12_unif2-step_seed0001_d020,125,200,0,0,2,0.48208834774567566,0.7713819742202759,0.46214022628381624,0.8532865378343983,0.8951693177223206
resnet32x12_cifar100_K12_unif2-step_seed0001_d020,125,250,0,0,2,0.28718565768283677,0.8794956207275391,0.3090002362637457,1.0879789963721431,1.2249177694320679
resnet32x12_cifar100_K12_unif2-step_seed0001_d020,125,300,0,0,2,0.2655293987186635,0.8792485594749451,0.29297627583216435,1.2766028072199016,1.3732881546020508
resnet32x12_cifar100_K12_unif2-step_seed0001_d020,125,350,0,0,2,0.42122008167579256,0.8638029098510742,0.4277649920418382,0.8946254630637266,1.1387853622436523
resnet32x12_cifar100_K12_unif2-step_seed0001_d020,125,400,0,0,2,0.44494494245238797,0.8366876840591431,0.2850065484247719,1.1577872805094573,1.4095655679702759
resnet32x12_cifar100_K12_unif2-step_seed0001_d020,125,450,0,0,2,0.3318294468879064,0.8698885440826416,0.3344676842046787,1.1156216832386796,1.3024189472198486
resnet32x12_cifar100_K12_unif2-step_seed0001_d020,125,500,0,0,2,0.33634039316835385,0.8546939492225647,0.3914218868029563,1.1779807672824982,1.3113664388656616
resnet32x12_cifar100_K12_unif2-step_seed0001_d020,125,550,0,0,2,0.6497538971642041,0.7543016672134399,0.5334502003935658,0.9674747441073254,1.1822365522384644
resnet32x12_cifar100_K12_unif2-step_seed0001_d020,125,600,0,0,2,0.3903711529487929,0.8662793040275574,0.36078388726106353,1.0650286037561845,1.3222616910934448
resnet32x12_cifar100_K12_unif2-step_seed0001_d020,125,650,0,0,2,0.39042808643984067,0.8166278004646301,0.45642734866411444,0.9963650203152887,1.0521823167800903
resnet32x12_cifar100_K12_unif2-step_seed0001_d020,125,700,0,0,2,0.3347326955703622,0.8867923021316528,0.44601534542842647,0.9587100504841665,1.1838477849960327
resnet32x12_cifar100_K12_unif2-step_seed0001_d020,126,0,0,0,2,0.39994070465420833,0.8266327381134033,0.4306360249599518,1.235606098715469,1.3779290914535522
resnet32x12_cifar100_K12_unif2-step_seed0001_d020,126,50,0,0,2,0.5264123100775656,0.7727894186973572,0.3956250399972353,0.9587903418875307,1.0780444145202637
resnet32x12_cifar100_K12_unif2-step_seed0001_d020,126,100,0,0,2,0.4052682287853132,0.8557997941970825,0.3110742349945476,1.1214755800354752,1.3758569955825806
resnet32x12_cifar100_K12_unif2-step_seed0001_d020,126,150,0,0,2,0.43130668322273513,0.8304587602615356,0.4341302213789022,0.9557127609022864,1.1260815858840942
resnet32x12_cifar100_K12_unif2-step_seed0001_d020,126,200,0,0,2,0.4649489871778692,0.7966892719268799,0.5386630859127151,1.0142219241804735,1.1282035112380981
resnet32x12_cifar100_K12_unif2-step_seed0001_d020,126,250,0,0,2,0.2877074131297029,0.8650757074356079,0.2958689969786462,1.376049811401443,1.4517030715942383
resnet32x12_cifar100_K12_unif2-step_seed0001_d020,126,300,0,0,2,0.4768278305324945,0.8827089667320251,0.410136757805422,1.0506944585075861,1.4590743780136108
resnet32x12_cifar100_K12_unif2-step_seed0001_d020,126,350,0,0,2,0.32109818648522087,0.9137365818023682,0.32648994246447044,1.142774776913685,1.495573878288269
resnet32x12_cifar100_K12_unif2-step_seed0001_d020,126,400,0,0,2,0.2785446418984718,0.8740369081497192,0.358480544682303,0.9777161764538439,1.0560858249664307
resnet32x12_cifar100_K12_unif2-step_seed0001_d020,126,450,0,0,2,0.29186232997380424,0.8858622908592224,0.32799822214800867,1.3219888191731421,1.5370169878005981
resnet32x12_cifar100_K12_unif2-step_seed0001_d020,126,500,0,0,2,0.5950202433375057,0.7668009996414185,0.5187486343003737,0.8550073781726895,1.0213836431503296
resnet32x12_cifar100_K12_unif2-step_seed0001_d020,126,550,0,0,2,0.24023747212684174,0.8837815523147583,0.2633268327429853,1.2689076931675949,1.3066598176956177
resnet32x12_cifar100_K12_unif2-step_seed0001_d020,126,600,0,0,2,0.4068564456066961,0.816255509853363,0.37001874953171854,1.3271359070445297,1.4421719312667847
resnet32x12_cifar100_K12_unif2-step_seed0001_d020,126,650,0,0,2,0.291310549615025,0.8937551379203796,0.326363032915793,1.22177604216033,1.4587228298187256
resnet32x12_cifar100_K12_unif2-step_seed0001_d020,126,700,0,0,2,0.6997060261262286,0.7254071235656738,0.5580245152443992,0.9845665033951994,1.1821881532669067
resnet32x12_cifar100_K12_unif2-step_seed0001_d020,127,0,0,0,2,0.3191581978664142,0.8695888519287109,0.3460539118160458,1.1813128056052256,1.3515108823776245
resnet32x12_cifar100_K12_unif2-step_seed0001_d020,127,50,0,0,2,0.4977316634753847,0.7773663997650146,0.4344914153561914,1.0001790363259022,1.0969845056533813
resnet32x12_cifar100_K12_unif2-step_seed0001_d020,127,100,0,0,2,0.26296580755480936,0.8714674711227417,0.30359229988880865,1.2706678730964605,1.2976131439208984
resnet32x12_cifar100_K12_unif2-step_seed0001_d020,127,150,0,0,2,0.2549310817360802,0.8655415177345276,0.2651723623524677,1.2271593427621295,1.1406688690185547
resnet32x12_cifar100_K12_unif2-step_seed0001_d020,127,200,0,0,2,0.35107537665765803,0.8492931127548218,0.39259652214737095,1.073209753405497,1.2001893520355225
resnet32x12_cifar100_K12_unif2-step_seed0001_d020,127,250,0,0,2,0.48647922438126806,0.8216568827629089,0.4490945495169784,1.0791643081305418,1.320520281791687
resnet32x12_cifar100_K12_unif2-step_seed0001_d020,127,300,0,0,2,0.6395200529540611,0.7492944002151489,0.399592946011044,1.2054060083404419,1.4435731172561646
resnet32x12_cifar100_K12_unif2-step_seed0001_d020,127,350,0,0,2,0.2555184493482896,0.8939186334609985,0.3674644724348409,1.1811332685326699,1.3318508863449097
resnet32x12_cifar100_K12_unif2-step_seed0001_d020,127,400,0,0,2,0.3963075382836792,0.8243768215179443,0.4460563667545579,1.2078351056943193,1.3284797668457031
resnet32x12_cifar100_K12_unif2-step_seed0001_d020,127,450,0,0,2,0.16722094199604373,0.9184747934341431,0.2092659711922422,1.2592499379803066,1.2875574827194214
resnet32x12_cifar100_K12_unif2-step_seed0001_d020,127,500,0,0,2,0.42394433544855104,0.8547692894935608,0.38508656143958264,1.1272542937825774,1.4067336320877075
resnet32x12_cifar100_K12_unif2-step_seed0001_d020,127,550,0,0,2,0.23593393882211938,0.9035629630088806,0.33197043721900965,1.1265705060740516,1.2757123708724976
resnet32x12_cifar100_K12_unif2-step_seed0001_d020,127,600,0,0,2,0.3751012394128064,0.8580962419509888,0.48966310788720885,1.0909431408856778,1.3003040552139282
resnet32x12_cifar100_K12_unif2-step_seed0001_d020,127,650,0,0,2,0.405859923966909,0.8605460524559021,0.3821180693123413,1.0232692900590867,1.2720954418182373
resnet32x12_cifar100_K12_unif2-step_seed0001_d020,127,700,0,0,2,0.30794583410756815,0.8788959980010986,0.29169834241627446,1.1853187002094772,1.3778760433197021
resnet32x12_cifar100_K12_unif2-step_seed0001_d020,128,0,0,0,2,0.5403242218736702,0.8017603158950806,0.5204985229938104,0.9326590483692666,1.146903395652771
resnet32x12_cifar100_K12_unif2-step_seed0001_d020,128,50,0,0,2,0.36218517715744447,0.8703358173370361,0.3632109346407106,1.1361431224316516,1.3818556070327759
resnet32x12_cifar100_K12_unif2-step_seed0001_d020,128,100,0,0,2,0.25521621399346595,0.8754346370697021,0.4102579218820471,1.0862281465252643,1.110571026802063
resnet32x12_cifar100_K12_unif2-step_seed0001_d020,128,150,0,0,2,0.5965946883976382,0.8137340545654297,0.6616013797914069,0.947759566371236,1.2533328533172607
resnet32x12_cifar100_K12_unif2-step_seed0001_d020,128,200,0,0,2,0.36849592242021795,0.8517334461212158,0.3905443106315061,1.0613852431140316,1.2293381690979004
resnet32x12_cifar100_K12_unif2-step_seed0001_d020,128,250,0,0,2,0.21708317029897,0.9041519165039062,0.2119437838832213,1.4214517151974229,1.5495134592056274
resnet32x12_cifar100_K12_unif2-step_seed0001_d020,128,300,0,0,2,0.24578555834403648,0.9247100353240967,0.2518299423872615,1.492002785319574,1.853540062904358
resnet32x12_cifar100_K12_unif2-step_seed0001_d020,128,350,0,0,2,0.6282739514480925,0.6908150911331177,0.6348638964538796,0.8612959806019179,0.8747510313987732
resnet32x12_cifar100_K12_unif2-step_seed0001_d020,128,400,0,0,2,0.2653169894176732,0.8920083045959473,0.2552219635158705,1.1111069712296822,1.2655304670333862
resnet32x12_cifar100_K12_unif2-step_seed0001_d020,128,450,0,0,2,0.24250332331063956,0.8927302360534668,0.29233962305094136,1.3175582599245044,1.4379862546920776
resnet32x12_cifar100_K12_unif2-step_seed0001_d020,128,500,0,0,2,0.40187264572839676,0.8173596858978271,0.549529732398087,0.9441666081443381,1.0214369297027588
resnet32x12_cifar100_K12_unif2-step_seed0001_d020,128,550,0,0,2,0.34232499864946464,0.8872531652450562,0.3232014291066504,1.2795994058732243,1.5958830118179321
resnet32x12_cifar100_K12_unif2-step_seed0001_d020,128,600,0,0,2,0.39770143249934653,0.8323983550071716,0.30348556605266297,1.3933868841819614,1.5792330503463745
resnet32x12_cifar100_K12_unif2-step_seed0001_d020,128,650,0,0,2,0.6526579876062252,0.8459324836730957,0.3843072907931338,1.047583041666393,1.5219039916992188
resnet32x12_cifar100_K12_unif2-step_seed0001_d020,128,700,0,0,2,0.31394820757010283,0.8581363558769226,0.3491196216378534,1.1182573437823773,1.2105313539505005
resnet32x12_cifar100_K12_unif2-step_seed0001_d020,129,0,0,0,2,0.3347099617818237,0.8682371377944946,0.35117439189732874,1.1405084628836832,1.3296085596084595
resnet32x12_cifar100_K12_unif2-step_seed0001_d020,129,50,0,0,2,0.2641716122866903,0.8871127367019653,0.3519945904803327,1.213869151622506,1.3513461351394653
resnet32x12_cifar100_K12_unif2-step_seed0001_d020,129,100,0,0,2,0.24417660664922428,0.876464307308197,0.31198550542994274,1.1674647439865318,1.1530681848526
resnet32x12_cifar100_K12_unif2-step_seed0001_d020,129,150,0,0,2,0.49793996673920826,0.8093586564064026,0.4192429080330669,0.9692012904721028,1.1635380983352661
resnet32x12_cifar100_K12_unif2-step_seed0001_d020,129,200,0,0,2,0.3177119701950398,0.8372336626052856,0.3059881883560921,1.2505828928876876,1.2179186344146729
resnet32x12_cifar100_K12_unif2-step_seed0001_d020,129,250,0,0,2,0.43997471356434786,0.8728712797164917,0.5265324852405698,1.0017004456645426,1.3244291543960571
resnet32x12_cifar100_K12_unif2-step_seed0001_d020,129,300,0,0,2,0.2688508070661892,0.880638599395752,0.3471207167678075,1.3557363460358982,1.4795050621032715
resnet32x12_cifar100_K12_unif2-step_seed0001_d020,129,350,0,0,2,0.4430933120046352,0.7944424748420715,0.3898174412489884,1.0656994164400024,1.1369929313659668
resnet32x12_cifar100_K12_unif2-step_seed0001_d020,129,400,0,0,2,0.5420067664038736,0.8331477642059326,0.4327111614625365,0.9798832699290092,1.2925562858581543
resnet32x12_cifar100_K12_unif2-step_seed0001_d020,129,450,0,0,2,0.3495635456845332,0.8558592796325684,0.3832964783865984,1.1039835520120298,1.261099934577942
resnet32x12_cifar100_K12_unif2-step_seed0001_d020,129,500,0,0,2,0.3455494830645371,0.8551516532897949,0.37339484928203465,1.0872313112717067,1.231116771697998
resnet32x12_cifar100_K12_unif2-step_seed0001_d020,129,550,0,0,2,0.44375191479716053,0.8297500610351562,0.4258793981543479,1.2082730420735457,1.4419463872909546
resnet32x12_cifar100_K12_unif2-step_seed0001_d020,129,600,0,0,2,0.37937015738092966,0.841354489326477,0.32067322710449747,1.147093732800347,1.303937554359436
resnet32x12_cifar100_K12_unif2-step_seed0001_d020,129,650,0,0,2,0.5439993236464674,0.8494793176651001,0.5387904319022576,1.0372308634778475,1.4156720638275146
resnet32x12_cifar100_K12_unif2-step_seed0001_d020,129,700,0,0,2,0.23527387308136002,0.8845629692077637,0.3867878987240204,1.2480320220684304,1.2701222896575928
resnet32x12_cifar100_K12_unif2-step_seed0001_d020,130,0,0,0,2,0.46165280567164646,0.8295227289199829,0.4030578963099689,1.1679101629458313,1.4207772016525269
resnet32x12_cifar100_K12_unif2-step_seed0001_d020,130,50,0,0,2,0.29901736779981014,0.8972744941711426,0.27585037712717503,1.4957332326110853,1.8247188329696655
resnet32x12_cifar100_K12_unif2-step_seed0001_d020,130,100,0,0,2,0.31012270658223534,0.8877434134483337,0.33951122848073106,1.267220797965575,1.5220969915390015
resnet32x12_cifar100_K12_unif2-step_seed0001_d020,130,150,0,0,2,0.38781989799732686,0.8328364491462708,0.4175140267351304,1.1434719143693106,1.2786386013031006
resnet32x12_cifar100_K12_unif2-step_seed0001_d020,130,200,0,0,2,0.2933211487624855,0.8878298997879028,0.2782306644938854,1.4034152811789293,1.6467987298965454
resnet32x12_cifar100_K12_unif2-step_seed0001_d020,130,250,0,0,2,0.4062337795397252,0.8965185284614563,0.5505060246538602,0.8493416901625955,1.150648593902588
resnet32x12_cifar100_K12_unif2-step_seed0001_d020,130,300,0,0,2,0.4649656257907412,0.8391399383544922,0.5110444209293409,0.9466035711950096,1.1836177110671997
resnet32x12_cifar100_K12_unif2-step_seed0001_d020,130,350,0,0,2,0.37782999291607333,0.846602737903595,0.49886455366789983,1.0325845117595853,1.1917251348495483
resnet32x12_cifar100_K12_unif2-step_seed0001_d020,130,400,0,0,2,0.40007065312660156,0.8524413704872131,0.37705165037942606,1.1938954848867667,1.4427374601364136
resnet32x12_cifar100_K12_unif2-step_seed0001_d020,130,450,0,0,2,0.4172683850527101,0.8689702749252319,0.38241994347585423,1.2410653281772523,1.593719482421875
resnet32x12_cifar100_K12_unif2-step_seed0001_d020,130,500,0,0,2,0.5158748150584646,0.8372213840484619,0.4152341310243586,1.220764060979076,1.590478777885437
resnet32x12_cifar100_K12_unif2-step_seed0001_d020,130,550,0,0,2,0.32008010597234504,0.8835704326629639,0.29452924773837685,1.4930842236667035,1.7932298183441162
resnet32x12_cifar100_K12_unif2-step_seed0001_d020,130,600,0,0,2,0.3217887357482039,0.8423553705215454,0.3035779796086612,1.515537062777933,1.5449652671813965
resnet32x12_cifar100_K12_unif2-step_seed0001_d020,130,650,0,0,2,0.4550398591722248,0.8192884922027588,0.39265077196498754,1.0757255944265687,1.263588309288025
resnet32x12_cifar100_K12_unif2-step_seed0001_d020,130,700,0,0,2,0.8449087187462804,0.7476260662078857,0.6168441865817741,0.8559313006975644,1.1838563680648804
resnet32x12_cifar100_K12_unif2-step_seed0001_d020,131,0,0,0,2,0.5347821623150991,0.8094340562820435,0.5434337849046171,0.9604736387079676,1.1960629224777222
resnet32x12_cifar100_K12_unif2-step_seed0001_d020,131,50,0,0,2,0.348739765256224,0.8688284158706665,0.335207469820643,1.3983921491206135,1.665068507194519
resnet32x12_cifar100_K12_unif2-step_seed0001_d020,131,100,0,0,2,0.517938286492664,0.8368437886238098,0.4656844128444031,1.1666317434987636,1.5213013887405396
resnet32x12_cifar100_K12_unif2-step_seed0001_d020,131,150,0,0,2,0.37834107207172707,0.8170579075813293,0.3606599971069582,1.368951063325014,1.4118791818618774
resnet32x12_cifar100_K12_unif2-step_seed0001_d020,131,200,0,0,2,0.3559394079375769,0.8434760570526123,0.34276896876060936,1.2418454257033489,1.369847297668457
resnet32x12_cifar100_K12_unif2-step_seed0001_d020,131,250,0,0,2,0.291630460096621,0.8815601468086243,0.2856111052470629,1.2488689550765686,1.4284776449203491
resnet32x12_cifar100_K12_unif2-step_seed0001_d020,131,300,0,0,2,0.9392154571092475,0.7149375677108765,0.5228950129278991,1.0630787787686122,1.4734480381011963
resnet32x12_cifar100_K12_unif2-step_seed0001_d020,131,350,0,0,2,0.24477341044217968,0.9007889032363892,0.31857322877082983,1.1202730903450702,1.274693489074707
resnet32x12_cifar100_K12_unif2-step_seed0001_d020,131,400,0,0,2,0.6429774730701815,0.7596430778503418,0.4718195685572889,1.0120756484507227,1.2435598373413086
resnet32x12_cifar100_K12_unif2-step_seed0001_d020,131,450,0,0,2,0.43099272290008184,0.81219083070755,0.44874629936870586,1.1653624067517063,1.2973589897155762
resnet32x12_cifar100_K12_unif2-step_seed0001_d020,131,500,0,0,2,0.35012842516002984,0.8471513986587524,0.377664845956689,0.9345482451923833,1.0350350141525269
resnet32x12_cifar100_K12_unif2-step_seed0001_d020,131,550,0,0,2,0.5174341900450878,0.8265621066093445,0.3996312524344083,1.0735901259037874,1.3682794570922852
resnet32x12_cifar100_K12_unif2-step_seed0001_d020,131,600,0,0,2,0.45676018626264614,0.8832964897155762,0.3576790657302195,1.2410638393393527,1.7003756761550903
resnet32x12_cifar100_K12_unif2-step_seed0001_d020,131,650,0,0,2,0.24327609750934784,0.8875175714492798,0.2755691185979966,1.359121891003788,1.4454017877578735
resnet32x12_cifar100_K12_unif2-step_seed0001_d020,131,700,0,0,2,0.2689015225115441,0.893774151802063,0.3097404108468919,1.4194330058639564,1.6380695104599
resnet32x12_cifar100_K12_unif2-step_seed0001_d020,132,0,0,0,2,0.44296075627642295,0.8485252857208252,0.3718149465718118,1.1193153018676718,1.4016103744506836
resnet32x12_cifar100_K12_unif2-step_seed0001_d020,132,50,0,0,2,0.48827577530207306,0.8054082989692688,0.3381785673723228,1.116662602393502,1.3126225471496582
resnet32x12_cifar100_K12_unif2-step_seed0001_d020,132,100,0,0,2,0.5052253753538758,0.7742707133293152,0.3488795179870217,1.373514673627495,1.5079489946365356
resnet32x12_cifar100_K12_unif2-step_seed0001_d020,132,150,0,0,2,0.40666988648630514,0.8496301770210266,0.46902838143422754,1.052963996148519,1.2721455097198486
resnet32x12_cifar100_K12_unif2-step_seed0001_d020,132,200,0,0,2,0.2205086510567124,0.907728374004364,0.2831935833764632,1.3959200058783021,1.5615183115005493
resnet32x12_cifar100_K12_unif2-step_seed0001_d020,132,250,0,0,2,0.15351753282234787,0.9255828857421875,0.2249866056498923,1.5042662350712197,1.5444036722183228
resnet32x12_cifar100_K12_unif2-step_seed0001_d020,132,300,0,0,2,0.2957982511170413,0.8921012878417969,0.3220325746282979,1.3764175563888752,1.6445814371109009
resnet32x12_cifar100_K12_unif2-step_seed0001_d020,132,350,0,0,2,0.4624413602690007,0.8297711610794067,0.5579986242141453,1.0670316769510662,1.2999742031097412
resnet32x12_cifar100_K12_unif2-step_seed0001_d020,132,400,0,0,2,0.2777839966407629,0.8966051340103149,0.27157254154769805,1.3470946095296819,1.5928186178207397
resnet32x12_cifar100_K12_unif2-step_seed0001_d020,132,450,0,0,2,0.17292662338564196,0.9247329831123352,0.26295699893366337,1.2429736067163326,1.3576217889785767
resnet32x12_cifar100_K12_unif2-step_seed0001_d020,132,500,0,0,2,0.4846165632465303,0.8313266038894653,0.46788942893174046,1.120588554304536,1.4013149738311768
resnet32x12_cifar100_K12_unif2-step_seed0001_d020,132,550,0,0,2,0.3022056439726918,0.8793672323226929,0.43840182370086006,1.065069737456974,1.2292250394821167
resnet32x12_cifar100_K12_unif2-step_seed0001_d020,132,600,0,0,2,0.5371648871226743,0.7556484937667847,0.4666931537439209,1.0791757963719801,1.170409083366394
resnet32x12_cifar100_K12_unif2-step_seed0001_d020,132,650,0,0,2,0.20600442506477687,0.9229984283447266,0.24913758185039023,1.5024378357783785,1.7483659982681274
resnet32x12_cifar100_K12_unif2-step_seed0001_d020,132,700,0,0,2,0.3006282929063583,0.8808556795120239,0.30211129234677053,1.6889284234202009,1.9549438953399658
resnet32x12_cifar100_K12_unif2-step_seed0001_d020,133,0,0,0,2,0.31160108606491316,0.8565603494644165,0.2576723698208638,1.2899615302744547,1.3794732093811035
resnet32x12_cifar100_K12_unif2-step_seed0001_d020,133,50,0,0,2,0.4981902571164643,0.7909390926361084,0.6285340627843403,0.9086572967637668,1.0383731126785278
resnet32x12_cifar100_K12_unif2-step_seed0001_d020,133,100,0,0,2,0.3934547591524678,0.8516976237297058,0.35077220143845167,0.9921873798520473,1.1870872974395752
resnet32x12_cifar100_K12_unif2-step_seed0001_d020,133,150,0,0,2,0.3574007777831598,0.8654013872146606,0.3855686155400443,1.2029527813403655,1.4332809448242188
resnet32x12_cifar100_K12_unif2-step_seed0001_d020,133,200,0,0,2,0.39452866684544147,0.8284810781478882,0.3700040077270389,1.1910216163992515,1.3255201578140259
resnet32x12_cifar100_K12_unif2-step_seed0001_d020,133,250,0,0,2,0.516141980803464,0.8192100524902344,0.37890432618325337,1.103322996358094,1.3812837600708008
resnet32x12_cifar100_K12_unif2-step_seed0001_d020,133,300,0,0,2,0.5855789824461328,0.8609569072723389,0.3778673717574424,1.105119845592852,1.5832428932189941
resnet32x12_cifar100_K12_unif2-step_seed0001_d020,133,350,0,0,2,0.5255861189978587,0.7944822311401367,0.4770200534208874,1.1105455482413262,1.3220454454421997
resnet32x12_cifar100_K12_unif2-step_seed0001_d020,133,400,0,0,2,0.5940740982474825,0.8174827098846436,0.513823825202202,0.9479529335434128,1.2604795694351196
resnet32x12_cifar100_K12_unif2-step_seed0001_d020,133,450,0,0,2,0.6330347292242551,0.7036950588226318,0.5818082813633708,1.1381191790210363,1.2084267139434814
resnet32x12_cifar100_K12_unif2-step_seed0001_d020,133,500,0,0,2,0.3805532607002913,0.830121636390686,0.3546661713038262,1.3065273994232671,1.4293992519378662
resnet32x12_cifar100_K12_unif2-step_seed0001_d020,133,550,0,0,2,0.570216681176378,0.8040515184402466,0.5871326712167092,1.0835952747777045,1.3757094144821167
resnet32x12_cifar100_K12_unif2-step_seed0001_d020,133,600,0,0,2,0.4058240034713487,0.838666558265686,0.42007645494701035,1.1103946137281155,1.2981611490249634
resnet32x12_cifar100_K12_unif2-step_seed0001_d020,133,650,0,0,2,0.34627638538455396,0.8833880424499512,0.3399314611200826,1.3066402600662794,1.619277834892273
resnet32x12_cifar100_K12_unif2-step_seed0001_d020,133,700,0,0,2,0.39060850749069875,0.8321576118469238,0.34492498261186366,1.161779789709533,1.301680326461792
resnet32x12_cifar100_K12_unif2-step_seed0001_d020,134,0,0,0,2,0.5687543384586304,0.839292049407959,0.48063347722310545,1.0583217595185939,1.4413753747940063
resnet32x12_cifar100_K12_unif2-step_seed0001_d020,134,50,0,0,2,0.5311529109199733,0.7420531511306763,0.41115088676771505,1.1671354963981322,1.1998770236968994
resnet32x12_cifar100_K12_unif2-step_seed0001_d020,134,100,0,0,2,0.31755951101236046,0.8752536773681641,0.3613337581883795,1.1475598881038729,1.3362640142440796
resnet32x12_cifar100_K12_unif2-step_seed0001_d020,134,150,0,0,2,0.2163961631133746,0.908548891544342,0.25872096355100654,1.3667422196198364,1.5213745832443237
resnet32x12_cifar100_K12_unif2-step_seed0001_d020,134,200,0,0,2,0.5785791986721859,0.8046174049377441,0.3973692583880608,1.2083109765889428,1.5466378927230835
resnet32x12_cifar100_K12_unif2-step_seed0001_d020,134,250,0,0,2,0.27884850790484156,0.8558313846588135,0.26696105885364746,1.3541597317249057,1.3028544187545776
resnet32x12_cifar100_K12_unif2-step_seed0001_d020,134,300,0,0,2,0.33685509517976475,0.8516592979431152,0.33971919391899247,1.408591292342646,1.5508811473846436
resnet32x12_cifar100_K12_unif2-step_seed0001_d020,134,350,0,0,2,0.7073954079965717,0.8371524810791016,0.464792639543383,1.1203321468487348,1.6536920070648193
resnet32x12_cifar100_K12_unif2-step_seed0001_d020,134,400,0,0,2,0.30291516024974197,0.8796188831329346,0.3213904552224881,1.2294436105065596,1.4218103885650635
resnet32x12_cifar100_K12_unif2-step_seed0001_d020,134,450,0,0,2,0.4152130965075166,0.8045305013656616,0.4256556799424788,1.3034840589981826,1.3745176792144775
resnet32x12_cifar100_K12_unif2-step_seed0001_d020,134,500,0,0,2,0.37604979991003307,0.838848888874054,0.3461879699023115,1.2779817067151897,1.4328621625900269
resnet32x12_cifar100_K12_unif2-step_seed0001_d020,134,550,0,0,2,0.31519741421766106,0.8620328903198242,0.2637119301545184,1.5732966673479478,1.736106038093567
resnet32x12_cifar100_K12_unif2-step_seed0001_d020,134,600,0,0,2,0.39169671407149753,0.8353686332702637,0.40548294727039924,1.3194756197453195,1.4970731735229492
resnet32x12_cifar100_K12_unif2-step_seed0001_d020,134,650,0,0,2,0.4672128901489893,0.8413049578666687,0.30757200381251165,1.3141973056660516,1.6554195880889893
resnet32x12_cifar100_K12_unif2-step_seed0001_d020,134,700,0,0,2,0.5291292895399218,0.8123841285705566,0.41624533543489545,1.0680991349233113,1.3321731090545654
resnet32x12_cifar100_K12_unif2-step_seed0001_d020,135,0,0,0,2,0.21852037854383838,0.8914003372192383,0.2537228153529968,1.3753576680476147,1.3835010528564453
resnet32x12_cifar100_K12_unif2-step_seed0001_d020,135,50,0,0,2,0.3487794687596129,0.8513991832733154,0.43225830103046203,1.1748957039828798,1.3191763162612915
resnet32x12_cifar100_K12_unif2-step_seed0001_d020,135,100,0,0,2,0.5221742645446605,0.8004150390625,0.4090914911474577,1.2617089238684713,1.5190316438674927
resnet32x12_cifar100_K12_unif2-step_seed0001_d020,135,150,0,0,2,0.5560551846595787,0.7999907732009888,0.4217093521352932,1.381791508368128,1.7172284126281738
resnet32x12_cifar100_K12_unif2-step_seed0001_d020,135,200,0,0,2,0.5367864489050244,0.8185297846794128,0.5075594358516607,1.069701082776932,1.3620051145553589
resnet32x12_cifar100_K12_unif2-step_seed0001_d020,135,250,0,0,2,0.25689652496000026,0.8751894235610962,0.3110896125478008,1.3174029915001522,1.3521322011947632
resnet32x12_cifar100_K12_unif2-step_seed0001_d020,135,300,0,0,2,0.30395676443259984,0.8585281372070312,0.3259247115171424,1.3947228051703784,1.4799129962921143
resnet32x12_cifar100_K12_unif2-step_seed0001_d020,135,350,0,0,2,0.5866530047437898,0.7700673341751099,0.5593644626279207,1.0618794255784683,1.2678062915802002
resnet32x12_cifar100_K12_unif2-step_seed0001_d020,135,400,0,0,2,0.5391490807811216,0.848751425743103,0.43538643833607027,1.2386824382137893,1.6823662519454956
resnet32x12_cifar100_K12_unif2-step_seed0001_d020,135,450,0,0,2,0.4224408521724123,0.8906446099281311,0.48318019814800434,1.1641268616363147,1.5774704217910767
resnet32x12_cifar100_K12_unif2-step_seed0001_d020,135,500,0,0,2,0.319831569229988,0.8571264743804932,0.3556862601144813,1.4109268407746416,1.5387189388275146
resnet32x12_cifar100_K12_unif2-step_seed0001_d020,135,550,0,0,2,0.3644870437471037,0.8863393068313599,0.4603543492479865,1.0549213291503832,1.3437026739120483
resnet32x12_cifar100_K12_unif2-step_seed0001_d020,135,600,0,0,2,0.4504408748645316,0.8052355051040649,0.3782318504927679,1.2536951285436853,1.4036771059036255
resnet32x12_cifar100_K12_unif2-step_seed0001_d020,135,650,0,0,2,0.4389005183605079,0.8203384876251221,0.5119831299112777,1.126384466021209,1.3007336854934692
resnet32x12_cifar100_K12_unif2-step_seed0001_d020,135,700,0,0,2,0.2918860038762588,0.8887567520141602,0.2540658139166123,1.6492361872847638,1.937389612197876
resnet32x12_cifar100_K12_unif2-step_seed0001_d020,136,0,0,0,2,0.40204780033617427,0.820165753364563,0.4383403140531298,1.2476569627772942,1.3643313646316528
resnet32x12_cifar100_K12_unif2-step_seed0001_d020,136,50,0,0,2,0.491200023830683,0.8650262355804443,0.44809401080324296,1.2396452217787581,1.6789549589157104
resnet32x12_cifar100_K12_unif2-step_seed0001_d020,136,100,0,0,2,0.44372689574491525,0.8540300130844116,0.42500268604813446,1.2574061809602064,1.5970011949539185
resnet32x12_cifar100_K12_unif2-step_seed0001_d020,136,150,0,0,2,0.40553768324830414,0.8119502067565918,0.38693647963671496,1.3183722601366856,1.4060574769973755
resnet32x12_cifar100_K12_unif2-step_seed0001_d020,136,200,0,0,2,0.212680059017618,0.9131240844726562,0.26673369146313014,1.3426519831435677,1.5154588222503662
resnet32x12_cifar100_K12_unif2-step_seed0001_d020,136,250,0,0,2,0.4006329589070141,0.8457858562469482,0.36223773886390165,1.209980543468828,1.4354649782180786
resnet32x12_cifar100_K12_unif2-step_seed0001_d020,136,300,0,0,2,0.300388566445747,0.8811671733856201,0.36690294159699766,1.1253756319879173,1.3036072254180908
resnet32x12_cifar100_K12_unif2-step_seed0001_d020,136,350,0,0,2,0.292519277923399,0.8711661696434021,0.38867871690488187,1.2268764312782432,1.3471001386642456
resnet32x12_cifar100_K12_unif2-step_seed0001_d020,136,400,0,0,2,0.7209556218117742,0.8194440603256226,0.43887488942085573,1.2373735729332231,1.7891156673431396
resnet32x12_cifar100_K12_unif2-step_seed0001_d020,136,450,0,0,2,0.4502876434847942,0.8312414884567261,0.44789009166461236,1.2080515280779944,1.458207607269287
resnet32x12_cifar100_K12_unif2-step_seed0001_d020,136,500,0,0,2,0.3156370114923747,0.8979797959327698,0.2998408198596716,1.5469149189431766,1.9294230937957764
resnet32x12_cifar100_K12_unif2-step_seed0001_d020,136,550,0,0,2,0.41265686897596826,0.8546004891395569,0.33440787914172493,1.255818747520332,1.548113226890564
resnet32x12_cifar100_K12_unif2-step_seed0001_d020,136,600,0,0,2,0.36552520054716386,0.8390237092971802,0.4695990235433999,1.2560693259817959,1.3849742412567139
resnet32x12_cifar100_K12_unif2-step_seed0001_d020,136,650,0,0,2,0.34903981457893535,0.8715152740478516,0.3670200086430921,1.2877897510588165,1.5466713905334473
resnet32x12_cifar100_K12_unif2-step_seed0001_d020,136,700,0,0,2,0.20638361710974465,0.9152193665504456,0.38357130812826346,1.2088438084838056,1.3599555492401123
resnet32x12_cifar100_K12_unif2-step_seed0001_d020,137,0,0,0,2,0.20608299859006404,0.9128565192222595,0.2613753325256797,1.6257353366012786,1.8067206144332886
resnet32x12_cifar100_K12_unif2-step_seed0001_d020,137,50,0,0,2,0.30864500233534836,0.8770471215248108,0.3896907177875933,1.364416922791501,1.5773688554763794
resnet32x12_cifar100_K12_unif2-step_seed0001_d020,137,100,0,0,2,0.26616734072306125,0.8762046098709106,0.26416168876855795,1.5334230690419537,1.6259334087371826
resnet32x12_cifar100_K12_unif2-step_seed0001_d020,137,150,0,0,2,0.28395992773137957,0.8778882026672363,0.3142860495629788,1.3947724633275447,1.550507664680481
resnet32x12_cifar100_K12_unif2-step_seed0001_d020,137,200,0,0,2,0.4373873709843379,0.840706467628479,0.45537326539644485,1.1299222710131411,1.378968358039856
resnet32x12_cifar100_K12_unif2-step_seed0001_d020,137,250,0,0,2,0.2665877828602679,0.8865670561790466,0.4067702165975203,1.428998103456193,1.594604253768921
resnet32x12_cifar100_K12_unif2-step_seed0001_d020,137,300,0,0,2,0.274269192995477,0.8736708164215088,0.4048577003458206,1.2510283055202103,1.335472822189331
resnet32x12_cifar100_K12_unif2-step_seed0001_d020,137,350,0,0,2,0.31455192917316305,0.8715133666992188,0.4397386197124496,1.149505015285547,1.3146929740905762
resnet32x12_cifar100_K12_unif2-step_seed0001_d020,137,400,0,0,2,0.512431379981448,0.8273066282272339,0.45118023092227816,1.1949026365000295,1.5187269449234009
resnet32x12_cifar100_K12_unif2-step_seed0001_d020,137,450,0,0,2,0.35733578148580086,0.8670189380645752,0.34416392999181983,1.0986724710723945,1.315394401550293
resnet32x12_cifar100_K12_unif2-step_seed0001_d020,137,500,0,0,2,0.4301156298444797,0.8389260172843933,0.35995686921370385,1.3956972691658398,1.681628704071045
resnet32x12_cifar100_K12_unif2-step_seed0001_d020,137,550,0,0,2,0.30464342712592635,0.8829979300498962,0.3897143683571558,1.2258198913746599,1.438367486000061
resnet32x12_cifar100_K12_unif2-step_seed0001_d020,137,600,0,0,2,0.375716179399923,0.8328627943992615,0.3788377159173803,1.3537325334346766,1.4840391874313354
resnet32x12_cifar100_K12_unif2-step_seed0001_d020,137,650,0,0,2,0.5817896758779402,0.8192030191421509,0.4832687437454755,1.174649882403073,1.552978515625
resnet32x12_cifar100_K12_unif2-step_seed0001_d020,137,700,0,0,2,0.3571427912256255,0.8712354302406311,0.370960471452449,1.4818901545836909,1.7962106466293335
resnet32x12_cifar100_K12_unif2-step_seed0001_d020,138,0,0,0,2,0.4529670251660041,0.8296548128128052,0.5146312331916175,1.1400631082367017,1.3743985891342163
resnet32x12_cifar100_K12_unif2-step_seed0001_d020,138,50,0,0,2,0.42138101088553437,0.8606992959976196,0.44566567577087973,1.1174799396327288,1.4118468761444092
resnet32x12_cifar100_K12_unif2-step_seed0001_d020,138,100,0,0,2,0.36205847920629114,0.8640573620796204,0.3899344981421644,1.304937144625612,1.5576821565628052
resnet32x12_cifar100_K12_unif2-step_seed0001_d020,138,150,0,0,2,0.3397202204930042,0.8659216165542603,0.360814000496812,1.0803284173995045,1.258750081062317
resnet32x12_cifar100_K12_unif2-step_seed0001_d020,138,200,0,0,2,0.3372623474227752,0.9119004011154175,0.3893399143131764,1.5358886524710398,2.0316479206085205
resnet32x12_cifar100_K12_unif2-step_seed0001_d020,138,250,0,0,2,0.39025471208476326,0.8419944047927856,0.4784268277521121,1.228889784366135,1.4217875003814697
resnet32x12_cifar100_K12_unif2-step_seed0001_d020,138,300,0,0,2,0.212354929788022,0.9168479442596436,0.32246489061337374,1.3245005800009033,1.519187569618225
resnet32x12_cifar100_K12_unif2-step_seed0001_d020,138,350,0,0,2,0.43972623684407425,0.8304581046104431,0.43138446788645907,1.1325038621007146,1.3478631973266602
resnet32x12_cifar100_K12_unif2-step_seed0001_d020,138,400,0,0,2,0.3972151635822934,0.8305219411849976,0.3943557942676118,1.3619858672911425,1.5328454971313477
resnet32x12_cifar100_K12_unif2-step_seed0001_d020,138,450,0,0,2,0.39139372340596484,0.8616303205490112,0.4175315098720322,1.3941236910188368,1.7111722230911255
resnet32x12_cifar100_K12_unif2-step_seed0001_d020,138,500,0,0,2,0.31418126216291353,0.8722650408744812,0.3890670089658049,1.4346497515658547,1.6443614959716797
resnet32x12_cifar100_K12_unif2-step_seed0001_d020,138,550,0,0,2,0.289655572170211,0.8793847560882568,0.2766408006353317,1.402175170626589,1.5849196910858154
resnet32x12_cifar100_K12_unif2-step_seed0001_d020,138,600,0,0,2,0.36425160286349645,0.8809022307395935,0.31568668255772975,1.357500208508667,1.704190731048584
resnet32x12_cifar100_K12_unif2-step_seed0001_d020,138,650,0,0,2,0.3537353839918843,0.8595309853553772,0.3697395527343638,1.4975160058492392,1.7426838874816895
resnet32x12_cifar100_K12_unif2-step_seed0001_d020,138,700,0,0,2,0.3702711158897939,0.8212027549743652,0.3760603734656065,1.3063429876932633,1.34879469871521
resnet32x12_cifar100_K12_unif2-step_seed0001_d020,139,0,0,0,2,0.43397753105887665,0.8539565801620483,0.42446741344123057,1.0025668579029678,1.261189579963684
resnet32x12_cifar100_K12_unif2-step_seed0001_d020,139,50,0,0,2,0.2097425401945457,0.9095510244369507,0.27685989251525606,1.3358228310790712,1.4720388650894165
resnet32x12_cifar100_K12_unif2-step_seed0001_d020,139,100,0,0,2,0.25242041594249515,0.9254428148269653,0.2530413124771943,1.6067266061426246,2.0170679092407227
resnet32x12_cifar100_K12_unif2-step_seed0001_d020,139,150,0,0,2,0.3071012482129878,0.866455078125,0.3130561535020989,1.5353020751648891,1.6995270252227783
resnet32x12_cifar100_K12_unif2-step_seed0001_d020,139,200,0,0,2,0.25026218055897265,0.900393545627594,0.32796789564326706,1.461775350774599,1.6771178245544434
resnet32x12_cifar100_K12_unif2-step_seed0001_d020,139,250,0,0,2,0.26784780571631367,0.8913027048110962,0.3792633638523011,1.3837002420826467,1.5785789489746094
resnet32x12_cifar100_K12_unif2-step_seed0001_d020,139,300,0,0,2,0.2534539984763582,0.8875501155853271,0.306881296287268,1.555871637149026,1.6967180967330933
resnet32x12_cifar100_K12_unif2-step_seed0001_d020,139,350,0,0,2,0.39117188889860205,0.8690975904464722,0.4381546750090447,1.2781486191933908,1.6000556945800781
resnet32x12_cifar100_K12_unif2-step_seed0001_d020,139,400,0,0,2,0.23551997265881888,0.9015417098999023,0.3210084396010555,1.4360138218036527,1.610214114189148
resnet32x12_cifar100_K12_unif2-step_seed0001_d020,139,450,0,0,2,0.31421366106004056,0.8703930377960205,0.31329381293695474,1.3319101138702072,1.5161718130111694
resnet32x12_cifar100_K12_unif2-step_seed0001_d020,139,500,0,0,2,0.3906043768214193,0.9007353782653809,0.39307844260821656,1.2857961713736563,1.735953450202942
resnet32x12_cifar100_K12_unif2-step_seed0001_d020,139,550,0,0,2,0.540466318558654,0.7816578149795532,0.5317118281612645,1.3074022476824714,1.5307458639144897
resnet32x12_cifar100_K12_unif2-step_seed0001_d020,139,600,0,0,2,0.24392857340430413,0.8889103531837463,0.24958819774220706,1.7119118341756747,1.837815523147583
resnet32x12_cifar100_K12_unif2-step_seed0001_d020,139,650,0,0,2,0.3103693076064028,0.8696354627609253,0.3614294577491004,1.3861512648262786,1.5632646083831787
resnet32x12_cifar100_K12_unif2-step_seed0001_d020,139,700,0,0,2,0.2771682498558704,0.8964935541152954,0.35030530614366295,1.2992717243526823,1.5342686176300049
resnet32x12_cifar100_K12_unif2-step_seed0001_d020,140,0,0,0,2,0.5530891356033903,0.7854411005973816,0.48073364694690807,1.2164343329037905,1.4569963216781616
resnet32x12_cifar100_K12_unif2-step_seed0001_d020,140,50,0,0,2,0.18485569002779775,0.9390381574630737,0.2341742058926495,1.5664500090082818,1.875355839729309
resnet32x12_cifar100_K12_unif2-step_seed0001_d020,140,100,0,0,2,0.4665076739186751,0.795732855796814,0.45320651408210666,1.4485783151531144,1.6100709438323975
resnet32x12_cifar100_K12_unif2-step_seed0001_d020,140,150,0,0,2,0.23272488237625702,0.890427827835083,0.32951450072619964,1.3524714594172433,1.4206169843673706
resnet32x12_cifar100_K12_unif2-step_seed0001_d020,140,200,0,0,2,0.42501117469654603,0.8691986799240112,0.4375484064001195,1.1744551673799843,1.5198298692703247
resnet32x12_cifar100_K12_unif2-step_seed0001_d020,140,250,0,0,2,0.3670276500205971,0.8780877590179443,0.2998973755294315,1.3719153048562183,1.7144277095794678
resnet32x12_cifar100_K12_unif2-step_seed0001_d020,140,300,0,0,2,0.30213990516001854,0.8741827011108398,0.2881450083361987,1.407482285464323,1.592902660369873
resnet32x12_cifar100_K12_unif2-step_seed0001_d020,140,350,0,0,2,0.24433224371289475,0.9286481142044067,0.3467066224745952,1.54333406783403,1.9373899698257446
resnet32x12_cifar100_K12_unif2-step_seed0001_d020,140,400,0,0,2,0.27851550676135256,0.8756216764450073,0.3246728785657168,1.3783483484289083,1.500045895576477
resnet32x12_cifar100_K12_unif2-step_seed0001_d020,140,450,0,0,2,0.4147815088748331,0.8628247976303101,0.4724046154707931,1.175231044454939,1.4830052852630615
resnet32x12_cifar100_K12_unif2-step_seed0001_d020,140,500,0,0,2,0.3925305021651976,0.8235962390899658,0.3694012047413216,1.3868927322636253,1.5113755464553833
resnet32x12_cifar100_K12_unif2-step_seed0001_d020,140,550,0,0,2,0.4571544982899928,0.8089579939842224,0.5131047737443617,1.1594870335823217,1.3252651691436768
resnet32x12_cifar100_K12_unif2-step_seed0001_d020,140,600,0,0,2,0.3805980015479616,0.8325655460357666,0.3737850308998576,1.1641437578962346,1.2854007482528687
resnet32x12_cifar100_K12_unif2-step_seed0001_d020,140,650,0,0,2,0.3500354916898348,0.8386451005935669,0.3739566477775946,1.1077614991751927,1.1849122047424316
resnet32x12_cifar100_K12_unif2-step_seed0001_d020,140,700,0,0,2,0.519525822209957,0.7958691716194153,0.4422429669190804,1.2939543410651995,1.5358415842056274
resnet32x12_cifar100_K12_unif2-step_seed0001_d020,141,0,0,0,2,0.5286422361093479,0.8652945756912231,0.4012174973738878,1.329737996488449,1.850942611694336
resnet32x12_cifar100_K12_unif2-step_seed0001_d020,141,50,0,0,2,0.3341848499515442,0.8642328977584839,0.41522317121756397,1.473880815208674,1.6934654712677002
resnet32x12_cifar100_K12_unif2-step_seed0001_d020,141,100,0,0,2,0.3184851362185184,0.8945740461349487,0.3195598988770772,1.4125115757020577,1.7503451108932495
resnet32x12_cifar100_K12_unif2-step_seed0001_d020,141,150,0,0,2,0.42217406846771216,0.8381446003913879,0.38882519460758835,1.3994641078777177,1.667066216468811
resnet32x12_cifar100_K12_unif2-step_seed0001_d020,141,200,0,0,2,0.29117727459579734,0.8842189311981201,0.2048198308556197,1.5202795701415481,1.755074381828308
resnet32x12_cifar100_K12_unif2-step_seed0001_d020,141,250,0,0,2,0.2332347038367698,0.8999030590057373,0.3140931588322806,1.4861156497224486,1.6457427740097046
resnet32x12_cifar100_K12_unif2-step_seed0001_d020,141,300,0,0,2,0.3202780967190909,0.8906683325767517,0.35900610593078125,1.5738575712712466,1.9321731328964233
resnet32x12_cifar100_K12_unif2-step_seed0001_d020,141,350,0,0,2,0.2171875700500505,0.9202587604522705,0.27054700907579665,1.6306503070521159,1.9133511781692505
resnet32x12_cifar100_K12_unif2-step_seed0001_d020,141,400,0,0,2,0.3234122908601019,0.8854804635047913,0.30479840304382916,1.5972643233937898,1.9380146265029907
resnet32x12_cifar100_K12_unif2-step_seed0001_d020,141,450,0,0,2,0.37710934133711194,0.863534152507782,0.2886813231742045,1.6315750470543893,1.980672001838684
resnet32x12_cifar100_K12_unif2-step_seed0001_d020,141,500,0,0,2,0.34380630060163236,0.9184005856513977,0.24246610044489209,1.788968146222353,2.417151927947998
resnet32x12_cifar100_K12_unif2-step_seed0001_d020,141,550,0,0,2,0.20223871077013514,0.9119226932525635,0.2898886452975984,1.6614580861951431,1.8207658529281616
resnet32x12_cifar100_K12_unif2-step_seed0001_d020,141,600,0,0,2,0.3479194322200648,0.8684453964233398,0.411536355088711,1.267678890131891,1.5060052871704102
resnet32x12_cifar100_K12_unif2-step_seed0001_d020,141,650,0,0,2,0.23931970372827707,0.8918984532356262,0.3295449656009769,1.4043098205054605,1.5144823789596558
resnet32x12_cifar100_K12_unif2-step_seed0001_d020,141,700,0,0,2,0.22233167170429705,0.9043140411376953,0.2665411156724669,1.7150066880521126,1.8944004774093628
resnet32x12_cifar100_K12_unif2-step_seed0001_d020,142,0,0,0,2,0.3305911787738416,0.8386452198028564,0.23848668055905814,1.6414640188604877,1.6789073944091797
resnet32x12_cifar100_K12_unif2-step_seed0001_d020,142,50,0,0,2,0.19851831778049256,0.9218050241470337,0.22738857846968402,1.5033856171921103,1.7160369157791138
resnet32x12_cifar100_K12_unif2-step_seed0001_d020,142,100,0,0,2,0.4038601863630504,0.8559504747390747,0.5131556006511275,1.2523369877585677,1.5346447229385376
resnet32x12_cifar100_K12_unif2-step_seed0001_d020,142,150,0,0,2,0.3831108944330095,0.8305056095123291,0.28173837674790075,1.3878313785773002,1.5271884202957153
resnet32x12_cifar100_K12_unif2-step_seed0001_d020,142,200,0,0,2,0.36292076679482116,0.8506709337234497,0.43852239092213013,1.2829487401841844,1.4688289165496826
resnet32x12_cifar100_K12_unif2-step_seed0001_d020,142,250,0,0,2,0.661180294914143,0.8189699649810791,0.5115849768844353,1.0496735246914206,1.4643689393997192
resnet32x12_cifar100_K12_unif2-step_seed0001_d020,142,300,0,0,2,0.22125778893346135,0.9068585634231567,0.32807998654016485,1.5017529417453364,1.6756336688995361
resnet32x12_cifar100_K12_unif2-step_seed0001_d020,142,350,0,0,2,0.31040188207087105,0.853134036064148,0.2945988743948111,1.3479540509675756,1.4135781526565552
resnet32x12_cifar100_K12_unif2-step_seed0001_d020,142,400,0,0,2,0.4928216895617562,0.8214136362075806,0.37544323116595935,1.3251800198891943,1.630942463874817
resnet32x12_cifar100_K12_unif2-step_seed0001_d020,142,450,0,0,2,0.33982508986939575,0.8350808620452881,0.43224923170169943,1.3224552080613132,1.3593717813491821
resnet32x12_cifar100_K12_unif2-step_seed0001_d020,142,500,0,0,2,0.3238129046522472,0.8895450830459595,0.35417340007664055,1.524407102677698,1.873212456703186
resnet32x12_cifar100_K12_unif2-step_seed0001_d020,142,550,0,0,2,0.7695689136903305,0.6986597776412964,0.528884022095171,0.9934184330985155,1.1983563899993896
resnet32x12_cifar100_K12_unif2-step_seed0001_d020,142,600,0,0,2,0.504302985852297,0.7874388694763184,0.5024334580065778,0.9476320796692532,1.0803862810134888
resnet32x12_cifar100_K12_unif2-step_seed0001_d020,142,650,0,0,2,0.3170313227802711,0.852813720703125,0.3047235504942589,1.6061588484137834,1.707897663116455
resnet32x12_cifar100_K12_unif2-step_seed0001_d020,142,700,0,0,2,0.26798034910963436,0.8827273845672607,0.28312859061873796,1.7022429815879632,1.8723911046981812
resnet32x12_cifar100_K12_unif2-step_seed0001_d020,143,0,0,0,2,0.38898826377369805,0.841495931148529,0.391302076869585,1.2718422850354325,1.4665745496749878
resnet32x12_cifar100_K12_unif2-step_seed0001_d020,143,50,0,0,2,0.3553985828512352,0.844321608543396,0.4866764757806652,1.2478429302323606,1.3796422481536865
resnet32x12_cifar100_K12_unif2-step_seed0001_d020,143,100,0,0,2,0.312850873069132,0.8568007349967957,0.3261073277398886,1.5140331600090315,1.6253141164779663
resnet32x12_cifar100_K12_unif2-step_seed0001_d020,143,150,0,0,2,0.3390173711285543,0.883908748626709,0.31376715058564775,1.3569464200770194,1.6700878143310547
resnet32x12_cifar100_K12_unif2-step_seed0001_d020,143,200,0,0,2,0.3761489929140043,0.8608764410018921,0.37028212720843995,1.2874097922120586,1.5491467714309692
resnet32x12_cifar100_K12_unif2-step_seed0001_d020,143,250,0,0,2,0.24576763750729366,0.9031834602355957,0.2888640956112007,1.450345899168156,1.6696258783340454
resnet32x12_cifar100_K12_unif2-step_seed0001_d020,143,300,0,0,2,0.4060865875722497,0.8151029348373413,0.2945747505052707,1.391336837485092,1.5034540891647339
resnet32x12_cifar100_K12_unif2-step_seed0001_d020,143,350,0,0,2,0.3654037368194379,0.8421346545219421,0.4563554285266826,1.2025989026262411,1.3412039279937744
resnet32x12_cifar100_K12_unif2-step_seed0001_d020,143,400,0,0,2,0.2868380415808594,0.8676631450653076,0.27715099794593223,1.695677265355831,1.8090418577194214
resnet32x12_cifar100_K12_unif2-step_seed0001_d020,143,450,0,0,2,0.4626647422410067,0.8234205842018127,0.7649513123039636,1.0234122236785064,1.2265616655349731
resnet32x12_cifar100_K12_unif2-step_seed0001_d020,143,500,0,0,2,0.5151759128353777,0.8606330156326294,0.47737506516021516,1.098843295809333,1.5015298128128052
resnet32x12_cifar100_K12_unif2-step_seed0001_d020,143,550,0,0,2,0.35701291522875084,0.849693775177002,0.4315947721801529,1.104069015695331,1.2484254837036133
resnet32x12_cifar100_K12_unif2-step_seed0001_d020,143,600,0,0,2,0.3102433089428838,0.8765308856964111,0.3783836343863731,1.3241803999217272,1.5318092107772827
resnet32x12_cifar100_K12_unif2-step_seed0001_d020,143,650,0,0,2,0.22878653608449998,0.9210795164108276,0.2670447036938716,1.4437860624755345,1.7309285402297974
resnet32x12_cifar100_K12_unif2-step_seed0001_d020,143,700,0,0,2,0.42734866125243753,0.8580420017242432,0.42822203031085954,1.2718729342507122,1.6057372093200684
resnet32x12_cifar100_K12_unif2-step_seed0001_d020,144,0,0,0,2,0.3301426703559376,0.8922935724258423,0.36409923689442136,1.4161349963154313,1.7669451236724854
resnet32x12_cifar100_K12_unif2-step_seed0001_d020,144,50,0,0,2,0.3411993096627618,0.90369713306427,0.30179647687675715,1.819183654472844,2.366799831390381
resnet32x12_cifar100_K12_unif2-step_seed0001_d020,144,100,0,0,2,0.558076638753405,0.8106086254119873,0.5016204784023366,1.1023096567311814,1.4048553705215454
resnet32x12_cifar100_K12_unif2-step_seed0001_d020,144,150,0,0,2,0.5010577500502996,0.768966794013977,0.6164325701621413,1.0790068295698418,1.157652735710144
resnet32x12_cifar100_K12_unif2-step_seed0001_d020,144,200,0,0,2,0.44490585948597233,0.8348180055618286,0.4011955944334873,1.5279928325764585,1.8510375022888184
resnet32x12_cifar100_K12_unif2-step_seed0001_d020,144,250,0,0,2,0.5335649817524366,0.7611544132232666,0.4053099493465416,1.1059918463408143,1.2134852409362793
resnet32x12_cifar100_K12_unif2-step_seed0001_d020,144,300,0,0,2,0.27404910031863344,0.9122185111045837,0.3344853107699192,1.5072648234724357,1.8661283254623413
resnet32x12_cifar100_K12_unif2-step_seed0001_d020,144,350,0,0,2,0.5380966677754874,0.8015475273132324,0.4926150617032534,1.2068147434263354,1.480144739151001
resnet32x12_cifar100_K12_unif2-step_seed0001_d020,144,400,0,0,2,0.29411105784025166,0.8719995021820068,0.33672768060489644,1.519999846157267,1.680268406867981
resnet32x12_cifar100_K12_unif2-step_seed0001_d020,144,450,0,0,2,0.3531720207489079,0.8315820693969727,0.33481841667518514,1.6334694448835472,1.7037208080291748
resnet32x12_cifar100_K12_unif2-step_seed0001_d020,144,500,0,0,2,0.4063875825264224,0.8801716566085815,0.3164267593012327,1.5658748039098704,2.044590711593628
resnet32x12_cifar100_K12_unif2-step_seed0001_d020,144,550,0,0,2,0.49674868418100376,0.7748173475265503,0.5336483583704038,1.3479834118000709,1.4644641876220703
resnet32x12_cifar100_K12_unif2-step_seed0001_d020,144,600,0,0,2,0.19735760229203755,0.9120227098464966,0.32042515695149254,1.6068194200124208,1.7397608757019043
resnet32x12_cifar100_K12_unif2-step_seed0001_d020,144,650,0,0,2,0.29990140934457094,0.8680515289306641,0.3364394921034532,1.5935945622060295,1.751627802848816
resnet32x12_cifar100_K12_unif2-step_seed0001_d020,144,700,0,0,2,0.5404440122554048,0.810630738735199,0.4665164605492618,1.3009507352369691,1.632842779159546
resnet32x12_cifar100_K12_unif2-step_seed0001_d020,145,0,0,0,2,0.38890561880124613,0.8325743079185486,0.44515231995077453,1.3039278114323498,1.45919930934906
resnet32x12_cifar100_K12_unif2-step_seed0001_d020,145,50,0,0,2,0.390351093697829,0.8232783079147339,0.365558640595552,1.4660501217359994,1.5896546840667725
resnet32x12_cifar100_K12_unif2-step_seed0001_d020,145,100,0,0,2,0.5559105222418855,0.8171060085296631,0.4579415960951957,1.4417016365058386,1.8597100973129272
resnet32x12_cifar100_K12_unif2-step_seed0001_d020,145,150,0,0,2,0.3325242844375735,0.8622562885284424,0.4385008201287565,1.3127256381132266,1.4938241243362427
resnet32x12_cifar100_K12_unif2-step_seed0001_d020,145,200,0,0,2,0.25406219551069703,0.8796687126159668,0.23325857396749472,1.909294948366967,1.9983441829681396
resnet32x12_cifar100_K12_unif2-step_seed0001_d020,145,250,0,0,2,0.34257048011968405,0.8334606885910034,0.3044581903132417,1.464764564917037,1.503441333770752
resnet32x12_cifar100_K12_unif2-step_seed0001_d020,145,300,0,0,2,0.5622643228104134,0.8091846108436584,0.4304648718298422,1.2927552015162667,1.6483464241027832
resnet32x12_cifar100_K12_unif2-step_seed0001_d020,145,350,0,0,2,0.23139952999648317,0.9045263528823853,0.3324690531406375,1.5552701385474557,1.753044843673706
resnet32x12_cifar100_K12_unif2-step_seed0001_d020,145,400,0,0,2,0.4699372267339326,0.8180624842643738,0.392929759873803,1.3845271885834596,1.6491219997406006
resnet32x12_cifar100_K12_unif2-step_seed0001_d020,145,450,0,0,2,0.26534721277436113,0.8975836634635925,0.22958478704212007,2.049110880378475,2.3852646350860596
resnet32x12_cifar100_K12_unif2-step_seed0001_d020,145,500,0,0,2,0.41529131587205764,0.8490748405456543,0.4290355377021937,1.246151531159369,1.518004298210144
resnet32x12_cifar100_K12_unif2-step_seed0001_d020,145,550,0,0,2,0.2813014350331556,0.889667272567749,0.2961430056161958,1.5630454065191377,1.812349796295166
resnet32x12_cifar100_K12_unif2-step_seed0001_d020,145,600,0,0,2,0.3645461668205231,0.8318985104560852,0.29081405208014505,1.64974085188779,1.7649071216583252
resnet32x12_cifar100_K12_unif2-step_seed0001_d020,145,650,0,0,2,0.38969516835700563,0.8766456842422485,0.24992632179725172,1.5103840616149,1.9248226881027222
resnet32x12_cifar100_K12_unif2-step_seed0001_d020,145,700,0,0,2,0.35222402664927727,0.8657276630401611,0.35500597742443873,1.4719494001046727,1.7437382936477661
resnet32x12_cifar100_K12_unif2-step_seed0001_d020,146,0,0,0,2,0.38026539706296447,0.8421024084091187,0.3771486352950063,1.2231653877962334,1.3957586288452148
resnet32x12_cifar100_K12_unif2-step_seed0001_d020,146,50,0,0,2,0.33535626167353894,0.8763346672058105,0.27983888294503567,1.5145051102550455,1.8140244483947754
resnet32x12_cifar100_K12_unif2-step_seed0001_d020,146,100,0,0,2,0.3156532865018899,0.8802397847175598,0.35071199200563974,1.143075010062798,1.3500069379806519
resnet32x12_cifar100_K12_unif2-step_seed0001_d020,146,150,0,0,2,0.19470079722616024,0.9207444190979004,0.2606030196798457,1.4792846131200614,1.6669025421142578
resnet32x12_cifar100_K12_unif2-step_seed0001_d020,146,200,0,0,2,0.45779858172861754,0.805536150932312,0.45464645233523987,1.3771324960740576,1.559142827987671
resnet32x12_cifar100_K12_unif2-step_seed0001_d020,146,250,0,0,2,0.42629627908661527,0.8797646164894104,0.33029949282135274,1.2672839183320705,1.6820577383041382
resnet32x12_cifar100_K12_unif2-step_seed0001_d020,146,300,0,0,2,0.4708165255403837,0.8308645486831665,0.4941604131127801,1.076240717352734,1.3262543678283691
resnet32x12_cifar100_K12_unif2-step_seed0001_d020,146,350,0,0,2,0.6109818540348699,0.8208244442939758,0.6039383510524424,1.10177393838746,1.4922754764556885
resnet32x12_cifar100_K12_unif2-step_seed0001_d020,146,400,0,0,2,0.336005439804127,0.8256796598434448,0.35985068763346156,1.4961610783897579,1.4346946477890015
resnet32x12_cifar100_K12_unif2-step_seed0001_d020,146,450,0,0,2,0.32546380151337123,0.8643208742141724,0.33721555922812785,1.7716100746989734,2.0083069801330566
resnet32x12_cifar100_K12_unif2-step_seed0001_d020,146,500,0,0,2,0.32437449952731606,0.8870646953582764,0.40521709760525587,1.3947919500387225,1.7025090456008911
resnet32x12_cifar100_K12_unif2-step_seed0001_d020,146,550,0,0,2,0.34037743350272753,0.8563348054885864,0.34403504836872206,1.566130425957046,1.7662631273269653
resnet32x12_cifar100_K12_unif2-step_seed0001_d020,146,600,0,0,2,0.4260749824245407,0.8279301524162292,0.40636839901409094,1.4672535516822975,1.7048182487487793
resnet32x12_cifar100_K12_unif2-step_seed0001_d020,146,650,0,0,2,0.5097901077960518,0.8250068426132202,0.47936337704121973,1.1735438861190493,1.4802916049957275
resnet32x12_cifar100_K12_unif2-step_seed0001_d020,146,700,0,0,2,0.34496515240068415,0.8650177717208862,0.4264693877375357,1.664296451653249,1.9477912187576294
resnet32x12_cifar100_K12_unif2-step_seed0001_d020,147,0,0,0,2,0.46663244488907446,0.7883037328720093,0.5216308514206072,1.0827241187198566,1.1748037338256836
resnet32x12_cifar100_K12_unif2-step_seed0001_d020,147,50,0,0,2,0.20261529807415596,0.9346030950546265,0.1890730760421339,2.22172465184581,2.689314126968384
resnet32x12_cifar100_K12_unif2-step_seed0001_d020,147,100,0,0,2,0.2755430350717355,0.8924105167388916,0.3515889929364248,1.3694023284901227,1.5893638134002686
resnet32x12_cifar100_K12_unif2-step_seed0001_d020,147,150,0,0,2,0.3818185944228727,0.8747901916503906,0.4286978387162479,1.5391994357308287,1.9367676973342896
resnet32x12_cifar100_K12_unif2-step_seed0001_d020,147,200,0,0,2,0.4680248576075762,0.7767321467399597,0.3876122416291957,1.4927640270518998,1.5581817626953125
resnet32x12_cifar100_K12_unif2-step_seed0001_d020,147,250,0,0,2,0.39550574559210483,0.8545504808425903,0.37537935840322545,1.6231055587644223,1.9626270532608032
resnet32x12_cifar100_K12_unif2-step_seed0001_d020,147,300,0,0,2,0.33174263006370225,0.8981913328170776,0.22853657264343677,1.9288813339484396,2.4503235816955566
resnet32x12_cifar100_K12_unif2-step_seed0001_d020,147,350,0,0,2,0.27171869123730724,0.8891823291778564,0.2753110368564408,1.7265156873337755,1.9663457870483398
resnet32x12_cifar100_K12_unif2-step_seed0001_d020,147,400,0,0,2,0.317841465391223,0.8906803131103516,0.3529404435127028,1.5710895191137555,1.9231337308883667
resnet32x12_cifar100_K12_unif2-step_seed0001_d020,147,450,0,0,2,0.3026248189756417,0.8950719833374023,0.32760388767775067,1.7706618581289086,2.1552839279174805
resnet32x12_cifar100_K12_unif2-step_seed0001_d020,147,500,0,0,2,0.2585037967070825,0.8845703601837158,0.240304628569955,1.7781941485912691,1.932856559753418
resnet32x12_cifar100_K12_unif2-step_seed0001_d020,147,550,0,0,2,0.2804438040863606,0.901667594909668,0.3156469119779491,1.5019486803006405,1.8133938312530518
resnet32x12_cifar100_K12_unif2-step_seed0001_d020,147,600,0,0,2,0.2299708057319925,0.9193286299705505,0.2531992464465478,2.093723923250334,2.498729944229126
resnet32x12_cifar100_K12_unif2-step_seed0001_d020,147,650,0,0,2,0.4762939720277211,0.8322082757949829,0.4025397190813038,1.5467205548490266,1.9227893352508545
resnet32x12_cifar100_K12_unif2-step_seed0001_d020,147,700,0,0,2,0.4436263352051774,0.8514204025268555,0.4256428760006076,1.5293643785489015,1.929997444152832
resnet32x12_cifar100_K12_unif2-step_seed0001_d020,148,0,0,0,2,0.27861976474818695,0.8942317962646484,0.40089118772911925,1.267748899079847,1.4883372783660889
resnet32x12_cifar100_K12_unif2-step_seed0001_d020,148,50,0,0,2,0.6231734938397495,0.7446130514144897,0.5366797842805398,1.2012786569660383,1.400769591331482
resnet32x12_cifar100_K12_unif2-step_seed0001_d020,148,100,0,0,2,0.4520648345542118,0.8240571618080139,0.47580569354053004,1.4106784181363774,1.6733225584030151
resnet32x12_cifar100_K12_unif2-step_seed0001_d020,148,150,0,0,2,0.24025923907409633,0.9090538620948792,0.2920179757429081,1.5241204711576466,1.7789500951766968
resnet32x12_cifar100_K12_unif2-step_seed0001_d020,148,200,0,0,2,0.5506803678986686,0.8171036243438721,0.48893033479726655,1.220308432285304,1.5673284530639648
resnet32x12_cifar100_K12_unif2-step_seed0001_d020,148,250,0,0,2,0.39798956004743163,0.8263586759567261,0.3774346443384,1.333265431979854,1.4808768033981323
resnet32x12_cifar100_K12_unif2-step_seed0001_d020,148,300,0,0,2,0.3703825119592137,0.8676854372024536,0.47164726256092476,1.291797487750743,1.574404001235962
resnet32x12_cifar100_K12_unif2-step_seed0001_d020,148,350,0,0,2,0.561444422437996,0.8089340329170227,0.41237497392132216,1.5167156110278939,1.9315329790115356
resnet32x12_cifar100_K12_unif2-step_seed0001_d020,148,400,0,0,2,0.32821330030947093,0.8642292618751526,0.35044372266258295,1.67310302412145,1.904464840888977
resnet32x12_cifar100_K12_unif2-step_seed0001_d020,148,450,0,0,2,0.6331461377415606,0.7945334911346436,0.5577613740200359,1.187987077103274,1.5547908544540405
resnet32x12_cifar100_K12_unif2-step_seed0001_d020,148,500,0,0,2,0.3461568169740671,0.884431779384613,0.2653275763454001,1.969757790949152,2.447873830795288
resnet32x12_cifar100_K12_unif2-step_seed0001_d020,148,550,0,0,2,0.22640074405904861,0.8882609605789185,0.2328444363172841,1.6770053474190882,1.6977852582931519
resnet32x12_cifar100_K12_unif2-step_seed0001_d020,148,600,0,0,2,0.6897000252288171,0.7841908931732178,0.5684444573116006,1.3150647853078892,1.7571195363998413
resnet32x12_cifar100_K12_unif2-step_seed0001_d020,148,650,0,0,2,0.44991054592186,0.8497331738471985,0.43853861074396877,1.4095932108575953,1.782304048538208
resnet32x12_cifar100_K12_unif2-step_seed0001_d020,148,700,0,0,2,0.6155345674724834,0.7858554720878601,0.5756767181006308,1.2469784457096005,1.5819957256317139
resnet32x12_cifar100_K12_unif2-step_seed0001_d020,149,0,0,0,2,0.24759567824315531,0.8960743546485901,0.253905517275461,1.6407509891635483,1.8391116857528687
resnet32x12_cifar100_K12_unif2-step_seed0001_d020,149,50,0,0,2,0.16664136922737288,0.9277413487434387,0.2517334042827926,1.691727182718387,1.8492363691329956
resnet32x12_cifar100_K12_unif2-step_seed0001_d020,149,100,0,0,2,0.24357256203457578,0.8876020312309265,0.23482716807265067,1.6790554543039755,1.787909746170044
resnet32x12_cifar100_K12_unif2-step_seed0001_d020,149,150,0,0,2,0.5297122432832126,0.8003483414649963,0.4240504135334141,1.4003725782266379,1.698632001876831
resnet32x12_cifar100_K12_unif2-step_seed0001_d020,149,200,0,0,2,0.3831265605477742,0.8389497995376587,0.38397502610693607,1.5547804301489394,1.7628803253173828
resnet32x12_cifar100_K12_unif2-step_seed0001_d020,149,250,0,0,2,0.38710688990799574,0.8346282243728638,0.38418243342730307,1.4586583274926055,1.6394686698913574
resnet32x12_cifar100_K12_unif2-step_seed0001_d020,149,300,0,0,2,0.28158767182366184,0.9011889696121216,0.38528278169014535,1.368767310603516,1.6525689363479614
resnet32x12_cifar100_K12_unif2-step_seed0001_d020,149,350,0,0,2,0.33077152529568404,0.8774267435073853,0.3906688275090892,1.5952853119239925,1.9058542251586914
resnet32x12_cifar100_K12_unif2-step_seed0001_d020,149,400,0,0,2,0.3919658533677888,0.83623206615448,0.36218335996961243,1.5362464198295027,1.748721718788147
resnet32x12_cifar100_K12_unif2-step_seed0001_d020,149,450,0,0,2,0.3360017486279831,0.8857989311218262,0.45457534152507095,1.5274665958729077,1.883570909500122
resnet32x12_cifar100_K12_unif2-step_seed0001_d020,149,500,0,0,2,0.23806778602923476,0.9001627564430237,0.20542055732575906,2.2823866011495366,2.5564403533935547
resnet32x12_cifar100_K12_unif2-step_seed0001_d020,149,550,0,0,2,0.35394076374283157,0.8694934844970703,0.33798235645835695,1.5548626978320295,1.8675382137298584
resnet32x12_cifar100_K12_unif2-step_seed0001_d020,149,600,0,0,2,0.3978151480251262,0.836180567741394,0.4772009981472518,1.463756921036774,1.6798803806304932
resnet32x12_cifar100_K12_unif2-step_seed0001_d020,149,650,0,0,2,0.345154910606045,0.835432767868042,0.37537523478433904,1.4587447902975403,1.5215367078781128
resnet32x12_cifar100_K12_unif2-step_seed0001_d020,149,700,0,0,2,0.24815157777390015,0.9138026237487793,0.3379513785165791,1.8709853107032752,2.249343156814575
resnet32x12_cifar100_K12_unif2-step_seed0001_d020,150,0,0,0,2,0.2839335743716604,0.8970508575439453,0.26123896983617567,1.8209607848627423,2.175621271133423
resnet32x12_cifar100_K12_unif2-step_seed0001_d020,150,50,0,0,2,0.3405090720446417,0.8539058566093445,0.38899386673252473,1.4299236165167235,1.5984340906143188
resnet32x12_cifar100_K12_unif2-step_seed0001_d020,150,100,0,0,2,0.291758152805425,0.8906182050704956,0.3613650024936918,1.655049446727215,1.9564268589019775
resnet32x12_cifar100_K12_unif2-step_seed0001_d020,150,150,0,0,2,0.3137767367963305,0.8353428840637207,0.32487620965634606,1.7073738923985613,1.6099298000335693
resnet32x12_cifar100_K12_unif2-step_seed0001_d020,150,200,0,0,2,0.5048999668508295,0.7641187310218811,0.4353764183827426,1.2907729851439993,1.3708964586257935
resnet32x12_cifar100_K12_unif2-step_seed0001_d020,150,250,0,0,2,0.380570888336754,0.8441691398620605,0.3984719297302579,1.4802402128705572,1.7014527320861816
resnet32x12_cifar100_K12_unif2-step_seed0001_d020,150,300,0,0,2,0.41105008400838833,0.8072593212127686,0.3727625918776605,1.6909518787884454,1.7885104417800903
resnet32x12_cifar100_K12_unif2-step_seed0001_d020,150,350,0,0,2,0.3264341159654713,0.8755504488945007,0.3071289268165635,1.9561292812162347,2.3093020915985107
resnet32x12_cifar100_K12_unif2-step_seed0001_d020,150,400,0,0,2,0.3286546603028219,0.8698346018791199,0.24057581755854873,1.6820590997171907,1.9542827606201172
resnet32x12_cifar100_K12_unif2-step_seed0001_d020,150,450,0,0,2,0.4651535440967913,0.7759441137313843,0.43358095640545424,1.3516297957584777,1.3992832899093628
resnet32x12_cifar100_K12_unif2-step_seed0001_d020,150,500,0,0,2,0.3903352719104264,0.8323177099227905,0.3408894045269165,1.5029334154386433,1.6841391324996948
resnet32x12_cifar100_K12_unif2-step_seed0001_d020,150,550,0,0,2,0.4217176413206216,0.8439644575119019,0.42791318786952337,1.3821333602179082,1.6724034547805786
resnet32x12_cifar100_K12_unif2-step_seed0001_d020,150,600,0,0,2,0.4674077134714625,0.8004840612411499,0.5259691956487252,1.263348262332955,1.4268194437026978
resnet32x12_cifar100_K12_unif2-step_seed0001_d020,150,650,0,0,2,0.5593472726466532,0.7722206115722656,0.4684313833544776,1.560693306671238,1.820975661277771
resnet32x12_cifar100_K12_unif2-step_seed0001_d020,150,700,0,0,2,0.5330311810876701,0.7842522263526917,0.4213890081553046,1.4100403883404915,1.6484321355819702
resnet32x12_cifar100_K12_unif2-step_seed0001_d020,151,0,0,0,2,0.5944375302818553,0.7947725057601929,0.41431329615234624,1.384434928199701,1.758610486984253
resnet32x12_cifar100_K12_unif2-step_seed0001_d020,151,50,0,0,2,0.2529050826833915,0.8736101388931274,0.3372138799005382,1.5448427047409576,1.545607566833496
resnet32x12_cifar100_K12_unif2-step_seed0001_d020,151,100,0,0,2,0.394154253570605,0.8584131002426147,0.28231706015690544,1.9716746087880355,2.4062118530273438
resnet32x12_cifar100_K12_unif2-step_seed0001_d020,151,150,0,0,2,0.42066058654922595,0.8522318601608276,0.4084921817942495,1.4718442747630716,1.8185893297195435
resnet32x12_cifar100_K12_unif2-step_seed0001_d020,151,200,0,0,2,0.41038270401701527,0.8144291639328003,0.4046660560777348,1.6217974870273486,1.761053204536438
resnet32x12_cifar100_K12_unif2-step_seed0001_d020,151,250,0,0,2,0.2576489083293623,0.8773661851882935,0.35414815669532107,1.6502495519171958,1.7211390733718872
resnet32x12_cifar100_K12_unif2-step_seed0001_d020,151,300,0,0,2,0.39525165716624294,0.8274763822555542,0.37874285681096276,1.461008488363455,1.6221054792404175
resnet32x12_cifar100_K12_unif2-step_seed0001_d020,151,350,0,0,2,0.3345127696044681,0.8512994647026062,0.29644439886092133,1.7095651914802483,1.8713895082473755
resnet32x12_cifar100_K12_unif2-step_seed0001_d020,151,400,0,0,2,0.29803878701433806,0.8639423847198486,0.3572337485837591,1.7817367424073582,1.9149014949798584
resnet32x12_cifar100_K12_unif2-step_seed0001_d020,151,450,0,0,2,0.22291221685796472,0.9055399894714355,0.2536902230968875,1.9361189565525458,2.1543171405792236
resnet32x12_cifar100_K12_unif2-step_seed0001_d020,151,500,0,0,2,0.3708793322166841,0.8382233381271362,0.3620821201626786,1.5696924608149543,1.7413036823272705
resnet32x12_cifar100_K12_unif2-step_seed0001_d020,151,550,0,0,2,0.31076783783521866,0.8893300294876099,0.32188725639495686,1.4375653459374749,1.736861228942871
resnet32x12_cifar100_K12_unif2-step_seed0001_d020,151,600,0,0,2,0.322731857944441,0.8516941070556641,0.34481703028219746,1.9212835378704116,2.0577807426452637
resnet32x12_cifar100_K12_unif2-step_seed0001_d020,151,650,0,0,2,0.4208885770700715,0.8352122902870178,0.3718420692858994,1.4502332894332959,1.710411548614502
resnet32x12_cifar100_K12_unif2-step_seed0001_d020,151,700,0,0,2,0.49122955429064336,0.8106951713562012,0.4217077458806953,1.436330402404623,1.7178446054458618
resnet32x12_cifar100_K12_unif2-step_seed0001_d020,152,0,0,0,2,0.3189967462562637,0.8687236309051514,0.4181460322670967,1.5714237968570457,1.7916738986968994
resnet32x12_cifar100_K12_unif2-step_seed0001_d020,152,50,0,0,2,0.7749473649972084,0.7134596109390259,0.6251220004017372,1.173897485699046,1.4630869626998901
resnet32x12_cifar100_K12_unif2-step_seed0001_d020,152,100,0,0,2,0.32291331768011744,0.8580268621444702,0.3172572433041365,1.503436919461798,1.6555540561676025
resnet32x12_cifar100_K12_unif2-step_seed0001_d020,152,150,0,0,2,0.4745883053419324,0.8245718479156494,0.4586007925707441,1.4307333867589784,1.74212646484375
resnet32x12_cifar100_K12_unif2-step_seed0001_d020,152,200,0,0,2,0.23526827584488688,0.901421844959259,0.2479185661937556,1.5405433617679525,1.7255960702896118
resnet32x12_cifar100_K12_unif2-step_seed0001_d020,152,250,0,0,2,0.35574741156000245,0.8288137912750244,0.39110687809610173,1.4600741033168534,1.5117671489715576
resnet32x12_cifar100_K12_unif2-step_seed0001_d020,152,300,0,0,2,0.35615829733664145,0.8454350233078003,0.4819277415003054,1.3049800339263944,1.4507993459701538
resnet32x12_cifar100_K12_unif2-step_seed0001_d020,152,350,0,0,2,0.20070598427625516,0.9170759916305542,0.3072598667363621,1.4089052352063967,1.5798985958099365
resnet32x12_cifar100_K12_unif2-step_seed0001_d020,152,400,0,0,2,0.43771315179086817,0.8019432425498962,0.44596231979375295,1.24967599484298,1.35745108127594
resnet32x12_cifar100_K12_unif2-step_seed0001_d020,152,450,0,0,2,0.45777655924879496,0.8048400282859802,0.582112791870595,1.4530655223200195,1.6415506601333618
resnet32x12_cifar100_K12_unif2-step_seed0001_d020,152,500,0,0,2,0.334181910331982,0.8437674045562744,0.3999277132896667,1.3543074412410947,1.4335823059082031
resnet32x12_cifar100_K12_unif2-step_seed0001_d020,152,550,0,0,2,0.6152946311692586,0.8363158106803894,0.3665930770822298,1.4746096175237797,2.060492753982544
resnet32x12_cifar100_K12_unif2-step_seed0001_d020,152,600,0,0,2,0.2631833146576211,0.913540244102478,0.24241609849292223,2.0939859285801794,2.567589044570923
resnet32x12_cifar100_K12_unif2-step_seed0001_d020,152,650,0,0,2,0.4479018348615309,0.8282588720321655,0.4551906706123343,1.2899592661525499,1.540472149848938
resnet32x12_cifar100_K12_unif2-step_seed0001_d020,152,700,0,0,2,0.33964205446904083,0.8615276217460632,0.4183526506672398,1.6276343340303223,1.8679711818695068
resnet32x12_cifar100_K12_unif2-step_seed0001_d020,153,0,0,0,2,0.4790377162588198,0.8146024346351624,0.4375966202719704,1.415938087182059,1.6881468296051025
resnet32x12_cifar100_K12_unif2-step_seed0001_d020,153,50,0,0,2,0.41446281972074633,0.8346951007843018,0.3829373779809712,1.5530299259306568,1.8141405582427979
resnet32x12_cifar100_K12_unif2-step_seed0001_d020,153,100,0,0,2,0.3435220640172497,0.8402420282363892,0.35833265177144136,1.6412047315573493,1.7442598342895508
resnet32x12_cifar100_K12_unif2-step_seed0001_d020,153,150,0,0,2,0.6034753026311784,0.7522594928741455,0.44530642761069467,1.5380839223697116,1.7900298833847046
resnet32x12_cifar100_K12_unif2-step_seed0001_d020,153,200,0,0,2,0.4959132579670463,0.805072546005249,0.5026759469973628,1.225725556585998,1.4520167112350464
resnet32x12_cifar100_K12_unif2-step_seed0001_d020,153,250,0,0,2,0.5810359266091607,0.7755763530731201,0.5134559288779745,1.2737795130611447,1.532153606414795
resnet32x12_cifar100_K12_unif2-step_seed0001_d020,153,300,0,0,2,0.4576928680495116,0.8372509479522705,0.4693899118697711,1.5184706097353367,1.8762223720550537
resnet32x12_cifar100_K12_unif2-step_seed0001_d020,153,350,0,0,2,0.37268897124676026,0.8583451509475708,0.3449588085336365,1.482785066083523,1.7632842063903809
resnet32x12_cifar100_K12_unif2-step_seed0001_d020,153,400,0,0,2,0.296046881608022,0.888658344745636,0.2974651048694435,1.5801457978835276,1.8669540882110596
resnet32x12_cifar100_K12_unif2-step_seed0001_d020,153,450,0,0,2,0.3366003584901117,0.8590682148933411,0.45376034829292733,1.385990091076504,1.5692123174667358
resnet32x12_cifar100_K12_unif2-step_seed0001_d020,153,500,0,0,2,0.31548396427086495,0.8778144121170044,0.3670357100532884,1.5407683702345827,1.8044615983963013
resnet32x12_cifar100_K12_unif2-step_seed0001_d020,153,550,0,0,2,0.503289757653187,0.8156169652938843,0.39379597521008736,1.4081860248940077,1.726619005203247
resnet32x12_cifar100_K12_unif2-step_seed0001_d020,153,600,0,0,2,0.29644062126786114,0.8847101330757141,0.31471673280898205,1.6439682094071222,1.916951060295105
resnet32x12_cifar100_K12_unif2-step_seed0001_d020,153,650,0,0,2,0.4900149453708774,0.8507696390151978,0.3647985720559438,1.5927815954583002,2.0916097164154053
resnet32x12_cifar100_K12_unif2-step_seed0001_d020,153,700,0,0,2,0.25474904352067407,0.9065437316894531,0.29337063720744383,1.4735335511891483,1.7435697317123413
resnet32x12_cifar100_K12_unif2-step_seed0001_d020,154,0,0,0,2,0.429690776380571,0.8722279071807861,0.3315226052145142,1.6097374665302175,2.106598138809204
resnet32x12_cifar100_K12_unif2-step_seed0001_d020,154,50,0,0,2,0.3224041424980799,0.8593728542327881,0.4720705683706312,1.1917835576186409,1.3183562755584717
resnet32x12_cifar100_K12_unif2-step_seed0001_d020,154,100,0,0,2,0.3890418277525325,0.8374366164207458,0.3624939267370727,1.6712693873374422,1.9019150733947754
resnet32x12_cifar100_K12_unif2-step_seed0001_d020,154,150,0,0,2,0.4615157332930157,0.824407696723938,0.47326880700623275,1.2830899680772272,1.539868712425232
resnet32x12_cifar100_K12_unif2-step_seed0001_d020,154,200,0,0,2,0.3767669669658427,0.849929928779602,0.3534509525254636,1.4275608609615449,1.662833333015442
resnet32x12_cifar100_K12_unif2-step_seed0001_d020,154,250,0,0,2,0.24710469916869868,0.891526460647583,0.27321939089779235,1.8106433962018111,1.9849729537963867
resnet32x12_cifar100_K12_unif2-step_seed0001_d020,154,300,0,0,2,0.42127109175147315,0.8466076850891113,0.28802326346694923,1.526196919985825,1.859079122543335
resnet32x12_cifar100_K12_unif2-step_seed0001_d020,154,350,0,0,2,0.348614108628706,0.8740348815917969,0.5215035531610924,1.381959468859987,1.6715091466903687
resnet32x12_cifar100_K12_unif2-step_seed0001_d020,154,400,0,0,2,0.5020668998993115,0.8193215727806091,0.41227826681961643,1.5559322415776529,1.9226349592208862
resnet32x12_cifar100_K12_unif2-step_seed0001_d020,154,450,0,0,2,0.3255824476611527,0.8585127592086792,0.2821774243411833,1.8711602631216933,2.074678659439087
resnet32x12_cifar100_K12_unif2-step_seed0001_d020,154,500,0,0,2,0.40566921910326786,0.849480926990509,0.3256460998803579,1.9457783581675379,2.3471031188964844
resnet32x12_cifar100_K12_unif2-step_seed0001_d020,154,550,0,0,2,0.5789769416635923,0.8311062455177307,0.5056099487469684,1.5261259956191018,2.0609517097473145
resnet32x12_cifar100_K12_unif2-step_seed0001_d020,154,600,0,0,2,0.2683094039864681,0.913628101348877,0.34199171671228484,1.6223209745507092,2.002924919128418
resnet32x12_cifar100_K12_unif2-step_seed0001_d020,154,650,0,0,2,0.5631715304860877,0.836453914642334,0.478591861648784,1.4440230107310028,1.9481605291366577
resnet32x12_cifar100_K12_unif2-step_seed0001_d020,154,700,0,0,2,0.5655736758955979,0.8031855821609497,0.6207960008404373,1.4516213954314805,1.8322149515151978
resnet32x12_cifar100_K12_unif2-step_seed0001_d020,155,0,0,0,2,0.3387782410762018,0.8502302169799805,0.39083089395381587,1.2393316873666367,1.3614853620529175
resnet32x12_cifar100_K12_unif2-step_seed0001_d020,155,50,0,0,2,0.3009597282809069,0.9018926620483398,0.32362445063998196,1.7096622539504718,2.1201159954071045
resnet32x12_cifar100_K12_unif2-step_seed0001_d020,155,100,0,0,2,0.3550096917389356,0.8549032211303711,0.3661522018519754,1.3417537410194211,1.5402498245239258
resnet32x12_cifar100_K12_unif2-step_seed0001_d020,155,150,0,0,2,0.2609783741134988,0.8773666620254517,0.2706886989310687,1.8254888062835266,1.9217389822006226
resnet32x12_cifar100_K12_unif2-step_seed0001_d020,155,200,0,0,2,0.2671674886602321,0.8892817497253418,0.2554151976870433,1.6892031798943217,1.9089548587799072
resnet32x12_cifar100_K12_unif2-step_seed0001_d020,155,250,0,0,2,0.45597711815052966,0.8509433269500732,0.4827753166722257,1.3849900767249734,1.7662832736968994
resnet32x12_cifar100_K12_unif2-step_seed0001_d020,155,300,0,0,2,0.37025303090848205,0.8729795217514038,0.282307249619413,1.94047213826159,2.3999247550964355
resnet32x12_cifar100_K12_unif2-step_seed0001_d020,155,350,0,0,2,0.29117579175474956,0.904899001121521,0.23861435594827776,2.068992107319147,2.558492660522461
resnet32x12_cifar100_K12_unif2-step_seed0001_d020,155,400,0,0,2,0.4002899599397762,0.8377211093902588,0.34283169208819214,1.7424067201097715,2.016312599182129
resnet32x12_cifar100_K12_unif2-step_seed0001_d020,155,450,0,0,2,0.36360598547759804,0.8587270379066467,0.3664614208003004,1.4846944364860624,1.7468328475952148
resnet32x12_cifar100_K12_unif2-step_seed0001_d020,155,500,0,0,2,0.3998711995319181,0.838443398475647,0.34720759341256197,1.7837089832190693,2.0676021575927734
resnet32x12_cifar100_K12_unif2-step_seed0001_d020,155,550,0,0,2,0.2253810419040341,0.8892862796783447,0.28567568148579126,1.8542045703685541,1.885001540184021
resnet32x12_cifar100_K12_unif2-step_seed0001_d020,155,600,0,0,2,0.2471263501595571,0.8744909763336182,0.23736756785635513,1.8823708930456813,1.8511205911636353
resnet32x12_cifar100_K12_unif2-step_seed0001_d020,155,650,0,0,2,0.3198480915115122,0.8472061157226562,0.35561996728876494,1.6051978557953535,1.6712195873260498
resnet32x12_cifar100_K12_unif2-step_seed0001_d020,155,700,0,0,2,0.4201650836221147,0.8710611462593079,0.3524048915342632,2.062769207580299,2.6693098545074463
resnet32x12_cifar100_K12_unif2-step_seed0001_d020,156,0,0,0,2,0.35350460327940453,0.8734532594680786,0.38772364437032353,1.509851608690166,1.8339632749557495
resnet32x12_cifar100_K12_unif2-step_seed0001_d020,156,50,0,0,2,0.1719334687109527,0.9222590327262878,0.17679491632118816,2.4144563322812784,2.588883399963379
resnet32x12_cifar100_K12_unif2-step_seed0001_d020,156,100,0,0,2,0.20600462908199377,0.9075406789779663,0.2866701222310372,1.7589416268288116,1.8991074562072754
resnet32x12_cifar100_K12_unif2-step_seed0001_d020,156,150,0,0,2,0.22227145194901626,0.8963117599487305,0.2689732234349251,1.795122569157761,1.8964686393737793
resnet32x12_cifar100_K12_unif2-step_seed0001_d020,156,200,0,0,2,0.22435408646591976,0.9002757668495178,0.25371490456309975,2.279345409723189,2.4775545597076416
resnet32x12_cifar100_K12_unif2-step_seed0001_d020,156,250,0,0,2,0.5327989845471466,0.7856009006500244,0.5292563196293899,1.507820406087595,1.7684587240219116
resnet32x12_cifar100_K12_unif2-step_seed0001_d020,156,300,0,0,2,0.46613884460945537,0.7796161770820618,0.3938531550195804,1.567700087144356,1.6484929323196411
resnet32x12_cifar100_K12_unif2-step_seed0001_d020,156,350,0,0,2,0.3962236168165441,0.901372492313385,0.32895333764477563,1.8382435701969315,2.4967117309570312
resnet32x12_cifar100_K12_unif2-step_seed0001_d020,156,400,0,0,2,0.5765648593783215,0.8281280994415283,0.6351037110701993,1.3820383954766435,1.8524011373519897
resnet32x12_cifar100_K12_unif2-step_seed0001_d020,156,450,0,0,2,0.609684308587326,0.7659589052200317,0.47269109264147174,1.502430377432506,1.8165942430496216
resnet32x12_cifar100_K12_unif2-step_seed0001_d020,156,500,0,0,2,0.35338875137864856,0.8281249403953552,0.3639231096197753,1.6284902210592023,1.6709340810775757
resnet32x12_cifar100_K12_unif2-step_seed0001_d020,156,550,0,0,2,0.3960811960167992,0.8402133584022522,0.3581993581446948,1.5021891513892363,1.742013692855835
resnet32x12_cifar100_K12_unif2-step_seed0001_d020,156,600,0,0,2,0.4723936944147241,0.8143682479858398,0.46076627237712997,1.2979778059045026,1.5349793434143066
resnet32x12_cifar100_K12_unif2-step_seed0001_d020,156,650,0,0,2,0.3519141779184219,0.8580623269081116,0.2843239027914021,1.6167820961371915,1.8674190044403076
resnet32x12_cifar100_K12_unif2-step_seed0001_d020,156,700,0,0,2,0.5793915135298279,0.7388508319854736,0.4885427668238541,1.3167882529185517,1.439008116722107
resnet32x12_cifar100_K12_unif2-step_seed0001_d020,157,0,0,0,2,0.35247906161671305,0.8490815162658691,0.3067975699894737,1.9652599098762227,2.201169729232788
resnet32x12_cifar100_K12_unif2-step_seed0001_d020,157,50,0,0,2,0.4013896616397974,0.8647159337997437,0.35613027079328474,1.724999181774885,2.157768726348877
resnet32x12_cifar100_K12_unif2-step_seed0001_d020,157,100,0,0,2,0.4053640183080937,0.8095027804374695,0.39005905523867074,1.528309392433032,1.613577961921692
resnet32x12_cifar100_K12_unif2-step_seed0001_d020,157,150,0,0,2,0.4742075030506388,0.7819724678993225,0.4254593598950799,1.5335069488974917,1.648057460784912
resnet32x12_cifar100_K12_unif2-step_seed0001_d020,157,200,0,0,2,0.5815212490742719,0.8409090042114258,0.4659131037193111,1.5790433572152014,2.176189422607422
resnet32x12_cifar100_K12_unif2-step_seed0001_d020,157,250,0,0,2,0.35948940801879237,0.8581563830375671,0.36550975508628863,1.7295345083666598,2.019869565963745
resnet32x12_cifar100_K12_unif2-step_seed0001_d020,157,300,0,0,2,0.48137956531586507,0.8740988373756409,0.3882493057489288,1.5266331729518654,2.090733528137207
resnet32x12_cifar100_K12_unif2-step_seed0001_d020,157,350,0,0,2,0.1975094285315685,0.9120312929153442,0.24516005618881073,2.0285941734804207,2.1974434852600098
resnet32x12_cifar100_K12_unif2-step_seed0001_d020,157,400,0,0,2,0.4283291486851224,0.8042141795158386,0.6589223164827532,1.2120208816114342,1.306848168373108
resnet32x12_cifar100_K12_unif2-step_seed0001_d020,157,450,0,0,2,0.30277931696009547,0.8909397125244141,0.25670532703561727,1.8634190538418747,2.239212989807129
resnet32x12_cifar100_K12_unif2-step_seed0001_d020,157,500,0,0,2,0.4312758015704022,0.8433569669723511,0.3608749353879258,1.8559675008131762,2.2659215927124023
resnet32x12_cifar100_K12_unif2-step_seed0001_d020,157,550,0,0,2,0.29284027119560796,0.8950451612472534,0.36601135331308143,1.4762621377289307,1.7738049030303955
resnet32x12_cifar100_K12_unif2-step_seed0001_d020,157,600,0,0,2,0.6123775005161609,0.7574654221534729,0.7502396505696698,1.1983133681963714,1.4246686697006226
resnet32x12_cifar100_K12_unif2-step_seed0001_d020,157,650,0,0,2,0.26291219713034114,0.8966387510299683,0.284827444161237,1.8347177552444687,2.119534492492676
resnet32x12_cifar100_K12_unif2-step_seed0001_d020,157,700,0,0,2,0.259730416382543,0.88579261302948,0.3385468273950137,1.626246927597111,1.7830308675765991
resnet32x12_cifar100_K12_unif2-step_seed0001_d020,158,0,0,0,2,0.38757371074751723,0.8715720772743225,0.38542182298507854,1.4482338738540457,1.8179007768630981
resnet32x12_cifar100_K12_unif2-step_seed0001_d020,158,50,0,0,2,0.4418690814970464,0.8330895900726318,0.34944234743221336,1.3089353201020641,1.5730074644088745
resnet32x12_cifar100_K12_unif2-step_seed0001_d020,158,100,0,0,2,0.2946895763601411,0.8649895191192627,0.40719535295464265,1.6858754992464156,1.80743408203125
resnet32x12_cifar100_K12_unif2-step_seed0001_d020,158,150,0,0,2,0.3123554596161346,0.9004156589508057,0.46647922314154877,1.1535055736875037,1.4433550834655762
resnet32x12_cifar100_K12_unif2-step_seed0001_d020,158,200,0,0,2,0.2603411217744033,0.8862162828445435,0.33622396905563245,1.7372514395999474,1.9110450744628906
resnet32x12_cifar100_K12_unif2-step_seed0001_d020,158,250,0,0,2,0.37675247294085085,0.8244972229003906,0.34394523182670933,1.6498979363519484,1.7526792287826538
resnet32x12_cifar100_K12_unif2-step_seed0001_d020,158,300,0,0,2,0.4633133330160254,0.8421825170516968,0.3018569580677532,1.6986158682644885,2.1362059116363525
resnet32x12_cifar100_K12_unif2-step_seed0001_d020,158,350,0,0,2,0.3248311980605696,0.8864109516143799,0.31537864633214974,1.6650726404467997,2.029573678970337
resnet32x12_cifar100_K12_unif2-step_seed0001_d020,158,400,0,0,2,0.3593787258229502,0.838562548160553,0.3670816751140089,1.8518935281867557,2.016146421432495
resnet32x12_cifar100_K12_unif2-step_seed0001_d020,158,450,0,0,2,0.23178182903725944,0.9001513719558716,0.2246830723965524,2.0661117834258937,2.2835142612457275
resnet32x12_cifar100_K12_unif2-step_seed0001_d020,158,500,0,0,2,0.19854101216702813,0.919434130191803,0.25846442822802757,2.0933079039290554,2.3632559776306152
resnet32x12_cifar100_K12_unif2-step_seed0001_d020,158,550,0,0,2,0.30067427232677174,0.8694583177566528,0.3059233364740635,1.529906793136371,1.6942691802978516
resnet32x12_cifar100_K12_unif2-step_seed0001_d020,158,600,0,0,2,0.5761973158395101,0.809840202331543,0.4230483200174246,1.5031021941233382,1.9413224458694458
resnet32x12_cifar100_K12_unif2-step_seed0001_d020,158,650,0,0,2,0.5768342883853796,0.7917309999465942,0.5586212804299615,1.2562225908164573,1.561524748802185
resnet32x12_cifar100_K12_unif2-step_seed0001_d020,158,700,0,0,2,0.38098224462876273,0.8491352200508118,0.43657243105388804,1.6311400394721296,1.9060356616973877
resnet32x12_cifar100_K12_unif2-step_seed0001_d020,159,0,0,0,2,0.4330452187834168,0.8386883735656738,0.48176787140548766,1.6472448581529042,1.9899884462356567
resnet32x12_cifar100_K12_unif2-step_seed0001_d020,159,50,0,0,2,0.3952116710771369,0.8608630895614624,0.4190177121032589,1.6508222207483765,2.0305891036987305
resnet32x12_cifar100_K12_unif2-step_seed0001_d020,159,100,0,0,2,0.3485957842664513,0.857637882232666,0.3038699972113938,1.8119327052001208,2.0795626640319824
resnet32x12_cifar100_K12_unif2-step_seed0001_d020,159,150,0,0,2,0.3369183017990421,0.8707371354103088,0.31538199363164937,1.9821447620358146,2.337190628051758
resnet32x12_cifar100_K12_unif2-step_seed0001_d020,159,200,0,0,2,0.367703158686122,0.8370425701141357,0.49580213333630896,1.2142107132982096,1.3337717056274414
resnet32x12_cifar100_K12_unif2-step_seed0001_d020,159,250,0,0,2,0.31745202981811205,0.8848879337310791,0.4085977382667554,1.478018471748232,1.77638840675354
resnet32x12_cifar100_K12_unif2-step_seed0001_d020,159,300,0,0,2,0.2656260276930491,0.8886435627937317,0.31099141478260955,1.724071518177967,1.9375656843185425
resnet32x12_cifar100_K12_unif2-step_seed0001_d020,159,350,0,0,2,0.4842980280159703,0.8330479860305786,0.4050812277271606,1.6334274083247782,2.0503830909729004
resnet32x12_cifar100_K12_unif2-step_seed0001_d020,159,400,0,0,2,0.2900076426961321,0.911776065826416,0.33181708322070763,1.7630458662846906,2.2216482162475586
resnet32x12_cifar100_K12_unif2-step_seed0001_d020,159,450,0,0,2,0.2820126528470887,0.9014521837234497,0.27479988551443035,1.962395843851981,2.3726742267608643
resnet32x12_cifar100_K12_unif2-step_seed0001_d020,159,500,0,0,2,0.28709048264010995,0.86795973777771,0.329653651697465,1.7594478883432878,1.8809707164764404
resnet32x12_cifar100_K12_unif2-step_seed0001_d020,159,550,0,0,2,0.3573278370015013,0.8399525880813599,0.35667806735225754,1.9611338482920404,2.138906240463257
resnet32x12_cifar100_K12_unif2-step_seed0001_d020,159,600,0,0,2,0.3589399216956683,0.8606659173965454,0.3544743259288865,1.6060530070468073,1.8893555402755737
resnet32x12_cifar100_K12_unif2-step_seed0001_d020,159,650,0,0,2,0.546628905125444,0.8042681217193604,0.5665273010307696,1.2943671003291255,1.610357642173767
resnet32x12_cifar100_K12_unif2-step_seed0001_d020,159,700,0,0,2,0.6112091847096921,0.795776903629303,0.43004713006607154,1.5894123963739148,2.050685167312622
resnet32x12_cifar100_K12_unif2-step_seed0001_d020,160,0,0,0,2,0.24417261322906483,0.9063497185707092,0.27416114369501465,1.7107970297644257,1.9889001846313477
resnet32x12_cifar100_K12_unif2-step_seed0001_d020,160,50,0,0,2,0.2703514400645804,0.8741954565048218,0.3073241887134723,1.8107787542402471,1.9196481704711914
resnet32x12_cifar100_K12_unif2-step_seed0001_d020,160,100,0,0,2,0.5963600776838208,0.8337658643722534,0.5235227828184892,1.271967407918635,1.747297763824463
resnet32x12_cifar100_K12_unif2-step_seed0001_d020,160,150,0,0,2,0.28915263675424674,0.8772658109664917,0.2906913846953697,1.8510890951039325,2.072563648223877
resnet32x12_cifar100_K12_unif2-step_seed0001_d020,160,200,0,0,2,0.16907817481625845,0.9180763959884644,0.21989570352806728,2.1180742384567774,2.1760201454162598
resnet32x12_cifar100_K12_unif2-step_seed0001_d020,160,250,0,0,2,0.2847488003703892,0.8714605569839478,0.2700653518124444,1.8975210607312318,2.05251145362854
resnet32x12_cifar100_K12_unif2-step_seed0001_d020,160,300,0,0,2,0.7030185902359498,0.8206190466880798,0.5730980764871104,1.379307588521078,1.9781498908996582
resnet32x12_cifar100_K12_unif2-step_seed0001_d020,160,350,0,0,2,0.2903327336683453,0.8635090589523315,0.39070663839683084,1.633665893070889,1.7205685377120972
resnet32x12_cifar100_K12_unif2-step_seed0001_d020,160,400,0,0,2,0.30191848278234035,0.8947936296463013,0.19504235279354148,2.0257823421829877,2.461459159851074
resnet32x12_cifar100_K12_unif2-step_seed0001_d020,160,450,0,0,2,0.49424767590868585,0.8155175447463989,0.5371877308296116,1.3124957311651655,1.5942389965057373
resnet32x12_cifar100_K12_unif2-step_seed0001_d020,160,500,0,0,2,0.28962171626980154,0.8828151226043701,0.33279998851322384,1.7924887818819417,2.0532312393188477
resnet32x12_cifar100_K12_unif2-step_seed0001_d020,160,550,0,0,2,0.3127882893208649,0.8613550662994385,0.3481113456890388,1.435767913201794,1.5725678205490112
resnet32x12_cifar100_K12_unif2-step_seed0001_d020,160,600,0,0,2,0.23095458213162914,0.911573052406311,0.2202710917933605,1.9007336580376002,2.205630302429199
resnet32x12_cifar100_K12_unif2-step_seed0001_d020,160,650,0,0,2,0.3846416075060081,0.8302971720695496,0.377973850894704,1.655774246118932,1.825310230255127
resnet32x12_cifar100_K12_unif2-step_seed0001_d020,160,700,0,0,2,0.3041711468193027,0.8720914721488953,0.3165619135988654,2.035197017795849,2.2926135063171387
resnet32x12_cifar100_K12_unif2-step_seed0001_d020,161,0,0,0,2,0.3366447687158009,0.8736674785614014,0.3220075313466968,1.9180798780019555,2.282130718231201
resnet32x12_cifar100_K12_unif2-step_seed0001_d020,161,50,0,0,2,0.4149980054107548,0.8354393243789673,0.3290592405012377,1.7824641322824801,2.088210105895996
resnet32x12_cifar100_K12_unif2-step_seed0001_d020,161,100,0,0,2,0.26855559480890945,0.8980943560600281,0.3444518325877561,1.6735336774726135,1.9617013931274414
resnet32x12_cifar100_K12_unif2-step_seed0001_d020,161,150,0,0,2,0.541564705489914,0.8313283920288086,0.5183051131162338,1.545068630187982,2.02974009513855
resnet32x12_cifar100_K12_unif2-step_seed0001_d020,161,200,0,0,2,0.22562724405174836,0.9049242734909058,0.2885562447814763,1.6597966062653344,1.8521842956542969
resnet32x12_cifar100_K12_unif2-step_seed0001_d020,161,250,0,0,2,0.5181014904317565,0.7483526468276978,0.4925064218630901,1.442023416527442,1.482221007347107
resnet32x12_cifar100_K12_unif2-step_seed0001_d020,161,300,0,0,2,0.44875681948344215,0.8703734874725342,0.44811078731939563,1.4856646908090823,1.9678871631622314
resnet32x12_cifar100_K12_unif2-step_seed0001_d020,161,350,0,0,2,0.3746106346830952,0.8470591306686401,0.45335233472474423,1.447860039717443,1.665866732597351
resnet32x12_cifar100_K12_unif2-step_seed0001_d020,161,400,0,0,2,0.41413881794792945,0.8259473443031311,0.3375181399244088,1.810962024486455,2.0578229427337646
resnet32x12_cifar100_K12_unif2-step_seed0001_d020,161,450,0,0,2,0.5523138180115754,0.7619091272354126,0.523709125379828,1.5500592681874454,1.7459139823913574
resnet32x12_cifar100_K12_unif2-step_seed0001_d020,161,500,0,0,2,0.3950873257466385,0.8325340747833252,0.36145604625116506,1.480461664107383,1.6722105741500854
resnet32x12_cifar100_K12_unif2-step_seed0001_d020,161,550,0,0,2,0.3030360326915938,0.8660815358161926,0.4027483078118599,1.5744916428519538,1.7265692949295044
resnet32x12_cifar100_K12_unif2-step_seed0001_d020,161,600,0,0,2,0.5923661777729297,0.7730047702789307,0.5200563742349484,1.259674210891145,1.5226725339889526
resnet32x12_cifar100_K12_unif2-step_seed0001_d020,161,650,0,0,2,0.4211285521081426,0.8411227464675903,0.35088824746230435,1.6278749123770782,1.9530489444732666
resnet32x12_cifar100_K12_unif2-step_seed0001_d020,161,700,0,0,2,0.3435711455255977,0.8438318371772766,0.448251489212272,1.3601919766575774,1.4685689210891724
resnet32x12_cifar100_K12_unif2-step_seed0001_d020,162,0,0,0,2,0.6700735224387653,0.7996222972869873,0.5643042614318966,1.2065075969875803,1.6359301805496216
resnet32x12_cifar100_K12_unif2-step_seed0001_d020,162,50,0,0,2,0.6412354279363733,0.7376385927200317,0.6004180475810975,1.3513289233228116,1.5785645246505737
resnet32x12_cifar100_K12_unif2-step_seed0001_d020,162,100,0,0,2,0.6270110542722598,0.7657345533370972,0.5551591905398343,1.3328105179659024,1.6362169981002808
resnet32x12_cifar100_K12_unif2-step_seed0001_d020,162,150,0,0,2,0.23432158695246433,0.9010714292526245,0.2852191538338349,2.007868784549737,2.241046905517578
resnet32x12_cifar100_K12_unif2-step_seed0001_d020,162,200,0,0,2,0.34118684759863865,0.8417545557022095,0.31269546096461165,1.684425803357875,1.7935320138931274
resnet32x12_cifar100_K12_unif2-step_seed0001_d020,162,250,0,0,2,0.4987875851930406,0.7903064489364624,0.403310510846169,1.58057342046926,1.8043031692504883
resnet32x12_cifar100_K12_unif2-step_seed0001_d020,162,300,0,0,2,0.2056762202419795,0.9181317090988159,0.2069641140177413,2.171817586675101,2.4730067253112793
resnet32x12_cifar100_K12_unif2-step_seed0001_d020,162,350,0,0,2,0.265175744517684,0.8811706304550171,0.3328459998721858,1.616011777287237,1.7537328004837036
resnet32x12_cifar100_K12_unif2-step_seed0001_d020,162,400,0,0,2,0.21538727604468683,0.9035799503326416,0.2867164739312249,1.8072744876217333,1.95552396774292
resnet32x12_cifar100_K12_unif2-step_seed0001_d020,162,450,0,0,2,0.3761027433275232,0.8280245065689087,0.4297653722609222,1.6452781449052265,1.7710996866226196
resnet32x12_cifar100_K12_unif2-step_seed0001_d020,162,500,0,0,2,0.45740702971860986,0.8120930194854736,0.36644839068938706,1.9076367321479764,2.201417922973633
resnet32x12_cifar100_K12_unif2-step_seed0001_d020,162,550,0,0,2,0.39650763015893586,0.8613628149032593,0.3798066908585365,1.799388951323346,2.2194674015045166
resnet32x12_cifar100_K12_unif2-step_seed0001_d020,162,600,0,0,2,0.5822744535916446,0.8197683095932007,0.5107122710331035,1.4409909360760718,1.9079358577728271
resnet32x12_cifar100_K12_unif2-step_seed0001_d020,162,650,0,0,2,0.31747394032728066,0.8704884052276611,0.38301715296152267,1.5472794591626633,1.7712609767913818
resnet32x12_cifar100_K12_unif2-step_seed0001_d020,162,700,0,0,2,0.32913918896762795,0.863682746887207,0.3667598270726687,2.04646122368323,2.328263759613037
resnet32x12_cifar100_K12_unif2-step_seed0001_d020,163,0,0,0,2,0.6920547757295756,0.7928500175476074,0.44842964925232165,1.3688106384083538,1.8603829145431519
resnet32x12_cifar100_K12_unif2-step_seed0001_d020,163,50,0,0,2,0.18833015121374544,0.9250980615615845,0.22464685225857633,2.1505434014899336,2.4412641525268555
resnet32x12_cifar100_K12_unif2-step_seed0001_d020,163,100,0,0,2,0.23870837391302432,0.8890104293823242,0.34741787845703165,1.8607849417289561,1.9713985919952393
resnet32x12_cifar100_K12_unif2-step_seed0001_d020,163,150,0,0,2,0.45178371486494334,0.8349646329879761,0.4051274525826149,1.6272220824310206,1.986682653427124
resnet32x12_cifar100_K12_unif2-step_seed0001_d020,163,200,0,0,2,0.3838349578198613,0.8849548101425171,0.3009406794998829,1.807843046334176,2.33860182762146
resnet32x12_cifar100_K12_unif2-step_seed0001_d020,163,250,0,0,2,0.26331041529801674,0.8824945688247681,0.4227829948677238,1.42737947533074,1.5525530576705933
resnet32x12_cifar100_K12_unif2-step_seed0001_d020,163,300,0,0,2,0.6285029516575776,0.8447178602218628,0.6292631757165779,1.4130908304273444,2.020111322402954
resnet32x12_cifar100_K12_unif2-step_seed0001_d020,163,350,0,0,2,0.2295189774371199,0.9078617691993713,0.3179613731395275,1.6587493320397626,1.8904154300689697
resnet32x12_cifar100_K12_unif2-step_seed0001_d020,163,400,0,0,2,0.39220060449561267,0.8782204389572144,0.35825603657079774,1.7983975138390824,2.3065106868743896
resnet32x12_cifar100_K12_unif2-step_seed0001_d020,163,450,0,0,2,0.4552539485445022,0.8344078063964844,0.3975063166725201,1.6925704508646418,2.0710721015930176
resnet32x12_cifar100_K12_unif2-step_seed0001_d020,163,500,0,0,2,0.3413252664538146,0.8525179624557495,0.3682807541038802,1.7187970241702861,1.9138816595077515
resnet32x12_cifar100_K12_unif2-step_seed0001_d020,163,550,0,0,2,0.4553674568155336,0.808916449546814,0.5532330738384991,1.5997115441415801,1.82390558719635
resnet32x12_cifar100_K12_unif2-step_seed0001_d020,163,600,0,0,2,0.253399430680938,0.8834892511367798,0.34394579524846597,1.8015828696403728,1.9236435890197754
resnet32x12_cifar100_K12_unif2-step_seed0001_d020,163,650,0,0,2,0.28454133299685436,0.8754284381866455,0.22457771581506772,2.1507065876099345,2.368088960647583
resnet32x12_cifar100_K12_unif2-step_seed0001_d020,163,700,0,0,2,0.332170324557957,0.8842588663101196,0.43812077410455635,1.4587904713172255,1.782673954963684
resnet32x12_cifar100_K12_unif2-step_seed0001_d020,164,0,0,0,2,0.2740911125735426,0.8962997198104858,0.3431346789172176,1.4336146215431875,1.6839063167572021
resnet32x12_cifar100_K12_unif2-step_seed0001_d020,164,50,0,0,2,0.3839262956779536,0.8691062927246094,0.4350064057754382,1.6617162936703167,2.0643465518951416
resnet32x12_cifar100_K12_unif2-step_seed0001_d020,164,100,0,0,2,0.4072857447514265,0.8101054430007935,0.46862517897537703,1.5463961235702326,1.642596960067749
resnet32x12_cifar100_K12_unif2-step_seed0001_d020,164,150,0,0,2,0.21436157844269826,0.9028950929641724,0.25912119411616646,1.9313635092157624,2.0759973526000977
resnet32x12_cifar100_K12_unif2-step_seed0001_d020,164,200,0,0,2,0.22417383020114104,0.9050363302230835,0.2510017641528848,2.1757530881747367,2.4216952323913574
resnet32x12_cifar100_K12_unif2-step_seed0001_d020,164,250,0,0,2,0.27938887176116006,0.8918949365615845,0.37655727757197316,1.622000787520776,1.8904590606689453
resnet32x12_cifar100_K12_unif2-step_seed0001_d020,164,300,0,0,2,0.3352598999493864,0.8573288321495056,0.39116644557182034,1.7270576146890892,1.9384814500808716
resnet32x12_cifar100_K12_unif2-step_seed0001_d020,164,350,0,0,2,0.23864951788947042,0.9030776619911194,0.2906845357634406,1.8768046277674526,2.131830930709839
resnet32x12_cifar100_K12_unif2-step_seed0001_d020,164,400,0,0,2,0.22639048773370907,0.910269021987915,0.3276538264866216,1.7855679561060684,2.0440244674682617
resnet32x12_cifar100_K12_unif2-step_seed0001_d020,164,450,0,0,2,0.20157148468193986,0.9104982614517212,0.2913925235261013,1.8076365102500798,1.961946725845337
resnet32x12_cifar100_K12_unif2-step_seed0001_d020,164,500,0,0,2,0.7147092431631228,0.784615159034729,0.5054618274441356,1.7066157553326078,2.3199033737182617
resnet32x12_cifar100_K12_unif2-step_seed0001_d020,164,550,0,0,2,0.28694827329082623,0.8822431564331055,0.2904553334169897,1.767900806289628,2.0114901065826416
resnet32x12_cifar100_K12_unif2-step_seed0001_d020,164,600,0,0,2,0.2551748267980371,0.8921772837638855,0.25480401621011983,2.2887560538394687,2.559635639190674
resnet32x12_cifar100_K12_unif2-step_seed0001_d020,164,650,0,0,2,0.4070956191970232,0.8284482955932617,0.4428098601708888,1.5362144492174181,1.7422186136245728
resnet32x12_cifar100_K12_unif2-step_seed0001_d020,164,700,0,0,2,0.34606068404185847,0.8426743745803833,0.31622463892243213,1.5544321435134574,1.6782535314559937
resnet32x12_cifar100_K12_unif2-step_seed0001_d020,165,0,0,0,2,0.42786102774528034,0.8459954261779785,0.4319692174538705,1.335436543015711,1.635777473449707
resnet32x12_cifar100_K12_unif2-step_seed0001_d020,165,50,0,0,2,0.3308566895556767,0.8716273903846741,0.3500543424634112,1.9489317780205695,2.285338878631592
resnet32x12_cifar100_K12_unif2-step_seed0001_d020,165,100,0,0,2,0.3802651537586833,0.8181535601615906,0.3146381975660564,1.6845989722426178,1.7535911798477173
resnet32x12_cifar100_K12_unif2-step_seed0001_d020,165,150,0,0,2,0.4910024548648433,0.8232778310775757,0.4744481744558663,1.4693194158077254,1.8133126497268677
resnet32x12_cifar100_K12_unif2-step_seed0001_d020,165,200,0,0,2,0.7395123886880953,0.721582293510437,0.5487525280080214,1.5042449966000029,1.8527394533157349
resnet32x12_cifar100_K12_unif2-step_seed0001_d020,165,250,0,0,2,0.43999720431016304,0.785759687423706,0.5255056371172404,1.5375249317907973,1.5765399932861328
resnet32x12_cifar100_K12_unif2-step_seed0001_d020,165,300,0,0,2,0.18879504156821977,0.9232228994369507,0.3441309656773801,1.6765743770694168,1.8878931999206543
resnet32x12_cifar100_K12_unif2-step_seed0001_d020,165,350,0,0,2,0.4372767533690069,0.7963749170303345,0.3628400381490091,1.7559428805139663,1.867884874343872
resnet32x12_cifar100_K12_unif2-step_seed0001_d020,165,400,0,0,2,0.4553522862671475,0.7948401570320129,0.44620140063608005,1.632208607533694,1.7791184186935425
resnet32x12_cifar100_K12_unif2-step_seed0001_d020,165,450,0,0,2,0.5089476918917559,0.8127678632736206,0.4375265603779991,1.7417232425146152,2.1327741146087646
resnet32x12_cifar100_K12_unif2-step_seed0001_d020,165,500,0,0,2,0.41288408915356273,0.8460353016853333,0.38089922696609857,1.5676564390733123,1.8885983228683472
resnet32x12_cifar100_K12_unif2-step_seed0001_d020,165,550,0,0,2,0.6472837009784512,0.8130589723587036,0.4788967152276032,1.5519738212029284,2.1236438751220703
resnet32x12_cifar100_K12_unif2-step_seed0001_d020,165,600,0,0,2,0.30627049793587446,0.9048643112182617,0.46633715448650137,1.7159473109481524,2.159499168395996
resnet32x12_cifar100_K12_unif2-step_seed0001_d020,165,650,0,0,2,0.25148262824180834,0.9149071574211121,0.2867364665491036,1.8389216418517145,2.229619264602661
resnet32x12_cifar100_K12_unif2-step_seed0001_d020,165,700,0,0,2,0.3600529223350648,0.8516404628753662,0.4237061839667056,1.5585381442980648,1.78262197971344
resnet32x12_cifar100_K12_unif2-step_seed0001_d020,166,0,0,0,2,0.2534361092235655,0.8803815841674805,0.24622119302672377,2.0278409080026334,2.1276605129241943
resnet32x12_cifar100_K12_unif2-step_seed0001_d020,166,50,0,0,2,0.44452905453815733,0.8461877703666687,0.5470037281004619,1.3692369195920322,1.7072885036468506
resnet32x12_cifar100_K12_unif2-step_seed0001_d020,166,100,0,0,2,0.5256464550590724,0.8260374069213867,0.4701844952075255,1.5676107365675886,2.0098185539245605
resnet32x12_cifar100_K12_unif2-step_seed0001_d020,166,150,0,0,2,0.2548344270278748,0.8952018022537231,0.2766599806849417,1.9001372463448263,2.1515471935272217
resnet32x12_cifar100_K12_unif2-step_seed0001_d020,166,200,0,0,2,0.45577454863276645,0.810088574886322,0.4333611538389187,1.8152862705588861,2.0781023502349854
resnet32x12_cifar100_K12_unif2-step_seed0001_d020,166,250,0,0,2,0.34322907201286623,0.9027116894721985,0.3730058211826621,1.6039440033525183,2.0856902599334717
resnet32x12_cifar100_K12_unif2-step_seed0001_d020,166,300,0,0,2,0.46628723476529343,0.8310000896453857,0.39162994130964085,1.7929275275251702,2.199995279312134
resnet32x12_cifar100_K12_unif2-step_seed0001_d020,166,350,0,0,2,0.4067225972302738,0.8423799276351929,0.40722606178482246,1.4960346260041475,1.7704769372940063
resnet32x12_cifar100_K12_unif2-step_seed0001_d020,166,400,0,0,2,0.23083154578405363,0.8921245336532593,0.22370617949549484,2.181644012803715,2.3029000759124756
resnet32x12_cifar100_K12_unif2-step_seed0001_d020,166,450,0,0,2,0.2568282780393425,0.8949544429779053,0.2892842212070223,1.8654593287123893,2.117877721786499
resnet32x12_cifar100_K12_unif2-step_seed0001_d020,166,500,0,0,2,0.24502715067679512,0.8972525596618652,0.29930106415751084,2.0111153003070585,2.2545788288116455
resnet32x12_cifar100_K12_unif2-step_seed0001_d020,166,550,0,0,2,0.22531913389709035,0.9076100587844849,0.24652068057564325,2.222189158617521,2.5091617107391357
resnet32x12_cifar100_K12_unif2-step_seed0001_d020,166,600,0,0,2,0.3380283307458409,0.8564305305480957,0.28196695541556027,1.8648788672577845,2.0958046913146973
resnet32x12_cifar100_K12_unif2-step_seed0001_d020,166,650,0,0,2,0.7721664867757451,0.7546805739402771,0.8441004574262847,1.2227905004731945,1.637609601020813
resnet32x12_cifar100_K12_unif2-step_seed0001_d020,166,700,0,0,2,0.36758659132917043,0.8267496228218079,0.3114573990477211,1.8109938842316295,1.9066253900527954
resnet32x12_cifar100_K12_unif2-step_seed0001_d020,167,0,0,0,2,0.4646568878118722,0.8359920978546143,0.4190876683393069,1.5799557481677178,1.9597647190093994
resnet32x12_cifar100_K12_unif2-step_seed0001_d020,167,50,0,0,2,0.3894305015743914,0.8403383493423462,0.5604798169099855,1.2323432328997088,1.4166147708892822
resnet32x12_cifar100_K12_unif2-step_seed0001_d020,167,100,0,0,2,0.3326591106501465,0.8662083148956299,0.35583636154938036,1.5414953995845422,1.7792925834655762
resnet32x12_cifar100_K12_unif2-step_seed0001_d020,167,150,0,0,2,0.8108821504746052,0.7858372330665588,0.6141922059609342,1.3876239669681874,1.998701810836792
resnet32x12_cifar100_K12_unif2-step_seed0001_d020,167,200,0,0,2,0.336129204961185,0.8740163445472717,0.35096931605246723,1.790627939910872,2.131380796432495
resnet32x12_cifar100_K12_unif2-step_seed0001_d020,167,250,0,0,2,0.28687990752129994,0.8906673192977905,0.253050805298786,2.3681802713684985,2.779787063598633
resnet32x12_cifar100_K12_unif2-step_seed0001_d020,167,300,0,0,2,0.28388511156292684,0.8762791752815247,0.3683361027760844,1.9847282035256408,2.190676212310791
resnet32x12_cifar100_K12_unif2-step_seed0001_d020,167,350,0,0,2,0.1814173388950051,0.9115926027297974,0.17392755463608178,2.3548480935316443,2.40907883644104
resnet32x12_cifar100_K12_unif2-step_seed0001_d020,167,400,0,0,2,0.4650500739198468,0.8361797332763672,0.39235160728576796,1.440779552320128,1.7886606454849243
resnet32x12_cifar100_K12_unif2-step_seed0001_d020,167,450,0,0,2,0.5680337828685448,0.8599990606307983,0.47371690527971033,1.5443352551288094,2.1846859455108643
resnet32x12_cifar100_K12_unif2-step_seed0001_d020,167,500,0,0,2,0.30865649682200524,0.8532063961029053,0.3209160459702231,1.8449823172944368,1.927201509475708
resnet32x12_cifar100_K12_unif2-step_seed0001_d020,167,550,0,0,2,0.3278001981770795,0.8725149035453796,0.31205777530563017,2.0196160127128504,2.364933967590332
resnet32x12_cifar100_K12_unif2-step_seed0001_d020,167,600,0,0,2,0.2582291621280629,0.8828173875808716,0.31291967444331537,2.017714725681854,2.1725008487701416
resnet32x12_cifar100_K12_unif2-step_seed0001_d020,167,650,0,0,2,0.6043706779337492,0.7431471347808838,0.6368801014280299,1.1209578481570888,1.2766845226287842
resnet32x12_cifar100_K12_unif2-step_seed0001_d020,167,700,0,0,2,0.35178248226778014,0.8724442720413208,0.4000502513364313,1.5941035308672435,1.926493525505066
resnet32x12_cifar100_K12_unif2-step_seed0001_d020,168,0,0,0,2,0.2710376285472658,0.883886456489563,0.26106578422035603,2.0844540696824487,2.3190858364105225
resnet32x12_cifar100_K12_unif2-step_seed0001_d020,168,50,0,0,2,0.3343899762748219,0.8634756803512573,0.35740350581258507,1.6021115734189244,1.836474061012268
resnet32x12_cifar100_K12_unif2-step_seed0001_d020,168,100,0,0,2,0.36369242948518277,0.8781352043151855,0.33399948460232687,1.6327629264351393,2.033287763595581
resnet32x12_cifar100_K12_unif2-step_seed0001_d020,168,150,0,0,2,0.42780707974932775,0.8513297438621521,0.3277256818198715,2.45537430001742,3.049405813217163
resnet32x12_cifar100_K12_unif2-step_seed0001_d020,168,200,0,0,2,0.2926329531416213,0.8765220642089844,0.3180203371541183,1.9252600902872021,2.1627402305603027
resnet32x12_cifar100_K12_unif2-step_seed0001_d020,168,250,0,0,2,0.41987409549989024,0.8364676237106323,0.4066138800985646,1.5620502587608298,1.8467040061950684
resnet32x12_cifar100_K12_unif2-step_seed0001_d020,168,300,0,0,2,0.5129169969811422,0.7906421422958374,0.4566209220449232,1.7190519587823423,1.9978282451629639
resnet32x12_cifar100_K12_unif2-step_seed0001_d020,168,350,0,0,2,0.657160830608153,0.8304345011711121,0.43905540193361103,1.6274084436355802,2.309807777404785
resnet32x12_cifar100_K12_unif2-step_seed0001_d020,168,400,0,0,2,0.32425295148750083,0.8723239898681641,0.3479483848507613,1.9757659875318718,2.3002231121063232
resnet32x12_cifar100_K12_unif2-step_seed0001_d020,168,450,0,0,2,0.5302845456531599,0.8155462741851807,0.402015735537208,1.8771646719811912,2.3606982231140137
resnet32x12_cifar100_K12_unif2-step_seed0001_d020,168,500,0,0,2,0.27926756255476337,0.859953761100769,0.24501900376007305,2.068457351683825,2.062300443649292
resnet32x12_cifar100_K12_unif2-step_seed0001_d020,168,550,0,0,2,0.343879094495671,0.8728762865066528,0.3853485573154886,1.5696920051487273,1.8807001113891602
resnet32x12_cifar100_K12_unif2-step_seed0001_d020,168,600,0,0,2,0.5875912765172371,0.8129346966743469,0.607134098156601,1.3441065825253546,1.7626428604125977
resnet32x12_cifar100_K12_unif2-step_seed0001_d020,168,650,0,0,2,0.30283465704746443,0.8810005187988281,0.32171689596881625,2.269595015609964,2.637413740158081
resnet32x12_cifar100_K12_unif2-step_seed0001_d020,168,700,0,0,2,0.28462536385594767,0.8838995695114136,0.3093120826376706,1.949083159170407,2.2231571674346924
resnet32x12_cifar100_K12_unif2-step_seed0001_d020,169,0,0,0,2,0.4912784579962512,0.8321510553359985,0.47917864214831213,1.6337438236227815,2.0598506927490234
resnet32x12_cifar100_K12_unif2-step_seed0001_d020,169,50,0,0,2,0.47556861166602443,0.8359652757644653,0.5271575345604609,1.5802600883134108,1.9809905290603638
resnet32x12_cifar100_K12_unif2-step_seed0001_d020,169,100,0,0,2,0.31359980974993396,0.9018597602844238,0.38242000595780007,1.8017355816717966,2.2668745517730713
resnet32x12_cifar100_K12_unif2-step_seed0001_d020,169,150,0,0,2,0.38902441009953653,0.8751726746559143,0.34278306975843054,1.8707691141956937,2.3736536502838135
resnet32x12_cifar100_K12_unif2-step_seed0001_d020,169,200,0,0,2,0.40414716724419053,0.8512782454490662,0.3773835113735976,2.0068779934005723,2.4287147521972656
resnet32x12_cifar100_K12_unif2-step_seed0001_d020,169,250,0,0,2,0.32545897692739345,0.8738002777099609,0.37514641513597846,1.6901043469194297,1.9809799194335938
resnet32x12_cifar100_K12_unif2-step_seed0001_d020,169,300,0,0,2,0.36392272379666196,0.8658154606819153,0.4391487743929199,1.5992912749378347,1.923628807067871
resnet32x12_cifar100_K12_unif2-step_seed0001_d020,169,350,0,0,2,0.24865153642315932,0.8784787654876709,0.2048682646948132,2.4857915522557135,2.5385515689849854
resnet32x12_cifar100_K12_unif2-step_seed0001_d020,169,400,0,0,2,0.42787010089086397,0.8395934104919434,0.37034116927288063,1.9831342046880516,2.3876802921295166
resnet32x12_cifar100_K12_unif2-step_seed0001_d020,169,450,0,0,2,0.437922516197878,0.852841317653656,0.34333924550864736,2.1621612018827934,2.7229480743408203
resnet32x12_cifar100_K12_unif2-step_seed0001_d020,169,500,0,0,2,0.5102624683235202,0.7702646255493164,0.4356058141810155,1.441762657865361,1.5745316743850708
resnet32x12_cifar100_K12_unif2-step_seed0001_d020,169,550,0,0,2,0.4150814131070509,0.8462508320808411,0.4343587779802127,1.6189988169674618,1.9565540552139282
resnet32x12_cifar100_K12_unif2-step_seed0001_d020,169,600,0,0,2,0.3845771203734335,0.8640620112419128,0.354763102124658,1.8577968407461043,2.2781238555908203
resnet32x12_cifar100_K12_unif2-step_seed0001_d020,169,650,0,0,2,0.5140866436792518,0.8732945919036865,0.44775340849669815,1.360655389883576,1.9040277004241943
resnet32x12_cifar100_K12_unif2-step_seed0001_d020,169,700,0,0,2,0.24583176839104948,0.9146729111671448,0.251910606466852,2.3075146936876636,2.7732367515563965
resnet32x12_cifar100_K12_unif2-step_seed0001_d020,170,0,0,0,2,0.5263386116157467,0.7652757167816162,0.5246298780525912,1.4084722973283175,1.5492039918899536
resnet32x12_cifar100_K12_unif2-step_seed0001_d020,170,50,0,0,2,0.26217389308002487,0.8779823780059814,0.27988592930825695,2.0759999588909404,2.199970006942749
resnet32x12_cifar100_K12_unif2-step_seed0001_d020,170,100,0,0,2,0.166455535440956,0.9170764684677124,0.2339175876976823,2.0604575476787024,2.0678551197052
resnet32x12_cifar100_K12_unif2-step_seed0001_d020,170,150,0,0,2,0.42887791804639613,0.8257191181182861,0.393240347422125,1.7539763914496385,2.031841516494751
resnet32x12_cifar100_K12_unif2-step_seed0001_d020,170,200,0,0,2,0.3560476440378289,0.8454416990280151,0.4313733856511644,1.4776355537932837,1.6424815654754639
resnet32x12_cifar100_K12_unif2-step_seed0001_d020,170,250,0,0,2,0.3718407097522841,0.8685020804405212,0.492392669482288,1.4445307086388588,1.7676137685775757
resnet32x12_cifar100_K12_unif2-step_seed0001_d020,170,300,0,0,2,0.2939074335914472,0.8613872528076172,0.22325257335912255,1.8554111833175113,1.9497554302215576
resnet32x12_cifar100_K12_unif2-step_seed0001_d020,170,350,0,0,2,0.4792459639081098,0.8178646564483643,0.4254897532508169,1.6138091989971497,1.941033959388733
resnet32x12_cifar100_K12_unif2-step_seed0001_d020,170,400,0,0,2,0.2807995242928919,0.9096835851669312,0.25645070634222544,2.3038617222603945,2.8540453910827637
resnet32x12_cifar100_K12_unif2-step_seed0001_d020,170,450,0,0,2,0.40676465894362235,0.8668864369392395,0.4084723227749265,1.4135520814733564,1.7877211570739746
resnet32x12_cifar100_K12_unif2-step_seed0001_d020,170,500,0,0,2,0.6200996663215883,0.7960026264190674,0.3973732760366279,1.5577903723029993,2.0246737003326416
resnet32x12_cifar100_K12_unif2-step_seed0001_d020,170,550,0,0,2,0.3371962877881404,0.8824248313903809,0.29758407301016854,2.3913670803028855,2.9242160320281982
resnet32x12_cifar100_K12_unif2-step_seed0001_d020,170,600,0,0,2,0.6471312845635409,0.8258097767829895,0.5875839393318287,1.5644177684050902,2.1893651485443115
resnet32x12_cifar100_K12_unif2-step_seed0001_d020,170,650,0,0,2,0.229281029162337,0.9168188571929932,0.27762691860428973,1.8160414462716472,2.1449036598205566
resnet32x12_cifar100_K12_unif2-step_seed0001_d020,170,700,0,0,2,0.351621160368219,0.8510950803756714,0.3710620928305557,1.7183467045043919,1.9361419677734375
resnet32x12_cifar100_K12_unif2-step_seed0001_d020,171,0,0,0,2,0.18364939347210063,0.9110913276672363,0.2079557869695967,2.3254305205085983,2.391230344772339
resnet32x12_cifar100_K12_unif2-step_seed0001_d020,171,50,0,0,2,0.5180453448021127,0.8307604789733887,0.47109967768609656,1.4781587237972913,1.9024776220321655
resnet32x12_cifar100_K12_unif2-step_seed0001_d020,171,100,0,0,2,0.35531331946836425,0.8282737731933594,0.35862153468343383,1.9297143725790507,1.990736961364746
resnet32x12_cifar100_K12_unif2-step_seed0001_d020,171,150,0,0,2,0.41968864691867247,0.859316885471344,0.36986197928912595,1.8458364287178946,2.320129156112671
resnet32x12_cifar100_K12_unif2-step_seed0001_d020,171,200,0,0,2,0.2885245280335088,0.8722081184387207,0.4598527485134951,1.5961749010933517,1.746503472328186
resnet32x12_cifar100_K12_unif2-step_seed0001_d020,171,250,0,0,2,0.3033928189135698,0.8778006434440613,0.42088566700276075,1.5670477488192462,1.8016271591186523
resnet32x12_cifar100_K12_unif2-step_seed0001_d020,171,300,0,0,2,0.48027388718755043,0.831535816192627,0.3925803439246958,1.664524641024762,2.073887586593628
resnet32x12_cifar100_K12_unif2-step_seed0001_d020,171,350,0,0,2,0.38707122087222395,0.8386416435241699,0.4945148410857937,1.4251781285365988,1.6236956119537354
resnet32x12_cifar100_K12_unif2-step_seed0001_d020,171,400,0,0,2,0.42749744151459695,0.8325082659721375,0.5413436388604612,1.4720980853800933,1.7366878986358643
resnet32x12_cifar100_K12_unif2-step_seed0001_d020,171,450,0,0,2,0.2462373746411675,0.8783431053161621,0.24244450254943395,2.3200292960323243,2.346651315689087
resnet32x12_cifar100_K12_unif2-step_seed0001_d020,171,500,0,0,2,0.3504816149045632,0.8676570057868958,0.4930930582385992,1.5539242965394455,1.8477343320846558
resnet32x12_cifar100_K12_unif2-step_seed0001_d020,171,550,0,0,2,0.5775498998675683,0.7976561784744263,0.5177470064238167,1.4366206921318945,1.8102096319198608
resnet32x12_cifar100_K12_unif2-step_seed0001_d020,171,600,0,0,2,0.47779367034800624,0.8038910627365112,0.46141715762946944,1.6985866730287906,1.9636962413787842
resnet32x12_cifar100_K12_unif2-step_seed0001_d020,171,650,0,0,2,0.3467997695496094,0.8814594745635986,0.36861447688237864,2.0255164582792236,2.4980087280273438
resnet32x12_cifar100_K12_unif2-step_seed0001_d020,171,700,0,0,2,0.5236251215269764,0.813400387763977,0.5216516254110091,1.632538840984121,2.03055477142334
resnet32x12_cifar100_K12_unif2-step_seed0001_d020,172,0,0,0,2,0.5750356007845191,0.7964653968811035,0.3955902000453647,1.9517314364367824,2.4475882053375244
resnet32x12_cifar100_K12_unif2-step_seed0001_d020,172,50,0,0,2,0.3399287828635025,0.880054235458374,0.3464689124405443,1.858771731179709,2.2645797729492188
resnet32x12_cifar100_K12_unif2-step_seed0001_d020,172,100,0,0,2,0.5405834644493756,0.8006170392036438,0.47114978256477835,1.4137273992052395,1.7342596054077148
resnet32x12_cifar100_K12_unif2-step_seed0001_d020,172,150,0,0,2,0.4017054841731571,0.8261098861694336,0.4290663192059963,1.9337701273920518,2.1585099697113037
resnet32x12_cifar100_K12_unif2-step_seed0001_d020,172,200,0,0,2,0.4160496036074923,0.8259202241897583,0.413278046365074,1.800936412953266,2.051769495010376
resnet32x12_cifar100_K12_unif2-step_seed0001_d020,172,250,0,0,2,0.25446684540012277,0.8891404867172241,0.386213234960673,1.7004742073182524,1.8728368282318115
resnet32x12_cifar100_K12_unif2-step_seed0001_d020,172,300,0,0,2,0.27167084318449114,0.8794628381729126,0.27367363451329113,1.8228951007838916,1.9904024600982666
resnet32x12_cifar100_K12_unif2-step_seed0001_d020,172,350,0,0,2,0.305270676137252,0.8790404796600342,0.4607836444613517,1.5383596606634746,1.7818737030029297
resnet32x12_cifar100_K12_unif2-step_seed0001_d020,172,400,0,0,2,0.4231231798432007,0.8318350315093994,0.3834806734186662,1.7621670509933753,2.06360125541687
resnet32x12_cifar100_K12_unif2-step_seed0001_d020,172,450,0,0,2,0.38141876536717617,0.8202568292617798,0.3190425061507236,1.7589326129559841,1.8524235486984253
resnet32x12_cifar100_K12_unif2-step_seed0001_d020,172,500,0,0,2,0.37900891202772574,0.8520846366882324,0.3942917683124154,1.8834547158456545,2.2153377532958984
resnet32x12_cifar100_K12_unif2-step_seed0001_d020,172,550,0,0,2,0.4125211933375437,0.8557474613189697,0.33648827109470286,1.9933016784200068,2.4643306732177734
resnet32x12_cifar100_K12_unif2-step_seed0001_d020,172,600,0,0,2,0.27944622571396044,0.8808534741401672,0.32174255387904094,1.5191541659869154,1.6955537796020508
resnet32x12_cifar100_K12_unif2-step_seed0001_d020,172,650,0,0,2,0.4613244611546803,0.8383457660675049,0.39674046156689674,1.7711984893695898,2.202481269836426
resnet32x12_cifar100_K12_unif2-step_seed0001_d020,172,700,0,0,2,0.4092365275774294,0.8655089735984802,0.4217249133035172,1.8782300465891169,2.3730156421661377
resnet32x12_cifar100_K12_unif2-step_seed0001_d020,173,0,0,0,2,0.26924903220842566,0.8685265779495239,0.3411237246712372,2.06491687080851,2.1105687618255615
resnet32x12_cifar100_K12_unif2-step_seed0001_d020,173,50,0,0,2,0.42958703560512956,0.8132809400558472,0.3589635574176313,1.7805513048972608,1.9852516651153564
resnet32x12_cifar100_K12_unif2-step_seed0001_d020,173,100,0,0,2,0.5380699989475676,0.8409201502799988,0.48597907808964996,1.6006789584823222,2.138688802719116
resnet32x12_cifar100_K12_unif2-step_seed0001_d020,173,150,0,0,2,0.325747245279413,0.8583256006240845,0.2801200384814499,2.2846734474281125,2.53202486038208
resnet32x12_cifar100_K12_unif2-step_seed0001_d020,173,200,0,0,2,0.45169094846869595,0.8079809546470642,0.5319977809823339,1.706122464174964,1.930107593536377
resnet32x12_cifar100_K12_unif2-step_seed0001_d020,173,250,0,0,2,0.3735650454506669,0.8471704721450806,0.4477093521053684,1.8249855145441287,2.0973973274230957
resnet32x12_cifar100_K12_unif2-step_seed0001_d020,173,300,0,0,2,0.44229430383122476,0.8140491247177124,0.38681402905657203,1.9203946374595442,2.185486078262329
resnet32x12_cifar100_K12_unif2-step_seed0001_d020,173,350,0,0,2,0.3711570456866068,0.837335467338562,0.48805851680332707,1.468614369075259,1.6245795488357544
resnet32x12_cifar100_K12_unif2-step_seed0001_d020,173,400,0,0,2,0.5721050260634533,0.7902153730392456,0.431936454818751,1.8004688314649555,2.2209677696228027
resnet32x12_cifar100_K12_unif2-step_seed0001_d020,173,450,0,0,2,0.23849263177826202,0.8805233240127563,0.2598183472856781,2.140865228914526,2.1367030143737793
resnet32x12_cifar100_K12_unif2-step_seed0001_d020,173,500,0,0,2,0.46675952699890977,0.806502640247345,0.40399846121921845,1.663684712539803,1.911334753036499
resnet32x12_cifar100_K12_unif2-step_seed0001_d020,173,550,0,0,2,0.43690541125536375,0.8504459261894226,0.39034556495680794,2.084833317230019,2.6073977947235107
resnet32x12_cifar100_K12_unif2-step_seed0001_d020,173,600,0,0,2,0.37912738128650647,0.8537532091140747,0.40710319312691473,1.757710025767398,2.0783519744873047
resnet32x12_cifar100_K12_unif2-step_seed0001_d020,173,650,0,0,2,0.383442296309836,0.8296599388122559,0.3575673789616175,2.175364593114468,2.387622594833374
resnet32x12_cifar100_K12_unif2-step_seed0001_d020,173,700,0,0,2,0.2558051314674105,0.8982517719268799,0.21704697065942624,2.155424208697605,2.475665330886841
resnet32x12_cifar100_K12_unif2-step_seed0001_d020,174,0,0,0,2,0.406370636665827,0.8749344348907471,0.42820663218533667,1.5846124384605536,2.043388605117798
resnet32x12_cifar100_K12_unif2-step_seed0001_d020,174,50,0,0,2,0.44200672609785474,0.8433406352996826,0.4084046132136312,2.22175115784767,2.743389129638672
resnet32x12_cifar100_K12_unif2-step_seed0001_d020,174,100,0,0,2,0.536075081804828,0.8202117085456848,0.3967851154365758,1.6284835596329337,2.0798704624176025
resnet32x12_cifar100_K12_unif2-step_seed0001_d020,174,150,0,0,2,0.3109932269582716,0.8773247003555298,0.2619130267132576,2.5194453261753695,2.926053047180176
resnet32x12_cifar100_K12_unif2-step_seed0001_d020,174,200,0,0,2,0.40490697683725246,0.8412511348724365,0.3548207068079589,1.8906663622154203,2.224985122680664
resnet32x12_cifar100_K12_unif2-step_seed0001_d020,174,250,0,0,2,0.3106282266027466,0.8712157607078552,0.32031654468492404,2.081874018416664,2.363176107406616
resnet32x12_cifar100_K12_unif2-step_seed0001_d020,174,300,0,0,2,0.4585083968534909,0.8083942532539368,0.39289002446469845,1.9617004126295974,2.242366313934326
resnet32x12_cifar100_K12_unif2-step_seed0001_d020,174,350,0,0,2,0.3925068928464839,0.84732586145401,0.3874434197476948,1.7141138143865051,2.0221283435821533
resnet32x12_cifar100_K12_unif2-step_seed0001_d020,174,400,0,0,2,0.47138748399997676,0.8112949728965759,0.3987292073475423,1.6573589858747237,1.9412264823913574
resnet32x12_cifar100_K12_unif2-step_seed0001_d020,174,450,0,0,2,0.2961652126281181,0.8708209991455078,0.28507355619896374,2.1773395539658393,2.4043521881103516
resnet32x12_cifar100_K12_unif2-step_seed0001_d020,174,500,0,0,2,0.2751683107925283,0.8881382942199707,0.3564932394782824,2.0393515195672687,2.3269758224487305
resnet32x12_cifar100_K12_unif2-step_seed0001_d020,174,550,0,0,2,0.43436448745060224,0.8214085698127747,0.3768202353178274,1.7511139457833529,2.0167152881622314
resnet32x12_cifar100_K12_unif2-step_seed0001_d020,174,600,0,0,2,0.2907482778947933,0.8897751569747925,0.3372141756688229,1.90502483832319,2.2420482635498047
resnet32x12_cifar100_K12_unif2-step_seed0001_d020,174,650,0,0,2,0.26248954472525327,0.8676007986068726,0.3942844518139521,1.9890074836931555,1.9710525274276733
resnet32x12_cifar100_K12_unif2-step_seed0001_d020,174,700,0,0,2,0.7244284624186528,0.7416780591011047,0.591972036670002,1.4182849878184365,1.7950093746185303
resnet32x12_cifar100_K12_unif2-step_seed0001_d020,175,0,0,0,2,0.31341336576770756,0.9224954843521118,0.30432205293281495,2.2374075204502057,2.971214771270752
resnet32x12_cifar100_K12_unif2-step_seed0001_d020,175,50,0,0,2,0.3954790171694407,0.8391653895378113,0.32333947485596004,1.8942210779236333,2.187603712081909
resnet32x12_cifar100_K12_unif2-step_seed0001_d020,175,100,0,0,2,0.41575895720144684,0.8149497509002686,0.43947167448297303,1.6945576899195058,1.8599787950515747
resnet32x12_cifar100_K12_unif2-step_seed0001_d020,175,150,0,0,2,0.5569872533409278,0.8169808387756348,0.4221920348483476,1.628537362681738,2.1020138263702393
resnet32x12_cifar100_K12_unif2-step_seed0001_d020,175,200,0,0,2,0.26536843573114344,0.8849719762802124,0.3218774398141496,2.0666334175183474,2.284247398376465
resnet32x12_cifar100_K12_unif2-step_seed0001_d020,175,250,0,0,2,0.21524858354151266,0.9092712998390198,0.2687822586655649,2.1477661193519837,2.3931829929351807
resnet32x12_cifar100_K12_unif2-step_seed0001_d020,175,300,0,0,2,0.34956663610732924,0.859749972820282,0.3620392266152539,2.1671866991059487,2.508815288543701
resnet32x12_cifar100_K12_unif2-step_seed0001_d020,175,350,0,0,2,0.15887370973553194,0.9197484254837036,0.2206596830302689,2.4860651756698218,2.4589879512786865
resnet32x12_cifar100_K12_unif2-step_seed0001_d020,175,400,0,0,2,0.83550929928775,0.7504334449768066,0.5998460581001828,1.442025813899415,1.9926321506500244
resnet32x12_cifar100_K12_unif2-step_seed0001_d020,175,450,0,0,2,0.3382215455378896,0.8483284711837769,0.32123055153262564,2.176520559286109,2.3700501918792725
resnet32x12_cifar100_K12_unif2-step_seed0001_d020,175,500,0,0,2,0.17857630167232985,0.9199051260948181,0.19591369103025089,2.077479785770351,2.2382562160491943
resnet32x12_cifar100_K12_unif2-step_seed0001_d020,175,550,0,0,2,0.5375882642084895,0.8496441841125488,0.5368918847516084,1.6913796085787962,2.298651695251465
resnet32x12_cifar100_K12_unif2-step_seed0001_d020,175,600,0,0,2,0.25733511087402783,0.9061190485954285,0.333423597246885,1.8072889329814483,2.1436173915863037
resnet32x12_cifar100_K12_unif2-step_seed0001_d020,175,650,0,0,2,0.30619420046357315,0.8875969648361206,0.3697763534253301,2.147003583097555,2.564011812210083
resnet32x12_cifar100_K12_unif2-step_seed0001_d020,175,700,0,0,2,0.4523715604275147,0.8089711666107178,0.3528835256412474,1.7997381205261436,2.044111728668213
resnet32x12_cifar100_K12_unif2-step_seed0001_d020,176,0,0,0,2,0.35090279170213956,0.8737620115280151,0.3890849945129536,1.593309304137308,1.930991291999817
resnet32x12_cifar100_K12_unif2-step_seed0001_d020,176,50,0,0,2,0.3245078552170068,0.8642657995223999,0.28721063905086447,2.0228481539102425,2.2890384197235107
resnet32x12_cifar100_K12_unif2-step_seed0001_d020,176,100,0,0,2,0.3054346141911938,0.8685101270675659,0.2700253836371803,2.179822691960011,2.426004648208618
resnet32x12_cifar100_K12_unif2-step_seed0001_d020,176,150,0,0,2,0.34228103867628423,0.8427717089653015,0.2595368322817095,2.054868740892557,2.2028164863586426
resnet32x12_cifar100_K12_unif2-step_seed0001_d020,176,200,0,0,2,0.415142438281583,0.8356053233146667,0.41207403109111856,1.9009598666494294,2.2285385131835938
resnet32x12_cifar100_K12_unif2-step_seed0001_d020,176,250,0,0,2,0.3991251027026047,0.888060450553894,0.35484125749064477,2.247159542482219,2.969379186630249
resnet32x12_cifar100_K12_unif2-step_seed0001_d020,176,300,0,0,2,0.5921708242658446,0.8321897983551025,0.5052502391937261,1.655171601080147,2.2605879306793213
resnet32x12_cifar100_K12_unif2-step_seed0001_d020,176,350,0,0,2,0.18945235791605328,0.9177255630493164,0.2015542084939886,2.6202632310269567,2.8710055351257324
resnet32x12_cifar100_K12_unif2-step_seed0001_d020,176,400,0,0,2,0.42166232259928577,0.8275119662284851,0.4156163553263897,1.920131605922813,2.2153732776641846
resnet32x12_cifar100_K12_unif2-step_seed0001_d020,176,450,0,0,2,0.3848019304136123,0.8206312656402588,0.4206163869624676,1.356720711727409,1.4407778978347778
resnet32x12_cifar100_K12_unif2-step_seed0001_d020,176,500,0,0,2,0.2560093503366272,0.9130195379257202,0.32807367578027463,1.9805224409481255,2.4011363983154297
resnet32x12_cifar100_K12_unif2-step_seed0001_d020,176,550,0,0,2,0.47582143421836803,0.8499186038970947,0.35224400957460306,2.0954637488522456,2.713827610015869
resnet32x12_cifar100_K12_unif2-step_seed0001_d020,176,600,0,0,2,0.428800311470944,0.8456770777702332,0.3909393509341547,1.9812317832325907,2.427229166030884
resnet32x12_cifar100_K12_unif2-step_seed0001_d020,176,650,0,0,2,0.35119732716180124,0.8736030459403992,0.372388791023727,1.5190844822909482,1.8408321142196655
resnet32x12_cifar100_K12_unif2-step_seed0001_d020,176,700,0,0,2,0.28129288802440033,0.8865405321121216,0.2640115533642402,2.379482656718272,2.7265570163726807
resnet32x12_cifar100_K12_unif2-step_seed0001_d020,177,0,0,0,2,0.2953665380022532,0.8784971237182617,0.30895971488839563,1.9416283954346805,2.208756923675537
resnet32x12_cifar100_K12_unif2-step_seed0001_d020,177,50,0,0,2,0.5103106902946944,0.8474798202514648,0.3954263994371156,1.804730303368209,2.392225503921509
resnet32x12_cifar100_K12_unif2-step_seed0001_d020,177,100,0,0,2,0.6137215362981954,0.8369138240814209,0.5381883819780042,1.5093912348851506,2.109225273132324
resnet32x12_cifar100_K12_unif2-step_seed0001_d020,177,150,0,0,2,0.26423685180887907,0.8848617076873779,0.23285608710279573,2.145914600895086,2.365133285522461
resnet32x12_cifar100_K12_unif2-step_seed0001_d020,177,200,0,0,2,0.3042094538311508,0.8651447296142578,0.3346428915064304,1.8078578168485906,1.979020357131958
resnet32x12_cifar100_K12_unif2-step_seed0001_d020,177,250,0,0,2,0.3857016528641643,0.8741047382354736,0.3461933926711524,2.06740749166009,2.6071958541870117
resnet32x12_cifar100_K12_unif2-step_seed0001_d020,177,300,0,0,2,0.4971752322246166,0.8562479019165039,0.5491747914457967,1.841298429288605,2.460308074951172
resnet32x12_cifar100_K12_unif2-step_seed0001_d020,177,350,0,0,2,0.36607738931579664,0.8466596603393555,0.3858688003988132,1.5043629931171614,1.7068514823913574
resnet32x12_cifar100_K12_unif2-step_seed0001_d020,177,400,0,0,2,0.38158208937967664,0.8840634226799011,0.4379739115470353,1.7935857770755719,2.3101062774658203
resnet32x12_cifar100_K12_unif2-step_seed0001_d020,177,450,0,0,2,0.6925210849135217,0.7872399091720581,0.46181418512032746,1.704130243535503,2.2938427925109863
resnet32x12_cifar100_K12_unif2-step_seed0001_d020,177,500,0,0,2,0.6077303121231046,0.7732937335968018,0.5304800722254609,1.60708670290982,1.9716546535491943
resnet32x12_cifar100_K12_unif2-step_seed0001_d020,177,550,0,0,2,0.6903786765962324,0.7154463529586792,0.43537951056241225,1.7757572009652065,2.0690407752990723
resnet32x12_cifar100_K12_unif2-step_seed0001_d020,177,600,0,0,2,0.5462963606160376,0.7498215436935425,0.4050472394122276,1.995331321872488,2.1534781455993652
resnet32x12_cifar100_K12_unif2-step_seed0001_d020,177,650,0,0,2,0.3719735657384006,0.8481751680374146,0.2975639421994726,2.282799181680648,2.6262645721435547
resnet32x12_cifar100_K12_unif2-step_seed0001_d020,177,700,0,0,2,0.39172870210078875,0.8610405921936035,0.4817334472734679,1.429665737299144,1.7526215314865112
resnet32x12_cifar100_K12_unif2-step_seed0001_d020,178,0,0,0,2,0.5130695123805252,0.8541585206985474,0.4924974844741207,1.606642839062494,2.163762331008911
resnet32x12_cifar100_K12_unif2-step_seed0001_d020,178,50,0,0,2,0.4441694847421083,0.840279221534729,0.3578005946529618,2.087089763237214,2.5627081394195557
resnet32x12_cifar100_K12_unif2-step_seed0001_d020,178,100,0,0,2,0.3226126347849615,0.8744306564331055,0.37138565251433836,1.669737117429208,1.9532537460327148
resnet32x12_cifar100_K12_unif2-step_seed0001_d020,178,150,0,0,2,0.5566798765355097,0.8025834560394287,0.4880409472739119,1.508116143046874,1.8862204551696777
resnet32x12_cifar100_K12_unif2-step_seed0001_d020,178,200,0,0,2,0.4904351673095707,0.8397948741912842,0.49201499433735146,1.7929359050725953,2.2988381385803223
resnet32x12_cifar100_K12_unif2-step_seed0001_d020,178,250,0,0,2,0.35470319687201257,0.8634450435638428,0.3151886523372332,1.9744915271460357,2.3300044536590576
resnet32x12_cifar100_K12_unif2-step_seed0001_d020,178,300,0,0,2,0.22296324043465607,0.8944379687309265,0.2600279928649836,2.4613120142232807,2.574625015258789
resnet32x12_cifar100_K12_unif2-step_seed0001_d020,178,350,0,0,2,0.4390638362585429,0.8643463253974915,0.33757813743260306,1.9445929364619212,2.51981782913208
resnet32x12_cifar100_K12_unif2-step_seed0001_d020,178,400,0,0,2,0.279223836506542,0.8555232286453247,0.2726461626679717,1.557595758081429,1.4969855546951294
resnet32x12_cifar100_K12_unif2-step_seed0001_d020,178,450,0,0,2,0.5100224932558228,0.820328950881958,0.47222301379231735,1.7712902900673881,2.2106940746307373
resnet32x12_cifar100_K12_unif2-step_seed0001_d020,178,500,0,0,2,0.34613975416736825,0.8765065670013428,0.37993138575517765,1.8814674733331027,2.2854981422424316
resnet32x12_cifar100_K12_unif2-step_seed0001_d020,178,550,0,0,2,0.41071303606180043,0.8288531303405762,0.40092006770309513,1.7047312450303105,1.9458483457565308
resnet32x12_cifar100_K12_unif2-step_seed0001_d020,178,600,0,0,2,0.31937665040283647,0.8621697425842285,0.3203596693106062,2.060335352739226,2.292320728302002
resnet32x12_cifar100_K12_unif2-step_seed0001_d020,178,650,0,0,2,0.3615596350732912,0.849003255367279,0.38483939517344246,2.0576721097172888,2.337512254714966
resnet32x12_cifar100_K12_unif2-step_seed0001_d020,178,700,0,0,2,0.4328836397802231,0.8703840970993042,0.31752726471795645,1.7674785101203303,2.3097269535064697
resnet32x12_cifar100_K12_unif2-step_seed0001_d020,179,0,0,0,2,0.24523032243128093,0.871203601360321,0.22466303350741307,2.166071320927866,2.0279035568237305
resnet32x12_cifar100_K12_unif2-step_seed0001_d020,179,50,0,0,2,0.28124314170222103,0.8905320167541504,0.3842647928951177,1.9863684546053313,2.3103342056274414
resnet32x12_cifar100_K12_unif2-step_seed0001_d020,179,100,0,0,2,0.6904825930045246,0.798820972442627,0.4580351084262095,1.6738370986395248,2.2965967655181885
resnet32x12_cifar100_K12_unif2-step_seed0001_d020,179,150,0,0,2,0.3228437592292997,0.8625375032424927,0.31848876648561353,2.2751364111613372,2.550480604171753
resnet32x12_cifar100_K12_unif2-step_seed0001_d020,179,200,0,0,2,0.33503744493063176,0.8759937286376953,0.35050802045499196,2.114421543891141,2.5288426876068115
resnet32x12_cifar100_K12_unif2-step_seed0001_d020,179,250,0,0,2,0.2558518632183622,0.8852462768554688,0.3011839013159079,2.065569702885683,2.2391281127929688
resnet32x12_cifar100_K12_unif2-step_seed0001_d020,179,300,0,0,2,0.18796937196134259,0.9182015657424927,0.26743476717785175,1.9056770839561012,2.085667848587036
resnet32x12_cifar100_K12_unif2-step_seed0001_d020,179,350,0,0,2,0.44306661704305006,0.8151941299438477,0.45160366610440766,1.8926869647496396,2.1637778282165527
resnet32x12_cifar100_K12_unif2-step_seed0001_d020,179,400,0,0,2,0.35290272505508113,0.8456750512123108,0.30752222999154905,1.9389476905050567,2.1455912590026855
resnet32x12_cifar100_K12_unif2-step_seed0001_d020,179,450,0,0,2,0.34274780605159916,0.8508039712905884,0.33182300983013224,2.123665558930823,2.3549392223358154
resnet32x12_cifar100_K12_unif2-step_seed0001_d020,179,500,0,0,2,0.36849132535778995,0.8665318489074707,0.2718015151808932,1.995994610200076,2.4192047119140625
resnet32x12_cifar100_K12_unif2-step_seed0001_d020,179,550,0,0,2,0.2320675099579377,0.9106348752975464,0.2577875848602619,2.063595105370996,2.3902013301849365
resnet32x12_cifar100_K12_unif2-step_seed0001_d020,179,600,0,0,2,0.427508907065552,0.858572244644165,0.3708768321186032,1.8273003829500554,2.3103463649749756
resnet32x12_cifar100_K12_unif2-step_seed0001_d020,179,650,0,0,2,0.37750251035377597,0.8585100173950195,0.3171326760270342,2.279897419479036,2.72892427444458
resnet32x12_cifar100_K12_unif2-step_seed0001_d020,179,700,0,0,2,0.40942946768950944,0.8786284923553467,0.4049917640065094,1.8332772968860527,2.391620397567749
resnet32x12_cifar100_K12_unif2-step_seed0001_d020,180,0,0,0,2,0.4050906582496318,0.870127260684967,0.4109093040417296,1.7311663115066973,2.2035722732543945
resnet32x12_cifar100_K12_unif2-step_seed0001_d020,180,50,0,0,2,0.32383252869319257,0.8717005252838135,0.40836584407461124,1.8757845826538426,2.1777868270874023
resnet32x12_cifar100_K12_unif2-step_seed0001_d020,180,100,0,0,2,0.3716499825743431,0.8371789455413818,0.5354092861004555,1.40291190791345,1.552282452583313
resnet32x12_cifar100_K12_unif2-step_seed0001_d020,180,150,0,0,2,0.4441721808359263,0.8867651224136353,0.4423147797293452,1.557625453054088,2.1291098594665527
resnet32x12_cifar100_K12_unif2-step_seed0001_d020,180,200,0,0,2,0.5029397539855973,0.8098554611206055,0.49957899706764036,1.616079494513395,1.9528052806854248
resnet32x12_cifar100_K12_unif2-step_seed0001_d020,180,250,0,0,2,0.3897925438138856,0.8474130630493164,0.44215760730965414,1.8314963009125482,2.1536507606506348
resnet32x12_cifar100_K12_unif2-step_seed0001_d020,180,300,0,0,2,0.37462672820110443,0.8495094776153564,0.3325457751902858,2.0075766577045218,2.3284289836883545
resnet32x12_cifar100_K12_unif2-step_seed0001_d020,180,350,0,0,2,0.32331013320383084,0.8846458196640015,0.2774487119201519,1.8784046415565696,2.273021936416626
resnet32x12_cifar100_K12_unif2-step_seed0001_d020,180,400,0,0,2,0.22951197725999795,0.8973468542098999,0.25004157284654865,2.1030455394318195,2.2791593074798584
resnet32x12_cifar100_K12_unif2-step_seed0001_d020,180,450,0,0,2,0.41719701311668356,0.8470965027809143,0.39961156153517907,1.653942876454389,2.008228063583374
resnet32x12_cifar100_K12_unif2-step_seed0001_d020,180,500,0,0,2,0.19470482551809662,0.9242620468139648,0.24532729463542288,1.9764299310548261,2.264085531234741
resnet32x12_cifar100_K12_unif2-step_seed0001_d020,180,550,0,0,2,0.3841139989079991,0.8191643953323364,0.3617142229912332,1.766712225320572,1.8621017932891846
resnet32x12_cifar100_K12_unif2-step_seed0001_d020,180,600,0,0,2,0.39073357811927517,0.8018707633018494,0.44013548149876003,1.7106474190672518,1.6858927011489868
resnet32x12_cifar100_K12_unif2-step_seed0001_d020,180,650,0,0,2,0.4497535025582749,0.8225430250167847,0.5640534809030433,1.37930560070077,1.6247848272323608
resnet32x12_cifar100_K12_unif2-step_seed0001_d020,180,700,0,0,2,0.4320684327030095,0.8368371725082397,0.4088967817117921,1.6641450243621723,1.9980673789978027
resnet32x12_cifar100_K12_unif2-step_seed0001_d020,181,0,0,0,2,0.3872123640190691,0.8685588836669922,0.42622607190434925,1.3964406680223262,1.7383811473846436
resnet32x12_cifar100_K12_unif2-step_seed0001_d020,181,50,0,0,2,0.1894742732784082,0.9275275468826294,0.2939579636250583,1.9581539261255432,2.253140926361084
resnet32x12_cifar100_K12_unif2-step_seed0001_d020,181,100,0,0,2,0.3357536999344314,0.8458907604217529,0.2904301471047668,1.9337621750352776,2.0736749172210693
resnet32x12_cifar100_K12_unif2-step_seed0001_d020,181,150,0,0,2,0.2559846011181214,0.9018959999084473,0.3662488330019974,1.7432652719217963,2.0314910411834717
resnet32x12_cifar100_K12_unif2-step_seed0001_d020,181,200,0,0,2,0.5906401711852788,0.846804141998291,0.43292228748497935,1.7290532025105,2.423314332962036
resnet32x12_cifar100_K12_unif2-step_seed0001_d020,181,250,0,0,2,0.3716180146629318,0.8266752362251282,0.4515462428132282,1.6350723033631698,1.735166311264038
resnet32x12_cifar100_K12_unif2-step_seed0001_d020,181,300,0,0,2,0.15234683254087072,0.9540609121322632,0.21642958451281485,2.2057816740509706,2.6562447547912598
resnet32x12_cifar100_K12_unif2-step_seed0001_d020,181,350,0,0,2,0.3198953912741041,0.8751386404037476,0.2924360397331849,2.0843921895154796,2.4345526695251465
resnet32x12_cifar100_K12_unif2-step_seed0001_d020,181,400,0,0,2,0.21368296345094795,0.9157235026359558,0.26723569210599485,2.3565096603315334,2.696479082107544
resnet32x12_cifar100_K12_unif2-step_seed0001_d020,181,450,0,0,2,0.5097268332916751,0.8232778310775757,0.43829098452158655,1.5589917279526235,1.958570122718811
resnet32x12_cifar100_K12_unif2-step_seed0001_d020,181,500,0,0,2,0.29518717968883507,0.8923261165618896,0.33748724077228887,2.0079755308704494,2.3989388942718506
resnet32x12_cifar100_K12_unif2-step_seed0001_d020,181,550,0,0,2,0.3353737449029711,0.8711480498313904,0.2948710845740747,1.8310455077894894,2.1573128700256348
resnet32x12_cifar100_K12_unif2-step_seed0001_d020,181,600,0,0,2,0.3678808903146575,0.8599086403846741,0.3177289550653985,1.887334687528368,2.24123215675354
resnet32x12_cifar100_K12_unif2-step_seed0001_d020,181,650,0,0,2,0.17018355194035534,0.9190905094146729,0.26337532313839157,1.9045031939515051,1.9829705953598022
resnet32x12_cifar100_K12_unif2-step_seed0001_d020,181,700,0,0,2,0.4094845748689534,0.7901220321655273,0.3696197470809122,1.68568647918212,1.6417036056518555
resnet32x12_cifar100_K12_unif2-step_seed0001_d020,182,0,0,0,2,0.32364708850352164,0.8710484504699707,0.311334096074044,1.9244929525236913,2.228667736053467
resnet32x12_cifar100_K12_unif2-step_seed0001_d020,182,50,0,0,2,0.304241489838782,0.8851550221443176,0.5523445490122696,1.3317527144175072,1.5732873678207397
