run_id,run_tag,cohort,dataset,K,arm,arm_label,target,comm_on,comm_block,kd_scale,comm_accounting,seed,epochs,batch_size,base_lr,momentum,weight_decay,nesterov,graph_seed,lr_step,lr_gamma,kd_T,k_matchings,k_anneal,match_weight,kappa,rematch_every_epochs,recency_lambda,recency_gamma,peel_weighting,graph,label_noise_rate,actual_noise_rate,noise_seed,split_seed,n_train,n_valid,n_test,cohort_params,resample,epoch,lr,k_current,comm_duty,epoch_seconds,avg_test_acc,std_test_acc,min_test_acc,max_test_acc,ensemble_test_acc,ens_minus_avg_test,avg_val_acc,ensemble_val_acc,disagreement_val,rho_val,disagreement_test,rho_test,avg_test_acc_resnet32,model_00_arch,model_00_test_acc,model_00_val_acc,model_00_train_loss,model_00_ce_loss,model_00_kd_loss,model_01_arch,model_01_test_acc,model_01_val_acc,model_01_train_loss,model_01_ce_loss,model_01_kd_loss,model_02_arch,model_02_test_acc,model_02_val_acc,model_02_train_loss,model_02_ce_loss,model_02_kd_loss,model_03_arch,model_03_test_acc,model_03_val_acc,model_03_train_loss,model_03_ce_loss,model_03_kd_loss,model_04_arch,model_04_test_acc,model_04_val_acc,model_04_train_loss,model_04_ce_loss,model_04_kd_loss,model_05_arch,model_05_test_acc,model_05_val_acc,model_05_train_loss,model_05_ce_loss,model_05_kd_loss,model_06_arch,model_06_test_acc,model_06_val_acc,model_06_train_loss,model_06_ce_loss,model_06_kd_loss,model_07_arch,model_07_test_acc,model_07_val_acc,model_07_train_loss,model_07_ce_loss,model_07_kd_loss,model_08_arch,model_08_test_acc,model_08_val_acc,model_08_train_loss,model_08_ce_loss,model_08_kd_loss,model_09_arch,model_09_test_acc,model_09_val_acc,model_09_train_loss,model_09_ce_loss,model_09_kd_loss,model_10_arch,model_10_test_acc,model_10_val_acc,model_10_train_loss,model_10_ce_loss,model_10_kd_loss,model_11_arch,model_11_test_acc,model_11_val_acc,model_11_train_loss,model_11_ce_loss,model_11_kd_loss,comm_logit_floats_epoch,comm_matcher_ints_epoch,comm_bytes_epoch,comm_bytes_cum,comm_bytes_cum_cohort
resnet32x12_cifar100_K12_unif2-step_seed0001_d020,d020,resnet32:12,cifar100,12,sampled,unif2-step,peers,0,0,1.0,p2p,1,200,64,0.1,0.9,0.0005,True,0,60,0.1,1.0,2,,disagreement,1.0,1,0.0,0.5,weight,complete,0.0,0.0,42,0,45000,5000,10000,5640048,step,0,0.1,2,1.0,116.61,0.022308333333333333,0.005439739321777182,0.0142,0.0318,0.0436,0.021291666666666667,0.021500000000000002,0.0412,0.757281818181818,0.23448232154153661,0.7574999999999997,0.24691768368783615,0.022308333333333333,resnet32,0.0145,0.0132,4.7083849480206315,4.64146264642477,0.0669222960557983,resnet32,0.0253,0.0236,4.6951313215223225,4.60011183402755,0.09501948750899332,resnet32,0.0142,0.0146,4.714617437937043,4.643603424456987,0.07101401479555781,resnet32,0.0165,0.017,4.7208376946774395,4.639280683614991,0.08155700843884585,resnet32,0.0259,0.0246,4.687448389150879,4.594438919289545,0.09300947056875554,resnet32,0.0271,0.0286,4.646158259700645,4.568686700680039,0.07747155850599731,resnet32,0.0217,0.02,4.717182347720319,4.617817993868481,0.09936435750966087,resnet32,0.0318,0.031,4.667086719111963,4.576171652837233,0.09091506497696339,resnet32,0.0292,0.0266,4.701704296198758,4.60985342413187,0.0918508720675494,resnet32,0.0194,0.0182,4.693342061205343,4.614993614906615,0.07834845031803442,resnet32,0.0207,0.0188,4.716913810507818,4.631137268109755,0.08577654620462867,resnet32,0.0214,0.0218,4.7241761901161885,4.630939034575766,0.09323715643305067,9000000.0,0.0,36000000.0,36000000.0,432000000.0
resnet32x12_cifar100_K12_unif2-step_seed0001_d020,d020,resnet32:12,cifar100,12,sampled,unif2-step,peers,0,0,1.0,p2p,1,200,64,0.1,0.9,0.0005,True,0,60,0.1,1.0,2,,disagreement,1.0,1,0.0,0.5,weight,complete,0.0,0.0,42,0,45000,5000,10000,5640048,step,1,0.1,2,1.0,115.32,0.061166666666666675,0.015386267325840348,0.0438,0.0918,0.0674,0.006233333333333327,0.06355,0.074,0.6333303030303029,0.5112115514893391,0.6347893939393943,0.5060293807547441,0.061166666666666675,resnet32,0.0918,0.0962,4.324651261283592,4.25117136571895,0.07347989882427183,resnet32,0.052,0.0596,4.327259620143608,4.2577872591262516,0.06947236491330179,resnet32,0.0622,0.0654,4.38231031156399,4.316354763101447,0.06595555163353724,resnet32,0.0438,0.0452,4.413304561241106,4.341703927991065,0.07160063357547518,resnet32,0.0692,0.0732,4.310171075165272,4.232846713540229,0.07732436375491406,resnet32,0.0853,0.0926,4.239857275038958,4.1569268446077,0.08293042753939517,resnet32,0.0468,0.0462,4.444945874539289,4.367873808877035,0.07707207072367468,resnet32,0.0749,0.0736,4.291406122459606,4.215532211756164,0.07587391444460743,resnet32,0.0582,0.0582,4.334134807302193,4.264851082116365,0.06928373100659387,resnet32,0.044,0.0448,4.406404159963131,4.325624330138618,0.08077983004676009,resnet32,0.057,0.0584,4.393849336626855,4.321380437436429,0.07246890030695465,resnet32,0.0488,0.0492,4.397121321409941,4.327308532189239,0.06981278689768673,9000000.0,0.0,36000000.0,72000000.0,864000000.0
resnet32x12_cifar100_K12_unif2-step_seed0001_d020,d020,resnet32:12,cifar100,12,sampled,unif2-step,peers,0,0,1.0,p2p,1,200,64,0.1,0.9,0.0005,True,0,60,0.1,1.0,2,,disagreement,1.0,1,0.0,0.5,weight,complete,0.0,0.0,42,0,45000,5000,10000,5640048,step,2,0.1,2,1.0,115.66,0.12675,0.0193763816711652,0.0971,0.1557,0.1501,0.02335000000000001,0.12901666666666667,0.1506,0.6125424242424241,0.5361827383240926,0.6221878787878784,0.5207996269906979,0.12675,resnet32,0.1524,0.1582,3.773815881460905,3.6673709394579586,0.10644494389734147,resnet32,0.1098,0.1178,3.9225188954309984,3.830910138447176,0.09160876062973826,resnet32,0.1261,0.1256,3.8594870160926473,3.773204983974045,0.08628203403945504,resnet32,0.1139,0.1112,3.9485668746585194,3.8444089147854936,0.1041579633496109,resnet32,0.1441,0.1466,3.8552210107445717,3.7620346410707994,0.09318636771587824,resnet32,0.1557,0.1548,3.805089048025283,3.708314371379939,0.09677467512136156,resnet32,0.1059,0.112,3.9313276907937094,3.841686309061267,0.08964138193881478,resnet32,0.1532,0.1502,3.863342806696892,3.7749400782314213,0.0884027252164246,resnet32,0.1165,0.1186,3.9005808921700176,3.8099809895184906,0.09059990024384619,resnet32,0.0971,0.104,3.9718264927240936,3.8681231002238663,0.10370339345800775,resnet32,0.1157,0.1212,3.9109221066940916,3.8204403472217647,0.09048175112746487,resnet32,0.1306,0.128,3.932936528866941,3.8410409556871112,0.09189557838147845,9000000.0,0.0,36000000.0,108000000.0,1296000000.0
resnet32x12_cifar100_K12_unif2-step_seed0001_d020,d020,resnet32:12,cifar100,12,sampled,unif2-step,peers,0,0,1.0,p2p,1,200,64,0.1,0.9,0.0005,True,0,60,0.1,1.0,2,,disagreement,1.0,1,0.0,0.5,weight,complete,0.0,0.0,42,0,45000,5000,10000,5640048,step,3,0.1,2,1.0,115.75,0.18460833333333335,0.022506423465806873,0.1568,0.2248,0.2104,0.025791666666666657,0.18433333333333332,0.2062,0.5613848484848484,0.5903491062131695,0.5674666666666668,0.5852851855028639,0.18460833333333335,resnet32,0.2202,0.2128,3.4347817298363554,3.307936463166367,0.12684526200279256,resnet32,0.1804,0.1826,3.583973997018554,3.4537560140544716,0.13021798265716908,resnet32,0.2049,0.2098,3.484357605942271,3.367460423233834,0.11689718344926157,resnet32,0.1722,0.1698,3.5431910407814113,3.417236928235401,0.12595411724495617,resnet32,0.1586,0.1608,3.5072386224161494,3.38443551923741,0.1228031051366336,resnet32,0.2248,0.214,3.4400039836764336,3.314692586660385,0.12531139764045787,resnet32,0.1568,0.1614,3.5529107949273153,3.4317332451993767,0.12117755417288704,resnet32,0.1991,0.1976,3.4894122955473987,3.371078887785023,0.11833340538115325,resnet32,0.1926,0.1944,3.502445258877494,3.380179877308282,0.12226538088130341,resnet32,0.1654,0.1658,3.5492005405778233,3.419443229382688,0.1297573128990321,resnet32,0.163,0.165,3.5369913703338667,3.4135056005960163,0.12348577786575664,resnet32,0.1773,0.178,3.5596258254213766,3.433311056345701,0.12631476800677113,9000000.0,0.0,36000000.0,144000000.0,1728000000.0
resnet32x12_cifar100_K12_unif2-step_seed0001_d020,d020,resnet32:12,cifar100,12,sampled,unif2-step,peers,0,0,1.0,p2p,1,200,64,0.1,0.9,0.0005,True,0,60,0.1,1.0,2,,disagreement,1.0,1,0.0,0.5,weight,complete,0.0,0.0,42,0,45000,5000,10000,5640048,step,4,0.1,2,1.0,115.67,0.23070833333333332,0.01256055056737385,0.2099,0.25,0.2622,0.03149166666666667,0.22771666666666668,0.2572,0.5214060606060605,0.6086633016647327,0.5255772727272726,0.6081303575278337,0.23070833333333332,resnet32,0.245,0.239,3.134270251474597,2.9810065376487644,0.15326371564614502,resnet32,0.217,0.2214,3.2153382250531153,3.057128408415751,0.1582098162669519,resnet32,0.2341,0.2362,3.169053128497167,3.020413774658333,0.14863935578614473,resnet32,0.2355,0.228,3.181871817193248,3.0304717780514197,0.15140003941699184,resnet32,0.2121,0.2134,3.222925863821398,3.06308236989108,0.15984349563421513,resnet32,0.2364,0.2266,3.1212981455028057,2.9679792394692246,0.15331890790680933,resnet32,0.2183,0.2214,3.2356425577943977,3.0809100869704378,0.15473246293946763,resnet32,0.2335,0.2306,3.179330937564373,3.0309763696383345,0.14835456838111646,resnet32,0.25,0.2412,3.169570790095763,3.015363737263463,0.15420705515002323,resnet32,0.2398,0.2376,3.1991849981925706,3.0418599634007975,0.1573250333207067,resnet32,0.2369,0.2258,3.201659972694787,3.0466378791765734,0.15502209388862617,resnet32,0.2099,0.2114,3.2327936078337105,3.0770591263743965,0.15573447850659827,9000000.0,0.0,36000000.0,180000000.0,2160000000.0
resnet32x12_cifar100_K12_unif2-step_seed0001_d020,d020,resnet32:12,cifar100,12,sampled,unif2-step,peers,0,0,1.0,p2p,1,200,64,0.1,0.9,0.0005,True,0,60,0.1,1.0,2,,disagreement,1.0,1,0.0,0.5,weight,complete,0.0,0.0,42,0,45000,5000,10000,5640048,step,5,0.1,2,1.0,115.46,0.2716166666666667,0.022533228550052232,0.2264,0.306,0.3103,0.03868333333333335,0.26375000000000004,0.3016,0.5306303030303028,0.5856757064408645,0.5294924242424244,0.5895201511112691,0.2716166666666667,resnet32,0.2786,0.2678,2.9132525653324346,2.73948169533502,0.17377087044190953,resnet32,0.2675,0.2628,2.95754193819382,2.7766555696725845,0.18088636771691116,resnet32,0.2928,0.276,2.9397171027958393,2.766021765429865,0.17369533830787987,resnet32,0.2564,0.2448,2.9405150880867783,2.768138937652111,0.17237614893185144,resnet32,0.2667,0.2634,2.990921662612395,2.8078876943750815,0.18303396764465354,resnet32,0.306,0.2954,2.9054099643094973,2.731619831513275,0.1737901332618838,resnet32,0.2264,0.2214,3.000896877185865,2.8219046138904313,0.17899226378226143,resnet32,0.2842,0.2756,2.955599204721776,2.78082711994648,0.1747720844577998,resnet32,0.2821,0.2766,2.9314032156359064,2.755907641215758,0.17549557554196904,resnet32,0.2324,0.227,2.954834406348792,2.7762357521463525,0.17859866148368878,resnet32,0.2866,0.2806,2.959862063892863,2.784494863315062,0.1753672018054534,resnet32,0.2797,0.2736,2.998245032673532,2.819508161734451,0.17873686835677785,9000000.0,0.0,36000000.0,216000000.0,2592000000.0
resnet32x12_cifar100_K12_unif2-step_seed0001_d020,d020,resnet32:12,cifar100,12,sampled,unif2-step,peers,0,0,1.0,p2p,1,200,64,0.1,0.9,0.0005,True,0,60,0.1,1.0,2,,disagreement,1.0,1,0.0,0.5,weight,complete,0.0,0.0,42,0,45000,5000,10000,5640048,step,6,0.1,2,1.0,105.33,0.29048333333333337,0.015996084590368425,0.2567,0.314,0.319,0.028516666666666635,0.28669999999999995,0.3216,0.4837212121212121,0.6334713652403555,0.4826681818181817,0.6349564283293325,0.29048333333333337,resnet32,0.2914,0.2872,2.766522502695972,2.5749523104591803,0.19157019060697744,resnet32,0.2787,0.2732,2.8001323887570337,2.602161477912556,0.19797090817750854,resnet32,0.314,0.3064,2.787017345089804,2.5947971592911263,0.19222018861381168,resnet32,0.2909,0.2842,2.782333991066976,2.5904148534278977,0.1919191430576823,resnet32,0.2639,0.2664,2.849737945605408,2.647860632024028,0.20187731163406913,resnet32,0.2892,0.2884,2.7566094263033434,2.5624289221384307,0.19418050833469766,resnet32,0.3007,0.3012,2.84506628933278,2.646619635210796,0.19844665776260875,resnet32,0.2567,0.253,2.8028815398839386,2.6082180328667164,0.19466350754638287,resnet32,0.3054,0.3018,2.7841608598828316,2.5897264294326305,0.19443443106402727,resnet32,0.301,0.2992,2.7857366400686177,2.5908396442166786,0.19489699180915274,resnet32,0.2951,0.2876,2.8072990402579308,2.6127013750374317,0.1945976672101427,resnet32,0.2988,0.2918,2.8371350457045166,2.6387416300448505,0.1983934169508178,9000000.0,0.0,36000000.0,252000000.0,3024000000.0
resnet32x12_cifar100_K12_unif2-step_seed0001_d020,d020,resnet32:12,cifar100,12,sampled,unif2-step,peers,0,0,1.0,p2p,1,200,64,0.1,0.9,0.0005,True,0,60,0.1,1.0,2,,disagreement,1.0,1,0.0,0.5,weight,complete,0.0,0.0,42,0,45000,5000,10000,5640048,step,7,0.1,2,1.0,115.27,0.33746666666666664,0.01896177441298385,0.2827,0.3556,0.3753,0.037833333333333385,0.32105,0.3562,0.4880909090909092,0.6167297060036219,0.48153787878787885,0.633352610239558,0.33746666666666664,resnet32,0.3509,0.3404,2.6614668819714677,2.454984636638652,0.2064822478939525,resnet32,0.3416,0.3264,2.6790328445759686,2.4661520177667793,0.21288082693618807,resnet32,0.3469,0.3336,2.6805589026348158,2.473281581293453,0.20727732047353956,resnet32,0.3421,0.3242,2.674157073890621,2.4662020038813353,0.20795506842180408,resnet32,0.3336,0.3134,2.7635481777516278,2.540184711190787,0.22336346888914704,resnet32,0.3287,0.3096,2.6340197778560897,2.422178603370081,0.2118411797987805,resnet32,0.3236,0.316,2.7489791712300344,2.5284745645794002,0.22050460504198616,resnet32,0.3543,0.3348,2.6921414506028998,2.4823509441180662,0.20979050366969948,resnet32,0.2827,0.2694,2.6627357226203787,2.4526764289899305,0.21005929458293726,resnet32,0.3435,0.321,2.6702068634331226,2.458144496787678,0.21206236571412196,resnet32,0.3556,0.3326,2.6829564188691704,2.474398158151995,0.20855825847353449,resnet32,0.3461,0.3312,2.7156596874648873,2.501194443892349,0.21446524202738973,9000000.0,0.0,36000000.0,288000000.0,3456000000.0
resnet32x12_cifar100_K12_unif2-step_seed0001_d020,d020,resnet32:12,cifar100,12,sampled,unif2-step,peers,0,0,1.0,p2p,1,200,64,0.1,0.9,0.0005,True,0,60,0.1,1.0,2,,disagreement,1.0,1,0.0,0.5,weight,complete,0.0,0.0,42,0,45000,5000,10000,5640048,step,8,0.1,2,1.0,115.2,0.33910833333333334,0.021328598107288304,0.2893,0.3759,0.3775,0.03839166666666666,0.3341333333333334,0.3714,0.46721212121212113,0.6290935458365581,0.46987727272727264,0.6234620952859656,0.33910833333333334,resnet32,0.3538,0.3414,2.5822897722775284,2.360460101542148,0.22182967255569316,resnet32,0.3376,0.3348,2.5840128098021853,2.354698211801323,0.22931459626521578,resnet32,0.2893,0.2892,2.5961189158260822,2.371808909895745,0.22431000817397778,resnet32,0.3383,0.3366,2.5895379954441027,2.3643485568463802,0.22518943838605826,resnet32,0.3448,0.3404,2.7042559324340387,2.4547298411754044,0.24952609214762395,resnet32,0.3759,0.3686,2.5440864857624876,2.314464419233528,0.22962207010608504,resnet32,0.3275,0.3182,2.6582913520661267,2.423677213828672,0.23461413669230585,resnet32,0.3391,0.3276,2.6063727956603873,2.380591380833225,0.22578141393817283,resnet32,0.34,0.3416,2.5780461562628094,2.351422364061529,0.22662378843365746,resnet32,0.3368,0.3334,2.5779603094878523,2.350939090109684,0.22702122060582042,resnet32,0.3676,0.3612,2.592972955243154,2.3670217848636885,0.2259511686861515,resnet32,0.3186,0.3166,2.624189941381866,2.3937428668141365,0.23044707566838374,9000000.0,0.0,36000000.0,324000000.0,3888000000.0
resnet32x12_cifar100_K12_unif2-step_seed0001_d020,d020,resnet32:12,cifar100,12,sampled,unif2-step,peers,0,0,1.0,p2p,1,200,64,0.1,0.9,0.0005,True,0,60,0.1,1.0,2,,disagreement,1.0,1,0.0,0.5,weight,complete,0.0,0.0,42,0,45000,5000,10000,5640048,step,9,0.1,2,1.0,115.65,0.33821666666666667,0.022133076052721537,0.3056,0.3814,0.3886,0.050383333333333336,0.3383333333333334,0.389,0.5142757575757576,0.5813544223044855,0.5154515151515152,0.5853672006590797,0.33821666666666667,resnet32,0.3362,0.337,2.5181777226653965,2.284520187330517,0.23365753353573382,resnet32,0.33,0.3332,2.518335213376717,2.2790941656990484,0.23924104704267599,resnet32,0.3436,0.3482,2.531870221888477,2.295004227283326,0.23686599217101253,resnet32,0.3542,0.3638,2.524146294390613,2.2886472899805415,0.23549900462173604,resnet32,0.31,0.32,2.658648069609295,2.3895547284998675,0.2690933403262699,resnet32,0.364,0.3556,2.4764696029438213,2.2369959501718935,0.23947365406307985,resnet32,0.3295,0.3242,2.5909367122433404,2.346207420426336,0.24472929549996147,resnet32,0.3271,0.3308,2.5359180850738827,2.296682311221957,0.23923576978797262,resnet32,0.3169,0.3042,2.5098173029043456,2.271400486203757,0.23841681695458564,resnet32,0.3056,0.3052,2.505478672344576,2.2665390595793724,0.2389396126382053,resnet32,0.3601,0.3592,2.5221589586951514,2.2850782959298654,0.23708066418343646,resnet32,0.3814,0.3786,2.554601130499081,2.3144884940914134,0.24011263520118187,9000000.0,0.0,36000000.0,360000000.0,4320000000.0
resnet32x12_cifar100_K12_unif2-step_seed0001_d020,d020,resnet32:12,cifar100,12,sampled,unif2-step,peers,0,0,1.0,p2p,1,200,64,0.1,0.9,0.0005,True,0,60,0.1,1.0,2,,disagreement,1.0,1,0.0,0.5,weight,complete,0.0,0.0,42,0,45000,5000,10000,5640048,step,10,0.1,2,1.0,112.62,0.3231,0.018611824198610953,0.2994,0.3604,0.3715,0.0484,0.3234666666666667,0.3752,0.5156787878787882,0.5889131321522578,0.5169500000000001,0.5957712081471821,0.3231,resnet32,0.3305,0.3246,2.4579544343392956,2.212608102709055,0.24534633281556043,resnet32,0.3402,0.3358,2.4611693671481176,2.211834318427877,0.24933505051938648,resnet32,0.3152,0.3208,2.479991491375999,2.232964498075572,0.24702699251726948,resnet32,0.3167,0.3206,2.4685298040170562,2.222826148806648,0.24570365402508865,resnet32,0.3117,0.32,2.620813409035856,2.3334377228536387,0.2873756810387766,resnet32,0.3078,0.308,2.418668643656102,2.167869769544764,0.25079887212169444,resnet32,0.2994,0.2974,2.532510809092359,2.2781390000812034,0.25437181193212216,resnet32,0.318,0.319,2.479630994356491,2.230984905565327,0.2486460889816623,resnet32,0.309,0.304,2.446777163750746,2.1977954997935076,0.24898166647604245,resnet32,0.3127,0.3138,2.4473440584472637,2.197556398300962,0.2497876612469554,resnet32,0.3604,0.3592,2.469963004135273,2.2220835118469866,0.2478794862346893,resnet32,0.3556,0.3584,2.490980665114793,2.2405080885033715,0.25047257383862004,9000000.0,0.0,36000000.0,396000000.0,4752000000.0
resnet32x12_cifar100_K12_unif2-step_seed0001_d020,d020,resnet32:12,cifar100,12,sampled,unif2-step,peers,0,0,1.0,p2p,1,200,64,0.1,0.9,0.0005,True,0,60,0.1,1.0,2,,disagreement,1.0,1,0.0,0.5,weight,complete,0.0,0.0,42,0,45000,5000,10000,5640048,step,11,0.1,2,1.0,105.49,0.3700666666666667,0.019348442371990106,0.3448,0.3976,0.4254,0.05533333333333329,0.3685,0.4116,0.48352424242424247,0.6108519789853561,0.4905545454545455,0.6114546288964334,0.3700666666666667,resnet32,0.3448,0.3454,2.4140549014237793,2.1628615742718633,0.25119332780807535,resnet32,0.3498,0.3478,2.420633886178786,2.1650023016739977,0.2556315841661258,resnet32,0.3954,0.395,2.430805619298057,2.177561803297563,0.2532438133758577,resnet32,0.3976,0.4022,2.4292256087064743,2.177567894993858,0.251657715850425,resnet32,0.3669,0.3624,2.5640645817938177,2.2784857353703543,0.28557884225367824,resnet32,0.3482,0.3512,2.3820266611874104,2.127344856208021,0.25468180334957485,resnet32,0.3712,0.3706,2.490449411117218,2.229107895188711,0.26134151995012705,resnet32,0.3941,0.3802,2.438474313101985,2.1830616556108,0.2554126593961634,resnet32,0.3456,0.3524,2.4022456490519373,2.146473690867424,0.25577196110547945,resnet32,0.3763,0.375,2.405176445164464,2.1484817075119778,0.2566947370598262,resnet32,0.3873,0.3784,2.423870499669151,2.1703509092330933,0.2535195947540077,resnet32,0.3636,0.3614,2.4494062232022937,2.192020495168187,0.2573857285209339,9000000.0,0.0,36000000.0,432000000.0,5184000000.0
resnet32x12_cifar100_K12_unif2-step_seed0001_d020,d020,resnet32:12,cifar100,12,sampled,unif2-step,peers,0,0,1.0,p2p,1,200,64,0.1,0.9,0.0005,True,0,60,0.1,1.0,2,,disagreement,1.0,1,0.0,0.5,weight,complete,0.0,0.0,42,0,45000,5000,10000,5640048,step,12,0.1,2,1.0,115.73,0.3845583333333334,0.02109227577152883,0.3481,0.4135,0.4409,0.05634166666666662,0.3766,0.4308,0.4920030303030302,0.5896762162075577,0.4929666666666668,0.5904008635070277,0.3845583333333334,resnet32,0.396,0.385,2.3729236867617476,2.114959241822362,0.2579644440927289,resnet32,0.4135,0.4022,2.3755732767961244,2.1165034542368217,0.2590698203156618,resnet32,0.3604,0.355,2.38906319049949,2.1298324513164433,0.2592307364314117,resnet32,0.3988,0.3942,2.3882766648788345,2.1305735512551935,0.25770311728543177,resnet32,0.3481,0.3418,2.495968201959675,2.2174543926323,0.27851380926387553,resnet32,0.4045,0.3894,2.337152703919194,2.078914103013548,0.2582386007151482,resnet32,0.3654,0.3584,2.444307765161449,2.176111184229905,0.2681965820956975,resnet32,0.3963,0.3868,2.3977674906226722,2.1382711717689578,0.25949631692756986,resnet32,0.3916,0.3958,2.364172549918294,2.103903501379219,0.26026905194686895,resnet32,0.3555,0.3434,2.366465194828131,2.104750642722303,0.2617145522116599,resnet32,0.3793,0.3742,2.3791867653754624,2.1212240515107457,0.25796271121891384,resnet32,0.4053,0.393,2.4074663279408757,2.145913520150564,0.26155280745164916,9000000.0,0.0,36000000.0,468000000.0,5616000000.0
resnet32x12_cifar100_K12_unif2-step_seed0001_d020,d020,resnet32:12,cifar100,12,sampled,unif2-step,peers,0,0,1.0,p2p,1,200,64,0.1,0.9,0.0005,True,0,60,0.1,1.0,2,,disagreement,1.0,1,0.0,0.5,weight,complete,0.0,0.0,42,0,45000,5000,10000,5640048,step,13,0.1,2,1.0,105.55,0.3563416666666666,0.01622567196006242,0.3193,0.3839,0.4104,0.054058333333333375,0.3481166666666667,0.3956,0.5193454545454544,0.582093170091051,0.5174257575757576,0.5835319957015688,0.3563416666666666,resnet32,0.363,0.3514,2.34564072012224,2.0813827106559817,0.26425801431336865,resnet32,0.357,0.3516,2.3402449659664524,2.0739116526462813,0.2663333066527478,resnet32,0.369,0.3666,2.354984957894141,2.0897017415951598,0.26528321426700463,resnet32,0.3665,0.3534,2.352438203313134,2.0893895517696035,0.26304865101436997,resnet32,0.3363,0.327,2.44255722026256,2.162473453208804,0.28008377058854833,resnet32,0.352,0.3476,2.3128923814405096,2.048014745285565,0.2648776354987852,resnet32,0.3503,0.3338,2.4164890602908353,2.141623562879183,0.2748655015602708,resnet32,0.3193,0.3132,2.355976799502969,2.0920147225260735,0.26396208101968194,resnet32,0.372,0.3658,2.327870966189287,2.0612309163605627,0.2666400551626628,resnet32,0.3535,0.341,2.3367640188133176,2.0704615600407124,0.2663024607410824,resnet32,0.3533,0.348,2.3430359563366934,2.0795853000811557,0.2634506525937468,resnet32,0.3839,0.378,2.366961727088148,2.099680956622416,0.2672807681162588,9000000.0,0.0,36000000.0,504000000.0,6048000000.0
resnet32x12_cifar100_K12_unif2-step_seed0001_d020,d020,resnet32:12,cifar100,12,sampled,unif2-step,peers,0,0,1.0,p2p,1,200,64,0.1,0.9,0.0005,True,0,60,0.1,1.0,2,,disagreement,1.0,1,0.0,0.5,weight,complete,0.0,0.0,42,0,45000,5000,10000,5640048,step,14,0.1,2,1.0,104.64,0.31708333333333333,0.03168534975172105,0.2536,0.3587,0.3585,0.04141666666666666,0.3174833333333333,0.3518,0.4965575757575758,0.5954532286524084,0.5033712121212123,0.5858078945110912,0.31708333333333333,resnet32,0.3343,0.3304,2.300305210223252,2.0365393590182066,0.26376584896140476,resnet32,0.278,0.2742,2.3037459471008996,2.037586598572406,0.2661593482956629,resnet32,0.3307,0.3238,2.3168765650215475,2.0517122577875853,0.26516430848278105,resnet32,0.3587,0.355,2.3134470607408066,2.0472538897936996,0.26619317211126065,resnet32,0.3356,0.3406,2.3989327194338497,2.116255409846252,0.28267731236039917,resnet32,0.3583,0.365,2.279802654446526,2.014299176125364,0.26550347897732124,resnet32,0.2924,0.2932,2.376579315655611,2.0997902772982013,0.27678904036821966,resnet32,0.307,0.3046,2.32023428092626,2.054368267513134,0.2658660172019154,resnet32,0.3176,0.3208,2.2930318880826235,2.0254801460965113,0.26755173929797654,resnet32,0.3469,0.3502,2.3021123410964552,2.0342144434424965,0.2678978961088102,resnet32,0.2536,0.2558,2.305604389276017,2.041097542779012,0.2645068447825245,resnet32,0.2919,0.2962,2.3325551262294706,2.0643408232453195,0.2682143024126576,9000000.0,0.0,36000000.0,540000000.0,6480000000.0
resnet32x12_cifar100_K12_unif2-step_seed0001_d020,d020,resnet32:12,cifar100,12,sampled,unif2-step,peers,0,0,1.0,p2p,1,200,64,0.1,0.9,0.0005,True,0,60,0.1,1.0,2,,disagreement,1.0,1,0.0,0.5,weight,complete,0.0,0.0,42,0,45000,5000,10000,5640048,step,15,0.1,2,1.0,104.83,0.4028416666666667,0.01401977522010328,0.3793,0.4316,0.4583,0.055458333333333276,0.39346666666666663,0.4458,0.4688818181818182,0.6063723881444049,0.473459090909091,0.6037834705519041,0.4028416666666667,resnet32,0.4098,0.4078,2.29124893959273,2.0207359189675613,0.2705130205193365,resnet32,0.4056,0.395,2.2881097691980274,2.016638082536784,0.27147168706340546,resnet32,0.4096,0.4012,2.3065995795821603,2.035629020834511,0.2709705590228127,resnet32,0.3956,0.3872,2.302930173040791,2.031149109317498,0.27178106586110184,resnet32,0.3844,0.379,2.3852078408341515,2.095923113213344,0.2892847270281477,resnet32,0.3955,0.3894,2.2702282919463785,1.9990539481355385,0.2711743422868577,resnet32,0.3793,0.366,2.3571627121418715,2.076147474348545,0.28101523916914384,resnet32,0.4126,0.4026,2.2977594259110363,2.0280853689394216,0.26967405711978,resnet32,0.4125,0.3984,2.281953354281458,2.0078878566961396,0.27406549669632857,resnet32,0.4316,0.4228,2.284584778784351,2.0117048087783833,0.27287996958263894,resnet32,0.409,0.3964,2.293541744351387,2.0223571929064663,0.271184554069557,resnet32,0.3886,0.3758,2.315755534747785,2.0428043653003196,0.27295116570100864,9000000.0,0.0,36000000.0,576000000.0,6912000000.0
resnet32x12_cifar100_K12_unif2-step_seed0001_d020,d020,resnet32:12,cifar100,12,sampled,unif2-step,peers,0,0,1.0,p2p,1,200,64,0.1,0.9,0.0005,True,0,60,0.1,1.0,2,,disagreement,1.0,1,0.0,0.5,weight,complete,0.0,0.0,42,0,45000,5000,10000,5640048,step,16,0.1,2,1.0,104.23,0.39001666666666673,0.02519589362486586,0.3339,0.4348,0.4501,0.060083333333333266,0.38785000000000003,0.4498,0.49421515151515155,0.5882523631122332,0.4942848484848483,0.588938788838858,0.39001666666666673,resnet32,0.4181,0.418,2.264680553227663,1.9914443726566704,0.27323618425395,resnet32,0.4101,0.4104,2.2629591417922215,1.9879640125754205,0.2749951283489777,resnet32,0.4348,0.4346,2.277443080463193,2.003090067173947,0.2743530075319789,resnet32,0.3875,0.3826,2.278158786452629,2.004542513327165,0.2736162723423066,resnet32,0.3677,0.3618,2.3625466506928205,2.0713452160019767,0.29120143528350373,resnet32,0.3838,0.3826,2.252003801478581,1.977175908671184,0.27482789420438086,resnet32,0.37,0.3678,2.330536674369465,2.0456606528975745,0.2848760177042674,resnet32,0.4051,0.4064,2.2759471119127492,2.002814988351681,0.2731321242383935,resnet32,0.3817,0.3794,2.262061543424021,1.9846295829523692,0.2774319610008123,resnet32,0.3925,0.3876,2.2689270819114014,1.992736777798696,0.27619030299088493,resnet32,0.3339,0.3394,2.2702729425985706,1.9967852734367957,0.2734876695216041,resnet32,0.395,0.3836,2.295742814175107,2.018954027782787,0.27678878484717145,9000000.0,0.0,36000000.0,612000000.0,7344000000.0
resnet32x12_cifar100_K12_unif2-step_seed0001_d020,d020,resnet32:12,cifar100,12,sampled,unif2-step,peers,0,0,1.0,p2p,1,200,64,0.1,0.9,0.0005,True,0,60,0.1,1.0,2,,disagreement,1.0,1,0.0,0.5,weight,complete,0.0,0.0,42,0,45000,5000,10000,5640048,step,17,0.1,2,1.0,104.64,0.4075583333333333,0.030648666592347686,0.3177,0.4372,0.4689,0.06134166666666668,0.40140000000000003,0.4626,0.47865757575757567,0.5852406678982983,0.47734848484848497,0.5928520758006861,0.4075583333333333,resnet32,0.4324,0.4334,2.2441518533636224,1.9705275017768145,0.27362435797906737,resnet32,0.4235,0.4174,2.245587939565832,1.9714947097342124,0.2740932339167392,resnet32,0.4037,0.3878,2.2663232435218315,1.9916268944401632,0.27469635325145314,resnet32,0.4216,0.4166,2.2604007106274366,1.9878862393511967,0.2725144755730236,resnet32,0.396,0.3904,2.3199713143774052,2.037542096085169,0.2824292217211967,resnet32,0.4111,0.4064,2.233219338750297,1.95924225195565,0.273977086879313,resnet32,0.3177,0.306,2.3184642808681186,2.034750211137262,0.2837140741123056,resnet32,0.4139,0.4072,2.256438981910998,1.984709144654599,0.2717298413203521,resnet32,0.4372,0.4324,2.2494451630521906,1.9703651151873849,0.27908004979094997,resnet32,0.4297,0.4222,2.2408940309489314,1.966483460739255,0.2744105670770461,resnet32,0.3862,0.3844,2.2576248046349394,1.9835353515703569,0.2740894523449242,resnet32,0.4177,0.4126,2.275841550732201,1.9999234341084957,0.275918118676848,9000000.0,0.0,36000000.0,648000000.0,7776000000.0
resnet32x12_cifar100_K12_unif2-step_seed0001_d020,d020,resnet32:12,cifar100,12,sampled,unif2-step,peers,0,0,1.0,p2p,1,200,64,0.1,0.9,0.0005,True,0,60,0.1,1.0,2,,disagreement,1.0,1,0.0,0.5,weight,complete,0.0,0.0,42,0,45000,5000,10000,5640048,step,18,0.1,2,1.0,105.06,0.3753083333333333,0.03239772261372017,0.2993,0.4144,0.4269,0.0515916666666667,0.3698833333333333,0.417,0.475787878787879,0.5922733140538293,0.475769696969697,0.591733889088165,0.3753083333333333,resnet32,0.3998,0.3992,2.2457631792534483,1.9661156816238707,0.2796474936502901,resnet32,0.4084,0.4106,2.239063310182907,1.9608258422125469,0.2782374678433619,resnet32,0.3734,0.3644,2.2626389403912155,1.982871875166893,0.2797670636156743,resnet32,0.3876,0.3802,2.2577094583010133,1.981263386254961,0.27644606719894166,resnet32,0.338,0.324,2.29567450301891,2.0121467365798624,0.2835277643012391,resnet32,0.3747,0.369,2.229856974868612,1.952124304392121,0.27773267098448495,resnet32,0.3412,0.3354,2.304188134656711,2.0176889305426315,0.2864992070138793,resnet32,0.3877,0.3838,2.254431663927707,1.9751761931587348,0.27925547023981134,resnet32,0.4144,0.4098,2.2368478668345646,1.9568031034009024,0.28004476214251056,resnet32,0.3769,0.3668,2.2402758798138662,1.960699694400484,0.2795761924406344,resnet32,0.4023,0.3988,2.249415221200748,1.9721893273632636,0.27722589451480995,resnet32,0.2993,0.2966,2.2647687958722766,1.9859086979519238,0.2788600976663557,9000000.0,0.0,36000000.0,684000000.0,8208000000.0
resnet32x12_cifar100_K12_unif2-step_seed0001_d020,d020,resnet32:12,cifar100,12,sampled,unif2-step,peers,0,0,1.0,p2p,1,200,64,0.1,0.9,0.0005,True,0,60,0.1,1.0,2,,disagreement,1.0,1,0.0,0.5,weight,complete,0.0,0.0,42,0,45000,5000,10000,5640048,step,19,0.1,2,1.0,105.1,0.40075,0.030450383139352017,0.3542,0.4484,0.4714,0.07064999999999999,0.3970666666666667,0.4686,0.5093606060606061,0.5613066663621067,0.5075030303030302,0.5673992956785097,0.40075,resnet32,0.4098,0.4122,2.227210343053395,1.948867148973725,0.2783431918571957,resnet32,0.4484,0.4368,2.2281722109764814,1.9475938882678747,0.2805783224757761,resnet32,0.3762,0.3754,2.2503003498369996,1.9697927111251787,0.2805076417174529,resnet32,0.3941,0.3978,2.2386642284691334,1.960919887335463,0.27774433698505163,resnet32,0.406,0.4058,2.2875175029039383,2.0040493377230386,0.28346816363575106,resnet32,0.4301,0.419,2.210737279192968,1.9341913609003478,0.2765459176787937,resnet32,0.3724,0.358,2.2944503523070705,2.004919756711884,0.28953060071746056,resnet32,0.4429,0.4422,2.240468472073024,1.9618769941682166,0.278591480338946,resnet32,0.4237,0.4206,2.2269443441182375,1.945408776233142,0.2815355681390925,resnet32,0.3542,0.36,2.2301644306968558,1.9481516881761225,0.28201274245723407,resnet32,0.3569,0.348,2.239754082465714,1.9597064442932606,0.28004764147441497,resnet32,0.3943,0.389,2.252950781617652,1.9734416289085692,0.27950914917429065,9000000.0,0.0,36000000.0,720000000.0,8640000000.0
resnet32x12_cifar100_K12_unif2-step_seed0001_d020,d020,resnet32:12,cifar100,12,sampled,unif2-step,peers,0,0,1.0,p2p,1,200,64,0.1,0.9,0.0005,True,0,60,0.1,1.0,2,,disagreement,1.0,1,0.0,0.5,weight,complete,0.0,0.0,42,0,45000,5000,10000,5640048,step,20,0.1,2,1.0,104.89,0.38309999999999994,0.027987914058274034,0.3311,0.4175,0.4353,0.05220000000000008,0.3740333333333334,0.4188,0.47930303030303045,0.6019694447233144,0.47782727272727266,0.600932463305968,0.38309999999999994,resnet32,0.4175,0.4002,2.219496726481752,1.9399665704166347,0.27953015185299923,resnet32,0.4008,0.3964,2.220018911937421,1.9388399957255884,0.28117891684682533,resnet32,0.3758,0.3642,2.237525863403624,1.9562523613937877,0.28127350245433097,resnet32,0.4091,0.3968,2.233640705150637,1.9525560711256482,0.28108463245867327,resnet32,0.3341,0.3326,2.2715521969578485,1.9840035245499827,0.28754867384718225,resnet32,0.3836,0.3722,2.200283719565381,1.9215725726363333,0.27871115029450844,resnet32,0.3311,0.3206,2.276583580977537,1.9868692008947784,0.28971438099291513,resnet32,0.385,0.3788,2.2254773711955007,1.9465714010664008,0.27890597228807484,resnet32,0.3897,0.3824,2.2156522566960617,1.9313551903786985,0.28429706705818797,resnet32,0.4141,0.4068,2.2120952040634374,1.9288774611936375,0.2832177447959442,resnet32,0.4007,0.3876,2.21928874369372,1.939171277494593,0.28011746696111833,resnet32,0.3557,0.3498,2.243178879672831,1.9601477911187843,0.28303108470175753,9000000.0,0.0,36000000.0,756000000.0,9072000000.0
resnet32x12_cifar100_K12_unif2-step_seed0001_d020,d020,resnet32:12,cifar100,12,sampled,unif2-step,peers,0,0,1.0,p2p,1,200,64,0.1,0.9,0.0005,True,0,60,0.1,1.0,2,,disagreement,1.0,1,0.0,0.5,weight,complete,0.0,0.0,42,0,45000,5000,10000,5640048,step,21,0.1,2,1.0,105.23,0.37280833333333324,0.03103214619104232,0.2996,0.4098,0.4446,0.07179166666666675,0.36761666666666665,0.442,0.5331363636363635,0.5347902611636349,0.5220257575757572,0.5559122242887823,0.37280833333333324,resnet32,0.3852,0.39,2.2106464916670863,1.9287208748812026,0.2819256204900078,resnet32,0.3754,0.38,2.1990373954176903,1.9173275672576644,0.28170982259325683,resnet32,0.3823,0.3772,2.220109135928479,1.9373301162638448,0.28277901494452223,resnet32,0.3312,0.3226,2.2130734227936375,1.930130854926326,0.28294256810014223,resnet32,0.4032,0.4,2.245597629384561,1.958484118973667,0.28711351206187496,resnet32,0.4042,0.3936,2.18832878141918,1.9081264818933876,0.28020230132493784,resnet32,0.3939,0.387,2.2685840898616747,1.97741843319752,0.2911656553306701,resnet32,0.3583,0.3572,2.2132357916032728,1.9309738312255254,0.28226196209222754,resnet32,0.2996,0.2866,2.203998689116402,1.9194829872047359,0.2845157034356486,resnet32,0.3745,0.3672,2.2084865038367836,1.9234570171684027,0.2850294854407283,resnet32,0.3561,0.3528,2.2156767674129116,1.9312457081607797,0.2844310568603264,resnet32,0.4098,0.3972,2.2170705292373896,1.934348478405313,0.2827220558908514,9000000.0,0.0,36000000.0,792000000.0,9504000000.0
resnet32x12_cifar100_K12_unif2-step_seed0001_d020,d020,resnet32:12,cifar100,12,sampled,unif2-step,peers,0,0,1.0,p2p,1,200,64,0.1,0.9,0.0005,True,0,60,0.1,1.0,2,,disagreement,1.0,1,0.0,0.5,weight,complete,0.0,0.0,42,0,45000,5000,10000,5640048,step,22,0.1,2,1.0,115.6,0.41081666666666666,0.02301209223188732,0.3637,0.4498,0.4753,0.06448333333333334,0.41034999999999994,0.4724,0.48750606060606066,0.5851241227889361,0.4933924242424243,0.5820282185390329,0.41081666666666666,resnet32,0.4203,0.422,2.202520425177433,1.9202941551127217,0.28222626862539485,resnet32,0.4318,0.4448,2.1956410370767117,1.912753631614826,0.28288740749386226,resnet32,0.4165,0.419,2.2165002350441436,1.9337034059519118,0.28279682485894725,resnet32,0.4498,0.4384,2.204688633030111,1.9214776561341502,0.28321097856810823,resnet32,0.3836,0.379,2.2376738779924135,1.9500823828645728,0.28759149953045626,resnet32,0.4083,0.402,2.1845030798153444,1.9036295996470884,0.28087348148057406,resnet32,0.4195,0.4232,2.2522135087373583,1.9626795505596832,0.28953396368094464,resnet32,0.3637,0.364,2.2045103067701515,1.922358394007791,0.28215191060338507,resnet32,0.3901,0.386,2.194633921608329,1.9090452383865009,0.28558868766677653,resnet32,0.4354,0.4346,2.199642514471303,1.91661657680842,0.28302593977952545,resnet32,0.4137,0.4144,2.2139288642528383,1.9280995264310727,0.2858293386895887,resnet32,0.3971,0.3968,2.209987089037895,1.927647116170688,0.28233997379852965,9000000.0,0.0,36000000.0,828000000.0,9936000000.0
resnet32x12_cifar100_K12_unif2-step_seed0001_d020,d020,resnet32:12,cifar100,12,sampled,unif2-step,peers,0,0,1.0,p2p,1,200,64,0.1,0.9,0.0005,True,0,60,0.1,1.0,2,,disagreement,1.0,1,0.0,0.5,weight,complete,0.0,0.0,42,0,45000,5000,10000,5640048,step,23,0.1,2,1.0,115.31,0.40548333333333336,0.025087806910042094,0.363,0.4446,0.4637,0.05821666666666664,0.39526666666666666,0.4542,0.48705454545454546,0.5856897011231542,0.4840818181818181,0.5935816827784418,0.40548333333333336,resnet32,0.4028,0.3962,2.188298835165121,1.9052277894859964,0.28307104292749,resnet32,0.4289,0.4208,2.183865432373502,1.8993990947915749,0.2844663365024396,resnet32,0.3676,0.3636,2.20139951411296,1.917181203819134,0.2842183081348511,resnet32,0.4083,0.3954,2.188764280893586,1.9061236210506072,0.2826406577898359,resnet32,0.4114,0.3992,2.2244257644157517,1.9383975147185,0.28602824870242993,resnet32,0.4098,0.3918,2.1706913850185545,1.8888725071129473,0.2818188806360757,resnet32,0.363,0.354,2.2382087512788447,1.9466250718317248,0.29158367995511403,resnet32,0.4383,0.4276,2.1890108080750164,1.9068436864763498,0.2821671200323511,resnet32,0.4183,0.404,2.1912063036791305,1.9032849928533488,0.2879213055765087,resnet32,0.3963,0.3886,2.1824141798371617,1.897421271116896,0.2849929070904512,resnet32,0.4446,0.4402,2.1977462746541607,1.9123210190710695,0.28542525331828406,resnet32,0.3765,0.3618,2.195036658001217,1.9107252970676532,0.2843113628173755,9000000.0,0.0,36000000.0,864000000.0,10368000000.0
resnet32x12_cifar100_K12_unif2-step_seed0001_d020,d020,resnet32:12,cifar100,12,sampled,unif2-step,peers,0,0,1.0,p2p,1,200,64,0.1,0.9,0.0005,True,0,60,0.1,1.0,2,,disagreement,1.0,1,0.0,0.5,weight,complete,0.0,0.0,42,0,45000,5000,10000,5640048,step,24,0.1,2,1.0,115.69,0.42573333333333346,0.011780232972606644,0.4028,0.4458,0.4901,0.06436666666666652,0.41723333333333334,0.479,0.474630303030303,0.5807161278017625,0.47212121212121216,0.586289782625089,0.42573333333333346,resnet32,0.4311,0.4162,2.192978520962325,1.9092804256149314,0.28369809862818907,resnet32,0.4028,0.392,2.1808946694840086,1.8981354604051872,0.28275920459153975,resnet32,0.4334,0.4276,2.205105138434605,1.9195418481461026,0.2855632903096689,resnet32,0.4188,0.412,2.196012220260772,1.911378403109583,0.2846338190350004,resnet32,0.4192,0.41,2.2250425470146267,1.9380017447878013,0.28704079930585896,resnet32,0.4458,0.4398,2.1672052519226614,1.8856890856881032,0.28151616267859936,resnet32,0.4146,0.4108,2.2455721924250778,1.9517838700928472,0.29378831917843357,resnet32,0.4418,0.4354,2.195657215673815,1.9106136370788922,0.2850435814312236,resnet32,0.4218,0.4158,2.190343551676382,1.9036639510569247,0.2866796012756161,resnet32,0.4166,0.405,2.1831590839746324,1.8987806544385173,0.28437842828729615,resnet32,0.4339,0.4278,2.1937866285443306,1.9084662707014517,0.2853203613141721,resnet32,0.429,0.4144,2.2039376751265745,1.9205053135414014,0.28343236209316686,9000000.0,0.0,36000000.0,900000000.0,10800000000.0
resnet32x12_cifar100_K12_unif2-step_seed0001_d020,d020,resnet32:12,cifar100,12,sampled,unif2-step,peers,0,0,1.0,p2p,1,200,64,0.1,0.9,0.0005,True,0,60,0.1,1.0,2,,disagreement,1.0,1,0.0,0.5,weight,complete,0.0,0.0,42,0,45000,5000,10000,5640048,step,25,0.1,2,1.0,115.53,0.40208333333333335,0.03846883659390921,0.3257,0.4569,0.4733,0.07121666666666665,0.39411666666666667,0.4686,0.5113969696969698,0.5552964320974073,0.5120712121212122,0.5545424620727154,0.40208333333333335,resnet32,0.4411,0.433,2.180653941732916,1.8980389652265743,0.28261498095129023,resnet32,0.4321,0.422,2.1734101482751695,1.8896109957925298,0.2837991534139622,resnet32,0.3526,0.3582,2.1886001525616106,1.9047122052447363,0.28388794780370186,resnet32,0.3798,0.373,2.1745587106455457,1.8917713708836923,0.28278734374114056,resnet32,0.3986,0.388,2.206392857500098,1.9214193580502814,0.2849734983914955,resnet32,0.363,0.3586,2.165281870825724,1.882272013717077,0.2830098572568121,resnet32,0.3257,0.316,2.2295631507242266,1.938374855301597,0.2911882984705947,resnet32,0.4267,0.4112,2.181425178084861,1.8968579423698513,0.28456723903813824,resnet32,0.393,0.3842,2.183054926551201,1.8973019641231408,0.2857529601844197,resnet32,0.4293,0.4234,2.173880083994432,1.886510331183672,0.2873697529589249,resnet32,0.4262,0.4174,2.185158530758186,1.8978042988614603,0.2873542294414206,resnet32,0.4569,0.4444,2.183922328901562,1.9003724906254897,0.2835498418955302,9000000.0,0.0,36000000.0,936000000.0,11232000000.0
resnet32x12_cifar100_K12_unif2-step_seed0001_d020,d020,resnet32:12,cifar100,12,sampled,unif2-step,peers,0,0,1.0,p2p,1,200,64,0.1,0.9,0.0005,True,0,60,0.1,1.0,2,,disagreement,1.0,1,0.0,0.5,weight,complete,0.0,0.0,42,0,45000,5000,10000,5640048,step,26,0.1,2,1.0,105.37,0.41100000000000003,0.01213294413295196,0.3966,0.4393,0.4625,0.05149999999999999,0.3973166666666666,0.4542,0.4595636363636363,0.6165961325408397,0.45093939393939403,0.6231703566553383,0.41100000000000003,resnet32,0.4034,0.3956,2.1748892278833822,1.8880388260903684,0.28685040067119355,resnet32,0.4393,0.4268,2.164100894704461,1.8795225616883149,0.28457833362997254,resnet32,0.4047,0.3928,2.18673594719307,1.8993264616213061,0.28740948453460907,resnet32,0.4102,0.3868,2.1758327292786404,1.888057443736629,0.28777528725649143,resnet32,0.3967,0.3846,2.2006772673604162,1.91294904764403,0.2877282186157324,resnet32,0.4071,0.3882,2.15641649084335,1.8724387039176442,0.2839777877723629,resnet32,0.3966,0.389,2.223584045740691,1.9287355161187323,0.2948485301722857,resnet32,0.4006,0.3888,2.1764049411497335,1.8899168614298105,0.2864880797622556,resnet32,0.4117,0.4086,2.1714807247573678,1.8819027265364474,0.2895779981574213,resnet32,0.4152,0.3944,2.162712128663605,1.8764364512806588,0.286275675477968,resnet32,0.4206,0.4008,2.174730388786305,1.885543155399236,0.289187233471735,resnet32,0.4259,0.4114,2.1779205221682787,1.889992693439126,0.28792783071879635,9000000.0,0.0,36000000.0,972000000.0,11664000000.0
resnet32x12_cifar100_K12_unif2-step_seed0001_d020,d020,resnet32:12,cifar100,12,sampled,unif2-step,peers,0,0,1.0,p2p,1,200,64,0.1,0.9,0.0005,True,0,60,0.1,1.0,2,,disagreement,1.0,1,0.0,0.5,weight,complete,0.0,0.0,42,0,45000,5000,10000,5640048,step,27,0.1,2,1.0,104.97,0.3887333333333333,0.02853440418551301,0.315,0.4242,0.4528,0.06406666666666666,0.38625000000000004,0.4502,0.4978515151515152,0.5679149516745913,0.5040151515151514,0.5651537481861354,0.3887333333333333,resnet32,0.4045,0.4088,2.1675684873692016,1.882977782663974,0.28459070550955157,resnet32,0.4045,0.4066,2.1488893953236667,1.8651190318844535,0.28377036608501593,resnet32,0.4047,0.3928,2.1761050940575926,1.8896024809642271,0.2865026140458543,resnet32,0.3685,0.3696,2.1659670555117456,1.8802040498703718,0.2857630061705343,resnet32,0.3992,0.3994,2.1862348147075283,1.8980036088350145,0.2882312085394832,resnet32,0.4242,0.4146,2.149560683999549,1.8640264059332283,0.2855342789553106,resnet32,0.3718,0.376,2.218662863766605,1.923841373825615,0.2948214936874468,resnet32,0.4147,0.4102,2.165777036073533,1.8798874007029966,0.2858896380798383,resnet32,0.315,0.3166,2.169456784698096,1.8802803932604464,0.2891763922208073,resnet32,0.3805,0.374,2.165821322663264,1.8771718911487947,0.2886494362557476,resnet32,0.3689,0.3724,2.1737521920691836,1.8851019592786378,0.28865023279054597,resnet32,0.4083,0.394,2.1747053006494586,1.8876611720770597,0.2870441315568645,9000000.0,0.0,36000000.0,1008000000.0,12096000000.0
resnet32x12_cifar100_K12_unif2-step_seed0001_d020,d020,resnet32:12,cifar100,12,sampled,unif2-step,peers,0,0,1.0,p2p,1,200,64,0.1,0.9,0.0005,True,0,60,0.1,1.0,2,,disagreement,1.0,1,0.0,0.5,weight,complete,0.0,0.0,42,0,45000,5000,10000,5640048,step,28,0.1,2,1.0,114.78,0.3705,0.03434394657966184,0.3173,0.4211,0.434,0.0635,0.36926666666666663,0.4316,0.5092454545454544,0.5727304986109844,0.512469696969697,0.582806999766393,0.3705,resnet32,0.3836,0.3942,2.1663842678747396,1.8780439914288847,0.2883402716834098,resnet32,0.3944,0.3906,2.1594364907253873,1.8714254486628554,0.28801104527982796,resnet32,0.3343,0.326,2.179044946012172,1.8905650307847695,0.28847991224293684,resnet32,0.4073,0.4072,2.166267965666272,1.877117487009276,0.2891504795671525,resnet32,0.3173,0.3174,2.1824801599776205,1.892764524641362,0.2897156382995573,resnet32,0.3949,0.3946,2.1462234780192375,1.8594034488566897,0.2868200263897465,resnet32,0.4103,0.406,2.2101399846036327,1.912701285698197,0.29743870423937385,resnet32,0.3496,0.3402,2.170826033265753,1.8824901787394828,0.2883358550554311,resnet32,0.3618,0.3704,2.1662200221961196,1.8758625576103276,0.29035746822641656,resnet32,0.4211,0.4172,2.1585277977653523,1.8692200913686643,0.2893077061003582,resnet32,0.3247,0.3236,2.1762970696118744,1.8852698095142841,0.2910272586371072,resnet32,0.3467,0.3438,2.164695678956129,1.876458775760098,0.28823690088889137,9000000.0,0.0,36000000.0,1044000000.0,12528000000.0
resnet32x12_cifar100_K12_unif2-step_seed0001_d020,d020,resnet32:12,cifar100,12,sampled,unif2-step,peers,0,0,1.0,p2p,1,200,64,0.1,0.9,0.0005,True,0,60,0.1,1.0,2,,disagreement,1.0,1,0.0,0.5,weight,complete,0.0,0.0,42,0,45000,5000,10000,5640048,step,29,0.1,2,1.0,104.56,0.4023583333333334,0.03226707450672004,0.3527,0.4515,0.4725,0.0701416666666666,0.3998,0.4614,0.49388181818181814,0.5763409987324561,0.49275757575757584,0.5776337808135212,0.4023583333333334,resnet32,0.3527,0.3596,2.1494837166233496,1.8628035077655858,0.286680211270736,resnet32,0.415,0.4146,2.159408126534386,1.8722520912574097,0.28715603637763043,resnet32,0.397,0.398,2.169580147347667,1.8778395324268125,0.2917406165083362,resnet32,0.4498,0.4422,2.159670464186506,1.8681080949238755,0.29156237019395287,resnet32,0.4428,0.4338,2.1822609454393387,1.891477839343927,0.29078310465609486,resnet32,0.3535,0.352,2.136995344846086,1.8495827608487823,0.2874125855424526,resnet32,0.3948,0.3932,2.2047997347333212,1.9072884531183676,0.2975112867583944,resnet32,0.3812,0.3772,2.1641359168358822,1.8748252230950377,0.28931068927472964,resnet32,0.3896,0.3892,2.163026052103801,1.8723548979244449,0.29067115678282623,resnet32,0.3848,0.389,2.1488295419310983,1.8594883678650314,0.28934117387556896,resnet32,0.4515,0.439,2.163521370088512,1.8717229207130996,0.29179845085706224,resnet32,0.4156,0.4098,2.160396871410988,1.8706504987044767,0.28974637283350935,9000000.0,0.0,36000000.0,1080000000.0,12960000000.0
resnet32x12_cifar100_K12_unif2-step_seed0001_d020,d020,resnet32:12,cifar100,12,sampled,unif2-step,peers,0,0,1.0,p2p,1,200,64,0.1,0.9,0.0005,True,0,60,0.1,1.0,2,,disagreement,1.0,1,0.0,0.5,weight,complete,0.0,0.0,42,0,45000,5000,10000,5640048,step,30,0.1,2,1.0,104.88,0.3781666666666667,0.021819117509397325,0.3422,0.4174,0.4411,0.06293333333333329,0.37644999999999995,0.4478,0.5192363636363636,0.5704854157116558,0.5174045454545455,0.5772035386448338,0.3781666666666667,resnet32,0.3751,0.3788,2.1521367598325014,1.8619682936167175,0.2901684644801373,resnet32,0.3907,0.3826,2.1413177023218437,1.8545055772093209,0.2868121263825081,resnet32,0.3615,0.3684,2.163565357639031,1.8735579638318582,0.29000739562748507,resnet32,0.3568,0.3526,2.1553449647670444,1.8666348928077654,0.2887100702447986,resnet32,0.3422,0.3262,2.1743839989331635,1.8842903392558747,0.2900936604604464,resnet32,0.346,0.3532,2.134547132152048,1.8474526200443506,0.28709451064721425,resnet32,0.3813,0.3762,2.1988407342948695,1.9019215498119593,0.29691918192177336,resnet32,0.3917,0.3848,2.160382245921276,1.8710090585730292,0.28937319304201414,resnet32,0.3866,0.3874,2.151997293091633,1.8595803508704358,0.29241694059138273,resnet32,0.4032,0.4014,2.149359565905549,1.8590306416153908,0.2903289267454635,resnet32,0.4174,0.423,2.1637163629586045,1.871950067918409,0.291766295209527,resnet32,0.3855,0.3828,2.157965984872796,1.8691199704666028,0.28884601914747193,9000000.0,0.0,36000000.0,1116000000.0,13392000000.0
resnet32x12_cifar100_K12_unif2-step_seed0001_d020,d020,resnet32:12,cifar100,12,sampled,unif2-step,peers,0,0,1.0,p2p,1,200,64,0.1,0.9,0.0005,True,0,60,0.1,1.0,2,,disagreement,1.0,1,0.0,0.5,weight,complete,0.0,0.0,42,0,45000,5000,10000,5640048,step,31,0.1,2,1.0,104.57,0.3853666666666667,0.028770017186106944,0.3238,0.4209,0.4397,0.05433333333333329,0.38456666666666667,0.4384,0.48465454545454556,0.6044291069912221,0.48912424242424246,0.6056062074726627,0.3853666666666667,resnet32,0.3823,0.3898,2.1520010515708816,1.8607288522815162,0.29127219947986305,resnet32,0.4205,0.4218,2.1395529493350876,1.8491486742753873,0.290404276012189,resnet32,0.4057,0.3988,2.162309095263481,1.8686985175379298,0.2936105766883967,resnet32,0.4209,0.417,2.1512377731163395,1.8623155711049384,0.28892220063558355,resnet32,0.3756,0.3674,2.1703463550657034,1.8766864846375855,0.29365987180393527,resnet32,0.4133,0.4138,2.128966613926671,1.8415772274813869,0.28738938765176997,resnet32,0.36,0.3564,2.19036217761988,1.8936345407908612,0.29672763928432355,resnet32,0.3892,0.3878,2.1546508231284944,1.8618928331204436,0.2927579880607399,resnet32,0.3238,0.3248,2.148611960763281,1.8549574359574101,0.2936545237475498,resnet32,0.4015,0.4064,2.1410553236915306,1.848341109569777,0.29271421183577995,resnet32,0.3476,0.3508,2.151479409838265,1.8599371603605421,0.29154225189069455,resnet32,0.384,0.38,2.1466900628398764,1.855964181098071,0.2907258771486919,9000000.0,0.0,36000000.0,1152000000.0,13824000000.0
resnet32x12_cifar100_K12_unif2-step_seed0001_d020,d020,resnet32:12,cifar100,12,sampled,unif2-step,peers,0,0,1.0,p2p,1,200,64,0.1,0.9,0.0005,True,0,60,0.1,1.0,2,,disagreement,1.0,1,0.0,0.5,weight,complete,0.0,0.0,42,0,45000,5000,10000,5640048,step,32,0.1,2,1.0,104.5,0.4147416666666666,0.026766286578870483,0.3474,0.4571,0.4879,0.07315833333333338,0.41235,0.4832,0.4931454545454546,0.572772768189597,0.493080303030303,0.5689472110040414,0.4147416666666666,resnet32,0.4063,0.4074,2.1418100395663218,1.8518116687509147,0.28999836973591964,resnet32,0.4571,0.4498,2.132302051240748,1.8423150716857477,0.28998697722669353,resnet32,0.4237,0.422,2.1555510820312933,1.8620408649810336,0.2935102136847986,resnet32,0.3474,0.343,2.1459641070528463,1.8555360719222913,0.29042803551155055,resnet32,0.417,0.4218,2.170440785248171,1.8779835233634168,0.29245726884850726,resnet32,0.4223,0.4152,2.1279285726222126,1.8389096229591153,0.28901894885877316,resnet32,0.4341,0.435,2.192048605192791,1.8932224032892422,0.2988262015013871,resnet32,0.3909,0.3976,2.1529837885702197,1.8615282032300124,0.2914555825039067,resnet32,0.4229,0.4112,2.145622097802433,1.8536474000323901,0.2919747012625025,resnet32,0.397,0.4006,2.1365229925987395,1.8451582037589767,0.2913647890725935,resnet32,0.4165,0.411,2.1532238273119386,1.859227272935889,0.2939965551380407,resnet32,0.4417,0.4336,2.1562349902973934,1.86521747386591,0.2910175175956366,9000000.0,0.0,36000000.0,1188000000.0,14256000000.0
resnet32x12_cifar100_K12_unif2-step_seed0001_d020,d020,resnet32:12,cifar100,12,sampled,unif2-step,peers,0,0,1.0,p2p,1,200,64,0.1,0.9,0.0005,True,0,60,0.1,1.0,2,,disagreement,1.0,1,0.0,0.5,weight,complete,0.0,0.0,42,0,45000,5000,10000,5640048,step,33,0.1,2,1.0,104.52,0.4335083333333334,0.024727429382952224,0.3903,0.4733,0.4855,0.0519916666666666,0.43156666666666665,0.4832,0.4441969696969698,0.6092810069332651,0.4447924242424243,0.6169388741454626,0.4335083333333334,resnet32,0.4218,0.421,2.140397884459658,1.8492291930385611,0.29116868938912044,resnet32,0.4484,0.4444,2.1395562160760164,1.848576909777793,0.290979309684851,resnet32,0.4733,0.4758,2.1539732686836612,1.8607745036821475,0.2931987686844712,resnet32,0.4317,0.4276,2.14297048561275,1.8528786914592439,0.290091794598001,resnet32,0.4245,0.4216,2.158323783596808,1.8670778472653844,0.29124593882906163,resnet32,0.4418,0.44,2.1225469422272663,1.8339639802209355,0.2885829603553496,resnet32,0.4538,0.4564,2.1902501180090685,1.892419745637612,0.2978303683710031,resnet32,0.4548,0.4544,2.148988090116869,1.85870856707069,0.2902795231943442,resnet32,0.4157,0.4084,2.1406199637461794,1.8484005817974156,0.2922193856105547,resnet32,0.3903,0.3904,2.137764453210614,1.8459025535055182,0.2918619005094198,resnet32,0.3916,0.3934,2.147615885362029,1.853626798330383,0.293989087222144,resnet32,0.4544,0.4454,2.1427917329763826,1.8500838437202303,0.2927078907166354,9000000.0,0.0,36000000.0,1224000000.0,14688000000.0
resnet32x12_cifar100_K12_unif2-step_seed0001_d020,d020,resnet32:12,cifar100,12,sampled,unif2-step,peers,0,0,1.0,p2p,1,200,64,0.1,0.9,0.0005,True,0,60,0.1,1.0,2,,disagreement,1.0,1,0.0,0.5,weight,complete,0.0,0.0,42,0,45000,5000,10000,5640048,step,34,0.1,2,1.0,114.22,0.429275,0.014744441042869911,0.3997,0.4494,0.4967,0.06742499999999996,0.41996666666666665,0.4902,0.4781090909090907,0.5689328805655623,0.4690984848484848,0.585317318210914,0.429275,resnet32,0.4424,0.4386,2.1405422763729636,1.8476976505057379,0.29284462868236005,resnet32,0.4266,0.4264,2.1284099739383566,1.8378414912995966,0.2905684833795848,resnet32,0.4455,0.4356,2.148901867595586,1.8561796759339897,0.29272219333374366,resnet32,0.4327,0.4294,2.1393306030129846,1.8467036223208362,0.2926269790623337,resnet32,0.4282,0.415,2.161735114556822,1.8685162463648752,0.29321886772628536,resnet32,0.3997,0.3832,2.1226446017284286,1.8330077479847453,0.2896368535955183,resnet32,0.4002,0.3874,2.185674477199262,1.8856998101215472,0.2999746648129076,resnet32,0.4494,0.4358,2.1462839183143596,1.8540958640250293,0.2921880550089885,resnet32,0.4323,0.4234,2.140422132543542,1.8458365449173884,0.2945855912879448,resnet32,0.4296,0.4168,2.135131073776971,1.8424467463046312,0.2926843237682161,resnet32,0.4324,0.4208,2.1463329993527043,1.8525440455837683,0.2937889563300731,resnet32,0.4323,0.4272,2.13955952887508,1.8483777190135284,0.2911818130788478,9000000.0,0.0,36000000.0,1260000000.0,15120000000.0
resnet32x12_cifar100_K12_unif2-step_seed0001_d020,d020,resnet32:12,cifar100,12,sampled,unif2-step,peers,0,0,1.0,p2p,1,200,64,0.1,0.9,0.0005,True,0,60,0.1,1.0,2,,disagreement,1.0,1,0.0,0.5,weight,complete,0.0,0.0,42,0,45000,5000,10000,5640048,step,35,0.1,2,1.0,112.25,0.4341166666666667,0.021257972360714198,0.3995,0.4608,0.493,0.05888333333333329,0.43071666666666664,0.4844,0.44979393939393936,0.6011052131347964,0.45416363636363627,0.6041881758529762,0.4341166666666667,resnet32,0.4053,0.4086,2.1290734874253925,1.8379507339136167,0.2911227533847771,resnet32,0.4364,0.4388,2.1317816757681696,1.8393457858738573,0.29243589141829446,resnet32,0.4523,0.447,2.1398486329073254,1.8470092105933211,0.2928394216790118,resnet32,0.4234,0.4174,2.131709444929253,1.839772649278695,0.2919367956293916,resnet32,0.4367,0.4386,2.1514187296005813,1.8568742077120326,0.2945445188617503,resnet32,0.4455,0.4404,2.1148966914889487,1.8254770546812902,0.28941963447935204,resnet32,0.403,0.405,2.1830037899992685,1.883586606180126,0.29941718134267087,resnet32,0.458,0.4506,2.1358273958956655,1.84202269684862,0.29380469997836783,resnet32,0.431,0.4226,2.136715283448046,1.8424488727680661,0.2942664072510194,resnet32,0.4608,0.4526,2.12780191461471,1.8347035717557778,0.2930983437055891,resnet32,0.3995,0.4032,2.1392840489067813,1.8444160096008668,0.2948680371892723,resnet32,0.4575,0.4438,2.132025310261683,1.837258844551715,0.2947664674879475,9000000.0,0.0,36000000.0,1296000000.0,15552000000.0
resnet32x12_cifar100_K12_unif2-step_seed0001_d020,d020,resnet32:12,cifar100,12,sampled,unif2-step,peers,0,0,1.0,p2p,1,200,64,0.1,0.9,0.0005,True,0,60,0.1,1.0,2,,disagreement,1.0,1,0.0,0.5,weight,complete,0.0,0.0,42,0,45000,5000,10000,5640048,step,36,0.1,2,1.0,115.22,0.40758333333333324,0.044604705157889134,0.2887,0.4619,0.4806,0.07301666666666679,0.4063333333333334,0.482,0.5087151515151515,0.5676046461570702,0.5063681818181818,0.5723389526503274,0.40758333333333324,resnet32,0.4552,0.4552,2.132176149128513,1.8408362858674743,0.2913398644886911,resnet32,0.3947,0.3942,2.112953931262547,1.8221771219237284,0.29077680923298677,resnet32,0.4078,0.4052,2.1367139902643184,1.845176570286805,0.2915374205278402,resnet32,0.4173,0.4076,2.127516967329112,1.837638527324254,0.28987844165583904,resnet32,0.4342,0.4282,2.1475058495998383,1.8538758849555796,0.2936299651522528,resnet32,0.3867,0.3834,2.1113716065883636,1.8208640180528164,0.2905075853394175,resnet32,0.2887,0.287,2.1727493801577524,1.8742870432748036,0.2984623344488103,resnet32,0.4619,0.4592,2.1340689207003876,1.843160954727368,0.29090796499936417,resnet32,0.4064,0.4144,2.125621742314913,1.8332270072265104,0.29239473093978385,resnet32,0.4487,0.4494,2.120863985778256,1.8297526841475205,0.2911113015249033,resnet32,0.3713,0.3766,2.127151909538291,1.8351270068775525,0.292024901792915,resnet32,0.4181,0.4156,2.1243657188659366,1.8315365177325227,0.29282919912260363,9000000.0,0.0,36000000.0,1332000000.0,15984000000.0
resnet32x12_cifar100_K12_unif2-step_seed0001_d020,d020,resnet32:12,cifar100,12,sampled,unif2-step,peers,0,0,1.0,p2p,1,200,64,0.1,0.9,0.0005,True,0,60,0.1,1.0,2,,disagreement,1.0,1,0.0,0.5,weight,complete,0.0,0.0,42,0,45000,5000,10000,5640048,step,37,0.1,2,1.0,104.55,0.4459083333333333,0.016712393521642017,0.4111,0.4758,0.5136,0.06769166666666665,0.44665,0.5158,0.46489090909090924,0.5835587781999635,0.46576060606060604,0.5901062808372352,0.4459083333333333,resnet32,0.4111,0.4236,2.129949616098946,1.836121174252846,0.2938284399834546,resnet32,0.4312,0.4336,2.1162307616323233,1.8227785895155235,0.29345217141830787,resnet32,0.4564,0.462,2.1335065844045444,1.8382947956296531,0.2952117860444229,resnet32,0.4509,0.4498,2.1233793300661175,1.8323935295709155,0.2909858039453287,resnet32,0.4442,0.4382,2.1413966261527757,1.84634858335961,0.29504803961820225,resnet32,0.429,0.4348,2.107317130843347,1.8170278576964682,0.29028927213089034,resnet32,0.4606,0.4598,2.1682537900791927,1.8668391897597096,0.3014146016106348,resnet32,0.4356,0.423,2.1285592204129156,1.8346637819301,0.2938954432029277,resnet32,0.4431,0.4456,2.127966270697388,1.8317503920671614,0.2962158768522469,resnet32,0.4616,0.4584,2.117889417674054,1.823468478904529,0.29442093919285317,resnet32,0.4758,0.4714,2.1276010368019342,1.832412461834875,0.29518857348540967,resnet32,0.4514,0.4596,2.119993357157165,1.8248264676129275,0.2951668911317194,9000000.0,0.0,36000000.0,1368000000.0,16416000000.0
resnet32x12_cifar100_K12_unif2-step_seed0001_d020,d020,resnet32:12,cifar100,12,sampled,unif2-step,peers,0,0,1.0,p2p,1,200,64,0.1,0.9,0.0005,True,0,60,0.1,1.0,2,,disagreement,1.0,1,0.0,0.5,weight,complete,0.0,0.0,42,0,45000,5000,10000,5640048,step,38,0.1,2,1.0,115.38,0.4549,0.026502547047406597,0.3883,0.4834,0.5181,0.06319999999999998,0.4445666666666667,0.5138,0.46773030303030305,0.5749909104132856,0.45334999999999986,0.5911701137937668,0.4549,resnet32,0.4308,0.4206,2.127871613441543,1.8363898364319042,0.29148177415217186,resnet32,0.4252,0.4198,2.111265504563397,1.820921827107668,0.2903436771382324,resnet32,0.4702,0.4528,2.125607589429075,1.833919327028773,0.291688262950629,resnet32,0.4773,0.471,2.1244947810403327,1.8332995606417006,0.2911952172660015,resnet32,0.4834,0.475,2.1412141411141916,1.8460210356861353,0.29519310350191186,resnet32,0.467,0.4558,2.1059118676930666,1.8160547168756074,0.2898571484256536,resnet32,0.4708,0.4508,2.1587368409064682,1.8615048216147856,0.29723201833919366,resnet32,0.3883,0.3718,2.1215825859795916,1.8302973554554312,0.2912852307569913,resnet32,0.4495,0.447,2.12107146971605,1.8261680330403827,0.2949034364216707,resnet32,0.4733,0.466,2.1145320663397964,1.8210829088295049,0.29344915998676285,resnet32,0.4535,0.447,2.1227594768120484,1.8303517836400054,0.2924076934895394,resnet32,0.4695,0.4572,2.11771990172565,1.8260495513677597,0.29167034883390774,9000000.0,0.0,36000000.0,1404000000.0,16848000000.0
resnet32x12_cifar100_K12_unif2-step_seed0001_d020,d020,resnet32:12,cifar100,12,sampled,unif2-step,peers,0,0,1.0,p2p,1,200,64,0.1,0.9,0.0005,True,0,60,0.1,1.0,2,,disagreement,1.0,1,0.0,0.5,weight,complete,0.0,0.0,42,0,45000,5000,10000,5640048,step,39,0.1,2,1.0,105.31,0.39349999999999996,0.046095317911186304,0.2828,0.4695,0.4678,0.07430000000000003,0.3936,0.4636,0.517139393939394,0.5512075247071773,0.5258818181818181,0.5441304908614971,0.39349999999999996,resnet32,0.3893,0.3934,2.1269000987098976,1.8315534354610876,0.29534666576761415,resnet32,0.4064,0.4106,2.1134567160836677,1.8196957444941455,0.2937609698115425,resnet32,0.4336,0.4376,2.131537277251482,1.83565856855024,0.29587870821441437,resnet32,0.4006,0.3996,2.128517423333092,1.8337706349451433,0.29474678790112113,resnet32,0.4159,0.42,2.145946989682588,1.8482643320140513,0.297682655996389,resnet32,0.3789,0.379,2.103171792050654,1.8093267548829317,0.2938450355167416,resnet32,0.2828,0.2844,2.164394897324118,1.863390565765175,0.3010043284051459,resnet32,0.3919,0.3898,2.1251169458370316,1.831427855247801,0.29368909465318377,resnet32,0.4202,0.4258,2.12905206006359,1.8323317065157674,0.2967203586489301,resnet32,0.4695,0.4542,2.1182550794698973,1.8229037079621444,0.2953513721850785,resnet32,0.3295,0.3336,2.125918201424859,1.8299792300571094,0.295938968446783,resnet32,0.4034,0.3952,2.121964795006947,1.8273325069722803,0.2946322870186784,9000000.0,0.0,36000000.0,1440000000.0,17280000000.0
resnet32x12_cifar100_K12_unif2-step_seed0001_d020,d020,resnet32:12,cifar100,12,sampled,unif2-step,peers,0,0,1.0,p2p,1,200,64,0.1,0.9,0.0005,True,0,60,0.1,1.0,2,,disagreement,1.0,1,0.0,0.5,weight,complete,0.0,0.0,42,0,45000,5000,10000,5640048,step,40,0.1,2,1.0,104.38,0.3917833333333333,0.028181431041654992,0.3403,0.4355,0.4565,0.0647166666666667,0.39196666666666663,0.455,0.49530303030303025,0.5657636373531068,0.4955954545454546,0.570220401253011,0.3917833333333333,resnet32,0.4209,0.4206,2.12079831212759,1.8252325411885977,0.29556576892818237,resnet32,0.4183,0.4196,2.11130090074783,1.816347256472165,0.29495364270935004,resnet32,0.3564,0.3468,2.129005319862203,1.8331448403610424,0.29586047886616806,resnet32,0.3846,0.3812,2.1219716248187153,1.827128430320458,0.2948431957470761,resnet32,0.3894,0.3922,2.1400088078596373,1.8438635273751887,0.29614527959545905,resnet32,0.4355,0.4446,2.109219204465097,1.8151764822277157,0.2940427197397433,resnet32,0.3403,0.341,2.1595810279250145,1.8584428461776539,0.3011381810065359,resnet32,0.3553,0.3546,2.1193449566648765,1.82460619864816,0.29473875896920537,resnet32,0.3961,0.4016,2.122104173187505,1.824681193991141,0.29742298017001967,resnet32,0.4064,0.4064,2.1173115755346688,1.8200937118381262,0.2972178620878946,resnet32,0.3843,0.3772,2.115536601367322,1.821169399741021,0.2943672003563155,resnet32,0.4139,0.4178,2.1202792433852498,1.824708965691653,0.295570274899629,9000000.0,0.0,36000000.0,1476000000.0,17712000000.0
resnet32x12_cifar100_K12_unif2-step_seed0001_d020,d020,resnet32:12,cifar100,12,sampled,unif2-step,peers,0,0,1.0,p2p,1,200,64,0.1,0.9,0.0005,True,0,60,0.1,1.0,2,,disagreement,1.0,1,0.0,0.5,weight,complete,0.0,0.0,42,0,45000,5000,10000,5640048,step,41,0.1,2,1.0,105.45,0.3700666666666667,0.048997488597772934,0.2721,0.4506,0.4451,0.07503333333333329,0.3684,0.438,0.5538272727272726,0.5446437980161138,0.557430303030303,0.5429579396615414,0.3700666666666667,resnet32,0.3902,0.3872,2.1097423930398445,1.8153095275840976,0.2944328639952635,resnet32,0.3881,0.3782,2.106789551844651,1.814475954086943,0.292313594349914,resnet32,0.3194,0.31,2.115487838671966,1.8228668731383302,0.29262096295133233,resnet32,0.337,0.3378,2.1111472701145844,1.8174460242417725,0.293701246634803,resnet32,0.3588,0.3622,2.120995271104303,1.8266464371911504,0.2943488331723281,resnet32,0.3455,0.3476,2.0954469398341398,1.8050682184032418,0.29037872519852087,resnet32,0.3501,0.3388,2.148868002674796,1.8496736645359884,0.29919433748264884,resnet32,0.3835,0.3922,2.1197497678751294,1.8248874819414183,0.29486228667453607,resnet32,0.4499,0.4436,2.1095914605327626,1.8142962674186989,0.2952951933468946,resnet32,0.4506,0.438,2.1074678604914383,1.814516476948153,0.29295138394544745,resnet32,0.2721,0.2864,2.1086115899749776,1.8136445075612178,0.29496708421290596,resnet32,0.3956,0.3988,2.10827937705273,1.8145413527434522,0.2937380221079696,9000000.0,0.0,36000000.0,1512000000.0,18144000000.0
resnet32x12_cifar100_K12_unif2-step_seed0001_d020,d020,resnet32:12,cifar100,12,sampled,unif2-step,peers,0,0,1.0,p2p,1,200,64,0.1,0.9,0.0005,True,0,60,0.1,1.0,2,,disagreement,1.0,1,0.0,0.5,weight,complete,0.0,0.0,42,0,45000,5000,10000,5640048,step,42,0.1,2,1.0,104.86,0.44458333333333333,0.016923840843286388,0.4136,0.4659,0.5154,0.07081666666666664,0.433,0.5028,0.4785151515151516,0.5727705631662203,0.4762151515151515,0.5766453396442477,0.44458333333333333,resnet32,0.4659,0.4586,2.115216626023704,1.8202288308265535,0.2949877985202792,resnet32,0.4613,0.4476,2.1099844036454503,1.8134924952279439,0.2964919101531533,resnet32,0.4652,0.4506,2.1158956067467276,1.819636082276702,0.2962595240466974,resnet32,0.4217,0.4186,2.1217667565427045,1.827027835121209,0.2947389274115928,resnet32,0.4415,0.4316,2.1287252757359636,1.8336404956538568,0.29508477775380015,resnet32,0.4136,0.3956,2.0992932661690493,1.806512432342226,0.2927808342501521,resnet32,0.4443,0.4292,2.153418680144982,1.851927333257415,0.30149134320460935,resnet32,0.4508,0.4322,2.1104262847114694,1.8157964870333672,0.29462979888458823,resnet32,0.4361,0.4246,2.1199508497322146,1.8224733680148015,0.29747748451138084,resnet32,0.4629,0.452,2.116903929209167,1.8207955279133536,0.29610839958133345,resnet32,0.4262,0.4196,2.115727908909321,1.820479116487232,0.2952487926549194,resnet32,0.4455,0.4358,2.111374296586622,1.8164896660230376,0.29488463198173454,9000000.0,0.0,36000000.0,1548000000.0,18576000000.0
resnet32x12_cifar100_K12_unif2-step_seed0001_d020,d020,resnet32:12,cifar100,12,sampled,unif2-step,peers,0,0,1.0,p2p,1,200,64,0.1,0.9,0.0005,True,0,60,0.1,1.0,2,,disagreement,1.0,1,0.0,0.5,weight,complete,0.0,0.0,42,0,45000,5000,10000,5640048,step,43,0.1,2,1.0,105.14,0.4381916666666667,0.015374896115276865,0.4155,0.4729,0.4986,0.060408333333333286,0.42773333333333335,0.4912,0.44913333333333333,0.5903497376791398,0.45249696969696973,0.5945976538869612,0.4381916666666667,resnet32,0.4321,0.4172,2.1213944207199593,1.8260830827057362,0.29531133763322776,resnet32,0.4479,0.4396,2.1156675832515415,1.8212909166785805,0.2943766658533026,resnet32,0.4304,0.425,2.1201472587206145,1.824542523785071,0.2956047356975349,resnet32,0.4318,0.427,2.118100843476978,1.823018485849554,0.2950823570135981,resnet32,0.4273,0.4088,2.128301156007431,1.8323922826146537,0.2959088764407418,resnet32,0.4729,0.4698,2.1078665952452202,1.8157211174680428,0.29214548084630887,resnet32,0.4495,0.4482,2.159056569872932,1.8576140468093483,0.3014425241854042,resnet32,0.4221,0.4024,2.117418946867639,1.8234528240493753,0.29396612209860573,resnet32,0.4409,0.4286,2.1200003141367976,1.8235690056939016,0.29643130710941146,resnet32,0.4563,0.4444,2.1169603505933825,1.8224869556725025,0.2944733993023295,resnet32,0.4316,0.4198,2.112024203281511,1.8166720176284963,0.29535218205472286,resnet32,0.4155,0.402,2.1119663300500675,1.8167406125840815,0.29522571012123744,9000000.0,0.0,36000000.0,1584000000.0,19008000000.0
resnet32x12_cifar100_K12_unif2-step_seed0001_d020,d020,resnet32:12,cifar100,12,sampled,unif2-step,peers,0,0,1.0,p2p,1,200,64,0.1,0.9,0.0005,True,0,60,0.1,1.0,2,,disagreement,1.0,1,0.0,0.5,weight,complete,0.0,0.0,42,0,45000,5000,10000,5640048,step,44,0.1,2,1.0,104.79,0.4057083333333334,0.040209647646912906,0.3034,0.4541,0.4617,0.055991666666666606,0.4059833333333333,0.463,0.4772090909090908,0.5851664462212788,0.48162878787878793,0.5959797105406249,0.4057083333333334,resnet32,0.3907,0.4012,2.110134942626411,1.8171513974666595,0.2929835407359695,resnet32,0.4124,0.4132,2.095147466795011,1.8015458700670437,0.2936016008554196,resnet32,0.4295,0.4326,2.1149310166524216,1.8188826125115156,0.2960484042679044,resnet32,0.4146,0.4112,2.1145049333572388,1.8207236304879189,0.2937813046896322,resnet32,0.4492,0.4476,2.123980148780075,1.8265901592306115,0.297389985866506,resnet32,0.3628,0.3534,2.0884873780675908,1.797493665055795,0.290993714324114,resnet32,0.3034,0.2968,2.1458173001354393,1.8457737918943167,0.30004351315173233,resnet32,0.4256,0.4268,2.10947230017998,1.8157878939739682,0.29368440817448904,resnet32,0.4541,0.4552,2.1123584244738924,1.8145085817033595,0.2978498437018557,resnet32,0.4278,0.4406,2.101997015320442,1.808007208799774,0.2939898045733571,resnet32,0.4213,0.4166,2.1003327694806186,1.8043578365309672,0.29597493656910956,resnet32,0.3771,0.3766,2.1082997831769963,1.8147190667011521,0.29358071865598584,9000000.0,0.0,36000000.0,1620000000.0,19440000000.0
resnet32x12_cifar100_K12_unif2-step_seed0001_d020,d020,resnet32:12,cifar100,12,sampled,unif2-step,peers,0,0,1.0,p2p,1,200,64,0.1,0.9,0.0005,True,0,60,0.1,1.0,2,,disagreement,1.0,1,0.0,0.5,weight,complete,0.0,0.0,42,0,45000,5000,10000,5640048,step,45,0.1,2,1.0,105.25,0.3917083333333333,0.0190710713880707,0.3571,0.4362,0.4532,0.06149166666666667,0.39399999999999996,0.4614,0.49564545454545444,0.5726308982708967,0.49539999999999995,0.5785673773671611,0.3917083333333333,resnet32,0.4023,0.403,2.108026497066021,1.811480083248832,0.29654641381718894,resnet32,0.3986,0.3918,2.101229651746425,1.80664480663836,0.2945848472670398,resnet32,0.3571,0.3574,2.112329702147029,1.8165537024086171,0.29577599808743055,resnet32,0.3794,0.3918,2.1099575007842346,1.8155307116156274,0.2944267916662449,resnet32,0.393,0.3942,2.12163657322526,1.8258616006509825,0.2957749705211344,resnet32,0.4362,0.4456,2.096984527497129,1.8049580341374332,0.29202649026939814,resnet32,0.3824,0.3844,2.1430449419739572,1.8403408163311807,0.30270412703976035,resnet32,0.4096,0.4082,2.109387104145505,1.8149987084960395,0.29438839497214014,resnet32,0.3761,0.3794,2.1136334392834795,1.8151042049920016,0.29852923295799305,resnet32,0.3915,0.394,2.1113134256818076,1.8142550347203559,0.2970583943480795,resnet32,0.3967,0.4034,2.1026074810122903,1.8082711904902349,0.2943362886170772,resnet32,0.3776,0.3748,2.1058355510573494,1.8103913282128898,0.29544422551142896,9000000.0,0.0,36000000.0,1656000000.0,19872000000.0
resnet32x12_cifar100_K12_unif2-step_seed0001_d020,d020,resnet32:12,cifar100,12,sampled,unif2-step,peers,0,0,1.0,p2p,1,200,64,0.1,0.9,0.0005,True,0,60,0.1,1.0,2,,disagreement,1.0,1,0.0,0.5,weight,complete,0.0,0.0,42,0,45000,5000,10000,5640048,step,46,0.1,2,1.0,105.28,0.45565000000000005,0.014445443341529302,0.4322,0.4765,0.5128,0.05714999999999998,0.45448333333333335,0.517,0.4374666666666666,0.5971218467571575,0.4382318181818181,0.5960979192192392,0.45565000000000005,resnet32,0.4688,0.4602,2.0985604367134245,1.8023780093274333,0.29618242840197956,resnet32,0.4765,0.4726,2.094039387831634,1.799915393645113,0.2941239945886826,resnet32,0.4322,0.4364,2.0971687984737484,1.8009275262328712,0.29624127012423496,resnet32,0.4764,0.4738,2.101406445557421,1.8056701123714447,0.29573633384213527,resnet32,0.4474,0.4508,2.1097433350302954,1.8127850808880546,0.29695825558155775,resnet32,0.4677,0.4642,2.084248309955001,1.7904079321094535,0.2938403772105547,resnet32,0.4429,0.4412,2.136496418409727,1.8331971483474427,0.3032992727080868,resnet32,0.4543,0.455,2.0969501180066303,1.80253375118429,0.2944163672456687,resnet32,0.4573,0.4568,2.099635474722494,1.8014443084936251,0.29819116766818543,resnet32,0.4633,0.4634,2.090261477807706,1.7935746009038254,0.2966868765017187,resnet32,0.4375,0.4348,2.093516764823686,1.7973638232797384,0.2961529431949285,resnet32,0.4435,0.4446,2.096673170273954,1.8004071160473607,0.29626605431125924,9000000.0,0.0,36000000.0,1692000000.0,20304000000.0
resnet32x12_cifar100_K12_unif2-step_seed0001_d020,d020,resnet32:12,cifar100,12,sampled,unif2-step,peers,0,0,1.0,p2p,1,200,64,0.1,0.9,0.0005,True,0,60,0.1,1.0,2,,disagreement,1.0,1,0.0,0.5,weight,complete,0.0,0.0,42,0,45000,5000,10000,5640048,step,47,0.1,2,1.0,105.61,0.45193333333333335,0.020235790625083624,0.3967,0.4743,0.512,0.06006666666666666,0.44978333333333337,0.516,0.4512242424242425,0.588729231223257,0.4530909090909091,0.5944858456118844,0.45193333333333335,resnet32,0.4727,0.467,2.0927361370148985,1.7969435463574799,0.29579258981076156,resnet32,0.4704,0.476,2.0823767007413236,1.7875552597371014,0.294821440348063,resnet32,0.4607,0.45,2.101115034893155,1.8049836307764053,0.2961314032912593,resnet32,0.4539,0.4496,2.097896819426255,1.8004186219451102,0.29747819843363354,resnet32,0.44,0.433,2.098400130867958,1.8012932041151957,0.2971069184766913,resnet32,0.4442,0.4394,2.081995380026373,1.7870249570432035,0.29497042249634187,resnet32,0.3967,0.4034,2.1345685496926308,1.8315358776599169,0.30303267402235756,resnet32,0.4422,0.4448,2.0885361832651226,1.7937977578152309,0.2947384277570315,resnet32,0.4548,0.444,2.095905228094621,1.7978716404600577,0.2980335914445194,resnet32,0.4656,0.4662,2.093334350565618,1.7962710430676287,0.2970633111597801,resnet32,0.4477,0.453,2.0936960261315107,1.7953237569467588,0.29837226387197996,resnet32,0.4743,0.471,2.091879890215668,1.7964248542081227,0.2954550369600342,9000000.0,0.0,36000000.0,1728000000.0,20736000000.0
resnet32x12_cifar100_K12_unif2-step_seed0001_d020,d020,resnet32:12,cifar100,12,sampled,unif2-step,peers,0,0,1.0,p2p,1,200,64,0.1,0.9,0.0005,True,0,60,0.1,1.0,2,,disagreement,1.0,1,0.0,0.5,weight,complete,0.0,0.0,42,0,45000,5000,10000,5640048,step,48,0.1,2,1.0,105.03,0.39644166666666664,0.027503437916417326,0.3411,0.4328,0.464,0.06755833333333339,0.38906666666666667,0.4508,0.5074515151515151,0.5545957969573525,0.5052803030303029,0.5620324392268828,0.39644166666666664,resnet32,0.3954,0.3828,2.1117862459610808,1.8160831352526492,0.29570311219008133,resnet32,0.4278,0.4128,2.099950112741102,1.806253226643259,0.2936968862671744,resnet32,0.4173,0.4146,2.1087281160395253,1.8143797261132435,0.2943483875344761,resnet32,0.4328,0.4198,2.1081005846234886,1.8140137822113254,0.29408680086701433,resnet32,0.432,0.4292,2.1214365283535286,1.823882351883433,0.29755417206747964,resnet32,0.4117,0.4058,2.0915602658959953,1.8004294957288287,0.29113076777536084,resnet32,0.3714,0.3668,2.140660934150219,1.841776454821229,0.29888447833416815,resnet32,0.3678,0.3608,2.1026904213834894,1.8082107893106611,0.2944796301255172,resnet32,0.3411,0.3364,2.108884583650665,1.8110238190063022,0.2978607648136941,resnet32,0.3902,0.3892,2.107278635725379,1.8120242662050507,0.2952543667898598,resnet32,0.3883,0.3848,2.1073505316268313,1.8109085444699635,0.296441990818659,resnet32,0.3815,0.3658,2.104980459775437,1.808543674647808,0.2964367877522653,9000000.0,0.0,36000000.0,1764000000.0,21168000000.0
resnet32x12_cifar100_K12_unif2-step_seed0001_d020,d020,resnet32:12,cifar100,12,sampled,unif2-step,peers,0,0,1.0,p2p,1,200,64,0.1,0.9,0.0005,True,0,60,0.1,1.0,2,,disagreement,1.0,1,0.0,0.5,weight,complete,0.0,0.0,42,0,45000,5000,10000,5640048,step,49,0.1,2,1.0,115.71,0.41956666666666664,0.03091273559913813,0.3468,0.4644,0.4743,0.054733333333333356,0.4131,0.467,0.4434121212121211,0.6272804198090406,0.4501621212121212,0.6234255352519019,0.41956666666666664,resnet32,0.4644,0.4596,2.106476727365093,1.8096272376450626,0.296849489106204,resnet32,0.4616,0.4456,2.0910085018046876,1.7964725995605642,0.2945359028791162,resnet32,0.3468,0.3414,2.1076261794025246,1.8120194323022256,0.29560674887827854,resnet32,0.4261,0.4182,2.1107343889095564,1.8145307205956092,0.2962036656469784,resnet32,0.3899,0.3834,2.108776458793066,1.8134382546625354,0.2953382015482269,resnet32,0.4161,0.4134,2.0880400748415426,1.7945984861051494,0.2934415896465494,resnet32,0.3986,0.3954,2.1496196424757894,1.8468525350432505,0.30276711084033275,resnet32,0.4365,0.4304,2.1083007663149727,1.8117673366584561,0.2965334281113676,resnet32,0.4205,0.4188,2.1115942531349985,1.811479240655899,0.30011501197110524,resnet32,0.4254,0.4224,2.099187285046686,1.8037478827278723,0.2954393988051875,resnet32,0.4064,0.3912,2.104042323814197,1.8073376664383844,0.2967046583283015,resnet32,0.4425,0.4374,2.1012253339656373,1.8048877976834774,0.2963375353508375,9000000.0,0.0,36000000.0,1800000000.0,21600000000.0
resnet32x12_cifar100_K12_unif2-step_seed0001_d020,d020,resnet32:12,cifar100,12,sampled,unif2-step,peers,0,0,1.0,p2p,1,200,64,0.1,0.9,0.0005,True,0,60,0.1,1.0,2,,disagreement,1.0,1,0.0,0.5,weight,complete,0.0,0.0,42,0,45000,5000,10000,5640048,step,50,0.1,2,1.0,105.68,0.43309166666666665,0.02863428767326954,0.3614,0.4732,0.5039,0.07080833333333336,0.42346666666666666,0.4902,0.48121515151515143,0.5672422718770654,0.47360454545454544,0.5773084234630859,0.43309166666666665,resnet32,0.413,0.406,2.0949193328957665,1.7977099366147409,0.2972094014456326,resnet32,0.4269,0.4108,2.086237047206272,1.7895925674926152,0.29664448191496456,resnet32,0.4403,0.4226,2.0983149663291196,1.8036104212091728,0.2947045444426211,resnet32,0.4162,0.4132,2.1007070446556266,1.8053930527107283,0.29531398991292174,resnet32,0.4695,0.4564,2.1053851468657907,1.8099289321425287,0.29545621535825456,resnet32,0.4524,0.446,2.0848828581246464,1.7913317878476598,0.29355106854133983,resnet32,0.3614,0.3508,2.130491477013989,1.8276462077417157,0.3028452636420049,resnet32,0.4551,0.437,2.09777022017674,1.8012101828035982,0.29656003906645556,resnet32,0.4732,0.4698,2.099871013482863,1.8002603766931728,0.29961063994348724,resnet32,0.4348,0.428,2.0898293415931137,1.7928016167134047,0.29702772409655154,resnet32,0.4219,0.4112,2.0865590289573777,1.7904137567701666,0.2961452701975676,resnet32,0.4324,0.4298,2.0916382050649687,1.7959507751193913,0.2956874337978661,9000000.0,0.0,36000000.0,1836000000.0,22032000000.0
resnet32x12_cifar100_K12_unif2-step_seed0001_d020,d020,resnet32:12,cifar100,12,sampled,unif2-step,peers,0,0,1.0,p2p,1,200,64,0.1,0.9,0.0005,True,0,60,0.1,1.0,2,,disagreement,1.0,1,0.0,0.5,weight,complete,0.0,0.0,42,0,45000,5000,10000,5640048,step,51,0.1,2,1.0,105.42,0.39946666666666664,0.040595470464353814,0.3095,0.4423,0.4642,0.06473333333333336,0.39725000000000005,0.462,0.4985181818181817,0.5677005786148491,0.4992090909090907,0.5780419379451084,0.39946666666666664,resnet32,0.4065,0.4078,2.11035210842436,1.8126027225093408,0.2977493868886747,resnet32,0.4289,0.429,2.0974074319343674,1.8011708125810733,0.2962366222742606,resnet32,0.4371,0.4372,2.1063504464585674,1.8091720525513997,0.29717839672230184,resnet32,0.4394,0.4396,2.1047592813318428,1.8090478550981393,0.2957114270591939,resnet32,0.3095,0.3124,2.115811434659091,1.81892321953042,0.2968882147053426,resnet32,0.366,0.357,2.0824730074541136,1.7901800986040721,0.29229290709322825,resnet32,0.4261,0.4124,2.1361685476519843,1.8349477010355755,0.3012208478017287,resnet32,0.4174,0.4248,2.100933375683698,1.8064091373234987,0.29452424428679724,resnet32,0.4423,0.4342,2.1050394629551605,1.8046099743382498,0.3004294896963984,resnet32,0.3394,0.329,2.096436136825518,1.7999323140829802,0.2965038205412301,resnet32,0.3899,0.3932,2.097655087201433,1.8015394419093023,0.2961156477686018,resnet32,0.3911,0.3904,2.0969006778164343,1.8023562522774392,0.29454442382451484,9000000.0,0.0,36000000.0,1872000000.0,22464000000.0
resnet32x12_cifar100_K12_unif2-step_seed0001_d020,d020,resnet32:12,cifar100,12,sampled,unif2-step,peers,0,0,1.0,p2p,1,200,64,0.1,0.9,0.0005,True,0,60,0.1,1.0,2,,disagreement,1.0,1,0.0,0.5,weight,complete,0.0,0.0,42,0,45000,5000,10000,5640048,step,52,0.1,2,1.0,105.47,0.42416666666666664,0.028246071506592838,0.3724,0.462,0.4851,0.06093333333333334,0.41855,0.476,0.4719484848484848,0.5890817911120686,0.4718818181818182,0.5949148980615521,0.42416666666666664,resnet32,0.4277,0.4222,2.097972500899976,1.8021161325953223,0.2958563655106859,resnet32,0.4458,0.444,2.089117021723227,1.7938839163292537,0.2952331052458083,resnet32,0.4434,0.4296,2.1011329647153616,1.8017327453602443,0.29940021596848965,resnet32,0.4142,0.407,2.098953413015062,1.802083400332115,0.29687001242895017,resnet32,0.3853,0.3888,2.109783087264408,1.8133878574113955,0.2963952296625145,resnet32,0.462,0.446,2.0801246630197223,1.786970923400738,0.2931537452492524,resnet32,0.3724,0.3688,2.134752195667137,1.8321488624946638,0.3026033349292861,resnet32,0.3943,0.3894,2.09236171790822,1.7953520208935847,0.2970096929083494,resnet32,0.4615,0.4554,2.0977413559501823,1.798871473493901,0.29886988501741807,resnet32,0.4095,0.4092,2.09022981046953,1.793304735625332,0.29692507306621835,resnet32,0.4463,0.4414,2.0962105628780345,1.799391468140212,0.2968190915416926,resnet32,0.4276,0.4208,2.0893922493877737,1.7939714416861534,0.2954208045689897,9000000.0,0.0,36000000.0,1908000000.0,22896000000.0
resnet32x12_cifar100_K12_unif2-step_seed0001_d020,d020,resnet32:12,cifar100,12,sampled,unif2-step,peers,0,0,1.0,p2p,1,200,64,0.1,0.9,0.0005,True,0,60,0.1,1.0,2,,disagreement,1.0,1,0.0,0.5,weight,complete,0.0,0.0,42,0,45000,5000,10000,5640048,step,53,0.1,2,1.0,105.24,0.4251666666666667,0.031551210577232834,0.3413,0.4642,0.4908,0.06563333333333332,0.4232666666666667,0.494,0.47243636363636365,0.5770351944845136,0.4725590909090909,0.5942302867461589,0.4251666666666667,resnet32,0.4638,0.462,2.099042525853623,1.8021345443346284,0.29690798168832605,resnet32,0.4185,0.4172,2.087079014798457,1.7915689972313968,0.29551001788455655,resnet32,0.4116,0.4076,2.09140486727384,1.796462863853032,0.29494200843725016,resnet32,0.4,0.3952,2.0980430079454724,1.8012675382196903,0.296775469514118,resnet32,0.4506,0.443,2.103351715105501,1.806883835487745,0.2964678797235882,resnet32,0.4642,0.46,2.0802052849057047,1.7878763865340839,0.29232889763079584,resnet32,0.4352,0.4296,2.1311812206086787,1.830090307545933,0.3010909161742099,resnet32,0.4284,0.4336,2.091265745122324,1.7965789864009076,0.2946867589119144,resnet32,0.4307,0.4268,2.101826098832217,1.8026083670556545,0.29921773372387345,resnet32,0.4184,0.4228,2.0849822752855043,1.7886676722290842,0.296314601701769,resnet32,0.3413,0.347,2.0904532699761065,1.792455875060775,0.29799739648164675,resnet32,0.4393,0.4344,2.088722464882515,1.7938104888254947,0.2949119788298214,9000000.0,0.0,36000000.0,1944000000.0,23328000000.0
resnet32x12_cifar100_K12_unif2-step_seed0001_d020,d020,resnet32:12,cifar100,12,sampled,unif2-step,peers,0,0,1.0,p2p,1,200,64,0.1,0.9,0.0005,True,0,60,0.1,1.0,2,,disagreement,1.0,1,0.0,0.5,weight,complete,0.0,0.0,42,0,45000,5000,10000,5640048,step,54,0.1,2,1.0,104.94,0.3893083333333333,0.02591217404790437,0.3482,0.443,0.4552,0.06589166666666668,0.38863333333333333,0.4502,0.503727272727273,0.5649724167545112,0.5077166666666666,0.5659228882330025,0.3893083333333333,resnet32,0.4083,0.405,2.0888746109875767,1.7909026845273646,0.29797192811119283,resnet32,0.3923,0.3904,2.0805910549719226,1.7842031720687042,0.2963878811040724,resnet32,0.379,0.3746,2.088288390839642,1.7882827794687315,0.3000056104819206,resnet32,0.3702,0.3698,2.0863070008768276,1.7885608740828254,0.29774612592617894,resnet32,0.3976,0.4058,2.0974371164021166,1.7988614477217197,0.29857566889206116,resnet32,0.3792,0.3812,2.072635731575164,1.7781175678087906,0.294518160993572,resnet32,0.3482,0.3552,2.1232811640948057,1.8214636284180663,0.3018175344914198,resnet32,0.3617,0.3602,2.096555822782896,1.7963315470313483,0.3002242720685899,resnet32,0.3964,0.3886,2.0898797566240486,1.792702040719715,0.2971777157561684,resnet32,0.3704,0.3676,2.0852867935530166,1.7875570153648204,0.29772977583872323,resnet32,0.4254,0.4192,2.082234200767495,1.7833700329065323,0.2988641672259705,resnet32,0.443,0.446,2.087365900081667,1.788518287241459,0.2988476130730388,9000000.0,0.0,36000000.0,1980000000.0,23760000000.0
resnet32x12_cifar100_K12_unif2-step_seed0001_d020,d020,resnet32:12,cifar100,12,sampled,unif2-step,peers,0,0,1.0,p2p,1,200,64,0.1,0.9,0.0005,True,0,60,0.1,1.0,2,,disagreement,1.0,1,0.0,0.5,weight,complete,0.0,0.0,42,0,45000,5000,10000,5640048,step,55,0.1,2,1.0,104.76,0.4201583333333334,0.02226467524777509,0.384,0.4545,0.5008,0.08064166666666661,0.4160833333333334,0.4944,0.5096636363636362,0.5548332561503468,0.5115333333333332,0.5484775356909544,0.4201583333333334,resnet32,0.4531,0.453,2.1016657071357425,1.8025104791264643,0.2991552318192341,resnet32,0.4245,0.4172,2.090869802642952,1.792458595030687,0.298411211210557,resnet32,0.4053,0.393,2.1064120141619984,1.8072116398675875,0.29920037291859364,resnet32,0.4036,0.401,2.1068732726641675,1.809997838667848,0.2968754320066761,resnet32,0.389,0.3926,2.1048679790374907,1.8061614627526565,0.2987065133427016,resnet32,0.4352,0.4266,2.0880391858518124,1.7921193555336108,0.2959198270374062,resnet32,0.444,0.4394,2.130685962905938,1.8281799769875677,0.3025059884371744,resnet32,0.4108,0.4074,2.0941411437974735,1.7958725279366428,0.29826861401935195,resnet32,0.4171,0.4056,2.099238159642978,1.7973288632929325,0.30190929493189533,resnet32,0.4208,0.4248,2.0984295672652395,1.7988557414236395,0.29957382643426006,resnet32,0.4545,0.4518,2.093521821735935,1.7963551582599229,0.2971666630526835,resnet32,0.384,0.3806,2.0962083873085002,1.7970680701123043,0.29914031448689377,9000000.0,0.0,36000000.0,2016000000.0,24192000000.0
resnet32x12_cifar100_K12_unif2-step_seed0001_d020,d020,resnet32:12,cifar100,12,sampled,unif2-step,peers,0,0,1.0,p2p,1,200,64,0.1,0.9,0.0005,True,0,60,0.1,1.0,2,,disagreement,1.0,1,0.0,0.5,weight,complete,0.0,0.0,42,0,45000,5000,10000,5640048,step,56,0.1,2,1.0,104.77,0.42877499999999996,0.01927217878186065,0.4033,0.4584,0.4919,0.06312500000000004,0.4255166666666667,0.4872,0.47541818181818174,0.5875703970485784,0.4762863636363637,0.58412269909541,0.42877499999999996,resnet32,0.4503,0.4372,2.0981767370619555,1.8019373760643331,0.2962393633259291,resnet32,0.4142,0.4226,2.085180525244637,1.7881514027037404,0.2970291220752353,resnet32,0.4282,0.4294,2.097896748984402,1.7993333600461483,0.29856339061040094,resnet32,0.4142,0.4068,2.0957472031428055,1.796912568198009,0.29883463287048717,resnet32,0.4063,0.3982,2.09902288002724,1.7999502733688464,0.29907260282727127,resnet32,0.4584,0.4512,2.0797531978989188,1.783456594937227,0.29629660183987155,resnet32,0.4083,0.4002,2.117597904733636,1.815109683708711,0.30248822405172343,resnet32,0.4432,0.4406,2.0930902775038374,1.79749285294251,0.295597423651171,resnet32,0.4204,0.4224,2.088880082084374,1.78919876773249,0.2996813157912005,resnet32,0.4499,0.4384,2.0815402826463636,1.7842185961251908,0.2973216855051843,resnet32,0.4033,0.408,2.0844700576906856,1.7861743444068865,0.29829571525227616,resnet32,0.4486,0.4512,2.087903508408503,1.789879335598512,0.2980241707145152,9000000.0,0.0,36000000.0,2052000000.0,24624000000.0
resnet32x12_cifar100_K12_unif2-step_seed0001_d020,d020,resnet32:12,cifar100,12,sampled,unif2-step,peers,0,0,1.0,p2p,1,200,64,0.1,0.9,0.0005,True,0,60,0.1,1.0,2,,disagreement,1.0,1,0.0,0.5,weight,complete,0.0,0.0,42,0,45000,5000,10000,5640048,step,57,0.1,2,1.0,105.82,0.4412416666666667,0.03323097095414991,0.3652,0.4843,0.508,0.06675833333333331,0.43459999999999993,0.501,0.46384848484848473,0.5836596755067587,0.4646621212121211,0.5828653144416774,0.4412416666666667,resnet32,0.4376,0.4336,2.0888097530061547,1.793202001262795,0.29560775466432626,resnet32,0.4304,0.4206,2.0783751361410725,1.7831555178219622,0.2952196224888956,resnet32,0.4843,0.481,2.0896094785156576,1.7911120493980972,0.29849743019704794,resnet32,0.478,0.4732,2.0906652449206873,1.7929502862759612,0.29771496226418426,resnet32,0.3652,0.363,2.091665082187815,1.7943937620994719,0.29727131907235493,resnet32,0.4272,0.4192,2.0761622730642557,1.7823400582102211,0.29382221438837325,resnet32,0.3907,0.3864,2.1182440422814,1.8177774748341604,0.3004665653517639,resnet32,0.4556,0.4428,2.0802498996596444,1.784809043800289,0.29544085323471914,resnet32,0.4628,0.4612,2.0825462984767826,1.7835570821030573,0.29898921319876204,resnet32,0.4653,0.4554,2.0786374141885475,1.7816478059711782,0.2969896055080674,resnet32,0.4462,0.4266,2.0724710322577846,1.774831502952359,0.29763952538963745,resnet32,0.4516,0.4522,2.07808024385436,1.782277286560698,0.2958029605532912,9000000.0,0.0,36000000.0,2088000000.0,25056000000.0
resnet32x12_cifar100_K12_unif2-step_seed0001_d020,d020,resnet32:12,cifar100,12,sampled,unif2-step,peers,0,0,1.0,p2p,1,200,64,0.1,0.9,0.0005,True,0,60,0.1,1.0,2,,disagreement,1.0,1,0.0,0.5,weight,complete,0.0,0.0,42,0,45000,5000,10000,5640048,step,58,0.1,2,1.0,105.03,0.440425,0.024356693980642503,0.3747,0.4694,0.5118,0.07137500000000002,0.43494999999999995,0.5038,0.46619999999999995,0.5822877114992435,0.4719393939393941,0.5785275874555922,0.440425,resnet32,0.4347,0.4386,2.081227972934192,1.7854791894893756,0.29574878537096083,resnet32,0.4404,0.442,2.075086089697751,1.7794401208785446,0.2956459682265466,resnet32,0.4569,0.4418,2.085252725773237,1.7896542249416763,0.2955984999214045,resnet32,0.4657,0.4564,2.08312027037821,1.7869950490580364,0.2961252215530046,resnet32,0.4393,0.434,2.0854340105910194,1.7886057738214731,0.29682823685421184,resnet32,0.4498,0.4436,2.070114815269004,1.7772277060218833,0.2928871095857837,resnet32,0.4267,0.423,2.108655219897628,1.8085303944958881,0.3001248247032477,resnet32,0.4208,0.4138,2.0851651277731764,1.788440158929337,0.29672496765851974,resnet32,0.4502,0.428,2.085923598571257,1.787079441445795,0.2988441591574387,resnet32,0.4565,0.4574,2.0824412161653694,1.7829330661757425,0.2995081510267813,resnet32,0.4694,0.4654,2.077279131351547,1.778320962563157,0.2989581640259447,resnet32,0.3747,0.3754,2.0753434932028707,1.7800048655745657,0.2953386274166405,9000000.0,0.0,36000000.0,2124000000.0,25488000000.0
resnet32x12_cifar100_K12_unif2-step_seed0001_d020,d020,resnet32:12,cifar100,12,sampled,unif2-step,peers,0,0,1.0,p2p,1,200,64,0.1,0.9,0.0005,True,0,60,0.1,1.0,2,,disagreement,1.0,1,0.0,0.5,weight,complete,0.0,0.0,42,0,45000,5000,10000,5640048,step,59,0.1,2,1.0,105.15,0.44814166666666666,0.025554107899818282,0.3945,0.4797,0.5094,0.061258333333333304,0.4414666666666667,0.501,0.46219090909090904,0.583193679186362,0.459240909090909,0.5961178200445794,0.44814166666666666,resnet32,0.4399,0.4274,2.094498034566641,1.7984157167375088,0.29608232068659907,resnet32,0.4747,0.459,2.085086817260493,1.7894768808037043,0.2956099342131479,resnet32,0.4592,0.4544,2.0884142638268797,1.7919789437543263,0.2964353207498789,resnet32,0.4389,0.4322,2.0949783323502,1.7961699495261365,0.29880838354372163,resnet32,0.476,0.471,2.0927498249167744,1.7949477540837093,0.29780206947841426,resnet32,0.473,0.4612,2.0776121089742943,1.7821003997867757,0.2955117054198953,resnet32,0.4498,0.4392,2.1195713073353875,1.817647490989078,0.30192381484349345,resnet32,0.3945,0.3954,2.0863987488502804,1.7907683481885628,0.2956304010427134,resnet32,0.4101,0.4022,2.0906981239941986,1.7931933360682293,0.29750478619032283,resnet32,0.4797,0.4794,2.0856882359155198,1.7861866126344963,0.2995016254823316,resnet32,0.4368,0.4292,2.0815550263293763,1.7837512362748384,0.29780378692190757,resnet32,0.4451,0.447,2.0855825739828022,1.7884172236716205,0.2971653497396884,9000000.0,0.0,36000000.0,2160000000.0,25920000000.0
resnet32x12_cifar100_K12_unif2-step_seed0001_d020,d020,resnet32:12,cifar100,12,sampled,unif2-step,peers,0,0,1.0,p2p,1,200,64,0.1,0.9,0.0005,True,0,60,0.1,1.0,2,,disagreement,1.0,1,0.0,0.5,weight,complete,0.0,0.0,42,0,45000,5000,10000,5640048,step,60,0.010000000000000002,2,1.0,104.81,0.6221916666666668,0.002119142253103572,0.6177,0.626,0.6466,0.024408333333333143,0.6183166666666665,0.6404,0.21468484848484848,0.7560932349963166,0.21677272727272728,0.7561603832863633,0.6221916666666668,resnet32,0.622,0.6214,1.5442339617081664,1.3786658178168265,0.16556814515074206,resnet32,0.626,0.6244,1.5341177802024917,1.369620362466032,0.16449741876303134,resnet32,0.6227,0.6178,1.5387277293272994,1.373046800494194,0.1656809266847135,resnet32,0.6208,0.6172,1.5386592408811504,1.372860098765655,0.16579914108892393,resnet32,0.623,0.6152,1.5445059485394845,1.378094938583672,0.16641101013572718,resnet32,0.623,0.6164,1.5290526981380852,1.3637784193693236,0.16527427763635802,resnet32,0.6177,0.6178,1.5646036271513863,1.3958955171772025,0.16870811169924724,resnet32,0.6209,0.6114,1.5386736169457436,1.3737950974398039,0.1648785185640339,resnet32,0.624,0.6178,1.5340418541295961,1.3682887994430282,0.1657530538293279,resnet32,0.6199,0.6164,1.5351132466034456,1.3704631070352413,0.1646501402243633,resnet32,0.6245,0.6238,1.5312016240575097,1.365708167580041,0.16549345657271755,resnet32,0.6218,0.6202,1.5289760907603935,1.3638457665219903,0.165130324926312,9000000.0,0.0,36000000.0,2196000000.0,26352000000.0
resnet32x12_cifar100_K12_unif2-step_seed0001_d020,d020,resnet32:12,cifar100,12,sampled,unif2-step,peers,0,0,1.0,p2p,1,200,64,0.1,0.9,0.0005,True,0,60,0.1,1.0,2,,disagreement,1.0,1,0.0,0.5,weight,complete,0.0,0.0,42,0,45000,5000,10000,5640048,step,61,0.010000000000000002,2,1.0,104.71,0.6283583333333332,0.0033789688598084818,0.6215,0.6352,0.6516,0.023241666666666716,0.6217666666666667,0.6454,0.21867272727272735,0.7498341949845756,0.21720000000000003,0.7530326806711357,0.6283583333333332,resnet32,0.626,0.6268,1.4034592474556782,1.2428226286376065,0.1606366187545725,resnet32,0.6352,0.6262,1.392429254102436,1.2313994479958306,0.1610298044662076,resnet32,0.6281,0.6222,1.3983541409569709,1.2379549964415757,0.16039914516097104,resnet32,0.6315,0.6238,1.4029336997561834,1.2415049573067913,0.16142874148631978,resnet32,0.627,0.622,1.4033112761310556,1.2415986830707302,0.16171259223483503,resnet32,0.6278,0.6218,1.3887115646661683,1.2285804420032285,0.1601311251394112,resnet32,0.6215,0.6092,1.429238790222867,1.261871260675517,0.16736752980134703,resnet32,0.6281,0.6168,1.3999977199868723,1.238537758588791,0.1614599603926763,resnet32,0.6319,0.621,1.3974913159723987,1.2360250027003614,0.1614663124147972,resnet32,0.6267,0.6168,1.396317633461546,1.2351442706686528,0.16117336275056005,resnet32,0.6305,0.6244,1.3928384893489154,1.231794091872871,0.16104439476674254,resnet32,0.626,0.6302,1.3951378815214743,1.2334695488045162,0.1616683348336003,9000000.0,0.0,36000000.0,2232000000.0,26784000000.0
resnet32x12_cifar100_K12_unif2-step_seed0001_d020,d020,resnet32:12,cifar100,12,sampled,unif2-step,peers,0,0,1.0,p2p,1,200,64,0.1,0.9,0.0005,True,0,60,0.1,1.0,2,,disagreement,1.0,1,0.0,0.5,weight,complete,0.0,0.0,42,0,45000,5000,10000,5640048,step,62,0.010000000000000002,2,1.0,105.24,0.6391000000000001,0.0041222970942586465,0.6291,0.6466,0.6652,0.0260999999999999,0.6354333333333334,0.6594,0.21100303030303041,0.7502826254274405,0.21280606060606058,0.7478138154988528,0.6391000000000001,resnet32,0.6381,0.6366,1.3623926764862104,1.1966674813831395,0.16572519308167763,resnet32,0.6415,0.6342,1.3459988946772434,1.1804575269025834,0.1655413694785569,resnet32,0.6375,0.634,1.354212366129187,1.1882182645018806,0.16599410015624017,resnet32,0.6379,0.6352,1.3546180743724108,1.1876201074231754,0.166997967033901,resnet32,0.6421,0.635,1.3605040444738485,1.1933249041268772,0.16717914074913345,resnet32,0.6423,0.6406,1.3449119732461192,1.1787604724311016,0.1661515002752739,resnet32,0.6291,0.6306,1.3829230848191814,1.2121408396315845,0.17078224568500777,resnet32,0.6386,0.6284,1.3535447045314042,1.1865748243237084,0.1669698812977665,resnet32,0.6466,0.6364,1.3514331754466349,1.1845074108886449,0.16692576349966906,resnet32,0.6352,0.6394,1.348912651819939,1.1826820635998792,0.16623058773323215,resnet32,0.6402,0.6346,1.344227624041113,1.1780220289629968,0.16620559538502924,resnet32,0.6401,0.6402,1.3453885513273152,1.1792901878837834,0.1660983643431047,9000000.0,0.0,36000000.0,2268000000.0,27216000000.0
resnet32x12_cifar100_K12_unif2-step_seed0001_d020,d020,resnet32:12,cifar100,12,sampled,unif2-step,peers,0,0,1.0,p2p,1,200,64,0.1,0.9,0.0005,True,0,60,0.1,1.0,2,,disagreement,1.0,1,0.0,0.5,weight,complete,0.0,0.0,42,0,45000,5000,10000,5640048,step,63,0.010000000000000002,2,1.0,105.14,0.64225,0.004490081662212095,0.633,0.6493,0.6677,0.025449999999999973,0.6406333333333334,0.6644,0.2155848484848484,0.7398778307157483,0.21958030303030304,0.7410555546683272,0.64225,resnet32,0.6431,0.6452,1.3311504750427874,1.1587658666751601,0.1723846095000309,resnet32,0.6493,0.6478,1.3188902637497946,1.1473304835910147,0.1715597797354514,resnet32,0.6391,0.6336,1.3273298130794005,1.156175846233964,0.17115396556486798,resnet32,0.6459,0.643,1.3291370021179318,1.1569244285029443,0.1722125730752437,resnet32,0.6386,0.6406,1.3348140460862354,1.16112043725496,0.17369360897944056,resnet32,0.6422,0.6414,1.3147550465708429,1.1430889268998394,0.17166612117381935,resnet32,0.633,0.6294,1.3550996305420995,1.1778964170847426,0.17720321246253495,resnet32,0.6376,0.6362,1.3256062848324126,1.1530725014480678,0.17253377904522826,resnet32,0.6476,0.6418,1.3224631164392286,1.1497696746479382,0.17269344262736427,resnet32,0.6418,0.6424,1.3214386389167472,1.1488360370593993,0.1726026001217013,resnet32,0.6422,0.6398,1.3181720921261744,1.1463188954036345,0.17185319695537063,resnet32,0.6466,0.6464,1.3199767151170156,1.1479899991642346,0.1719867182175883,9000000.0,0.0,36000000.0,2304000000.0,27648000000.0
resnet32x12_cifar100_K12_unif2-step_seed0001_d020,d020,resnet32:12,cifar100,12,sampled,unif2-step,peers,0,0,1.0,p2p,1,200,64,0.1,0.9,0.0005,True,0,60,0.1,1.0,2,,disagreement,1.0,1,0.0,0.5,weight,complete,0.0,0.0,42,0,45000,5000,10000,5640048,step,64,0.010000000000000002,2,1.0,105.04,0.6468250000000001,0.0024549694499117545,0.6418,0.6511,0.6744,0.027574999999999905,0.6433999999999999,0.6686,0.22329393939393924,0.7240252230767362,0.224590909090909,0.7245672886558383,0.6468250000000001,resnet32,0.646,0.6424,1.315536938523027,1.134598796425218,0.18093814291271634,resnet32,0.6511,0.65,1.301676005887037,1.1226620011200958,0.17901400504210455,resnet32,0.6471,0.647,1.3072308147834106,1.129311537031423,0.17791927842931313,resnet32,0.6463,0.6368,1.3128747579387643,1.1321506800807335,0.18072407894810152,resnet32,0.6435,0.6408,1.3123264257711442,1.132626411081715,0.17970001431901686,resnet32,0.6466,0.6392,1.297978811982003,1.119760779494589,0.17821803351398557,resnet32,0.6418,0.6414,1.3352262755347923,1.1514566461132332,0.18376962894531476,resnet32,0.6468,0.6424,1.3107353056019002,1.1306529669937762,0.1800823382800445,resnet32,0.6508,0.6484,1.3052418470721354,1.1252181830561974,0.18002366295761682,resnet32,0.647,0.6444,1.3028286696327003,1.124376276423308,0.1784523927437311,resnet32,0.6476,0.643,1.3020663239400496,1.1225500099191612,0.1795163125180724,resnet32,0.6473,0.645,1.3013386075300248,1.121683478016745,0.17965512815862894,9000000.0,0.0,36000000.0,2340000000.0,28080000000.0
resnet32x12_cifar100_K12_unif2-step_seed0001_d020,d020,resnet32:12,cifar100,12,sampled,unif2-step,peers,0,0,1.0,p2p,1,200,64,0.1,0.9,0.0005,True,0,60,0.1,1.0,2,,disagreement,1.0,1,0.0,0.5,weight,complete,0.0,0.0,42,0,45000,5000,10000,5640048,step,65,0.010000000000000002,2,1.0,105.42,0.6412000000000001,0.005319461125590322,0.6256,0.6487,0.6698,0.028599999999999848,0.6365333333333334,0.6654,0.23257575757575744,0.7218607387043866,0.2326636363636363,0.7217694884677364,0.6412000000000001,resnet32,0.6427,0.6442,1.3038164659995923,1.1167393571443178,0.18707711095075039,resnet32,0.6383,0.633,1.2903735153377056,1.1050441347231919,0.18532938133417207,resnet32,0.6429,0.6352,1.295919368043542,1.1105747434564612,0.1853446267037229,resnet32,0.6435,0.641,1.29983006993478,1.1134355963969773,0.18639447169632398,resnet32,0.6417,0.6362,1.3023793518712574,1.115013919940049,0.18736543318002738,resnet32,0.6418,0.6374,1.2883688041263006,1.1026568397540937,0.18571196380071342,resnet32,0.6256,0.6254,1.3231837586076423,1.1320981734686277,0.1910855833398686,resnet32,0.6392,0.6334,1.295208178460598,1.1093754552474075,0.18583272268402984,resnet32,0.642,0.6328,1.294685685245151,1.108978545547209,0.18570713736963543,resnet32,0.6443,0.639,1.2923000808805227,1.1073841544884173,0.18491592485753988,resnet32,0.6437,0.642,1.289530874145302,1.1042443658648566,0.1852865081322803,resnet32,0.6487,0.6388,1.2866351238705895,1.1014941808852283,0.18514094383201815,9000000.0,0.0,36000000.0,2376000000.0,28512000000.0
resnet32x12_cifar100_K12_unif2-step_seed0001_d020,d020,resnet32:12,cifar100,12,sampled,unif2-step,peers,0,0,1.0,p2p,1,200,64,0.1,0.9,0.0005,True,0,60,0.1,1.0,2,,disagreement,1.0,1,0.0,0.5,weight,complete,0.0,0.0,42,0,45000,5000,10000,5640048,step,66,0.010000000000000002,2,1.0,104.48,0.6476999999999999,0.005347740956079797,0.6392,0.6587,0.6787,0.031000000000000028,0.6440166666666667,0.6748,0.2333121212121212,0.7153332920435177,0.23146363636363632,0.718986703576313,0.6476999999999999,resnet32,0.6493,0.64,1.29816267199137,1.1049742116169496,0.1931884623428976,resnet32,0.649,0.6438,1.2853627908466891,1.0948521891947498,0.19051060455173932,resnet32,0.642,0.6466,1.292043123648248,1.10000160836022,0.1920415161135183,resnet32,0.6478,0.64,1.2920059350911866,1.0996621387418022,0.1923437952275642,resnet32,0.6392,0.639,1.295711573721333,1.1018228018656373,0.19388877230019055,resnet32,0.647,0.6452,1.2807371586730534,1.089038118635389,0.19169904187914322,resnet32,0.6398,0.6362,1.3180871397595515,1.1203975604677743,0.1976895786356181,resnet32,0.6484,0.647,1.2907667579129338,1.0983435358344154,0.19242322112602944,resnet32,0.6587,0.6458,1.2866244658997112,1.0942238856276327,0.1924005800815807,resnet32,0.6464,0.646,1.2817040662365882,1.0913841133429245,0.19031995349690656,resnet32,0.6538,0.646,1.2819794052365152,1.0894116233526305,0.19256778205321592,resnet32,0.651,0.6526,1.2842898212203926,1.0925835368477486,0.19170628375881774,9000000.0,0.0,36000000.0,2412000000.0,28944000000.0
resnet32x12_cifar100_K12_unif2-step_seed0001_d020,d020,resnet32:12,cifar100,12,sampled,unif2-step,peers,0,0,1.0,p2p,1,200,64,0.1,0.9,0.0005,True,0,60,0.1,1.0,2,,disagreement,1.0,1,0.0,0.5,weight,complete,0.0,0.0,42,0,45000,5000,10000,5640048,step,67,0.010000000000000002,2,1.0,104.27,0.6471583333333332,0.0051167141691605906,0.6317,0.6517,0.6791,0.03194166666666687,0.6455666666666666,0.677,0.2337545454545455,0.7134241128246459,0.23534393939393933,0.7109588744349006,0.6471583333333332,resnet32,0.6495,0.6486,1.2865591411563484,1.0885081330144948,0.1980510066178712,resnet32,0.6517,0.646,1.2726157537068834,1.0745965574275365,0.19801919646984475,resnet32,0.6434,0.642,1.2788500016216526,1.0801549539477988,0.19869504930366846,resnet32,0.6497,0.6476,1.2808541335504164,1.0824156639758835,0.19843846646306867,resnet32,0.6483,0.6408,1.2849280611527236,1.0855992254377766,0.1993288364981047,resnet32,0.6494,0.6484,1.267293699509041,1.0694903032007543,0.1978033975147727,resnet32,0.6317,0.637,1.3096279342743484,1.106528622944924,0.20309931196441705,resnet32,0.6469,0.6386,1.2800273665819655,1.0813355764204806,0.19869178863750261,resnet32,0.6514,0.6438,1.2740963482382623,1.0760838625613938,0.19801248535937208,resnet32,0.6468,0.649,1.2741952663795515,1.0747119441459125,0.19948332113298503,resnet32,0.6483,0.6524,1.2734530029649085,1.07597731705755,0.19747568656351755,resnet32,0.6488,0.6526,1.2702871605076573,1.0718135628002612,0.19847359796139327,9000000.0,0.0,36000000.0,2448000000.0,29376000000.0
resnet32x12_cifar100_K12_unif2-step_seed0001_d020,d020,resnet32:12,cifar100,12,sampled,unif2-step,peers,0,0,1.0,p2p,1,200,64,0.1,0.9,0.0005,True,0,60,0.1,1.0,2,,disagreement,1.0,1,0.0,0.5,weight,complete,0.0,0.0,42,0,45000,5000,10000,5640048,step,68,0.010000000000000002,2,1.0,104.05,0.6496500000000001,0.005339241519167293,0.6338,0.6544,0.6847,0.035049999999999915,0.6419666666666667,0.6718,0.2411575757575757,0.7064874079675948,0.24247424242424248,0.7004172173518161,0.6496500000000001,resnet32,0.6488,0.643,1.2802817489613185,1.076734095219184,0.20354765640910377,resnet32,0.6497,0.639,1.2700839459218762,1.0673427601260217,0.20274118560535664,resnet32,0.6544,0.6478,1.2736627876927906,1.069229163652794,0.2044336235108362,resnet32,0.6506,0.6436,1.2768253131176939,1.0723568287424066,0.20446848566643894,resnet32,0.645,0.6436,1.283267228948799,1.0775536738166756,0.2057135539468039,resnet32,0.6511,0.6362,1.2624920188364657,1.0594484137201852,0.2030436050739478,resnet32,0.6338,0.6294,1.3106526707045056,1.1006330274553462,0.2100196436301551,resnet32,0.6513,0.6452,1.280414864928885,1.0763216348872944,0.2040932290891016,resnet32,0.6534,0.6358,1.272549359974536,1.0678263894197615,0.20472296884029426,resnet32,0.6524,0.6492,1.2705004892565988,1.066434329544956,0.20406615939414638,resnet32,0.6532,0.6416,1.2694191607561978,1.0652664610269396,0.20415269727395338,resnet32,0.6521,0.6492,1.2685665178366683,1.063847921958024,0.204718597212129,9000000.0,0.0,36000000.0,2484000000.0,29808000000.0
resnet32x12_cifar100_K12_unif2-step_seed0001_d020,d020,resnet32:12,cifar100,12,sampled,unif2-step,peers,0,0,1.0,p2p,1,200,64,0.1,0.9,0.0005,True,0,60,0.1,1.0,2,,disagreement,1.0,1,0.0,0.5,weight,complete,0.0,0.0,42,0,45000,5000,10000,5640048,step,69,0.010000000000000002,2,1.0,104.64,0.6453000000000001,0.0044766058571198645,0.6369,0.6527,0.6788,0.03349999999999986,0.63735,0.6702,0.24629090909090906,0.6998112485867198,0.24328636363636366,0.702385110097795,0.6453000000000001,resnet32,0.6478,0.6396,1.2846869677305222,1.0722882502966307,0.21239871955053372,resnet32,0.6527,0.6436,1.2721243786032905,1.0612944033504887,0.2108299737076529,resnet32,0.6412,0.64,1.2755785631862553,1.063996957869015,0.21158160508440976,resnet32,0.6369,0.6264,1.2820009650154547,1.0699942894279957,0.21200667393647812,resnet32,0.644,0.6414,1.2794992189685053,1.0681837989356031,0.21131542094305836,resnet32,0.6487,0.6428,1.264437821016393,1.053796560588208,0.21064126050226728,resnet32,0.6417,0.631,1.3052680473774672,1.089030077765611,0.21623796777037735,resnet32,0.6485,0.6438,1.2793049931695515,1.070707881569185,0.20859710899689657,resnet32,0.6513,0.6394,1.2726128543303772,1.0616059249944307,0.21100693145258861,resnet32,0.6448,0.6316,1.272756149653684,1.0633723527531733,0.20938379717567426,resnet32,0.6409,0.6258,1.2700583832338452,1.0585286250676622,0.21152975687503137,resnet32,0.6451,0.6428,1.2723257143727758,1.0615627763962203,0.2107629389502108,9000000.0,0.0,36000000.0,2520000000.0,30240000000.0
resnet32x12_cifar100_K12_unif2-step_seed0001_d020,d020,resnet32:12,cifar100,12,sampled,unif2-step,peers,0,0,1.0,p2p,1,200,64,0.1,0.9,0.0005,True,0,60,0.1,1.0,2,,disagreement,1.0,1,0.0,0.5,weight,complete,0.0,0.0,42,0,45000,5000,10000,5640048,step,70,0.010000000000000002,2,1.0,104.8,0.6438916666666668,0.005248564618593874,0.6308,0.6504,0.68,0.0361083333333333,0.6377333333333334,0.6798,0.2531848484848485,0.688471952405268,0.2533696969696968,0.6921886863393563,0.6438916666666668,resnet32,0.6432,0.6368,1.2830426326360216,1.0677829561755061,0.21525967722250658,resnet32,0.645,0.6386,1.269742044874213,1.0562654686245052,0.21347657658837058,resnet32,0.6454,0.6456,1.272850827483291,1.0589916060932658,0.21385922191918574,resnet32,0.6434,0.6392,1.2743269152600656,1.0595200543545864,0.21480686154047196,resnet32,0.6393,0.6418,1.2791889383542268,1.063176536847922,0.21601240216246384,resnet32,0.6482,0.6436,1.263061318715865,1.0492674302817746,0.21379388961941004,resnet32,0.6308,0.6272,1.3015114442360671,1.0825378946451978,0.21897354777055708,resnet32,0.6394,0.6322,1.2748526503247293,1.061976909129457,0.21287573950195854,resnet32,0.6485,0.6342,1.2706106035885485,1.0553918090564283,0.21521879332563418,resnet32,0.6495,0.6376,1.2685807237232274,1.0546033149585128,0.21397740838371895,resnet32,0.6436,0.6326,1.2692262637005611,1.0549027072265744,0.21432355560616337,resnet32,0.6504,0.6434,1.2727715843780474,1.0579036558893593,0.2148679282558574,9000000.0,0.0,36000000.0,2556000000.0,30672000000.0
resnet32x12_cifar100_K12_unif2-step_seed0001_d020,d020,resnet32:12,cifar100,12,sampled,unif2-step,peers,0,0,1.0,p2p,1,200,64,0.1,0.9,0.0005,True,0,60,0.1,1.0,2,,disagreement,1.0,1,0.0,0.5,weight,complete,0.0,0.0,42,0,45000,5000,10000,5640048,step,71,0.010000000000000002,2,1.0,115.19,0.6454416666666667,0.004898547120207066,0.6374,0.6544,0.6813,0.035858333333333325,0.6409666666666666,0.683,0.25245757575757566,0.6851491909285435,0.25652121212121215,0.6838193543676725,0.6454416666666667,resnet32,0.6524,0.6454,1.2833964963528244,1.063527337444777,0.21986915649507532,resnet32,0.6441,0.6416,1.2724619177593426,1.0530061730268327,0.21945574469017712,resnet32,0.6473,0.6494,1.2758951682428068,1.0552086689594118,0.22068649843673815,resnet32,0.6473,0.6442,1.2812087503685192,1.0605122636664996,0.22069648824716834,resnet32,0.6374,0.6298,1.2846250683915885,1.0633232933892445,0.22130177582783456,resnet32,0.6436,0.6414,1.2648006057028065,1.045585354959423,0.21921525247903031,resnet32,0.645,0.6392,1.313168570737947,1.0866868035359816,0.2264817680697888,resnet32,0.6486,0.643,1.2836847061460668,1.0637522116303444,0.21993249421939254,resnet32,0.6424,0.641,1.2682010738009757,1.0479887391186573,0.2202123328831724,resnet32,0.6453,0.6366,1.271453488702801,1.0523105013946241,0.2191429863768545,resnet32,0.6544,0.6476,1.2645616483112627,1.0447663434527137,0.2197953034403988,resnet32,0.6375,0.6324,1.2717981852421707,1.0520395076918332,0.2197586790319871,9000000.0,0.0,36000000.0,2592000000.0,31104000000.0
resnet32x12_cifar100_K12_unif2-step_seed0001_d020,d020,resnet32:12,cifar100,12,sampled,unif2-step,peers,0,0,1.0,p2p,1,200,64,0.1,0.9,0.0005,True,0,60,0.1,1.0,2,,disagreement,1.0,1,0.0,0.5,weight,complete,0.0,0.0,42,0,45000,5000,10000,5640048,step,72,0.010000000000000002,2,1.0,115.4,0.6453,0.00621490144732804,0.6363,0.653,0.6826,0.0373,0.6410166666666668,0.6776,0.26225454545454535,0.6810775067494634,0.2593833333333333,0.6800955598353202,0.6453,resnet32,0.653,0.6432,1.2802658950571308,1.0547469947487116,0.22551890221339735,resnet32,0.6365,0.6312,1.2642285252328624,1.0411368500949307,0.22309167702174323,resnet32,0.6417,0.643,1.2759253534234383,1.0506992231715808,0.22522612921470267,resnet32,0.6518,0.6424,1.2791073832830244,1.0538637403568083,0.22524364387870513,resnet32,0.6363,0.634,1.2835525281896645,1.0565129593014717,0.22703957083550366,resnet32,0.6467,0.6442,1.2637418421324005,1.0396394362165169,0.22410240782086144,resnet32,0.6378,0.6388,1.3028905621137132,1.0730018940838901,0.22988866970197044,resnet32,0.6519,0.6458,1.2790983440354466,1.0546869455244055,0.2244113978548822,resnet32,0.6494,0.6452,1.2709829091856426,1.0452632515437223,0.22571965753608805,resnet32,0.6522,0.6458,1.2698357856239786,1.0452704560011625,0.22456533157012679,resnet32,0.6459,0.642,1.265201600861143,1.0406140623275528,0.2245875385759229,resnet32,0.6404,0.6366,1.2722765729677947,1.0471871335228735,0.22508943813260307,9000000.0,0.0,36000000.0,2628000000.0,31536000000.0
resnet32x12_cifar100_K12_unif2-step_seed0001_d020,d020,resnet32:12,cifar100,12,sampled,unif2-step,peers,0,0,1.0,p2p,1,200,64,0.1,0.9,0.0005,True,0,60,0.1,1.0,2,,disagreement,1.0,1,0.0,0.5,weight,complete,0.0,0.0,42,0,45000,5000,10000,5640048,step,73,0.010000000000000002,2,1.0,104.9,0.6479666666666667,0.0036291260043646223,0.6419,0.6537,0.6855,0.03753333333333331,0.6418166666666666,0.6826,0.2505666666666667,0.6858319572801527,0.25470757575757574,0.685392014218647,0.6479666666666667,resnet32,0.6484,0.6442,1.2830395673994313,1.0541528629308397,0.22888670487075366,resnet32,0.6528,0.6394,1.2663503477180547,1.0391562147573992,0.2271941340189766,resnet32,0.6441,0.6414,1.2717180032791062,1.0432779813523998,0.22844002114354886,resnet32,0.6475,0.6444,1.2727222821082582,1.0429909352043814,0.22973134446973828,resnet32,0.6478,0.6446,1.2786837598647585,1.0484209652482108,0.23026279525154017,resnet32,0.6448,0.6344,1.265646152367646,1.0372698486528613,0.2283763044767759,resnet32,0.6419,0.6384,1.3036755292930386,1.070102704350244,0.23357282367280938,resnet32,0.6462,0.6354,1.2770071099935607,1.0486426604911685,0.2283644489732317,resnet32,0.6537,0.644,1.2675356080078266,1.0382908986542712,0.22924470907839184,resnet32,0.6455,0.6472,1.2689842628315091,1.041170711544427,0.22781355219723826,resnet32,0.6497,0.6454,1.267573623325337,1.03834368288517,0.22922994230281224,resnet32,0.6532,0.643,1.2715999269011347,1.0413190261884169,0.2302808998660608,9000000.0,0.0,36000000.0,2664000000.0,31968000000.0
resnet32x12_cifar100_K12_unif2-step_seed0001_d020,d020,resnet32:12,cifar100,12,sampled,unif2-step,peers,0,0,1.0,p2p,1,200,64,0.1,0.9,0.0005,True,0,60,0.1,1.0,2,,disagreement,1.0,1,0.0,0.5,weight,complete,0.0,0.0,42,0,45000,5000,10000,5640048,step,74,0.010000000000000002,2,1.0,104.14,0.6418083333333334,0.007823624302215844,0.6253,0.6524,0.6828,0.04099166666666654,0.6365833333333334,0.6792,0.27151818181818177,0.6711215076091064,0.269680303030303,0.6766915055333034,0.6418083333333334,resnet32,0.6449,0.6374,1.2809947020458905,1.048220239495012,0.23277446363036605,resnet32,0.6478,0.6354,1.2696933383122087,1.037418325939639,0.23227501129308206,resnet32,0.6333,0.6352,1.2730835775252094,1.0399220234460451,0.23316155416382986,resnet32,0.6512,0.6476,1.2746821913698858,1.0411310195076195,0.23355117057111452,resnet32,0.6412,0.6354,1.2832225323231383,1.0474023822356353,0.2358201507859948,resnet32,0.6449,0.6408,1.2668373177505352,1.0343976434828206,0.23243967380205338,resnet32,0.6253,0.6232,1.305756851268763,1.0672039644454012,0.2385528861672025,resnet32,0.6309,0.6238,1.2798127049410886,1.0447249068793925,0.23508779660121285,resnet32,0.6524,0.6478,1.270165470936759,1.0357875711369244,0.23437789944000542,resnet32,0.6413,0.6322,1.270641654475846,1.0378722049803897,0.23276944752697917,resnet32,0.6454,0.637,1.2687416710806163,1.0351505922153592,0.23359107852659441,resnet32,0.6431,0.6432,1.2737102394246242,1.039912070740353,0.23379816965792666,9000000.0,0.0,36000000.0,2700000000.0,32400000000.0
resnet32x12_cifar100_K12_unif2-step_seed0001_d020,d020,resnet32:12,cifar100,12,sampled,unif2-step,peers,0,0,1.0,p2p,1,200,64,0.1,0.9,0.0005,True,0,60,0.1,1.0,2,,disagreement,1.0,1,0.0,0.5,weight,complete,0.0,0.0,42,0,45000,5000,10000,5640048,step,75,0.010000000000000002,2,1.0,105.1,0.6450666666666667,0.009156994897648218,0.6217,0.654,0.6805,0.03543333333333332,0.6413833333333333,0.678,0.26158787878787887,0.6785587269532285,0.2573136363636364,0.6861804191645425,0.6450666666666667,resnet32,0.6317,0.6366,1.2863692356781526,1.0471027277579361,0.23926650783555073,resnet32,0.6497,0.6412,1.27146207685159,1.0350534129803153,0.23640866338444705,resnet32,0.6421,0.641,1.2743806593458762,1.0363530452278527,0.23802761538800868,resnet32,0.6497,0.645,1.2841466444290497,1.045192788524384,0.23895385704765265,resnet32,0.6423,0.636,1.2831879468973388,1.0434579353948885,0.23973001129078594,resnet32,0.65,0.6436,1.2693271934139458,1.0328068636696448,0.2365203305274587,resnet32,0.6217,0.619,1.3043865560638634,1.0621471696279265,0.24223938779058782,resnet32,0.6515,0.642,1.2808084110306068,1.0451153868132017,0.2356930249793963,resnet32,0.654,0.651,1.2709483986043117,1.0335187258368188,0.23742967397397893,resnet32,0.6519,0.6488,1.2727112487297167,1.0350374444387853,0.23767380509525537,resnet32,0.6505,0.6482,1.2736752354116603,1.0348635978827423,0.23881163536994296,resnet32,0.6457,0.6442,1.2726320889355107,1.0350599009543657,0.23757218740965155,9000000.0,0.0,36000000.0,2736000000.0,32832000000.0
resnet32x12_cifar100_K12_unif2-step_seed0001_d020,d020,resnet32:12,cifar100,12,sampled,unif2-step,peers,0,0,1.0,p2p,1,200,64,0.1,0.9,0.0005,True,0,60,0.1,1.0,2,,disagreement,1.0,1,0.0,0.5,weight,complete,0.0,0.0,42,0,45000,5000,10000,5640048,step,76,0.010000000000000002,2,1.0,104.31,0.6342250000000001,0.006111345323794638,0.627,0.6455,0.6754,0.04117499999999985,0.6287,0.676,0.27890606060606066,0.6576482721531254,0.27945606060606054,0.6653400243204058,0.6342250000000001,resnet32,0.6282,0.6192,1.2843146830458532,1.0420608661052855,0.24225381613624367,resnet32,0.6354,0.6306,1.2717749108137055,1.0317598514428192,0.24001506112769924,resnet32,0.6309,0.628,1.2775016339834442,1.0363677179610187,0.24113391773690554,resnet32,0.6301,0.6258,1.2790997745469213,1.0387906749648126,0.24030910212207923,resnet32,0.627,0.63,1.2889635996385054,1.046947616491128,0.24201598374003713,resnet32,0.6384,0.6346,1.2690875410017641,1.0300757333805615,0.23901180876418948,resnet32,0.6296,0.6278,1.3109331187707456,1.0651882400905544,0.24574487992901017,resnet32,0.6282,0.6188,1.2856799243018031,1.0458273759789087,0.23985254777256737,resnet32,0.6455,0.6396,1.2740408927202225,1.0332815686918118,0.24075932453640483,resnet32,0.6356,0.618,1.2739216034215959,1.033202862367034,0.24071874221871523,resnet32,0.6452,0.639,1.2742158966985615,1.0324924905699762,0.24172340464693579,resnet32,0.6366,0.633,1.277608910575509,1.0376629169014366,0.23994599198075858,9000000.0,0.0,36000000.0,2772000000.0,33264000000.0
resnet32x12_cifar100_K12_unif2-step_seed0001_d020,d020,resnet32:12,cifar100,12,sampled,unif2-step,peers,0,0,1.0,p2p,1,200,64,0.1,0.9,0.0005,True,0,60,0.1,1.0,2,,disagreement,1.0,1,0.0,0.5,weight,complete,0.0,0.0,42,0,45000,5000,10000,5640048,step,77,0.010000000000000002,2,1.0,105.83,0.639775,0.0064074338337070215,0.6285,0.6505,0.6837,0.04392499999999999,0.6362333333333333,0.683,0.27758181818181815,0.659624040961616,0.27758484848484843,0.6627972382241905,0.639775,resnet32,0.6322,0.6294,1.2893829316916792,1.0449858059767971,0.24439712440256367,resnet32,0.6355,0.6296,1.274482285011221,1.03227568350055,0.2422066010026769,resnet32,0.6393,0.6412,1.282260613515973,1.0389959980649026,0.24326461581089956,resnet32,0.638,0.634,1.2840742024339058,1.0417753375897354,0.24229886395518074,resnet32,0.6387,0.6306,1.2891558136960322,1.0443779806691138,0.24477782919579608,resnet32,0.6401,0.6414,1.2688200736249036,1.027651240371845,0.24116883390921762,resnet32,0.6285,0.6308,1.3087341713465073,1.0604685589840466,0.248265615939586,resnet32,0.6483,0.6446,1.2832194950262255,1.0400912196121432,0.2431282751812515,resnet32,0.6505,0.6456,1.2762504612857646,1.0313302910124713,0.24492017001929609,resnet32,0.6408,0.6304,1.2743990356949242,1.0302011053162543,0.24419793107716198,resnet32,0.649,0.6418,1.2717693103477359,1.028697032227435,0.24307227771813897,resnet32,0.6364,0.6354,1.274651099758392,1.032710576175966,0.24194052373059094,9000000.0,0.0,36000000.0,2808000000.0,33696000000.0
resnet32x12_cifar100_K12_unif2-step_seed0001_d020,d020,resnet32:12,cifar100,12,sampled,unif2-step,peers,0,0,1.0,p2p,1,200,64,0.1,0.9,0.0005,True,0,60,0.1,1.0,2,,disagreement,1.0,1,0.0,0.5,weight,complete,0.0,0.0,42,0,45000,5000,10000,5640048,step,78,0.010000000000000002,2,1.0,105.9,0.6420083333333334,0.005848854351257368,0.63,0.6504,0.6861,0.04409166666666664,0.63695,0.6832,0.277309090909091,0.6554041386669696,0.27528181818181807,0.6642707270689953,0.6420083333333334,resnet32,0.6429,0.636,1.2885236218571663,1.0434449193999171,0.24507870271124624,resnet32,0.6444,0.6308,1.2774920547381043,1.0338921408084305,0.24359991405667228,resnet32,0.6407,0.6438,1.2808353177864442,1.035077486610548,0.2457578340756961,resnet32,0.6412,0.6458,1.2814394242384217,1.0358741964128884,0.24556522983634335,resnet32,0.6504,0.6416,1.2935633497651329,1.046353691934862,0.2472096565391191,resnet32,0.6401,0.6386,1.2688620792363177,1.0250739102167161,0.2437881672416221,resnet32,0.6313,0.6288,1.308895230293274,1.0586323425681754,0.2502628853121264,resnet32,0.643,0.628,1.2851600638506087,1.040017673830417,0.24514238997785884,resnet32,0.6469,0.6368,1.2735968833281235,1.0279744417321952,0.2456224394581196,resnet32,0.6457,0.6388,1.2772493959319862,1.0329684358598157,0.2442809581671926,resnet32,0.63,0.634,1.278479660099203,1.0325973954221064,0.24588226408443667,resnet32,0.6475,0.6404,1.278610106726939,1.0331355274062266,0.2454745789185505,9000000.0,0.0,36000000.0,2844000000.0,34128000000.0
resnet32x12_cifar100_K12_unif2-step_seed0001_d020,d020,resnet32:12,cifar100,12,sampled,unif2-step,peers,0,0,1.0,p2p,1,200,64,0.1,0.9,0.0005,True,0,60,0.1,1.0,2,,disagreement,1.0,1,0.0,0.5,weight,complete,0.0,0.0,42,0,45000,5000,10000,5640048,step,79,0.010000000000000002,2,1.0,105.65,0.6444333333333334,0.005681011255831905,0.6329,0.6535,0.6842,0.03976666666666662,0.6364500000000001,0.6792,0.26901515151515143,0.6739653431773762,0.2698606060606061,0.6679038998192461,0.6444333333333334,resnet32,0.6427,0.6274,1.2853515403853222,1.0378083608705888,0.24754317915490406,resnet32,0.6461,0.6338,1.2745281098918482,1.0264625917612151,0.24806551717814396,resnet32,0.6434,0.6402,1.276330559260466,1.028235660865903,0.2480948973574083,resnet32,0.6396,0.6354,1.2868045939301902,1.0383813068778678,0.24842328609983352,resnet32,0.6384,0.6308,1.2867804626002908,1.037472809664905,0.2493076522792266,resnet32,0.6456,0.6278,1.2748008074916222,1.0275463761592454,0.24725443139587613,resnet32,0.6329,0.6314,1.3088866915045814,1.0561575837094674,0.25272910707545554,resnet32,0.6492,0.641,1.2899783754890615,1.0404834146188064,0.24949496099725366,resnet32,0.6535,0.6424,1.2741572827270085,1.0244365105066786,0.24972077296115458,resnet32,0.6471,0.6402,1.273788460191678,1.0261982154439797,0.24759024525569243,resnet32,0.6527,0.6498,1.274511911059645,1.0259403252804822,0.24857158463617618,resnet32,0.642,0.6372,1.2715358434414321,1.0253616513853723,0.24617419125173579,9000000.0,0.0,36000000.0,2880000000.0,34560000000.0
resnet32x12_cifar100_K12_unif2-step_seed0001_d020,d020,resnet32:12,cifar100,12,sampled,unif2-step,peers,0,0,1.0,p2p,1,200,64,0.1,0.9,0.0005,True,0,60,0.1,1.0,2,,disagreement,1.0,1,0.0,0.5,weight,complete,0.0,0.0,42,0,45000,5000,10000,5640048,step,80,0.010000000000000002,2,1.0,105.89,0.6456416666666667,0.005336112557117044,0.6354,0.6533,0.6858,0.040158333333333296,0.6419166666666667,0.6856,0.27037878787878794,0.6638557999237726,0.2674893939393939,0.6714161236699568,0.6456416666666667,resnet32,0.6481,0.6448,1.2916209363293918,1.0386080058630218,0.2530129313765263,resnet32,0.6512,0.644,1.2790576603940942,1.0287158520553599,0.2503418066665869,resnet32,0.6467,0.6464,1.281390635381368,1.0280595592815767,0.25333107516846876,resnet32,0.6448,0.6378,1.2828023650429465,1.0311600132422014,0.251642350086265,resnet32,0.6354,0.6352,1.2891343973407692,1.036073098467155,0.25306129800579086,resnet32,0.6493,0.6444,1.2728228605437009,1.0232032120058483,0.249619647458365,resnet32,0.64,0.6306,1.3116053165867925,1.055103781887076,0.2565015327312391,resnet32,0.6367,0.6302,1.290629422630776,1.0386809058148752,0.2519485182552175,resnet32,0.6533,0.6532,1.2772545233707537,1.024424222721295,0.2528302988926457,resnet32,0.646,0.6456,1.2763570978052237,1.0262008745392615,0.2501562239644541,resnet32,0.6491,0.6434,1.2751311284743927,1.0243559808216312,0.2507751476527615,resnet32,0.6471,0.6474,1.2769119449975816,1.0263332456180996,0.25057870151729067,9000000.0,0.0,36000000.0,2916000000.0,34992000000.0
resnet32x12_cifar100_K12_unif2-step_seed0001_d020,d020,resnet32:12,cifar100,12,sampled,unif2-step,peers,0,0,1.0,p2p,1,200,64,0.1,0.9,0.0005,True,0,60,0.1,1.0,2,,disagreement,1.0,1,0.0,0.5,weight,complete,0.0,0.0,42,0,45000,5000,10000,5640048,step,81,0.010000000000000002,2,1.0,105.71,0.6427583333333334,0.007597198862446317,0.6282,0.6519,0.6852,0.0424416666666666,0.6401499999999999,0.6824,0.268639393939394,0.6734208122359531,0.2725999999999999,0.6626163034709149,0.6427583333333334,resnet32,0.6474,0.6418,1.283702994950793,1.0316392985934562,0.2520636952355165,resnet32,0.6498,0.646,1.271976720965044,1.0198104047131809,0.2521663158285347,resnet32,0.6379,0.6464,1.2763427326625043,1.0225217004560612,0.2538210323122753,resnet32,0.6475,0.6374,1.2780204874209382,1.0250387927517295,0.2529816921504045,resnet32,0.6445,0.638,1.2868079253557054,1.0326595463874666,0.254148379878395,resnet32,0.6426,0.6404,1.264409090053629,1.0121985565532337,0.2522105337967249,resnet32,0.6282,0.6342,1.3021552088585766,1.0443116796456955,0.2578435283238915,resnet32,0.6319,0.6272,1.2841585227711634,1.0306514298374003,0.2535070934629237,resnet32,0.6477,0.6444,1.2717668541961096,1.018157765438611,0.2536090860058638,resnet32,0.6519,0.6484,1.2724241666834464,1.0199582443826578,0.25246592287228187,resnet32,0.65,0.6446,1.2679546044462107,1.0152115233411843,0.25274307873438706,resnet32,0.6337,0.633,1.2705909843471916,1.0182987707243725,0.25229221377098426,9000000.0,0.0,36000000.0,2952000000.0,35424000000.0
resnet32x12_cifar100_K12_unif2-step_seed0001_d020,d020,resnet32:12,cifar100,12,sampled,unif2-step,peers,0,0,1.0,p2p,1,200,64,0.1,0.9,0.0005,True,0,60,0.1,1.0,2,,disagreement,1.0,1,0.0,0.5,weight,complete,0.0,0.0,42,0,45000,5000,10000,5640048,step,82,0.010000000000000002,2,1.0,105.65,0.6416833333333335,0.004553539526810137,0.6341,0.6497,0.6836,0.04191666666666649,0.6321333333333333,0.6784,0.2791212121212121,0.6633170079081832,0.2768166666666667,0.6579991263646047,0.6416833333333335,resnet32,0.6341,0.6284,1.2817627787590027,1.0260050963102416,0.25575768179260194,resnet32,0.6392,0.6362,1.275679835203019,1.0208634055981582,0.25481643047268415,resnet32,0.6411,0.6334,1.2761815915900199,1.0209831479428844,0.2551984428851442,resnet32,0.6347,0.6284,1.2806028006598353,1.0265182440423153,0.25408455782400613,resnet32,0.6497,0.6336,1.288185116665607,1.0312017358162187,0.2569833813785491,resnet32,0.644,0.6274,1.2650417141955008,1.01123436760496,0.25380734737369826,resnet32,0.6428,0.6376,1.3097877896136858,1.0507040354846553,0.25908375408669765,resnet32,0.6403,0.6328,1.2805282944305376,1.0255416534333066,0.2549866414840587,resnet32,0.6429,0.6264,1.27262333213267,1.0159967029467225,0.2566266299902715,resnet32,0.6382,0.629,1.2731681497428904,1.0190507469868118,0.2541174010839313,resnet32,0.6474,0.6368,1.2713450124825945,1.0161572888662869,0.25518772480162705,resnet32,0.6458,0.6356,1.2720964075997472,1.0174463580955158,0.25465004819191317,9000000.0,0.0,36000000.0,2988000000.0,35856000000.0
resnet32x12_cifar100_K12_unif2-step_seed0001_d020,d020,resnet32:12,cifar100,12,sampled,unif2-step,peers,0,0,1.0,p2p,1,200,64,0.1,0.9,0.0005,True,0,60,0.1,1.0,2,,disagreement,1.0,1,0.0,0.5,weight,complete,0.0,0.0,42,0,45000,5000,10000,5640048,step,83,0.010000000000000002,2,1.0,105.84,0.6423416666666667,0.006074599895374922,0.6295,0.6525,0.6871,0.044758333333333344,0.6421666666666667,0.6896,0.27838181818181823,0.6518066029096657,0.27511363636363634,0.6598595923995568,0.6423416666666667,resnet32,0.6442,0.649,1.2882873134856874,1.0304193295199762,0.25786798167973757,resnet32,0.6493,0.6454,1.2733663683757186,1.0168395775624297,0.25652679058045824,resnet32,0.6295,0.6324,1.2765773214738478,1.0178001509471373,0.25877717255868693,resnet32,0.6438,0.641,1.279741014607928,1.021288016853346,0.25845299898223445,resnet32,0.644,0.6438,1.2853877603669057,1.0250725620849566,0.26031519942493603,resnet32,0.6525,0.6564,1.268901683559472,1.0117826789448208,0.2571190029636703,resnet32,0.6354,0.6404,1.3028067442673175,1.0408921345899051,0.26191460563462565,resnet32,0.64,0.6422,1.278815714219077,1.0225491452623496,0.25626657090403815,resnet32,0.6489,0.6408,1.2746570347384973,1.01518305729736,0.2594739774411375,resnet32,0.638,0.63,1.2689147802408447,1.0116657982157036,0.2572489821521396,resnet32,0.6414,0.642,1.273317738605494,1.0140323302369902,0.25928540934215893,resnet32,0.6411,0.6426,1.2759157646955415,1.0170223340392113,0.2588934310796586,9000000.0,0.0,36000000.0,3024000000.0,36288000000.0
resnet32x12_cifar100_K12_unif2-step_seed0001_d020,d020,resnet32:12,cifar100,12,sampled,unif2-step,peers,0,0,1.0,p2p,1,200,64,0.1,0.9,0.0005,True,0,60,0.1,1.0,2,,disagreement,1.0,1,0.0,0.5,weight,complete,0.0,0.0,42,0,45000,5000,10000,5640048,step,84,0.010000000000000002,2,1.0,104.8,0.6437916666666667,0.0039101275199438495,0.6357,0.6495,0.6914,0.047608333333333364,0.6383,0.6814,0.27341515151515144,0.6657046514937136,0.27631969696969694,0.6612729741137628,0.6437916666666667,resnet32,0.642,0.6408,1.2829500501975417,1.022648590870879,0.26030145746401767,resnet32,0.6458,0.6334,1.2717922032726081,1.0131139746782454,0.2586782280017029,resnet32,0.6412,0.64,1.270369260571897,1.0110999883406542,0.2592692718502473,resnet32,0.6432,0.6368,1.2742233924906363,1.0137842775915156,0.26043911602094094,resnet32,0.6431,0.6466,1.2738611851395532,1.0137151472947814,0.26014604057524016,resnet32,0.6477,0.6364,1.2659070838920095,1.0069880835203961,0.25891900140876795,resnet32,0.6381,0.6316,1.2998291591859676,1.0359712260013276,0.2638579323379831,resnet32,0.6458,0.6362,1.277789660983465,1.0186879679729992,0.25910169415345247,resnet32,0.6357,0.6296,1.2659388447857716,1.0062538205899976,0.2596850238359449,resnet32,0.6457,0.6384,1.2695743041959675,1.0107983032410794,0.2587760005738925,resnet32,0.6495,0.6488,1.2686384195800533,1.0087897452441128,0.2598486728966236,resnet32,0.6477,0.641,1.2724756545979867,1.0123594679277053,0.2601161837493154,9000000.0,0.0,36000000.0,3060000000.0,36720000000.0
resnet32x12_cifar100_K12_unif2-step_seed0001_d020,d020,resnet32:12,cifar100,12,sampled,unif2-step,peers,0,0,1.0,p2p,1,200,64,0.1,0.9,0.0005,True,0,60,0.1,1.0,2,,disagreement,1.0,1,0.0,0.5,weight,complete,0.0,0.0,42,0,45000,5000,10000,5640048,step,85,0.010000000000000002,2,1.0,105.43,0.6451749999999999,0.005766732899426972,0.6365,0.6561,0.6892,0.04402500000000009,0.6398333333333334,0.686,0.2724939393939394,0.6678149199367255,0.27070606060606056,0.6655374683797283,0.6451749999999999,resnet32,0.6398,0.6332,1.2860295295038007,1.024322934448719,0.2617065953302451,resnet32,0.6561,0.641,1.270148886283013,1.0118002359840004,0.25834865029901266,resnet32,0.6396,0.6364,1.280779111707075,1.019770872355862,0.2610082397322086,resnet32,0.6511,0.642,1.2755076952109283,1.0151701959019357,0.2603374978696758,resnet32,0.6425,0.6374,1.2857228423553435,1.022923987782137,0.2627988538747145,resnet32,0.6442,0.6434,1.2684671487659216,1.0090685682371259,0.25939858107912267,resnet32,0.64,0.6352,1.3079435158182273,1.0414295136420564,0.2665140017316761,resnet32,0.6515,0.6448,1.2820763050324537,1.0223557523197748,0.25972055176018993,resnet32,0.6434,0.6418,1.275980364192616,1.0153891292654655,0.2605912353716452,resnet32,0.6505,0.6466,1.2762466989965602,1.0153746438128026,0.2608720548239283,resnet32,0.6469,0.6402,1.2732407374476844,1.0115235974504189,0.2617171404840933,resnet32,0.6365,0.636,1.2692117752845993,1.0089772518893534,0.2602345251943916,9000000.0,0.0,36000000.0,3096000000.0,37152000000.0
resnet32x12_cifar100_K12_unif2-step_seed0001_d020,d020,resnet32:12,cifar100,12,sampled,unif2-step,peers,0,0,1.0,p2p,1,200,64,0.1,0.9,0.0005,True,0,60,0.1,1.0,2,,disagreement,1.0,1,0.0,0.5,weight,complete,0.0,0.0,42,0,45000,5000,10000,5640048,step,86,0.010000000000000002,2,1.0,105.5,0.6401500000000001,0.007115066174440448,0.625,0.6525,0.6869,0.04674999999999985,0.6299,0.677,0.29625454545454555,0.6394192965479002,0.28709393939393946,0.6498198977272542,0.6401500000000001,resnet32,0.6525,0.6412,1.2806979803029785,1.0180749716237187,0.2626230075151067,resnet32,0.6395,0.6204,1.2650537124242296,1.0040189981968566,0.2610347160688517,resnet32,0.6443,0.6364,1.2705650696192274,1.0088319244201889,0.2617331472521817,resnet32,0.6364,0.6228,1.2755850193683396,1.0139991005205296,0.26158591713332996,resnet32,0.6445,0.6344,1.2778182883154263,1.0134611874818802,0.2643571003255519,resnet32,0.6444,0.6322,1.2657442996278405,1.004356866787103,0.2613874351055446,resnet32,0.625,0.6182,1.3012500848959794,1.0343272472647103,0.2669228393669156,resnet32,0.6459,0.6414,1.2741746656935324,1.0133696805516428,0.26080498344857583,resnet32,0.6427,0.6292,1.267362136224454,1.005481857044453,0.2618802787778391,resnet32,0.6405,0.63,1.2737557241185145,1.011604038321159,0.2621516839135438,resnet32,0.6302,0.6226,1.2688990224322134,1.006532458334484,0.26236656439405953,resnet32,0.6359,0.63,1.2644724196500399,1.0040102800015698,0.26046214024112985,9000000.0,0.0,36000000.0,3132000000.0,37584000000.0
resnet32x12_cifar100_K12_unif2-step_seed0001_d020,d020,resnet32:12,cifar100,12,sampled,unif2-step,peers,0,0,1.0,p2p,1,200,64,0.1,0.9,0.0005,True,0,60,0.1,1.0,2,,disagreement,1.0,1,0.0,0.5,weight,complete,0.0,0.0,42,0,45000,5000,10000,5640048,step,87,0.010000000000000002,2,1.0,104.63,0.64685,0.005407633493497855,0.634,0.6527,0.6921,0.04525000000000001,0.6424500000000001,0.6878,0.27892727272727286,0.6535014969846111,0.2803848484848485,0.6505642048989536,0.64685,resnet32,0.6449,0.6318,1.2929272081872278,1.0253841370682826,0.26754307105544617,resnet32,0.634,0.6244,1.2758401733061129,1.0119386159560897,0.26390155777335167,resnet32,0.6476,0.649,1.2737709839235654,1.008925887671384,0.26484509521502664,resnet32,0.6481,0.6448,1.281329210085625,1.01528555535796,0.26604365542615677,resnet32,0.6525,0.6476,1.283572842705656,1.0175070407885043,0.26606580282730813,resnet32,0.6488,0.6454,1.2693640199405225,1.0054304662414573,0.2639335563025353,resnet32,0.6377,0.6338,1.3089725138958206,1.0384936156598004,0.27047889872284775,resnet32,0.648,0.6478,1.2857815765521743,1.0209849412468346,0.26479663306169887,resnet32,0.6479,0.651,1.2785569155080752,1.012283186682246,0.2662737308789722,resnet32,0.6527,0.641,1.2758641099895944,1.0104351804845713,0.26542892793870787,resnet32,0.6514,0.644,1.27079532913525,1.0064536181532524,0.2643417118709873,resnet32,0.6486,0.6488,1.277508914894001,1.0115628732707014,0.26594604149630124,9000000.0,0.0,36000000.0,3168000000.0,38016000000.0
resnet32x12_cifar100_K12_unif2-step_seed0001_d020,d020,resnet32:12,cifar100,12,sampled,unif2-step,peers,0,0,1.0,p2p,1,200,64,0.1,0.9,0.0005,True,0,60,0.1,1.0,2,,disagreement,1.0,1,0.0,0.5,weight,complete,0.0,0.0,42,0,45000,5000,10000,5640048,step,88,0.010000000000000002,2,1.0,105.16,0.642775,0.006935431373269668,0.6301,0.6526,0.6878,0.04502499999999998,0.6344666666666667,0.6802,0.28114242424242425,0.6546244161531611,0.27623030303030305,0.6589173844963672,0.642775,resnet32,0.6428,0.6336,1.2801285069435835,1.0140937567603858,0.26603475179184566,resnet32,0.6509,0.634,1.2713982077654113,1.0076183241538026,0.26377988316711376,resnet32,0.6523,0.6474,1.2741890968754888,1.0089234199205583,0.2652656773359261,resnet32,0.6435,0.6314,1.2708630486476151,1.0054021275348284,0.26546092032962904,resnet32,0.6326,0.6236,1.2796055523847991,1.01298239141364,0.2666231592990119,resnet32,0.6403,0.6318,1.263964067297903,0.9995037993754853,0.26446026853624394,resnet32,0.6397,0.6352,1.302052778615193,1.032701684077355,0.2693510959771546,resnet32,0.6301,0.6252,1.2799534817988223,1.0152392695573242,0.2647142132151533,resnet32,0.6419,0.6298,1.2619890263304114,0.9979894301769409,0.2639995936558328,resnet32,0.6387,0.6328,1.2660281353376128,1.0027835209938614,0.2632446138780903,resnet32,0.6526,0.6446,1.2699984721839428,1.0031004322862083,0.266898040426895,resnet32,0.6479,0.6442,1.2702458361163735,1.0060857654633848,0.2641600693830035,9000000.0,0.0,36000000.0,3204000000.0,38448000000.0
resnet32x12_cifar100_K12_unif2-step_seed0001_d020,d020,resnet32:12,cifar100,12,sampled,unif2-step,peers,0,0,1.0,p2p,1,200,64,0.1,0.9,0.0005,True,0,60,0.1,1.0,2,,disagreement,1.0,1,0.0,0.5,weight,complete,0.0,0.0,42,0,45000,5000,10000,5640048,step,89,0.010000000000000002,2,1.0,104.7,0.6428249999999999,0.010171866839474443,0.6187,0.655,0.6906,0.04777500000000012,0.6367833333333334,0.6886,0.28532727272727276,0.6451929781162372,0.28362878787878787,0.6518961073977299,0.6428249999999999,resnet32,0.655,0.6442,1.2817763604901053,1.013982797126201,0.2677935602947731,resnet32,0.6322,0.6272,1.2723918624899604,1.007323302243921,0.2650685604153709,resnet32,0.6389,0.6366,1.2758528953418136,1.0091382822191173,0.266714615218172,resnet32,0.6534,0.6446,1.2746574959971688,1.0084554710510103,0.2662020227660171,resnet32,0.6415,0.6352,1.2830930504609237,1.013861558569426,0.26923149261115625,resnet32,0.639,0.6338,1.2665711322122,1.00027758509598,0.26629354737021704,resnet32,0.6187,0.6104,1.3034425231374123,1.0321431179446252,0.271299403689971,resnet32,0.6388,0.639,1.2818767792460593,1.0147187453271314,0.2671580345115878,resnet32,0.6449,0.6416,1.2706803128292614,1.0026085122742436,0.26807180110534484,resnet32,0.6545,0.6436,1.2700957956469872,1.0006553703411059,0.26944042439572513,resnet32,0.6526,0.6388,1.2697334005074068,1.0019237502393397,0.26780965052206407,resnet32,0.6444,0.6464,1.2734089837494222,1.006228463385593,0.26718052182431246,9000000.0,0.0,36000000.0,3240000000.0,38880000000.0
resnet32x12_cifar100_K12_unif2-step_seed0001_d020,d020,resnet32:12,cifar100,12,sampled,unif2-step,peers,0,0,1.0,p2p,1,200,64,0.1,0.9,0.0005,True,0,60,0.1,1.0,2,,disagreement,1.0,1,0.0,0.5,weight,complete,0.0,0.0,42,0,45000,5000,10000,5640048,step,90,0.010000000000000002,2,1.0,104.96,0.6489416666666666,0.004657155486154856,0.644,0.6591,0.696,0.04705833333333331,0.6427833333333334,0.6944,0.2793969696969697,0.6481131364697741,0.2806075757575757,0.6495299513638633,0.6489416666666666,resnet32,0.644,0.6316,1.2728232891214164,1.0053824212571436,0.2674408686050976,resnet32,0.6502,0.6452,1.2662711430510336,0.9997297035191547,0.2665414396165447,resnet32,0.646,0.6458,1.266299936243079,0.9987722540443594,0.26752767946825107,resnet32,0.6465,0.6368,1.2687767943875357,1.0001135430383412,0.26866325266151264,resnet32,0.6481,0.6418,1.274140701967884,1.0052181163972074,0.2689225842583586,resnet32,0.6516,0.6514,1.2595275632021101,0.9926342788914387,0.26689328242685983,resnet32,0.6444,0.6374,1.2967323121530088,1.0241357205774297,0.27259658996693115,resnet32,0.6449,0.6468,1.269656457345594,1.0030107051980766,0.2666457525496794,resnet32,0.6569,0.6464,1.2642816526984626,0.9955796166746453,0.2687020344363356,resnet32,0.6495,0.645,1.2594721917570992,0.9915437725457278,0.26792841880920937,resnet32,0.6461,0.631,1.259680302051658,0.9922961968589913,0.2673841084522957,resnet32,0.6591,0.6542,1.2637453320520846,0.9966671492227099,0.2670781835701994,9000000.0,0.0,36000000.0,3276000000.0,39312000000.0
resnet32x12_cifar100_K12_unif2-step_seed0001_d020,d020,resnet32:12,cifar100,12,sampled,unif2-step,peers,0,0,1.0,p2p,1,200,64,0.1,0.9,0.0005,True,0,60,0.1,1.0,2,,disagreement,1.0,1,0.0,0.5,weight,complete,0.0,0.0,42,0,45000,5000,10000,5640048,step,91,0.010000000000000002,2,1.0,104.93,0.6360500000000001,0.008655585865016111,0.6198,0.6498,0.6878,0.05174999999999985,0.6290666666666666,0.6794,0.2991696969696968,0.6408800569661607,0.2971030303030302,0.6418143444559953,0.6360500000000001,resnet32,0.6388,0.6352,1.2693671323359013,1.00059482997114,0.2687723011371087,resnet32,0.6479,0.6354,1.2614906900139018,0.9937757877632976,0.2677149034147574,resnet32,0.6339,0.6278,1.2622124152258039,0.9925587779249657,0.2696536363060163,resnet32,0.6326,0.63,1.2602017764002085,0.9925277816470374,0.26767399204386905,resnet32,0.6336,0.6294,1.2744794371961192,1.0040411130440505,0.2704383267343722,resnet32,0.6442,0.6396,1.2540260157124563,0.9868587692352858,0.26716724603267555,resnet32,0.6198,0.6222,1.2928437213836745,1.0200570394200357,0.2727866816461425,resnet32,0.6218,0.6066,1.2724704910069704,1.003910101018846,0.26856038863347337,resnet32,0.6498,0.6404,1.2572106932374565,0.9892850544472988,0.26792563684284687,resnet32,0.6368,0.626,1.2613715767352418,0.9926363916390322,0.26873518187891354,resnet32,0.6382,0.628,1.2580884245478294,0.9882856569337574,0.2698027702598748,resnet32,0.6352,0.6282,1.259077007374303,0.991049433296377,0.26802757545374334,9000000.0,0.0,36000000.0,3312000000.0,39744000000.0
resnet32x12_cifar100_K12_unif2-step_seed0001_d020,d020,resnet32:12,cifar100,12,sampled,unif2-step,peers,0,0,1.0,p2p,1,200,64,0.1,0.9,0.0005,True,0,60,0.1,1.0,2,,disagreement,1.0,1,0.0,0.5,weight,complete,0.0,0.0,42,0,45000,5000,10000,5640048,step,92,0.010000000000000002,2,1.0,105.15,0.6297916666666666,0.012279892666016621,0.6049,0.6434,0.6812,0.05140833333333339,0.6274500000000001,0.676,0.29639393939393954,0.63943960922339,0.29420151515151516,0.6489895263638829,0.6297916666666666,resnet32,0.6388,0.6276,1.2747625687413595,1.0047128897329622,0.2700496800878847,resnet32,0.6334,0.6264,1.2601974323730578,0.9922470038079403,0.2679504303642633,resnet32,0.6346,0.6386,1.2653201412917539,0.9964771910824559,0.26884294813498855,resnet32,0.6208,0.619,1.2674396557056091,0.9977254239334301,0.2697142307985235,resnet32,0.6078,0.6094,1.2740596071393653,1.0022717388346791,0.2717878688973459,resnet32,0.6297,0.6302,1.257263633253222,0.9886925089257684,0.2685711260419339,resnet32,0.6049,0.601,1.2959240516647696,1.0213072727519004,0.27461677978069265,resnet32,0.6356,0.6248,1.2712045980786735,1.0028465865179896,0.2683580113701861,resnet32,0.6434,0.6474,1.2579869398508559,0.9879119945690036,0.2700749426148832,resnet32,0.6431,0.6402,1.2654935470358892,0.9945843079212037,0.27090923917818477,resnet32,0.6396,0.633,1.2603898512368852,0.9904328202828765,0.26995702991685405,resnet32,0.6258,0.6318,1.265977910127152,0.9962711026892066,0.26970680676062,9000000.0,0.0,36000000.0,3348000000.0,40176000000.0
resnet32x12_cifar100_K12_unif2-step_seed0001_d020,d020,resnet32:12,cifar100,12,sampled,unif2-step,peers,0,0,1.0,p2p,1,200,64,0.1,0.9,0.0005,True,0,60,0.1,1.0,2,,disagreement,1.0,1,0.0,0.5,weight,complete,0.0,0.0,42,0,45000,5000,10000,5640048,step,93,0.010000000000000002,2,1.0,114.96,0.6296,0.008126910031904296,0.6145,0.643,0.6746,0.04499999999999993,0.6285499999999999,0.6738,0.2893272727272726,0.6556469318149157,0.2905924242424241,0.6528885118760658,0.6296,resnet32,0.6363,0.6324,1.2703946373340758,1.000340954400599,0.2700536827641455,resnet32,0.6264,0.6168,1.2665170790119604,0.9970440893349323,0.2694729910105128,resnet32,0.6325,0.6368,1.2649535886435346,0.9952439987523989,0.2697095894254744,resnet32,0.6201,0.6226,1.2633406747640534,0.9940072469921275,0.2693334295710718,resnet32,0.643,0.6444,1.2743699202652683,1.003111057491465,0.271258862816136,resnet32,0.6337,0.636,1.2580395010723309,0.9896777438169176,0.26836175858889794,resnet32,0.6145,0.6168,1.2917521170933137,1.0165569797496905,0.27519513793628325,resnet32,0.6266,0.6192,1.2700059078633785,1.0018242029473186,0.268181706270711,resnet32,0.6301,0.6278,1.260990521193228,0.9901079243387688,0.2708825964099643,resnet32,0.6349,0.6316,1.2594058898023583,0.989790981720117,0.2696149071297524,resnet32,0.6192,0.6244,1.25966621495106,0.9898477291518991,0.26981848376718437,resnet32,0.6379,0.6338,1.2614004823633216,0.992324950766157,0.26907553178766236,9000000.0,0.0,36000000.0,3384000000.0,40608000000.0
resnet32x12_cifar100_K12_unif2-step_seed0001_d020,d020,resnet32:12,cifar100,12,sampled,unif2-step,peers,0,0,1.0,p2p,1,200,64,0.1,0.9,0.0005,True,0,60,0.1,1.0,2,,disagreement,1.0,1,0.0,0.5,weight,complete,0.0,0.0,42,0,45000,5000,10000,5640048,step,94,0.010000000000000002,2,1.0,104.96,0.6426833333333333,0.008296368013909603,0.6288,0.6549,0.6957,0.05301666666666671,0.6373833333333333,0.6834,0.28855757575757573,0.644042132878034,0.2858742424242425,0.6441613295250311,0.6426833333333333,resnet32,0.6488,0.6428,1.2668304870074445,0.9955304934727874,0.27129999533380295,resnet32,0.6485,0.6384,1.2591522972692142,0.9884726469489661,0.27067965032024816,resnet32,0.634,0.6376,1.2551638952202417,0.9820687284015797,0.2730951667551629,resnet32,0.6394,0.6384,1.261368311856958,0.9885693870654161,0.27279892280189827,resnet32,0.6494,0.6482,1.260868449526077,0.989048839038746,0.27181960898451507,resnet32,0.6471,0.6394,1.2527199836278504,0.9813774888488379,0.27134249556217005,resnet32,0.6305,0.6266,1.2857433901253073,1.0107325657524846,0.27501082166352053,resnet32,0.6288,0.6206,1.265708110295236,0.9942015461962331,0.27150656443766574,resnet32,0.6549,0.6488,1.2576132480224425,0.984567056579346,0.27304619121026585,resnet32,0.6394,0.6334,1.2517072586342692,0.980547522618012,0.27115973430177703,resnet32,0.6522,0.6442,1.2540738523345103,0.98343581401489,0.27063803493299265,resnet32,0.6392,0.6302,1.2585181808945807,0.9876312240111557,0.2708869567140937,9000000.0,0.0,36000000.0,3420000000.0,41040000000.0
resnet32x12_cifar100_K12_unif2-step_seed0001_d020,d020,resnet32:12,cifar100,12,sampled,unif2-step,peers,0,0,1.0,p2p,1,200,64,0.1,0.9,0.0005,True,0,60,0.1,1.0,2,,disagreement,1.0,1,0.0,0.5,weight,complete,0.0,0.0,42,0,45000,5000,10000,5640048,step,95,0.010000000000000002,2,1.0,105.01,0.6347416666666666,0.01173381568610805,0.6106,0.6499,0.6887,0.05395833333333333,0.62735,0.6834,0.30667575757575766,0.6316398501432109,0.3075833333333333,0.6307323343545003,0.6347416666666666,resnet32,0.6394,0.628,1.2738170513713902,1.0001638415692882,0.27365321081809024,resnet32,0.626,0.6214,1.2589086642150173,0.9875611770390109,0.2713474846360358,resnet32,0.6395,0.6266,1.2616653468629175,0.9884756439450112,0.2731897023675794,resnet32,0.6145,0.6106,1.2696849774061278,0.9964250924743034,0.27325988554565067,resnet32,0.6311,0.6184,1.2709151621569286,0.9970385837791995,0.2738765779755671,resnet32,0.6457,0.6434,1.2562007521363823,0.9833903462541375,0.2728104083375497,resnet32,0.6106,0.608,1.2907837708903984,1.0143079596825622,0.2764758104246787,resnet32,0.6387,0.6242,1.2720457993617111,0.9997885971414772,0.2722572015429085,resnet32,0.6455,0.6442,1.2555532407184893,0.9826821756803177,0.2728710660964928,resnet32,0.6499,0.6418,1.2630804362283512,0.9894478215243329,0.27363261250271037,resnet32,0.6414,0.6358,1.2610691334544257,0.9868459986861456,0.2742231348529458,resnet32,0.6346,0.6258,1.2594307885420593,0.9872804932634939,0.2721502965485508,9000000.0,0.0,36000000.0,3456000000.0,41472000000.0
resnet32x12_cifar100_K12_unif2-step_seed0001_d020,d020,resnet32:12,cifar100,12,sampled,unif2-step,peers,0,0,1.0,p2p,1,200,64,0.1,0.9,0.0005,True,0,60,0.1,1.0,2,,disagreement,1.0,1,0.0,0.5,weight,complete,0.0,0.0,42,0,45000,5000,10000,5640048,step,96,0.010000000000000002,2,1.0,104.9,0.6435666666666666,0.007879227260475607,0.6277,0.6575,0.6942,0.05063333333333342,0.6408333333333334,0.692,0.2947,0.6316896695424731,0.2931409090909091,0.6413579947831606,0.6435666666666666,resnet32,0.6471,0.6446,1.2764990906315772,1.0003384486348792,0.27616064400750806,resnet32,0.6527,0.6564,1.2657274757088586,0.9924695645035668,0.27325790807266126,resnet32,0.6488,0.649,1.2673308166929267,0.9922687383368611,0.2750620794990523,resnet32,0.6459,0.6408,1.2717362015762113,0.9959701905027032,0.2757660116661679,resnet32,0.6387,0.64,1.2712610755115747,0.9949373983862725,0.27632367742163216,resnet32,0.6348,0.6378,1.2571759592233733,0.9840282371945002,0.27314772249453445,resnet32,0.6277,0.6248,1.2928770898248663,1.0136837401342662,0.27919334689663217,resnet32,0.647,0.6404,1.2726747192950412,0.9969189930707216,0.275755726901645,resnet32,0.6377,0.6298,1.2622935826974837,0.9870264531875198,0.27526713018728927,resnet32,0.6457,0.6424,1.2689263999292797,0.9925173360177062,0.27640906465239823,resnet32,0.6575,0.649,1.2596831950782374,0.9854004288261587,0.2742827642201023,resnet32,0.6392,0.635,1.2679050417447633,0.991603883237324,0.27630115719512105,9000000.0,0.0,36000000.0,3492000000.0,41904000000.0
resnet32x12_cifar100_K12_unif2-step_seed0001_d020,d020,resnet32:12,cifar100,12,sampled,unif2-step,peers,0,0,1.0,p2p,1,200,64,0.1,0.9,0.0005,True,0,60,0.1,1.0,2,,disagreement,1.0,1,0.0,0.5,weight,complete,0.0,0.0,42,0,45000,5000,10000,5640048,step,97,0.010000000000000002,2,1.0,105.9,0.6394166666666666,0.0079357664336149,0.6272,0.654,0.687,0.04758333333333342,0.6348333333333334,0.6856,0.2926272727272728,0.6340135744918602,0.2909363636363636,0.6420665142930296,0.6394166666666666,resnet32,0.6333,0.6292,1.2626506492326206,0.9879558933898807,0.2746947563295676,resnet32,0.6367,0.6308,1.257179424844005,0.9828144024041566,0.2743650245141577,resnet32,0.6403,0.6474,1.2556766009127551,0.9793476013636048,0.276329000078311,resnet32,0.6452,0.6342,1.258373747918416,0.9836579858410087,0.2747157611249184,resnet32,0.6318,0.6248,1.2648241376842966,0.988865543241528,0.27595859207212925,resnet32,0.6298,0.6306,1.2501518697562544,0.9772653484886343,0.27288652321493084,resnet32,0.6384,0.6356,1.2832714681598274,1.004673944786191,0.2785975257231092,resnet32,0.6272,0.617,1.2572829321196133,0.9855843937363137,0.27169853751547635,resnet32,0.6511,0.642,1.2564572556452318,0.9801644253629175,0.2762928310019726,resnet32,0.654,0.6458,1.2548133608969776,0.9804444729604505,0.2743688886773519,resnet32,0.6444,0.641,1.2511529957198284,0.9766790479082953,0.27447394719770685,resnet32,0.6408,0.6396,1.2512308768081395,0.9765155215493657,0.274715356528759,9000000.0,0.0,36000000.0,3528000000.0,42336000000.0
resnet32x12_cifar100_K12_unif2-step_seed0001_d020,d020,resnet32:12,cifar100,12,sampled,unif2-step,peers,0,0,1.0,p2p,1,200,64,0.1,0.9,0.0005,True,0,60,0.1,1.0,2,,disagreement,1.0,1,0.0,0.5,weight,complete,0.0,0.0,42,0,45000,5000,10000,5640048,step,98,0.010000000000000002,2,1.0,115.58,0.6423166666666668,0.008353625294179512,0.6262,0.6538,0.6909,0.0485833333333332,0.6366833333333334,0.6844,0.2914090909090909,0.6399266547333206,0.28782878787878774,0.6477201787943118,0.6423166666666668,resnet32,0.6451,0.6396,1.2651626968925649,0.9883076056668704,0.27685508999804204,resnet32,0.6511,0.6368,1.260547575964169,0.9851106990298087,0.2754368741827255,resnet32,0.6458,0.639,1.2655983368273487,0.9859183733774857,0.27967996116388927,resnet32,0.6538,0.6454,1.2607980634678493,0.9851253628730774,0.2756727008064362,resnet32,0.6322,0.6296,1.2765730801461772,0.9973445823416114,0.2792284973812374,resnet32,0.6492,0.64,1.2515472760424018,0.9774137273092162,0.2741335492623462,resnet32,0.6262,0.6274,1.2890186999839814,1.008315508592535,0.2807031899732961,resnet32,0.633,0.6316,1.2711527045308189,0.9951202169230039,0.2760324871633202,resnet32,0.6516,0.6398,1.252796214497225,0.9762845531275327,0.2765116620681841,resnet32,0.6409,0.6366,1.2580104336481204,0.9822200027887117,0.27579043206589465,resnet32,0.6375,0.6418,1.2615940785882147,0.9848142674362118,0.2767798096703535,resnet32,0.6414,0.6326,1.2595801377160982,0.9828640725463629,0.27671606428074563,9000000.0,0.0,36000000.0,3564000000.0,42768000000.0
resnet32x12_cifar100_K12_unif2-step_seed0001_d020,d020,resnet32:12,cifar100,12,sampled,unif2-step,peers,0,0,1.0,p2p,1,200,64,0.1,0.9,0.0005,True,0,60,0.1,1.0,2,,disagreement,1.0,1,0.0,0.5,weight,complete,0.0,0.0,42,0,45000,5000,10000,5640048,step,99,0.010000000000000002,2,1.0,106.02,0.6407416666666667,0.009238547715354888,0.6193,0.6529,0.6922,0.051458333333333384,0.6367333333333334,0.686,0.2920727272727273,0.6385454467997485,0.2923696969696968,0.6436259915602727,0.6407416666666667,resnet32,0.6449,0.6406,1.263198975304311,0.9846162953498688,0.27858267847279256,resnet32,0.6463,0.6426,1.2589922652325847,0.9830382379957221,0.2759540256705474,resnet32,0.6382,0.6336,1.259836216203191,0.9810507653111761,0.2787854507015171,resnet32,0.6369,0.6394,1.253264896063642,0.9755699326368895,0.27769496488723566,resnet32,0.6269,0.6178,1.2651112777265636,0.9885878185318275,0.2765234588984061,resnet32,0.6495,0.6476,1.2511053571308202,0.9751182928342711,0.27598706364038994,resnet32,0.6193,0.6176,1.2907499229874124,1.0092639906162566,0.2814859328791499,resnet32,0.6435,0.6358,1.262151869945228,0.9870312455194917,0.2751206213354387,resnet32,0.6395,0.6374,1.2525525431741367,0.974362647330219,0.27818989546292205,resnet32,0.642,0.6386,1.2533790058541028,0.9767587438903071,0.2766202634877779,resnet32,0.649,0.646,1.2548027832738378,0.9775598116896369,0.2772429713513702,resnet32,0.6529,0.6438,1.2548615156080236,0.977258160117675,0.2776033544743603,9000000.0,0.0,36000000.0,3600000000.0,43200000000.0
resnet32x12_cifar100_K12_unif2-step_seed0001_d020,d020,resnet32:12,cifar100,12,sampled,unif2-step,peers,0,0,1.0,p2p,1,200,64,0.1,0.9,0.0005,True,0,60,0.1,1.0,2,,disagreement,1.0,1,0.0,0.5,weight,complete,0.0,0.0,42,0,45000,5000,10000,5640048,step,100,0.010000000000000002,2,1.0,104.9,0.6477083333333333,0.0051128039165304244,0.6374,0.6564,0.7006,0.05289166666666667,0.6466333333333333,0.6984,0.28754242424242427,0.6383024829734744,0.2894136363636363,0.6392798098027878,0.6477083333333333,resnet32,0.6456,0.6466,1.2601807640696114,0.9831392735412176,0.27704149177721277,resnet32,0.6515,0.6462,1.2468886447393082,0.9702511947094039,0.27663744971240783,resnet32,0.6374,0.6444,1.2533416976644234,0.975974736396562,0.2773669634056701,resnet32,0.6464,0.6444,1.2470813088796355,0.9703219720924442,0.276759334966879,resnet32,0.642,0.6396,1.2547326232729987,0.9767753881486979,0.2779572348068045,resnet32,0.6462,0.6482,1.243228699080646,0.9666767310859128,0.2765519674232399,resnet32,0.6547,0.646,1.276611920530823,0.9959878897802397,0.2806240309199149,resnet32,0.6474,0.6502,1.2555884723128243,0.9791847350583835,0.276403738566759,resnet32,0.645,0.6422,1.2510339481417427,0.9730081196705048,0.2780258281325752,resnet32,0.6522,0.6562,1.2461511174386197,0.9701204418458722,0.2760306767357344,resnet32,0.6564,0.6484,1.2446325569498269,0.9679970037700101,0.2766355525448241,resnet32,0.6477,0.6472,1.2517479248344898,0.9732297496362166,0.2785181765105914,9000000.0,0.0,36000000.0,3636000000.0,43632000000.0
resnet32x12_cifar100_K12_unif2-step_seed0001_d020,d020,resnet32:12,cifar100,12,sampled,unif2-step,peers,0,0,1.0,p2p,1,200,64,0.1,0.9,0.0005,True,0,60,0.1,1.0,2,,disagreement,1.0,1,0.0,0.5,weight,complete,0.0,0.0,42,0,45000,5000,10000,5640048,step,101,0.010000000000000002,2,1.0,105.39,0.6387666666666666,0.0066693744500931525,0.6256,0.6504,0.6873,0.04853333333333343,0.6349166666666667,0.6872,0.2925121212121213,0.6404952505629549,0.28964696969696974,0.6453561749420247,0.6387666666666666,resnet32,0.6318,0.6282,1.2631032491441478,0.9825263124128635,0.28057693548246543,resnet32,0.6504,0.6414,1.2479851006276228,0.9707366118038242,0.27724848835813726,resnet32,0.6438,0.6454,1.2477850126610561,0.9699463238939643,0.2778386890422553,resnet32,0.6367,0.6212,1.2560131692073562,0.9764176426794041,0.27959552305665886,resnet32,0.6419,0.6484,1.2525029245933348,0.9733922462910414,0.2791106773709709,resnet32,0.6422,0.6432,1.2454278737475926,0.9688179176300764,0.2766099571758373,resnet32,0.6256,0.6256,1.273799010552466,0.9919554310088808,0.28184358026324347,resnet32,0.6391,0.638,1.2549450611695647,0.9777083631435578,0.27723669732751494,resnet32,0.6353,0.632,1.2494445871561766,0.9697080009024251,0.2797365880528973,resnet32,0.6379,0.6324,1.2482560619881207,0.969360854307359,0.2788952077654275,resnet32,0.6329,0.6192,1.245629593137313,0.9670422077178955,0.27858738467859273,resnet32,0.6476,0.644,1.2449412751434878,0.9676777863536369,0.2772634903349998,9000000.0,0.0,36000000.0,3672000000.0,44064000000.0
resnet32x12_cifar100_K12_unif2-step_seed0001_d020,d020,resnet32:12,cifar100,12,sampled,unif2-step,peers,0,0,1.0,p2p,1,200,64,0.1,0.9,0.0005,True,0,60,0.1,1.0,2,,disagreement,1.0,1,0.0,0.5,weight,complete,0.0,0.0,42,0,45000,5000,10000,5640048,step,102,0.010000000000000002,2,1.0,105.14,0.6375166666666666,0.008070092247854975,0.6243,0.6512,0.6906,0.05308333333333337,0.6296166666666667,0.6888,0.30034848484848486,0.6328980127566428,0.30147727272727276,0.631139639511431,0.6375166666666666,resnet32,0.6312,0.6124,1.2606906763870607,0.9813855400478299,0.2793051388792016,resnet32,0.6415,0.634,1.2500343269414522,0.9718222895806486,0.2782120369163088,resnet32,0.6401,0.6432,1.2508444558321075,0.9696676756509326,0.28117677969434723,resnet32,0.6455,0.6406,1.2527821708301252,0.9727178093215282,0.2800643606619401,resnet32,0.6314,0.6246,1.2659721980718048,0.984286635690792,0.2816855627831749,resnet32,0.6305,0.6254,1.2453203790567138,0.9670623409646478,0.2782580381343988,resnet32,0.6342,0.6298,1.276120580055497,0.994056785733185,0.2820637925019996,resnet32,0.6243,0.6188,1.2546777663413773,0.9774006238545884,0.2772771399891512,resnet32,0.6323,0.6238,1.2511609214442698,0.970170589841225,0.28099033274603163,resnet32,0.6512,0.6352,1.2496699357235974,0.9716935322027315,0.27797640508718113,resnet32,0.6505,0.6376,1.2495185866613279,0.9693730600516904,0.28014552709646523,resnet32,0.6375,0.63,1.2543794556774877,0.9741309902376749,0.2802484658208083,9000000.0,0.0,36000000.0,3708000000.0,44496000000.0
resnet32x12_cifar100_K12_unif2-step_seed0001_d020,d020,resnet32:12,cifar100,12,sampled,unif2-step,peers,0,0,1.0,p2p,1,200,64,0.1,0.9,0.0005,True,0,60,0.1,1.0,2,,disagreement,1.0,1,0.0,0.5,weight,complete,0.0,0.0,42,0,45000,5000,10000,5640048,step,103,0.010000000000000002,2,1.0,104.39,0.6332583333333334,0.006400710681027716,0.6208,0.6469,0.6869,0.05364166666666659,0.6312,0.6794,0.30312424242424246,0.6329846234597716,0.30654242424242434,0.6321972081194246,0.6332583333333334,resnet32,0.6251,0.6158,1.275595067407597,0.9917305512353778,0.28386451640505006,resnet32,0.6309,0.6154,1.2576443721455606,0.9755216134204105,0.2821227583653209,resnet32,0.6327,0.636,1.2607145870781757,0.9777327565137636,0.28298182997175236,resnet32,0.6369,0.6432,1.2595370212061838,0.977293825623664,0.28224319757216354,resnet32,0.6302,0.627,1.266087758524174,0.9838890250433575,0.2821987330786545,resnet32,0.6469,0.6452,1.254955325190994,0.9733661248094656,0.2815891985188831,resnet32,0.6309,0.6266,1.2817052708600054,0.9956683755259622,0.2860368961383673,resnet32,0.6346,0.634,1.2650044916028327,0.9850401603193446,0.2799643289340152,resnet32,0.6208,0.607,1.2611391943964092,0.978779946284538,0.2823592485351996,resnet32,0.634,0.6414,1.2465366884558038,0.9653273306109689,0.2812093590301546,resnet32,0.6372,0.6406,1.2513651583682408,0.9691694151948799,0.28219574313102797,resnet32,0.6389,0.6422,1.2533492874354124,0.9711641510101882,0.28218513674272055,9000000.0,0.0,36000000.0,3744000000.0,44928000000.0
resnet32x12_cifar100_K12_unif2-step_seed0001_d020,d020,resnet32:12,cifar100,12,sampled,unif2-step,peers,0,0,1.0,p2p,1,200,64,0.1,0.9,0.0005,True,0,60,0.1,1.0,2,,disagreement,1.0,1,0.0,0.5,weight,complete,0.0,0.0,42,0,45000,5000,10000,5640048,step,104,0.010000000000000002,2,1.0,104.93,0.6408833333333334,0.01257085473978953,0.6109,0.6581,0.6938,0.05291666666666661,0.6350666666666666,0.6878,0.2975000000000001,0.6305406644234477,0.29895909090909095,0.6326437436766436,0.6408833333333334,resnet32,0.639,0.6418,1.2581216272136027,0.9779985723170367,0.28012305379591207,resnet32,0.6529,0.6392,1.2458395599810914,0.9669931125403806,0.27884644822386856,resnet32,0.6429,0.6288,1.2477488613433458,0.9669241214340384,0.280824738427658,resnet32,0.634,0.6302,1.2453943976963109,0.9658083932643587,0.27958600589243526,resnet32,0.6476,0.6452,1.2539466470479965,0.9717329765077342,0.28221366998993536,resnet32,0.6419,0.6356,1.2398449466140433,0.960538134994832,0.2793068104550581,resnet32,0.6389,0.6336,1.2738078217953444,0.9890012194148519,0.28480660202066327,resnet32,0.653,0.6524,1.2533346908167005,0.9748916327953339,0.2784430595030161,resnet32,0.6581,0.6468,1.246638835238462,0.9665782726793126,0.2800605620723218,resnet32,0.6469,0.643,1.243262673220174,0.9615595548159697,0.2817031205208464,resnet32,0.6109,0.6008,1.2412735622545534,0.9611475461755287,0.2801260160790248,resnet32,0.6245,0.6234,1.2442472523755648,0.9641473413529721,0.28009991169991816,9000000.0,0.0,36000000.0,3780000000.0,45360000000.0
resnet32x12_cifar100_K12_unif2-step_seed0001_d020,d020,resnet32:12,cifar100,12,sampled,unif2-step,peers,0,0,1.0,p2p,1,200,64,0.1,0.9,0.0005,True,0,60,0.1,1.0,2,,disagreement,1.0,1,0.0,0.5,weight,complete,0.0,0.0,42,0,45000,5000,10000,5640048,step,105,0.010000000000000002,2,1.0,105.24,0.6513833333333333,0.007384198594897673,0.6326,0.6603,0.6987,0.047316666666666674,0.6503333333333333,0.702,0.28444242424242416,0.635079796351754,0.2833636363636363,0.6441355529590537,0.6513833333333333,resnet32,0.6603,0.6562,1.2630955608222971,0.9783680128272284,0.2847275445026092,resnet32,0.6539,0.6526,1.2446844138374382,0.9626034490594809,0.282080963910134,resnet32,0.657,0.6482,1.2458075379783458,0.9638213108039715,0.2819862278516997,resnet32,0.6533,0.6568,1.251744665120813,0.9681272447447885,0.28361742084168573,resnet32,0.6326,0.636,1.2598467332903633,0.9764623120427132,0.28338442029516125,resnet32,0.653,0.6534,1.239366864531555,0.9580741813406348,0.2812926835930822,resnet32,0.6485,0.6532,1.2733726313507014,0.9864941063252363,0.28687852320515295,resnet32,0.6414,0.639,1.254491239786148,0.9736589535393498,0.28083228728395293,resnet32,0.6537,0.6568,1.2346463326195425,0.9544328631494533,0.2802134684752673,resnet32,0.6585,0.6586,1.2440064197236842,0.9628275251862678,0.28117889375425875,resnet32,0.6497,0.643,1.244483121840114,0.9623211148956959,0.2821620099923827,resnet32,0.6547,0.6502,1.2409818833693862,0.9612158448012038,0.2797660377638584,9000000.0,0.0,36000000.0,3816000000.0,45792000000.0
resnet32x12_cifar100_K12_unif2-step_seed0001_d020,d020,resnet32:12,cifar100,12,sampled,unif2-step,peers,0,0,1.0,p2p,1,200,64,0.1,0.9,0.0005,True,0,60,0.1,1.0,2,,disagreement,1.0,1,0.0,0.5,weight,complete,0.0,0.0,42,0,45000,5000,10000,5640048,step,106,0.010000000000000002,2,1.0,105.23,0.6361833333333332,0.009008591578167056,0.6178,0.648,0.687,0.05081666666666684,0.6302000000000001,0.6806,0.29779090909090916,0.6330748499298735,0.2947045454545455,0.6415500254828544,0.6361833333333332,resnet32,0.6409,0.6322,1.2468349711800164,0.9670995960689404,0.27973537443375046,resnet32,0.6457,0.6336,1.2403288150883534,0.9598989007486538,0.2804299174511636,resnet32,0.6244,0.6226,1.2437695965848186,0.9625411862507463,0.28122840847142716,resnet32,0.6438,0.6352,1.2462518701160497,0.9656258535317399,0.28062601694413886,resnet32,0.6359,0.6342,1.2525653317570686,0.9699674070897427,0.2825979231221771,resnet32,0.648,0.6434,1.2354221290654757,0.9559946445409547,0.27942748575217347,resnet32,0.6178,0.6192,1.2725543935190549,0.9865412340414795,0.2860131576360965,resnet32,0.6422,0.6388,1.2488812793215567,0.9678514394909143,0.2810298404021358,resnet32,0.6381,0.6302,1.2357663240453058,0.9537568860263987,0.28200943884439766,resnet32,0.6396,0.6368,1.2386979755352845,0.9573490165004676,0.2813489588654854,resnet32,0.6327,0.6216,1.2354542751034552,0.9549272613261234,0.2805270143064924,resnet32,0.6251,0.6146,1.244534002193673,0.9632526160302487,0.2812813847452741,9000000.0,0.0,36000000.0,3852000000.0,46224000000.0
resnet32x12_cifar100_K12_unif2-step_seed0001_d020,d020,resnet32:12,cifar100,12,sampled,unif2-step,peers,0,0,1.0,p2p,1,200,64,0.1,0.9,0.0005,True,0,60,0.1,1.0,2,,disagreement,1.0,1,0.0,0.5,weight,complete,0.0,0.0,42,0,45000,5000,10000,5640048,step,107,0.010000000000000002,2,1.0,106.22,0.6485083333333334,0.006881431335283543,0.6363,0.661,0.699,0.0504916666666666,0.6431833333333333,0.6974,0.293839393939394,0.6271213675690142,0.2930106060606061,0.6321015114909303,0.6485083333333334,resnet32,0.6435,0.6448,1.2558437523178079,0.9704541265117851,0.28538962589068845,resnet32,0.651,0.65,1.2434887953779914,0.9594923037696969,0.283996491629461,resnet32,0.6417,0.6332,1.243225485340438,0.9591348056088794,0.28409068074754695,resnet32,0.6527,0.6428,1.249494973908771,0.9646479732949625,0.28484699968248606,resnet32,0.648,0.6432,1.245468301867897,0.9629374847493388,0.282530818071047,resnet32,0.661,0.6526,1.2368716437538916,0.9550039161166007,0.2818677283357829,resnet32,0.6363,0.6408,1.2802881315689196,0.9927245157516815,0.28756361558440735,resnet32,0.6511,0.6368,1.2536099526861852,0.9703856047920205,0.2832243485079909,resnet32,0.6576,0.652,1.2414272717962211,0.9585035312074152,0.28292373912832275,resnet32,0.6416,0.6372,1.245069512928074,0.9604852049696174,0.28458430899561127,resnet32,0.6449,0.6326,1.240099627355283,0.9580769913948395,0.28202263634143904,resnet32,0.6527,0.6522,1.2442060110413216,0.9615698009729385,0.28263621034354647,9000000.0,0.0,36000000.0,3888000000.0,46656000000.0
resnet32x12_cifar100_K12_unif2-step_seed0001_d020,d020,resnet32:12,cifar100,12,sampled,unif2-step,peers,0,0,1.0,p2p,1,200,64,0.1,0.9,0.0005,True,0,60,0.1,1.0,2,,disagreement,1.0,1,0.0,0.5,weight,complete,0.0,0.0,42,0,45000,5000,10000,5640048,step,108,0.010000000000000002,2,1.0,115.25,0.6454833333333334,0.009794201799477546,0.6272,0.6599,0.6996,0.05411666666666659,0.64485,0.6964,0.29456969696969704,0.6243079956869745,0.2956015151515151,0.6303164831936557,0.6454833333333334,resnet32,0.6473,0.6442,1.248187787746164,0.9647886011410843,0.28339918508109724,resnet32,0.6539,0.649,1.2353105107322335,0.9551113086159934,0.28019920201040804,resnet32,0.6367,0.6462,1.2399380762468686,0.9567814237353477,0.2831566514108669,resnet32,0.6463,0.6394,1.2408739357170733,0.9579622726887465,0.2829116589008746,resnet32,0.6425,0.6444,1.2452702523124488,0.9622181367806413,0.28305211843160744,resnet32,0.646,0.6486,1.2276804559779437,0.9454471578990872,0.2822332965337079,resnet32,0.6272,0.6246,1.2712993835183708,0.9836410508406433,0.2876583327835595,resnet32,0.6302,0.635,1.2484731796959585,0.9646446691317991,0.28382851075465704,resnet32,0.6599,0.6522,1.2352973909371279,0.9522455175491896,0.28305187434042717,resnet32,0.659,0.647,1.2286437524651939,0.947244656695561,0.2813990948594768,resnet32,0.6457,0.65,1.2368620148097926,0.9542391303588044,0.2826228850648146,resnet32,0.6511,0.6576,1.2400044612586498,0.9568996909497813,0.2831047697585415,9000000.0,0.0,36000000.0,3924000000.0,47088000000.0
resnet32x12_cifar100_K12_unif2-step_seed0001_d020,d020,resnet32:12,cifar100,12,sampled,unif2-step,peers,0,0,1.0,p2p,1,200,64,0.1,0.9,0.0005,True,0,60,0.1,1.0,2,,disagreement,1.0,1,0.0,0.5,weight,complete,0.0,0.0,42,0,45000,5000,10000,5640048,step,109,0.010000000000000002,2,1.0,115.75,0.6465083333333332,0.004851710752118504,0.6371,0.6569,0.6979,0.051391666666666724,0.6426166666666666,0.6932,0.28338787878787874,0.6483909792713742,0.28460151515151516,0.6453715911140413,0.6465083333333332,resnet32,0.6448,0.6396,1.254785706204447,0.9677998407489874,0.2869858636986464,resnet32,0.6465,0.6464,1.2429338410835375,0.9578650631010532,0.28506878086111764,resnet32,0.6371,0.6454,1.238501413301988,0.9540963211858814,0.2844050920526074,resnet32,0.6391,0.6364,1.2530967188491062,0.9661385013975881,0.28695821497504687,resnet32,0.6464,0.6428,1.2552623715759679,0.9678456203334711,0.2874167492740195,resnet32,0.6489,0.6412,1.240448146465827,0.9547086346217177,0.28573951175944373,resnet32,0.645,0.6372,1.2765640111809426,0.9867864537306807,0.2897775593764064,resnet32,0.6471,0.6474,1.255301857113161,0.9704436526887796,0.28485820249823685,resnet32,0.6569,0.6582,1.2375276970931075,0.9535039657388221,0.28402373391542246,resnet32,0.6487,0.6324,1.2401754394681617,0.9546631262214347,0.2855123104950921,resnet32,0.6503,0.6452,1.238067872737619,0.9536390250379388,0.28442884727635165,resnet32,0.6473,0.6392,1.2415238005871123,0.958956795998595,0.2825670028528707,9000000.0,0.0,36000000.0,3960000000.0,47520000000.0
resnet32x12_cifar100_K12_unif2-step_seed0001_d020,d020,resnet32:12,cifar100,12,sampled,unif2-step,peers,0,0,1.0,p2p,1,200,64,0.1,0.9,0.0005,True,0,60,0.1,1.0,2,,disagreement,1.0,1,0.0,0.5,weight,complete,0.0,0.0,42,0,45000,5000,10000,5640048,step,110,0.010000000000000002,2,1.0,104.94,0.6459666666666667,0.011476812372005653,0.6168,0.6613,0.6962,0.05023333333333335,0.64585,0.6964,0.2908242424242424,0.6324080229556142,0.2885666666666667,0.6413003673101157,0.6459666666666667,resnet32,0.6463,0.646,1.2469888900152661,0.9615208857100118,0.28546800320460036,resnet32,0.6523,0.6472,1.2314700563861565,0.947875498032028,0.2835945590102876,resnet32,0.6332,0.6388,1.2395235113799572,0.9547462682663039,0.284777244002643,resnet32,0.6434,0.6438,1.2389981592582031,0.9548420354893262,0.28415612391704187,resnet32,0.6412,0.6442,1.245900667018511,0.9606616172770207,0.285239052683623,resnet32,0.6577,0.6632,1.2371599124744534,0.9538158989426765,0.28334401503459294,resnet32,0.6168,0.622,1.2694109694354914,0.9804835209453647,0.2889274487864565,resnet32,0.6454,0.6448,1.2469386674294418,0.9630252952602777,0.28391337142833933,resnet32,0.6613,0.6582,1.2388564984060146,0.9531230757182295,0.2857334233651107,resnet32,0.6515,0.6474,1.23797639450905,0.9532676172358069,0.2847087783315642,resnet32,0.6469,0.6392,1.2354046830230139,0.9493177526376464,0.2860869315706871,resnet32,0.6556,0.6554,1.2376302998851647,0.9531711300157688,0.28445916768925433,9000000.0,0.0,36000000.0,3996000000.0,47952000000.0
resnet32x12_cifar100_K12_unif2-step_seed0001_d020,d020,resnet32:12,cifar100,12,sampled,unif2-step,peers,0,0,1.0,p2p,1,200,64,0.1,0.9,0.0005,True,0,60,0.1,1.0,2,,disagreement,1.0,1,0.0,0.5,weight,complete,0.0,0.0,42,0,45000,5000,10000,5640048,step,111,0.010000000000000002,2,1.0,105.36,0.646125,0.008962805085462917,0.621,0.6545,0.6966,0.05047500000000005,0.6413833333333333,0.6932,0.2928242424242424,0.6320497719205715,0.2929348484848485,0.6367003634183832,0.646125,resnet32,0.6429,0.6382,1.2527913363142447,0.9649188351732764,0.28787250006148085,resnet32,0.6519,0.639,1.236264550719749,0.9517165769568898,0.28454797503284435,resnet32,0.6513,0.6484,1.2390728082338518,0.9546377020464702,0.28443510593338445,resnet32,0.6446,0.6376,1.2388470875607296,0.9545877685939724,0.2842593183317645,resnet32,0.6382,0.6258,1.2434185392815957,0.9577888252044265,0.2856297141195021,resnet32,0.6536,0.653,1.2344496389850974,0.94867013504898,0.28577950347045605,resnet32,0.6451,0.6484,1.267127749848772,0.9780677718703042,0.28905997943895106,resnet32,0.621,0.6164,1.2459985282780095,0.9608140334656293,0.28518449411388824,resnet32,0.6468,0.6438,1.232992386191406,0.9470757197758014,0.28591666535728355,resnet32,0.6545,0.6474,1.2374856162985617,0.9514154268598015,0.2860701904970814,resnet32,0.6534,0.6494,1.2290211085399443,0.9447857106781818,0.28423539621078153,resnet32,0.6502,0.6492,1.2315193462100895,0.9470304094932296,0.28448893661102787,9000000.0,0.0,36000000.0,4032000000.0,48384000000.0
resnet32x12_cifar100_K12_unif2-step_seed0001_d020,d020,resnet32:12,cifar100,12,sampled,unif2-step,peers,0,0,1.0,p2p,1,200,64,0.1,0.9,0.0005,True,0,60,0.1,1.0,2,,disagreement,1.0,1,0.0,0.5,weight,complete,0.0,0.0,42,0,45000,5000,10000,5640048,step,112,0.010000000000000002,2,1.0,105.23,0.6461833333333333,0.006018282331547943,0.6367,0.6592,0.7019,0.05571666666666664,0.6437999999999999,0.6996,0.2971363636363636,0.6210886348974306,0.29848030303030304,0.623407818849218,0.6461833333333333,resnet32,0.6499,0.6504,1.2559971927919171,0.96861335973848,0.2873838324396109,resnet32,0.6443,0.6436,1.239630140110173,0.9535300058566711,0.28610013461333106,resnet32,0.638,0.6354,1.2378607864745639,0.9509923068637197,0.2868684801823375,resnet32,0.6499,0.6546,1.237750183028931,0.95121858980168,0.2865315926345912,resnet32,0.649,0.648,1.2505227467045188,0.9628807453607972,0.28764199861325324,resnet32,0.6417,0.6378,1.2376218472014775,0.9520552337000315,0.2855666146867655,resnet32,0.6455,0.6362,1.2677640283310956,0.9793385517021472,0.2884254762056199,resnet32,0.6367,0.6276,1.2478433993052354,0.9628052825785496,0.2850381177426739,resnet32,0.6486,0.6476,1.2348257140679793,0.9474492138251662,0.2873765005603094,resnet32,0.6592,0.6526,1.23547670355236,0.9488158119334416,0.28666089284657076,resnet32,0.6503,0.6508,1.2297867337580433,0.9446095941080288,0.2851771370888772,resnet32,0.6411,0.641,1.2342303133654324,0.9485309269617904,0.28569938822395424,9000000.0,0.0,36000000.0,4068000000.0,48816000000.0
resnet32x12_cifar100_K12_unif2-step_seed0001_d020,d020,resnet32:12,cifar100,12,sampled,unif2-step,peers,0,0,1.0,p2p,1,200,64,0.1,0.9,0.0005,True,0,60,0.1,1.0,2,,disagreement,1.0,1,0.0,0.5,weight,complete,0.0,0.0,42,0,45000,5000,10000,5640048,step,113,0.010000000000000002,2,1.0,105.23,0.6462166666666666,0.00896184814768819,0.6308,0.6621,0.702,0.05578333333333341,0.6412666666666667,0.6974,0.296848484848485,0.6300826049169279,0.2970106060606061,0.630340335269533,0.6462166666666666,resnet32,0.6419,0.6338,1.24234504845332,0.9568714971908114,0.28547355240549555,resnet32,0.6332,0.6248,1.233675873076374,0.9474812900139526,0.2861945841207423,resnet32,0.644,0.6424,1.2344763530418277,0.9472459959374233,0.2872303580780598,resnet32,0.6399,0.634,1.2387859346345067,0.9530869089066982,0.2856990267437967,resnet32,0.6476,0.633,1.243535042401742,0.9552819275889884,0.2882531124209477,resnet32,0.6603,0.6516,1.227233037098565,0.9421190603382208,0.285113978411325,resnet32,0.6308,0.6288,1.2636852598833768,0.9743456234308806,0.2893396353730085,resnet32,0.6463,0.64,1.2371818400411443,0.9528045990419659,0.2843772422268309,resnet32,0.6488,0.641,1.2317862067879601,0.9438856576823376,0.2879005499734459,resnet32,0.6518,0.6536,1.2276138289069587,0.9427902751009573,0.2848235514353622,resnet32,0.6621,0.6598,1.2262274695729667,0.9416257689114321,0.28460170032287185,resnet32,0.6479,0.6524,1.233103758740154,0.9468286248262633,0.28627513660202647,9000000.0,0.0,36000000.0,4104000000.0,49248000000.0
resnet32x12_cifar100_K12_unif2-step_seed0001_d020,d020,resnet32:12,cifar100,12,sampled,unif2-step,peers,0,0,1.0,p2p,1,200,64,0.1,0.9,0.0005,True,0,60,0.1,1.0,2,,disagreement,1.0,1,0.0,0.5,weight,complete,0.0,0.0,42,0,45000,5000,10000,5640048,step,114,0.010000000000000002,2,1.0,105.49,0.6470416666666666,0.008009729326818038,0.629,0.6592,0.699,0.05195833333333333,0.6372833333333334,0.689,0.2993575757575756,0.6320512931437987,0.291959090909091,0.6357644568614784,0.6470416666666666,resnet32,0.636,0.6254,1.2469516987489029,0.9602875793352723,0.286664121043445,resnet32,0.6533,0.642,1.232840038920668,0.9468467569571327,0.2859932785134085,resnet32,0.6505,0.6484,1.2364782065322453,0.9487212028523738,0.28775700291788037,resnet32,0.6454,0.6344,1.2361522815613584,0.9485963558439504,0.2875559244050898,resnet32,0.6481,0.6378,1.2454074484888802,0.9564791209149089,0.28892832922495226,resnet32,0.644,0.636,1.2301200366663663,0.9439629818397489,0.286157053810629,resnet32,0.629,0.6162,1.266157291321592,0.9746017406948588,0.29155555162155494,resnet32,0.6446,0.6406,1.2469467895782806,0.9594477220353755,0.28749906908805395,resnet32,0.6464,0.637,1.2357761257920752,0.9473803380758248,0.288395789092068,resnet32,0.6521,0.6384,1.235168170776557,0.9482204692268913,0.2869477011686699,resnet32,0.6592,0.6458,1.22857642961158,0.9414840156043117,0.28709241529841995,resnet32,0.6559,0.6454,1.2325845117765395,0.943675893443552,0.2889086184176532,9000000.0,0.0,36000000.0,4140000000.0,49680000000.0
resnet32x12_cifar100_K12_unif2-step_seed0001_d020,d020,resnet32:12,cifar100,12,sampled,unif2-step,peers,0,0,1.0,p2p,1,200,64,0.1,0.9,0.0005,True,0,60,0.1,1.0,2,,disagreement,1.0,1,0.0,0.5,weight,complete,0.0,0.0,42,0,45000,5000,10000,5640048,step,115,0.010000000000000002,2,1.0,105.79,0.6477416666666667,0.009870702299679023,0.6266,0.6624,0.6982,0.05045833333333338,0.6431166666666667,0.6932,0.2902393939393939,0.6359210418783197,0.2932348484848486,0.6349152775114536,0.6477416666666667,resnet32,0.6585,0.6468,1.2449272391809658,0.9562332956120372,0.288693943886425,resnet32,0.6603,0.648,1.2289680861444636,0.9419308937239376,0.2870371933518486,resnet32,0.6505,0.6446,1.234352337281135,0.9462160982022231,0.28813623869791627,resnet32,0.6456,0.6456,1.2397821198471568,0.951534562828866,0.2882475560023026,resnet32,0.6443,0.6498,1.2441633680666035,0.9554091149263761,0.2887542519549077,resnet32,0.6481,0.6384,1.2292459468272598,0.9436922656710852,0.28555368073284626,resnet32,0.6266,0.6228,1.261465743353421,0.9701744800602848,0.2912912596736781,resnet32,0.6334,0.6296,1.242367734878578,0.9548066743564877,0.28756106145341287,resnet32,0.6624,0.651,1.2256639956242659,0.938684677366506,0.28697931607761845,resnet32,0.648,0.6456,1.231279730796814,0.9449362616816704,0.286343467739326,resnet32,0.649,0.6468,1.2279948696324772,0.9402548161927949,0.2877400541381741,resnet32,0.6462,0.6484,1.2326199629936705,0.9447244518351826,0.2878955135502937,9000000.0,0.0,36000000.0,4176000000.0,50112000000.0
resnet32x12_cifar100_K12_unif2-step_seed0001_d020,d020,resnet32:12,cifar100,12,sampled,unif2-step,peers,0,0,1.0,p2p,1,200,64,0.1,0.9,0.0005,True,0,60,0.1,1.0,2,,disagreement,1.0,1,0.0,0.5,weight,complete,0.0,0.0,42,0,45000,5000,10000,5640048,step,116,0.010000000000000002,2,1.0,105.05,0.6407,0.010415613280071429,0.6183,0.6555,0.6933,0.05259999999999998,0.6391666666666667,0.6938,0.29824242424242414,0.6237889040225979,0.2993742424242424,0.6252328244528956,0.6407,resnet32,0.6408,0.6462,1.2489763433113694,0.9565658786926757,0.29241046510552143,resnet32,0.633,0.6262,1.2333582487295975,0.9452510399913246,0.2881072099659253,resnet32,0.6363,0.6412,1.242401278831742,0.9532158871773969,0.2891853932418268,resnet32,0.655,0.6416,1.2370577861808918,0.9485674723136154,0.2884903139519421,resnet32,0.6343,0.6388,1.2417067254639484,0.9517443938688799,0.28996233284388756,resnet32,0.6424,0.6438,1.2293642474846407,0.9406762845306234,0.28868796200152824,resnet32,0.6183,0.62,1.2627500157633966,0.9705340101976286,0.2922160071109168,resnet32,0.6301,0.6322,1.2448339736597105,0.9559322109615261,0.28890176136469975,resnet32,0.6477,0.644,1.2300141770392656,0.9421695678240873,0.2878446075218645,resnet32,0.6478,0.641,1.2343148547648028,0.9463543284007094,0.2879605253057724,resnet32,0.6472,0.6466,1.2303820720619776,0.9425086257132617,0.2878734450363977,resnet32,0.6555,0.6484,1.233336646194485,0.9458084233443845,0.2875282211356204,9000000.0,0.0,36000000.0,4212000000.0,50544000000.0
resnet32x12_cifar100_K12_unif2-step_seed0001_d020,d020,resnet32:12,cifar100,12,sampled,unif2-step,peers,0,0,1.0,p2p,1,200,64,0.1,0.9,0.0005,True,0,60,0.1,1.0,2,,disagreement,1.0,1,0.0,0.5,weight,complete,0.0,0.0,42,0,45000,5000,10000,5640048,step,117,0.010000000000000002,2,1.0,105.16,0.641175,0.008853730381407968,0.62,0.6546,0.6951,0.053925,0.6319833333333332,0.683,0.2966333333333333,0.6376978524948177,0.2923575757575758,0.6435881224895166,0.641175,resnet32,0.6326,0.621,1.244994554076005,0.9554983898997307,0.2894961614669724,resnet32,0.6472,0.6342,1.2391511712392622,0.9491052999245849,0.29004587163217366,resnet32,0.62,0.6182,1.2301507135853171,0.9407683325592767,0.28938238202086225,resnet32,0.6478,0.6398,1.233144128525799,0.9438669398765672,0.28927718744274566,resnet32,0.6372,0.626,1.2411497398702935,0.9522983618080616,0.2888513785278933,resnet32,0.639,0.6294,1.2279073518954895,0.9389696168628606,0.28893773374147713,resnet32,0.6346,0.6332,1.2582954539155418,0.9666357814249668,0.2916596746283837,resnet32,0.6415,0.6244,1.2441310731863433,0.9557594430040229,0.2883716320449656,resnet32,0.6483,0.6414,1.228098996152932,0.9399597664279017,0.2881392288148742,resnet32,0.6546,0.6466,1.2330267685042187,0.9442387904802506,0.2887879781932993,resnet32,0.6443,0.6396,1.2295221601697532,0.940752247263762,0.2887699152131311,resnet32,0.647,0.63,1.229133040728894,0.9399907487359914,0.28914229152724147,9000000.0,0.0,36000000.0,4248000000.0,50976000000.0
resnet32x12_cifar100_K12_unif2-step_seed0001_d020,d020,resnet32:12,cifar100,12,sampled,unif2-step,peers,0,0,1.0,p2p,1,200,64,0.1,0.9,0.0005,True,0,60,0.1,1.0,2,,disagreement,1.0,1,0.0,0.5,weight,complete,0.0,0.0,42,0,45000,5000,10000,5640048,step,118,0.010000000000000002,2,1.0,104.4,0.6551583333333332,0.007456815488009772,0.6382,0.664,0.7077,0.05254166666666682,0.6490166666666667,0.6984,0.2850484848484848,0.6354814989600153,0.28742727272727275,0.6322423051866706,0.6551583333333332,resnet32,0.6582,0.6502,1.2419632382013581,0.952268956398422,0.28969428068111563,resnet32,0.6423,0.634,1.2342591049488296,0.9447786493904211,0.28948045456358656,resnet32,0.6528,0.647,1.235731323249638,0.9463147256015376,0.2894165970342742,resnet32,0.66,0.6574,1.234243803742257,0.945168318904259,0.28907548341984773,resnet32,0.6572,0.6504,1.2441403083503246,0.9535250634124334,0.29061524447223,resnet32,0.6622,0.653,1.226425537839532,0.9381524067880078,0.28827312965454027,resnet32,0.6382,0.6414,1.2612993341277947,0.9673589633100412,0.2939403710929169,resnet32,0.6542,0.65,1.2447216288101943,0.9566230439496312,0.288098587654531,resnet32,0.6579,0.6458,1.227659891613505,0.9370577199892565,0.2906021726190705,resnet32,0.664,0.6564,1.2336919201029972,0.9431200951168482,0.29057182278484106,resnet32,0.661,0.651,1.22533858042549,0.9369417011568492,0.2883968787183138,resnet32,0.6539,0.6516,1.2317684494297614,0.9424525885419412,0.28931586016816174,9000000.0,0.0,36000000.0,4284000000.0,51408000000.0
resnet32x12_cifar100_K12_unif2-step_seed0001_d020,d020,resnet32:12,cifar100,12,sampled,unif2-step,peers,0,0,1.0,p2p,1,200,64,0.1,0.9,0.0005,True,0,60,0.1,1.0,2,,disagreement,1.0,1,0.0,0.5,weight,complete,0.0,0.0,42,0,45000,5000,10000,5640048,step,119,0.010000000000000002,2,1.0,104.43,0.6438666666666667,0.012359701542602963,0.6065,0.6535,0.6941,0.05023333333333335,0.6422833333333333,0.6994,0.298060606060606,0.6210091762142749,0.29466666666666674,0.6330624179012568,0.6438666666666667,resnet32,0.6477,0.6486,1.2330188280479475,0.9456364478577267,0.28738237703642383,resnet32,0.6535,0.6516,1.2284578705545177,0.9395935867320407,0.288864284330471,resnet32,0.648,0.6524,1.2234667051075534,0.9350696518509225,0.2883970532354645,resnet32,0.6519,0.654,1.2273536589504643,0.9399058521640572,0.2874478072944013,resnet32,0.6065,0.6022,1.2348109014670958,0.9443239250474356,0.29048697828230535,resnet32,0.6433,0.646,1.218255145559934,0.9300739316439087,0.28818121474151587,resnet32,0.6354,0.63,1.2598095938394016,0.9674455686049028,0.2923640249805017,resnet32,0.6469,0.6486,1.2305074949664148,0.9440612345087257,0.28644625933586876,resnet32,0.6404,0.6372,1.2248187286948615,0.9349454796280373,0.2898732511199672,resnet32,0.6527,0.6512,1.2225395207377998,0.9345683380114761,0.28797118298032065,resnet32,0.6499,0.6416,1.2195994706655091,0.9321740002964031,0.2874254710887643,resnet32,0.6502,0.644,1.2266873836686665,0.9375462091781877,0.28914117243733595,9000000.0,0.0,36000000.0,4320000000.0,51840000000.0
resnet32x12_cifar100_K12_unif2-step_seed0001_d020,d020,resnet32:12,cifar100,12,sampled,unif2-step,peers,0,0,1.0,p2p,1,200,64,0.1,0.9,0.0005,True,0,60,0.1,1.0,2,,disagreement,1.0,1,0.0,0.5,weight,complete,0.0,0.0,42,0,45000,5000,10000,5640048,step,120,0.0010000000000000002,2,1.0,104.66,0.7048,0.0036596903329835628,0.6957,0.709,0.7336,0.028800000000000048,0.6997333333333332,0.732,0.20812727272727266,0.7031442368080437,0.2080181818181819,0.7009027019026517,0.7048,resnet32,0.7048,0.702,0.9888001337478106,0.7877232062376358,0.2010769275525077,resnet32,0.709,0.6982,0.9780220328406855,0.7769877011464401,0.20103433068884027,resnet32,0.7008,0.7002,0.9773468665609305,0.7764278621074151,0.20091900360685858,resnet32,0.706,0.6996,0.9803734260865233,0.7788435476408764,0.2015298780011521,resnet32,0.7014,0.7024,0.9928872747008096,0.7904423201795329,0.2024449540132826,resnet32,0.7052,0.698,0.9741213714534586,0.774076316378672,0.2000450567046011,resnet32,0.6957,0.6948,1.00495765959336,0.8008164064958692,0.20414125170050698,resnet32,0.7044,0.6958,0.9884706854989583,0.787991500840607,0.20047918493351477,resnet32,0.7075,0.7008,0.9790525648912246,0.7770437820899215,0.20200878208164463,resnet32,0.7075,0.7018,0.9790549282492562,0.7778785210102797,0.20117640795863487,resnet32,0.7079,0.6968,0.9708507625724782,0.7700917927378957,0.20075896894559264,resnet32,0.7074,0.7064,0.9809818339788101,0.7792074567723003,0.20177437894215638,9000000.0,0.0,36000000.0,4356000000.0,52272000000.0
resnet32x12_cifar100_K12_unif2-step_seed0001_d020,d020,resnet32:12,cifar100,12,sampled,unif2-step,peers,0,0,1.0,p2p,1,200,64,0.1,0.9,0.0005,True,0,60,0.1,1.0,2,,disagreement,1.0,1,0.0,0.5,weight,complete,0.0,0.0,42,0,45000,5000,10000,5640048,step,121,0.0010000000000000002,2,1.0,105.74,0.7075499999999999,0.004084829657811121,0.6994,0.7134,0.7395,0.031950000000000145,0.7035833333333334,0.735,0.20390000000000003,0.7051458110039006,0.205310606060606,0.7037355373031762,0.7075499999999999,resnet32,0.7075,0.705,0.910739862698723,0.7278780470263552,0.1828618155453693,resnet32,0.7101,0.7028,0.9018920597366311,0.7194331185892224,0.18245894055474887,resnet32,0.7052,0.7052,0.9007856303995306,0.7176213143393397,0.1831643168750981,resnet32,0.7085,0.7054,0.900388446890495,0.7177283249118112,0.18266012221151454,resnet32,0.7017,0.7044,0.9148842013356361,0.7294022362594578,0.18548196556300603,resnet32,0.7081,0.6976,0.8975854443216865,0.7150983387096361,0.18248710567554968,resnet32,0.6994,0.6998,0.9313487229360775,0.7439164440994236,0.18743227697400885,resnet32,0.7038,0.7,0.9121951306746765,0.729320081543516,0.18287504878191446,resnet32,0.7113,0.7056,0.9008050291714343,0.717897105962038,0.18290792225690727,resnet32,0.712,0.705,0.9031568608162078,0.7197987441058186,0.1833581174617972,resnet32,0.7134,0.7058,0.8977405303581194,0.7158580753020942,0.18188245535235514,resnet32,0.7096,0.7064,0.9034809007902037,0.720415367490866,0.18306553337342021,9000000.0,0.0,36000000.0,4392000000.0,52704000000.0
resnet32x12_cifar100_K12_unif2-step_seed0001_d020,d020,resnet32:12,cifar100,12,sampled,unif2-step,peers,0,0,1.0,p2p,1,200,64,0.1,0.9,0.0005,True,0,60,0.1,1.0,2,,disagreement,1.0,1,0.0,0.5,weight,complete,0.0,0.0,42,0,45000,5000,10000,5640048,step,122,0.0010000000000000002,2,1.0,105.12,0.7088500000000001,0.003876101993842116,0.7001,0.7129,0.7392,0.030349999999999877,0.7048666666666668,0.7382,0.20444242424242423,0.7038376847729085,0.2060318181818182,0.6999815999052661,0.7088500000000001,resnet32,0.7087,0.7026,0.8857299471274018,0.7047906595451588,0.18093928817490285,resnet32,0.7129,0.7042,0.8745023505762219,0.6927323191088032,0.18177002999635244,resnet32,0.7058,0.7058,0.8768418464301662,0.6954875927503136,0.18135425443126058,resnet32,0.7105,0.7082,0.8765557356686755,0.6964244984767654,0.1801312375834889,resnet32,0.704,0.7054,0.8830249898812987,0.7012148415246471,0.18181014788040722,resnet32,0.7113,0.7026,0.8693174816329371,0.689012389418415,0.18030509240501982,resnet32,0.7001,0.7022,0.9004404604096304,0.7150061802769249,0.18543427999512377,resnet32,0.7065,0.7036,0.8850716957822442,0.7032806633717634,0.1817910330137238,resnet32,0.7129,0.7052,0.8732171263545752,0.6922371912408959,0.1809799333145334,resnet32,0.7122,0.7056,0.8723430256782607,0.6912947192110799,0.18104830591685392,resnet32,0.7124,0.7044,0.8671072793447159,0.6876269646242938,0.17948031445584176,resnet32,0.7089,0.7086,0.8755626490508969,0.6936035685410554,0.18195908034051006,9000000.0,0.0,36000000.0,4428000000.0,53136000000.0
resnet32x12_cifar100_K12_unif2-step_seed0001_d020,d020,resnet32:12,cifar100,12,sampled,unif2-step,peers,0,0,1.0,p2p,1,200,64,0.1,0.9,0.0005,True,0,60,0.1,1.0,2,,disagreement,1.0,1,0.0,0.5,weight,complete,0.0,0.0,42,0,45000,5000,10000,5640048,step,123,0.0010000000000000002,2,1.0,105.84,0.7085750000000001,0.00461665914560158,0.6956,0.7144,0.7413,0.03272499999999989,0.7083333333333335,0.7412,0.2045090909090909,0.6983510425360331,0.20705454545454546,0.6991631506460761,0.7085750000000001,resnet32,0.7072,0.7112,0.8669013535095886,0.6844895676794377,0.1824117862428962,resnet32,0.7128,0.7068,0.8538961052386598,0.6726192602549087,0.1812768449625847,resnet32,0.708,0.7114,0.859635801139203,0.6765947634862228,0.18304103728256782,resnet32,0.7085,0.7054,0.8587050423534079,0.6763122728179124,0.18239277008582244,resnet32,0.7071,0.7122,0.8681240356950597,0.6841911579566923,0.18393287897660313,resnet32,0.7124,0.705,0.8519657289778645,0.6699418345974251,0.1820238933221183,resnet32,0.6956,0.705,0.8862351310354742,0.7002001781101254,0.18603495340159332,resnet32,0.706,0.7056,0.8681587245823308,0.6864007266492329,0.18175799729810518,resnet32,0.7111,0.7102,0.8572758868844672,0.6743025982921774,0.18297328685664319,resnet32,0.7097,0.7114,0.857329922304912,0.6750513147139414,0.18227860681839625,resnet32,0.7144,0.705,0.8531223379752852,0.6711688072166659,0.18195353063162079,resnet32,0.7101,0.7108,0.8569216897541826,0.674776688429781,0.18214500226630745,9000000.0,0.0,36000000.0,4464000000.0,53568000000.0
resnet32x12_cifar100_K12_unif2-step_seed0001_d020,d020,resnet32:12,cifar100,12,sampled,unif2-step,peers,0,0,1.0,p2p,1,200,64,0.1,0.9,0.0005,True,0,60,0.1,1.0,2,,disagreement,1.0,1,0.0,0.5,weight,complete,0.0,0.0,42,0,45000,5000,10000,5640048,step,124,0.0010000000000000002,2,1.0,104.94,0.7101416666666668,0.0043099610078153805,0.7004,0.7166,0.7411,0.0309583333333332,0.70765,0.7426,0.20670303030303028,0.69866726083461,0.2059863636363637,0.6989801549441972,0.7101416666666668,resnet32,0.7123,0.7098,0.8566485168835656,0.6730337796563451,0.18361473675097592,resnet32,0.7114,0.7068,0.8487021918831901,0.6645684561438181,0.1841337360357019,resnet32,0.7061,0.711,0.8488803342069414,0.6635012875141745,0.18537904614243994,resnet32,0.7125,0.7074,0.8520071094178341,0.6680344155227597,0.18397269312250006,resnet32,0.7073,0.7074,0.8571782063015483,0.6727024334567514,0.1844757718605582,resnet32,0.7121,0.7004,0.8406276082281362,0.6577701211737638,0.18285748730836945,resnet32,0.7004,0.7092,0.8767861570654945,0.6881832332265648,0.18860292330976913,resnet32,0.7059,0.7078,0.8645031421699307,0.6804189653220502,0.18408417721829293,resnet32,0.7153,0.7086,0.8460400474088435,0.6618359458040107,0.1842041005041789,resnet32,0.7114,0.7094,0.8472153330221772,0.6633627348664132,0.18385259927758438,resnet32,0.7166,0.705,0.8454956393265589,0.6622942936268043,0.18320134561508894,resnet32,0.7104,0.709,0.8460456609133292,0.6633417125029321,0.18270394891839137,9000000.0,0.0,36000000.0,4500000000.0,54000000000.0
resnet32x12_cifar100_K12_unif2-step_seed0001_d020,d020,resnet32:12,cifar100,12,sampled,unif2-step,peers,0,0,1.0,p2p,1,200,64,0.1,0.9,0.0005,True,0,60,0.1,1.0,2,,disagreement,1.0,1,0.0,0.5,weight,complete,0.0,0.0,42,0,45000,5000,10000,5640048,step,125,0.0010000000000000002,2,1.0,106.59,0.7116250000000001,0.003915168153051257,0.7017,0.7163,0.7453,0.0336749999999999,0.7060333333333334,0.7416,0.2097363636363637,0.6923366381444698,0.212,0.688049686060046,0.7116250000000001,resnet32,0.7127,0.7084,0.8533920125019822,0.6668048385446045,0.18658717362929814,resnet32,0.7122,0.7046,0.839781046252359,0.6551884312436662,0.18459261443719946,resnet32,0.7098,0.7044,0.8462265492840246,0.6596679904667492,0.18655855889135803,resnet32,0.7144,0.7092,0.8460675876756961,0.6597421685318378,0.18632541900627653,resnet32,0.707,0.7082,0.8538781666958873,0.6666984351944517,0.18717973271850497,resnet32,0.7147,0.7028,0.836853646165268,0.6514324529350481,0.1854211938228797,resnet32,0.7017,0.7054,0.8686232746324756,0.6788326614875008,0.18979061301797628,resnet32,0.7093,0.705,0.8539541452615098,0.6674406774426725,0.18651346845382993,resnet32,0.7144,0.7082,0.838578262789683,0.6528732357546687,0.18570502708793024,resnet32,0.7137,0.7066,0.8412318835034966,0.6560324889777059,0.18519939501261848,resnet32,0.7163,0.7038,0.8350703700614924,0.650696556083858,0.18437381424221463,resnet32,0.7133,0.7058,0.8410466447980567,0.654399916106327,0.18664672813081945,9000000.0,0.0,36000000.0,4536000000.0,54432000000.0
resnet32x12_cifar100_K12_unif2-step_seed0001_d020,d020,resnet32:12,cifar100,12,sampled,unif2-step,peers,0,0,1.0,p2p,1,200,64,0.1,0.9,0.0005,True,0,60,0.1,1.0,2,,disagreement,1.0,1,0.0,0.5,weight,complete,0.0,0.0,42,0,45000,5000,10000,5640048,step,126,0.0010000000000000002,2,1.0,105.43,0.7115,0.0048894444128823825,0.6999,0.7173,0.745,0.033499999999999974,0.7106666666666667,0.7468,0.207569696969697,0.6943515418763421,0.21283939393939394,0.6878824633358345,0.7115,resnet32,0.7129,0.7098,0.8406931933184917,0.652754227630794,0.18793896630152382,resnet32,0.7154,0.7064,0.829965552569113,0.6440389445898208,0.18592660709030248,resnet32,0.7089,0.7136,0.8300067523325031,0.6434187355281954,0.18658801789437843,resnet32,0.7143,0.7096,0.8298063857311552,0.6429403638467193,0.18686602285809137,resnet32,0.7043,0.7132,0.8390078685161743,0.6515629982406442,0.18744487002153287,resnet32,0.7126,0.7096,0.8241377727721225,0.6386189272796566,0.18551884554538198,resnet32,0.6999,0.7086,0.8576976961710236,0.6669030651365492,0.19079463193404742,resnet32,0.7091,0.7114,0.8403115016831593,0.6531167716549878,0.1871947292238474,resnet32,0.7151,0.7124,0.8242039365101267,0.638378875457089,0.18582506123295223,resnet32,0.715,0.7138,0.8288422415710308,0.6421441791409795,0.1866980628639629,resnet32,0.7173,0.7088,0.824240542651916,0.6379429985007102,0.1862975447226993,resnet32,0.7132,0.7108,0.8282816697928038,0.6420920836654577,0.18618958513252437,9000000.0,0.0,36000000.0,4572000000.0,54864000000.0
resnet32x12_cifar100_K12_unif2-step_seed0001_d020,d020,resnet32:12,cifar100,12,sampled,unif2-step,peers,0,0,1.0,p2p,1,200,64,0.1,0.9,0.0005,True,0,60,0.1,1.0,2,,disagreement,1.0,1,0.0,0.5,weight,complete,0.0,0.0,42,0,45000,5000,10000,5640048,step,127,0.0010000000000000002,2,1.0,105.16,0.7111416666666667,0.004488403267186321,0.7014,0.7181,0.7459,0.034758333333333336,0.7099833333333333,0.745,0.20792121212121223,0.6924667703073837,0.21068333333333336,0.6897004432788837,0.7111416666666667,resnet32,0.7115,0.7118,0.8323893126269634,0.6443989309905604,0.18799038048283281,resnet32,0.7144,0.708,0.8222744646905498,0.6347075703299858,0.18756689455106176,resnet32,0.7104,0.7146,0.8241979697380554,0.6355267730118199,0.1886711974247274,resnet32,0.7117,0.71,0.823367956856435,0.6359561931087889,0.18741176411805843,resnet32,0.7047,0.713,0.8342741414565932,0.6439638506959785,0.1903102921364321,resnet32,0.7139,0.7052,0.8185246608812701,0.6305804899047044,0.1879441718020561,resnet32,0.7014,0.7094,0.8508502980694175,0.6590238040821119,0.19182649381797423,resnet32,0.7074,0.7092,0.836536830545149,0.6477619552646171,0.18877487481487068,resnet32,0.7155,0.711,0.8194313907826488,0.6308543125844814,0.18857707802883603,resnet32,0.7133,0.7098,0.8186969271945682,0.6299898227338087,0.1887071035929363,resnet32,0.7181,0.7048,0.8208918235349384,0.6334900918670676,0.18740173005922275,resnet32,0.7114,0.713,0.8221289841458201,0.6350390176627446,0.1870899664513259,9000000.0,0.0,36000000.0,4608000000.0,55296000000.0
resnet32x12_cifar100_K12_unif2-step_seed0001_d020,d020,resnet32:12,cifar100,12,sampled,unif2-step,peers,0,0,1.0,p2p,1,200,64,0.1,0.9,0.0005,True,0,60,0.1,1.0,2,,disagreement,1.0,1,0.0,0.5,weight,complete,0.0,0.0,42,0,45000,5000,10000,5640048,step,128,0.0010000000000000002,2,1.0,116.06,0.7117416666666667,0.0037225569915792373,0.7036,0.7166,0.7452,0.03345833333333326,0.7077833333333333,0.742,0.20975454545454544,0.6914900736633438,0.21191969696969695,0.6882833215361552,0.7117416666666667,resnet32,0.7149,0.71,0.8285769856619564,0.6378610003316267,0.19071598559491,resnet32,0.7166,0.7032,0.8183915264142508,0.628882874396037,0.18950865080114454,resnet32,0.7082,0.7102,0.8172637744891372,0.6267042488113723,0.19055952631275763,resnet32,0.7119,0.708,0.8222956834360957,0.6308765346607701,0.19141914926215328,resnet32,0.709,0.7114,0.8295288128693673,0.6387998305091803,0.19072898210618983,resnet32,0.7141,0.7034,0.8133388517678461,0.6241123218258674,0.189226532058621,resnet32,0.7036,0.7064,0.844071660106155,0.651264612689953,0.19280704761728307,resnet32,0.7084,0.7074,0.830609972292388,0.6413690717467531,0.18924089993180876,resnet32,0.714,0.7082,0.8174578503874893,0.6277773820541122,0.18968046778305012,resnet32,0.7162,0.7056,0.8159777316349474,0.626601777124134,0.18937595415098424,resnet32,0.7135,0.707,0.815343743274835,0.6254670254208825,0.1898767184889452,resnet32,0.7105,0.7126,0.8176040328107774,0.6286678555082869,0.18893617585259068,9000000.0,0.0,36000000.0,4644000000.0,55728000000.0
resnet32x12_cifar100_K12_unif2-step_seed0001_d020,d020,resnet32:12,cifar100,12,sampled,unif2-step,peers,0,0,1.0,p2p,1,200,64,0.1,0.9,0.0005,True,0,60,0.1,1.0,2,,disagreement,1.0,1,0.0,0.5,weight,complete,0.0,0.0,42,0,45000,5000,10000,5640048,step,129,0.0010000000000000002,2,1.0,105.07,0.7123166666666667,0.0036271736777949938,0.7045,0.7186,0.7473,0.034983333333333255,0.7101000000000001,0.7454,0.20937575757575755,0.6901616447787418,0.21201212121212115,0.6880982267273269,0.7123166666666667,resnet32,0.7136,0.7102,0.8147873475046997,0.6242003270255571,0.1905870191668245,resnet32,0.7126,0.704,0.8051555095748468,0.6149094015867873,0.19024610902521422,resnet32,0.7099,0.7146,0.8077719980342821,0.6155751938508316,0.19219680413053455,resnet32,0.7133,0.712,0.8077710873701356,0.6170519081113691,0.1907191808991642,resnet32,0.7093,0.7136,0.8167051909999414,0.62552428254011,0.19118090892549267,resnet32,0.7157,0.7082,0.7993134308860383,0.6094320757229897,0.18988135289824146,resnet32,0.7045,0.7104,0.8345640215345405,0.6393289075402374,0.1952351143117994,resnet32,0.7085,0.7098,0.8159908026202836,0.6262670774012804,0.18972372558941555,resnet32,0.7186,0.7104,0.8008052202534269,0.6101057850332423,0.19069943416186355,resnet32,0.7159,0.7094,0.8049852161837573,0.6150936622765254,0.18989155343098735,resnet32,0.713,0.7082,0.8013841572048311,0.6113663053732704,0.19001785255121914,resnet32,0.7129,0.7104,0.8036528890952468,0.6124410680918531,0.19121182165955278,9000000.0,0.0,36000000.0,4680000000.0,56160000000.0
resnet32x12_cifar100_K12_unif2-step_seed0001_d020,d020,resnet32:12,cifar100,12,sampled,unif2-step,peers,0,0,1.0,p2p,1,200,64,0.1,0.9,0.0005,True,0,60,0.1,1.0,2,,disagreement,1.0,1,0.0,0.5,weight,complete,0.0,0.0,42,0,45000,5000,10000,5640048,step,130,0.0010000000000000002,2,1.0,104.32,0.7118416666666668,0.003923955982876915,0.7024,0.7174,0.7466,0.034758333333333225,0.7101333333333333,0.745,0.21117878787878788,0.6879216332808085,0.21343787878787884,0.6850017188239541,0.7118416666666668,resnet32,0.7114,0.711,0.8159332883290269,0.623845184137198,0.19208810383199967,resnet32,0.712,0.7128,0.8064776127734645,0.6141974464566871,0.19228016665544023,resnet32,0.7092,0.7084,0.8071831937201999,0.615282681685957,0.19190051117700271,resnet32,0.7128,0.7104,0.8045540008778599,0.6138553054664623,0.1906986964273859,resnet32,0.7072,0.7118,0.81358313027092,0.6214035831561143,0.19217954644806345,resnet32,0.7147,0.7094,0.7958510459654711,0.6056495235640217,0.190201521882872,resnet32,0.7024,0.707,0.8315588273531334,0.6362418612803925,0.19531696576582777,resnet32,0.7128,0.707,0.8159118640151891,0.6248781290751967,0.19103373531040482,resnet32,0.7174,0.7124,0.7993611358106136,0.6084859040777453,0.1908752317011187,resnet32,0.7163,0.7104,0.8038513506762683,0.611846038563685,0.19200531324498693,resnet32,0.7143,0.7092,0.7997020679864694,0.6093390290625393,0.19036303900859572,resnet32,0.7116,0.7118,0.8023514487695965,0.6113417283208533,0.1910097216763957,9000000.0,0.0,36000000.0,4716000000.0,56592000000.0
resnet32x12_cifar100_K12_unif2-step_seed0001_d020,d020,resnet32:12,cifar100,12,sampled,unif2-step,peers,0,0,1.0,p2p,1,200,64,0.1,0.9,0.0005,True,0,60,0.1,1.0,2,,disagreement,1.0,1,0.0,0.5,weight,complete,0.0,0.0,42,0,45000,5000,10000,5640048,step,131,0.0010000000000000002,2,1.0,105.12,0.7139916666666667,0.0034642118712470333,0.7047,0.7178,0.7484,0.03440833333333326,0.7105666666666668,0.7466,0.2111242424242424,0.6880857895261006,0.21257727272727275,0.6857947993059749,0.7139916666666667,resnet32,0.7139,0.7096,0.8085381914438172,0.6162990666502579,0.19223912477239288,resnet32,0.7144,0.7084,0.7964377564547415,0.6060324690982022,0.1904052867850458,resnet32,0.7136,0.7134,0.8017810136079788,0.6093636211431162,0.19241739383009684,resnet32,0.7158,0.7098,0.8021951739845629,0.6094084993343462,0.19278667466079985,resnet32,0.7123,0.7148,0.8120317783799361,0.6183133419095115,0.1937184358989312,resnet32,0.7178,0.7106,0.7937908014282584,0.6018763683651659,0.1919144318777729,resnet32,0.7047,0.7108,0.826977084136822,0.6306904605166479,0.1962866243398325,resnet32,0.7113,0.7062,0.8112500671889972,0.6195458210581406,0.1917042463319376,resnet32,0.7164,0.7164,0.7958499307913537,0.6032004736956548,0.19264945676761933,resnet32,0.7171,0.7076,0.7961322075518017,0.6040920460258018,0.1920401618540795,resnet32,0.7176,0.7052,0.7967570568434894,0.6047573292797263,0.19199972701343623,resnet32,0.713,0.714,0.8006695405241441,0.6082536207342689,0.19241591955704446,9000000.0,0.0,36000000.0,4752000000.0,57024000000.0
resnet32x12_cifar100_K12_unif2-step_seed0001_d020,d020,resnet32:12,cifar100,12,sampled,unif2-step,peers,0,0,1.0,p2p,1,200,64,0.1,0.9,0.0005,True,0,60,0.1,1.0,2,,disagreement,1.0,1,0.0,0.5,weight,complete,0.0,0.0,42,0,45000,5000,10000,5640048,step,132,0.0010000000000000002,2,1.0,115.2,0.7132083333333333,0.00380448383124731,0.7038,0.7175,0.7508,0.03759166666666669,0.7123833333333334,0.7498,0.21235757575757577,0.681525143563813,0.21443333333333336,0.6812214674751468,0.7132083333333333,resnet32,0.7096,0.7104,0.8106082394211129,0.6150389518588781,0.19556928777389906,resnet32,0.7155,0.7084,0.7986418537964876,0.6040488788434728,0.19459297531284392,resnet32,0.7124,0.7154,0.8001139269803058,0.605398750948635,0.1947151757459241,resnet32,0.7164,0.7186,0.80473814684559,0.6088713868097826,0.19586675983472643,resnet32,0.7112,0.7178,0.8083452971821482,0.6134623509239067,0.1948829468509013,resnet32,0.7175,0.7086,0.794019100298597,0.6007519694129851,0.1932671301342039,resnet32,0.7038,0.7122,0.8310090214522048,0.6311007500202819,0.19990827107209375,resnet32,0.7107,0.7086,0.8112328877164559,0.6169077532196586,0.19432513507887383,resnet32,0.7151,0.7126,0.7967230767350305,0.6018405739556659,0.1948825027052821,resnet32,0.7172,0.712,0.7964939754456282,0.6015804998830638,0.19491347567897968,resnet32,0.716,0.7072,0.7961596250534058,0.6024950036186386,0.19366462089502337,resnet32,0.7131,0.7168,0.7995768864215775,0.6046022777022286,0.19497460799969055,9000000.0,0.0,36000000.0,4788000000.0,57456000000.0
resnet32x12_cifar100_K12_unif2-step_seed0001_d020,d020,resnet32:12,cifar100,12,sampled,unif2-step,peers,0,0,1.0,p2p,1,200,64,0.1,0.9,0.0005,True,0,60,0.1,1.0,2,,disagreement,1.0,1,0.0,0.5,weight,complete,0.0,0.0,42,0,45000,5000,10000,5640048,step,133,0.0010000000000000002,2,1.0,112.84,0.7132833333333334,0.0037715676080672792,0.705,0.7185,0.7518,0.038516666666666644,0.7105333333333332,0.7428,0.2153090909090909,0.6819852293547557,0.21777727272727276,0.676130508734363,0.7132833333333334,resnet32,0.7139,0.7084,0.8048494039950046,0.607030974404717,0.19781842900821092,resnet32,0.7152,0.712,0.7942046773704615,0.5977627750570801,0.19644190167838876,resnet32,0.7119,0.712,0.7960453066466884,0.5985114113004371,0.1975338938011026,resnet32,0.7139,0.7142,0.7976279329423878,0.6009877308864485,0.19664020332592455,resnet32,0.707,0.7126,0.8044126245023852,0.6070514172315598,0.19736120710149407,resnet32,0.7174,0.7106,0.7900780819949101,0.5940523932010613,0.19602568811652335,resnet32,0.705,0.7072,0.8191241398453712,0.6189432528123937,0.20018088749863885,resnet32,0.714,0.7078,0.8038755108348348,0.6074809602207758,0.1963945498944006,resnet32,0.7185,0.7088,0.7923162670975382,0.5959750056182119,0.19634126075966793,resnet32,0.7119,0.7048,0.7900188737548888,0.5944282288917087,0.1955906464506618,resnet32,0.7161,0.7144,0.7882842092182148,0.5930333243344318,0.19525088458745318,resnet32,0.7146,0.7136,0.7940971900454976,0.5977828009054065,0.19631438905542548,9000000.0,0.0,36000000.0,4824000000.0,57888000000.0
resnet32x12_cifar100_K12_unif2-step_seed0001_d020,d020,resnet32:12,cifar100,12,sampled,unif2-step,peers,0,0,1.0,p2p,1,200,64,0.1,0.9,0.0005,True,0,60,0.1,1.0,2,,disagreement,1.0,1,0.0,0.5,weight,complete,0.0,0.0,42,0,45000,5000,10000,5640048,step,134,0.0010000000000000002,2,1.0,104.92,0.71375,0.004240577790820484,0.7047,0.7211,0.7491,0.03534999999999999,0.7111666666666666,0.7462,0.21158787878787888,0.683860297769149,0.21508636363636358,0.6797669908429003,0.71375,resnet32,0.7127,0.7088,0.796557942151346,0.6000929179347374,0.1964650233064524,resnet32,0.7142,0.7078,0.7862763920460235,0.5903175603598356,0.19595883117819374,resnet32,0.7124,0.7118,0.7893681104125624,0.5920107822695916,0.19735732693648475,resnet32,0.7211,0.7144,0.7880505661649461,0.5927974896674807,0.1952530776616186,resnet32,0.7085,0.7126,0.8001436401920562,0.6023862020705234,0.1977574375182898,resnet32,0.7155,0.7078,0.7805229010145095,0.5855324032123793,0.1949904973153025,resnet32,0.7047,0.7096,0.8134143391031433,0.6128478226759895,0.20056651654356922,resnet32,0.7114,0.7112,0.7979662865400314,0.6021604782224379,0.1958058087197556,resnet32,0.7181,0.7138,0.7864458101208914,0.5901060990396548,0.19633971239355477,resnet32,0.7174,0.7134,0.7823340440676971,0.5862618125128475,0.19607223229567436,resnet32,0.7164,0.7082,0.7826378885656595,0.5870428583161398,0.19559502982619134,resnet32,0.7126,0.7146,0.7889074679379436,0.5924423517320644,0.19646511561321942,9000000.0,0.0,36000000.0,4860000000.0,58320000000.0
resnet32x12_cifar100_K12_unif2-step_seed0001_d020,d020,resnet32:12,cifar100,12,sampled,unif2-step,peers,0,0,1.0,p2p,1,200,64,0.1,0.9,0.0005,True,0,60,0.1,1.0,2,,disagreement,1.0,1,0.0,0.5,weight,complete,0.0,0.0,42,0,45000,5000,10000,5640048,step,135,0.0010000000000000002,2,1.0,115.72,0.7130583333333332,0.0038827521024253904,0.7033,0.718,0.7505,0.037441666666666706,0.7117999999999999,0.7472,0.21369999999999992,0.6820611203385164,0.2178454545454546,0.677503254125706,0.7130583333333332,resnet32,0.7127,0.7078,0.7925110080448742,0.5948589745570313,0.19765203422866762,resnet32,0.7132,0.714,0.7786500655029985,0.5821792037141594,0.1964708617041734,resnet32,0.7126,0.7162,0.782203795642338,0.5852340093644505,0.19696978510315108,resnet32,0.7152,0.7112,0.7840929157947275,0.5878871023146943,0.1962058122100478,resnet32,0.7087,0.7148,0.7917247782038017,0.5931421157226644,0.1985826604703272,resnet32,0.7172,0.7078,0.774718317922882,0.5789249585094777,0.19579335892657665,resnet32,0.7033,0.7084,0.8054904617707838,0.6036036499267952,0.20188681116666307,resnet32,0.7127,0.7074,0.7934510928409343,0.5960196138952266,0.19743147842713038,resnet32,0.7139,0.7104,0.7777218251404437,0.5801118350672451,0.19760998941703953,resnet32,0.7173,0.7098,0.7773855611343276,0.580890577244149,0.1964949834033508,resnet32,0.718,0.7164,0.7763705225661397,0.5801528132181953,0.19621770940086042,resnet32,0.7119,0.7174,0.7796593691137704,0.5831558609127321,0.19650350896302948,9000000.0,0.0,36000000.0,4896000000.0,58752000000.0
resnet32x12_cifar100_K12_unif2-step_seed0001_d020,d020,resnet32:12,cifar100,12,sampled,unif2-step,peers,0,0,1.0,p2p,1,200,64,0.1,0.9,0.0005,True,0,60,0.1,1.0,2,,disagreement,1.0,1,0.0,0.5,weight,complete,0.0,0.0,42,0,45000,5000,10000,5640048,step,136,0.0010000000000000002,2,1.0,110.18,0.7137666666666668,0.0035464379625508974,0.7064,0.7176,0.7502,0.03643333333333321,0.7112333333333334,0.7512,0.21738787878787882,0.6769588949059049,0.2178984848484848,0.6754286973261079,0.7137666666666668,resnet32,0.7146,0.7086,0.7877853108061985,0.5889548631384969,0.19883044859902424,resnet32,0.715,0.7084,0.7804743219590322,0.582549186127091,0.19792513412804427,resnet32,0.7143,0.7128,0.7814487500370226,0.5826456547206775,0.19880309597250412,resnet32,0.7176,0.7142,0.7810516301965849,0.582837456413968,0.19821417270312933,resnet32,0.7079,0.7154,0.7926239773461764,0.592395427679135,0.20022854847113855,resnet32,0.7172,0.7084,0.7749294631013816,0.5778155699372292,0.1971138926349919,resnet32,0.7064,0.7146,0.8051784707402642,0.6022340595637533,0.20294441050976852,resnet32,0.7116,0.708,0.791937998792326,0.5933435455557298,0.19859445179727944,resnet32,0.7166,0.7134,0.7753421252339401,0.5776670433750207,0.19767508275849235,resnet32,0.7162,0.7104,0.7788317603990436,0.5810812821781094,0.19775047756477512,resnet32,0.7166,0.7074,0.7747902489605952,0.578205160330981,0.19658508806870403,resnet32,0.7112,0.7132,0.7765193310650912,0.5800193378024481,0.19649999389763584,9000000.0,0.0,36000000.0,4932000000.0,59184000000.0
resnet32x12_cifar100_K12_unif2-step_seed0001_d020,d020,resnet32:12,cifar100,12,sampled,unif2-step,peers,0,0,1.0,p2p,1,200,64,0.1,0.9,0.0005,True,0,60,0.1,1.0,2,,disagreement,1.0,1,0.0,0.5,weight,complete,0.0,0.0,42,0,45000,5000,10000,5640048,step,137,0.0010000000000000002,2,1.0,105.79,0.713675,0.003734551512564809,0.7041,0.7184,0.7511,0.03742500000000004,0.7127166666666666,0.7488,0.2141030303030302,0.6807683044266299,0.21876212121212127,0.6756444449921788,0.713675,resnet32,0.7127,0.709,0.7886564942415465,0.5888911655850031,0.19976532812738282,resnet32,0.7151,0.7074,0.7792547337118197,0.581345609516244,0.1979091242802414,resnet32,0.7152,0.711,0.78121582579545,0.5811064004982737,0.20010942410127344,resnet32,0.7147,0.7148,0.7803775820119138,0.580076998311349,0.20030058365823192,resnet32,0.713,0.7162,0.7896369499239054,0.5882648346437649,0.20137211492031135,resnet32,0.7168,0.7142,0.771651252257553,0.5737982752563601,0.19785297694827683,resnet32,0.7041,0.7104,0.8052987114272334,0.6025665496814657,0.20273216216909615,resnet32,0.7087,0.7096,0.7880396500060504,0.5879847789606587,0.20005487151105295,resnet32,0.7166,0.7184,0.7731431663798337,0.5743209971114993,0.19882216894025492,resnet32,0.7155,0.7132,0.777021355503662,0.5780952853912656,0.1989260716787116,resnet32,0.7184,0.7128,0.7694703850641169,0.5700232685458931,0.19944711732254786,resnet32,0.7133,0.7156,0.7750288291241635,0.5762341159226542,0.19879471459849316,9000000.0,0.0,36000000.0,4968000000.0,59616000000.0
resnet32x12_cifar100_K12_unif2-step_seed0001_d020,d020,resnet32:12,cifar100,12,sampled,unif2-step,peers,0,0,1.0,p2p,1,200,64,0.1,0.9,0.0005,True,0,60,0.1,1.0,2,,disagreement,1.0,1,0.0,0.5,weight,complete,0.0,0.0,42,0,45000,5000,10000,5640048,step,138,0.0010000000000000002,2,1.0,115.7,0.7127000000000002,0.0041291645644125265,0.7027,0.7179,0.7494,0.03669999999999973,0.7103,0.7496,0.2174333333333334,0.67855012811791,0.2192121212121212,0.674194389190287,0.7127000000000002,resnet32,0.7121,0.7082,0.787297189024023,0.5853258782405067,0.20197131122801115,resnet32,0.7133,0.7098,0.7751752650788561,0.5741242815909738,0.20105098389004442,resnet32,0.7132,0.7092,0.7772912482138384,0.5758494882505726,0.20144176006909797,resnet32,0.7153,0.7094,0.7773384735072878,0.575695949987593,0.2016425238160247,resnet32,0.7106,0.7144,0.7869205412200906,0.5845883516594768,0.20233218958178026,resnet32,0.7145,0.7104,0.7701013115742668,0.5686082180843435,0.20149309321475978,resnet32,0.7027,0.7112,0.8053861762904986,0.5988682704046369,0.2065179062880237,resnet32,0.707,0.7096,0.7872351300056007,0.5856097885407507,0.2016253406816924,resnet32,0.7167,0.7154,0.7727357795546678,0.5710928964174606,0.20164288400503044,resnet32,0.7164,0.7066,0.7724913281642578,0.5716754591769793,0.2008158682041209,resnet32,0.7179,0.7082,0.7717970269732177,0.5712223800153218,0.2005746470848945,resnet32,0.7127,0.7112,0.7757530468092724,0.5746100210076706,0.2011430258439346,9000000.0,0.0,36000000.0,5004000000.0,60048000000.0
resnet32x12_cifar100_K12_unif2-step_seed0001_d020,d020,resnet32:12,cifar100,12,sampled,unif2-step,peers,0,0,1.0,p2p,1,200,64,0.1,0.9,0.0005,True,0,60,0.1,1.0,2,,disagreement,1.0,1,0.0,0.5,weight,complete,0.0,0.0,42,0,45000,5000,10000,5640048,step,139,0.0010000000000000002,2,1.0,114.8,0.7139833333333333,0.0035366729500415483,0.705,0.7185,0.7554,0.04141666666666666,0.7121833333333334,0.7508,0.21436969696969704,0.6815111554342145,0.21980454545454545,0.6723582976385984,0.7139833333333333,resnet32,0.7149,0.7102,0.7804431295107034,0.5801269157196988,0.2003162135793404,resnet32,0.7124,0.7112,0.7730354425836016,0.5727893070275472,0.20024613705887037,resnet32,0.7134,0.7134,0.7724221239120446,0.5716516451740806,0.20077047907662662,resnet32,0.7132,0.7096,0.774132718289779,0.5735523959791119,0.2005803222683343,resnet32,0.7106,0.7146,0.7807002900676294,0.5793624144809489,0.20133787575601178,resnet32,0.7181,0.7122,0.7676798053593799,0.5674933708399873,0.20018643443472683,resnet32,0.705,0.7124,0.7964433680119162,0.5925230605273761,0.20392030775970357,resnet32,0.7137,0.711,0.7809508870863779,0.581525840330869,0.19942504619459875,resnet32,0.7185,0.7162,0.7687880064530129,0.567697380373085,0.20109062601642852,resnet32,0.7171,0.7106,0.7693665451793508,0.5686556076292287,0.20071093767712062,resnet32,0.7165,0.7108,0.7682396887208928,0.5683586180040782,0.19988106995482335,resnet32,0.7144,0.714,0.7693220717324452,0.5687736812555655,0.20054838977838782,9000000.0,0.0,36000000.0,5040000000.0,60480000000.0
resnet32x12_cifar100_K12_unif2-step_seed0001_d020,d020,resnet32:12,cifar100,12,sampled,unif2-step,peers,0,0,1.0,p2p,1,200,64,0.1,0.9,0.0005,True,0,60,0.1,1.0,2,,disagreement,1.0,1,0.0,0.5,weight,complete,0.0,0.0,42,0,45000,5000,10000,5640048,step,140,0.0010000000000000002,2,1.0,114.4,0.71375,0.0044791182167922316,0.7047,0.7192,0.7531,0.039349999999999996,0.7110500000000001,0.7494,0.21893939393939393,0.6736502501043038,0.22093030303030303,0.671677815886363,0.71375,resnet32,0.7165,0.71,0.7766337495043196,0.5724939136681232,0.20413983562453228,resnet32,0.7118,0.704,0.7694634774869139,0.5672998872416263,0.2021635898325423,resnet32,0.7109,0.7128,0.7683951356024905,0.565828147682954,0.20256698834286493,resnet32,0.7181,0.7128,0.770312958439304,0.5677091365426101,0.20260382174852898,resnet32,0.7079,0.7096,0.7795037966729566,0.5760560142384334,0.20344778168311511,resnet32,0.7163,0.711,0.7630412355065346,0.5613860754211518,0.201655160498128,resnet32,0.7047,0.7124,0.793838834982704,0.5868297516452995,0.2070090818980878,resnet32,0.7095,0.7098,0.7784281331961128,0.5761739574372768,0.2022541763726622,resnet32,0.7192,0.7188,0.7641843345270238,0.5615098587321964,0.2026744737840173,resnet32,0.7165,0.71,0.7673100014640526,0.5638791848905385,0.2034308162983507,resnet32,0.7185,0.7098,0.7621753147210587,0.5603314054791223,0.20184391023675827,resnet32,0.7151,0.7116,0.767070169348947,0.5652735409834846,0.20179662726480851,9000000.0,0.0,36000000.0,5076000000.0,60912000000.0
resnet32x12_cifar100_K12_unif2-step_seed0001_d020,d020,resnet32:12,cifar100,12,sampled,unif2-step,peers,0,0,1.0,p2p,1,200,64,0.1,0.9,0.0005,True,0,60,0.1,1.0,2,,disagreement,1.0,1,0.0,0.5,weight,complete,0.0,0.0,42,0,45000,5000,10000,5640048,step,141,0.0010000000000000002,2,1.0,106.25,0.7145916666666667,0.0039844402227776935,0.7082,0.721,0.7542,0.039608333333333245,0.7113999999999999,0.7506,0.2189939393939394,0.672700307326393,0.22091060606060609,0.6710596420449978,0.7145916666666667,resnet32,0.7112,0.7118,0.7724873751232569,0.5699094378982078,0.2025779375213791,resnet32,0.7123,0.7084,0.7606667932969603,0.5584143103015694,0.202252481947653,resnet32,0.7138,0.711,0.7644986023025756,0.5615715878084302,0.20292701538313518,resnet32,0.7168,0.7106,0.7662230098027397,0.5623692974278872,0.20385371197269045,resnet32,0.7122,0.7164,0.7737758446654136,0.5685285748067227,0.20524727072651414,resnet32,0.7172,0.7088,0.7572686432183466,0.5560271226038987,0.20124152148227123,resnet32,0.7082,0.7152,0.789829255420376,0.5835660711269487,0.2062631850130856,resnet32,0.711,0.711,0.7732178439724852,0.5711859367279843,0.20203190699050372,resnet32,0.7187,0.7138,0.7585854866880585,0.5565016029656611,0.2020838849288835,resnet32,0.721,0.7106,0.7628784522583539,0.5606510707346554,0.2022273828148503,resnet32,0.7207,0.7086,0.7583124911073934,0.5569525419057093,0.20135994983667677,resnet32,0.712,0.7106,0.759279964491725,0.5574983076023107,0.20178165650841864,9000000.0,0.0,36000000.0,5112000000.0,61344000000.0
resnet32x12_cifar100_K12_unif2-step_seed0001_d020,d020,resnet32:12,cifar100,12,sampled,unif2-step,peers,0,0,1.0,p2p,1,200,64,0.1,0.9,0.0005,True,0,60,0.1,1.0,2,,disagreement,1.0,1,0.0,0.5,weight,complete,0.0,0.0,42,0,45000,5000,10000,5640048,step,142,0.0010000000000000002,2,1.0,106.31,0.7134999999999999,0.003957903485432656,0.704,0.7181,0.7544,0.04090000000000005,0.7103,0.7512,0.22095757575757577,0.6731803104651927,0.22343787878787885,0.6661069908255531,0.7134999999999999,resnet32,0.7161,0.7114,0.7726796021346342,0.5676029389300807,0.2050766634479673,resnet32,0.715,0.7068,0.7638612315482036,0.5597188445231454,0.2041423870673911,resnet32,0.7123,0.7148,0.7673103127797897,0.5625908891247078,0.20471942376091398,resnet32,0.716,0.713,0.7673779814927415,0.5624069331467829,0.20497104758396745,resnet32,0.7106,0.7128,0.7777500053105707,0.5715974570590664,0.2061525475318459,resnet32,0.7178,0.7124,0.7584243612363935,0.5539863678118722,0.20443799206987023,resnet32,0.704,0.7042,0.7884432403794066,0.5798484879037873,0.20859475141729822,resnet32,0.7101,0.7112,0.7748848888599738,0.5705003919164565,0.20438449675301937,resnet32,0.7161,0.7134,0.7607701031745158,0.5570746286433529,0.2036954755154015,resnet32,0.7156,0.704,0.7592179736715149,0.5551357978785579,0.2040821754225445,resnet32,0.7181,0.705,0.7580981583080508,0.5548823361962356,0.20321582326538523,resnet32,0.7103,0.7146,0.7627597146836872,0.5575597920793701,0.20519992201165718,9000000.0,0.0,36000000.0,5148000000.0,61776000000.0
resnet32x12_cifar100_K12_unif2-step_seed0001_d020,d020,resnet32:12,cifar100,12,sampled,unif2-step,peers,0,0,1.0,p2p,1,200,64,0.1,0.9,0.0005,True,0,60,0.1,1.0,2,,disagreement,1.0,1,0.0,0.5,weight,complete,0.0,0.0,42,0,45000,5000,10000,5640048,step,143,0.0010000000000000002,2,1.0,114.43,0.7131083333333333,0.003452404556569538,0.7042,0.7172,0.7525,0.0393916666666666,0.7090166666666667,0.7494,0.22316363636363637,0.6672813635806377,0.22402121212121212,0.6687769411416817,0.7131083333333333,resnet32,0.7149,0.7092,0.7690009680491957,0.5647168550640345,0.20428411264649846,resnet32,0.7132,0.7036,0.7590863149697807,0.5549520127136599,0.20413430166346105,resnet32,0.7132,0.7136,0.7606116294098849,0.556675663556565,0.2039359660226513,resnet32,0.7164,0.7102,0.7628731278025291,0.5566112113354559,0.2062619162977419,resnet32,0.709,0.7114,0.7716542596674778,0.5655564844015647,0.20609777577390725,resnet32,0.7172,0.71,0.7551877675577998,0.5512320000508969,0.2039557669671591,resnet32,0.7042,0.7046,0.7882332022894513,0.5790109216574241,0.20922227977478708,resnet32,0.7119,0.7092,0.773269445466047,0.567777965429493,0.2054914802270518,resnet32,0.7123,0.7094,0.7548586759208278,0.5503107768229463,0.20454789864280346,resnet32,0.7137,0.7074,0.7552204381420531,0.551210312299769,0.20401012558828702,resnet32,0.7162,0.7022,0.7537935675037178,0.548825560814955,0.20496800692159345,resnet32,0.7151,0.7174,0.7551279972222719,0.5521196579052643,0.2030083394122564,9000000.0,0.0,36000000.0,5184000000.0,62208000000.0
resnet32x12_cifar100_K12_unif2-step_seed0001_d020,d020,resnet32:12,cifar100,12,sampled,unif2-step,peers,0,0,1.0,p2p,1,200,64,0.1,0.9,0.0005,True,0,60,0.1,1.0,2,,disagreement,1.0,1,0.0,0.5,weight,complete,0.0,0.0,42,0,45000,5000,10000,5640048,step,144,0.0010000000000000002,2,1.0,112.06,0.7142083333333334,0.003434496162305144,0.7063,0.72,0.7539,0.03969166666666657,0.7117,0.7516,0.2202727272727273,0.6710113687976745,0.22284696969696968,0.667886801732672,0.7142083333333334,resnet32,0.7133,0.7074,0.7705184260637246,0.562950112475929,0.2075683129104701,resnet32,0.715,0.7118,0.7596986831419847,0.5551769274540923,0.20452175486240198,resnet32,0.7131,0.7158,0.7587135457010432,0.5534845593131401,0.20522898744622414,resnet32,0.7143,0.7122,0.7640745268118653,0.5581599774093113,0.205914548502981,resnet32,0.7113,0.715,0.7707232840528543,0.5634973254478113,0.20722595949403264,resnet32,0.72,0.7094,0.754401165314696,0.549037014472891,0.20536414998456498,resnet32,0.7063,0.71,0.7857379021800377,0.5758145497265187,0.2099233525381847,resnet32,0.7122,0.7114,0.7712477881207385,0.5652280173857104,0.20601977067152885,resnet32,0.716,0.715,0.7523467865433883,0.547324031972411,0.2050227540206503,resnet32,0.7137,0.7104,0.7571728465739976,0.5523925599726763,0.2047802866436541,resnet32,0.7189,0.7096,0.7561424898237668,0.55047928575765,0.20566320440477945,resnet32,0.7164,0.7124,0.7607214981690049,0.5545474648136984,0.20617403263564815,9000000.0,0.0,36000000.0,5220000000.0,62640000000.0
resnet32x12_cifar100_K12_unif2-step_seed0001_d020,d020,resnet32:12,cifar100,12,sampled,unif2-step,peers,0,0,1.0,p2p,1,200,64,0.1,0.9,0.0005,True,0,60,0.1,1.0,2,,disagreement,1.0,1,0.0,0.5,weight,complete,0.0,0.0,42,0,45000,5000,10000,5640048,step,145,0.0010000000000000002,2,1.0,104.55,0.7146166666666667,0.003021543020084652,0.709,0.7215,0.7514,0.03678333333333328,0.7127333333333333,0.7494,0.21896060606060608,0.6734981588990118,0.2194560606060606,0.6727779390326643,0.7146166666666667,resnet32,0.7153,0.7118,0.7640622306022454,0.5568455745974048,0.20721665585667573,resnet32,0.7151,0.7096,0.7516530314037069,0.545927463226359,0.2057255694684996,resnet32,0.7135,0.7198,0.7529954981397499,0.5459074917334047,0.20708800706250424,resnet32,0.7147,0.7112,0.7569687308066271,0.5494074444709853,0.20756128601814536,resnet32,0.709,0.716,0.7632363656197082,0.5546725923618809,0.2085637737234885,resnet32,0.7168,0.7118,0.745487882713364,0.5403436622582376,0.20514421959788623,resnet32,0.7109,0.7098,0.7761554541066289,0.5670101866549389,0.2091452675575221,resnet32,0.7123,0.709,0.7662136698649689,0.5585280727933754,0.2076855958651074,resnet32,0.7167,0.7156,0.7488676908595319,0.54381320676343,0.20505448384210467,resnet32,0.7152,0.7146,0.7496078170581975,0.5436386001211676,0.20596921744502403,resnet32,0.7215,0.7108,0.7478249895132401,0.5429403313266282,0.2048846581760286,resnet32,0.7144,0.7128,0.7517377969978208,0.5464608303525231,0.20527696679346263,9000000.0,0.0,36000000.0,5256000000.0,63072000000.0
resnet32x12_cifar100_K12_unif2-step_seed0001_d020,d020,resnet32:12,cifar100,12,sampled,unif2-step,peers,0,0,1.0,p2p,1,200,64,0.1,0.9,0.0005,True,0,60,0.1,1.0,2,,disagreement,1.0,1,0.0,0.5,weight,complete,0.0,0.0,42,0,45000,5000,10000,5640048,step,146,0.0010000000000000002,2,1.0,114.97,0.7133249999999999,0.003852082769965706,0.7036,0.7184,0.7531,0.039775000000000116,0.7102666666666666,0.751,0.22425454545454546,0.6672822125169453,0.22404393939393935,0.6673291469237137,0.7133249999999999,resnet32,0.7124,0.7104,0.7599746371958066,0.5522722476162016,0.20770238972776991,resnet32,0.7143,0.7054,0.7532232264903459,0.5456242133778605,0.20759901221291246,resnet32,0.7102,0.7156,0.7564078802666203,0.5479923471046443,0.2084155318179083,resnet32,0.7163,0.7086,0.7552699243480508,0.5465592842718417,0.20871063971638001,resnet32,0.7132,0.7128,0.7632313554429195,0.5550368379970844,0.20819451617584986,resnet32,0.7184,0.7078,0.7471658558669415,0.5400450261817737,0.20712082907134158,resnet32,0.7036,0.7066,0.7779451930387453,0.5667896694080397,0.2111555240752006,resnet32,0.7106,0.7084,0.7652906956659122,0.5579189423641021,0.20737175397913565,resnet32,0.7169,0.7134,0.749802702783861,0.5418565269051627,0.207946176672439,resnet32,0.7169,0.71,0.7483943219889294,0.5396420991640877,0.20875222303650595,resnet32,0.715,0.7088,0.7439815050245009,0.537938735998151,0.20604276834902438,resnet32,0.7121,0.7154,0.7531607114625248,0.5458713288164951,0.2072893823285333,9000000.0,0.0,36000000.0,5292000000.0,63504000000.0
resnet32x12_cifar100_K12_unif2-step_seed0001_d020,d020,resnet32:12,cifar100,12,sampled,unif2-step,peers,0,0,1.0,p2p,1,200,64,0.1,0.9,0.0005,True,0,60,0.1,1.0,2,,disagreement,1.0,1,0.0,0.5,weight,complete,0.0,0.0,42,0,45000,5000,10000,5640048,step,147,0.0010000000000000002,2,1.0,108.5,0.716075,0.004075562333388281,0.7075,0.7213,0.7572,0.04112499999999997,0.7128333333333333,0.7546,0.22102121212121206,0.6662799515544744,0.22045000000000003,0.6707653457081246,0.716075,resnet32,0.7137,0.7104,0.7614365858449177,0.5528846827166324,0.20855190166780216,resnet32,0.7167,0.713,0.7541712394238196,0.5447927208363332,0.20937851941297678,resnet32,0.7149,0.7176,0.7562523795376447,0.5469468098811128,0.2093055696459487,resnet32,0.7172,0.714,0.7530757422897626,0.5461995554664596,0.20687618728896434,resnet32,0.7117,0.7172,0.7645483488132331,0.5547989619133825,0.20974938937632198,resnet32,0.7213,0.7114,0.7484719348986718,0.5407815123061565,0.20769042390483347,resnet32,0.7075,0.7102,0.7818431126123125,0.5683795762756332,0.21346353506669402,resnet32,0.7129,0.711,0.7665842894295399,0.5578700325197794,0.2087142565499314,resnet32,0.7211,0.714,0.7497650550847704,0.5414705361578275,0.2082945184718648,resnet32,0.7195,0.7064,0.7509135544215414,0.5425450473346494,0.20836850704455917,resnet32,0.7209,0.7116,0.7474267089062117,0.5402866289950907,0.20714007983703844,resnet32,0.7155,0.7172,0.7528755316002802,0.5442940011112527,0.20858152957887136,9000000.0,0.0,36000000.0,5328000000.0,63936000000.0
resnet32x12_cifar100_K12_unif2-step_seed0001_d020,d020,resnet32:12,cifar100,12,sampled,unif2-step,peers,0,0,1.0,p2p,1,200,64,0.1,0.9,0.0005,True,0,60,0.1,1.0,2,,disagreement,1.0,1,0.0,0.5,weight,complete,0.0,0.0,42,0,45000,5000,10000,5640048,step,148,0.0010000000000000002,2,1.0,105.01,0.713025,0.003461484508126518,0.7073,0.7192,0.7507,0.037675000000000014,0.71075,0.7508,0.22375454545454546,0.665218058498511,0.22414545454545456,0.6673300212071217,0.713025,resnet32,0.7132,0.7082,0.7614812500859526,0.5516551777466454,0.20982607349287719,resnet32,0.7137,0.7046,0.7554961423897608,0.54669157915156,0.20880456347103146,resnet32,0.7075,0.7108,0.7536134069192816,0.5438605081713335,0.20975289843045175,resnet32,0.7155,0.7124,0.7527764966203407,0.5429870645854283,0.20978943195024674,resnet32,0.7102,0.7152,0.7592331166379154,0.5489379702220586,0.21029514677568592,resnet32,0.7161,0.7108,0.7455577178942886,0.5373740208081224,0.20818369720258156,resnet32,0.71,0.7094,0.779992923098193,0.564504837363281,0.2154880862852389,resnet32,0.7073,0.7076,0.7589560147713531,0.5502477465620772,0.20870826846327295,resnet32,0.715,0.7126,0.7495474569838155,0.5401052318259396,0.2094422250414606,resnet32,0.7153,0.7112,0.7509132610549304,0.5414387107064779,0.20947455159727146,resnet32,0.7192,0.7092,0.7450531897219744,0.5363199853084304,0.20873320545069873,resnet32,0.7133,0.717,0.7491326749070801,0.5402748291380703,0.2088578460335901,9000000.0,0.0,36000000.0,5364000000.0,64368000000.0
resnet32x12_cifar100_K12_unif2-step_seed0001_d020,d020,resnet32:12,cifar100,12,sampled,unif2-step,peers,0,0,1.0,p2p,1,200,64,0.1,0.9,0.0005,True,0,60,0.1,1.0,2,,disagreement,1.0,1,0.0,0.5,weight,complete,0.0,0.0,42,0,45000,5000,10000,5640048,step,149,0.0010000000000000002,2,1.0,104.34,0.7146583333333335,0.003219590639955475,0.7091,0.7183,0.7541,0.039441666666666486,0.7138833333333333,0.7562,0.22182727272727273,0.6670203910294812,0.22368484848484843,0.6664767358030503,0.7146583333333335,resnet32,0.7122,0.7134,0.7533845243213529,0.5445596935566176,0.20882482987574555,resnet32,0.7147,0.707,0.7473701662383974,0.5377062894827263,0.20966387671333822,resnet32,0.7143,0.7182,0.748821850400418,0.5383458809334446,0.21047596944580702,resnet32,0.7183,0.718,0.7493346267464486,0.5400757194412026,0.20925890760157595,resnet32,0.7114,0.7172,0.7539646884595806,0.543691620146009,0.21027306899089704,resnet32,0.7176,0.7136,0.7402592217549682,0.5320256707597185,0.20823354945010084,resnet32,0.7091,0.7108,0.7704596148634498,0.5577727181582965,0.2126868974671445,resnet32,0.7094,0.7126,0.7561296070502563,0.5462980149313807,0.2098315908277238,resnet32,0.7178,0.7174,0.743870685427365,0.5343518883243881,0.20951879703947765,resnet32,0.7167,0.7088,0.7426983651451089,0.5336340228942308,0.2090643422085453,resnet32,0.7175,0.7132,0.7407659277404574,0.5318857579576698,0.2088801706717773,resnet32,0.7169,0.7164,0.7400778991762887,0.5318106194026768,0.20826728002760897,9000000.0,0.0,36000000.0,5400000000.0,64800000000.0
resnet32x12_cifar100_K12_unif2-step_seed0001_d020,d020,resnet32:12,cifar100,12,sampled,unif2-step,peers,0,0,1.0,p2p,1,200,64,0.1,0.9,0.0005,True,0,60,0.1,1.0,2,,disagreement,1.0,1,0.0,0.5,weight,complete,0.0,0.0,42,0,45000,5000,10000,5640048,step,150,0.0010000000000000002,2,1.0,104.85,0.7124,0.002961699962296421,0.7077,0.7173,0.7517,0.0393,0.7105499999999999,0.7528,0.22149090909090896,0.6733706949767284,0.22489545454545454,0.6670945292909344,0.7124,resnet32,0.7117,0.7134,0.7525574133562093,0.5410288307731125,0.21152858340858735,resnet32,0.7142,0.7056,0.7430121570148251,0.5333122924732213,0.20969986407594246,resnet32,0.7092,0.716,0.7461851055903191,0.5356306644918566,0.21055444231553172,resnet32,0.7153,0.7084,0.743618427818133,0.5339835760268298,0.20963485320945355,resnet32,0.7096,0.7146,0.75625418452546,0.5440031677399847,0.2122510183835402,resnet32,0.7173,0.7142,0.7395727473141794,0.5290611580606889,0.21051158887249502,resnet32,0.7077,0.709,0.77343842306767,0.5572704869237813,0.21616793631322004,resnet32,0.7094,0.708,0.7543527143584057,0.5439216417514465,0.21043107233179564,resnet32,0.7141,0.7138,0.7443525179881941,0.5341065644963898,0.21024595344947142,resnet32,0.7151,0.7056,0.738408987029371,0.5284907771697775,0.2099182101982561,resnet32,0.7148,0.7086,0.7363543744537641,0.5276868025433611,0.20866757180457088,resnet32,0.7104,0.7094,0.746755778323859,0.5363633658482947,0.21039241313172335,9000000.0,0.0,36000000.0,5436000000.0,65232000000.0
resnet32x12_cifar100_K12_unif2-step_seed0001_d020,d020,resnet32:12,cifar100,12,sampled,unif2-step,peers,0,0,1.0,p2p,1,200,64,0.1,0.9,0.0005,True,0,60,0.1,1.0,2,,disagreement,1.0,1,0.0,0.5,weight,complete,0.0,0.0,42,0,45000,5000,10000,5640048,step,151,0.0010000000000000002,2,1.0,104.82,0.7124166666666666,0.003660563101794878,0.7063,0.7174,0.7541,0.041683333333333406,0.7112833333333333,0.7534,0.22459393939393943,0.6651842475953689,0.22524848484848484,0.6654183456896944,0.7124166666666666,resnet32,0.709,0.7116,0.7509424364278939,0.539789170873436,0.21115326635878195,resnet32,0.7168,0.7038,0.7423457364890386,0.5308021969077262,0.21154353858649053,resnet32,0.7116,0.7142,0.7436229081993754,0.5310870738784698,0.21253583431032233,resnet32,0.7152,0.7106,0.7425063677047464,0.5329362886365164,0.2095700793010606,resnet32,0.7093,0.7118,0.7511495389044285,0.5400190447795797,0.2111304943788458,resnet32,0.7174,0.7106,0.7412249589000236,0.5297984928316013,0.21142646598375656,resnet32,0.7063,0.7144,0.7723284072073345,0.5545893391086296,0.217739069305191,resnet32,0.7074,0.707,0.7539257601919499,0.5418698900717903,0.21205587081865154,resnet32,0.717,0.7184,0.7394206490028988,0.5274546771225604,0.2119659718697552,resnet32,0.7139,0.7112,0.7408098153431307,0.5296244321136989,0.21118538390675728,resnet32,0.7118,0.7078,0.7390538669529964,0.5280548578805544,0.210999007971788,resnet32,0.7133,0.714,0.7386455984616821,0.5275128393179991,0.21113275992684066,9000000.0,0.0,36000000.0,5472000000.0,65664000000.0
resnet32x12_cifar100_K12_unif2-step_seed0001_d020,d020,resnet32:12,cifar100,12,sampled,unif2-step,peers,0,0,1.0,p2p,1,200,64,0.1,0.9,0.0005,True,0,60,0.1,1.0,2,,disagreement,1.0,1,0.0,0.5,weight,complete,0.0,0.0,42,0,45000,5000,10000,5640048,step,152,0.0010000000000000002,2,1.0,105.33,0.7129500000000001,0.0027645071893558156,0.7064,0.7165,0.7541,0.04114999999999991,0.7123666666666667,0.7516,0.2260787878787878,0.660212889309774,0.22665909090909095,0.6621999670815709,0.7129500000000001,resnet32,0.7115,0.711,0.7516428787176582,0.5386397541415963,0.2130031246078116,resnet32,0.7149,0.711,0.7393206087025729,0.5274584993974052,0.21186211006715894,resnet32,0.713,0.7204,0.7432370861907575,0.5315816150978208,0.2116554705320265,resnet32,0.716,0.7142,0.7423539686609398,0.5305192522196607,0.21183471705510534,resnet32,0.7099,0.7152,0.7524395394985649,0.5404831541871483,0.21195638588291,resnet32,0.7126,0.7184,0.7354124828919091,0.524772264148024,0.21064021899788218,resnet32,0.7064,0.7094,0.7681412286633118,0.5525398335673593,0.21560139443979345,resnet32,0.7124,0.7052,0.754165256395936,0.5428054828027432,0.21135977380485696,resnet32,0.7165,0.7124,0.7401600943624296,0.528387897182256,0.21177219787866555,resnet32,0.7131,0.7026,0.7406515657309104,0.5286451321179894,0.2120064340574159,resnet32,0.7163,0.7144,0.7381410919214514,0.5259294486604631,0.21221164336682044,resnet32,0.7128,0.7142,0.7414820808070627,0.5303624009882862,0.21111968093001368,9000000.0,0.0,36000000.0,5508000000.0,66096000000.0
resnet32x12_cifar100_K12_unif2-step_seed0001_d020,d020,resnet32:12,cifar100,12,sampled,unif2-step,peers,0,0,1.0,p2p,1,200,64,0.1,0.9,0.0005,True,0,60,0.1,1.0,2,,disagreement,1.0,1,0.0,0.5,weight,complete,0.0,0.0,42,0,45000,5000,10000,5640048,step,153,0.0010000000000000002,2,1.0,115.12,0.714625,0.003735220877003126,0.7083,0.7203,0.7556,0.040975000000000095,0.7116833333333333,0.7508,0.22438181818181824,0.6627658321860639,0.22430454545454556,0.6644437272009549,0.714625,resnet32,0.7166,0.7088,0.7486440562219783,0.5358767792243849,0.2127672767859291,resnet32,0.7169,0.7028,0.7400011158209633,0.5286535667255521,0.21134754878849807,resnet32,0.7111,0.7126,0.7402978306636214,0.5276628177274357,0.2126350124705244,resnet32,0.7171,0.7198,0.7415209107354961,0.5294303694231943,0.21209054012698206,resnet32,0.7084,0.713,0.7520343558439477,0.5384572187692604,0.21357713673602452,resnet32,0.7166,0.7106,0.7339878512800417,0.5234220713292334,0.2105657795486464,resnet32,0.7114,0.7102,0.7674734879454429,0.5511901585639201,0.21628332796337252,resnet32,0.7083,0.709,0.7493397976187143,0.5373587041500617,0.21198109348981894,resnet32,0.7156,0.7166,0.7379659341478889,0.5262015300210227,0.21176440435969693,resnet32,0.7183,0.7118,0.7400407739068297,0.5276318685236302,0.21240890642035415,resnet32,0.7203,0.7126,0.7357840373773467,0.524312946903096,0.21147109098224479,resnet32,0.7149,0.7124,0.7409367648969319,0.5289901563135738,0.2119466088796881,9000000.0,0.0,36000000.0,5544000000.0,66528000000.0
resnet32x12_cifar100_K12_unif2-step_seed0001_d020,d020,resnet32:12,cifar100,12,sampled,unif2-step,peers,0,0,1.0,p2p,1,200,64,0.1,0.9,0.0005,True,0,60,0.1,1.0,2,,disagreement,1.0,1,0.0,0.5,weight,complete,0.0,0.0,42,0,45000,5000,10000,5640048,step,154,0.0010000000000000002,2,1.0,105.09,0.7130000000000001,0.0032506409624359876,0.7061,0.7163,0.7506,0.03759999999999997,0.7107833333333334,0.755,0.22595151515151518,0.6603957616689726,0.22423030303030297,0.6667240880755497,0.7130000000000001,resnet32,0.7101,0.7154,0.7452061032791707,0.5312402983704074,0.21396580592475153,resnet32,0.7156,0.7046,0.7354441972618754,0.5229559495875781,0.21248824773779648,resnet32,0.7128,0.7164,0.7378029753877358,0.5245467814278196,0.21325619347308847,resnet32,0.7163,0.71,0.7386381076225503,0.525410327129066,0.21322778108614412,resnet32,0.7084,0.711,0.7465132488869131,0.5313668577000499,0.2151463907317851,resnet32,0.7148,0.7118,0.732193258675662,0.5205708287063647,0.21162243123928254,resnet32,0.7061,0.7026,0.7606861642985181,0.5438370645808225,0.21684910109351305,resnet32,0.7113,0.71,0.7483390744098208,0.5334239821373061,0.2149150926111774,resnet32,0.7163,0.7134,0.7342654427259483,0.5208082721907307,0.2134571694345637,resnet32,0.7161,0.7064,0.7339602634310722,0.5205524421127682,0.2134078211278062,resnet32,0.7153,0.7118,0.7305247549136932,0.5188056056557054,0.2117191478821703,resnet32,0.7129,0.716,0.7381672995080325,0.523921624080024,0.2142456759148362,9000000.0,0.0,36000000.0,5580000000.0,66960000000.0
resnet32x12_cifar100_K12_unif2-step_seed0001_d020,d020,resnet32:12,cifar100,12,sampled,unif2-step,peers,0,0,1.0,p2p,1,200,64,0.1,0.9,0.0005,True,0,60,0.1,1.0,2,,disagreement,1.0,1,0.0,0.5,weight,complete,0.0,0.0,42,0,45000,5000,10000,5640048,step,155,0.0010000000000000002,2,1.0,107.25,0.7132333333333333,0.0031634193876598623,0.7061,0.7177,0.7553,0.0420666666666667,0.7111166666666667,0.7516,0.22533636363636375,0.6669429727600745,0.22759848484848483,0.6631664341473349,0.7132333333333333,resnet32,0.7147,0.7116,0.7480853798121891,0.5332551963458007,0.21483018376271834,resnet32,0.7139,0.7086,0.7362710560925982,0.522734613369473,0.2135364422362975,resnet32,0.7137,0.7132,0.7385321928780865,0.5248556281016632,0.21367656321010806,resnet32,0.7177,0.7114,0.7369906210171228,0.5237921272743155,0.21319849359464238,resnet32,0.7097,0.708,0.7442718999121677,0.5303621386093172,0.21390976149334825,resnet32,0.7156,0.7156,0.7326657212424007,0.5196746522560716,0.2129910696001554,resnet32,0.7061,0.7088,0.7639891150915488,0.5448591743426566,0.21912994005040012,resnet32,0.7089,0.7052,0.744607503991574,0.5318222188136794,0.21278528543189168,resnet32,0.7149,0.7188,0.7330299727195366,0.5193652895871889,0.21366468228569085,resnet32,0.7156,0.7068,0.7347241576168347,0.5204104602506215,0.21431369649838994,resnet32,0.7139,0.7136,0.7308760332366959,0.5179594854019921,0.21291654836386442,resnet32,0.7141,0.7118,0.735922924412245,0.5224085844714533,0.21351434061811728,9000000.0,0.0,36000000.0,5616000000.0,67392000000.0
resnet32x12_cifar100_K12_unif2-step_seed0001_d020,d020,resnet32:12,cifar100,12,sampled,unif2-step,peers,0,0,1.0,p2p,1,200,64,0.1,0.9,0.0005,True,0,60,0.1,1.0,2,,disagreement,1.0,1,0.0,0.5,weight,complete,0.0,0.0,42,0,45000,5000,10000,5640048,step,156,0.0010000000000000002,2,1.0,105.03,0.7145583333333333,0.004010706158382681,0.7064,0.7198,0.7533,0.038741666666666674,0.7150666666666666,0.7588,0.2263878787878788,0.6566037523404691,0.22575151515151515,0.6647522728231242,0.7145583333333333,resnet32,0.7124,0.7094,0.7442881681702354,0.5267188233662058,0.21756934423253618,resnet32,0.7169,0.7138,0.731034279123626,0.5170024362477389,0.21403184179639953,resnet32,0.7135,0.7226,0.7332955484955825,0.5171310090544549,0.21616453734565189,resnet32,0.717,0.718,0.7343498313884166,0.5191924086433243,0.215157422025434,resnet32,0.7112,0.712,0.7448452938856049,0.5290349553000521,0.21581033824689008,resnet32,0.7198,0.7178,0.7286864578808573,0.5144208595579998,0.21426559942351145,resnet32,0.7064,0.714,0.7571568839590658,0.5392673824575137,0.2178895015227185,resnet32,0.7092,0.711,0.7444629010490396,0.5303062054497952,0.21415669614957136,resnet32,0.716,0.7174,0.7289475264366377,0.5157084594988688,0.21323906556195157,resnet32,0.7193,0.7098,0.7284925614737652,0.5151649179699068,0.21332764318636196,resnet32,0.7187,0.714,0.726715050637722,0.513494963715361,0.21322008723985741,resnet32,0.7143,0.721,0.729528914756057,0.5162011243995618,0.2133277899120003,9000000.0,0.0,36000000.0,5652000000.0,67824000000.0
resnet32x12_cifar100_K12_unif2-step_seed0001_d020,d020,resnet32:12,cifar100,12,sampled,unif2-step,peers,0,0,1.0,p2p,1,200,64,0.1,0.9,0.0005,True,0,60,0.1,1.0,2,,disagreement,1.0,1,0.0,0.5,weight,complete,0.0,0.0,42,0,45000,5000,10000,5640048,step,157,0.0010000000000000002,2,1.0,105.74,0.7135666666666666,0.0027314017565264023,0.7073,0.7174,0.7549,0.041333333333333444,0.7127,0.756,0.22541515151515149,0.6622658519101823,0.227730303030303,0.6630326214825937,0.7135666666666666,resnet32,0.7147,0.7102,0.742554051632231,0.5277642616155472,0.21478978917002678,resnet32,0.7142,0.7032,0.7321194590662014,0.5170184982178564,0.215100961800834,resnet32,0.7105,0.714,0.7321062424135479,0.5173066754359752,0.21479956737973474,resnet32,0.7153,0.7154,0.737123598640954,0.5214833670126443,0.2156402328559621,resnet32,0.7073,0.7096,0.7465505720624193,0.5291428673504428,0.21740770543163473,resnet32,0.7135,0.7116,0.7281615155833688,0.5142215322703123,0.21393998456187546,resnet32,0.7123,0.716,0.7572603070769798,0.5390579487535764,0.2182023588102311,resnet32,0.7109,0.7124,0.7438792873766612,0.5281868463128128,0.2156924413390119,resnet32,0.7157,0.7156,0.7269544527357952,0.5135273197242483,0.21342713311737913,resnet32,0.7149,0.7132,0.7298491129820998,0.5151231304149736,0.21472598205913196,resnet32,0.7174,0.714,0.7269446995447982,0.5124593230218373,0.2144853754858063,resnet32,0.7161,0.7172,0.7322043813341721,0.5170402438591488,0.21516413654370065,9000000.0,0.0,36000000.0,5688000000.0,68256000000.0
resnet32x12_cifar100_K12_unif2-step_seed0001_d020,d020,resnet32:12,cifar100,12,sampled,unif2-step,peers,0,0,1.0,p2p,1,200,64,0.1,0.9,0.0005,True,0,60,0.1,1.0,2,,disagreement,1.0,1,0.0,0.5,weight,complete,0.0,0.0,42,0,45000,5000,10000,5640048,step,158,0.0010000000000000002,2,1.0,105.22,0.7141333333333333,0.002586932975981849,0.7096,0.7183,0.7566,0.042466666666666764,0.7108000000000002,0.7546,0.22839393939393943,0.6557775308676478,0.22894090909090908,0.6594663768628733,0.7141333333333333,resnet32,0.711,0.708,0.738362450025637,0.5221338618800722,0.216228587298908,resnet32,0.7144,0.7068,0.7332838062535633,0.5176925034770234,0.21559130241671068,resnet32,0.7154,0.714,0.7317685359157622,0.5157005563801662,0.21606797820211135,resnet32,0.7164,0.7054,0.735179978295822,0.5191924465735528,0.21598753174343568,resnet32,0.7096,0.7162,0.7382747194814411,0.522400301457806,0.2158744160763242,resnet32,0.7167,0.7112,0.7279141844165596,0.5114003795791756,0.2165138050278818,resnet32,0.7118,0.712,0.7592951560138979,0.5399536123837937,0.21934154187329113,resnet32,0.7111,0.7054,0.7421734501946379,0.5269694188609719,0.21520403078333897,resnet32,0.7151,0.714,0.7253041771155867,0.509639289018444,0.21566488883796742,resnet32,0.716,0.7114,0.7288357891057703,0.5133038322779943,0.21553195680660958,resnet32,0.7183,0.711,0.7258181524970992,0.5111734847622839,0.2146446670574898,resnet32,0.7138,0.7142,0.7274492853744463,0.5126018188470467,0.21484746713064273,9000000.0,0.0,36000000.0,5724000000.0,68688000000.0
resnet32x12_cifar100_K12_unif2-step_seed0001_d020,d020,resnet32:12,cifar100,12,sampled,unif2-step,peers,0,0,1.0,p2p,1,200,64,0.1,0.9,0.0005,True,0,60,0.1,1.0,2,,disagreement,1.0,1,0.0,0.5,weight,complete,0.0,0.0,42,0,45000,5000,10000,5640048,step,159,0.0010000000000000002,2,1.0,105.03,0.7135166666666666,0.003030630664106426,0.7068,0.7181,0.7531,0.039583333333333415,0.7140833333333333,0.7564,0.22811212121212118,0.6532444348976325,0.2292333333333334,0.6581261049317427,0.7135166666666666,resnet32,0.7109,0.7134,0.7411271423440088,0.5237150074152107,0.21741213568020612,resnet32,0.713,0.7094,0.7259731695733287,0.5092381199567833,0.21673504978587682,resnet32,0.7149,0.715,0.7294060729698024,0.5121255037798123,0.21728056997314774,resnet32,0.7181,0.714,0.731562361290509,0.5137628084895286,0.21779955283273011,resnet32,0.7068,0.7188,0.7371950709599663,0.5205617322247814,0.216633338438855,resnet32,0.7138,0.7122,0.7236779662780464,0.5081153567457064,0.21556260890793055,resnet32,0.7102,0.7128,0.7582497968846424,0.5364911596883427,0.2217586375772953,resnet32,0.7138,0.7144,0.7420009041459046,0.5244649040343409,0.2175359993919053,resnet32,0.7123,0.7162,0.7256864741105925,0.5078525271012702,0.21783394696698946,resnet32,0.7153,0.7124,0.7274394316429441,0.5101250481199134,0.21731438443318687,resnet32,0.7172,0.7134,0.7239202499728311,0.507924220059067,0.21599603004076265,resnet32,0.7159,0.717,0.7303817971524867,0.5124227508733218,0.21795904672365973,9000000.0,0.0,36000000.0,5760000000.0,69120000000.0
resnet32x12_cifar100_K12_unif2-step_seed0001_d020,d020,resnet32:12,cifar100,12,sampled,unif2-step,peers,0,0,1.0,p2p,1,200,64,0.1,0.9,0.0005,True,0,60,0.1,1.0,2,,disagreement,1.0,1,0.0,0.5,weight,complete,0.0,0.0,42,0,45000,5000,10000,5640048,step,160,0.0010000000000000002,2,1.0,105.91,0.7130666666666666,0.0025027762362802124,0.7088,0.718,0.756,0.04293333333333338,0.7098333333333334,0.754,0.23233333333333342,0.6515872790647271,0.23241060606060612,0.6549207034523846,0.7130666666666666,resnet32,0.7117,0.7046,0.7354750240390951,0.518431029367176,0.21704399377234618,resnet32,0.7153,0.7036,0.722605144478042,0.5076850828376006,0.2149200621907684,resnet32,0.7117,0.7132,0.7272062123837796,0.5112639565698125,0.21594225682995535,resnet32,0.7153,0.7108,0.7276284589686177,0.5121363879774105,0.2154920695942234,resnet32,0.711,0.7108,0.7378652602942153,0.5202501627447252,0.21761509835381398,resnet32,0.7126,0.7068,0.7179939439096912,0.5046340152197941,0.21335992904972623,resnet32,0.7088,0.7112,0.7529490866105665,0.5322877348569984,0.22066135173240167,resnet32,0.71,0.7084,0.7368549544110217,0.5208191652782261,0.21603578877296636,resnet32,0.7146,0.7138,0.7233554750511592,0.5083386398513209,0.21501683549616823,resnet32,0.7131,0.7104,0.7211000910028815,0.5066850140944801,0.21441507661207157,resnet32,0.7147,0.711,0.7206224504942921,0.5053622145629064,0.2152602358043871,resnet32,0.718,0.7134,0.7220231844535605,0.5075746506918222,0.214448534142734,9000000.0,0.0,36000000.0,5796000000.0,69552000000.0
resnet32x12_cifar100_K12_unif2-step_seed0001_d020,d020,resnet32:12,cifar100,12,sampled,unif2-step,peers,0,0,1.0,p2p,1,200,64,0.1,0.9,0.0005,True,0,60,0.1,1.0,2,,disagreement,1.0,1,0.0,0.5,weight,complete,0.0,0.0,42,0,45000,5000,10000,5640048,step,161,0.0010000000000000002,2,1.0,106.0,0.7124,0.003956639988677248,0.7049,0.7182,0.755,0.04259999999999997,0.7103333333333333,0.7524,0.23029090909090907,0.6553725525098439,0.23209848484848486,0.6561090368359335,0.7124,resnet32,0.7118,0.7104,0.7377679649401795,0.5188182876022025,0.21894967657598582,resnet32,0.7169,0.709,0.7256378577598794,0.5083553584885191,0.21728249992751938,resnet32,0.7102,0.7114,0.725988383277912,0.5087387780447237,0.21724960669367152,resnet32,0.7168,0.7118,0.7268769035369835,0.5108724921857092,0.2160044110126116,resnet32,0.7049,0.7158,0.7385123376734555,0.5191158464771103,0.2193964919583364,resnet32,0.7144,0.7074,0.7221931532787328,0.5054225656627254,0.21677058782767167,resnet32,0.7083,0.7124,0.7562628727067601,0.5335387347096746,0.22272413827224888,resnet32,0.7073,0.7098,0.738186752169647,0.519233517179435,0.21895323473621497,resnet32,0.7121,0.7132,0.7233603625050322,0.5056669761596079,0.21769338645125655,resnet32,0.7148,0.7056,0.7214004627259617,0.5048687345009636,0.21653172871182588,resnet32,0.7182,0.705,0.7215534718707204,0.5050316529179161,0.2165218194607984,resnet32,0.7131,0.7122,0.7280080829831687,0.5085742213678631,0.21943386157297276,9000000.0,0.0,36000000.0,5832000000.0,69984000000.0
resnet32x12_cifar100_K12_unif2-step_seed0001_d020,d020,resnet32:12,cifar100,12,sampled,unif2-step,peers,0,0,1.0,p2p,1,200,64,0.1,0.9,0.0005,True,0,60,0.1,1.0,2,,disagreement,1.0,1,0.0,0.5,weight,complete,0.0,0.0,42,0,45000,5000,10000,5640048,step,162,0.0010000000000000002,2,1.0,104.84,0.7109916666666667,0.0038704991782570965,0.7044,0.7163,0.7532,0.04220833333333329,0.70785,0.7514,0.2315878787878788,0.6569720347666604,0.23337121212121212,0.654908230222258,0.7109916666666667,resnet32,0.7118,0.6974,0.7371922606094317,0.5169059626165439,0.22028629803522068,resnet32,0.7149,0.7032,0.7272126220844009,0.5074848011136055,0.21972782094962895,resnet32,0.7081,0.7124,0.7294309882616455,0.5087805598635565,0.2206504295622422,resnet32,0.7154,0.7076,0.7317302757027474,0.5113685759715736,0.22036169837652284,resnet32,0.7064,0.7114,0.7395679200999439,0.5197118192657151,0.21985610043206674,resnet32,0.7117,0.7094,0.7203209437006577,0.5017188541506502,0.21860209097874098,resnet32,0.7044,0.7074,0.7547784914601255,0.529666319235482,0.22511217116632246,resnet32,0.7053,0.7018,0.7387585750865665,0.5179615707390688,0.2207970031410117,resnet32,0.714,0.7166,0.7217460214160383,0.503859748788686,0.21788627192886037,resnet32,0.712,0.7058,0.7251304244961251,0.5068623703819785,0.21826805400831456,resnet32,0.7163,0.7116,0.72485013932667,0.5065520064566623,0.218298133039339,resnet32,0.7116,0.7096,0.7260781438936564,0.5071133962747726,0.21896474819037726,9000000.0,0.0,36000000.0,5868000000.0,70416000000.0
resnet32x12_cifar100_K12_unif2-step_seed0001_d020,d020,resnet32:12,cifar100,12,sampled,unif2-step,peers,0,0,1.0,p2p,1,200,64,0.1,0.9,0.0005,True,0,60,0.1,1.0,2,,disagreement,1.0,1,0.0,0.5,weight,complete,0.0,0.0,42,0,45000,5000,10000,5640048,step,163,0.0010000000000000002,2,1.0,105.72,0.7137416666666666,0.0032410025026559674,0.7092,0.7194,0.7556,0.04185833333333344,0.7116833333333333,0.7562,0.23113939393939395,0.6520934161461104,0.22901969696969698,0.6578540920696676,0.7137416666666666,resnet32,0.7096,0.7028,0.7336495610969987,0.5134477817284112,0.2202017798130824,resnet32,0.7158,0.704,0.7274677553214133,0.5075395309196954,0.21992822488854555,resnet32,0.7127,0.7178,0.7308953421783041,0.5099222797011449,0.2209730640011416,resnet32,0.7155,0.714,0.7292486754330721,0.5098660870412872,0.21938258915377612,resnet32,0.7118,0.7142,0.7365323573096909,0.5163295395587656,0.2202028184494173,resnet32,0.7183,0.7152,0.7212899869561873,0.5023959852247075,0.2188940031707964,resnet32,0.7092,0.7136,0.7547220035286789,0.5301385759375989,0.22458342704075304,resnet32,0.7094,0.7086,0.7356159449131652,0.5162989405745809,0.21931700321676378,resnet32,0.7143,0.7194,0.7228305636989799,0.503912910289893,0.2189176535572518,resnet32,0.7157,0.7078,0.7229034544222734,0.5033159020187502,0.21958755331367932,resnet32,0.7194,0.7112,0.7210426795381036,0.5025544182228093,0.2184882618867877,resnet32,0.7132,0.7116,0.7241951452822171,0.5044106133705513,0.21978453267365694,9000000.0,0.0,36000000.0,5904000000.0,70848000000.0
resnet32x12_cifar100_K12_unif2-step_seed0001_d020,d020,resnet32:12,cifar100,12,sampled,unif2-step,peers,0,0,1.0,p2p,1,200,64,0.1,0.9,0.0005,True,0,60,0.1,1.0,2,,disagreement,1.0,1,0.0,0.5,weight,complete,0.0,0.0,42,0,45000,5000,10000,5640048,step,164,0.0010000000000000002,2,1.0,105.92,0.7127083333333335,0.0035001091252829385,0.7079,0.7191,0.7533,0.04059166666666647,0.7119166666666666,0.7544,0.23005454545454543,0.652073856831164,0.23059393939393938,0.656072132294143,0.7127083333333335,resnet32,0.7134,0.7108,0.7331377370283008,0.512198583942584,0.22093915306455034,resnet32,0.7135,0.7044,0.7195956100794402,0.5012216482904147,0.21837396305901083,resnet32,0.7123,0.7166,0.723648445003412,0.5026952779682522,0.22095316779715093,resnet32,0.7177,0.7104,0.7257006978616118,0.5041779609905048,0.22152273541062392,resnet32,0.709,0.7152,0.7319244422780519,0.5111591922203925,0.22076525052332066,resnet32,0.7128,0.7118,0.7194480642422356,0.499392536172474,0.2200555285777558,resnet32,0.7079,0.7148,0.748162286229093,0.5246672190048478,0.22349506760524077,resnet32,0.7086,0.7096,0.7349517607892101,0.5136430420785804,0.2213087189434604,resnet32,0.7157,0.7184,0.7148634533567185,0.4963729731865566,0.21849047972566701,resnet32,0.7087,0.7032,0.7195987303910608,0.5003264889290387,0.21927224209701474,resnet32,0.7191,0.7122,0.715604494495148,0.49720169095830485,0.21840280266901987,resnet32,0.7138,0.7156,0.7201809564351358,0.5009982520714402,0.21918270472352477,9000000.0,0.0,36000000.0,5940000000.0,71280000000.0
resnet32x12_cifar100_K12_unif2-step_seed0001_d020,d020,resnet32:12,cifar100,12,sampled,unif2-step,peers,0,0,1.0,p2p,1,200,64,0.1,0.9,0.0005,True,0,60,0.1,1.0,2,,disagreement,1.0,1,0.0,0.5,weight,complete,0.0,0.0,42,0,45000,5000,10000,5640048,step,165,0.0010000000000000002,2,1.0,104.28,0.7128833333333334,0.0035338443026760036,0.7059,0.7183,0.7554,0.042516666666666536,0.7106833333333334,0.752,0.22864848484848482,0.6589172384278486,0.22849393939393942,0.6614406751104615,0.7128833333333334,resnet32,0.7118,0.7066,0.7377209083854475,0.5143943691456859,0.22332654023458334,resnet32,0.7149,0.7112,0.727057673079385,0.5050715439614247,0.22198612967887046,resnet32,0.7125,0.717,0.7264420927332883,0.5048797373998571,0.2215623549312692,resnet32,0.7146,0.7102,0.7239862853999842,0.5026296309872784,0.22135665466670285,resnet32,0.7084,0.711,0.7338314469988373,0.511881551916965,0.22194989523003725,resnet32,0.7183,0.706,0.7237467973662371,0.5018623368814588,0.2218844600614499,resnet32,0.7059,0.7084,0.7493530158376829,0.5247048915956508,0.2246481244113635,resnet32,0.7106,0.7122,0.7349286421032791,0.5137283615344628,0.22120028217746454,resnet32,0.7107,0.7156,0.7214428878981959,0.4997845380567014,0.22165834943933244,resnet32,0.713,0.7072,0.7238294215110893,0.5012811283496293,0.22254829278046434,resnet32,0.7166,0.7082,0.7216527927243575,0.5011208268221129,0.22053196600807662,resnet32,0.7173,0.7146,0.721771289975467,0.5008358275094493,0.2209354623178528,9000000.0,0.0,36000000.0,5976000000.0,71712000000.0
resnet32x12_cifar100_K12_unif2-step_seed0001_d020,d020,resnet32:12,cifar100,12,sampled,unif2-step,peers,0,0,1.0,p2p,1,200,64,0.1,0.9,0.0005,True,0,60,0.1,1.0,2,,disagreement,1.0,1,0.0,0.5,weight,complete,0.0,0.0,42,0,45000,5000,10000,5640048,step,166,0.0010000000000000002,2,1.0,105.61,0.7120416666666668,0.0041379258760344635,0.703,0.7164,0.7546,0.042558333333333254,0.7102666666666666,0.7526,0.2293939393939394,0.6622874750459492,0.2313757575757577,0.6599287331862671,0.7120416666666668,resnet32,0.7109,0.7088,0.7298635166053745,0.5067550336772745,0.22310848254710436,resnet32,0.7161,0.7068,0.7200142285701904,0.4978977126831358,0.22211651569655674,resnet32,0.7134,0.7118,0.721214406107637,0.4994807305999778,0.22173367603681982,resnet32,0.714,0.7098,0.72294796241278,0.5012284275990996,0.22171953458084978,resnet32,0.703,0.7116,0.7345937188206748,0.5108836062294855,0.22371011309918354,resnet32,0.7119,0.7138,0.7142720451070503,0.49362051381136884,0.22065153044902466,resnet32,0.7044,0.7058,0.7491279064508324,0.5219986141574654,0.22712929208170285,resnet32,0.7111,0.7058,0.7314799013970927,0.5094182327474382,0.22206166888248513,resnet32,0.7129,0.7112,0.7170931963588704,0.4957889122465117,0.2213042835831981,resnet32,0.7164,0.711,0.7168924002484842,0.49587194134735246,0.22102045947262508,resnet32,0.716,0.7124,0.7170776816254313,0.4956811161457815,0.22139656488698992,resnet32,0.7144,0.7144,0.7156979746015911,0.49589867682450195,0.2197992974807593,9000000.0,0.0,36000000.0,6012000000.0,72144000000.0
resnet32x12_cifar100_K12_unif2-step_seed0001_d020,d020,resnet32:12,cifar100,12,sampled,unif2-step,peers,0,0,1.0,p2p,1,200,64,0.1,0.9,0.0005,True,0,60,0.1,1.0,2,,disagreement,1.0,1,0.0,0.5,weight,complete,0.0,0.0,42,0,45000,5000,10000,5640048,step,167,0.0010000000000000002,2,1.0,106.26,0.7140666666666666,0.0031276544281973006,0.7067,0.7182,0.7579,0.04383333333333339,0.7106333333333335,0.7512,0.23340909090909087,0.6469298460648173,0.2308060606060606,0.6559905077129781,0.7140666666666666,resnet32,0.7148,0.7064,0.7289582766931165,0.5064231646670536,0.22253511132757095,resnet32,0.713,0.7034,0.719550079158084,0.49873527232557535,0.220814807404002,resnet32,0.7176,0.709,0.7203095933337781,0.4998459534465589,0.2204636398448863,resnet32,0.7182,0.7122,0.720702538563108,0.49941137098622596,0.2212911677038805,resnet32,0.7067,0.7136,0.7321058625186031,0.5089405699717727,0.22316529318182307,resnet32,0.7148,0.7122,0.7148235223933377,0.4948486481708559,0.2199748751114715,resnet32,0.7097,0.7086,0.7453014633448963,0.5204239159991796,0.22487754535607316,resnet32,0.7125,0.7122,0.7276188714683733,0.5081089030189271,0.21950996842827986,resnet32,0.7153,0.7206,0.714485911610113,0.49233631063676014,0.22214960038069298,resnet32,0.716,0.7118,0.7123959014107558,0.49234584833241324,0.22005005293017763,resnet32,0.7162,0.7062,0.7119745198129253,0.4926721601619978,0.219302360127172,resnet32,0.714,0.7114,0.7163296341472729,0.49585794416171586,0.22047168943523007,9000000.0,0.0,36000000.0,6048000000.0,72576000000.0
resnet32x12_cifar100_K12_unif2-step_seed0001_d020,d020,resnet32:12,cifar100,12,sampled,unif2-step,peers,0,0,1.0,p2p,1,200,64,0.1,0.9,0.0005,True,0,60,0.1,1.0,2,,disagreement,1.0,1,0.0,0.5,weight,complete,0.0,0.0,42,0,45000,5000,10000,5640048,step,168,0.0010000000000000002,2,1.0,106.13,0.7106333333333333,0.003674310214932284,0.704,0.7163,0.7546,0.04396666666666671,0.7086333333333333,0.7534,0.23723030303030293,0.6493535127459832,0.23517878787878788,0.6538908632375483,0.7106333333333333,resnet32,0.7117,0.71,0.7307658375410194,0.5068784048357471,0.22388743293810298,resnet32,0.7134,0.7016,0.7252845645628192,0.5020822999067605,0.22320226531221785,resnet32,0.7121,0.7136,0.7232920356010172,0.5003576839596711,0.22293435207525777,resnet32,0.7103,0.7098,0.7244489585811441,0.49981443727896974,0.22463452200066636,resnet32,0.704,0.7076,0.7351153315552934,0.5105329509824514,0.22458238021301274,resnet32,0.7163,0.7114,0.7173422304913402,0.4940162042833187,0.22332602650435132,resnet32,0.7071,0.708,0.7504881441339173,0.5230025906031105,0.2274855539753017,resnet32,0.704,0.7026,0.7364106214266609,0.5116978291083466,0.22471279185265303,resnet32,0.7098,0.711,0.7230513803237542,0.4987516025165943,0.22429977829398756,resnet32,0.7139,0.709,0.7208822448314591,0.4966977690346539,0.22418447588147086,resnet32,0.7126,0.7078,0.7177772201936353,0.4958915330300277,0.22188568701544267,resnet32,0.7124,0.7112,0.7244577622464434,0.5002009412697093,0.22425682104023342,9000000.0,0.0,36000000.0,6084000000.0,73008000000.0
resnet32x12_cifar100_K12_unif2-step_seed0001_d020,d020,resnet32:12,cifar100,12,sampled,unif2-step,peers,0,0,1.0,p2p,1,200,64,0.1,0.9,0.0005,True,0,60,0.1,1.0,2,,disagreement,1.0,1,0.0,0.5,weight,complete,0.0,0.0,42,0,45000,5000,10000,5640048,step,169,0.0010000000000000002,2,1.0,104.99,0.712025,0.003390949965226069,0.7041,0.7159,0.757,0.04497499999999999,0.7089666666666666,0.7546,0.23761212121212127,0.6477522383932139,0.2361621212121212,0.6525464760836264,0.712025,resnet32,0.7113,0.7056,0.7266876129856841,0.502704767616127,0.2239828446287323,resnet32,0.7139,0.703,0.7164654689417644,0.49305779025466606,0.223407679872418,resnet32,0.7137,0.7166,0.7163376338695261,0.4952224595048888,0.22111517315815118,resnet32,0.7142,0.7118,0.717613192148168,0.49555686327882786,0.2220563277475197,resnet32,0.7064,0.709,0.7281425856053829,0.5027478982228786,0.2253946871496737,resnet32,0.7134,0.7086,0.7112412991594862,0.4893027535978366,0.22193854551931674,resnet32,0.7041,0.7128,0.742259965616871,0.5158759940161624,0.22638397092338314,resnet32,0.7099,0.7092,0.728266875047914,0.5054789972068234,0.222787877460095,resnet32,0.7139,0.7084,0.7118592528964985,0.48898625157942827,0.22287300080907615,resnet32,0.7144,0.7076,0.7125172219239175,0.4898387544830753,0.22267846686934883,resnet32,0.7159,0.708,0.7115395842966709,0.4887205386026339,0.22281904467804867,resnet32,0.7132,0.707,0.7162221309474923,0.49427424096079037,0.22194788965862244,9000000.0,0.0,36000000.0,6120000000.0,73440000000.0
resnet32x12_cifar100_K12_unif2-step_seed0001_d020,d020,resnet32:12,cifar100,12,sampled,unif2-step,peers,0,0,1.0,p2p,1,200,64,0.1,0.9,0.0005,True,0,60,0.1,1.0,2,,disagreement,1.0,1,0.0,0.5,weight,complete,0.0,0.0,42,0,45000,5000,10000,5640048,step,170,0.0010000000000000002,2,1.0,114.72,0.7095166666666666,0.003901459840737676,0.7008,0.716,0.7563,0.0467833333333334,0.7072999999999999,0.7512,0.2354,0.653205996439371,0.235259090909091,0.6545684058025161,0.7095166666666666,resnet32,0.7077,0.7032,0.7323562333106317,0.5064987512728707,0.2258574832865799,resnet32,0.7108,0.6994,0.7211827953261408,0.49687503589401866,0.22430775955912063,resnet32,0.7068,0.7164,0.7235539092851634,0.4987046071328223,0.22484930215234106,resnet32,0.7107,0.7114,0.7225760021670298,0.4974194513633847,0.22515654989348893,resnet32,0.7043,0.7084,0.7301436923867599,0.5045874859418042,0.22555620714344762,resnet32,0.716,0.7072,0.7174424958753992,0.4940145917829465,0.22342790438878266,resnet32,0.7008,0.7044,0.7481887857006355,0.5188335207375613,0.22935526511123913,resnet32,0.711,0.7082,0.7346403262662616,0.5087063814174723,0.2259339450392872,resnet32,0.7101,0.7136,0.7182664997791025,0.4944195203398439,0.2238469779364426,resnet32,0.7124,0.7054,0.7149024078283798,0.4910028413446112,0.22389956639910286,resnet32,0.7129,0.704,0.7161884689280256,0.4916078554127704,0.2245806135787544,resnet32,0.7107,0.706,0.7192514115859839,0.4940910785543648,0.22516033307395197,9000000.0,0.0,36000000.0,6156000000.0,73872000000.0
resnet32x12_cifar100_K12_unif2-step_seed0001_d020,d020,resnet32:12,cifar100,12,sampled,unif2-step,peers,0,0,1.0,p2p,1,200,64,0.1,0.9,0.0005,True,0,60,0.1,1.0,2,,disagreement,1.0,1,0.0,0.5,weight,complete,0.0,0.0,42,0,45000,5000,10000,5640048,step,171,0.0010000000000000002,2,1.0,106.07,0.7123916666666666,0.003610507428172523,0.7054,0.7174,0.7572,0.04480833333333334,0.7107333333333333,0.7568,0.23465757575757576,0.6476973727456689,0.23577424242424241,0.6506205048874977,0.7123916666666666,resnet32,0.7091,0.7068,0.7267566930333321,0.5010309465737506,0.22572574823756109,resnet32,0.7109,0.705,0.7157801087014377,0.49116314308379183,0.22461696608330717,resnet32,0.7111,0.7128,0.7217779544774782,0.4953682202507149,0.22640973527450114,resnet32,0.7167,0.7136,0.7184637806970965,0.49342531748962676,0.2250384644139558,resnet32,0.7088,0.714,0.7286982822485946,0.5028793315445497,0.22581895028071647,resnet32,0.7174,0.7122,0.711937207559293,0.4880940473045815,0.22384316017004577,resnet32,0.7104,0.711,0.7425001718273218,0.5135394562543794,0.2289607159751044,resnet32,0.7054,0.7084,0.7291065357964147,0.5056248319504614,0.2234817043327811,resnet32,0.7131,0.7134,0.713771645614708,0.48893188079819083,0.22483976449902085,resnet32,0.7174,0.7058,0.7111556363207373,0.4875655959529633,0.22359003972219813,resnet32,0.7145,0.711,0.7113719881427559,0.4868399718861011,0.22453201526183297,resnet32,0.7139,0.7148,0.7133610762486403,0.489760125098242,0.22360095216638662,9000000.0,0.0,36000000.0,6192000000.0,74304000000.0
resnet32x12_cifar100_K12_unif2-step_seed0001_d020,d020,resnet32:12,cifar100,12,sampled,unif2-step,peers,0,0,1.0,p2p,1,200,64,0.1,0.9,0.0005,True,0,60,0.1,1.0,2,,disagreement,1.0,1,0.0,0.5,weight,complete,0.0,0.0,42,0,45000,5000,10000,5640048,step,172,0.0010000000000000002,2,1.0,106.09,0.7112999999999999,0.0026451212952654317,0.7057,0.7145,0.7559,0.044600000000000084,0.7105333333333334,0.7564,0.23631212121212125,0.6473109637703097,0.2373469696969696,0.649956695867745,0.7112999999999999,resnet32,0.7095,0.7068,0.7277509644627571,0.5001829152037813,0.22756805116395382,resnet32,0.7104,0.7068,0.7145396919328381,0.4889176641379229,0.2256220281124115,resnet32,0.7126,0.707,0.7161116547543894,0.49176060122607107,0.2243510534013198,resnet32,0.7143,0.7166,0.7153617029332302,0.49072090328925033,0.2246407991465689,resnet32,0.7057,0.7166,0.7300002495334907,0.502774993846701,0.22722525589845396,resnet32,0.7123,0.7116,0.7131614476357672,0.489500427428125,0.2236610212871297,resnet32,0.7083,0.7114,0.7399884362027727,0.511330171064897,0.22865826488387855,resnet32,0.7086,0.7066,0.7257264851677147,0.5010582161220637,0.22466826827307654,resnet32,0.7131,0.716,0.7165839337235824,0.49062440188770945,0.22595953141254457,resnet32,0.7128,0.7046,0.7119505942629819,0.4867662136781622,0.22518438045782121,resnet32,0.7135,0.707,0.712780696678568,0.4883181782947345,0.2244625193363225,resnet32,0.7145,0.7154,0.7188780656592413,0.4935009741774676,0.22537709098436276,9000000.0,0.0,36000000.0,6228000000.0,74736000000.0
resnet32x12_cifar100_K12_unif2-step_seed0001_d020,d020,resnet32:12,cifar100,12,sampled,unif2-step,peers,0,0,1.0,p2p,1,200,64,0.1,0.9,0.0005,True,0,60,0.1,1.0,2,,disagreement,1.0,1,0.0,0.5,weight,complete,0.0,0.0,42,0,45000,5000,10000,5640048,step,173,0.0010000000000000002,2,1.0,105.44,0.7109833333333334,0.003173807737648181,0.7024,0.7142,0.7561,0.04511666666666658,0.7099333333333333,0.7526,0.23570000000000002,0.6498178641360305,0.23695757575757578,0.6482481608398101,0.7109833333333334,resnet32,0.713,0.7092,0.7217871954410591,0.4966124599714848,0.22517473460175097,resnet32,0.7095,0.7024,0.713254333219745,0.48860388600521465,0.2246504492253404,resnet32,0.7115,0.7138,0.7149701963856139,0.4891841011121869,0.22578609667041086,resnet32,0.7131,0.715,0.714575420260768,0.48962951824069023,0.22494590235874057,resnet32,0.7024,0.7062,0.7258537972176616,0.49766012001782656,0.22819367557002063,resnet32,0.7128,0.7106,0.7098476935855367,0.4842583233786916,0.22558936959301884,resnet32,0.7077,0.7124,0.7417255792004819,0.5113162070258774,0.23040937266143208,resnet32,0.7097,0.7062,0.7260949706066061,0.49939658624035393,0.22669838383709165,resnet32,0.7131,0.7112,0.7085188778794624,0.4825351334346289,0.22598374431783502,resnet32,0.7133,0.7096,0.7094313231381503,0.4844706962520087,0.22496062694964084,resnet32,0.7142,0.71,0.7122615184211596,0.4855213358955966,0.22674018210223454,resnet32,0.7115,0.7126,0.7129844774661417,0.48807164131325076,0.22491283509456975,9000000.0,0.0,36000000.0,6264000000.0,75168000000.0
resnet32x12_cifar100_K12_unif2-step_seed0001_d020,d020,resnet32:12,cifar100,12,sampled,unif2-step,peers,0,0,1.0,p2p,1,200,64,0.1,0.9,0.0005,True,0,60,0.1,1.0,2,,disagreement,1.0,1,0.0,0.5,weight,complete,0.0,0.0,42,0,45000,5000,10000,5640048,step,174,0.0010000000000000002,2,1.0,105.58,0.7126416666666667,0.0036529573255408027,0.7063,0.7177,0.7566,0.04395833333333332,0.7130333333333333,0.759,0.23254242424242422,0.6489508884220846,0.23694393939393946,0.6480809078368808,0.7126416666666667,resnet32,0.7112,0.7118,0.7205023906955664,0.49285852786322887,0.22764386177401652,resnet32,0.7154,0.7124,0.7128886503844776,0.48737962412732566,0.22550902691331098,resnet32,0.7105,0.7156,0.7095046692358499,0.4851959125477482,0.22430875673043457,resnet32,0.7136,0.71,0.7109714921733196,0.4846138941462744,0.22635759798471222,resnet32,0.7063,0.7154,0.725224207028408,0.49611203715374524,0.2291121700439941,resnet32,0.7127,0.7124,0.7052393077703362,0.4809533880430866,0.22428592027757654,resnet32,0.7068,0.713,0.7338899698701095,0.5034724108197473,0.23041756006635047,resnet32,0.7096,0.7064,0.7184539661658081,0.4937672176483003,0.22468674902550198,resnet32,0.7169,0.7178,0.7073272348974239,0.48194916880774225,0.22537806695750492,resnet32,0.7177,0.7108,0.7075296632776206,0.4819720880213109,0.22555757519281047,resnet32,0.7163,0.7106,0.7036942272362384,0.47968260749158537,0.22401161991398444,resnet32,0.7147,0.7202,0.7098659669811075,0.48464347930117085,0.22522248816676438,9000000.0,0.0,36000000.0,6300000000.0,75600000000.0
resnet32x12_cifar100_K12_unif2-step_seed0001_d020,d020,resnet32:12,cifar100,12,sampled,unif2-step,peers,0,0,1.0,p2p,1,200,64,0.1,0.9,0.0005,True,0,60,0.1,1.0,2,,disagreement,1.0,1,0.0,0.5,weight,complete,0.0,0.0,42,0,45000,5000,10000,5640048,step,175,0.0010000000000000002,2,1.0,105.71,0.7111416666666667,0.003889614019696845,0.7041,0.7171,0.7571,0.04595833333333332,0.7083166666666667,0.7508,0.23801212121212129,0.6454835937743298,0.23902121212121213,0.6446652866676238,0.7111416666666667,resnet32,0.7111,0.7056,0.72400847945193,0.49633345344442537,0.22767502657899802,resnet32,0.7104,0.7034,0.7108984331346371,0.48422770718620584,0.22667072747241368,resnet32,0.7139,0.7114,0.7116317035291683,0.4842024465641854,0.22742925825613466,resnet32,0.7149,0.7094,0.7179486958564005,0.48946439246223733,0.22848430561663752,resnet32,0.7048,0.7084,0.7239644490605728,0.49519633196971635,0.22876811635003172,resnet32,0.7132,0.7108,0.704688600984148,0.4796279478733512,0.2250606533436274,resnet32,0.7041,0.7054,0.7398783783005043,0.508208937202157,0.23166944124651226,resnet32,0.7107,0.707,0.7236862315542318,0.49722487638196483,0.22646135510876775,resnet32,0.7102,0.7064,0.7108110619116236,0.48383483112874354,0.22697623158720406,resnet32,0.7154,0.7066,0.7106053796173497,0.48306556791067123,0.22753981102935292,resnet32,0.7171,0.7082,0.7076846705326303,0.4815398637332361,0.22614480773071674,resnet32,0.7079,0.7172,0.7126614283346995,0.48570543159307406,0.22695599697445604,9000000.0,0.0,36000000.0,6336000000.0,76032000000.0
resnet32x12_cifar100_K12_unif2-step_seed0001_d020,d020,resnet32:12,cifar100,12,sampled,unif2-step,peers,0,0,1.0,p2p,1,200,64,0.1,0.9,0.0005,True,0,60,0.1,1.0,2,,disagreement,1.0,1,0.0,0.5,weight,complete,0.0,0.0,42,0,45000,5000,10000,5640048,step,176,0.0010000000000000002,2,1.0,105.73,0.710925,0.0032914345909749888,0.7059,0.7155,0.7595,0.048574999999999924,0.7086833333333334,0.7538,0.23746666666666671,0.6469396272634,0.23886363636363633,0.6492967896377553,0.710925,resnet32,0.7121,0.7028,0.7191512894986029,0.492068883349103,0.2270824072078209,resnet32,0.7129,0.7052,0.7092343801209195,0.48414586285467853,0.2250885164195841,resnet32,0.709,0.7102,0.7100550887513567,0.48314365854656155,0.2269114309032871,resnet32,0.7143,0.7106,0.7155043067495254,0.48681235694411124,0.22869194897992368,resnet32,0.7072,0.7112,0.7245231546800245,0.4952168775172057,0.22930627676065674,resnet32,0.7142,0.711,0.7030397574840621,0.47756993319754576,0.2254698249426755,resnet32,0.7059,0.711,0.7374592086046257,0.5061186774295162,0.23134053077294744,resnet32,0.7059,0.7062,0.7214465882121162,0.49507659902288154,0.2263699892527339,resnet32,0.7088,0.7116,0.7121289111673832,0.48348117336122826,0.22864773873747749,resnet32,0.7114,0.7052,0.7066041878001257,0.480786359233951,0.22581782716919074,resnet32,0.7155,0.7102,0.7075669652867046,0.4812847603620453,0.22628220509399066,resnet32,0.7139,0.709,0.7058471617373553,0.4795277822678062,0.22631937949071554,9000000.0,0.0,36000000.0,6372000000.0,76464000000.0
resnet32x12_cifar100_K12_unif2-step_seed0001_d020,d020,resnet32:12,cifar100,12,sampled,unif2-step,peers,0,0,1.0,p2p,1,200,64,0.1,0.9,0.0005,True,0,60,0.1,1.0,2,,disagreement,1.0,1,0.0,0.5,weight,complete,0.0,0.0,42,0,45000,5000,10000,5640048,step,177,0.0010000000000000002,2,1.0,105.41,0.7107916666666667,0.003174496898022677,0.7053,0.7154,0.759,0.0482083333333333,0.7101000000000001,0.7564,0.23808787878787865,0.6417459613901194,0.23858636363636365,0.647871155278319,0.7107916666666667,resnet32,0.7124,0.712,0.7218877386555753,0.49324033517305826,0.22864740291102367,resnet32,0.7139,0.707,0.7127721092494373,0.4845601045526564,0.22821200524710797,resnet32,0.7081,0.7116,0.7133063160052354,0.484749587549066,0.22855673006481744,resnet32,0.7122,0.7084,0.7149444605985825,0.48653314357877453,0.22841131655414673,resnet32,0.7067,0.7092,0.7197107401761141,0.49220223022116855,0.2275085099337792,resnet32,0.7138,0.7138,0.7053301939740777,0.4793459738350727,0.22598422030833634,resnet32,0.7053,0.7092,0.7370603914287958,0.5042463788466359,0.23281401234932922,resnet32,0.7086,0.7114,0.7248604569838129,0.4973000223240392,0.2275604341517795,resnet32,0.7102,0.7134,0.7071057821793313,0.47956303955817764,0.2275427432138134,resnet32,0.7143,0.7044,0.7103446266529235,0.48216043869880115,0.22818418793295595,resnet32,0.7154,0.711,0.7085048146545887,0.48107585069638764,0.22742896567268128,resnet32,0.7086,0.7098,0.7115136751566421,0.48442740928889677,0.22708626692606645,9000000.0,0.0,36000000.0,6408000000.0,76896000000.0
resnet32x12_cifar100_K12_unif2-step_seed0001_d020,d020,resnet32:12,cifar100,12,sampled,unif2-step,peers,0,0,1.0,p2p,1,200,64,0.1,0.9,0.0005,True,0,60,0.1,1.0,2,,disagreement,1.0,1,0.0,0.5,weight,complete,0.0,0.0,42,0,45000,5000,10000,5640048,step,178,0.0010000000000000002,2,1.0,105.9,0.7111749999999999,0.004375333320635878,0.7034,0.7172,0.7575,0.04632500000000006,0.70925,0.7552,0.23513333333333328,0.6516845595150795,0.23718939393939392,0.6486020342168646,0.7111749999999999,resnet32,0.7084,0.7096,0.7175265952775424,0.488785818176852,0.22874077684669333,resnet32,0.7131,0.7062,0.7085627397437665,0.4809577703391286,0.227604968811978,resnet32,0.7078,0.7134,0.7122504161247476,0.4841434038244188,0.22810701240616088,resnet32,0.7141,0.7126,0.7096260156567124,0.481224185871807,0.22840182859958572,resnet32,0.7034,0.7068,0.7189146464013241,0.4899742437780581,0.22894040205177257,resnet32,0.7158,0.7162,0.7043239978480745,0.47699930679730396,0.22732469073327427,resnet32,0.7047,0.7066,0.7364691927690398,0.5028771856291727,0.2335920077960261,resnet32,0.7077,0.702,0.7183646388267252,0.49059482998299325,0.2277698080817407,resnet32,0.713,0.7128,0.7052423906597224,0.4778538084673611,0.22738858159970154,resnet32,0.7172,0.7038,0.7079387700015848,0.47997507300566544,0.22796369760974564,resnet32,0.7136,0.7094,0.7046238254247741,0.4770856928926977,0.22753813217224722,resnet32,0.7153,0.7116,0.7089081960306927,0.4802997414530678,0.2286084535404701,9000000.0,0.0,36000000.0,6444000000.0,77328000000.0
resnet32x12_cifar100_K12_unif2-step_seed0001_d020,d020,resnet32:12,cifar100,12,sampled,unif2-step,peers,0,0,1.0,p2p,1,200,64,0.1,0.9,0.0005,True,0,60,0.1,1.0,2,,disagreement,1.0,1,0.0,0.5,weight,complete,0.0,0.0,42,0,45000,5000,10000,5640048,step,179,0.0010000000000000002,2,1.0,105.37,0.7110500000000001,0.0037941841459440445,0.7032,0.7191,0.7584,0.04734999999999989,0.7102499999999999,0.7542,0.23645454545454547,0.6457191305067447,0.23855303030303038,0.6470378915918886,0.7110500000000001,resnet32,0.7138,0.7116,0.7194562987847761,0.4903994763735682,0.22905682190321386,resnet32,0.7098,0.7072,0.7094704705205831,0.4803643713874573,0.22910609805363824,resnet32,0.7121,0.7108,0.7098195624368434,0.48128713722425426,0.22853242472576146,resnet32,0.7142,0.7102,0.7079668248664926,0.48013276323168114,0.22783406186764213,resnet32,0.7073,0.718,0.7193611999973655,0.4885259702039713,0.23083522998389194,resnet32,0.7112,0.7072,0.7023782567967746,0.47532506968656724,0.22705318742770364,resnet32,0.7032,0.707,0.7366819941777397,0.5031999888914552,0.23348200687376613,resnet32,0.7083,0.7078,0.7236095919189128,0.4927591910924424,0.23085040221287106,resnet32,0.7106,0.7122,0.7065048522146588,0.4772731557234444,0.22923169621605088,resnet32,0.7129,0.7034,0.7074902131730183,0.4784281480295414,0.22906206575730306,resnet32,0.7191,0.7158,0.7074337591501799,0.47914003005081957,0.22829372990368443,resnet32,0.7101,0.7118,0.7069237188605423,0.4780269973826679,0.2288967211815444,9000000.0,0.0,36000000.0,6480000000.0,77760000000.0
resnet32x12_cifar100_K12_unif2-step_seed0001_d020,d020,resnet32:12,cifar100,12,sampled,unif2-step,peers,0,0,1.0,p2p,1,200,64,0.1,0.9,0.0005,True,0,60,0.1,1.0,2,,disagreement,1.0,1,0.0,0.5,weight,complete,0.0,0.0,42,0,45000,5000,10000,5640048,step,180,0.00010000000000000003,2,1.0,105.74,0.7163583333333333,0.003518630967988667,0.7114,0.7236,0.7599,0.0435416666666667,0.7153166666666667,0.7602,0.22697878787878786,0.6548503578538234,0.22846818181818188,0.6577358205064927,0.7163583333333333,resnet32,0.7154,0.7152,0.6684755205854096,0.4575882066379894,0.21088731375692243,resnet32,0.717,0.7118,0.659977021119134,0.4502895731817592,0.20968744791620833,resnet32,0.7171,0.7146,0.660816740540957,0.45302409011955286,0.20779264932075006,resnet32,0.7236,0.7146,0.6580746143802323,0.45007300573739817,0.20800160911907864,resnet32,0.712,0.7172,0.6737949493425813,0.4637092394034632,0.2100857092406262,resnet32,0.7171,0.7184,0.6561677782711658,0.4488877832085233,0.20727999473456293,resnet32,0.7124,0.7132,0.6816441654651002,0.4709770954637365,0.21066707040352578,resnet32,0.7114,0.7112,0.6726067298176613,0.4635049078867517,0.20910182132766666,resnet32,0.7145,0.717,0.6579631314274262,0.44942567918703635,0.2085374520922249,resnet32,0.7182,0.711,0.6578907032751224,0.44835480249656195,0.20953589912757956,resnet32,0.7216,0.7206,0.6520004629750143,0.44529224367050285,0.20670821956909177,resnet32,0.716,0.719,0.6587184015661478,0.45071978083896364,0.20799862055785276,9000000.0,0.0,36000000.0,6516000000.0,78192000000.0
resnet32x12_cifar100_K12_unif2-step_seed0001_d020,d020,resnet32:12,cifar100,12,sampled,unif2-step,peers,0,0,1.0,p2p,1,200,64,0.1,0.9,0.0005,True,0,60,0.1,1.0,2,,disagreement,1.0,1,0.0,0.5,weight,complete,0.0,0.0,42,0,45000,5000,10000,5640048,step,181,0.00010000000000000003,2,1.0,106.16,0.7165666666666667,0.003382389030782151,0.7116,0.7221,0.7573,0.04073333333333329,0.7159,0.76,0.22428181818181825,0.6590831119113826,0.22496060606060608,0.6626751217869851,0.7165666666666667,resnet32,0.7129,0.717,0.652845368212597,0.4498756542505527,0.2029697148933668,resnet32,0.7182,0.7164,0.6429427340626717,0.44053370713002304,0.20240902659398588,resnet32,0.716,0.7216,0.6413397076116367,0.44026152590628376,0.20107818225567992,resnet32,0.7221,0.7144,0.6415786611508917,0.43983387339606206,0.20174478798766027,resnet32,0.7122,0.716,0.6549915913915769,0.45132931120778347,0.20366228052245622,resnet32,0.7186,0.7162,0.6360685329206965,0.43619805142622103,0.1998704816743901,resnet32,0.7133,0.7162,0.6670754995959048,0.4610648996789347,0.20601059948305853,resnet32,0.7116,0.7102,0.6510190029882572,0.44960881411944603,0.2014101883184842,resnet32,0.7153,0.7144,0.6394354443658482,0.4378798333927989,0.20155561160804195,resnet32,0.7187,0.7106,0.6403703056275845,0.43857443235306576,0.20179587331685153,resnet32,0.7211,0.7206,0.6343432033688507,0.43458698370324617,0.19975621975027025,resnet32,0.7188,0.7172,0.6411030551587994,0.4389517828610472,0.2021512713770128,9000000.0,0.0,36000000.0,6552000000.0,78624000000.0
resnet32x12_cifar100_K12_unif2-step_seed0001_d020,d020,resnet32:12,cifar100,12,sampled,unif2-step,peers,0,0,1.0,p2p,1,200,64,0.1,0.9,0.0005,True,0,60,0.1,1.0,2,,disagreement,1.0,1,0.0,0.5,weight,complete,0.0,0.0,42,0,45000,5000,10000,5640048,step,182,0.00010000000000000003,2,1.0,105.39,0.7177500000000001,0.0037437726070547383,0.711,0.7228,0.7616,0.043849999999999945,0.7166,0.7574,0.22558181818181816,0.6576586863991036,0.22706666666666667,0.6583234905741905,0.7177500000000001,resnet32,0.7142,0.715,0.6478197448463603,0.4475475980434567,0.20027214670765467,resnet32,0.7193,0.7112,0.6364861798303371,0.43755959846418013,0.1989265816413205,resnet32,0.7181,0.7168,0.6375530801544135,0.4394858929497952,0.19806718881326643,resnet32,0.7217,0.7178,0.6377342938106846,0.4392605555370789,0.19847373743753202,resnet32,0.711,0.7198,0.6455353122966533,0.4469578604383225,0.198577451815998,resnet32,0.7205,0.719,0.6305417659353804,0.4327474780677056,0.19779428795234047,resnet32,0.7148,0.7164,0.66167527242479,0.45824064081534743,0.20343463254076513,resnet32,0.7118,0.7126,0.6489164771681483,0.44896056911569426,0.19995590866628019,resnet32,0.7179,0.7178,0.6320825050246309,0.433123760856688,0.1989587438927794,resnet32,0.7202,0.7154,0.6372136076150293,0.4386523467361588,0.19856126040262592,resnet32,0.7228,0.7178,0.6301453056829897,0.4325476413889026,0.19759766398717396,resnet32,0.7207,0.7196,0.6348569104024633,0.43653245276602154,0.19832445810210297,9000000.0,0.0,36000000.0,6588000000.0,79056000000.0
resnet32x12_cifar100_K12_unif2-step_seed0001_d020,d020,resnet32:12,cifar100,12,sampled,unif2-step,peers,0,0,1.0,p2p,1,200,64,0.1,0.9,0.0005,True,0,60,0.1,1.0,2,,disagreement,1.0,1,0.0,0.5,weight,complete,0.0,0.0,42,0,45000,5000,10000,5640048,step,183,0.00010000000000000003,2,1.0,105.59,0.7181916666666667,0.003972291180442622,0.7123,0.7235,0.759,0.040808333333333335,0.7172000000000001,0.7572,0.22582424242424237,0.6591159095462215,0.2265015151515152,0.6587084852551167,0.7181916666666667,resnet32,0.7135,0.7158,0.6407107317142866,0.4418693022294478,0.1988414281619374,resnet32,0.7196,0.7146,0.6330676601607014,0.4345291658219966,0.19853849453978578,resnet32,0.7208,0.719,0.6344452166760509,0.4370585607830435,0.19738665658091617,resnet32,0.7235,0.721,0.6300986653447829,0.43320328589867463,0.19689537823962217,resnet32,0.7123,0.7158,0.6416787258772687,0.4431009946221655,0.19857773122335362,resnet32,0.7231,0.7172,0.6272758517668329,0.4316986106039787,0.19557724222117526,resnet32,0.7142,0.717,0.652873221276836,0.4521522721995346,0.20072094979695976,resnet32,0.7129,0.7142,0.6422850606031716,0.4432723132089119,0.1990127470238473,resnet32,0.718,0.721,0.6283578615720299,0.4310624940659512,0.1972953676754101,resnet32,0.7203,0.712,0.6308705554851755,0.4343565111895176,0.19651404306800527,resnet32,0.7229,0.72,0.6259126894768666,0.42915991109541873,0.19675277801103552,resnet32,0.7172,0.7188,0.6304548668505793,0.4336158694826405,0.19683899719860742,9000000.0,0.0,36000000.0,6624000000.0,79488000000.0
resnet32x12_cifar100_K12_unif2-step_seed0001_d020,d020,resnet32:12,cifar100,12,sampled,unif2-step,peers,0,0,1.0,p2p,1,200,64,0.1,0.9,0.0005,True,0,60,0.1,1.0,2,,disagreement,1.0,1,0.0,0.5,weight,complete,0.0,0.0,42,0,45000,5000,10000,5640048,step,184,0.00010000000000000003,2,1.0,106.01,0.7168333333333333,0.004193910930013763,0.7098,0.7244,0.7608,0.04396666666666671,0.7155833333333333,0.7584,0.22615454545454552,0.6600320343001512,0.22763333333333335,0.6584556851439738,0.7168333333333333,resnet32,0.7131,0.716,0.6323737268844112,0.4357005571311509,0.1966731690653515,resnet32,0.7167,0.713,0.6273427519269965,0.431516375223344,0.19582637695764954,resnet32,0.7192,0.7164,0.6256348792124878,0.43090285574594006,0.1947320231067186,resnet32,0.7211,0.7166,0.6268874398771335,0.4306727599098601,0.19621467975560913,resnet32,0.7098,0.7152,0.634547586214136,0.4380987108981406,0.19644887404601005,resnet32,0.7192,0.7204,0.6217730131254278,0.42747327094812965,0.19429974207146603,resnet32,0.7115,0.713,0.6492763915183869,0.44996178918518126,0.19931460132780063,resnet32,0.7132,0.7126,0.6376982928169045,0.44121171413412824,0.19648657929660243,resnet32,0.7148,0.7148,0.6224299695512111,0.4262447844852101,0.1961851861137389,resnet32,0.7202,0.7098,0.6225560734641146,0.4275358423632993,0.19502023086798462,resnet32,0.7244,0.7182,0.6194399487311867,0.4242969056464393,0.1951430431799963,resnet32,0.7188,0.721,0.6223710502751849,0.4271847044371746,0.19518634589092637,9000000.0,0.0,36000000.0,6660000000.0,79920000000.0
resnet32x12_cifar100_K12_unif2-step_seed0001_d020,d020,resnet32:12,cifar100,12,sampled,unif2-step,peers,0,0,1.0,p2p,1,200,64,0.1,0.9,0.0005,True,0,60,0.1,1.0,2,,disagreement,1.0,1,0.0,0.5,weight,complete,0.0,0.0,42,0,45000,5000,10000,5640048,step,185,0.00010000000000000003,2,1.0,105.43,0.7176333333333332,0.0037581762716627494,0.7124,0.7242,0.7583,0.04066666666666674,0.7167166666666667,0.759,0.22609090909090915,0.6563759392380578,0.22711969696969694,0.6587066996424153,0.7176333333333332,resnet32,0.713,0.7152,0.6368506177413192,0.43956172826107254,0.19728889055973428,resnet32,0.716,0.7118,0.6272460665045814,0.4300788371739062,0.19716722922484306,resnet32,0.7189,0.7214,0.6276033267548139,0.43178949608806183,0.19581383066675204,resnet32,0.7242,0.718,0.6268787992356176,0.43084485045718873,0.19603394873609598,resnet32,0.7124,0.7178,0.6362723568031057,0.43857476536438544,0.19769759177738291,resnet32,0.7201,0.7208,0.6257264206016605,0.42983148217370565,0.1958949386925352,resnet32,0.7141,0.7146,0.6510294172489508,0.45202403888106346,0.19900537821972233,resnet32,0.7128,0.7124,0.6389325696297667,0.4418798303231597,0.19705273863986472,resnet32,0.7193,0.7214,0.6221791344525461,0.4268628213427622,0.19531631393527443,resnet32,0.7213,0.7104,0.6233005246401511,0.42745049934918905,0.19585002573545685,resnet32,0.7215,0.7184,0.6230677026323974,0.42723872065967455,0.19582898280879651,resnet32,0.718,0.7184,0.6254569380967454,0.4285180598751388,0.19693887867668475,9000000.0,0.0,36000000.0,6696000000.0,80352000000.0
resnet32x12_cifar100_K12_unif2-step_seed0001_d020,d020,resnet32:12,cifar100,12,sampled,unif2-step,peers,0,0,1.0,p2p,1,200,64,0.1,0.9,0.0005,True,0,60,0.1,1.0,2,,disagreement,1.0,1,0.0,0.5,weight,complete,0.0,0.0,42,0,45000,5000,10000,5640048,step,186,0.00010000000000000003,2,1.0,107.74,0.7172416666666667,0.003830243319802132,0.711,0.724,0.7607,0.04345833333333338,0.7153833333333335,0.7592,0.22793030303030304,0.6547258071574987,0.22688030303030304,0.6608255148907666,0.7172416666666667,resnet32,0.7153,0.7136,0.6345015888695013,0.4365391558544202,0.1979624324224212,resnet32,0.7188,0.7142,0.6226073280400173,0.42669395478018984,0.1959133726036684,resnet32,0.7166,0.7202,0.625205000100488,0.43015905090777035,0.19504594894930383,resnet32,0.7213,0.7184,0.6253883699378506,0.4284396261315454,0.19694874319247901,resnet32,0.7112,0.716,0.6344947017813948,0.4369532755279744,0.19754142642275177,resnet32,0.7198,0.7194,0.6191273472187194,0.4246707679068839,0.19445657944941724,resnet32,0.7148,0.7154,0.6482964867556636,0.44818195717578585,0.2001145288390531,resnet32,0.711,0.7104,0.6356790382415056,0.44025879950177943,0.1954202387185598,resnet32,0.715,0.7126,0.6209123259494927,0.42533238721080124,0.19557993904560467,resnet32,0.7209,0.7102,0.6193594226020981,0.42469048902223056,0.19466893281787634,resnet32,0.724,0.716,0.6202093198556792,0.4251023609699173,0.19510695874818007,resnet32,0.7182,0.7182,0.6227641946805472,0.4267831317530098,0.19598106225021183,9000000.0,0.0,36000000.0,6732000000.0,80784000000.0
resnet32x12_cifar100_K12_unif2-step_seed0001_d020,d020,resnet32:12,cifar100,12,sampled,unif2-step,peers,0,0,1.0,p2p,1,200,64,0.1,0.9,0.0005,True,0,60,0.1,1.0,2,,disagreement,1.0,1,0.0,0.5,weight,complete,0.0,0.0,42,0,45000,5000,10000,5640048,step,187,0.00010000000000000003,2,1.0,106.25,0.71705,0.0036806928695559357,0.7108,0.7229,0.7603,0.04325000000000001,0.7174833333333334,0.7604,0.22487575757575753,0.6597567732543632,0.22720757575757572,0.6594300554387188,0.71705,resnet32,0.7143,0.717,0.6351670231246813,0.4369468655521897,0.198220158143985,resnet32,0.7177,0.7144,0.6272349572232501,0.43115742201916873,0.19607753487600182,resnet32,0.7189,0.7218,0.6285854470069435,0.4321323002857918,0.19645314684815027,resnet32,0.7197,0.7166,0.6264360681260851,0.43002025558697904,0.1964158130576834,resnet32,0.7108,0.7174,0.6365129818547178,0.4386150535746393,0.19789792875632306,resnet32,0.7212,0.7228,0.6217348244549199,0.42694992081008176,0.19478490345434032,resnet32,0.7124,0.7154,0.6491534811105918,0.44884728771549737,0.20030619232619012,resnet32,0.7125,0.7114,0.636739933101291,0.43895757177167316,0.19778236198577692,resnet32,0.7158,0.7198,0.625106259460815,0.42876682172275404,0.19633943670090626,resnet32,0.7197,0.7138,0.6209452632306651,0.4254081252835352,0.1955371380106292,resnet32,0.7229,0.7214,0.6228976749645715,0.4267543124415996,0.1961433619408953,resnet32,0.7187,0.718,0.6242505651052025,0.4284189188302579,0.1958316472274336,9000000.0,0.0,36000000.0,6768000000.0,81216000000.0
resnet32x12_cifar100_K12_unif2-step_seed0001_d020,d020,resnet32:12,cifar100,12,sampled,unif2-step,peers,0,0,1.0,p2p,1,200,64,0.1,0.9,0.0005,True,0,60,0.1,1.0,2,,disagreement,1.0,1,0.0,0.5,weight,complete,0.0,0.0,42,0,45000,5000,10000,5640048,step,188,0.00010000000000000003,2,1.0,105.95,0.7179916666666667,0.0035600698338968434,0.7128,0.7229,0.7605,0.04250833333333326,0.7174666666666667,0.7606,0.22649696969696964,0.6571933222758917,0.22829090909090916,0.6560695204442494,0.7179916666666667,resnet32,0.7147,0.7146,0.6317969892512668,0.43480985501611774,0.1969871337694878,resnet32,0.7188,0.7134,0.6237196909179065,0.4274250134952705,0.19629467704164033,resnet32,0.7185,0.7208,0.6217854789627547,0.4254918852186,0.19629359222017229,resnet32,0.7229,0.722,0.6220652423799038,0.4265413662122393,0.19552387558558787,resnet32,0.7129,0.7162,0.6356922910040752,0.4382394587790424,0.19745283254252916,resnet32,0.7215,0.7218,0.6187729595483027,0.4235585381234573,0.19521442163650962,resnet32,0.714,0.7158,0.6467923712070015,0.44606601154770364,0.20072636025195773,resnet32,0.7128,0.7162,0.6321004808626391,0.436370670308613,0.19572981004603207,resnet32,0.7182,0.7212,0.6207096794704822,0.4253642925442281,0.19534538677808913,resnet32,0.7214,0.7096,0.6181223835288123,0.4229337732011283,0.1951886095868593,resnet32,0.7228,0.7184,0.617974351244894,0.422663222913715,0.19531112871217457,resnet32,0.7174,0.7196,0.6206021763977002,0.4256837558509274,0.1949184203351086,9000000.0,0.0,36000000.0,6804000000.0,81648000000.0
resnet32x12_cifar100_K12_unif2-step_seed0001_d020,d020,resnet32:12,cifar100,12,sampled,unif2-step,peers,0,0,1.0,p2p,1,200,64,0.1,0.9,0.0005,True,0,60,0.1,1.0,2,,disagreement,1.0,1,0.0,0.5,weight,complete,0.0,0.0,42,0,45000,5000,10000,5640048,step,189,0.00010000000000000003,2,1.0,105.97,0.7175083333333334,0.003524073952433773,0.7115,0.722,0.7619,0.04439166666666661,0.7148833333333333,0.7586,0.2287909090909091,0.6555582644961351,0.2290515151515152,0.6547063990381073,0.7175083333333334,resnet32,0.7137,0.7124,0.6296215068802915,0.4327135217503052,0.19690798632588916,resnet32,0.7149,0.7102,0.623763679865409,0.42664277799088846,0.19712090260476212,resnet32,0.7202,0.7198,0.6233040728098289,0.42759590585377405,0.19570816721005196,resnet32,0.722,0.7174,0.6248860281722789,0.42745341946878895,0.19743260902098633,resnet32,0.7115,0.7154,0.6321208841929381,0.43446187694049015,0.19765900804618883,resnet32,0.7202,0.7172,0.6165813288905404,0.4219065339473838,0.19467479451982814,resnet32,0.7141,0.7152,0.6448021252131597,0.4444286483763294,0.20037347621242094,resnet32,0.7139,0.7136,0.6343222380700436,0.4377235499930314,0.19659868938933042,resnet32,0.7177,0.7142,0.6208657417446375,0.42490969416262075,0.19595604777251455,resnet32,0.7209,0.7136,0.6201012727211822,0.4239167068365284,0.19618456626564942,resnet32,0.7217,0.7152,0.6200671932575378,0.42396458119831304,0.19610261196397583,resnet32,0.7193,0.7144,0.6190665115771646,0.42395083561793645,0.1951156755782325,9000000.0,0.0,36000000.0,6840000000.0,82080000000.0
resnet32x12_cifar100_K12_unif2-step_seed0001_d020,d020,resnet32:12,cifar100,12,sampled,unif2-step,peers,0,0,1.0,p2p,1,200,64,0.1,0.9,0.0005,True,0,60,0.1,1.0,2,,disagreement,1.0,1,0.0,0.5,weight,complete,0.0,0.0,42,0,45000,5000,10000,5640048,step,190,0.00010000000000000003,2,1.0,106.17,0.7178583333333334,0.0037987845278310934,0.7118,0.7225,0.7622,0.04434166666666661,0.7179333333333333,0.7588,0.22585757575757576,0.6574353941142724,0.22814242424242415,0.6561760934985141,0.7178583333333334,resnet32,0.715,0.717,0.6327465624463829,0.43478591638532554,0.19796064605047417,resnet32,0.7181,0.7134,0.6240106375718658,0.4278286178384654,0.19618202055889097,resnet32,0.72,0.7214,0.624434831128879,0.42724357153797016,0.19719125871250237,resnet32,0.7224,0.7186,0.6211589554070749,0.4258751086255705,0.19528384659100662,resnet32,0.7122,0.7166,0.6330323857678608,0.4350425604603846,0.19798982548739083,resnet32,0.7197,0.7214,0.6196502789601006,0.4238858472513543,0.1957644304175946,resnet32,0.7127,0.714,0.6441028700210154,0.444013816410337,0.20008905394934118,resnet32,0.7118,0.7162,0.6364983822727068,0.43859048069200735,0.19790790228977462,resnet32,0.7182,0.7216,0.6208186134357344,0.42450121453624556,0.19631739864549178,resnet32,0.72,0.7162,0.6197337850674309,0.42382749741558323,0.19590628690043974,resnet32,0.7225,0.7198,0.6195178817195649,0.4238709558690475,0.19564692677125672,resnet32,0.7217,0.719,0.6219202399423177,0.4258514178324152,0.19606882276606152,9000000.0,0.0,36000000.0,6876000000.0,82512000000.0
resnet32x12_cifar100_K12_unif2-step_seed0001_d020,d020,resnet32:12,cifar100,12,sampled,unif2-step,peers,0,0,1.0,p2p,1,200,64,0.1,0.9,0.0005,True,0,60,0.1,1.0,2,,disagreement,1.0,1,0.0,0.5,weight,complete,0.0,0.0,42,0,45000,5000,10000,5640048,step,191,0.00010000000000000003,2,1.0,106.22,0.7175583333333333,0.003916090383135819,0.7123,0.7236,0.7618,0.044241666666666735,0.7155499999999999,0.7566,0.22643636363636357,0.6598807755783821,0.22876666666666667,0.6546981489732149,0.7175583333333333,resnet32,0.7148,0.7146,0.6273505950177257,0.43016977413472807,0.19718082016333938,resnet32,0.7176,0.71,0.6205221904780377,0.4255498167212037,0.1949723745717413,resnet32,0.7177,0.7182,0.620441188570112,0.42484190448356624,0.19559928370555016,resnet32,0.7236,0.7152,0.6185789622197096,0.4242730486333709,0.19430591361808844,resnet32,0.7123,0.712,0.629485962150449,0.4330529492687095,0.19643301458563656,resnet32,0.7198,0.7202,0.6138257706453177,0.41944850246760657,0.1943772684105418,resnet32,0.7136,0.7162,0.6406792207959701,0.4409412209748883,0.19973799962000074,resnet32,0.7127,0.7132,0.6296380021270703,0.43361470181579614,0.19602330014194277,resnet32,0.7145,0.7182,0.6148718374950642,0.4207391057332808,0.19413273251319135,resnet32,0.7222,0.7108,0.6156819113106891,0.42088258429430425,0.1947993277148767,resnet32,0.7236,0.7194,0.6137688177299093,0.41906671901233494,0.19470209888690573,resnet32,0.7183,0.7186,0.6163139233619652,0.42211002246900037,0.1942039004061371,9000000.0,0.0,36000000.0,6912000000.0,82944000000.0
resnet32x12_cifar100_K12_unif2-step_seed0001_d020,d020,resnet32:12,cifar100,12,sampled,unif2-step,peers,0,0,1.0,p2p,1,200,64,0.1,0.9,0.0005,True,0,60,0.1,1.0,2,,disagreement,1.0,1,0.0,0.5,weight,complete,0.0,0.0,42,0,45000,5000,10000,5640048,step,192,0.00010000000000000003,2,1.0,106.52,0.7166416666666667,0.004561333564747151,0.709,0.725,0.7588,0.0421583333333333,0.71665,0.7568,0.22647272727272721,0.6582842594768428,0.2299681818181818,0.654045380146359,0.7166416666666667,resnet32,0.7143,0.7148,0.6275596840899776,0.4302693060175939,0.1972903773738918,resnet32,0.7177,0.712,0.6179596561176534,0.4215881820471788,0.1963714743668044,resnet32,0.7186,0.7188,0.6181026367385957,0.4221497897101058,0.19595284732481974,resnet32,0.7213,0.7188,0.6198113459501077,0.42307303549552505,0.19673831155523658,resnet32,0.709,0.7184,0.6272320321507074,0.42992685678076337,0.19730517542286014,resnet32,0.7194,0.7198,0.6143428473733366,0.41938147973269224,0.19496136789464139,resnet32,0.7114,0.7154,0.64485316677019,0.44486605367538606,0.19998711286197332,resnet32,0.7116,0.7138,0.6288968588394875,0.43198935132981703,0.19690750682176175,resnet32,0.713,0.7176,0.6156099850565873,0.41953275714662264,0.1960772282168777,resnet32,0.7203,0.7114,0.6172438659705222,0.42149836934086954,0.19574549637565558,resnet32,0.725,0.7196,0.6131843467327681,0.41861463245004416,0.19456971451555463,resnet32,0.7181,0.7194,0.6161346030844883,0.42074963145635347,0.19538497156463563,9000000.0,0.0,36000000.0,6948000000.0,83376000000.0
resnet32x12_cifar100_K12_unif2-step_seed0001_d020,d020,resnet32:12,cifar100,12,sampled,unif2-step,peers,0,0,1.0,p2p,1,200,64,0.1,0.9,0.0005,True,0,60,0.1,1.0,2,,disagreement,1.0,1,0.0,0.5,weight,complete,0.0,0.0,42,0,45000,5000,10000,5640048,step,193,0.00010000000000000003,2,1.0,105.55,0.7166750000000001,0.0038691353469907826,0.7089,0.7224,0.7611,0.04442499999999994,0.7167499999999999,0.7586,0.2286181818181818,0.6517933117571876,0.23074696969696956,0.6535472371387899,0.7166750000000001,resnet32,0.7153,0.7162,0.6294781212186948,0.43271086769263173,0.19676725172691725,resnet32,0.7184,0.7098,0.6187150492332876,0.4224433498457074,0.19627169921824877,resnet32,0.7172,0.7212,0.6209173366342756,0.4262205074456605,0.19469682853245598,resnet32,0.7205,0.7162,0.620914673390375,0.423116324363615,0.19779834894209422,resnet32,0.7089,0.719,0.6287359133024107,0.43161474219100043,0.19712117113257674,resnet32,0.7173,0.7228,0.6133753554048863,0.41837126782841305,0.1950040873013098,resnet32,0.714,0.7158,0.6428005592050877,0.4432900143067606,0.19951054411516947,resnet32,0.71,0.7154,0.6296689912507479,0.43298287342556496,0.19668611757118593,resnet32,0.7175,0.7154,0.6165758266791024,0.4201912789774889,0.1963845475534485,resnet32,0.7195,0.7136,0.6171122511256147,0.4225125504149632,0.19459970016032457,resnet32,0.7224,0.7162,0.6156110418113795,0.42021095483902504,0.1954000872898508,resnet32,0.7191,0.7194,0.6200901661491529,0.4227889988740737,0.19730116798415442,9000000.0,0.0,36000000.0,6984000000.0,83808000000.0
resnet32x12_cifar100_K12_unif2-step_seed0001_d020,d020,resnet32:12,cifar100,12,sampled,unif2-step,peers,0,0,1.0,p2p,1,200,64,0.1,0.9,0.0005,True,0,60,0.1,1.0,2,,disagreement,1.0,1,0.0,0.5,weight,complete,0.0,0.0,42,0,45000,5000,10000,5640048,step,194,0.00010000000000000003,2,1.0,106.31,0.7176916666666667,0.0036992022413247804,0.7112,0.7233,0.7621,0.04440833333333327,0.7176166666666667,0.7586,0.22628787878787876,0.6581987311513394,0.2284818181818182,0.6543405236281065,0.7176916666666667,resnet32,0.7132,0.7172,0.6242844820953906,0.428296989062801,0.19598749375224792,resnet32,0.7182,0.713,0.6171660777181387,0.4215652653100816,0.1956008122916418,resnet32,0.7197,0.7228,0.6199811673723161,0.42482604924589396,0.195155118168755,resnet32,0.7223,0.717,0.6167134405113757,0.41973532820967113,0.19697811161379583,resnet32,0.7112,0.7182,0.6288203002715652,0.4313833162992854,0.19743698480835353,resnet32,0.7194,0.7226,0.6125945579683916,0.41802852393381973,0.19456603582313453,resnet32,0.7156,0.719,0.6433935414745726,0.4428820595864884,0.2005114818563346,resnet32,0.7125,0.7128,0.6301416349597275,0.43343535550362006,0.1967062792232768,resnet32,0.7177,0.717,0.6154057088054039,0.41856378191997384,0.1968419257212769,resnet32,0.7209,0.7136,0.6173616838641465,0.4211191937793046,0.19624248920643533,resnet32,0.7233,0.721,0.6130922204306857,0.4174260040533475,0.19566621572117915,resnet32,0.7183,0.7172,0.6145903393626213,0.4192322140390223,0.19535812487910417,9000000.0,0.0,36000000.0,7020000000.0,84240000000.0
resnet32x12_cifar100_K12_unif2-step_seed0001_d020,d020,resnet32:12,cifar100,12,sampled,unif2-step,peers,0,0,1.0,p2p,1,200,64,0.1,0.9,0.0005,True,0,60,0.1,1.0,2,,disagreement,1.0,1,0.0,0.5,weight,complete,0.0,0.0,42,0,45000,5000,10000,5640048,step,195,0.00010000000000000003,2,1.0,105.99,0.717075,0.004282157750480476,0.7108,0.723,0.7614,0.04432499999999995,0.71615,0.7564,0.22753030303030292,0.6555688715158403,0.22932272727272726,0.6559353478071063,0.717075,resnet32,0.7127,0.7176,0.6289177089929581,0.4312097418587655,0.19770796645686708,resnet32,0.7207,0.7098,0.616607676344839,0.4214309103024954,0.19517676606351,resnet32,0.7165,0.7202,0.618861052122983,0.42284310405904596,0.1960179473971948,resnet32,0.7223,0.7166,0.616558360655538,0.42058489224026824,0.19597346861635082,resnet32,0.7137,0.7176,0.6257362424988638,0.4293491826816039,0.1963870586213571,resnet32,0.722,0.718,0.6139735082503069,0.4191974849567156,0.19477602276443082,resnet32,0.7119,0.7132,0.6393545371141623,0.4404436022635888,0.1989109342367473,resnet32,0.7108,0.712,0.6257910261946645,0.4306156676347283,0.1951753577979451,resnet32,0.7156,0.7158,0.6145000680857762,0.4189386320385066,0.19556143603668633,resnet32,0.721,0.7118,0.6119078128513965,0.4175952580884438,0.19431255457245492,resnet32,0.723,0.72,0.6102967389689927,0.41495436554859305,0.19534237339923327,resnet32,0.7147,0.7212,0.6162902181121436,0.42117233540524135,0.19511788331014526,9000000.0,0.0,36000000.0,7056000000.0,84672000000.0
resnet32x12_cifar100_K12_unif2-step_seed0001_d020,d020,resnet32:12,cifar100,12,sampled,unif2-step,peers,0,0,1.0,p2p,1,200,64,0.1,0.9,0.0005,True,0,60,0.1,1.0,2,,disagreement,1.0,1,0.0,0.5,weight,complete,0.0,0.0,42,0,45000,5000,10000,5640048,step,196,0.00010000000000000003,2,1.0,105.37,0.7185000000000001,0.0033674916480965545,0.7141,0.7235,0.7623,0.04379999999999984,0.7187,0.7592,0.2257969696969697,0.6569739490522192,0.2267742424242425,0.6569881544775866,0.7185000000000001,resnet32,0.7159,0.7194,0.6244520337151532,0.42666995425877924,0.19778207888488064,resnet32,0.7206,0.7132,0.6173192172903906,0.42142916707829997,0.19589004932310095,resnet32,0.7208,0.721,0.6191277373158797,0.42270408060655673,0.19642365660349076,resnet32,0.7235,0.718,0.6189981212585487,0.4219636711588299,0.1970344492107291,resnet32,0.7143,0.7202,0.6275268565355376,0.42988830703226005,0.1976385497678579,resnet32,0.7184,0.7222,0.613032458180731,0.4172180917495015,0.1958143666323105,resnet32,0.7145,0.7162,0.6388684240254489,0.43984677612950857,0.19902164630845867,resnet32,0.7141,0.7168,0.6275047179396179,0.43121516427279194,0.1962895541430705,resnet32,0.7172,0.7208,0.6126112577251412,0.41693936442871665,0.195671893063594,resnet32,0.7221,0.715,0.6131024588830769,0.41658942864953796,0.1965130292281339,resnet32,0.7235,0.7196,0.6103465153243054,0.4162197901697999,0.19412672401151873,resnet32,0.7171,0.722,0.615521172484891,0.4199825496285815,0.19553862362888388,9000000.0,0.0,36000000.0,7092000000.0,85104000000.0
resnet32x12_cifar100_K12_unif2-step_seed0001_d020,d020,resnet32:12,cifar100,12,sampled,unif2-step,peers,0,0,1.0,p2p,1,200,64,0.1,0.9,0.0005,True,0,60,0.1,1.0,2,,disagreement,1.0,1,0.0,0.5,weight,complete,0.0,0.0,42,0,45000,5000,10000,5640048,step,197,0.00010000000000000003,2,1.0,105.74,0.7181333333333334,0.0038201948757738725,0.7111,0.7242,0.7631,0.0449666666666666,0.7172333333333333,0.7588,0.22744242424242422,0.6560903367399801,0.22779242424242416,0.6562261557572356,0.7181333333333334,resnet32,0.7194,0.7192,0.6257678646678951,0.42817749275656586,0.19759037360464307,resnet32,0.7204,0.7094,0.6150535853918303,0.418711005942896,0.1963425804966722,resnet32,0.7174,0.7204,0.6185453315688805,0.4223614952907982,0.19618383707182313,resnet32,0.7221,0.7148,0.6152580713175915,0.41989840171299875,0.1953596703560007,resnet32,0.7127,0.718,0.6273989574137059,0.42968989244069566,0.19770906521642412,resnet32,0.7189,0.7212,0.6133069203827869,0.4174177022439174,0.19588921875269574,resnet32,0.7111,0.718,0.6387376267970963,0.4386353433894163,0.20010228183078158,resnet32,0.7142,0.7134,0.6262998992831192,0.42917566818439146,0.19712423032615334,resnet32,0.7167,0.72,0.6115467813797295,0.4158096619543027,0.19573711893859913,resnet32,0.7224,0.7148,0.6173749446276237,0.4208671397698874,0.196507804392075,resnet32,0.7242,0.7168,0.6105247507803142,0.4142114454457028,0.1963133048054508,resnet32,0.7181,0.7208,0.6154262012040074,0.41837713767943735,0.19704906320707363,9000000.0,0.0,36000000.0,7128000000.0,85536000000.0
resnet32x12_cifar100_K12_unif2-step_seed0001_d020,d020,resnet32:12,cifar100,12,sampled,unif2-step,peers,0,0,1.0,p2p,1,200,64,0.1,0.9,0.0005,True,0,60,0.1,1.0,2,,disagreement,1.0,1,0.0,0.5,weight,complete,0.0,0.0,42,0,45000,5000,10000,5640048,step,198,0.00010000000000000003,2,1.0,106.07,0.7174333333333333,0.003967436900009308,0.7102,0.7234,0.7609,0.043466666666666764,0.7164666666666667,0.7566,0.22567272727272722,0.6594372522906854,0.22853636363636368,0.6547002068693274,0.7174333333333333,resnet32,0.7147,0.715,0.6215487170795148,0.42632506789893587,0.19522364853500304,resnet32,0.7204,0.7096,0.6116687263870104,0.41597299478863453,0.19569573331285606,resnet32,0.7191,0.7202,0.6129080452109602,0.4179547793358903,0.19495326635131444,resnet32,0.7222,0.7184,0.6157202898440036,0.4198896518315781,0.1958306384463371,resnet32,0.7129,0.717,0.6234054379588501,0.42583924191157246,0.1975661955604499,resnet32,0.7178,0.7182,0.6103029186329381,0.416453946868635,0.19384897181721913,resnet32,0.7102,0.7182,0.6379442270845175,0.4388550288382579,0.19908919809809464,resnet32,0.7122,0.713,0.6257831906391815,0.43066691992465744,0.1951162718469277,resnet32,0.7175,0.7174,0.6080857504751872,0.4137159306132658,0.19436982026408342,resnet32,0.7207,0.7108,0.6107661046765067,0.41672686739316717,0.19403923726217312,resnet32,0.7234,0.7184,0.6087607514028522,0.4136181823612953,0.19514256858647885,resnet32,0.7181,0.7214,0.613003225023435,0.41728422306054697,0.1957190030423755,9000000.0,0.0,36000000.0,7164000000.0,85968000000.0
resnet32x12_cifar100_K12_unif2-step_seed0001_d020,d020,resnet32:12,cifar100,12,sampled,unif2-step,peers,0,0,1.0,p2p,1,200,64,0.1,0.9,0.0005,True,0,60,0.1,1.0,2,,disagreement,1.0,1,0.0,0.5,weight,complete,0.0,0.0,42,0,45000,5000,10000,5640048,step,199,0.00010000000000000003,2,1.0,105.6,0.7176083333333333,0.003360421187225719,0.7124,0.7222,0.7616,0.04399166666666676,0.7171166666666666,0.7606,0.2284939393939395,0.6534868181389384,0.23084393939393946,0.6515792130765502,0.7176083333333333,resnet32,0.7158,0.7168,0.6239632542499087,0.427160165166821,0.19680308913600378,resnet32,0.7194,0.7112,0.6162495722316883,0.41910140703178267,0.19714816568673335,resnet32,0.7172,0.7192,0.6158990104344081,0.4190882466606457,0.196810764959082,resnet32,0.7222,0.718,0.6148825845765796,0.41943255033005367,0.19545003500851718,resnet32,0.7126,0.7182,0.6276369178667665,0.42747609385035257,0.200160825074735,resnet32,0.7197,0.7222,0.609701095148921,0.41497173378328706,0.19472936048722742,resnet32,0.713,0.7178,0.6368184630251066,0.438401521268216,0.1984169414923103,resnet32,0.7124,0.7148,0.6290827106515114,0.43153198897330597,0.19755072248252956,resnet32,0.7185,0.7178,0.6125202443535355,0.4157551064748656,0.19676513758234002,resnet32,0.7206,0.712,0.6093983118506995,0.4146669206675142,0.1947313912784342,resnet32,0.7221,0.718,0.6129074046303603,0.4171733340798793,0.1957340721485459,resnet32,0.7178,0.7194,0.6153239779682322,0.4191011273598468,0.19622285119046204,9000000.0,0.0,36000000.0,7200000000.0,86400000000.0
