run_id,run_tag,cohort,dataset,K,arm,arm_label,target,seed,epochs,batch_size,base_lr,momentum,weight_decay,nesterov,graph_seed,lr_step,lr_gamma,kd_T,k_matchings,k_anneal,match_weight,kappa,rematch_every_epochs,recency_lambda,recency_gamma,peel_weighting,graph,label_noise_rate,actual_noise_rate,noise_seed,split_seed,n_train,n_valid,n_test,cohort_params,zombie_slot,epoch,lr,k_current,epoch_seconds,avg_test_acc,std_test_acc,min_test_acc,max_test_acc,ensemble_test_acc,ens_minus_avg_test,avg_val_acc,ensemble_val_acc,disagreement_val,rho_val,disagreement_test,rho_test,avg_test_acc_resnet32,avg_test_acc_zombie,avg_test_acc_healthy,avg_val_acc_healthy,disagreement_test_healthy,rho_test_healthy,disagreement_val_healthy,rho_val_healthy,model_00_arch,model_00_test_acc,model_00_val_acc,model_00_train_loss,model_00_ce_loss,model_00_kd_loss,model_01_arch,model_01_test_acc,model_01_val_acc,model_01_train_loss,model_01_ce_loss,model_01_kd_loss,model_02_arch,model_02_test_acc,model_02_val_acc,model_02_train_loss,model_02_ce_loss,model_02_kd_loss,model_03_arch,model_03_test_acc,model_03_val_acc,model_03_train_loss,model_03_ce_loss,model_03_kd_loss,model_04_arch,model_04_test_acc,model_04_val_acc,model_04_train_loss,model_04_ce_loss,model_04_kd_loss,model_05_arch,model_05_test_acc,model_05_val_acc,model_05_train_loss,model_05_ce_loss,model_05_kd_loss,model_06_arch,model_06_test_acc,model_06_val_acc,model_06_train_loss,model_06_ce_loss,model_06_kd_loss,model_07_arch,model_07_test_acc,model_07_val_acc,model_07_train_loss,model_07_ce_loss,model_07_kd_loss,model_08_arch,model_08_test_acc,model_08_val_acc,model_08_train_loss,model_08_ce_loss,model_08_kd_loss,model_09_arch,model_09_test_acc,model_09_val_acc,model_09_train_loss,model_09_ce_loss,model_09_kd_loss,model_10_arch,model_10_test_acc,model_10_val_acc,model_10_train_loss,model_10_ce_loss,model_10_kd_loss,model_11_arch,model_11_test_acc,model_11_val_acc,model_11_train_loss,model_11_ce_loss,model_11_kd_loss,comm_logit_floats_epoch,comm_matcher_ints_epoch,comm_bytes_epoch,comm_bytes_cum,comm_bytes_cum_cohort
resnet32x12_cifar100_K12_rand2-zomb0_seed0004_d015,d015,resnet32:12,cifar100,12,matched,rand2-zomb0,peers,4,200,64,0.1,0.9,0.0005,True,0,60,0.1,1.0,2,,random,1.0,1,0.0,0.5,weight,complete,0.0,0.0,42,0,45000,5000,10000,5170044,0,0,0.1,2,195.44,0.03069166666666667,0.01633745483713897,0.01,0.0691,0.0636,0.03290833333333333,0.03165,0.0652,0.8608636363636365,0.18269058447472172,0.8594666666666664,0.1800244223672913,0.03257272727272727,0.01,0.03257272727272727,0.03347272727272727,0.8313599999999997,0.2196172232653421,0.8330363636363638,0.22317458738762985,zombie,0.01,0.0116,0.0,0.0,0.0,resnet32,0.0691,0.0648,4.492597652429884,4.375911224294793,0.11668643267661206,resnet32,0.0144,0.015,4.771813865412366,4.639996965500441,0.13181690226470397,resnet32,0.0271,0.028,4.699928465891968,4.597275791520422,0.10265267492981035,resnet32,0.0189,0.0204,4.745024744082581,4.644491265443238,0.10053348836399065,resnet32,0.0342,0.0338,4.664218788797205,4.578145455907691,0.08607333415023856,resnet32,0.0487,0.0492,4.550175221128897,4.453839504583315,0.09633570599147458,resnet32,0.0304,0.0294,4.618400892750784,4.523286686702208,0.09511420857796277,resnet32,0.0105,0.0146,4.7372413690794595,4.6383716985583305,0.09886966634646589,resnet32,0.0424,0.0448,4.683973879299381,4.532586879350922,0.1513869980375272,resnet32,0.0314,0.0344,4.669632831080393,4.554324263198809,0.11530856429916722,resnet32,0.0312,0.0338,4.62026322497563,4.547091943973845,0.07317128343195443,9000000.0,0.0,36000000.0,36000000.0,432000000.0
resnet32x12_cifar100_K12_rand2-zomb0_seed0004_d015,d015,resnet32:12,cifar100,12,matched,rand2-zomb0,peers,4,200,64,0.1,0.9,0.0005,True,0,60,0.1,1.0,2,,random,1.0,1,0.0,0.5,weight,complete,0.0,0.0,42,0,45000,5000,10000,5170044,0,1,0.1,2,169.68,0.07618333333333334,0.03660703104899689,0.01,0.1385,0.122,0.04581666666666666,0.07696666666666667,0.122,0.7746181818181818,0.3361435446027413,0.7753924242424244,0.3314351894098856,0.0822,0.01,0.0822,0.0829090909090909,0.7444945454545455,0.3659324754715097,0.7435963636363637,0.37814418838881636,zombie,0.01,0.0116,0.0,0.0,0.0,resnet32,0.1385,0.1378,3.9312172017314215,3.812624491412531,0.11859270915473727,resnet32,0.0424,0.0448,4.521688974716446,4.455006860873916,0.06668211265456524,resnet32,0.092,0.092,4.249975151297721,4.120523018254475,0.12945213418623264,resnet32,0.0406,0.0402,4.5678207102147015,4.439302793280645,0.12851791619323194,resnet32,0.091,0.0888,4.193936256522482,4.124752976338971,0.06918328716842966,resnet32,0.0893,0.0878,4.1650964373892005,4.009556646374139,0.15553979373494672,resnet32,0.0967,0.0992,4.1585976691408595,4.057060293175957,0.10153737435625358,resnet32,0.0263,0.0292,4.593175385485996,4.452671000903303,0.14050438437102872,resnet32,0.1081,0.1084,4.018825583498586,3.9232630150561985,0.09556256856938655,resnet32,0.0742,0.079,4.253915967250412,4.168678798458793,0.0852371733582748,resnet32,0.1051,0.1048,4.22700410200791,4.1100714335387405,0.11693267415235327,9000000.0,0.0,36000000.0,72000000.0,864000000.0
resnet32x12_cifar100_K12_rand2-zomb0_seed0004_d015,d015,resnet32:12,cifar100,12,matched,rand2-zomb0,peers,4,200,64,0.1,0.9,0.0005,True,0,60,0.1,1.0,2,,random,1.0,1,0.0,0.5,weight,complete,0.0,0.0,42,0,45000,5000,10000,5170044,0,2,0.1,2,167.11,0.12803333333333333,0.049744536271724246,0.01,0.2068,0.1668,0.03876666666666667,0.1272,0.1634,0.6877757575757577,0.4174437055129831,0.6927045454545456,0.41295065578783113,0.13876363636363637,0.01,0.13876363636363637,0.1377090909090909,0.6318418181818183,0.4945115495948004,0.6258981818181818,0.5023773439244233,zombie,0.01,0.0116,0.0,0.0,0.0,resnet32,0.2068,0.206,3.856427936391397,3.514039099555124,0.3423888304863464,resnet32,0.0705,0.0744,4.132016806101257,4.046042447401718,0.08597435289993882,resnet32,0.1468,0.1472,3.828243674202399,3.680278594859622,0.147965081946247,resnet32,0.123,0.1134,4.068285853686658,3.940946542065252,0.12733930801253088,resnet32,0.1358,0.1284,3.828819876706058,3.710762310095809,0.11805756028148938,resnet32,0.1617,0.1588,3.6927574497054922,3.5756067376245153,0.11715071265247058,resnet32,0.1601,0.1606,3.6730612357231704,3.562168595127084,0.11089263657446612,resnet32,0.0946,0.0908,4.176646475764838,4.0517085157334805,0.12493795947044749,resnet32,0.1511,0.1544,3.9881976697255266,3.6932466487315567,0.29495102211579005,resnet32,0.108,0.1118,3.8411256105385045,3.737150808965618,0.10397479999598792,resnet32,0.168,0.169,3.687434193424203,3.5839701366018164,0.10346405433533205,9000000.0,0.0,36000000.0,108000000.0,1296000000.0
resnet32x12_cifar100_K12_rand2-zomb0_seed0004_d015,d015,resnet32:12,cifar100,12,matched,rand2-zomb0,peers,4,200,64,0.1,0.9,0.0005,True,0,60,0.1,1.0,2,,random,1.0,1,0.0,0.5,weight,complete,0.0,0.0,42,0,45000,5000,10000,5170044,0,3,0.1,2,167.05,0.18595833333333336,0.06384946434561704,0.01,0.2513,0.2436,0.05764166666666665,0.1870166666666667,0.2508,0.6814454545454544,0.4634348484257621,0.6874257575757573,0.4588926221842407,0.20195454545454547,0.01,0.20195454545454547,0.20296363636363637,0.6281381818181818,0.5328965439738831,0.6213672727272728,0.5374909370826485,zombie,0.01,0.0116,0.0,0.0,0.0,resnet32,0.2513,0.2404,3.2824710201133382,3.1039821773090144,0.17848884204233234,resnet32,0.1602,0.1602,4.080999603664333,3.728047959167849,0.35295163704590365,resnet32,0.2108,0.2116,3.5858697264709254,3.390497796914794,0.19537192574617537,resnet32,0.1689,0.1752,3.5732354064556686,3.403270413591103,0.16996499470604415,resnet32,0.2121,0.2074,3.460807092149149,3.327724017541517,0.13308306810954076,resnet32,0.2458,0.2478,3.432407158003612,3.2177310413257643,0.2146761165931821,resnet32,0.1768,0.1818,3.343101913278753,3.202439295297319,0.14066262147389352,resnet32,0.1284,0.139,4.076654001393101,3.70603060959415,0.37062338464470074,resnet32,0.219,0.226,3.399148942733353,3.2606335052035074,0.13851543873633174,resnet32,0.209,0.2102,3.466531403362751,3.3254005577076566,0.14113084277646107,resnet32,0.2392,0.233,3.318840889768167,3.1776770793578843,0.1411638130666688,9000000.0,0.0,36000000.0,144000000.0,1728000000.0
resnet32x12_cifar100_K12_rand2-zomb0_seed0004_d015,d015,resnet32:12,cifar100,12,matched,rand2-zomb0,peers,4,200,64,0.1,0.9,0.0005,True,0,60,0.1,1.0,2,,random,1.0,1,0.0,0.5,weight,complete,0.0,0.0,42,0,45000,5000,10000,5170044,0,4,0.1,2,167.54,0.21287500000000004,0.06746144732363811,0.01,0.2768,0.271,0.05812499999999998,0.21171666666666666,0.2684,0.6513303030303034,0.46573443195476344,0.6553712121212122,0.45937355290065074,0.23131818181818184,0.01,0.23131818181818184,0.2299090909090909,0.5871599999999999,0.5500501700512721,0.5821381818181819,0.5628831962581303,zombie,0.01,0.0116,0.0,0.0,0.0,resnet32,0.2707,0.2668,2.9940491227263752,2.818862732499838,0.17518638635308229,resnet32,0.1697,0.176,3.3254852921447973,3.113761958073486,0.21172334033657203,resnet32,0.2305,0.2282,3.2716651650314983,3.0735311162742702,0.19813404774123972,resnet32,0.202,0.2054,3.1929549226029352,3.0123027454723013,0.1806521761358123,resnet32,0.2374,0.2326,3.2283645353534003,3.021126102994789,0.2072384332052686,resnet32,0.237,0.2338,3.053160348399119,2.8675003857775168,0.18565996571189977,resnet32,0.2513,0.2488,3.1359931460835715,2.9485517394813625,0.18744140466548165,resnet32,0.2031,0.196,3.7996594319966706,3.358708501539447,0.4409509294835681,resnet32,0.2239,0.2246,3.52516608312726,3.075484120033004,0.44968196394091303,resnet32,0.2421,0.2478,3.17366784946485,3.0025053559379145,0.171162490288473,resnet32,0.2768,0.269,3.102132789113305,2.907822585241361,0.19431020691990852,9000000.0,0.0,36000000.0,180000000.0,2160000000.0
resnet32x12_cifar100_K12_rand2-zomb0_seed0004_d015,d015,resnet32:12,cifar100,12,matched,rand2-zomb0,peers,4,200,64,0.1,0.9,0.0005,True,0,60,0.1,1.0,2,,random,1.0,1,0.0,0.5,weight,complete,0.0,0.0,42,0,45000,5000,10000,5170044,0,5,0.1,2,167.14,0.23650000000000002,0.07251495248108028,0.01,0.2814,0.3,0.06349999999999997,0.23446666666666668,0.296,0.6412121212121217,0.480609280926309,0.6409999999999999,0.48542150713225735,0.2570909090909091,0.01,0.2570909090909091,0.25472727272727275,0.5713563636363636,0.5678893939449529,0.5716618181818182,0.5639164969799747,zombie,0.01,0.0116,0.0,0.0,0.0,resnet32,0.2808,0.2736,2.837141112170436,2.638763254000382,0.19837785319594498,resnet32,0.2652,0.2636,2.9590480642562564,2.7584589536894453,0.20058911204846067,resnet32,0.2729,0.2706,3.0138641738078813,2.820669077675451,0.19319509570910173,resnet32,0.2779,0.27,2.977479314939542,2.786697049032558,0.1907822692936117,resnet32,0.2713,0.2638,3.03778002648191,2.809413208202882,0.2283668180461973,resnet32,0.2749,0.2718,2.8910639621317387,2.6586030183190648,0.2324609461621466,resnet32,0.2481,0.253,3.4398850185627285,2.8875539641488683,0.5523310512812301,resnet32,0.208,0.2098,3.5926735915920953,3.0997081876478414,0.4929654042829167,resnet32,0.224,0.224,2.999712833288041,2.796609294008125,0.20310354266654362,resnet32,0.2235,0.2218,2.974311602725224,2.775412904606624,0.1988986949859695,resnet32,0.2814,0.28,2.8920393027365208,2.6974994516508146,0.19453985208052804,9000000.0,0.0,36000000.0,216000000.0,2592000000.0
resnet32x12_cifar100_K12_rand2-zomb0_seed0004_d015,d015,resnet32:12,cifar100,12,matched,rand2-zomb0,peers,4,200,64,0.1,0.9,0.0005,True,0,60,0.1,1.0,2,,random,1.0,1,0.0,0.5,weight,complete,0.0,0.0,42,0,45000,5000,10000,5170044,0,6,0.1,2,166.53,0.26409166666666667,0.07857696289130944,0.01,0.312,0.3225,0.05840833333333334,0.26371666666666665,0.3194,0.6082333333333334,0.5082671073803755,0.6096363636363634,0.5181363526463842,0.28719090909090905,0.01,0.28719090909090905,0.28663636363636363,0.5339054545454545,0.6038418131356906,0.5327854545454545,0.5908155564159404,zombie,0.01,0.0116,0.0,0.0,0.0,resnet32,0.2919,0.2894,2.7105983753095972,2.5012116101993755,0.20938676367090506,resnet32,0.312,0.3118,3.359847172417424,2.7722132663157852,0.5876339072022926,resnet32,0.2813,0.2778,2.868881295011802,2.655503361401233,0.21337793369523503,resnet32,0.286,0.2924,3.399505186487328,2.822545076974414,0.5769601119258865,resnet32,0.2676,0.2648,2.865555050020868,2.6436608413403686,0.22189421100880613,resnet32,0.2914,0.2882,2.787105392664671,2.5197428119453518,0.26736257813701575,resnet32,0.2752,0.2736,2.8126672841608524,2.596325609494339,0.21634167271920227,resnet32,0.2459,0.2436,2.9845832955430853,2.743745356459509,0.2408379387872463,resnet32,0.2992,0.294,2.8464899401773107,2.6299461129714143,0.21654382669790226,resnet32,0.3061,0.311,2.859751525589011,2.618342726068063,0.2414087982721288,resnet32,0.3025,0.3064,2.740907264704054,2.5407768342305315,0.2001304354476319,9000000.0,0.0,36000000.0,252000000.0,3024000000.0
resnet32x12_cifar100_K12_rand2-zomb0_seed0004_d015,d015,resnet32:12,cifar100,12,matched,rand2-zomb0,peers,4,200,64,0.1,0.9,0.0005,True,0,60,0.1,1.0,2,,random,1.0,1,0.0,0.5,weight,complete,0.0,0.0,42,0,45000,5000,10000,5170044,0,7,0.1,2,166.83,0.2964583333333333,0.08777225699059028,0.01,0.3496,0.3687,0.0722416666666667,0.2970666666666666,0.3746,0.6047818181818182,0.48631676751563924,0.6085833333333334,0.4849137641724273,0.3225,0.01,0.3225,0.32301818181818176,0.5331872727272727,0.5646968846790715,0.52904,0.56676434247114,zombie,0.01,0.0116,0.0,0.0,0.0,resnet32,0.3098,0.312,2.6775729154998604,2.4140426352281463,0.26353027832440357,resnet32,0.3355,0.3326,2.669874841855331,2.427283071658828,0.24259177076799626,resnet32,0.3466,0.3482,3.3534187478098003,2.7437945289367978,0.6096242198043249,resnet32,0.318,0.3156,2.783617925576188,2.5601897192272274,0.22342820613729683,resnet32,0.337,0.344,2.7192542251538145,2.5021942698142747,0.21705995595336638,resnet32,0.3062,0.3104,2.5979075008495287,2.3677819161252542,0.23012558394111693,resnet32,0.3209,0.3176,2.7425027167932554,2.474470932375301,0.2680317853281105,resnet32,0.3149,0.3118,3.310113775459203,2.7099510427903044,0.6001627341928807,resnet32,0.3496,0.3518,2.7374007654460994,2.519099736924876,0.2183010336858305,resnet32,0.2982,0.2966,2.726536563851617,2.501977128400044,0.22455943733538417,resnet32,0.3108,0.3126,2.662842671302232,2.420089156282219,0.24275351463901726,9000000.0,0.0,36000000.0,288000000.0,3456000000.0
resnet32x12_cifar100_K12_rand2-zomb0_seed0004_d015,d015,resnet32:12,cifar100,12,matched,rand2-zomb0,peers,4,200,64,0.1,0.9,0.0005,True,0,60,0.1,1.0,2,,random,1.0,1,0.0,0.5,weight,complete,0.0,0.0,42,0,45000,5000,10000,5170044,0,8,0.1,2,166.93,0.29003333333333337,0.08821975717239056,0.01,0.3619,0.3664,0.07636666666666664,0.28959999999999997,0.3656,0.6020454545454546,0.49331083290899325,0.6039075757575756,0.5002894114304154,0.3154909090909091,0.01,0.3154909090909091,0.31487272727272725,0.5302927272727272,0.5775833849561806,0.52856,0.5680964632786626,zombie,0.01,0.0116,0.0,0.0,0.0,resnet32,0.321,0.3198,2.547911024567756,2.319540201601657,0.22837082531557165,resnet32,0.3125,0.3186,3.125740523704074,2.502595592628826,0.623144930482588,resnet32,0.2704,0.2758,2.743848480284214,2.4875504940070887,0.2562979858961295,resnet32,0.2957,0.2896,2.7531797364354134,2.473717551678419,0.2794621870853007,resnet32,0.3191,0.3218,2.661633698439056,2.4203006493097003,0.2413330509285019,resnet32,0.3619,0.3564,2.516006497835571,2.265809641643004,0.25019685608673503,resnet32,0.341,0.3344,2.6075223230502824,2.3635150487111374,0.24400727660395205,resnet32,0.2755,0.2766,3.3073081956668333,2.7039126703007654,0.6033955236304213,resnet32,0.3411,0.3434,2.725597448985685,2.43762211704796,0.287975332996046,resnet32,0.3037,0.2962,2.635532558980313,2.3884380603717132,0.24709449848160148,resnet32,0.3285,0.331,2.5725932376967235,2.3281088026071135,0.2444844349414449,9000000.0,0.0,36000000.0,324000000.0,3888000000.0
resnet32x12_cifar100_K12_rand2-zomb0_seed0004_d015,d015,resnet32:12,cifar100,12,matched,rand2-zomb0,peers,4,200,64,0.1,0.9,0.0005,True,0,60,0.1,1.0,2,,random,1.0,1,0.0,0.5,weight,complete,0.0,0.0,42,0,45000,5000,10000,5170044,0,9,0.1,2,166.61,0.33430000000000004,0.10095409022587115,0.01,0.4222,0.4232,0.08889999999999998,0.32756666666666673,0.4054,0.5894969696969695,0.4877176624713897,0.5912363636363637,0.48485655195136035,0.36378181818181815,0.01,0.36378181818181815,0.3562909090909091,0.5110654545454546,0.5754845722354952,0.509090909090909,0.5800864273955949,zombie,0.01,0.0116,0.0,0.0,0.0,resnet32,0.3885,0.3808,2.544436290860176,2.2653867189179766,0.2790495719210329,resnet32,0.3487,0.3442,2.5388986126265745,2.2594723012298346,0.2794263099785894,resnet32,0.3419,0.3344,2.5979415347630326,2.3543638355014,0.24357770084911448,resnet32,0.3718,0.3646,2.6053830815309826,2.365259514105591,0.24012357009236107,resnet32,0.3824,0.372,2.6004700046032667,2.3342400042509492,0.26623000037348404,resnet32,0.4222,0.4134,3.066882346502759,2.411464925855398,0.6554174216633494,resnet32,0.3584,0.3484,3.1235137209296227,2.4863636754453182,0.6371500446376476,resnet32,0.3229,0.31,2.7143537298860876,2.4385748680003663,0.275778856869279,resnet32,0.3656,0.3536,2.60969450477172,2.359730042517185,0.24996446183120663,resnet32,0.3369,0.337,2.548085357993841,2.3056326024234295,0.24245275781405243,resnet32,0.3623,0.3608,2.501390291885896,2.2507867880842904,0.250603504457765,9000000.0,0.0,36000000.0,360000000.0,4320000000.0
resnet32x12_cifar100_K12_rand2-zomb0_seed0004_d015,d015,resnet32:12,cifar100,12,matched,rand2-zomb0,peers,4,200,64,0.1,0.9,0.0005,True,0,60,0.1,1.0,2,,random,1.0,1,0.0,0.5,weight,complete,0.0,0.0,42,0,45000,5000,10000,5170044,0,10,0.1,2,166.5,0.30691666666666667,0.09240014279690745,0.01,0.3767,0.3763,0.06938333333333335,0.29974999999999996,0.3712,0.5962757575757576,0.4879251783367444,0.5987181818181818,0.4892871732614192,0.3339090909090909,0.01,0.3339090909090909,0.32594545454545454,0.5193236363636364,0.5888359586906049,0.5165890909090909,0.588558042337594,zombie,0.01,0.0116,0.0,0.0,0.0,resnet32,0.3477,0.336,3.07743777571754,2.417578164318746,0.6598596156320788,resnet32,0.3767,0.3722,2.441716927188364,2.170957510105588,0.270759416193786,resnet32,0.3362,0.3238,2.54005735299804,2.285096947103739,0.25496040464548225,resnet32,0.3194,0.3058,2.555164011025971,2.304076214574955,0.2510877938687124,resnet32,0.3133,0.3076,2.527887600558725,2.2644986911592158,0.26338890772736206,resnet32,0.3467,0.3368,2.4980742298066616,2.198448410088366,0.29962581531568006,resnet32,0.3317,0.3206,2.5394527678462593,2.273008905520493,0.26644386137327686,resnet32,0.3271,0.3282,2.6285962475971743,2.346303863620216,0.28229238630526443,resnet32,0.3307,0.3286,2.572893488136205,2.299582079560919,0.273311409548941,resnet32,0.2824,0.2784,2.5121658369898796,2.2459850883619352,0.2661807450719855,resnet32,0.3611,0.3474,3.061941025270657,2.4069059779020874,0.6550350429236211,9000000.0,0.0,36000000.0,396000000.0,4752000000.0
resnet32x12_cifar100_K12_rand2-zomb0_seed0004_d015,d015,resnet32:12,cifar100,12,matched,rand2-zomb0,peers,4,200,64,0.1,0.9,0.0005,True,0,60,0.1,1.0,2,,random,1.0,1,0.0,0.5,weight,complete,0.0,0.0,42,0,45000,5000,10000,5170044,0,11,0.1,2,166.6,0.311525,0.09278567710050942,0.01,0.3738,0.3858,0.07427499999999998,0.30705,0.385,0.5795212121212122,0.513711144453512,0.5798378787878787,0.5189057317875684,0.33893636363636365,0.01,0.33893636363636365,0.33390909090909093,0.4984545454545456,0.6062031536474448,0.4985200000000001,0.6006694206442748,zombie,0.01,0.0116,0.0,0.0,0.0,resnet32,0.3569,0.355,2.9770122576843607,2.3784223322502593,0.5985899216241457,resnet32,0.3218,0.327,2.3980744352394883,2.1147383341396395,0.28333610156551003,resnet32,0.3513,0.3416,2.4858120234513823,2.218821716240861,0.26699030630036513,resnet32,0.3272,0.3274,2.5220331619070335,2.247345018793236,0.2746881405314939,resnet32,0.3507,0.3464,2.446150643751025,2.1861896795982663,0.2599609667773951,resnet32,0.3221,0.3176,2.404537667266347,2.1144176926463842,0.29011997337114404,resnet32,0.3738,0.3648,2.4467192343012854,2.1848298551684078,0.2618893739047714,resnet32,0.3316,0.3238,2.560417692600326,2.27196323431351,0.2884544607632878,resnet32,0.3466,0.3412,2.495117838748477,2.218388595533642,0.2767292399975387,resnet32,0.3452,0.3388,2.5195007039742037,2.2479098564521833,0.27159084561704233,resnet32,0.3011,0.2894,2.99796433780681,2.3962576785548166,0.6017066553573717,9000000.0,0.0,36000000.0,432000000.0,5184000000.0
resnet32x12_cifar100_K12_rand2-zomb0_seed0004_d015,d015,resnet32:12,cifar100,12,matched,rand2-zomb0,peers,4,200,64,0.1,0.9,0.0005,True,0,60,0.1,1.0,2,,random,1.0,1,0.0,0.5,weight,complete,0.0,0.0,42,0,45000,5000,10000,5170044,0,12,0.1,2,166.57,0.31415,0.09440817849459159,0.01,0.3875,0.3947,0.08055000000000001,0.3099,0.391,0.5971484848484848,0.4878280182679088,0.5967181818181819,0.4883709410727037,0.3418,0.01,0.3418,0.33701818181818183,0.5199545454545457,0.5681897525793542,0.520858181818182,0.5688659380471781,zombie,0.01,0.0116,0.0,0.0,0.0,resnet32,0.3003,0.2954,2.4437012240629303,2.149342555891384,0.2943586695473641,resnet32,0.3328,0.3332,2.3531791630455037,2.0773145090788603,0.2758646551942961,resnet32,0.3482,0.3482,2.4361051327802916,2.164929494431073,0.27117564040236175,resnet32,0.3368,0.3292,2.535661022432826,2.2243963823738424,0.31126463910649443,resnet32,0.3589,0.3514,2.3821468356658113,2.130537123842673,0.2516097115903077,resnet32,0.3342,0.332,2.3659566661173645,2.0761774192479523,0.28977924830872903,resnet32,0.3875,0.3802,3.0142424956641416,2.332409629090266,0.681832868097858,resnet32,0.3674,0.3614,2.4751542007381264,2.191979705271396,0.2831744941967455,resnet32,0.3114,0.31,2.446288428184661,2.1692320462316275,0.27705637547610834,resnet32,0.3498,0.3416,2.4187638749453155,2.143739301203327,0.27502457617612724,resnet32,0.3325,0.3246,3.0116772208024156,2.35679312964732,0.6548840896311131,9000000.0,0.0,36000000.0,468000000.0,5616000000.0
resnet32x12_cifar100_K12_rand2-zomb0_seed0004_d015,d015,resnet32:12,cifar100,12,matched,rand2-zomb0,peers,4,200,64,0.1,0.9,0.0005,True,0,60,0.1,1.0,2,,random,1.0,1,0.0,0.5,weight,complete,0.0,0.0,42,0,45000,5000,10000,5170044,0,13,0.1,2,168.36,0.32663333333333333,0.09926333103865137,0.01,0.4044,0.4107,0.08406666666666668,0.3202833333333333,0.3982,0.5970909090909092,0.4945984766194494,0.5962742424242424,0.4965323763671744,0.35541818181818186,0.01,0.35541818181818186,0.3483454545454545,0.5224163636363637,0.5735024774092429,0.5240181818181819,0.5695884820524908,zombie,0.01,0.0116,0.0,0.0,0.0,resnet32,0.3214,0.3182,2.350674193521792,2.0762447406622497,0.2744294547645206,resnet32,0.3314,0.3162,2.3065075300295246,2.03170968727632,0.2747978393877433,resnet32,0.3716,0.3684,2.4176037838174538,2.131584372710098,0.2860194097738713,resnet32,0.3321,0.3298,2.4621755995533685,2.1862733624875546,0.2759022366636517,resnet32,0.3434,0.342,2.39835086600347,2.119076714596965,0.2792741495226933,resnet32,0.3871,0.382,2.3180575209923764,2.037343755872412,0.28071376124650915,resnet32,0.3169,0.316,2.9368621446192265,2.3344816738231615,0.6023804738440297,resnet32,0.384,0.3682,3.006049982187423,2.3731099160557445,0.6329400657930158,resnet32,0.4044,0.3904,2.4546982314098966,2.191967583346096,0.2627306515562602,resnet32,0.3738,0.3684,2.3742561531676487,2.0977322984148157,0.27652385422367265,resnet32,0.3435,0.3322,2.4161896859718994,2.12799651497467,0.2881931672084399,9000000.0,0.0,36000000.0,504000000.0,6048000000.0
resnet32x12_cifar100_K12_rand2-zomb0_seed0004_d015,d015,resnet32:12,cifar100,12,matched,rand2-zomb0,peers,4,200,64,0.1,0.9,0.0005,True,0,60,0.1,1.0,2,,random,1.0,1,0.0,0.5,weight,complete,0.0,0.0,42,0,45000,5000,10000,5170044,0,14,0.1,2,167.17,0.363725,0.10851020785314779,0.01,0.4158,0.4628,0.09907499999999997,0.3559833333333333,0.4528,0.5907,0.4885837646989091,0.593016666666667,0.48162596783401834,0.3958818181818182,0.01,0.3958818181818182,0.387290909090909,0.5135036363636363,0.5675342848455347,0.5110109090909092,0.5779352510965111,zombie,0.01,0.0116,0.0,0.0,0.0,resnet32,0.4067,0.3924,2.3118760954927313,2.031000001525337,0.28087609917433426,resnet32,0.4091,0.4044,2.302466483109377,2.0095309689641,0.2929355116264725,resnet32,0.3813,0.3708,2.3927435754713686,2.106872020797296,0.2858715579548681,resnet32,0.3489,0.3388,2.4445632713084873,2.153286831622774,0.2912764370610768,resnet32,0.4082,0.4008,2.932543533769521,2.287319389764558,0.6452241408723322,resnet32,0.4089,0.4068,2.2489858340810644,1.9832001826302572,0.2657856463708661,resnet32,0.4067,0.3928,2.4413574534383686,2.13081756115637,0.3105398902923546,resnet32,0.3943,0.3818,2.4678388762880457,2.1713694874197245,0.2964693899478086,resnet32,0.3639,0.3584,2.4239387684925036,2.1273195758800614,0.2966191914906217,resnet32,0.4158,0.4118,2.3776599177244035,2.111830344084989,0.2658295730467547,resnet32,0.4109,0.4014,2.906691137701273,2.2689698055725205,0.6377213316207583,9000000.0,0.0,36000000.0,540000000.0,6480000000.0
resnet32x12_cifar100_K12_rand2-zomb0_seed0004_d015,d015,resnet32:12,cifar100,12,matched,rand2-zomb0,peers,4,200,64,0.1,0.9,0.0005,True,0,60,0.1,1.0,2,,random,1.0,1,0.0,0.5,weight,complete,0.0,0.0,42,0,45000,5000,10000,5170044,0,15,0.1,2,167.98,0.3445666666666667,0.10261648124069651,0.01,0.4022,0.4376,0.0930333333333333,0.3430833333333334,0.435,0.5995878787878786,0.4786503308739348,0.6022090909090909,0.4838551760376292,0.37498181818181814,0.01,0.37498181818181814,0.37321818181818184,0.5245454545454545,0.5716709452667871,0.5214690909090908,0.566847062912185,zombie,0.01,0.0116,0.0,0.0,0.0,resnet32,0.3412,0.3328,2.930998367003419,2.227183714339679,0.7038146535103972,resnet32,0.4022,0.3954,2.2531516909260643,1.9774761152538387,0.2756755805193362,resnet32,0.3648,0.3628,2.3778583996675233,2.0757777987217363,0.3020806006071242,resnet32,0.3975,0.3956,2.992381489412351,2.3040886485779826,0.6882928459989753,resnet32,0.3794,0.3846,2.4104152621532027,2.1030153657563706,0.3073998978784816,resnet32,0.3848,0.3808,2.251738354563713,1.968672467734326,0.28306588788770815,resnet32,0.3889,0.383,2.376675825396722,2.0747854233804075,0.3018904029688036,resnet32,0.346,0.3416,2.3707846531813797,2.0912078361619604,0.27957681886089797,resnet32,0.368,0.3702,2.3693192684176294,2.0891165733337402,0.2802026922899214,resnet32,0.3927,0.3938,2.3386763124303385,2.0539379805665123,0.2847383365839381,resnet32,0.3593,0.3648,2.370697137307037,2.065866856073791,0.30483028243973176,9000000.0,0.0,36000000.0,576000000.0,6912000000.0
resnet32x12_cifar100_K12_rand2-zomb0_seed0004_d015,d015,resnet32:12,cifar100,12,matched,rand2-zomb0,peers,4,200,64,0.1,0.9,0.0005,True,0,60,0.1,1.0,2,,random,1.0,1,0.0,0.5,weight,complete,0.0,0.0,42,0,45000,5000,10000,5170044,0,16,0.1,2,166.36,0.3714,0.11289608791568762,0.01,0.4477,0.4769,0.10549999999999998,0.36365000000000003,0.4606,0.5874030303030303,0.47796063925691784,0.5892575757575756,0.4819638506839903,0.4042545454545455,0.01,0.4042545454545455,0.3956545454545454,0.5081927272727274,0.57598944796254,0.5060690909090907,0.5744055108203324,zombie,0.01,0.0116,0.0,0.0,0.0,resnet32,0.3986,0.3904,2.3410969330844553,2.044656465676698,0.29644047106954863,resnet32,0.4179,0.4094,2.2471496647393163,1.9614654547450217,0.2856842090418054,resnet32,0.4294,0.416,2.9853620657866653,2.3145390386608513,0.6708230278031393,resnet32,0.4047,0.3866,2.874884258278392,2.2854421577331694,0.589442097031596,resnet32,0.3252,0.3206,2.3333780169487,2.0438155335458843,0.28956248551945796,resnet32,0.436,0.4338,2.233679252084006,1.9474962004883722,0.28618305220945994,resnet32,0.389,0.3888,2.3396831542592156,2.0466496614231304,0.2930334946140647,resnet32,0.4038,0.3952,2.4005367542532356,2.126135051419789,0.2744017015211284,resnet32,0.4055,0.403,2.34334466166117,2.051378754560243,0.29196590509011666,resnet32,0.389,0.3702,2.3127787619490516,2.0243921405212446,0.2883866186126728,resnet32,0.4477,0.4382,2.2859717548232186,2.001331950114532,0.28463980318470433,9000000.0,0.0,36000000.0,612000000.0,7344000000.0
resnet32x12_cifar100_K12_rand2-zomb0_seed0004_d015,d015,resnet32:12,cifar100,12,matched,rand2-zomb0,peers,4,200,64,0.1,0.9,0.0005,True,0,60,0.1,1.0,2,,random,1.0,1,0.0,0.5,weight,complete,0.0,0.0,42,0,45000,5000,10000,5170044,0,17,0.1,2,166.6,0.35130833333333333,0.1098242873740696,0.01,0.4389,0.4562,0.10489166666666666,0.3476666666666666,0.4518,0.6100878787878787,0.4711975894572374,0.6130030303030302,0.47592337570908466,0.38233636363636364,0.01,0.38233636363636364,0.37821818181818173,0.5381545454545454,0.5569586270355729,0.5351090909090908,0.5506964931252145,zombie,0.01,0.0116,0.0,0.0,0.0,resnet32,0.3759,0.3756,2.271033247594129,1.987119466743686,0.28391377750614827,resnet32,0.3731,0.3764,2.927970466627316,2.2063852826302703,0.7215851852670312,resnet32,0.3011,0.306,2.3802610584958033,2.0796129940585657,0.3006480598229576,resnet32,0.3979,0.387,2.994474383579059,2.326625060290098,0.6678493270989169,resnet32,0.4389,0.4278,2.333024137738076,2.0197938870299947,0.3132302554916929,resnet32,0.4386,0.4342,2.2190278599208053,1.9366644319485535,0.282363426130773,resnet32,0.4126,0.4036,2.293060155924071,2.0056722590869125,0.2873878967948258,resnet32,0.3439,0.3352,2.3871690827337178,2.0874579939991236,0.299711089073257,resnet32,0.3934,0.3888,2.379318479109894,2.054288964210586,0.3250295164232904,resnet32,0.3405,0.3394,2.2851724805818363,2.0028795755722304,0.2822929092428901,resnet32,0.3898,0.3864,2.2728227725760504,1.982601539993828,0.2902212312487377,9000000.0,0.0,36000000.0,648000000.0,7776000000.0
resnet32x12_cifar100_K12_rand2-zomb0_seed0004_d015,d015,resnet32:12,cifar100,12,matched,rand2-zomb0,peers,4,200,64,0.1,0.9,0.0005,True,0,60,0.1,1.0,2,,random,1.0,1,0.0,0.5,weight,complete,0.0,0.0,42,0,45000,5000,10000,5170044,0,18,0.1,2,167.49,0.3562916666666667,0.11142601774520867,0.01,0.4549,0.4387,0.0824083333333333,0.35600000000000004,0.4396,0.5812363636363633,0.4790437155991972,0.5802378787878788,0.4846062708962342,0.3877727272727273,0.01,0.3877727272727273,0.3873090909090909,0.49796545454545466,0.570202522793212,0.49925090909090913,0.5663262281709132,zombie,0.01,0.0116,0.0,0.0,0.0,resnet32,0.4157,0.4176,2.254458051513542,1.9693081136792898,0.285149934172461,resnet32,0.3821,0.3826,2.2947758554734965,1.9865188564766536,0.30825700248930266,resnet32,0.3687,0.3594,2.307930853556503,2.0270942342890934,0.28083662005056714,resnet32,0.3519,0.3492,2.4479585852135313,2.1330080755393612,0.3149505076845261,resnet32,0.4149,0.4168,2.2976480537856165,2.006207922134887,0.2914401309734041,resnet32,0.4195,0.4154,2.2167574781924486,1.9253028392453084,0.29145464129661297,resnet32,0.3735,0.3732,2.281993545083837,1.9909653641622176,0.29102817781015555,resnet32,0.3133,0.322,2.37129883332686,2.0508904965086416,0.32040833817286923,resnet32,0.3425,0.348,2.3237232532013548,2.0266512395306067,0.2970720112577758,resnet32,0.4549,0.454,2.912253728983077,2.2149378950284286,0.6973158291287043,resnet32,0.4285,0.4222,2.8888579359786077,2.185531372204423,0.7033265633931891,9000000.0,0.0,36000000.0,684000000.0,8208000000.0
resnet32x12_cifar100_K12_rand2-zomb0_seed0004_d015,d015,resnet32:12,cifar100,12,matched,rand2-zomb0,peers,4,200,64,0.1,0.9,0.0005,True,0,60,0.1,1.0,2,,random,1.0,1,0.0,0.5,weight,complete,0.0,0.0,42,0,45000,5000,10000,5170044,0,19,0.1,2,166.69,0.35918333333333324,0.11471200048624189,0.01,0.4409,0.4622,0.10301666666666676,0.35323333333333334,0.4526,0.6069787878787877,0.45239311239606017,0.6070075757575758,0.45688551693482,0.3909272727272727,0.01,0.3909272727272727,0.3842909090909092,0.5296163636363636,0.5466690335716897,0.5296363636363637,0.5422019564792153,zombie,0.01,0.0116,0.0,0.0,0.0,resnet32,0.4036,0.3996,2.2918312691829423,1.9803258978169074,0.3115053748373281,resnet32,0.4334,0.4328,2.843469073149291,2.141211360354315,0.7022577124563131,resnet32,0.3592,0.3502,2.2936750377782364,1.9998659186742522,0.29380912058563396,resnet32,0.357,0.3546,2.379826676777818,2.0727407470006836,0.3070859305814586,resnet32,0.4212,0.4198,2.9148303876546295,2.206389841369607,0.7084405486556616,resnet32,0.4409,0.4304,2.2546686623245478,1.938488733023405,0.3161799324549396,resnet32,0.3949,0.3892,2.2717667130584065,1.9741236941719598,0.29764301560565154,resnet32,0.3568,0.3452,2.3292495244267313,2.0318686845289036,0.29738083585504105,resnet32,0.4269,0.4186,2.27048925395039,1.9893602503632957,0.2811290035659278,resnet32,0.2756,0.2642,2.3181848906996576,2.019913923503323,0.2982709661591798,resnet32,0.4307,0.4226,2.3044135855002836,2.001822418617931,0.30259116887199605,9000000.0,0.0,36000000.0,720000000.0,8640000000.0
resnet32x12_cifar100_K12_rand2-zomb0_seed0004_d015,d015,resnet32:12,cifar100,12,matched,rand2-zomb0,peers,4,200,64,0.1,0.9,0.0005,True,0,60,0.1,1.0,2,,random,1.0,1,0.0,0.5,weight,complete,0.0,0.0,42,0,45000,5000,10000,5170044,0,20,0.1,2,166.5,0.365125,0.11204773629276646,0.01,0.4445,0.4573,0.092175,0.36235,0.4512,0.5800848484848486,0.4650835412225677,0.5743848484848484,0.4807557213305649,0.39740909090909093,0.01,0.39740909090909093,0.3942363636363637,0.4899981818181816,0.5798325220448443,0.49673818181818186,0.5650178923531113,zombie,0.01,0.0116,0.0,0.0,0.0,resnet32,0.4065,0.406,2.252298038114201,1.9511795741590587,0.30111846494996414,resnet32,0.3756,0.372,2.273211862214587,1.9637079657140104,0.30950389690273866,resnet32,0.42,0.4168,2.290828224271536,1.9863480156795545,0.30448020584034646,resnet32,0.4445,0.4368,2.8928295787085188,2.185827723619613,0.7070018541575833,resnet32,0.3913,0.3824,2.307011217217554,2.0099742876535114,0.2970369306646965,resnet32,0.4058,0.4102,2.2510145521638067,1.931170365349813,0.3198441856286742,resnet32,0.41,0.4088,2.267881815406409,1.967037482187152,0.3008443334520879,resnet32,0.3224,0.3216,2.3048251178115606,2.001792552796277,0.30303256573494186,resnet32,0.3477,0.3504,2.8546255613592537,2.1491299009119924,0.7054956596006047,resnet32,0.4277,0.4174,2.2321023121476173,1.9548427918079225,0.2772595169742338,resnet32,0.42,0.4142,2.2363875208591875,1.941513996401971,0.294873525896533,9000000.0,0.0,36000000.0,756000000.0,9072000000.0
resnet32x12_cifar100_K12_rand2-zomb0_seed0004_d015,d015,resnet32:12,cifar100,12,matched,rand2-zomb0,peers,4,200,64,0.1,0.9,0.0005,True,0,60,0.1,1.0,2,,random,1.0,1,0.0,0.5,weight,complete,0.0,0.0,42,0,45000,5000,10000,5170044,0,21,0.1,2,168.54,0.38757499999999995,0.11593567990485068,0.01,0.4576,0.4862,0.09862500000000007,0.38781666666666664,0.4876,0.5574,0.49202360881542023,0.5585863636363638,0.49583541161253747,0.42189999999999994,0.01,0.42189999999999994,0.4220181818181818,0.4721109090909091,0.5875185342140944,0.4711381818181818,0.5837700025701777,zombie,0.01,0.0116,0.0,0.0,0.0,resnet32,0.4392,0.4386,2.239616095511751,1.941876300864599,0.2977397989862683,resnet32,0.4576,0.4618,2.2450104608115824,1.9303394371474332,0.3146710214628415,resnet32,0.434,0.4336,2.8759883760728617,2.1652883780612187,0.7106999959796667,resnet32,0.4113,0.4062,2.3354791793972254,2.0326889763501557,0.30279020141725516,resnet32,0.4109,0.4042,2.2659314918247135,1.9651430283080449,0.30078846372833307,resnet32,0.4454,0.4558,2.208201754668897,1.9153539184480906,0.29284783643247053,resnet32,0.3787,0.3716,2.235499021681872,1.95033246668225,0.28516655652360484,resnet32,0.4315,0.4258,2.8275996941057118,2.136371806433255,0.6912278854711489,resnet32,0.4101,0.4144,2.318326603451913,2.0138249321078714,0.3045016689522361,resnet32,0.3895,0.3922,2.2581862582063135,1.9571468872441486,0.3010393722533164,resnet32,0.4327,0.438,2.261737182905728,1.950190733102235,0.31154645325362007,9000000.0,0.0,36000000.0,792000000.0,9504000000.0
resnet32x12_cifar100_K12_rand2-zomb0_seed0004_d015,d015,resnet32:12,cifar100,12,matched,rand2-zomb0,peers,4,200,64,0.1,0.9,0.0005,True,0,60,0.1,1.0,2,,random,1.0,1,0.0,0.5,weight,complete,0.0,0.0,42,0,45000,5000,10000,5170044,0,22,0.1,2,166.81,0.35740833333333333,0.10849559482864835,0.01,0.4487,0.444,0.08659166666666668,0.3588333333333333,0.4394,0.5848424242424242,0.49797720610897844,0.5868545454545457,0.5041058295299834,0.3889909090909091,0.01,0.3889909090909091,0.39039999999999997,0.5066345454545454,0.5907446583920232,0.5043927272727272,0.5842426884631977,zombie,0.01,0.0116,0.0,0.0,0.0,resnet32,0.4487,0.4472,2.885939483276822,2.1686577697030525,0.7172817150130868,resnet32,0.3586,0.357,2.207506011832844,1.9098464462228797,0.29765956747260963,resnet32,0.4071,0.4124,2.2930378675122154,1.9974579978734255,0.2955798764543777,resnet32,0.3409,0.3464,2.3347166399048134,2.0117362233048137,0.32298042108728126,resnet32,0.3764,0.3812,2.2286811152642425,1.9358918130059133,0.2927893043749712,resnet32,0.3942,0.3956,2.24261720393869,1.9151657113636082,0.32745149003511126,resnet32,0.3959,0.3918,2.236792765049772,1.939985667778687,0.29680709581060166,resnet32,0.4028,0.412,2.8568415753543377,2.1716390539976684,0.6852025234733116,resnet32,0.3764,0.3724,2.255182594568892,1.9630442073738033,0.29213838979855855,resnet32,0.3583,0.3642,2.233407478610223,1.9379368219524622,0.29547065422362223,resnet32,0.4196,0.4142,2.2235607537017628,1.9314010512422433,0.2921597001523795,9000000.0,0.0,36000000.0,828000000.0,9936000000.0
resnet32x12_cifar100_K12_rand2-zomb0_seed0004_d015,d015,resnet32:12,cifar100,12,matched,rand2-zomb0,peers,4,200,64,0.1,0.9,0.0005,True,0,60,0.1,1.0,2,,random,1.0,1,0.0,0.5,weight,complete,0.0,0.0,42,0,45000,5000,10000,5170044,0,23,0.1,2,166.63,0.31776666666666664,0.09883657667528195,0.01,0.4199,0.4075,0.08973333333333333,0.31051666666666666,0.3962,0.6229939393939395,0.4662642876828658,0.6228212121212122,0.4712252250875932,0.3457454545454546,0.01,0.3457454545454546,0.3376909090909091,0.5489236363636364,0.557231724218774,0.5491563636363637,0.554060377152072,zombie,0.01,0.0116,0.0,0.0,0.0,resnet32,0.3817,0.3758,2.285253429785371,1.9747817069292068,0.3104717220941728,resnet32,0.3311,0.3204,2.1930678527463567,1.8948357535356826,0.2982320987873457,resnet32,0.3181,0.308,2.2535397305407305,1.9532907425679944,0.3002489892638881,resnet32,0.3671,0.3466,2.8541696748950263,2.20962727594782,0.6445423948832534,resnet32,0.3007,0.298,2.230670401318507,1.9341527883979408,0.2965176115235822,resnet32,0.3326,0.3268,2.1898193916475233,1.8953927303241058,0.29442666219124064,resnet32,0.3354,0.3284,2.227658673274246,1.9306720337745817,0.29698663753118704,resnet32,0.2977,0.292,2.3577683129432527,2.076561625708233,0.28120668687519024,resnet32,0.4199,0.4134,2.2630126657472416,1.9572154886343263,0.3057971725198017,resnet32,0.3411,0.3334,2.8429018475792627,2.1743448847396807,0.6685569665648721,resnet32,0.3778,0.3718,2.2188722139055077,1.914411134171215,0.3044610803057863,9000000.0,0.0,36000000.0,864000000.0,10368000000.0
resnet32x12_cifar100_K12_rand2-zomb0_seed0004_d015,d015,resnet32:12,cifar100,12,matched,rand2-zomb0,peers,4,200,64,0.1,0.9,0.0005,True,0,60,0.1,1.0,2,,random,1.0,1,0.0,0.5,weight,complete,0.0,0.0,42,0,45000,5000,10000,5170044,0,24,0.1,2,166.0,0.3052166666666667,0.09848170585895073,0.01,0.4139,0.3895,0.08428333333333332,0.30668333333333336,0.3922,0.6255424242424245,0.4703706325683824,0.6282757575757576,0.4625634500721901,0.3320545454545455,0.01,0.3320545454545455,0.33350909090909087,0.5554836363636363,0.5458665016881511,0.5523454545454545,0.5570198052568142,zombie,0.01,0.0116,0.0,0.0,0.0,resnet32,0.346,0.3426,2.212619725445455,1.9182739911431617,0.2943457336673005,resnet32,0.3278,0.3412,2.81606860966845,2.0932912381196562,0.7227773740040985,resnet32,0.3498,0.3516,2.2211717553436756,1.9293541285124691,0.2918176289266822,resnet32,0.318,0.3098,2.332487615672025,2.020136198367585,0.3123514186802574,resnet32,0.3536,0.3604,2.252932530065829,1.9358454653146593,0.31708706356585026,resnet32,0.4139,0.4112,2.1658499384806915,1.8710422033274716,0.29480773337524047,resnet32,0.2417,0.2494,2.2393255718052387,1.9322497368874876,0.3070758305574683,resnet32,0.2818,0.2898,2.337656255980784,2.013909161937508,0.32374709156680515,resnet32,0.3243,0.3248,2.2368228950283746,1.9352692702615804,0.3015536230311475,resnet32,0.3149,0.3148,2.265548522330143,1.960824580355124,0.30472393945621495,resnet32,0.3808,0.373,2.8002255565740843,2.095651948824525,0.7045736096968706,9000000.0,0.0,36000000.0,900000000.0,10800000000.0
resnet32x12_cifar100_K12_rand2-zomb0_seed0004_d015,d015,resnet32:12,cifar100,12,matched,rand2-zomb0,peers,4,200,64,0.1,0.9,0.0005,True,0,60,0.1,1.0,2,,random,1.0,1,0.0,0.5,weight,complete,0.0,0.0,42,0,45000,5000,10000,5170044,0,25,0.1,2,166.17,0.38788333333333336,0.11680002021499064,0.01,0.4643,0.4952,0.10731666666666662,0.38084999999999997,0.4874,0.5826757575757576,0.4798291502097048,0.5814136363636365,0.48667892114780514,0.4222363636363636,0.01,0.4222363636363636,0.41441818181818174,0.49968727272727276,0.5738893663642172,0.5013709090909091,0.567631979458474,zombie,0.01,0.0116,0.0,0.0,0.0,resnet32,0.435,0.4174,2.195291358808225,1.8944851706989787,0.30080618944273074,resnet32,0.4029,0.4052,2.2345205313441427,1.9158196459439667,0.3187008807012303,resnet32,0.4376,0.4286,2.2254343759268522,1.9211892886933954,0.30424508575180714,resnet32,0.414,0.4054,2.284701607952064,1.9708127848465333,0.31388882437551563,resnet32,0.441,0.4254,2.827063907953826,2.167456045577472,0.6596078592013906,resnet32,0.4603,0.454,2.1665877125818622,1.8597648490897634,0.30682286160828715,resnet32,0.3884,0.3802,2.290452964603901,1.9971107303757558,0.29334223636595363,resnet32,0.3897,0.3842,2.2789782238277523,1.9652122538536787,0.3137659668202766,resnet32,0.3861,0.3812,2.2187923176044766,1.9192266106944194,0.29956570553424006,resnet32,0.4643,0.4558,2.229405529119752,1.9215825745327906,0.3078229548197917,resnet32,0.4253,0.4212,2.831250796263868,2.181169931861487,0.6500808645293794,9000000.0,0.0,36000000.0,936000000.0,11232000000.0
resnet32x12_cifar100_K12_rand2-zomb0_seed0004_d015,d015,resnet32:12,cifar100,12,matched,rand2-zomb0,peers,4,200,64,0.1,0.9,0.0005,True,0,60,0.1,1.0,2,,random,1.0,1,0.0,0.5,weight,complete,0.0,0.0,42,0,45000,5000,10000,5170044,0,26,0.1,2,166.25,0.38956666666666667,0.11585097707351841,0.01,0.4523,0.4872,0.09763333333333335,0.3813166666666667,0.4724,0.567069696969697,0.48288580713892776,0.5636484848484846,0.49485163355020395,0.4240727272727272,0.01,0.4240727272727272,0.41492727272727276,0.4779218181818182,0.5866920827679304,0.4824218181818181,0.5730992804393336,zombie,0.01,0.0116,0.0,0.0,0.0,resnet32,0.4459,0.4366,2.1741680218414827,1.879224500026215,0.294943526302549,resnet32,0.3998,0.395,2.177536945112727,1.872395801611922,0.30514114796692,resnet32,0.4272,0.4168,2.259541921148246,1.9345550615001808,0.3249868563461033,resnet32,0.4523,0.4426,2.8839755302125756,2.171958166597919,0.7120173682712696,resnet32,0.4128,0.41,2.8709749830040066,2.170525747944008,0.7004492346366699,resnet32,0.4435,0.4376,2.2235612725331024,1.880197713998231,0.34336355506357824,resnet32,0.4347,0.4156,2.2331469783728775,1.9317504253915765,0.30139655054716225,resnet32,0.4168,0.404,2.2633107887072996,1.9434657147662207,0.3198450757613914,resnet32,0.4292,0.414,2.201547170735218,1.9078174526379867,0.2937297227961773,resnet32,0.3894,0.3846,2.193700899285349,1.8944998039779337,0.2992010956884108,resnet32,0.4132,0.4074,2.2587202150713312,1.9474555120210757,0.3112647059500556,9000000.0,0.0,36000000.0,972000000.0,11664000000.0
resnet32x12_cifar100_K12_rand2-zomb0_seed0004_d015,d015,resnet32:12,cifar100,12,matched,rand2-zomb0,peers,4,200,64,0.1,0.9,0.0005,True,0,60,0.1,1.0,2,,random,1.0,1,0.0,0.5,weight,complete,0.0,0.0,42,0,45000,5000,10000,5170044,0,27,0.1,2,166.3,0.3820333333333333,0.11431395608391635,0.01,0.4465,0.4845,0.1024666666666667,0.38151666666666667,0.4786,0.5751575757575756,0.48489047335622953,0.5799151515151515,0.4759096162776137,0.4158545454545454,0.01,0.4158545454545454,0.41514545454545454,0.49786363636363634,0.5611191896031793,0.49239272727272726,0.5729599517209634,zombie,0.01,0.0116,0.0,0.0,0.0,resnet32,0.4164,0.4184,2.1985499786043707,1.887560749426484,0.31098923116753047,resnet32,0.3953,0.3936,2.185790221460841,1.8696273604238576,0.316162856803699,resnet32,0.43,0.4276,2.862760602411899,2.1425109974701297,0.7202496035871181,resnet32,0.3982,0.4058,2.3060639307580213,1.9823837535963817,0.32368017599748616,resnet32,0.4069,0.4146,2.2900485953485425,1.971613129431551,0.3184354683511298,resnet32,0.4465,0.4436,2.177693635563959,1.8666458397426389,0.3110477969431403,resnet32,0.4031,0.3992,2.2271520871330392,1.9149081515656277,0.3122439347842539,resnet32,0.4444,0.4462,2.25364651276984,1.9339712428098375,0.31967527110298927,resnet32,0.3679,0.3654,2.8432740450582723,2.1172908751124684,0.7259831742637537,resnet32,0.4353,0.4238,2.1769574499604376,1.8938981521536002,0.2830592997118153,resnet32,0.4304,0.4284,2.232087417590347,1.910362494262782,0.3217249259098687,9000000.0,0.0,36000000.0,1008000000.0,12096000000.0
resnet32x12_cifar100_K12_rand2-zomb0_seed0004_d015,d015,resnet32:12,cifar100,12,matched,rand2-zomb0,peers,4,200,64,0.1,0.9,0.0005,True,0,60,0.1,1.0,2,,random,1.0,1,0.0,0.5,weight,complete,0.0,0.0,42,0,45000,5000,10000,5170044,0,28,0.1,2,166.63,0.355025,0.10768053155050825,0.01,0.4318,0.4505,0.09547500000000003,0.35813333333333336,0.4582,0.5932666666666666,0.48311677256346564,0.5925742424242426,0.4856120002210335,0.3863909090909091,0.01,0.3863909090909091,0.3896363636363636,0.5154763636363637,0.5645743882094196,0.5168254545454547,0.5605494235599844,zombie,0.01,0.0116,0.0,0.0,0.0,resnet32,0.4067,0.4106,2.187980317425999,1.8818010635335336,0.30617925607260654,resnet32,0.3895,0.3976,2.1626285497437823,1.854765723374757,0.30786282823167066,resnet32,0.3314,0.3324,2.3157139024273916,1.985320902175524,0.3303929980928925,resnet32,0.3475,0.3472,2.2517709500071676,1.9424017701636662,0.30936917740936304,resnet32,0.4208,0.4254,2.251407479190014,1.9249093630774454,0.32649811378426175,resnet32,0.3952,0.392,2.153782559897412,1.8442778976803476,0.3095046652861955,resnet32,0.3854,0.3868,2.208039089529352,1.9060236660932952,0.30201542214490473,resnet32,0.3563,0.3622,2.231888236139308,1.9377539205280216,0.29413431539962237,resnet32,0.3913,0.404,2.859075902537866,2.175164232707836,0.6839116725393317,resnet32,0.4318,0.4312,2.8810502199286763,2.15090483088385,0.730145394124768,resnet32,0.3944,0.3966,2.1924433760683644,1.8896877694536338,0.3027556066570634,9000000.0,0.0,36000000.0,1044000000.0,12528000000.0
resnet32x12_cifar100_K12_rand2-zomb0_seed0004_d015,d015,resnet32:12,cifar100,12,matched,rand2-zomb0,peers,4,200,64,0.1,0.9,0.0005,True,0,60,0.1,1.0,2,,random,1.0,1,0.0,0.5,weight,complete,0.0,0.0,42,0,45000,5000,10000,5170044,0,29,0.1,2,166.98,0.357675,0.10760422950950085,0.01,0.4267,0.4602,0.10252499999999998,0.3529,0.455,0.60699696969697,0.46881197100264016,0.6071742424242424,0.47169189862803457,0.3892818181818182,0.01,0.3892818181818182,0.38392727272727273,0.5297236363636363,0.5639391671531465,0.5296327272727275,0.561827078144621,zombie,0.01,0.0116,0.0,0.0,0.0,resnet32,0.3926,0.3884,2.1789829807186667,1.8736324665898627,0.3053505130916495,resnet32,0.4267,0.4182,2.1620874176309868,1.8602656627243215,0.30182174942456186,resnet32,0.4035,0.3964,2.2311085518449545,1.926539382981983,0.3045691708737815,resnet32,0.3904,0.3846,2.264430323446339,1.9389259725470434,0.32550434907898307,resnet32,0.3864,0.3742,2.8203559460287746,2.119392630051483,0.7009633089500394,resnet32,0.3488,0.3454,2.1437266929583116,1.8441329249604181,0.2995937721676786,resnet32,0.3526,0.3566,2.200700983235782,1.9014356363226066,0.29926534687084233,resnet32,0.412,0.4096,2.242663103917783,1.929738552224907,0.3129245566246523,resnet32,0.3938,0.3866,2.895790606398474,2.2273349027064713,0.6684557066553019,resnet32,0.3566,0.3474,2.3300051133741033,1.9874891337345948,0.3425159756178883,resnet32,0.4187,0.4158,2.1587514216926964,1.8633230171081694,0.29542840365320444,9000000.0,0.0,36000000.0,1080000000.0,12960000000.0
resnet32x12_cifar100_K12_rand2-zomb0_seed0004_d015,d015,resnet32:12,cifar100,12,matched,rand2-zomb0,peers,4,200,64,0.1,0.9,0.0005,True,0,60,0.1,1.0,2,,random,1.0,1,0.0,0.5,weight,complete,0.0,0.0,42,0,45000,5000,10000,5170044,0,30,0.1,2,166.56,0.38786666666666664,0.1147148300012785,0.01,0.4377,0.4799,0.09203333333333336,0.3833,0.4714,0.5527393939393941,0.4858456540244198,0.5608257575757576,0.4801920737942877,0.4222181818181818,0.01,0.4222181818181818,0.417090909090909,0.47377818181818177,0.581403426367676,0.4640690909090909,0.590056651042287,zombie,0.01,0.0116,0.0,0.0,0.0,resnet32,0.4377,0.437,2.1919805517589506,1.8813349861990323,0.31064556454392994,resnet32,0.4349,0.4244,2.8295099494809453,2.10289177196947,0.7266181777231395,resnet32,0.4263,0.423,2.880393907427788,2.1625216464427384,0.7178722644986754,resnet32,0.4213,0.4176,2.2549531503834506,1.941901740364053,0.31305141488767485,resnet32,0.424,0.4116,2.294945652003993,1.9652419313788414,0.3297037212178111,resnet32,0.4307,0.414,2.150234390219504,1.8420774022286588,0.308156990128654,resnet32,0.4256,0.4192,2.197346218946305,1.8947030619125476,0.3026431564622643,resnet32,0.4349,0.4386,2.2615672050213274,1.9314826244319028,0.3300845787267793,resnet32,0.3902,0.3786,2.302617221224037,1.981433235447515,0.3211839819242331,resnet32,0.4175,0.4172,2.2221013542942027,1.91188426383517,0.31021708995103836,resnet32,0.4013,0.4068,2.176540966738354,1.869633223014799,0.3069077412682501,9000000.0,0.0,36000000.0,1116000000.0,13392000000.0
resnet32x12_cifar100_K12_rand2-zomb0_seed0004_d015,d015,resnet32:12,cifar100,12,matched,rand2-zomb0,peers,4,200,64,0.1,0.9,0.0005,True,0,60,0.1,1.0,2,,random,1.0,1,0.0,0.5,weight,complete,0.0,0.0,42,0,45000,5000,10000,5170044,0,31,0.1,2,166.0,0.349475,0.10466051567647976,0.01,0.4167,0.4391,0.08962500000000001,0.34818333333333334,0.4378,0.5845545454545453,0.4911170662693381,0.5898863636363636,0.4968016942258499,0.38033636363636364,0.01,0.38033636363636364,0.37878181818181816,0.5095418181818181,0.5855455817647047,0.5031563636363637,0.5825208865163686,zombie,0.01,0.0116,0.0,0.0,0.0,resnet32,0.3923,0.3848,2.2081129872663454,1.8833855888382955,0.32472739736972883,resnet32,0.344,0.3416,2.219370510767807,1.9066436158662492,0.3127268952613866,resnet32,0.3683,0.3616,2.7996059737422248,2.1231544290415267,0.6764515440233729,resnet32,0.3852,0.3862,2.2756598197262394,1.9516717686571858,0.3239880537148565,resnet32,0.4156,0.42,2.231024241582914,1.9200919597325,0.31093228087675845,resnet32,0.4167,0.414,2.1268027411265806,1.8305469541387125,0.29625578671270475,resnet32,0.3811,0.3848,2.198850581253117,1.8941546307707375,0.30469595204869454,resnet32,0.3939,0.3926,2.2335562362250956,1.9291987773030996,0.3043574571016837,resnet32,0.3477,0.3494,2.810014909979972,2.0963131460276516,0.7137017651376399,resnet32,0.3649,0.3572,2.2034119567410513,1.8929774524136023,0.3104345028457994,resnet32,0.374,0.3744,2.1506198426200585,1.8638961984013969,0.28672364479015494,9000000.0,0.0,36000000.0,1152000000.0,13824000000.0
resnet32x12_cifar100_K12_rand2-zomb0_seed0004_d015,d015,resnet32:12,cifar100,12,matched,rand2-zomb0,peers,4,200,64,0.1,0.9,0.0005,True,0,60,0.1,1.0,2,,random,1.0,1,0.0,0.5,weight,complete,0.0,0.0,42,0,45000,5000,10000,5170044,0,32,0.1,2,166.27,0.373025,0.11249484525227514,0.01,0.4549,0.4725,0.09947499999999998,0.37261666666666665,0.4732,0.5895333333333335,0.4696496363236733,0.5885469696969697,0.48065029374495283,0.40602727272727274,0.01,0.40602727272727274,0.4054363636363636,0.5084600000000001,0.5634577856549965,0.5099854545454543,0.5511709072103168,zombie,0.01,0.0116,0.0,0.0,0.0,resnet32,0.3879,0.3936,2.782909582284364,2.074933064085516,0.7079765226014636,resnet32,0.4549,0.4546,2.810084979642521,2.084443697197871,0.7256412840532985,resnet32,0.3729,0.3824,2.2650315964763816,1.9472807378254153,0.3177508602384478,resnet32,0.4143,0.4182,2.263354239985347,1.940577986904166,0.32277625060470944,resnet32,0.4388,0.4342,2.1668661428107456,1.8693509320305153,0.2975152104415677,resnet32,0.4053,0.406,2.1325471214950085,1.8301521007987587,0.3023950212889097,resnet32,0.4084,0.4102,2.189693831076676,1.8800968712365085,0.3095969560725445,resnet32,0.3726,0.366,2.2055107961324127,1.8945362632247535,0.31097453769127076,resnet32,0.38,0.3802,2.298098837448792,1.9591311118142172,0.3389677269892259,resnet32,0.4396,0.4332,2.1751482271674005,1.8669009357690811,0.30824729218147695,resnet32,0.3916,0.3812,2.150912014936859,1.8497744647955352,0.3011375487231734,9000000.0,0.0,36000000.0,1188000000.0,14256000000.0
resnet32x12_cifar100_K12_rand2-zomb0_seed0004_d015,d015,resnet32:12,cifar100,12,matched,rand2-zomb0,peers,4,200,64,0.1,0.9,0.0005,True,0,60,0.1,1.0,2,,random,1.0,1,0.0,0.5,weight,complete,0.0,0.0,42,0,45000,5000,10000,5170044,0,33,0.1,2,166.16,0.37445833333333334,0.11611346791201937,0.01,0.4634,0.4861,0.11164166666666664,0.37051666666666666,0.477,0.5902333333333335,0.47466224943985363,0.5961166666666669,0.4777934318642799,0.4075909090909091,0.01,0.4075909090909091,0.4031454545454546,0.5175836363636364,0.5590732558009827,0.510461818181818,0.5595512243901712,zombie,0.01,0.0116,0.0,0.0,0.0,resnet32,0.4391,0.441,2.266605744477023,1.9241236195984213,0.3424821229736236,resnet32,0.4535,0.4464,2.2081765559586612,1.890117433938113,0.3180591205388985,resnet32,0.3426,0.3438,2.2056716165759345,1.8939828185195273,0.31168880345384503,resnet32,0.3742,0.3594,2.7751007601618767,2.077147321944887,0.6979534363543446,resnet32,0.4237,0.4248,2.195148064331575,1.8792347532104363,0.31591331167146564,resnet32,0.4524,0.4526,2.1257623498412697,1.8205776465210048,0.30518470315093343,resnet32,0.3684,0.3694,2.186769129200415,1.8824222849851304,0.3043468405958265,resnet32,0.3927,0.39,2.867070158096877,2.1349316884509544,0.7321384650739756,resnet32,0.372,0.3612,2.2213612347841263,1.9066377503966743,0.31472348227080976,resnet32,0.4015,0.3988,2.1743045322258365,1.864952007139271,0.30935252030295407,resnet32,0.4634,0.4472,2.148363730954853,1.8484243432229215,0.2999393856152892,9000000.0,0.0,36000000.0,1224000000.0,14688000000.0
resnet32x12_cifar100_K12_rand2-zomb0_seed0004_d015,d015,resnet32:12,cifar100,12,matched,rand2-zomb0,peers,4,200,64,0.1,0.9,0.0005,True,0,60,0.1,1.0,2,,random,1.0,1,0.0,0.5,weight,complete,0.0,0.0,42,0,45000,5000,10000,5170044,0,34,0.1,2,166.2,0.377375,0.1150562625052051,0.01,0.4546,0.4798,0.10242499999999999,0.3723,0.471,0.5773060606060606,0.4857192735552044,0.5780696969696972,0.4888939398860352,0.4107727272727273,0.01,0.4107727272727273,0.40509090909090906,0.49553454545454534,0.5757562186676228,0.4947563636363636,0.5738557855727304,zombie,0.01,0.0116,0.0,0.0,0.0,resnet32,0.4546,0.448,2.2589473209597846,1.961798436770385,0.29714888021011243,resnet32,0.4186,0.411,2.8464264060285958,2.1680155250836504,0.6784108805216171,resnet32,0.419,0.4164,2.179052798924121,1.8735032584518194,0.30554954100146214,resnet32,0.3888,0.376,2.2545262441377747,1.9367522690445185,0.3177739745852622,resnet32,0.3941,0.3814,2.1890538068996235,1.8766421098262072,0.3124117010315372,resnet32,0.4377,0.434,2.1242510703476993,1.8187470886517654,0.30550398366441106,resnet32,0.334,0.3304,2.1754097289998424,1.8704173710535874,0.30499235955490306,resnet32,0.4092,0.403,2.7866048599508675,2.1492667848413642,0.6373380744321779,resnet32,0.3917,0.3926,2.1851920500736344,1.8758867345750332,0.30930531331845984,resnet32,0.4179,0.4182,2.1644731529734353,1.8529870447448709,0.31148610755123873,resnet32,0.4529,0.445,2.140233602882786,1.837981544773687,0.30225205089134927,9000000.0,0.0,36000000.0,1260000000.0,15120000000.0
resnet32x12_cifar100_K12_rand2-zomb0_seed0004_d015,d015,resnet32:12,cifar100,12,matched,rand2-zomb0,peers,4,200,64,0.1,0.9,0.0005,True,0,60,0.1,1.0,2,,random,1.0,1,0.0,0.5,weight,complete,0.0,0.0,42,0,45000,5000,10000,5170044,0,35,0.1,2,166.19,0.36075833333333335,0.1079498066875939,0.01,0.4392,0.4537,0.09294166666666664,0.3569,0.4538,0.6054363636363633,0.46419450227497555,0.5988136363636365,0.4686761358530438,0.3926454545454545,0.01,0.3926454545454545,0.38829090909090913,0.5198545454545455,0.557998924216904,0.5278290909090908,0.5554739022460489,zombie,0.01,0.0116,0.0,0.0,0.0,resnet32,0.3682,0.3626,2.1917217514393004,1.8831238597631454,0.3085978884588588,resnet32,0.3955,0.3902,2.228911806744608,1.8964483094486324,0.3324634978674691,resnet32,0.3989,0.4018,2.235267261889848,1.8954815265129914,0.33978573787449434,resnet32,0.3789,0.3842,2.2253614887595177,1.9052102132277056,0.3201512737538327,resnet32,0.3549,0.3518,2.172208544036204,1.8708681047640063,0.3013404430821538,resnet32,0.4392,0.4322,2.8038881180638615,2.0718730322339316,0.7320150829512965,resnet32,0.4077,0.413,2.240259540690617,1.9086588279090144,0.33160071227360854,resnet32,0.3871,0.3768,2.8321643732488155,2.1403898041356695,0.6917745678431608,resnet32,0.3746,0.3732,2.1809259077364747,1.8705928886139935,0.3103330197998069,resnet32,0.3971,0.3812,2.153747396204959,1.8517402119257234,0.30200718491422857,resnet32,0.417,0.4042,2.1279965600168165,1.8362574819475412,0.29173907658762555,9000000.0,0.0,36000000.0,1296000000.0,15552000000.0
resnet32x12_cifar100_K12_rand2-zomb0_seed0004_d015,d015,resnet32:12,cifar100,12,matched,rand2-zomb0,peers,4,200,64,0.1,0.9,0.0005,True,0,60,0.1,1.0,2,,random,1.0,1,0.0,0.5,weight,complete,0.0,0.0,42,0,45000,5000,10000,5170044,0,36,0.1,2,166.0,0.3603083333333333,0.11300338091058258,0.01,0.453,0.4568,0.0964916666666667,0.3601833333333333,0.4588,0.6012393939393939,0.4772357301029213,0.6046378787878791,0.47654513384303154,0.3921545454545454,0.01,0.3921545454545454,0.39187272727272726,0.5274527272727273,0.5599164339300625,0.52356,0.5626664386007543,zombie,0.01,0.0116,0.0,0.0,0.0,resnet32,0.453,0.4456,2.8243465325371786,2.085390143096447,0.7389563943513415,resnet32,0.3616,0.3658,2.148523596538739,1.8441628712144764,0.3043607288590548,resnet32,0.3911,0.3942,2.2034561078656805,1.8854607802561738,0.3179953301071443,resnet32,0.4342,0.4254,2.2327715761282225,1.9036570094864478,0.32911456791176036,resnet32,0.4462,0.4442,2.203212300654162,1.8685899967835709,0.3346223037012599,resnet32,0.3956,0.397,2.1695575043559074,1.8607238624244928,0.3088336408730935,resnet32,0.3956,0.3976,2.825061380524527,2.105330578474836,0.7197308010337028,resnet32,0.3713,0.3762,2.291326025670225,1.954013777896762,0.33731224735013465,resnet32,0.4004,0.4026,2.204712254418568,1.8789170907641,0.3257951622151516,resnet32,0.298,0.2916,2.148850554431027,1.8487855173986067,0.3000650380272418,resnet32,0.3667,0.3704,2.136364984241399,1.8333912559530952,0.3029737285846336,9000000.0,0.0,36000000.0,1332000000.0,15984000000.0
resnet32x12_cifar100_K12_rand2-zomb0_seed0004_d015,d015,resnet32:12,cifar100,12,matched,rand2-zomb0,peers,4,200,64,0.1,0.9,0.0005,True,0,60,0.1,1.0,2,,random,1.0,1,0.0,0.5,weight,complete,0.0,0.0,42,0,45000,5000,10000,5170044,0,37,0.1,2,166.87,0.4046166666666666,0.12072515502394501,0.01,0.4657,0.4999,0.09528333333333339,0.39808333333333334,0.498,0.5641969696969695,0.47689300602966045,0.5606727272727272,0.48220955768287,0.44049090909090904,0.01,0.44049090909090904,0.4332181818181818,0.4749454545454545,0.5677192108328752,0.4792363636363636,0.5635663928963879,zombie,0.01,0.0116,0.0,0.0,0.0,resnet32,0.4609,0.4492,2.252331555736336,1.9169013171710751,0.33543023708361114,resnet32,0.436,0.4318,2.140715114433657,1.8263720275664872,0.31434308481402695,resnet32,0.4564,0.4592,2.1553370671516117,1.8539919150485233,0.3013451533307406,resnet32,0.3922,0.3842,2.2546136125244876,1.9126323564824732,0.341981252359057,resnet32,0.4592,0.4492,2.1477261256765234,1.8516115822236647,0.296114546013996,resnet32,0.4527,0.4418,2.130539194765416,1.8218567513606765,0.308682440018112,resnet32,0.432,0.4218,2.8536129841072992,2.1489493779160758,0.7046636057678949,resnet32,0.417,0.4092,2.2118118440901693,1.8925199366428636,0.31929190863262524,resnet32,0.4657,0.4634,2.8210855092514646,2.0995722419836302,0.7215132654898546,resnet32,0.4265,0.4108,2.1495847026394173,1.842887274751609,0.30669743146493356,resnet32,0.4468,0.4448,2.1283490769565105,1.8287918713282456,0.29955720651725476,9000000.0,0.0,36000000.0,1368000000.0,16416000000.0
resnet32x12_cifar100_K12_rand2-zomb0_seed0004_d015,d015,resnet32:12,cifar100,12,matched,rand2-zomb0,peers,4,200,64,0.1,0.9,0.0005,True,0,60,0.1,1.0,2,,random,1.0,1,0.0,0.5,weight,complete,0.0,0.0,42,0,45000,5000,10000,5170044,0,38,0.1,2,166.94,0.37129999999999996,0.11324873067721332,0.01,0.4478,0.4713,0.10000000000000003,0.36508333333333337,0.4666,0.5873787878787877,0.47422348563414773,0.587260606060606,0.4793359344477167,0.40414545454545453,0.01,0.40414545454545453,0.3972181818181818,0.5058672727272728,0.5713870792149646,0.5059745454545456,0.5686517728920822,zombie,0.01,0.0116,0.0,0.0,0.0,resnet32,0.3317,0.3266,2.174718412993984,1.8615764492953366,0.31314196484163404,resnet32,0.4072,0.3976,2.142156306654215,1.8280447680841794,0.31411153880286624,resnet32,0.3784,0.368,2.1692998460070654,1.8556873417374762,0.31361250431192195,resnet32,0.4121,0.3996,2.7572437893937933,2.0557668786495924,0.701476915908808,resnet32,0.4356,0.4342,2.143075055527416,1.8386025809767572,0.30447247840294783,resnet32,0.4302,0.4134,2.110592105171897,1.8116475154053082,0.2989445888352665,resnet32,0.3872,0.3822,2.264831865206361,1.9432404190301895,0.3215914446733553,resnet32,0.3948,0.3858,2.834582353180105,2.1053640246391296,0.7292183339595795,resnet32,0.4376,0.4406,2.2747691436247393,1.9322351649064908,0.3425339812158861,resnet32,0.383,0.3822,2.1449281449683686,1.8435378354042768,0.3013903059023009,resnet32,0.4478,0.4392,2.1723499990661037,1.8528374562209302,0.319512543480166,9000000.0,0.0,36000000.0,1404000000.0,16848000000.0
resnet32x12_cifar100_K12_rand2-zomb0_seed0004_d015,d015,resnet32:12,cifar100,12,matched,rand2-zomb0,peers,4,200,64,0.1,0.9,0.0005,True,0,60,0.1,1.0,2,,random,1.0,1,0.0,0.5,weight,complete,0.0,0.0,42,0,45000,5000,10000,5170044,0,39,0.1,2,166.33,0.3934333333333333,0.11991458302567799,0.01,0.4794,0.4916,0.09816666666666668,0.38409999999999994,0.472,0.5627484848484848,0.49349338942069815,0.5601560606060606,0.5047058965141046,0.42829090909090906,0.01,0.42829090909090906,0.41796363636363637,0.47419272727272727,0.5946394872198849,0.47743636363636377,0.5825306705238789,zombie,0.01,0.0116,0.0,0.0,0.0,resnet32,0.3779,0.3658,2.1516440592028876,1.8425612261688167,0.3090828325684098,resnet32,0.4794,0.4738,2.6922132162885233,1.9835315822539004,0.7086816330186345,resnet32,0.4625,0.445,2.1675051874057814,1.8562610889361664,0.3112440987447785,resnet32,0.4126,0.3998,2.29411674968221,1.943930276076902,0.35018647542562,resnet32,0.4545,0.4408,2.139793070710518,1.8356009772555395,0.30419209315864876,resnet32,0.4622,0.4528,2.842276078394868,2.105638576163487,0.7366375048560175,resnet32,0.3943,0.3932,2.202761683613062,1.8855909183621407,0.317170765187422,resnet32,0.4231,0.4088,2.2452689947729763,1.923951239917766,0.32131775256923656,resnet32,0.378,0.3648,2.204382601617412,1.8899340399286964,0.3144485637206923,resnet32,0.4336,0.4292,2.125800080258738,1.835719752379439,0.2900803277946331,resnet32,0.4331,0.4236,2.1625007528134366,1.8517084297808735,0.31079232394271955,9000000.0,0.0,36000000.0,1440000000.0,17280000000.0
resnet32x12_cifar100_K12_rand2-zomb0_seed0004_d015,d015,resnet32:12,cifar100,12,matched,rand2-zomb0,peers,4,200,64,0.1,0.9,0.0005,True,0,60,0.1,1.0,2,,random,1.0,1,0.0,0.5,weight,complete,0.0,0.0,42,0,45000,5000,10000,5170044,0,40,0.1,2,165.98,0.3859333333333334,0.1168255846217866,0.01,0.4604,0.4796,0.09366666666666662,0.38053333333333333,0.4748,0.5615757575757576,0.4980263104674361,0.5646348484848485,0.5012791312012905,0.42010909090909093,0.01,0.42010909090909093,0.4140727272727273,0.47986545454545443,0.5875019601409958,0.4765854545454547,0.5831255031281206,zombie,0.01,0.0116,0.0,0.0,0.0,resnet32,0.4604,0.4522,2.1532314607704226,1.836345586079088,0.3168858752416616,resnet32,0.4336,0.431,2.175498281520876,1.8521349010142414,0.3233633805278011,resnet32,0.4172,0.4102,2.2291477016088637,1.8821764833886514,0.34697121517224744,resnet32,0.3628,0.3668,2.229363884946162,1.903072197667577,0.3262916880194098,resnet32,0.3976,0.3866,2.152706445448778,1.84107947552746,0.31162696704268456,resnet32,0.4362,0.4308,2.1663480707528917,1.8536070612343876,0.31274101008999755,resnet32,0.4261,0.4132,2.869301814585924,2.135524818335067,0.7337769967588511,resnet32,0.4232,0.4228,2.1833632000806658,1.8760617839341813,0.30730141957544466,resnet32,0.3734,0.3682,2.1841606878760187,1.8662317214025692,0.31792896888642147,resnet32,0.4563,0.453,2.770062833347104,2.0392978359013796,0.7307649967683987,resnet32,0.4344,0.42,2.1688272561877966,1.844688418405977,0.3241388429040936,9000000.0,0.0,36000000.0,1476000000.0,17712000000.0
resnet32x12_cifar100_K12_rand2-zomb0_seed0004_d015,d015,resnet32:12,cifar100,12,matched,rand2-zomb0,peers,4,200,64,0.1,0.9,0.0005,True,0,60,0.1,1.0,2,,random,1.0,1,0.0,0.5,weight,complete,0.0,0.0,42,0,45000,5000,10000,5170044,0,41,0.1,2,165.94,0.32485,0.10184833086506621,0.01,0.4371,0.4167,0.09184999999999999,0.3260166666666667,0.4174,0.6035818181818181,0.45250922379435154,0.5998515151515152,0.4582083948149083,0.3534727272727273,0.01,0.3534727272727273,0.3546,0.5237145454545453,0.5415697653839574,0.5282436363636366,0.5354495993579167,zombie,0.01,0.0116,0.0,0.0,0.0,resnet32,0.3711,0.3636,2.1498407401483166,1.8337587465278127,0.3160819919060238,resnet32,0.3446,0.3454,2.1190731494941493,1.8274935209615664,0.291579627728259,resnet32,0.3805,0.3848,2.178316383876584,1.8645867397162048,0.313729644308544,resnet32,0.3654,0.369,2.1842875453558834,1.8708842105486176,0.31340333385477687,resnet32,0.3366,0.3416,2.1631909412416546,1.8473402867940338,0.31585065368562937,resnet32,0.3602,0.3616,2.7354294203899125,2.0081391349773514,0.7272902895611796,resnet32,0.3365,0.3398,2.2524260163984517,1.9214812368154526,0.3309447797734968,resnet32,0.3667,0.3594,2.19323931498961,1.8674787205051293,0.32576059393415396,resnet32,0.2808,0.2864,2.152541485191746,1.844702025367455,0.30783945516767824,resnet32,0.3087,0.3014,2.2174189200794157,1.8980736236341975,0.3193453002763404,resnet32,0.4371,0.4476,2.750553109767762,2.0412663688713852,0.7092867426320233,9000000.0,0.0,36000000.0,1512000000.0,18144000000.0
resnet32x12_cifar100_K12_rand2-zomb0_seed0004_d015,d015,resnet32:12,cifar100,12,matched,rand2-zomb0,peers,4,200,64,0.1,0.9,0.0005,True,0,60,0.1,1.0,2,,random,1.0,1,0.0,0.5,weight,complete,0.0,0.0,42,0,45000,5000,10000,5170044,0,42,0.1,2,166.58,0.392525,0.11832975904226291,0.01,0.4592,0.4998,0.10727500000000001,0.38798333333333335,0.4962,0.5841636363636364,0.469422439977092,0.5831727272727271,0.47295301260552863,0.4273,0.01,0.4273,0.42219999999999996,0.50326,0.5508541178328077,0.5050218181818181,0.5468778618181838,zombie,0.01,0.0116,0.0,0.0,0.0,resnet32,0.4347,0.4268,2.1424334679137575,1.827771853316914,0.31466161618432537,resnet32,0.4592,0.456,2.740415079688484,2.0573515868322416,0.6830634889616207,resnet32,0.3686,0.3668,2.166710026223551,1.8531849135390737,0.3135251104196703,resnet32,0.4231,0.4122,2.2147976557978173,1.922605645080859,0.29219201003963297,resnet32,0.454,0.4548,2.1531097323379735,1.8425138663839211,0.31059586051428184,resnet32,0.4285,0.4198,2.167683255435391,1.847454438324679,0.3202288157348944,resnet32,0.4138,0.4046,2.1809323892336,1.8711367053064434,0.3097956804770299,resnet32,0.3839,0.378,2.1807630553164263,1.8658323335376652,0.314930722117424,resnet32,0.4419,0.4408,2.175658581270413,1.8591010949828408,0.31655748514458537,resnet32,0.4548,0.4472,2.7458412017334592,2.0769133391705425,0.6689278634095733,resnet32,0.4378,0.4372,2.2005816058001737,1.8745445912195877,0.326037015744739,9000000.0,0.0,36000000.0,1548000000.0,18576000000.0
resnet32x12_cifar100_K12_rand2-zomb0_seed0004_d015,d015,resnet32:12,cifar100,12,matched,rand2-zomb0,peers,4,200,64,0.1,0.9,0.0005,True,0,60,0.1,1.0,2,,random,1.0,1,0.0,0.5,weight,complete,0.0,0.0,42,0,45000,5000,10000,5170044,0,43,0.1,2,166.11,0.3777249999999999,0.1125358470666125,0.01,0.4483,0.4733,0.09557500000000008,0.36946666666666667,0.4632,0.5739151515151514,0.47678677624686455,0.5721954545454544,0.47686053616832713,0.4111545454545454,0.01,0.4111545454545454,0.4020000000000001,0.4875290909090908,0.5724668032519712,0.4894836363636363,0.5761305017219075,zombie,0.01,0.0116,0.0,0.0,0.0,resnet32,0.4039,0.3954,2.145726151764393,1.828327982432463,0.3173981691202657,resnet32,0.4015,0.3916,2.197856546633623,1.8738393681970509,0.32401717551560566,resnet32,0.4367,0.4268,2.845056650652127,2.0992430927739902,0.7458135584707964,resnet32,0.4299,0.4204,2.191054501655427,1.885647335682403,0.30540716370821674,resnet32,0.3902,0.383,2.1580238354138355,1.8426591647280888,0.3153646760620177,resnet32,0.4483,0.4404,2.1792489523914726,1.8367126006633043,0.3425363537178121,resnet32,0.4021,0.3888,2.2063595667820084,1.8758619515733286,0.33049761825664475,resnet32,0.4015,0.3986,2.16289375688542,1.85056614943526,0.31232760442336177,resnet32,0.4086,0.3936,2.174622639167038,1.8501338432119652,0.32448879936286673,resnet32,0.423,0.4058,2.198322872885249,1.8848334337500008,0.3134894411248917,resnet32,0.377,0.3776,2.7526399774307553,2.032655408436602,0.7199845725501125,9000000.0,0.0,36000000.0,1584000000.0,19008000000.0
resnet32x12_cifar100_K12_rand2-zomb0_seed0004_d015,d015,resnet32:12,cifar100,12,matched,rand2-zomb0,peers,4,200,64,0.1,0.9,0.0005,True,0,60,0.1,1.0,2,,random,1.0,1,0.0,0.5,weight,complete,0.0,0.0,42,0,45000,5000,10000,5170044,0,44,0.1,2,166.97,0.3899333333333333,0.1170045535676093,0.01,0.4606,0.5024,0.11246666666666666,0.3844666666666667,0.4924,0.5806727272727271,0.4845287214087716,0.5781530303030301,0.4931529787625603,0.4244727272727273,0.01,0.4244727272727273,0.4183636363636364,0.4966018181818181,0.5772833778497839,0.5001781818181816,0.5663662239680817,zombie,0.01,0.0116,0.0,0.0,0.0,resnet32,0.4164,0.4134,2.1269314018162815,1.820642371407964,0.3062890275720168,resnet32,0.423,0.42,2.1334870398383248,1.8243661698969929,0.3091208746614443,resnet32,0.4052,0.3976,2.7327582101252945,2.0477161559868944,0.6850420537150719,resnet32,0.4025,0.3962,2.217053820971738,1.8876012849875472,0.32945253695784643,resnet32,0.4402,0.4396,2.1364617257971656,1.8301913736557418,0.3062703516969288,resnet32,0.4345,0.4306,2.1246075078167697,1.815676773813638,0.30893073364330287,resnet32,0.4447,0.4328,2.2335596106607807,1.8928023966198617,0.34075721581889823,resnet32,0.4606,0.4544,2.1422796090218155,1.8382786627520213,0.30400094677778805,resnet32,0.3702,0.3564,2.8351687033745376,2.101578168909658,0.7335905332795598,resnet32,0.4535,0.4458,2.1556734048168766,1.8474530936642126,0.3082203111526641,resnet32,0.4184,0.4152,2.1793902409686283,1.8667270241474563,0.31266321925531054,9000000.0,0.0,36000000.0,1620000000.0,19440000000.0
resnet32x12_cifar100_K12_rand2-zomb0_seed0004_d015,d015,resnet32:12,cifar100,12,matched,rand2-zomb0,peers,4,200,64,0.1,0.9,0.0005,True,0,60,0.1,1.0,2,,random,1.0,1,0.0,0.5,weight,complete,0.0,0.0,42,0,45000,5000,10000,5170044,0,45,0.1,2,166.61,0.39694999999999997,0.12112775968648419,0.01,0.4852,0.5024,0.10544999999999999,0.3872,0.4896,0.5890878787878785,0.4629576478164751,0.5874863636363638,0.4682198875586345,0.43212727272727275,0.01,0.43212727272727275,0.42134545454545447,0.5059436363636364,0.5612216019772338,0.5078545454545457,0.5577526844656879,zombie,0.01,0.0116,0.0,0.0,0.0,resnet32,0.4273,0.4198,2.1242565764960917,1.8118354791606015,0.3124210960866714,resnet32,0.4836,0.472,2.75342400575226,2.0716438442468643,0.6817801615053957,resnet32,0.371,0.363,2.2177158404480326,1.8954690552570603,0.3222467882177708,resnet32,0.4143,0.4014,2.2113534032621165,1.890714687041261,0.3206387159245258,resnet32,0.3857,0.371,2.150138522752307,1.8334275724535638,0.3167109493250874,resnet32,0.4532,0.447,2.11350231228227,1.801138086752458,0.312364224196327,resnet32,0.4506,0.4436,2.185100217942487,1.8681163054636933,0.31698390968482604,resnet32,0.417,0.3992,2.1570283934812653,1.8431980061260136,0.3138303918848661,resnet32,0.4346,0.4204,2.824848303402012,2.165035768835382,0.659812530502677,resnet32,0.4309,0.4152,2.1395027813586323,1.831501787189733,0.3080009939360686,resnet32,0.4852,0.4822,2.20496551590887,1.9087478066371246,0.2962177056946199,9000000.0,0.0,36000000.0,1656000000.0,19872000000.0
resnet32x12_cifar100_K12_rand2-zomb0_seed0004_d015,d015,resnet32:12,cifar100,12,matched,rand2-zomb0,peers,4,200,64,0.1,0.9,0.0005,True,0,60,0.1,1.0,2,,random,1.0,1,0.0,0.5,weight,complete,0.0,0.0,42,0,45000,5000,10000,5170044,0,46,0.1,2,166.03,0.402225,0.12052488764428144,0.01,0.4689,0.5129,0.11067500000000002,0.39270000000000005,0.5104,0.5849484848484848,0.45173516174227807,0.5828924242424243,0.46149845307701565,0.4378818181818182,0.01,0.4378818181818182,0.42734545454545453,0.5009199999999999,0.5471405484270647,0.5035418181818182,0.5366853031877038,zombie,0.01,0.0116,0.0,0.0,0.0,resnet32,0.4369,0.4264,2.1020918789912355,1.8032925142483278,0.2987993676003746,resnet32,0.4439,0.4346,2.8142498450523075,2.104955413971435,0.7092944280329075,resnet32,0.4657,0.4588,2.7831698933785614,2.0552901960909367,0.7278796993196011,resnet32,0.4222,0.418,2.202900410037149,1.8704876630482348,0.3324127526615154,resnet32,0.4123,0.3972,2.112898840484294,1.8129179174588486,0.2999809240414338,resnet32,0.4404,0.4312,2.0946720985865053,1.7866438716988673,0.30802822879261593,resnet32,0.4578,0.4416,2.149512509222735,1.84345311739228,0.3060593906874684,resnet32,0.4689,0.4562,2.1729453399100085,1.8450484179298987,0.32789692242460494,resnet32,0.3817,0.3746,2.2591119816696104,1.9225757174532523,0.33653626311570406,resnet32,0.4533,0.437,2.205464419993487,1.8531794246624818,0.3522849949076772,resnet32,0.4336,0.4252,2.165776735849001,1.850407283922488,0.3153694536621598,9000000.0,0.0,36000000.0,1692000000.0,20304000000.0
resnet32x12_cifar100_K12_rand2-zomb0_seed0004_d015,d015,resnet32:12,cifar100,12,matched,rand2-zomb0,peers,4,200,64,0.1,0.9,0.0005,True,0,60,0.1,1.0,2,,random,1.0,1,0.0,0.5,weight,complete,0.0,0.0,42,0,45000,5000,10000,5170044,0,47,0.1,2,165.99,0.36499166666666666,0.11256315603794265,0.01,0.4685,0.4514,0.08640833333333336,0.3623166666666666,0.4404,0.5629242424242428,0.5013349003352664,0.5671363636363639,0.5032717562502984,0.3972636363636364,0.01,0.3972636363636364,0.3942,0.48213272727272743,0.5938357853296742,0.47713454545454564,0.5945215643902374,zombie,0.01,0.0116,0.0,0.0,0.0,resnet32,0.3944,0.3928,2.7510722916234625,2.0155777015130627,0.7354945826598189,resnet32,0.3772,0.3768,2.216110121458769,1.8846956638788634,0.3314144579185681,resnet32,0.349,0.3446,2.2266233607449313,1.897029640491713,0.32959372010505333,resnet32,0.4225,0.4266,2.2136423086578194,1.8781496492976493,0.3354926607994871,resnet32,0.3609,0.3516,2.12953759577464,1.8239773825149646,0.3055602131115103,resnet32,0.405,0.408,2.08978047831492,1.7855406818403439,0.30423979509875854,resnet32,0.4685,0.4552,2.840552995489402,2.0973405666988003,0.7432124225253408,resnet32,0.4234,0.4196,2.155420992184769,1.8433059592815964,0.31211503442715516,resnet32,0.3395,0.3318,2.1891446973789823,1.8685883244668895,0.3205563704779541,resnet32,0.422,0.423,2.168474974788048,1.8421786808493463,0.326296292795715,resnet32,0.4075,0.4062,2.120029893619093,1.8196857505562631,0.3003441449254751,9000000.0,0.0,36000000.0,1728000000.0,20736000000.0
resnet32x12_cifar100_K12_rand2-zomb0_seed0004_d015,d015,resnet32:12,cifar100,12,matched,rand2-zomb0,peers,4,200,64,0.1,0.9,0.0005,True,0,60,0.1,1.0,2,,random,1.0,1,0.0,0.5,weight,complete,0.0,0.0,42,0,45000,5000,10000,5170044,0,48,0.1,2,166.55,0.40867499999999995,0.12279390677744016,0.01,0.4906,0.5037,0.09502500000000008,0.4098000000000001,0.507,0.544321212121212,0.5075492880719051,0.544598484848485,0.5111198022601929,0.4449181818181818,0.01,0.4449181818181818,0.44600000000000006,0.4559581818181818,0.5995690893879366,0.45581454545454536,0.5956621970800574,zombie,0.01,0.0116,0.0,0.0,0.0,resnet32,0.4541,0.4518,2.1891049456528644,1.8613809738308191,0.3277239767961543,resnet32,0.3836,0.379,2.8048353049565447,2.074801978401162,0.7300333266400478,resnet32,0.4428,0.4466,2.173670818182555,1.8572563075206496,0.31641451275738125,resnet32,0.4392,0.4476,2.199485548179258,1.8770956996489654,0.322389847852967,resnet32,0.4471,0.456,2.133009732446887,1.8209192112765529,0.31209051877852867,resnet32,0.4906,0.4932,2.091038648716428,1.789515369656411,0.30152327520772815,resnet32,0.432,0.4224,2.265480686825785,1.9127839605577968,0.35269672025672416,resnet32,0.4226,0.4252,2.1538168481466444,1.8394295209172098,0.31438732729293406,resnet32,0.4504,0.4504,2.1650879205289213,1.8507897213778712,0.31429819656874647,resnet32,0.4674,0.4694,2.140307229520245,1.8342402006753467,0.3060670293105597,resnet32,0.4643,0.4644,2.6592545099556446,1.9602999240159988,0.6989545864476399,9000000.0,0.0,36000000.0,1764000000.0,21168000000.0
resnet32x12_cifar100_K12_rand2-zomb0_seed0004_d015,d015,resnet32:12,cifar100,12,matched,rand2-zomb0,peers,4,200,64,0.1,0.9,0.0005,True,0,60,0.1,1.0,2,,random,1.0,1,0.0,0.5,weight,complete,0.0,0.0,42,0,45000,5000,10000,5170044,0,49,0.1,2,166.34,0.3830833333333334,0.11873040072178463,0.01,0.467,0.4776,0.09451666666666664,0.38400000000000006,0.4818,0.5682333333333334,0.4898794110374904,0.5702257575757576,0.4931550421421389,0.41700000000000004,0.01,0.41700000000000004,0.4178545454545455,0.4864581818181817,0.5791843034783899,0.4841490909090909,0.5774035532585547,zombie,0.01,0.0116,0.0,0.0,0.0,resnet32,0.4143,0.4194,2.1313022439452736,1.817369952459227,0.3139322921210392,resnet32,0.3059,0.2976,2.191492812200026,1.8606119790876454,0.33088083124973555,resnet32,0.4438,0.441,2.683587406507947,2.024335999211127,0.6592514075508172,resnet32,0.4268,0.4218,2.1613916006277907,1.850865438580513,0.31052616225894203,resnet32,0.467,0.462,2.13417576846074,1.818078062073751,0.3160977080591362,resnet32,0.4199,0.4254,2.1516310823234646,1.8540355232967571,0.2975955583070489,resnet32,0.4196,0.4292,2.200415566055612,1.873328902165998,0.32708666619675403,resnet32,0.4102,0.418,2.134840638969432,1.8239466168663718,0.31089402233589103,resnet32,0.4059,0.4062,2.1454843766987324,1.8317543159831653,0.3137300631920384,resnet32,0.4553,0.4586,2.1256199961697515,1.8180287334729324,0.30759126240048895,resnet32,0.4183,0.4172,2.7755913378840145,2.098177708177404,0.677413634955883,9000000.0,0.0,36000000.0,1800000000.0,21600000000.0
resnet32x12_cifar100_K12_rand2-zomb0_seed0004_d015,d015,resnet32:12,cifar100,12,matched,rand2-zomb0,peers,4,200,64,0.1,0.9,0.0005,True,0,60,0.1,1.0,2,,random,1.0,1,0.0,0.5,weight,complete,0.0,0.0,42,0,45000,5000,10000,5170044,0,50,0.1,2,166.88,0.37804166666666666,0.11642684010666192,0.01,0.4736,0.4845,0.10645833333333332,0.3765333333333334,0.4774,0.5858121212121212,0.4783960857903327,0.5895121212121212,0.4744929279068424,0.41150000000000003,0.01,0.41150000000000003,0.409709090909091,0.5096472727272727,0.556489799452923,0.5051636363636364,0.5628110778914003,zombie,0.01,0.0116,0.0,0.0,0.0,resnet32,0.4244,0.4242,2.124193270436742,1.8093161582946777,0.3148771148302,resnet32,0.4357,0.4316,2.126118970357559,1.8125140394338153,0.31360493058508093,resnet32,0.3381,0.3346,2.224241565404968,1.8924789999357678,0.331762568982826,resnet32,0.4453,0.4374,2.157499524680051,1.8469391964714637,0.31056033119305293,resnet32,0.4348,0.4314,2.194597741419619,1.8487084015187891,0.3458893382921815,resnet32,0.3916,0.3908,2.7686931497671385,2.0436053592711687,0.7250877904113043,resnet32,0.3596,0.3686,2.1522077721628277,1.840919989245859,0.31128778791224415,resnet32,0.4131,0.4118,2.7839594835584816,2.0566300060600042,0.7273294709368863,resnet32,0.4007,0.3978,2.1606387638232927,1.8382953112436966,0.32234344898130407,resnet32,0.4736,0.4724,2.117972059175372,1.8107529678805308,0.30721909705210815,resnet32,0.4096,0.4062,2.1975108783014794,1.873458170755343,0.3240527127954093,9000000.0,0.0,36000000.0,1836000000.0,22032000000.0
resnet32x12_cifar100_K12_rand2-zomb0_seed0004_d015,d015,resnet32:12,cifar100,12,matched,rand2-zomb0,peers,4,200,64,0.1,0.9,0.0005,True,0,60,0.1,1.0,2,,random,1.0,1,0.0,0.5,weight,complete,0.0,0.0,42,0,45000,5000,10000,5170044,0,51,0.1,2,169.85,0.389375,0.11796197922070766,0.01,0.4765,0.4983,0.108925,0.38151666666666667,0.4844,0.5898787878787879,0.46947353711910755,0.591281818181818,0.4688992623220385,0.4238636363636364,0.01,0.4238636363636364,0.41514545454545454,0.5105000000000001,0.5625682846542437,0.5088327272727272,0.565952152679497,zombie,0.01,0.0116,0.0,0.0,0.0,resnet32,0.3781,0.3736,2.7741321863775905,2.034818766807968,0.7393134205432778,resnet32,0.4525,0.437,2.08460483208976,1.7889531620524146,0.295651669211855,resnet32,0.3956,0.3862,2.1687463543970478,1.8546125018461184,0.3141338512386111,resnet32,0.3892,0.3834,2.206124525855888,1.8654777180742135,0.3406468099406497,resnet32,0.4511,0.4386,2.132115609605204,1.8205051384866238,0.3116104744417085,resnet32,0.3932,0.3824,2.1715836518190126,1.8494104527952997,0.3221731962932443,resnet32,0.4765,0.4654,2.7756064358082684,2.0329848236658354,0.742621616968377,resnet32,0.4432,0.4316,2.209466291591525,1.8817385042255574,0.32772778683680703,resnet32,0.4173,0.4216,2.1614531207491052,1.838176506486806,0.32327661311931233,resnet32,0.4295,0.4182,2.144750928844918,1.8179829847067595,0.3267679434185001,resnet32,0.4363,0.4286,2.1224009010263463,1.8158263520083644,0.30657455301843584,9000000.0,0.0,36000000.0,1872000000.0,22464000000.0
resnet32x12_cifar100_K12_rand2-zomb0_seed0004_d015,d015,resnet32:12,cifar100,12,matched,rand2-zomb0,peers,4,200,64,0.1,0.9,0.0005,True,0,60,0.1,1.0,2,,random,1.0,1,0.0,0.5,weight,complete,0.0,0.0,42,0,45000,5000,10000,5170044,0,52,0.1,2,166.29,0.4190416666666667,0.12509655909425413,0.01,0.4821,0.5324,0.11335833333333328,0.41136666666666666,0.526,0.5795575757575758,0.4617861475832036,0.5713757575757578,0.47325914631515814,0.4562272727272727,0.01,0.4562272727272727,0.44770909090909083,0.48764545454545455,0.5574388361844468,0.4976000000000001,0.5457802863914404,zombie,0.01,0.0116,0.0,0.0,0.0,resnet32,0.4423,0.4354,2.201151190833612,1.8753255544738336,0.3258256360211156,resnet32,0.4691,0.46,2.120117663659833,1.8065885793079028,0.31352908473292534,resnet32,0.4646,0.4578,2.8576553897424177,2.113580157133666,0.7440752359953794,resnet32,0.4296,0.412,2.736938601529056,2.0373756387694315,0.6995629614049738,resnet32,0.4821,0.4778,2.1243983918631617,1.8186893009326675,0.30570909080349584,resnet32,0.478,0.4636,2.118304128504612,1.8085749222135001,0.3097292087675834,resnet32,0.4635,0.4616,2.2500429908660324,1.8964119052345103,0.35363108216022904,resnet32,0.4462,0.4382,2.1594608796929773,1.8467527968301014,0.3127080832015384,resnet32,0.4061,0.4056,2.1377255630425434,1.8312495233999058,0.30647603826681996,resnet32,0.4658,0.4554,2.136990307576277,1.8279683442617005,0.3090219655158845,resnet32,0.4712,0.4574,2.1102846832099287,1.8052120689641347,0.30507261445745826,9000000.0,0.0,36000000.0,1908000000.0,22896000000.0
resnet32x12_cifar100_K12_rand2-zomb0_seed0004_d015,d015,resnet32:12,cifar100,12,matched,rand2-zomb0,peers,4,200,64,0.1,0.9,0.0005,True,0,60,0.1,1.0,2,,random,1.0,1,0.0,0.5,weight,complete,0.0,0.0,42,0,45000,5000,10000,5170044,0,53,0.1,2,166.28,0.3712,0.11285805982147075,0.01,0.4508,0.4736,0.10240000000000005,0.36518333333333336,0.462,0.5980333333333329,0.4647681889544012,0.6029893939393937,0.4619139267430789,0.40403636363636364,0.01,0.40403636363636364,0.3973272727272727,0.5255490909090909,0.5439300562122812,0.519901818181818,0.5463465741770168,zombie,0.01,0.0116,0.0,0.0,0.0,resnet32,0.402,0.3864,2.153484562242573,1.835667716169899,0.31781684209338645,resnet32,0.427,0.4178,2.108694414184852,1.7910878693854266,0.3176065444184298,resnet32,0.3804,0.3778,2.25588224184784,1.9026160401038148,0.3532662028870122,resnet32,0.4174,0.4048,2.21573245508427,1.893502308733084,0.32223014355721796,resnet32,0.431,0.4262,2.8375753062692555,2.0876152698289263,0.7499600381759758,resnet32,0.393,0.38,2.1143979762088168,1.7916024493222886,0.32279552781785076,resnet32,0.4181,0.4152,2.2054293282668698,1.8621486489745704,0.34328068276359275,resnet32,0.3307,0.3356,2.145029870623892,1.8262627873231063,0.3187670829409564,resnet32,0.3806,0.374,2.134451010857116,1.825072787363421,0.3093782258431681,resnet32,0.4508,0.4476,2.7963436838578093,2.04555363021791,0.7507900483906269,resnet32,0.4134,0.4052,2.1046946565197273,1.7929070874709974,0.31178756382062356,9000000.0,0.0,36000000.0,1944000000.0,23328000000.0
resnet32x12_cifar100_K12_rand2-zomb0_seed0004_d015,d015,resnet32:12,cifar100,12,matched,rand2-zomb0,peers,4,200,64,0.1,0.9,0.0005,True,0,60,0.1,1.0,2,,random,1.0,1,0.0,0.5,weight,complete,0.0,0.0,42,0,45000,5000,10000,5170044,0,54,0.1,2,166.11,0.41631666666666667,0.12434106209222368,0.01,0.4872,0.5149,0.09858333333333336,0.41670000000000007,0.5178,0.5513151515151515,0.48621788701340396,0.5492136363636364,0.4938534512099575,0.4532545454545454,0.01,0.4532545454545454,0.4535272727272728,0.4628927272727275,0.5764024581536767,0.46566909090909103,0.5677788102713284,zombie,0.01,0.0116,0.0,0.0,0.0,resnet32,0.4357,0.4364,2.1449916943569076,1.8261742253195157,0.3188174692067233,resnet32,0.475,0.4724,2.748238877477971,2.0134983711283314,0.7347405071962964,resnet32,0.4569,0.4704,2.1749572945250706,1.8589181029661135,0.3160391902254725,resnet32,0.4104,0.4098,2.1689613591879606,1.852968261831186,0.3159930967006155,resnet32,0.4648,0.4614,2.1948128950528125,1.8709600329060445,0.3238528637342494,resnet32,0.4715,0.4736,2.6923611235212195,1.9763068287548693,0.7160542929883708,resnet32,0.4258,0.4316,2.1642812292345543,1.8519208251752637,0.3123604049482806,resnet32,0.4656,0.4634,2.136273876848546,1.8273942296139218,0.308879647933116,resnet32,0.4559,0.4514,2.1358911889520558,1.828396414321932,0.30749477816491644,resnet32,0.437,0.4338,2.1880527463826267,1.8673980010842735,0.3206547470128333,resnet32,0.4872,0.4846,2.1497161249545487,1.8223967567424884,0.3273193660954183,9000000.0,0.0,36000000.0,1980000000.0,23760000000.0
resnet32x12_cifar100_K12_rand2-zomb0_seed0004_d015,d015,resnet32:12,cifar100,12,matched,rand2-zomb0,peers,4,200,64,0.1,0.9,0.0005,True,0,60,0.1,1.0,2,,random,1.0,1,0.0,0.5,weight,complete,0.0,0.0,42,0,45000,5000,10000,5170044,0,55,0.1,2,166.1,0.3859000000000001,0.11384908870957201,0.01,0.4338,0.4951,0.10919999999999991,0.3809166666666666,0.4938,0.5931545454545456,0.4580939506002475,0.5888696969696967,0.46417859572078873,0.4200727272727274,0.01,0.4200727272727274,0.4144909090909091,0.5082490909090908,0.5488021702620233,0.5134909090909092,0.5438897652603212,zombie,0.01,0.0116,0.0,0.0,0.0,resnet32,0.4114,0.4106,2.716637254438617,2.0069354991005226,0.7097017574124038,resnet32,0.4183,0.4138,2.161857168782841,1.8391964740373872,0.32266069895757193,resnet32,0.4338,0.4236,2.1517467425966803,1.8315755442123522,0.32017119478603656,resnet32,0.417,0.4128,2.2123947206207295,1.8672310963950374,0.34516362740065565,resnet32,0.4327,0.4362,2.1560076319358568,1.8405766714025626,0.31543096036396245,resnet32,0.4217,0.4218,2.797387194565751,2.076585963537747,0.7208012336526405,resnet32,0.4184,0.4074,2.16011498326605,1.844456292858178,0.3156586889473891,resnet32,0.4219,0.4098,2.138397876681252,1.819935025816614,0.3184628486421637,resnet32,0.3911,0.3906,2.140476675873453,1.825623468072577,0.31485320640389214,resnet32,0.429,0.4144,2.1078309743580492,1.8209587142548778,0.2868722582828592,resnet32,0.4255,0.4184,2.1311241794716227,1.815043101256544,0.31608107539994473,9000000.0,0.0,36000000.0,2016000000.0,24192000000.0
resnet32x12_cifar100_K12_rand2-zomb0_seed0004_d015,d015,resnet32:12,cifar100,12,matched,rand2-zomb0,peers,4,200,64,0.1,0.9,0.0005,True,0,60,0.1,1.0,2,,random,1.0,1,0.0,0.5,weight,complete,0.0,0.0,42,0,45000,5000,10000,5170044,0,56,0.1,2,168.29,0.38671666666666665,0.11588701274181773,0.01,0.4457,0.4923,0.10558333333333336,0.38460000000000005,0.4882,0.584142424242424,0.4755312706287441,0.5866363636363636,0.4727132315367013,0.4209636363636364,0.01,0.4209636363636364,0.41850909090909094,0.506672727272727,0.5532642111760611,0.5037054545454546,0.5587578570131355,zombie,0.01,0.0116,0.0,0.0,0.0,resnet32,0.4428,0.444,2.676691029898145,1.9944293321194975,0.6822616964239966,resnet32,0.4355,0.433,2.0990060703320936,1.792893529615619,0.30611254649490793,resnet32,0.4295,0.4224,2.125383019616658,1.8145299103449692,0.3108531123196537,resnet32,0.3808,0.383,2.172122759913856,1.8551155096766623,0.3170072508510202,resnet32,0.4107,0.4114,2.131566347554326,1.820344706827944,0.3112216411497105,resnet32,0.4457,0.4366,2.179938828233968,1.8472572664984248,0.33268155718476256,resnet32,0.3928,0.397,2.1547358491542665,1.8308924123306165,0.3238434399139475,resnet32,0.4391,0.44,2.683953132819046,1.9633892659436574,0.7205638647587462,resnet32,0.3805,0.3808,2.1381687565960665,1.8188489797440441,0.31931977898983116,resnet32,0.4373,0.429,2.1161653875288637,1.8083951930430802,0.3077701910568232,resnet32,0.4359,0.4264,2.1461145752532915,1.817686659537933,0.3284279143183746,9000000.0,0.0,36000000.0,2052000000.0,24624000000.0
resnet32x12_cifar100_K12_rand2-zomb0_seed0004_d015,d015,resnet32:12,cifar100,12,matched,rand2-zomb0,peers,4,200,64,0.1,0.9,0.0005,True,0,60,0.1,1.0,2,,random,1.0,1,0.0,0.5,weight,complete,0.0,0.0,42,0,45000,5000,10000,5170044,0,57,0.1,2,166.29,0.4074166666666667,0.1215649472047304,0.01,0.4853,0.5088,0.10138333333333333,0.4039,0.503,0.5529151515151514,0.5040698523553466,0.5515075757575759,0.5096430664599807,0.4435454545454546,0.01,0.4435454545454546,0.4395636363636364,0.46449818181818175,0.5968720008730259,0.4664763636363637,0.5905324930489134,zombie,0.01,0.0116,0.0,0.0,0.0,resnet32,0.4451,0.4454,2.179311315613714,1.8562208390371366,0.3230904804500328,resnet32,0.4853,0.4848,2.1641621957109733,1.8166879302060062,0.3474742626263337,resnet32,0.4253,0.4208,2.110638987442309,1.8056521039794793,0.3049868822140111,resnet32,0.4392,0.4342,2.152859585529024,1.8385531997138804,0.3143063839101656,resnet32,0.4453,0.4414,2.119007043201815,1.8030282738195225,0.3159787699749524,resnet32,0.4323,0.4292,2.7912004867737945,2.063752467828718,0.7274480180984194,resnet32,0.4321,0.428,2.859429706904021,2.1196304602040485,0.739799250933257,resnet32,0.4636,0.45,2.22442871874029,1.8751462755555457,0.34928244432773103,resnet32,0.4359,0.4342,2.1184255672110752,1.8128942114047029,0.30553135872733866,resnet32,0.4702,0.4594,2.107459321110086,1.8043439398435028,0.30311538236723706,resnet32,0.4047,0.4078,2.120275594294071,1.8133236647329547,0.30695192905312235,9000000.0,0.0,36000000.0,2088000000.0,25056000000.0
resnet32x12_cifar100_K12_rand2-zomb0_seed0004_d015,d015,resnet32:12,cifar100,12,matched,rand2-zomb0,peers,4,200,64,0.1,0.9,0.0005,True,0,60,0.1,1.0,2,,random,1.0,1,0.0,0.5,weight,complete,0.0,0.0,42,0,45000,5000,10000,5170044,0,58,0.1,2,166.06,0.3741749999999999,0.12242825194782454,0.01,0.4705,0.4647,0.09052500000000008,0.3723666666666667,0.4684,0.5840333333333331,0.476883119769768,0.5801181818181818,0.4873909756332953,0.40728181818181813,0.01,0.40728181818181813,0.4051636363636364,0.4978109090909091,0.5748159390834923,0.5023527272727274,0.5662696774608816,zombie,0.01,0.0116,0.0,0.0,0.0,resnet32,0.2629,0.266,2.151328582147306,1.8186434278772636,0.33268515786833386,resnet32,0.3963,0.3928,2.1043795973739843,1.802211116660725,0.30216848132708535,resnet32,0.4338,0.439,2.1045175328512085,1.8069114182144403,0.2976061153987592,resnet32,0.4336,0.4226,2.8013790110972794,2.0683852818540553,0.7329937291585586,resnet32,0.3709,0.368,2.118520480834625,1.8040269386361947,0.31449353870597074,resnet32,0.4492,0.4458,2.1537185353650288,1.8291576626625927,0.32456087052229454,resnet32,0.4705,0.4732,2.2296682618219745,1.8966741880232638,0.3329940725075589,resnet32,0.4254,0.4196,2.819409027695656,2.086989642036232,0.7324193876067345,resnet32,0.353,0.3632,2.1931117910214444,1.8402873919430105,0.3528243997980925,resnet32,0.4457,0.4388,2.1181818527931515,1.8049733813174746,0.31320847213183617,resnet32,0.4388,0.4278,2.1526110763238235,1.819470333612778,0.3331407379274341,9000000.0,0.0,36000000.0,2124000000.0,25488000000.0
resnet32x12_cifar100_K12_rand2-zomb0_seed0004_d015,d015,resnet32:12,cifar100,12,matched,rand2-zomb0,peers,4,200,64,0.1,0.9,0.0005,True,0,60,0.1,1.0,2,,random,1.0,1,0.0,0.5,weight,complete,0.0,0.0,42,0,45000,5000,10000,5170044,0,59,0.1,2,166.03,0.4065166666666667,0.12282051832744487,0.01,0.4881,0.5178,0.11128333333333335,0.40253333333333335,0.5176,0.5788454545454544,0.4468877362113935,0.5756136363636362,0.46216336576506534,0.4425636363636363,0.01,0.4425636363636363,0.43807272727272734,0.4922454545454546,0.5494572574633331,0.4960072727272729,0.5358108369142804,zombie,0.01,0.0116,0.0,0.0,0.0,resnet32,0.4268,0.409,2.10882909308103,1.7962155856869437,0.3126135080290789,resnet32,0.473,0.4712,2.7435464703223924,2.049995569173585,0.6935509041121061,resnet32,0.3945,0.3996,2.1326210630888287,1.8092804861000993,0.3233405759939077,resnet32,0.4126,0.3966,2.2144570267674597,1.8868959932164713,0.3275610369587825,resnet32,0.4368,0.4384,2.108738361603834,1.7969493771141225,0.31178898027759383,resnet32,0.4881,0.4926,2.141295787455006,1.8529790922660718,0.28831669747490773,resnet32,0.4267,0.4268,2.1575311700051483,1.8368377106433564,0.3206934616477652,resnet32,0.4403,0.4312,2.209277868609537,1.8756724997338923,0.33360536955296993,resnet32,0.4184,0.4134,2.1702890504490244,1.8386056997220626,0.33168335271660576,resnet32,0.4754,0.4716,2.717103210023858,2.029341208833185,0.6877619991586967,resnet32,0.4756,0.4684,2.1194173133170064,1.8085370783440091,0.3108802378939634,9000000.0,0.0,36000000.0,2160000000.0,25920000000.0
resnet32x12_cifar100_K12_rand2-zomb0_seed0004_d015,d015,resnet32:12,cifar100,12,matched,rand2-zomb0,peers,4,200,64,0.1,0.9,0.0005,True,0,60,0.1,1.0,2,,random,1.0,1,0.0,0.5,weight,complete,0.0,0.0,42,0,45000,5000,10000,5170044,0,60,0.010000000000000002,2,166.42,0.5725916666666667,0.1697625373786049,0.01,0.6371,0.6476,0.07500833333333323,0.5680333333333334,0.642,0.35926666666666657,0.6152154137527208,0.3585272727272728,0.6204756214374926,0.6237363636363636,0.01,0.6237363636363636,0.6186181818181818,0.2321636363636364,0.7359722570011235,0.2332436363636365,0.7315225922883556,zombie,0.01,0.0116,0.0,0.0,0.0,resnet32,0.6287,0.6202,1.5512814357538114,1.3768299001015045,0.17445153632963245,resnet32,0.627,0.624,2.4088818044825033,1.6763178228654645,0.7325639853423292,resnet32,0.6135,0.6166,2.6815125031227414,1.8142101498828693,0.8673023534938693,resnet32,0.6179,0.609,1.6176488550210542,1.4359705857085912,0.18167826866688716,resnet32,0.6254,0.6214,1.5545611747286536,1.3829398646273396,0.17162130770950831,resnet32,0.6371,0.6318,1.5569713847203688,1.3804696181111715,0.17650176624936814,resnet32,0.6157,0.6052,1.5988314388827845,1.418018657544797,0.18081277978225527,resnet32,0.6214,0.6096,1.6052921627732841,1.4220353116027333,0.18325685102238573,resnet32,0.6159,0.6228,1.586101769554344,1.4084372787990354,0.17766448882916433,resnet32,0.63,0.6216,1.7050345843149857,1.4634803916242989,0.24155419525182384,resnet32,0.6285,0.6226,1.729474581608718,1.4561297021467576,0.2733448813034391,9000000.0,0.0,36000000.0,2196000000.0,26352000000.0
resnet32x12_cifar100_K12_rand2-zomb0_seed0004_d015,d015,resnet32:12,cifar100,12,matched,rand2-zomb0,peers,4,200,64,0.1,0.9,0.0005,True,0,60,0.1,1.0,2,,random,1.0,1,0.0,0.5,weight,complete,0.0,0.0,42,0,45000,5000,10000,5170044,0,61,0.010000000000000002,2,166.27,0.58385,0.17314677059265837,0.01,0.6466,0.6617,0.07784999999999997,0.5790666666666666,0.6554,0.3566454545454545,0.6153335323440496,0.35575909090909097,0.6160794808349827,0.6360181818181818,0.01,0.6360181818181818,0.6306545454545455,0.22889636363636362,0.7304318833656941,0.23028,0.7303339277478651,zombie,0.01,0.0116,0.0,0.0,0.0,resnet32,0.6423,0.6322,1.4206148593432524,1.2418001364408568,0.1788147266065194,resnet32,0.6422,0.6354,1.595487559552897,1.343539061617445,0.2519484983376143,resnet32,0.6338,0.6268,1.5111426328393547,1.327845592983067,0.1832970424703407,resnet32,0.6283,0.6252,1.5143658041276715,1.302913428538225,0.21145237639377062,resnet32,0.6312,0.6296,1.4442291205579585,1.2560533708469435,0.18817574786953628,resnet32,0.6466,0.6426,2.4369328431785107,1.5647367752072485,0.8721960649232973,resnet32,0.6254,0.6188,1.4720161872153932,1.2858017777854747,0.18621441010724415,resnet32,0.63,0.6252,1.472402324392037,1.282976482317529,0.18942584044469352,resnet32,0.6321,0.629,1.627840242433277,1.3325528080829165,0.2952874309848994,resnet32,0.6418,0.6334,1.4406405015086585,1.2616679965603081,0.17897250499068337,resnet32,0.6425,0.639,2.421276876872236,1.601488465612585,0.8197884096510031,9000000.0,0.0,36000000.0,2232000000.0,26784000000.0
resnet32x12_cifar100_K12_rand2-zomb0_seed0004_d015,d015,resnet32:12,cifar100,12,matched,rand2-zomb0,peers,4,200,64,0.1,0.9,0.0005,True,0,60,0.1,1.0,2,,random,1.0,1,0.0,0.5,weight,complete,0.0,0.0,42,0,45000,5000,10000,5170044,0,62,0.010000000000000002,2,167.53,0.5881499999999998,0.1743820542181257,0.01,0.6493,0.6679,0.07975000000000021,0.58245,0.665,0.3623909090909091,0.5997684606425928,0.3589742424242426,0.6093165040073291,0.6407090909090908,0.01,0.6407090909090908,0.6343454545454544,0.23244909090909086,0.7250024171816071,0.23669454545454535,0.71638977466844,zombie,0.01,0.0116,0.0,0.0,0.0,resnet32,0.6493,0.6436,1.5024566379460422,1.2452539903196422,0.2572026491503824,resnet32,0.6397,0.6328,1.392864821309393,1.2109473644840447,0.18191745697351341,resnet32,0.6416,0.6418,2.5087796219370584,1.5951596728780053,0.9136199493977156,resnet32,0.6323,0.6262,1.6059316557578065,1.3183237839151511,0.287607871779156,resnet32,0.6354,0.634,1.3893026802688837,1.2048235847191378,0.1844790947030891,resnet32,0.6438,0.6378,1.4071390118280596,1.2210837771100076,0.1860552348873832,resnet32,0.6344,0.6286,1.4369327901777895,1.2371491250497373,0.19978366341357204,resnet32,0.6422,0.6314,2.3713247772644865,1.484841471199285,0.8864833064885302,resnet32,0.6392,0.6338,1.4327924529259854,1.246979910118336,0.18581254007718104,resnet32,0.6445,0.632,1.3838669776239179,1.2013051781634039,0.1825618003812534,resnet32,0.6454,0.6358,1.424830760214139,1.2463510651988061,0.17847969397817823,9000000.0,0.0,36000000.0,2268000000.0,27216000000.0
resnet32x12_cifar100_K12_rand2-zomb0_seed0004_d015,d015,resnet32:12,cifar100,12,matched,rand2-zomb0,peers,4,200,64,0.1,0.9,0.0005,True,0,60,0.1,1.0,2,,random,1.0,1,0.0,0.5,weight,complete,0.0,0.0,42,0,45000,5000,10000,5170044,0,63,0.010000000000000002,2,166.39,0.5861083333333333,0.1738589200967906,0.01,0.6477,0.6644,0.07829166666666665,0.5853,0.6656,0.3619272727272727,0.598507041505603,0.36470757575757584,0.6013136259521863,0.6384818181818182,0.01,0.6384818181818182,0.6374545454545455,0.23955090909090906,0.7132210007188345,0.23640363636363632,0.712117748699671,zombie,0.01,0.0116,0.0,0.0,0.0,resnet32,0.6477,0.6448,1.5610205448147925,1.3049477444623003,0.2560727980665185,resnet32,0.6368,0.6366,1.3594855185259471,1.1589011386544867,0.20058437720449132,resnet32,0.6426,0.6422,2.300807073373686,1.5513074685904114,0.7494996061379259,resnet32,0.6209,0.6128,1.419777306220071,1.2304678920825773,0.18930941471957008,resnet32,0.6396,0.6454,1.3508789044889538,1.1648394070057706,0.18603949818167498,resnet32,0.6412,0.6432,1.3436473579230634,1.1508806927806952,0.19276666550219737,resnet32,0.6431,0.6386,2.4231625954535874,1.550906295295466,0.8722563045607372,resnet32,0.6386,0.639,1.4128378506072543,1.2274345497346737,0.1854032997507602,resnet32,0.6266,0.6244,1.3704049984331836,1.189151819287376,0.1812531783097339,resnet32,0.6398,0.6378,1.3476349730044603,1.1623433141715147,0.18529165866361422,resnet32,0.6464,0.6472,1.354493399066004,1.1666675264185125,0.18782587357881395,9000000.0,0.0,36000000.0,2304000000.0,27648000000.0
resnet32x12_cifar100_K12_rand2-zomb0_seed0004_d015,d015,resnet32:12,cifar100,12,matched,rand2-zomb0,peers,4,200,64,0.1,0.9,0.0005,True,0,60,0.1,1.0,2,,random,1.0,1,0.0,0.5,weight,complete,0.0,0.0,42,0,45000,5000,10000,5170044,0,64,0.010000000000000002,2,166.47,0.592325,0.17570691565312202,0.01,0.6587,0.6732,0.08087500000000003,0.5907666666666667,0.6768,0.36029999999999995,0.5992302813534132,0.3599469696969697,0.6023369148617009,0.6452636363636364,0.01,0.6452636363636364,0.6434181818181819,0.2336854545454546,0.7168362288449869,0.23429454545454553,0.7140763821231462,zombie,0.01,0.0116,0.0,0.0,0.0,resnet32,0.6458,0.6386,1.351656831716272,1.170843973078511,0.18081285685978152,resnet32,0.6467,0.6492,1.36558487190103,1.1488920247859575,0.21669284703040664,resnet32,0.6459,0.647,1.5073473274030469,1.2611522702500224,0.2461950573858551,resnet32,0.6429,0.635,2.3351103761656717,1.4637361928312616,0.8713741883296858,resnet32,0.6426,0.6378,1.3283630343662067,1.1344117817722938,0.19395125269974497,resnet32,0.6501,0.645,1.3141980291428892,1.1174060407687316,0.19679198746400123,resnet32,0.6366,0.6344,1.4048422188921408,1.2163671722466296,0.18847504406320778,resnet32,0.6446,0.644,1.3554198495535688,1.1608387230980126,0.19458112546073442,resnet32,0.6313,0.6324,1.3545940323648127,1.1574591824954206,0.19713485249402848,resnet32,0.6527,0.6546,2.1355108107355507,1.3243143769319763,0.8111964359202168,resnet32,0.6587,0.6596,1.4089691964062778,1.169419525953179,0.23954967070709576,9000000.0,0.0,36000000.0,2340000000.0,28080000000.0
resnet32x12_cifar100_K12_rand2-zomb0_seed0004_d015,d015,resnet32:12,cifar100,12,matched,rand2-zomb0,peers,4,200,64,0.1,0.9,0.0005,True,0,60,0.1,1.0,2,,random,1.0,1,0.0,0.5,weight,complete,0.0,0.0,42,0,45000,5000,10000,5170044,0,65,0.010000000000000002,2,167.9,0.5960583333333332,0.1767900848385515,0.01,0.6583,0.6821,0.0860416666666668,0.5923166666666666,0.672,0.36394848484848485,0.5933538552394746,0.36588636363636357,0.5930195774505665,0.6493363636363637,0.01,0.6493363636363637,0.6451090909090909,0.24093636363636364,0.704203501967151,0.23878181818181812,0.7064553189066256,zombie,0.01,0.0116,0.0,0.0,0.0,resnet32,0.6467,0.6322,1.3217401704327627,1.1247003457762978,0.19703982419080354,resnet32,0.6488,0.6472,1.328129323284057,1.120224047028883,0.20790527777915652,resnet32,0.6548,0.6502,2.3647298823026093,1.5073731263930148,0.8573567564175888,resnet32,0.6405,0.634,1.4113039854405955,1.2111445564607328,0.20015943103300576,resnet32,0.6475,0.6408,1.3158620716157285,1.120588744651865,0.1952733263923702,resnet32,0.656,0.654,1.3188653287731789,1.105673697946424,0.21319162858311425,resnet32,0.6457,0.6454,1.5143457097424702,1.210720568048683,0.3036251414397901,resnet32,0.644,0.6434,2.395744751122865,1.4698830679567023,0.925861683843488,resnet32,0.6438,0.6426,1.3328184074806897,1.1367324139414863,0.19608599252321504,resnet32,0.6566,0.652,1.4787059968168086,1.2103215136819265,0.268384481928396,resnet32,0.6583,0.6544,1.3520828532901676,1.147976716218347,0.20410613611933182,9000000.0,0.0,36000000.0,2376000000.0,28512000000.0
resnet32x12_cifar100_K12_rand2-zomb0_seed0004_d015,d015,resnet32:12,cifar100,12,matched,rand2-zomb0,peers,4,200,64,0.1,0.9,0.0005,True,0,60,0.1,1.0,2,,random,1.0,1,0.0,0.5,weight,complete,0.0,0.0,42,0,45000,5000,10000,5170044,0,66,0.010000000000000002,2,167.59,0.5949166666666666,0.1764630878934427,0.01,0.6578,0.6804,0.08548333333333336,0.5933,0.6748,0.3664666666666666,0.5889156613577095,0.36517424242424246,0.5974234036203914,0.6480909090909092,0.01,0.6480909090909092,0.6461818181818182,0.2403763636363637,0.707411963186719,0.24225090909090918,0.6993969498805823,zombie,0.01,0.0116,0.0,0.0,0.0,resnet32,0.6565,0.6546,1.4742330282249234,1.1644176814535803,0.30981534700417385,resnet32,0.65,0.6432,1.478802310472185,1.1725532039153306,0.30624910666268657,resnet32,0.6511,0.6452,2.2908891739154402,1.484719293700023,0.806169880808077,resnet32,0.6359,0.634,1.3648024458776822,1.1596551893109626,0.20514725747687573,resnet32,0.6487,0.6494,1.3364925615658814,1.1165810904719613,0.2199114684692838,resnet32,0.6536,0.66,2.3309294269843535,1.4190468504516915,0.9118825776333158,resnet32,0.6417,0.6402,1.3619043726304716,1.1576007357375189,0.2043036370834505,resnet32,0.6461,0.6404,1.3858202504502102,1.1721372799101202,0.21368297001092948,resnet32,0.6448,0.6428,1.3541645602407781,1.136494004252282,0.21767055649649014,resnet32,0.6428,0.6474,1.3305187448859215,1.1322676932269877,0.1982510504101149,resnet32,0.6578,0.6508,1.3151436530222946,1.114390893500637,0.20075275941582565,9000000.0,0.0,36000000.0,2412000000.0,28944000000.0
resnet32x12_cifar100_K12_rand2-zomb0_seed0004_d015,d015,resnet32:12,cifar100,12,matched,rand2-zomb0,peers,4,200,64,0.1,0.9,0.0005,True,0,60,0.1,1.0,2,,random,1.0,1,0.0,0.5,weight,complete,0.0,0.0,42,0,45000,5000,10000,5170044,0,67,0.010000000000000002,2,167.53,0.5862916666666667,0.1739802070080259,0.01,0.6606,0.6676,0.08130833333333332,0.58455,0.674,0.37704848484848497,0.5796501687887042,0.3748863636363636,0.5943954268420116,0.6386818181818181,0.01,0.6386818181818181,0.6366363636363637,0.2517327272727272,0.7053058590263109,0.25463636363636355,0.6886698604469457,zombie,0.01,0.0116,0.0,0.0,0.0,resnet32,0.6447,0.638,1.3252153367820112,1.117084038020535,0.2081312982111492,resnet32,0.6364,0.6296,1.42361895900897,1.144688757729124,0.2789302008141848,resnet32,0.6414,0.6372,1.5208056401461363,1.2364903953434392,0.2843152456281876,resnet32,0.6385,0.633,2.3598050718957726,1.4445361014116893,0.9152689671821215,resnet32,0.6416,0.648,1.3040250784463503,1.0975401638583704,0.20648491407998584,resnet32,0.6441,0.6418,1.3297582626850768,1.1137715755030513,0.21598668697036125,resnet32,0.6279,0.6264,1.3479335887188262,1.1355040709234097,0.21242951735092158,resnet32,0.6278,0.631,1.3707969509573146,1.1394651162184097,0.23133183592422443,resnet32,0.6338,0.6314,1.3317602689123966,1.1213445621119305,0.21041570680046623,resnet32,0.6287,0.6272,1.324545432474803,1.1097435969012706,0.2148018376055089,resnet32,0.6606,0.6594,2.3768453608182343,1.4698348824273457,0.9070104786448858,9000000.0,0.0,36000000.0,2448000000.0,29376000000.0
resnet32x12_cifar100_K12_rand2-zomb0_seed0004_d015,d015,resnet32:12,cifar100,12,matched,rand2-zomb0,peers,4,200,64,0.1,0.9,0.0005,True,0,60,0.1,1.0,2,,random,1.0,1,0.0,0.5,weight,complete,0.0,0.0,42,0,45000,5000,10000,5170044,0,68,0.010000000000000002,2,167.67,0.5890083333333332,0.17471425460988832,0.01,0.6563,0.6753,0.08629166666666677,0.5868166666666667,0.6692,0.37499393939393943,0.5869114553697768,0.37368030303030303,0.5901926881468668,0.6416454545454545,0.01,0.6416454545454545,0.6391090909090908,0.25051454545454543,0.698581155781736,0.25250545454545453,0.69494340034864,zombie,0.01,0.0116,0.0,0.0,0.0,resnet32,0.639,0.6366,1.305096128786152,1.091795687394386,0.21330044221725653,resnet32,0.6351,0.636,1.3058548462153836,1.0915091951293023,0.21434565047225493,resnet32,0.6459,0.6394,1.4960818702185696,1.1956774172457783,0.3004044511524791,resnet32,0.6392,0.6316,1.5089381288059733,1.2097710398110477,0.29916708721694624,resnet32,0.632,0.6312,1.340768744745715,1.1029498331587424,0.2378189112059772,resnet32,0.6563,0.6598,2.293521091172641,1.4082525240426713,0.8852685651826587,resnet32,0.6442,0.6376,2.455211469734257,1.5149647087197413,0.9402467630464922,resnet32,0.6519,0.649,1.3541308516975155,1.1238558728417212,0.23027497917329046,resnet32,0.635,0.6312,1.327893298034641,1.1045415937392549,0.2233517049938779,resnet32,0.636,0.6346,1.3212289158254862,1.098427463576875,0.22280145159245215,resnet32,0.6435,0.6432,1.326335110278292,1.1170597038316457,0.2092754058328203,9000000.0,0.0,36000000.0,2484000000.0,29808000000.0
resnet32x12_cifar100_K12_rand2-zomb0_seed0004_d015,d015,resnet32:12,cifar100,12,matched,rand2-zomb0,peers,4,200,64,0.1,0.9,0.0005,True,0,60,0.1,1.0,2,,random,1.0,1,0.0,0.5,weight,complete,0.0,0.0,42,0,45000,5000,10000,5170044,0,69,0.010000000000000002,2,167.81,0.5969833333333333,0.17707613161826438,0.01,0.6642,0.6851,0.08811666666666673,0.5945166666666667,0.6864,0.3766666666666664,0.5703627208649376,0.37706666666666666,0.5774423985763661,0.6503454545454546,0.01,0.6503454545454546,0.6475090909090909,0.2542818181818182,0.6862368233176731,0.2539927272727273,0.679324444575395,zombie,0.01,0.0116,0.0,0.0,0.0,resnet32,0.6565,0.6488,1.3094383112408898,1.0829478545453062,0.226490457711572,resnet32,0.6445,0.6428,1.3199060137637637,1.0828614431348713,0.23704457045956093,resnet32,0.6469,0.645,1.3719258393076332,1.150790516964414,0.2211353191894225,resnet32,0.6469,0.6476,2.359549011357806,1.476632776077498,0.8829162325710058,resnet32,0.6574,0.6538,1.4869164040481502,1.1682649911804632,0.3186514138625088,resnet32,0.6455,0.6428,1.323249240321192,1.1041842662644656,0.2190649734428999,resnet32,0.6467,0.6438,1.3733524781736461,1.1517245823686773,0.2216278980486095,resnet32,0.6491,0.6428,1.3221863389692523,1.1008229784836823,0.22136335921558467,resnet32,0.6506,0.6498,2.4218021248551933,1.488201511939141,0.9336006177419965,resnet32,0.6455,0.646,1.3168033410541036,1.0887536944144152,0.2280496465973556,resnet32,0.6642,0.6594,1.465259470214898,1.1493885276669806,0.31587094005027955,9000000.0,0.0,36000000.0,2520000000.0,30240000000.0
resnet32x12_cifar100_K12_rand2-zomb0_seed0004_d015,d015,resnet32:12,cifar100,12,matched,rand2-zomb0,peers,4,200,64,0.1,0.9,0.0005,True,0,60,0.1,1.0,2,,random,1.0,1,0.0,0.5,weight,complete,0.0,0.0,42,0,45000,5000,10000,5170044,0,70,0.010000000000000002,2,166.51,0.597625,0.17725856408553767,0.01,0.6568,0.6879,0.090275,0.5949833333333334,0.6842,0.37597575757575774,0.5738404544321493,0.37702121212121215,0.5769576640296527,0.6510454545454546,0.01,0.6510454545454546,0.6480181818181818,0.2544727272727273,0.6831915090274266,0.25362545454545454,0.6805341537643462,zombie,0.01,0.0116,0.0,0.0,0.0,resnet32,0.6565,0.6494,1.3157614245164124,1.0772163580087097,0.23854506616903978,resnet32,0.6539,0.653,1.4083993199535392,1.1065703668546947,0.30182895447466185,resnet32,0.6452,0.6482,1.343588076531887,1.1163613708181814,0.2272267063063654,resnet32,0.6398,0.6328,1.403982479463924,1.1697808293287049,0.23420165322551673,resnet32,0.6568,0.6528,2.2694462283768435,1.3788233086974784,0.8906229169700633,resnet32,0.6563,0.6562,1.3108366903086954,1.074031661941924,0.2368050268216228,resnet32,0.6447,0.6412,1.3401079795069315,1.1086876586248928,0.23142032206735827,resnet32,0.6473,0.647,1.3317135123705321,1.0911445400084963,0.24056897035122596,resnet32,0.6505,0.647,2.3515529685061085,1.4757649397308177,0.8757880264046517,resnet32,0.6539,0.6494,1.4668674563819712,1.123982535167174,0.34288491986014624,resnet32,0.6566,0.6512,1.3102761473168025,1.0876726413314992,0.22260350467298518,9000000.0,0.0,36000000.0,2556000000.0,30672000000.0
resnet32x12_cifar100_K12_rand2-zomb0_seed0004_d015,d015,resnet32:12,cifar100,12,matched,rand2-zomb0,peers,4,200,64,0.1,0.9,0.0005,True,0,60,0.1,1.0,2,,random,1.0,1,0.0,0.5,weight,complete,0.0,0.0,42,0,45000,5000,10000,5170044,0,71,0.010000000000000002,2,166.45,0.5884916666666666,0.17464653569583208,0.01,0.6583,0.6785,0.09000833333333336,0.5825833333333335,0.6684,0.39100909090909103,0.5707850990471054,0.38951363636363645,0.5713052753578257,0.6410818181818182,0.01,0.6410818181818182,0.6344909090909092,0.2699127272727272,0.6744498515524842,0.2722363636363636,0.6727277886935736,zombie,0.01,0.0116,0.0,0.0,0.0,resnet32,0.6467,0.636,1.2856024655259468,1.0609624199569225,0.2246400450821966,resnet32,0.6318,0.6248,1.303089079870419,1.0713862655684352,0.23170281224884093,resnet32,0.6549,0.651,2.385327648032795,1.4556054851378908,0.929722159000283,resnet32,0.6294,0.6252,1.387935858812522,1.138464484702457,0.24947137233208527,resnet32,0.648,0.6442,1.485272870653055,1.1727073041044853,0.3125655642837625,resnet32,0.6583,0.6542,2.3086893760006535,1.4225591587072068,0.886130219410089,resnet32,0.6402,0.6312,1.4905382779172875,1.1583927906203,0.332145488566973,resnet32,0.6327,0.6216,1.3146055374633183,1.081915938549421,0.23268959899856287,resnet32,0.6344,0.6294,1.3792240023612976,1.1469700095159086,0.23225399320521814,resnet32,0.6351,0.6332,1.3129070173441009,1.084752767177468,0.22815424999730152,resnet32,0.6404,0.6286,1.3036169231107289,1.0741346813738346,0.22948224184272642,9000000.0,0.0,36000000.0,2592000000.0,31104000000.0
resnet32x12_cifar100_K12_rand2-zomb0_seed0004_d015,d015,resnet32:12,cifar100,12,matched,rand2-zomb0,peers,4,200,64,0.1,0.9,0.0005,True,0,60,0.1,1.0,2,,random,1.0,1,0.0,0.5,weight,complete,0.0,0.0,42,0,45000,5000,10000,5170044,0,72,0.010000000000000002,2,167.42,0.5898166666666667,0.1750321676784648,0.01,0.6596,0.6829,0.0930833333333333,0.5920333333333333,0.6866,0.3859242424242424,0.5688239667491068,0.39035151515151534,0.5648217399717002,0.6425272727272727,0.01,0.6425272727272727,0.6448,0.2704981818181818,0.6687768949806425,0.26560000000000006,0.6736769552790881,zombie,0.01,0.0116,0.0,0.0,0.0,resnet32,0.6513,0.6416,1.425788727504286,1.099126568233425,0.32666216049851343,resnet32,0.6435,0.6402,1.3112220500003209,1.0672245700420304,0.2439974805297838,resnet32,0.6403,0.6428,1.384492708539421,1.143510015088726,0.240982692159543,resnet32,0.6364,0.6394,1.5028778632086786,1.1687154336409136,0.3341624296524308,resnet32,0.6397,0.6458,1.3228300321339206,1.0939324767413465,0.2288975556254048,resnet32,0.6399,0.6568,1.3316393592818216,1.090066970156675,0.24157238817265766,resnet32,0.6499,0.6538,2.2877329013903034,1.3867760324342684,0.9009568647227504,resnet32,0.6452,0.6418,1.3239395182410425,1.0798485120758414,0.2440910049163821,resnet32,0.6229,0.6266,1.3426417266442017,1.1067346731539478,0.23590705524706704,resnet32,0.6391,0.6422,1.326543731699613,1.0826163837178187,0.24392734614031558,resnet32,0.6596,0.6618,2.435449118302627,1.4986569510603494,0.9367921685969288,9000000.0,0.0,36000000.0,2628000000.0,31536000000.0
resnet32x12_cifar100_K12_rand2-zomb0_seed0004_d015,d015,resnet32:12,cifar100,12,matched,rand2-zomb0,peers,4,200,64,0.1,0.9,0.0005,True,0,60,0.1,1.0,2,,random,1.0,1,0.0,0.5,weight,complete,0.0,0.0,42,0,45000,5000,10000,5170044,0,73,0.010000000000000002,2,166.8,0.5909583333333334,0.1753630826710368,0.01,0.6598,0.6816,0.09064166666666662,0.5877999999999999,0.6792,0.3895272727272728,0.5654539059261847,0.38584090909090907,0.5720390481229296,0.6437727272727273,0.01,0.6437727272727273,0.6401818181818181,0.2651490909090909,0.6768339690552176,0.27008727272727273,0.6690225761560272,zombie,0.01,0.0116,0.0,0.0,0.0,resnet32,0.6451,0.6418,1.292918283153664,1.0615521296858788,0.23136615321378817,resnet32,0.6404,0.6364,1.462848020378839,1.1261973637579517,0.33665065734054556,resnet32,0.6497,0.6504,2.3174816593527794,1.4276945127851584,0.8897871484302662,resnet32,0.6389,0.6328,1.3770199666985057,1.1335280763662674,0.24349189162339,resnet32,0.6422,0.6342,1.3187210708009927,1.083957409909503,0.23476365964267065,resnet32,0.6598,0.6544,2.2804044148122724,1.4138268609954552,0.8665775518695061,resnet32,0.6273,0.6302,1.373269597576423,1.136448105712506,0.23682149154642088,resnet32,0.6414,0.6388,1.31794932145964,1.077822713012045,0.24012661155905912,resnet32,0.6349,0.6328,1.3496645945547656,1.1050751861184835,0.2445894097486003,resnet32,0.6463,0.6438,1.34746874648739,1.0833515027876606,0.26411724530837755,resnet32,0.6555,0.6464,1.4823662567545066,1.1665925839915872,0.31577367187392985,9000000.0,0.0,36000000.0,2664000000.0,31968000000.0
resnet32x12_cifar100_K12_rand2-zomb0_seed0004_d015,d015,resnet32:12,cifar100,12,matched,rand2-zomb0,peers,4,200,64,0.1,0.9,0.0005,True,0,60,0.1,1.0,2,,random,1.0,1,0.0,0.5,weight,complete,0.0,0.0,42,0,45000,5000,10000,5170044,0,74,0.010000000000000002,2,166.06,0.5893999999999999,0.17482919759963816,0.01,0.6542,0.6817,0.09230000000000005,0.5871999999999999,0.6816,0.3923666666666667,0.561899544201065,0.39008484848484853,0.5690808447431355,0.6420727272727272,0.01,0.6420727272727272,0.6395272727272728,0.27002727272727267,0.6739880365654892,0.2731927272727272,0.6655130037321034,zombie,0.01,0.0116,0.0,0.0,0.0,resnet32,0.6391,0.6364,1.3008046686987986,1.0556795487857678,0.24512512145817958,resnet32,0.6542,0.6454,2.258241071619771,1.372923049652441,0.8853180197660219,resnet32,0.6439,0.642,1.3772984119978817,1.1331413998691873,0.24415701174769888,resnet32,0.6337,0.628,1.367221895266663,1.1159003183922984,0.25132157757285645,resnet32,0.6403,0.6446,1.3342618198895997,1.079033845696937,0.2552279736423357,resnet32,0.6399,0.6402,1.3492191161283038,1.0958171158351682,0.25340200175361877,resnet32,0.6344,0.6334,1.361743470823223,1.1046548098833724,0.25708866309882566,resnet32,0.64,0.6294,1.3165886656127193,1.0691263409416107,0.24746232591992753,resnet32,0.6337,0.6352,1.4788890757005324,1.1412371030416002,0.33765197409824893,resnet32,0.6522,0.647,2.3547569550573826,1.4350853849371725,0.919671567664905,resnet32,0.6514,0.6532,1.4477917865257373,1.123675207607448,0.3241165773519738,9000000.0,0.0,36000000.0,2700000000.0,32400000000.0
resnet32x12_cifar100_K12_rand2-zomb0_seed0004_d015,d015,resnet32:12,cifar100,12,matched,rand2-zomb0,peers,4,200,64,0.1,0.9,0.0005,True,0,60,0.1,1.0,2,,random,1.0,1,0.0,0.5,weight,complete,0.0,0.0,42,0,45000,5000,10000,5170044,0,75,0.010000000000000002,2,167.84,0.5882083333333332,0.17443391517674794,0.01,0.6483,0.6837,0.09549166666666675,0.5877,0.6856,0.39845454545454545,0.5467032505842105,0.39927878787878796,0.5558593656836341,0.6407727272727274,0.01,0.6407727272727274,0.6400727272727272,0.2812018181818182,0.6583787800416169,0.28032727272727276,0.650411649744586,zombie,0.01,0.0116,0.0,0.0,0.0,resnet32,0.6464,0.6408,1.2975376462563872,1.051201101307842,0.24633654604919933,resnet32,0.6348,0.635,1.3393250934102319,1.0895168769427321,0.24980821826664562,resnet32,0.6471,0.6478,1.489695138043978,1.1531584753908894,0.33653666121377185,resnet32,0.6372,0.6344,1.5040117974647067,1.1625925060361624,0.34141929172487423,resnet32,0.6483,0.6584,2.343626379966736,1.419661957262592,0.9239644188095223,resnet32,0.6432,0.6492,1.3329070920801975,1.0705592408776283,0.2623478498267518,resnet32,0.6332,0.6246,1.3576169415292414,1.1011291484941135,0.25648779163814406,resnet32,0.6465,0.6454,2.3423215716399928,1.4136198384856635,0.9287017334083264,resnet32,0.6313,0.6348,1.3411742077971047,1.0960121582346884,0.24516204725527627,resnet32,0.6355,0.6308,1.3411447009579702,1.0953286727890372,0.24581602681428194,resnet32,0.645,0.6396,1.3266665884716944,1.0756215861236507,0.25104500279253855,9000000.0,0.0,36000000.0,2736000000.0,32832000000.0
resnet32x12_cifar100_K12_rand2-zomb0_seed0004_d015,d015,resnet32:12,cifar100,12,matched,rand2-zomb0,peers,4,200,64,0.1,0.9,0.0005,True,0,60,0.1,1.0,2,,random,1.0,1,0.0,0.5,weight,complete,0.0,0.0,42,0,45000,5000,10000,5170044,0,76,0.010000000000000002,2,166.12,0.5873583333333333,0.17441170382332588,0.01,0.6582,0.6831,0.09574166666666672,0.5869000000000001,0.685,0.40152424242424234,0.54652123281508,0.40174545454545446,0.5517709364403508,0.6398454545454546,0.01,0.6398454545454546,0.6391999999999999,0.2840909090909091,0.6528317129357193,0.28421090909090907,0.6478933076462431,zombie,0.01,0.0116,0.0,0.0,0.0,resnet32,0.6582,0.659,2.280249824747443,1.348321082832461,0.9319287432696332,resnet32,0.6273,0.6278,1.332346268421547,1.068634439090436,0.2637118324637413,resnet32,0.6491,0.6464,1.4760027018121697,1.142609622414139,0.3333930778740482,resnet32,0.6272,0.6288,1.3591073763302781,1.1143105562606996,0.2447968204717406,resnet32,0.631,0.6286,1.340063416314396,1.0943052729761058,0.24575814306312663,resnet32,0.6577,0.6622,2.2782336842607367,1.3888596084646203,0.8893740775740959,resnet32,0.645,0.636,1.4479431890967218,1.122069726867432,0.32587346275845036,resnet32,0.6262,0.6252,1.3371775851330974,1.0920515043491668,0.24512608114375986,resnet32,0.6351,0.6294,1.3439572375606408,1.086856589652598,0.2571006479503756,resnet32,0.6382,0.6398,1.328100199472498,1.0763081185181032,0.2517920791975815,resnet32,0.6433,0.648,1.3239344045181165,1.0696461290459742,0.254288273842328,9000000.0,0.0,36000000.0,2772000000.0,33264000000.0
resnet32x12_cifar100_K12_rand2-zomb0_seed0004_d015,d015,resnet32:12,cifar100,12,matched,rand2-zomb0,peers,4,200,64,0.1,0.9,0.0005,True,0,60,0.1,1.0,2,,random,1.0,1,0.0,0.5,weight,complete,0.0,0.0,42,0,45000,5000,10000,5170044,0,77,0.010000000000000002,2,166.8,0.5906250000000001,0.17515565993804863,0.01,0.6541,0.6879,0.09727499999999989,0.5883833333333333,0.6894,0.39905151515151527,0.5449534972137652,0.40048636363636364,0.5518547786120107,0.6434090909090908,0.01,0.6434090909090908,0.6408181818181817,0.28242000000000006,0.6549661684915401,0.2809927272727274,0.64770059639571,zombie,0.01,0.0116,0.0,0.0,0.0,resnet32,0.6541,0.6484,1.4505329668860545,1.114917877214876,0.33561508933251555,resnet32,0.6408,0.6372,1.312511308965358,1.0550079212777994,0.2575033873277293,resnet32,0.6414,0.64,1.356596766632389,1.103635510175743,0.25296125906011596,resnet32,0.6443,0.6454,1.3664466720074415,1.1009124096652323,0.2655342621940442,resnet32,0.6485,0.647,2.3250602006234904,1.4068784104998817,0.9181817974895239,resnet32,0.6501,0.6494,1.3398859030990438,1.0832855339924043,0.25660037058828905,resnet32,0.6326,0.6258,1.3375546307387678,1.0862892126156525,0.25126541683196346,resnet32,0.6447,0.6378,1.4592894124375149,1.11217382541773,0.34711558776060963,resnet32,0.6453,0.6476,2.453941237181425,1.5197746138173072,0.9341666236181151,resnet32,0.6383,0.6342,1.323415773328055,1.063884094272825,0.2595316787800667,resnet32,0.6374,0.6362,1.317354840311137,1.059032397429374,0.2583224424372681,9000000.0,0.0,36000000.0,2808000000.0,33696000000.0
resnet32x12_cifar100_K12_rand2-zomb0_seed0004_d015,d015,resnet32:12,cifar100,12,matched,rand2-zomb0,peers,4,200,64,0.1,0.9,0.0005,True,0,60,0.1,1.0,2,,random,1.0,1,0.0,0.5,weight,complete,0.0,0.0,42,0,45000,5000,10000,5170044,0,78,0.010000000000000002,2,166.16,0.583875,0.17327551820246662,0.01,0.65,0.6778,0.09392499999999993,0.5829000000000001,0.6816,0.3983636363636363,0.5540777550163236,0.4001742424242425,0.5576001764093691,0.6360454545454546,0.01,0.6360454545454546,0.6348363636363636,0.28284909090909083,0.6575609953800778,0.2813745454545455,0.6519864897399196,zombie,0.01,0.0116,0.0,0.0,0.0,resnet32,0.635,0.6296,1.3130039789459922,1.0663031133907763,0.24670086750252682,resnet32,0.6498,0.647,2.1580914336849344,1.2789351356808434,0.8791563002900644,resnet32,0.6271,0.6244,1.3605445597151464,1.0965853805907748,0.26395917836238036,resnet32,0.64,0.6388,1.490773594260893,1.1380269098180262,0.3527466817335649,resnet32,0.6269,0.6204,1.3501569312912496,1.0998070826753974,0.2503498482136903,resnet32,0.6367,0.639,1.3409637157720598,1.0664336640726437,0.2745300516782498,resnet32,0.65,0.6418,2.345592137087475,1.4141296551308848,0.9314624801786109,resnet32,0.6366,0.6364,1.3215619812465527,1.0701495498757472,0.25141243139197206,resnet32,0.6203,0.6248,1.3772256377745757,1.1176005493510852,0.25962509159845387,resnet32,0.6269,0.634,1.328482473269105,1.0648305205289612,0.2636519527824765,resnet32,0.6472,0.647,1.3981241886927323,1.0829729247330264,0.31515126319771464,9000000.0,0.0,36000000.0,2844000000.0,34128000000.0
resnet32x12_cifar100_K12_rand2-zomb0_seed0004_d015,d015,resnet32:12,cifar100,12,matched,rand2-zomb0,peers,4,200,64,0.1,0.9,0.0005,True,0,60,0.1,1.0,2,,random,1.0,1,0.0,0.5,weight,complete,0.0,0.0,42,0,45000,5000,10000,5170044,0,79,0.010000000000000002,2,166.16,0.5905333333333334,0.17533328422052546,0.01,0.6577,0.6885,0.09796666666666665,0.5881166666666666,0.6852,0.39943030303030297,0.5524555681132609,0.4035545454545455,0.5476939467676175,0.6433090909090909,0.01,0.6433090909090909,0.6405272727272727,0.28682,0.64642277619191,0.2823818181818181,0.6511802890820088,zombie,0.01,0.0116,0.0,0.0,0.0,resnet32,0.6463,0.643,1.310420803895051,1.0521549671380357,0.25826583692634647,resnet32,0.6514,0.6472,2.150740606371652,1.3095105095681818,0.8412300980734554,resnet32,0.6482,0.6432,1.3540182690220801,1.0830271958627484,0.27099107375199144,resnet32,0.6363,0.637,1.3533723025836728,1.0971773403104057,0.25619496184993873,resnet32,0.6356,0.6302,1.333740677515214,1.073304370892319,0.26043630653822963,resnet32,0.6569,0.662,2.2326751185411755,1.35754702959887,0.875128090466288,resnet32,0.6421,0.6354,1.475894915617325,1.1506313187154857,0.3252635956318541,resnet32,0.6387,0.6306,1.3235825202004476,1.0616589603437618,0.2619235602376813,resnet32,0.6184,0.6232,1.3539015886966477,1.0875141190534288,0.2663874694738876,resnet32,0.6577,0.6524,1.4281694945794614,1.0883536453951488,0.3398158471946689,resnet32,0.6448,0.6416,1.310103384439241,1.0516506422480398,0.258452743249522,9000000.0,0.0,36000000.0,2880000000.0,34560000000.0
resnet32x12_cifar100_K12_rand2-zomb0_seed0004_d015,d015,resnet32:12,cifar100,12,matched,rand2-zomb0,peers,4,200,64,0.1,0.9,0.0005,True,0,60,0.1,1.0,2,,random,1.0,1,0.0,0.5,weight,complete,0.0,0.0,42,0,45000,5000,10000,5170044,0,80,0.010000000000000002,2,166.71,0.590975,0.1754260438902958,0.01,0.6619,0.6888,0.09782499999999994,0.58645,0.686,0.40363030303030306,0.5408436654990888,0.40098333333333314,0.5506185425362796,0.6437909090909092,0.01,0.6437909090909092,0.6387090909090909,0.283269090909091,0.651396936546405,0.28683272727272724,0.6405599596335232,zombie,0.01,0.0116,0.0,0.0,0.0,resnet32,0.6357,0.6314,1.3081275671720505,1.04533985841342,0.2627877093936232,resnet32,0.635,0.6246,1.3443242684853347,1.0822923432358287,0.2620319247203456,resnet32,0.6497,0.642,1.4879320197823374,1.1302880449220538,0.357643974987282,resnet32,0.6317,0.6298,1.3533866325054655,1.087594748305326,0.26579188475046645,resnet32,0.6409,0.6332,1.3397123957560821,1.0707387329841203,0.2689736634492874,resnet32,0.6619,0.6634,2.1787866540253162,1.3496814774857326,0.8291051723062992,resnet32,0.6336,0.6232,1.3603704134848984,1.0941744171590968,0.26619599734179,resnet32,0.652,0.6486,1.4609842076050965,1.0939786300401797,0.36700557921589777,resnet32,0.6352,0.6356,1.354379209689796,1.0807691756635904,0.2736100334758786,resnet32,0.6528,0.6418,1.3121058961207217,1.052361777390946,0.25974411904727196,resnet32,0.6532,0.6522,2.36723336645148,1.4213147701864892,0.9459185899997299,9000000.0,0.0,36000000.0,2916000000.0,34992000000.0
resnet32x12_cifar100_K12_rand2-zomb0_seed0004_d015,d015,resnet32:12,cifar100,12,matched,rand2-zomb0,peers,4,200,64,0.1,0.9,0.0005,True,0,60,0.1,1.0,2,,random,1.0,1,0.0,0.5,weight,complete,0.0,0.0,42,0,45000,5000,10000,5170044,0,81,0.010000000000000002,2,166.35,0.5891416666666667,0.17482965737317632,0.01,0.6546,0.6918,0.1026583333333333,0.59005,0.6878,0.39756363636363645,0.5450145332177828,0.4013621212121212,0.5462726763689603,0.6417909090909091,0.01,0.6417909090909091,0.6426363636363637,0.28382363636363644,0.6459228654169428,0.2798,0.6435970715482561,zombie,0.01,0.0116,0.0,0.0,0.0,resnet32,0.6471,0.6448,1.3233234442939812,1.0490148837085476,0.2743085576009683,resnet32,0.6399,0.6396,1.3409223192456095,1.0614386408335783,0.2794836798936806,resnet32,0.6406,0.641,1.3482244079085914,1.0833249924365769,0.26489941437136044,resnet32,0.6363,0.6404,1.4495620852844282,1.1179698380556973,0.33159224811772053,resnet32,0.6511,0.6574,2.1916009116579187,1.3091364220970056,0.8824644918468866,resnet32,0.621,0.6258,1.3526836530390112,1.082149380902675,0.27053427444347605,resnet32,0.6325,0.6306,1.3618212914602323,1.0908311078832909,0.27099018543958664,resnet32,0.6546,0.649,1.4425829388201237,1.1079328855160961,0.33465005542066967,resnet32,0.6425,0.6476,2.2881767726079985,1.385189732367342,0.9029870434579524,resnet32,0.647,0.6408,1.3209429206326604,1.0501903928816319,0.27075252518989146,resnet32,0.6471,0.652,1.3396963498301127,1.0751044867052273,0.26459186168556864,9000000.0,0.0,36000000.0,2952000000.0,35424000000.0
resnet32x12_cifar100_K12_rand2-zomb0_seed0004_d015,d015,resnet32:12,cifar100,12,matched,rand2-zomb0,peers,4,200,64,0.1,0.9,0.0005,True,0,60,0.1,1.0,2,,random,1.0,1,0.0,0.5,weight,complete,0.0,0.0,42,0,45000,5000,10000,5170044,0,82,0.010000000000000002,2,166.09,0.5944916666666668,0.17638033931598562,0.01,0.665,0.6951,0.1006083333333333,0.59055,0.6912,0.400281818181818,0.5452926367829587,0.39977727272727265,0.5474131395091918,0.6476272727272728,0.01,0.6476272727272728,0.6431818181818181,0.2816727272727273,0.6494870204471315,0.2824909090909092,0.6494039676070348,zombie,0.01,0.0116,0.0,0.0,0.0,resnet32,0.6377,0.632,1.3060372175479478,1.0411608731374145,0.2648763467600061,resnet32,0.6418,0.6482,1.336711074648933,1.0556682084941051,0.28104286463084543,resnet32,0.665,0.6606,2.2138478830456734,1.3786029650575735,0.8352449167181145,resnet32,0.6401,0.6268,1.3505396403541619,1.0851476734334773,0.26539196871983056,resnet32,0.643,0.646,1.482914443889802,1.1795594475486062,0.30335499794984405,resnet32,0.6538,0.6604,2.1468340031463993,1.3412630659612743,0.8055709392171014,resnet32,0.6459,0.6386,1.3551461264829745,1.083827069537206,0.2713190559509464,resnet32,0.6501,0.6466,1.326658016748049,1.0671774329278956,0.25948058504780586,resnet32,0.6421,0.633,1.3712959112599492,1.1032675130462104,0.2680283999070525,resnet32,0.6517,0.6412,1.3189061608334833,1.049591392617334,0.26931476645933633,resnet32,0.6527,0.6416,1.3318017662756823,1.058551580052484,0.2732501851225441,9000000.0,0.0,36000000.0,2988000000.0,35856000000.0
resnet32x12_cifar100_K12_rand2-zomb0_seed0004_d015,d015,resnet32:12,cifar100,12,matched,rand2-zomb0,peers,4,200,64,0.1,0.9,0.0005,True,0,60,0.1,1.0,2,,random,1.0,1,0.0,0.5,weight,complete,0.0,0.0,42,0,45000,5000,10000,5170044,0,83,0.010000000000000002,2,166.03,0.5861333333333333,0.17420750717335792,0.01,0.6622,0.6832,0.09706666666666675,0.5863166666666665,0.6816,0.40454242424242415,0.5402760372947117,0.40626515151515147,0.5459118090447713,0.6385090909090909,0.01,0.6385090909090909,0.6385636363636364,0.2891309090909091,0.6509601988215795,0.28720000000000007,0.6463102011640687,zombie,0.01,0.0116,0.0,0.0,0.0,resnet32,0.6622,0.6638,2.416100200604309,1.4597743327136745,0.9563258647580039,resnet32,0.6467,0.6476,1.3228739341720939,1.0428425229408524,0.28003141159107064,resnet32,0.6491,0.6466,1.4699623826891184,1.1380177164788952,0.3319446661043912,resnet32,0.6195,0.6202,1.3539350906556302,1.0768453816629269,0.27708970835771074,resnet32,0.6197,0.6144,1.3390567002140663,1.0741442809389397,0.26491241923279385,resnet32,0.6235,0.6232,1.3535739550028334,1.074691928415136,0.2788820257622071,resnet32,0.6373,0.637,1.343040088614957,1.070104331878776,0.2729357568420131,resnet32,0.6378,0.64,1.3453606560995632,1.0619317150928758,0.2834289396943694,resnet32,0.6412,0.6506,1.4980016581036828,1.1277470476925373,0.3702546099454842,resnet32,0.6303,0.6312,1.3106070755218917,1.0399911230938002,0.27061595117927273,resnet32,0.6563,0.6496,2.2782908940518443,1.3827221711081537,0.8955687271769751,9000000.0,0.0,36000000.0,3024000000.0,36288000000.0
resnet32x12_cifar100_K12_rand2-zomb0_seed0004_d015,d015,resnet32:12,cifar100,12,matched,rand2-zomb0,peers,4,200,64,0.1,0.9,0.0005,True,0,60,0.1,1.0,2,,random,1.0,1,0.0,0.5,weight,complete,0.0,0.0,42,0,45000,5000,10000,5170044,0,84,0.010000000000000002,2,166.91,0.593325,0.17599739640593168,0.01,0.6561,0.6954,0.10207500000000003,0.5898000000000001,0.6906,0.40436363636363637,0.5355958134666858,0.4061378787878787,0.5417544900764424,0.6463545454545454,0.01,0.6463545454545454,0.6423636363636365,0.28931454545454544,0.6423046355306636,0.28764363636363627,0.6362555081427618,zombie,0.01,0.0116,0.0,0.0,0.0,resnet32,0.645,0.6472,1.336461560377343,1.0667241797359153,0.2697373798582703,resnet32,0.6476,0.6456,1.314233635975556,1.0358979874713854,0.27833564816550777,resnet32,0.644,0.641,1.428482486781749,1.1085344597866589,0.31994802587326954,resnet32,0.6438,0.6396,1.4791532216424292,1.1123887126080014,0.3667645070236176,resnet32,0.6534,0.6488,2.1662829091603104,1.3052430382337084,0.8610398738899014,resnet32,0.6561,0.6632,2.190990860658613,1.3121016472578049,0.8788892146707936,resnet32,0.6466,0.636,1.3576109167188406,1.0732275888493115,0.2843833284833553,resnet32,0.6434,0.6338,1.3244486890563911,1.0486701196059585,0.27577857091091573,resnet32,0.6307,0.6298,1.3533650113439017,1.0837184435433962,0.26964656583202834,resnet32,0.6553,0.6504,1.3162370908328078,1.039526165293699,0.2767109262376008,resnet32,0.644,0.6306,1.3365921340882778,1.0671429582448169,0.269449177198112,9000000.0,0.0,36000000.0,3060000000.0,36720000000.0
resnet32x12_cifar100_K12_rand2-zomb0_seed0004_d015,d015,resnet32:12,cifar100,12,matched,rand2-zomb0,peers,4,200,64,0.1,0.9,0.0005,True,0,60,0.1,1.0,2,,random,1.0,1,0.0,0.5,weight,complete,0.0,0.0,42,0,45000,5000,10000,5170044,0,85,0.010000000000000002,2,167.99,0.5838416666666667,0.17323531904288134,0.01,0.6542,0.6865,0.1026583333333333,0.5802333333333333,0.6826,0.41384545454545474,0.53198714806226,0.41290909090909095,0.5375431625970899,0.636009090909091,0.01,0.636009090909091,0.6319272727272727,0.2971509090909091,0.6397994827701765,0.29853454545454544,0.6350179137225159,zombie,0.01,0.0116,0.0,0.0,0.0,resnet32,0.6416,0.6326,1.326925640079108,1.049264196560464,0.27766144362447615,resnet32,0.6323,0.6278,1.3143164021894336,1.0327669910409234,0.2815494115295058,resnet32,0.6309,0.627,1.346107743172483,1.0756132490086285,0.2704944946930151,resnet32,0.6241,0.6134,1.3610069137066603,1.0816952620040288,0.2793116523164578,resnet32,0.6369,0.639,1.3521246262402697,1.0839893763715571,0.26813524739224126,resnet32,0.633,0.6372,2.2387468740344048,1.3854246509515427,0.8533222208815542,resnet32,0.6262,0.625,1.3483944737606428,1.0655836511233991,0.2828108216212554,resnet32,0.6542,0.6516,1.4845568685030395,1.0993174639615146,0.38523940331387246,resnet32,0.649,0.6446,2.2887669203972276,1.3839059174060822,0.9048610040917993,resnet32,0.6281,0.6254,1.310530772686682,1.0333819835531441,0.2771487876095555,resnet32,0.6398,0.6276,1.4585048815404826,1.1036165437068453,0.3548883364578201,9000000.0,0.0,36000000.0,3096000000.0,37152000000.0
resnet32x12_cifar100_K12_rand2-zomb0_seed0004_d015,d015,resnet32:12,cifar100,12,matched,rand2-zomb0,peers,4,200,64,0.1,0.9,0.0005,True,0,60,0.1,1.0,2,,random,1.0,1,0.0,0.5,weight,complete,0.0,0.0,42,0,45000,5000,10000,5170044,0,86,0.010000000000000002,2,166.14,0.5824333333333334,0.17284615188722666,0.01,0.6457,0.6834,0.10096666666666665,0.5780333333333333,0.675,0.41312727272727284,0.5335245716659408,0.41385606060606067,0.5383531212560605,0.6344727272727273,0.01,0.6344727272727273,0.6295272727272727,0.2985472727272728,0.6376330510855401,0.2979672727272727,0.6335193803462286,zombie,0.01,0.0116,0.0,0.0,0.0,resnet32,0.6452,0.6418,1.3090820079669356,1.0344161789186976,0.2746658294715665,resnet32,0.6457,0.641,1.322750398889184,1.0296183551915667,0.2931320419831371,resnet32,0.6345,0.6366,1.52174194580452,1.1312420143830506,0.3904999316331338,resnet32,0.6206,0.6158,1.3483028145168314,1.0728121891787106,0.2754906250841238,resnet32,0.6324,0.6292,1.3495682365345685,1.067511815662411,0.2820564220574769,resnet32,0.6432,0.645,2.1704986713487995,1.3546800595623525,0.8158186098391359,resnet32,0.618,0.6066,1.3368619788776746,1.0606534426015886,0.2762085371227427,resnet32,0.6311,0.6198,1.3213805008510298,1.0482808571647515,0.27309964410960674,resnet32,0.6237,0.6184,2.1392443909902465,1.323242954232476,0.8160014371810989,resnet32,0.6414,0.6362,1.3027834299613128,1.0312608897855335,0.2715225406414406,resnet32,0.6434,0.6344,1.4069540850310163,1.0805664533241228,0.326387633992867,9000000.0,0.0,36000000.0,3132000000.0,37584000000.0
resnet32x12_cifar100_K12_rand2-zomb0_seed0004_d015,d015,resnet32:12,cifar100,12,matched,rand2-zomb0,peers,4,200,64,0.1,0.9,0.0005,True,0,60,0.1,1.0,2,,random,1.0,1,0.0,0.5,weight,complete,0.0,0.0,42,0,45000,5000,10000,5170044,0,87,0.010000000000000002,2,167.59,0.5901250000000001,0.17507207622862075,0.01,0.6615,0.6931,0.10297499999999993,0.5872999999999999,0.6872,0.4059363636363637,0.5366245059142442,0.4076969696969698,0.5390911631851044,0.6428636363636364,0.01,0.6428636363636364,0.6396363636363636,0.2911818181818183,0.6385226806540802,0.28935636363636363,0.6364535763818526,zombie,0.01,0.0116,0.0,0.0,0.0,resnet32,0.6508,0.6456,1.3241495683958584,1.0331650219688362,0.29098454845899885,resnet32,0.6352,0.6294,1.3090802100063725,1.0214717028323899,0.28760850706815044,resnet32,0.6485,0.6442,1.3488220107656987,1.0753943839703093,0.27342762400142173,resnet32,0.637,0.6354,1.4736267604272475,1.1008025975897908,0.3728241652504287,resnet32,0.633,0.6326,1.4847981374372134,1.1128512528640302,0.37194688453085045,resnet32,0.6414,0.64,1.3886040236631578,1.0963407235050744,0.2922633019360629,resnet32,0.6383,0.64,1.335825271227143,1.055307260799137,0.28051801305264235,resnet32,0.6412,0.6314,1.314903866584328,1.0375922555950554,0.27731161164543167,resnet32,0.6437,0.6338,2.248913550072096,1.4043278563767672,0.8445856941186569,resnet32,0.6615,0.6624,2.3418567109514368,1.378592363220047,0.9632643447680906,resnet32,0.6409,0.6412,1.3201042969118466,1.042607263661921,0.2774970327842642,9000000.0,0.0,36000000.0,3168000000.0,38016000000.0
resnet32x12_cifar100_K12_rand2-zomb0_seed0004_d015,d015,resnet32:12,cifar100,12,matched,rand2-zomb0,peers,4,200,64,0.1,0.9,0.0005,True,0,60,0.1,1.0,2,,random,1.0,1,0.0,0.5,weight,complete,0.0,0.0,42,0,45000,5000,10000,5170044,0,88,0.010000000000000002,2,166.82,0.5922250000000001,0.17577539705070597,0.01,0.6549,0.6913,0.09907499999999991,0.5899000000000001,0.6868,0.4075666666666668,0.5337211417403278,0.4068227272727272,0.5423625481425346,0.6451545454545455,0.01,0.6451545454545455,0.6424727272727274,0.29010727272727277,0.6429534479575377,0.2913563636363637,0.6330849364404473,zombie,0.01,0.0116,0.0,0.0,0.0,resnet32,0.6549,0.6596,2.321614818647504,1.3837670451876791,0.9378477728671648,resnet32,0.6449,0.6398,1.310192953710529,1.020865973085165,0.2893269817683507,resnet32,0.6537,0.6522,1.4740942047739571,1.1061559208584102,0.36793828154490754,resnet32,0.6322,0.6296,1.3481281990693375,1.0713841045613994,0.2767440951852636,resnet32,0.6537,0.654,1.4605172239243984,1.1013524117456241,0.35916481116278604,resnet32,0.635,0.6314,1.3591944071548907,1.062962206080556,0.29623220151882956,resnet32,0.6518,0.6522,2.3921747617423534,1.442103349773044,0.9500714107839898,resnet32,0.6488,0.6388,1.333106747574427,1.0466764616695317,0.2864302846560763,resnet32,0.626,0.6306,1.4119945310733535,1.1258184439079328,0.28617608710192144,resnet32,0.6501,0.6424,1.3259474945000627,1.0560529563067989,0.26989453969607974,resnet32,0.6456,0.6366,1.3332374594597654,1.0489321676167576,0.2843052945311435,9000000.0,0.0,36000000.0,3204000000.0,38448000000.0
resnet32x12_cifar100_K12_rand2-zomb0_seed0004_d015,d015,resnet32:12,cifar100,12,matched,rand2-zomb0,peers,4,200,64,0.1,0.9,0.0005,True,0,60,0.1,1.0,2,,random,1.0,1,0.0,0.5,weight,complete,0.0,0.0,42,0,45000,5000,10000,5170044,0,89,0.010000000000000002,2,165.94,0.5863916666666666,0.17426012384905762,0.01,0.6598,0.6904,0.10400833333333337,0.5839666666666666,0.684,0.4143787878787879,0.5284573154572358,0.41537878787878807,0.531391281144458,0.638790909090909,0.01,0.638790909090909,0.636,0.30037090909090913,0.6300777116619298,0.29940727272727274,0.6273444182763617,zombie,0.01,0.0116,0.0,0.0,0.0,resnet32,0.6208,0.6156,1.319170001555573,1.0470207228579305,0.2721492816397751,resnet32,0.6593,0.6642,2.326511900871992,1.4477207741107454,0.8787911265072498,resnet32,0.6266,0.617,1.342037481086498,1.062951779416339,0.27908570448529313,resnet32,0.6376,0.627,1.347290492023934,1.0638772134076466,0.2834132765631445,resnet32,0.6307,0.6268,1.3392566547475078,1.0565728469836442,0.28268380937251175,resnet32,0.6466,0.6424,1.3295264993370934,1.0419857095588336,0.2875407913234085,resnet32,0.6447,0.6464,1.5249134164980866,1.1995193766938015,0.3253940404392779,resnet32,0.6598,0.6588,2.2721534936942835,1.4129988562993028,0.8591546385803006,resnet32,0.6297,0.6282,1.3788178398019888,1.0922135650603608,0.2866042742759667,resnet32,0.6219,0.6236,1.3175187911838293,1.0302076495506547,0.287311139495366,resnet32,0.649,0.646,1.3165360279381275,1.0333510115742683,0.28318501757034525,9000000.0,0.0,36000000.0,3240000000.0,38880000000.0
resnet32x12_cifar100_K12_rand2-zomb0_seed0004_d015,d015,resnet32:12,cifar100,12,matched,rand2-zomb0,peers,4,200,64,0.1,0.9,0.0005,True,0,60,0.1,1.0,2,,random,1.0,1,0.0,0.5,weight,complete,0.0,0.0,42,0,45000,5000,10000,5170044,0,90,0.010000000000000002,2,167.87,0.5912833333333334,0.17540803779252026,0.01,0.6556,0.6923,0.10101666666666664,0.58875,0.6964,0.4082878787878786,0.5353283574192713,0.407390909090909,0.5419920812195951,0.6441272727272728,0.01,0.6441272727272728,0.6412181818181818,0.2909763636363636,0.6411705266921267,0.29236000000000006,0.6342568554602405,zombie,0.01,0.0116,0.0,0.0,0.0,resnet32,0.6556,0.6474,1.3277073699811643,1.036015879278156,0.29169148983518506,resnet32,0.6465,0.6466,2.164732204242186,1.3151160684329541,0.8496161335232583,resnet32,0.6454,0.6454,2.384239523586902,1.4369882058182901,0.9472513109106909,resnet32,0.647,0.646,1.4890316533432766,1.1102287101305344,0.37880294367840345,resnet32,0.639,0.6364,1.3310270616784692,1.0522119913419539,0.2788150705481795,resnet32,0.6523,0.6522,1.3363661744039168,1.0401958360082724,0.29617033644833346,resnet32,0.6351,0.6372,1.3420707348903471,1.0703930710865692,0.2716776656029238,resnet32,0.6386,0.6268,1.3321970980614424,1.0602481259371748,0.27194897311908955,resnet32,0.6298,0.6278,1.5034433860670438,1.1172019675882026,0.3862414160235362,resnet32,0.6449,0.646,1.3109824279831215,1.0305597168308767,0.2804227104537528,resnet32,0.6512,0.6416,1.3067567403512923,1.027913154356859,0.2788435877089135,9000000.0,0.0,36000000.0,3276000000.0,39312000000.0
resnet32x12_cifar100_K12_rand2-zomb0_seed0004_d015,d015,resnet32:12,cifar100,12,matched,rand2-zomb0,peers,4,200,64,0.1,0.9,0.0005,True,0,60,0.1,1.0,2,,random,1.0,1,0.0,0.5,weight,complete,0.0,0.0,42,0,45000,5000,10000,5170044,0,91,0.010000000000000002,2,166.43,0.5881916666666667,0.1744408469860836,0.01,0.6537,0.6893,0.10110833333333336,0.5899166666666668,0.691,0.40843939393939394,0.5354923387117438,0.40893333333333354,0.5409570859092157,0.6407545454545454,0.01,0.6407545454545454,0.6424909090909092,0.2927181818181817,0.6403833309620501,0.2924399999999999,0.6340726524863494,zombie,0.01,0.0116,0.0,0.0,0.0,resnet32,0.6427,0.644,1.30237740769305,1.0226804505694995,0.2796969588380307,resnet32,0.6326,0.6356,1.3362511437894269,1.0551797357303174,0.2810714064081284,resnet32,0.6314,0.6382,1.3602144924754447,1.0835827711800283,0.27663171998309816,resnet32,0.6397,0.6342,1.3382365221834995,1.0578710404648022,0.2803654847666621,resnet32,0.636,0.6382,1.3204808545891533,1.0362850916995243,0.28419576316479256,resnet32,0.6537,0.6558,2.1774625803597947,1.3369794184003363,0.8404831597581506,resnet32,0.6454,0.6522,2.1966386435722765,1.3505912567912177,0.8460473891516979,resnet32,0.6452,0.6328,1.3313767313957214,1.0458923739127137,0.285484355895526,resnet32,0.635,0.6428,1.4894080573523587,1.1637437544255094,0.32566430271518504,resnet32,0.6466,0.6524,1.3107653193345123,1.0236731751567938,0.2870921447703784,resnet32,0.64,0.6412,1.302027477713471,1.0225632822310382,0.2794641955459321,9000000.0,0.0,36000000.0,3312000000.0,39744000000.0
resnet32x12_cifar100_K12_rand2-zomb0_seed0004_d015,d015,resnet32:12,cifar100,12,matched,rand2-zomb0,peers,4,200,64,0.1,0.9,0.0005,True,0,60,0.1,1.0,2,,random,1.0,1,0.0,0.5,weight,complete,0.0,0.0,42,0,45000,5000,10000,5170044,0,92,0.010000000000000002,2,165.96,0.58195,0.17282899303454075,0.01,0.6496,0.6862,0.10425000000000006,0.5787333333333333,0.6828,0.4189515151515151,0.5248400459839656,0.41873030303030295,0.5345380172801182,0.6339454545454545,0.01,0.6339454545454545,0.6302909090909089,0.3042945454545453,0.6343236498563227,0.30482545454545446,0.6243103700540609,zombie,0.01,0.0116,0.0,0.0,0.0,resnet32,0.6496,0.6484,2.2690666631202805,1.4041519199751995,0.8649147445843979,resnet32,0.6302,0.62,1.3302611655301668,1.0374263525855811,0.2928348145109009,resnet32,0.6379,0.6394,1.3504156914793632,1.061635933816433,0.2887797584460879,resnet32,0.6436,0.6416,2.3117909243499692,1.435039889152077,0.8767510373145342,resnet32,0.6333,0.637,1.3178657475350932,1.0321549595418302,0.28571078953841195,resnet32,0.6162,0.6144,1.333611151796173,1.0441396421837537,0.28947151100940327,resnet32,0.6069,0.5992,1.3725192735648968,1.0901204115626486,0.2823988620869138,resnet32,0.6402,0.6308,1.3394602985883302,1.0452110326256265,0.29424926566637377,resnet32,0.6409,0.6366,1.5095194954086433,1.1857965807853774,0.3237229155757549,resnet32,0.6324,0.6296,1.305398427457972,1.0196634469215164,0.2857349812561138,resnet32,0.6422,0.6362,1.3210288947448134,1.0236838232217864,0.29734507023187523,9000000.0,0.0,36000000.0,3348000000.0,40176000000.0
resnet32x12_cifar100_K12_rand2-zomb0_seed0004_d015,d015,resnet32:12,cifar100,12,matched,rand2-zomb0,peers,4,200,64,0.1,0.9,0.0005,True,0,60,0.1,1.0,2,,random,1.0,1,0.0,0.5,weight,complete,0.0,0.0,42,0,45000,5000,10000,5170044,0,93,0.010000000000000002,2,166.08,0.5932583333333332,0.1761774316720378,0.01,0.6651,0.6973,0.10404166666666681,0.5875333333333334,0.689,0.4096393939393941,0.5306687756078556,0.4090772727272727,0.5346024365673263,0.6462818181818182,0.01,0.6462818181818182,0.6398909090909092,0.29263818181818185,0.635712385843716,0.2933381818181818,0.6349161734095445,zombie,0.01,0.0116,0.0,0.0,0.0,resnet32,0.6651,0.6516,2.1897348749705334,1.3306656881997532,0.8590691830454902,resnet32,0.6438,0.6392,1.3130279030989518,1.0250962969254365,0.28793160668150947,resnet32,0.6554,0.6412,1.45748672735962,1.0773635409264402,0.3801231880418279,resnet32,0.6225,0.6172,1.3699075830253689,1.0865716174752875,0.2833359645975923,resnet32,0.6381,0.6314,1.325253694572232,1.032097045162862,0.293156649811532,resnet32,0.6536,0.6488,1.3306501167403026,1.035473139871928,0.2951769771647047,resnet32,0.6506,0.6488,2.351754205132073,1.4063998530195518,0.9453543498265472,resnet32,0.6453,0.6274,1.3216163940219716,1.0336783991449259,0.2879379966550253,resnet32,0.6342,0.6328,1.3614386291327802,1.0807836358012124,0.28065499117259274,resnet32,0.6472,0.6458,1.3061729231849313,1.018388569863005,0.28778435446491296,resnet32,0.6533,0.6546,1.4356144311922518,1.0673179965974255,0.36829643506048754,9000000.0,0.0,36000000.0,3384000000.0,40608000000.0
resnet32x12_cifar100_K12_rand2-zomb0_seed0004_d015,d015,resnet32:12,cifar100,12,matched,rand2-zomb0,peers,4,200,64,0.1,0.9,0.0005,True,0,60,0.1,1.0,2,,random,1.0,1,0.0,0.5,weight,complete,0.0,0.0,42,0,45000,5000,10000,5170044,0,94,0.010000000000000002,2,166.37,0.591525,0.1758482779983927,0.01,0.6577,0.6959,0.104375,0.59085,0.6954,0.4075121212121214,0.5327691347278353,0.41006515151515155,0.5345052403749226,0.6443909090909089,0.01,0.6443909090909089,0.6435090909090909,0.29405636363636367,0.6335610451572184,0.2914218181818182,0.6302694154588453,zombie,0.01,0.0116,0.0,0.0,0.0,resnet32,0.6558,0.6562,2.1753974702547896,1.3264751551164822,0.848922313360328,resnet32,0.6548,0.6538,2.3023780956864357,1.387641571292823,0.9147365238856185,resnet32,0.6577,0.6582,1.4772350168363615,1.1027834400195966,0.3744515774517574,resnet32,0.6313,0.6284,1.34494800044393,1.0624270454387774,0.28252095923843706,resnet32,0.6529,0.6492,1.311556802554564,1.0231687767769804,0.28838802584108303,resnet32,0.6531,0.65,1.3192520954392173,1.0198580052026294,0.29939409135840833,resnet32,0.6324,0.627,1.3714067462662405,1.0871078386394815,0.2842989079442553,resnet32,0.6392,0.6408,1.3234022509476,1.0293711066584696,0.29403114439496264,resnet32,0.6103,0.6134,1.3668144984509458,1.069548705508086,0.29726579334502196,resnet32,0.6533,0.6544,1.4389214151623575,1.0595473751256412,0.37937404173003003,resnet32,0.6475,0.6472,1.301057867959819,1.0175523350692608,0.28350553346205165,9000000.0,0.0,36000000.0,3420000000.0,41040000000.0
resnet32x12_cifar100_K12_rand2-zomb0_seed0004_d015,d015,resnet32:12,cifar100,12,matched,rand2-zomb0,peers,4,200,64,0.1,0.9,0.0005,True,0,60,0.1,1.0,2,,random,1.0,1,0.0,0.5,weight,complete,0.0,0.0,42,0,45000,5000,10000,5170044,0,95,0.010000000000000002,2,167.34,0.5887833333333333,0.1749484963893342,0.01,0.6655,0.6908,0.10201666666666664,0.5858500000000001,0.6826,0.4071424242424242,0.5402257137092552,0.4119833333333334,0.5365119382405213,0.6414,0.01,0.6414,0.6380545454545455,0.29660000000000003,0.6337003501232095,0.2911672727272728,0.6388105876622202,zombie,0.01,0.0116,0.0,0.0,0.0,resnet32,0.6292,0.6254,1.3640849139880051,1.0737663592127236,0.2903185535476289,resnet32,0.6399,0.6314,1.3441014857962728,1.0501463897526264,0.29395509348250926,resnet32,0.628,0.6302,1.327243857593699,1.0458705181425267,0.28137333904901013,resnet32,0.6474,0.6436,1.4768266620283776,1.0987880988554521,0.3780385627072643,resnet32,0.6288,0.625,1.3083263287659397,1.0192502786151387,0.2890760483939878,resnet32,0.6484,0.6402,1.304394175298512,1.0122960683974354,0.29209810770540073,resnet32,0.6352,0.6336,1.3637652090665968,1.0679472335190936,0.2958179766481573,resnet32,0.6377,0.6276,1.3114271232519636,1.0214761616662145,0.289950961120088,resnet32,0.631,0.634,1.4575038629330017,1.101944792338393,0.3555590705946088,resnet32,0.6655,0.6642,2.216399861330336,1.3130459747361867,0.9033538887107914,resnet32,0.6643,0.6634,2.322744944725524,1.3834451068700715,0.9392998367547989,9000000.0,0.0,36000000.0,3456000000.0,41472000000.0
resnet32x12_cifar100_K12_rand2-zomb0_seed0004_d015,d015,resnet32:12,cifar100,12,matched,rand2-zomb0,peers,4,200,64,0.1,0.9,0.0005,True,0,60,0.1,1.0,2,,random,1.0,1,0.0,0.5,weight,complete,0.0,0.0,42,0,45000,5000,10000,5170044,0,96,0.010000000000000002,2,166.13,0.5932999999999998,0.17609186996186585,0.01,0.6609,0.6956,0.10230000000000017,0.5930666666666665,0.6964,0.40618484848484837,0.5327398743562705,0.4066681818181817,0.5358692901366883,0.6463272727272728,0.01,0.6463272727272728,0.6459272727272727,0.28985090909090916,0.6364291472986542,0.28958545454545465,0.6338210324434895,zombie,0.01,0.0116,0.0,0.0,0.0,resnet32,0.6526,0.6498,2.270350618795915,1.369080481627448,0.9012701353904876,resnet32,0.6463,0.645,1.2991666483100166,1.0108203931118955,0.2883462550076233,resnet32,0.6609,0.6642,2.292731501162052,1.3814793273129247,0.9112521695311774,resnet32,0.6339,0.6354,1.3273107637227937,1.0458011950620196,0.28150956745428796,resnet32,0.6407,0.6342,1.3019569858231328,1.015183128755201,0.2867738572160967,resnet32,0.6506,0.6514,1.3053483793681318,1.0051832028918646,0.3001651753967797,resnet32,0.6275,0.6306,1.3510453475808555,1.0558488758450204,0.29519647505896335,resnet32,0.6419,0.6414,1.299367405474186,1.0116829250685193,0.2876844810829921,resnet32,0.6489,0.6492,1.4694497067142616,1.094439866444604,0.37500984221696854,resnet32,0.6537,0.6526,1.4197296342727812,1.082586727697741,0.33714290699836885,resnet32,0.6526,0.6514,1.323131562295285,1.0419408162547783,0.28119074849581177,9000000.0,0.0,36000000.0,3492000000.0,41904000000.0
resnet32x12_cifar100_K12_rand2-zomb0_seed0004_d015,d015,resnet32:12,cifar100,12,matched,rand2-zomb0,peers,4,200,64,0.1,0.9,0.0005,True,0,60,0.1,1.0,2,,random,1.0,1,0.0,0.5,weight,complete,0.0,0.0,42,0,45000,5000,10000,5170044,0,97,0.010000000000000002,2,168.03,0.5882416666666667,0.17500002123015745,0.01,0.6571,0.6951,0.10685833333333339,0.5860833333333333,0.69,0.416190909090909,0.5249688912002428,0.4162909090909091,0.5300950542053661,0.640809090909091,0.01,0.640809090909091,0.6383090909090909,0.3014018181818181,0.6285870874146137,0.30162545454545464,0.6231086556828709,zombie,0.01,0.0116,0.0,0.0,0.0,resnet32,0.6348,0.6306,1.3622763152657584,1.0662752085111358,0.29600110779177735,resnet32,0.6473,0.64,1.3178299168463459,1.0185608157718724,0.299269100651145,resnet32,0.6402,0.635,1.3504674675959079,1.063154012811455,0.2873134552501142,resnet32,0.6425,0.6412,1.4386145224456082,1.0814617845145138,0.3571527347561311,resnet32,0.6571,0.6632,2.2050453805449335,1.288050687702542,0.9169946942817081,resnet32,0.6517,0.6494,1.2830874184146523,0.9960646818137981,0.28702273670668627,resnet32,0.6391,0.6366,1.3423762987791137,1.0504322193393654,0.29194407988424326,resnet32,0.6419,0.6366,1.456233499571681,1.0621314977549694,0.39410200444134796,resnet32,0.5956,0.6002,1.34832045994699,1.0610207251527093,0.28729973386295815,resnet32,0.6557,0.6506,2.298092669722709,1.3805996353992007,0.917493036524816,resnet32,0.643,0.638,1.3157551893117754,1.0265539491718465,0.28920123958960176,9000000.0,0.0,36000000.0,3528000000.0,42336000000.0
resnet32x12_cifar100_K12_rand2-zomb0_seed0004_d015,d015,resnet32:12,cifar100,12,matched,rand2-zomb0,peers,4,200,64,0.1,0.9,0.0005,True,0,60,0.1,1.0,2,,random,1.0,1,0.0,0.5,weight,complete,0.0,0.0,42,0,45000,5000,10000,5170044,0,98,0.010000000000000002,2,165.89,0.590175,0.1754166427157545,0.01,0.6602,0.6923,0.10212500000000002,0.5902333333333334,0.694,0.41244242424242433,0.5251452142354878,0.41233181818181813,0.5365452251488146,0.6429181818181818,0.01,0.6429181818181818,0.6428363636363635,0.29690909090909096,0.6343651628836401,0.29742181818181823,0.6223711762765181,zombie,0.01,0.0116,0.0,0.0,0.0,resnet32,0.6408,0.6428,1.3376194542612543,1.0396018405868248,0.2980176132511009,resnet32,0.6462,0.641,1.4289321041750638,1.0530214469710535,0.3759106584739956,resnet32,0.6119,0.6168,1.3356637861579657,1.0400488680567255,0.29561492140320217,resnet32,0.6432,0.6434,1.3288524991578676,1.0435498711568387,0.28530262946151197,resnet32,0.6602,0.6586,2.2146151446822016,1.3412291043522684,0.873386040922593,resnet32,0.6478,0.654,1.2888203198936852,0.9925893694162369,0.2962309487206353,resnet32,0.6296,0.6302,1.3434109081598846,1.0444493855095722,0.2989615240684626,resnet32,0.6591,0.653,1.4062341680242256,1.0561405978250233,0.3500935689715499,resnet32,0.6547,0.6592,2.25967981107533,1.3515646656636486,0.9081151472743262,resnet32,0.6308,0.627,1.3378546793352475,1.0581667628139257,0.2796879192517901,resnet32,0.6478,0.6452,1.314193369228054,1.019171768037433,0.2950216010847891,9000000.0,0.0,36000000.0,3564000000.0,42768000000.0
resnet32x12_cifar100_K12_rand2-zomb0_seed0004_d015,d015,resnet32:12,cifar100,12,matched,rand2-zomb0,peers,4,200,64,0.1,0.9,0.0005,True,0,60,0.1,1.0,2,,random,1.0,1,0.0,0.5,weight,complete,0.0,0.0,42,0,45000,5000,10000,5170044,0,99,0.010000000000000002,2,165.93,0.5822083333333333,0.1729668921033412,0.01,0.6513,0.6916,0.10939166666666666,0.5793833333333334,0.6792,0.42427575757575753,0.5215290153846558,0.42530606060606063,0.5241719861108403,0.6342272727272728,0.01,0.6342272727272728,0.6310000000000001,0.31238727272727274,0.6211826426856881,0.31152727272727265,0.618486193592074,zombie,0.01,0.0116,0.0,0.0,0.0,resnet32,0.632,0.6246,1.4420515109192242,1.0668095469644123,0.3752419650554657,resnet32,0.6267,0.6232,1.2958700821988962,1.002434197982604,0.2934358865657652,resnet32,0.6277,0.625,1.3265882423994215,1.0357454054226929,0.29084283826788043,resnet32,0.6016,0.6016,1.3372994384474375,1.0409044032408432,0.2963950354817577,resnet32,0.6414,0.6478,2.207515116611665,1.344609322534366,0.862905798395249,resnet32,0.6376,0.6274,1.2977608509192413,0.993508652614599,0.30425219737331977,resnet32,0.6371,0.6332,1.3285980510779403,1.0349706836383452,0.2936273662542755,resnet32,0.6465,0.6398,1.290829974141988,1.0074298937212338,0.28340008020908997,resnet32,0.6295,0.6348,2.2727462356402115,1.4123317106542261,0.860414522615346,resnet32,0.6451,0.6374,1.321746102364903,1.030638364059004,0.29110773908905685,resnet32,0.6513,0.6462,1.4710544063286348,1.0714731411161749,0.3995812644928016,9000000.0,0.0,36000000.0,3600000000.0,43200000000.0
resnet32x12_cifar100_K12_rand2-zomb0_seed0004_d015,d015,resnet32:12,cifar100,12,matched,rand2-zomb0,peers,4,200,64,0.1,0.9,0.0005,True,0,60,0.1,1.0,2,,random,1.0,1,0.0,0.5,weight,complete,0.0,0.0,42,0,45000,5000,10000,5170044,0,100,0.010000000000000002,2,168.32,0.5843333333333334,0.17385357025062467,0.01,0.657,0.6879,0.10356666666666658,0.58135,0.6878,0.41853939393939393,0.5240887230857095,0.4176242424242423,0.5341364547284326,0.6365454545454546,0.01,0.6365454545454546,0.6331454545454546,0.30289818181818184,0.6347312735721827,0.3043090909090908,0.6229036330915033,zombie,0.01,0.0116,0.0,0.0,0.0,resnet32,0.6182,0.6246,1.3233218278566545,1.0281469766050577,0.2951748489232903,resnet32,0.6335,0.6296,1.3051017296754501,1.0028907185928388,0.3022110112942755,resnet32,0.657,0.6514,2.237586460160938,1.3605146128684282,0.8770718507638032,resnet32,0.6313,0.6356,1.3447791292247446,1.042848304760727,0.30193082499317825,resnet32,0.6105,0.611,1.3590374500914053,1.0704732016575607,0.2885642485608431,resnet32,0.6316,0.6266,1.2810681199824268,0.988922084597024,0.2921460356817327,resnet32,0.6496,0.6486,1.3308574429459192,1.03855625836348,0.29230118629691954,resnet32,0.6495,0.636,1.4705293962562627,1.1181237165054136,0.35240568193099037,resnet32,0.6147,0.6056,1.3871027696031062,1.0912922919643195,0.2958104776599529,resnet32,0.653,0.6462,2.1823425887321886,1.3265030093660408,0.8558395769108426,resnet32,0.6531,0.6494,1.2977016758681699,1.0094976359131662,0.28820404198698024,9000000.0,0.0,36000000.0,3636000000.0,43632000000.0
resnet32x12_cifar100_K12_rand2-zomb0_seed0004_d015,d015,resnet32:12,cifar100,12,matched,rand2-zomb0,peers,4,200,64,0.1,0.9,0.0005,True,0,60,0.1,1.0,2,,random,1.0,1,0.0,0.5,weight,complete,0.0,0.0,42,0,45000,5000,10000,5170044,0,101,0.010000000000000002,2,166.25,0.5951750000000001,0.17659130841673196,0.01,0.6586,0.6963,0.10112499999999991,0.5987166666666667,0.704,0.39822424242424237,0.5398144607733472,0.4053863636363637,0.5414092052496826,0.6483727272727272,0.01,0.6483727272727272,0.652090909090909,0.28836,0.6414705297251798,0.2798981818181819,0.6435731468812851,zombie,0.01,0.0116,0.0,0.0,0.0,resnet32,0.6566,0.6562,2.2661347306248816,1.361723468215628,0.9044112614779309,resnet32,0.652,0.6634,1.4128521474247628,1.0278822766955604,0.38496987111019815,resnet32,0.6454,0.6502,1.3392822097309611,1.0491889009929516,0.290093308060684,resnet32,0.6361,0.6392,1.332221982238645,1.0329448816112496,0.29927709997123614,resnet32,0.6417,0.6502,1.3377620556645773,1.0351972892372445,0.3025647659828378,resnet32,0.6586,0.6636,1.2801795134490186,0.9799257698892192,0.3002537443852899,resnet32,0.6541,0.6552,2.324444718489593,1.3683201575821096,0.9561245609921488,resnet32,0.6435,0.641,1.3001131292601877,1.0128276268528267,0.28728550352918153,resnet32,0.637,0.6422,1.3625146082856439,1.0618411719968373,0.30067343614064157,resnet32,0.6571,0.6562,1.4391295779496431,1.083368136801503,0.3557614418254657,resnet32,0.65,0.6556,1.3057193386961112,1.0081371920691296,0.29758214709264313,9000000.0,0.0,36000000.0,3672000000.0,44064000000.0
resnet32x12_cifar100_K12_rand2-zomb0_seed0004_d015,d015,resnet32:12,cifar100,12,matched,rand2-zomb0,peers,4,200,64,0.1,0.9,0.0005,True,0,60,0.1,1.0,2,,random,1.0,1,0.0,0.5,weight,complete,0.0,0.0,42,0,45000,5000,10000,5170044,0,102,0.010000000000000002,2,169.11,0.5865916666666666,0.1742790217741526,0.01,0.6595,0.6903,0.1037083333333334,0.5873666666666666,0.691,0.4175454545454544,0.5247461824300246,0.415690909090909,0.5350564831714846,0.6390090909090909,0.01,0.6390090909090909,0.6397090909090909,0.3009127272727273,0.6326265591208808,0.30349818181818194,0.6218530299147951,zombie,0.01,0.0116,0.0,0.0,0.0,resnet32,0.6261,0.6274,1.3295293767851861,1.0363393574106423,0.2931900166652419,resnet32,0.6346,0.6376,1.396195984530178,1.0341881332411007,0.3620078519664027,resnet32,0.651,0.6512,2.273062329231338,1.3496971118517898,0.9233652154322375,resnet32,0.6486,0.6514,1.3294823631136254,1.029663948088207,0.2998184125912799,resnet32,0.6289,0.629,1.3170559423213655,1.0226214673708787,0.2944344747599892,resnet32,0.6595,0.6572,1.2807842488823966,0.9837656709450212,0.2970185783818703,resnet32,0.6247,0.6242,1.3377438719299706,1.0468110824850472,0.29093278775160963,resnet32,0.6541,0.6514,2.2818330204622312,1.3425515311854808,0.9392814944413576,resnet32,0.6282,0.627,1.3583987331525846,1.0549484410915861,0.3034502931616523,resnet32,0.6246,0.6254,1.3155156538229098,1.0278080073608593,0.2877076453613964,resnet32,0.6488,0.655,1.4207653011280028,1.0448225631632588,0.3759427379435775,9000000.0,0.0,36000000.0,3708000000.0,44496000000.0
resnet32x12_cifar100_K12_rand2-zomb0_seed0004_d015,d015,resnet32:12,cifar100,12,matched,rand2-zomb0,peers,4,200,64,0.1,0.9,0.0005,True,0,60,0.1,1.0,2,,random,1.0,1,0.0,0.5,weight,complete,0.0,0.0,42,0,45000,5000,10000,5170044,0,103,0.010000000000000002,2,166.52,0.5844833333333334,0.1735193737181977,0.01,0.6533,0.6883,0.10381666666666667,0.5828166666666668,0.6892,0.41559090909090907,0.5273829526417528,0.4177560606060604,0.529659028200128,0.636709090909091,0.01,0.636709090909091,0.6347454545454546,0.30413818181818186,0.6237068863869554,0.3022945454545455,0.6188133548166836,zombie,0.01,0.0116,0.0,0.0,0.0,resnet32,0.6359,0.631,1.4225511967458508,1.0538917635990814,0.3686594336970963,resnet32,0.6121,0.6138,1.2816990782422097,0.9924747033722021,0.2892243749970062,resnet32,0.6533,0.6558,2.140644061802463,1.292532429099083,0.8481116358360107,resnet32,0.6336,0.6266,1.3267895086583765,1.0242595643821089,0.30252994575791736,resnet32,0.6406,0.634,1.3191144064238125,1.0193102931265126,0.2998041135936298,resnet32,0.6488,0.6492,1.270910414867103,0.9760432593863119,0.2948671569836072,resnet32,0.6366,0.6306,1.3150182906538248,1.021749790927226,0.2932684966363013,resnet32,0.6364,0.6364,1.3160956838930196,1.0269247963177888,0.28917088645341044,resnet32,0.6376,0.6382,1.4388942540707914,1.0722526022317735,0.3666416499763727,resnet32,0.6242,0.6196,1.3238393563607878,1.0249686408787966,0.2988707180219618,resnet32,0.6447,0.647,2.2028238466856154,1.3006378836421804,0.9021859625354409,9000000.0,0.0,36000000.0,3744000000.0,44928000000.0
resnet32x12_cifar100_K12_rand2-zomb0_seed0004_d015,d015,resnet32:12,cifar100,12,matched,rand2-zomb0,peers,4,200,64,0.1,0.9,0.0005,True,0,60,0.1,1.0,2,,random,1.0,1,0.0,0.5,weight,complete,0.0,0.0,42,0,45000,5000,10000,5170044,0,104,0.010000000000000002,2,166.83,0.5877583333333333,0.17434042110352826,0.01,0.651,0.6907,0.10294166666666671,0.5846166666666667,0.69,0.4164424242424242,0.5269997040329948,0.4209696969696968,0.5232114415276538,0.6402818181818183,0.01,0.6402818181818183,0.6367090909090909,0.3067509090909092,0.6245070068289179,0.3014945454545455,0.6301402738539386,zombie,0.01,0.0116,0.0,0.0,0.0,resnet32,0.6479,0.6406,1.4151398233053358,1.045861647210338,0.36927817639132793,resnet32,0.6369,0.6382,1.2879404519599946,0.9878964642570778,0.30004398861307313,resnet32,0.6484,0.6528,2.3243400396948513,1.4529326148331165,0.8714074267243798,resnet32,0.6328,0.622,1.319202453575351,1.0211243704808028,0.29807808190922847,resnet32,0.6323,0.6348,1.2964071086184545,1.003317572007125,0.2930895357011733,resnet32,0.6357,0.6312,1.2739318743856116,0.9706385398960926,0.3032933328173716,resnet32,0.6302,0.6182,1.497307938438925,1.07089971547777,0.4264082249084657,resnet32,0.6438,0.6416,1.3189657680182294,1.0158007580109618,0.30316500801762397,resnet32,0.636,0.6332,1.3313657347620889,1.034526132978499,0.2968396002807739,resnet32,0.6481,0.6358,1.295737205496566,1.0075260749594732,0.28821112878027966,resnet32,0.651,0.6554,2.1997294654561714,1.3326542289419607,0.8670752374455333,9000000.0,0.0,36000000.0,3780000000.0,45360000000.0
resnet32x12_cifar100_K12_rand2-zomb0_seed0004_d015,d015,resnet32:12,cifar100,12,matched,rand2-zomb0,peers,4,200,64,0.1,0.9,0.0005,True,0,60,0.1,1.0,2,,random,1.0,1,0.0,0.5,weight,complete,0.0,0.0,42,0,45000,5000,10000,5170044,0,105,0.010000000000000002,2,166.23,0.5850000000000001,0.17378866955778982,0.01,0.6523,0.6883,0.10329999999999995,0.5817333333333334,0.6834,0.4110515151515151,0.5453497552961615,0.4130136363636363,0.5426994746996798,0.6372727272727272,0.01,0.6372727272727272,0.6335636363636363,0.29779090909090916,0.6413886360234204,0.29591636363636364,0.6441374064798915,zombie,0.01,0.0116,0.0,0.0,0.0,resnet32,0.6463,0.6462,1.3118642387403683,1.0171196750280531,0.2947445640509779,resnet32,0.642,0.636,1.305185960521075,0.9947278230366382,0.3104581360662864,resnet32,0.6067,0.6018,1.3840219088068062,1.084260026416318,0.29976188243282115,resnet32,0.6367,0.6252,1.3345121343366124,1.0261055536737496,0.30840658028186724,resnet32,0.646,0.648,1.450742994011803,1.057367081076584,0.3933759141628715,resnet32,0.6368,0.6366,1.2663062607700175,0.970585965805433,0.2957202927209437,resnet32,0.6217,0.6194,1.4372021781111306,1.0707854622636328,0.36641671567816625,resnet32,0.6417,0.6394,2.2700307983905077,1.3484369722110303,0.9215938280421224,resnet32,0.648,0.6496,2.331130143593658,1.3969031635841185,0.9342269806021993,resnet32,0.6523,0.6394,1.3117079639976674,1.0075706740502606,0.30413729164072056,resnet32,0.6318,0.6276,1.3423635538836771,1.0441434562036938,0.29822009497068147,9000000.0,0.0,36000000.0,3816000000.0,45792000000.0
resnet32x12_cifar100_K12_rand2-zomb0_seed0004_d015,d015,resnet32:12,cifar100,12,matched,rand2-zomb0,peers,4,200,64,0.1,0.9,0.0005,True,0,60,0.1,1.0,2,,random,1.0,1,0.0,0.5,weight,complete,0.0,0.0,42,0,45000,5000,10000,5170044,0,106,0.010000000000000002,2,167.28,0.5903833333333333,0.17531642266358152,0.01,0.6611,0.698,0.1076166666666667,0.5864333333333334,0.696,0.4181999999999999,0.5247938671532566,0.4196621212121214,0.5266061151755225,0.6431454545454546,0.01,0.6431454545454546,0.6386909090909091,0.30548181818181813,0.6240457073358668,0.30404363636363624,0.6228487229450084,zombie,0.01,0.0116,0.0,0.0,0.0,resnet32,0.6527,0.645,1.3036747673018412,1.0067371254448185,0.2969376406293701,resnet32,0.6611,0.6526,2.2666403354907576,1.3263693575493314,0.9402709748087958,resnet32,0.6536,0.6492,1.4552847289226272,1.0871988602659919,0.36808586662465875,resnet32,0.6347,0.6424,1.447773309593851,1.0570050052113154,0.39076830459419976,resnet32,0.6347,0.6308,1.2977154190567406,1.0081920771097594,0.28952334222214465,resnet32,0.6564,0.659,2.1768516661091284,1.2707357514988293,0.9061159111390059,resnet32,0.6382,0.6336,1.3055657270279797,1.022082787938416,0.28348293860273605,resnet32,0.6385,0.6292,1.318860747936097,1.025775976394388,0.29308477067388594,resnet32,0.623,0.6222,1.346196628429673,1.0553376923569224,0.29085893753323366,resnet32,0.6463,0.6354,1.3050646869973703,1.0004671509800986,0.3045975373507562,resnet32,0.6354,0.6262,1.3343633511527018,1.0230025126683442,0.3113608396273445,9000000.0,0.0,36000000.0,3852000000.0,46224000000.0
resnet32x12_cifar100_K12_rand2-zomb0_seed0004_d015,d015,resnet32:12,cifar100,12,matched,rand2-zomb0,peers,4,200,64,0.1,0.9,0.0005,True,0,60,0.1,1.0,2,,random,1.0,1,0.0,0.5,weight,complete,0.0,0.0,42,0,45000,5000,10000,5170044,0,107,0.010000000000000002,2,168.17,0.5874166666666666,0.1745201842831431,0.01,0.6562,0.6931,0.10568333333333346,0.5891666666666667,0.7006,0.41748181818181823,0.5173680265799294,0.4180727272727273,0.5324293473960059,0.6399090909090909,0.01,0.6399090909090909,0.6416727272727273,0.3037345454545455,0.6305337362565532,0.30330909090909075,0.6140570755822383,zombie,0.01,0.0116,0.0,0.0,0.0,resnet32,0.6562,0.6592,2.27438845874911,1.3524670775302432,0.9219213785095648,resnet32,0.6403,0.6426,1.3070049108090727,1.0098931157792157,0.2971117960246788,resnet32,0.6481,0.6372,1.4468864415856926,1.076784423721785,0.37010201938789,resnet32,0.6448,0.649,2.2726295185698704,1.3553831481628797,0.9172463653270494,resnet32,0.6241,0.6282,1.318331689150496,1.0126445341685957,0.305687156569382,resnet32,0.6558,0.6598,1.3927306096831507,1.0297998924824325,0.3629307188093662,resnet32,0.6158,0.618,1.3236211373216726,1.022688816216859,0.3009323197501627,resnet32,0.6383,0.6414,1.32231574928896,1.0141720720143481,0.3081436786504293,resnet32,0.6243,0.6332,1.3483279337259857,1.045112125660208,0.303215808594938,resnet32,0.6429,0.6394,1.2993229706348344,0.998617756773125,0.30070521170273423,resnet32,0.6484,0.6504,1.3076569943434813,1.013374438509345,0.2942825549239801,9000000.0,0.0,36000000.0,3888000000.0,46656000000.0
resnet32x12_cifar100_K12_rand2-zomb0_seed0004_d015,d015,resnet32:12,cifar100,12,matched,rand2-zomb0,peers,4,200,64,0.1,0.9,0.0005,True,0,60,0.1,1.0,2,,random,1.0,1,0.0,0.5,weight,complete,0.0,0.0,42,0,45000,5000,10000,5170044,0,108,0.010000000000000002,2,167.19,0.5934833333333333,0.17622615599154273,0.01,0.6644,0.7021,0.1086166666666667,0.5919,0.7056,0.41896969696969677,0.5206666579853145,0.4221575757575758,0.5209267078316758,0.6465272727272726,0.01,0.6465272727272726,0.6446545454545455,0.3087745454545455,0.6152934573924471,0.30552363636363633,0.6153103735263721,zombie,0.01,0.0116,0.0,0.0,0.0,resnet32,0.6481,0.6332,1.331381838938052,1.0335612770339304,0.297820562581447,resnet32,0.6483,0.6514,1.297315306538208,0.9880845287645404,0.3092307776043361,resnet32,0.6478,0.6544,2.2196319076147946,1.3534730841321023,0.8661588209427216,resnet32,0.6365,0.6272,1.3440134027464823,1.0517607448961248,0.29225265577604825,resnet32,0.64,0.6468,1.2928990183228797,0.9956524908881296,0.29724652726541867,resnet32,0.6565,0.6622,1.4115926350720904,1.0498786815018817,0.3617139533162117,resnet32,0.6327,0.6308,1.311664074828679,1.0130150326612322,0.2986490440935912,resnet32,0.6297,0.6172,1.3066477584229275,1.004754095084288,0.3018936621956527,resnet32,0.6464,0.6444,1.4811081183566288,1.0775420380417595,0.40356607819822704,resnet32,0.6644,0.6648,2.348842701112682,1.397024213082411,0.9518184893002565,resnet32,0.6614,0.6588,1.3090302810411563,1.0052794626151973,0.30375081702897494,9000000.0,0.0,36000000.0,3924000000.0,47088000000.0
resnet32x12_cifar100_K12_rand2-zomb0_seed0004_d015,d015,resnet32:12,cifar100,12,matched,rand2-zomb0,peers,4,200,64,0.1,0.9,0.0005,True,0,60,0.1,1.0,2,,random,1.0,1,0.0,0.5,weight,complete,0.0,0.0,42,0,45000,5000,10000,5170044,0,109,0.010000000000000002,2,165.79,0.59445,0.17640432959539284,0.01,0.656,0.7001,0.10564999999999991,0.5925666666666666,0.6978,0.41342727272727253,0.5247716572685841,0.41588333333333316,0.5206712805386272,0.6475818181818183,0.01,0.6475818181818183,0.6453818181818182,0.3009000000000001,0.6176658328985583,0.2981781818181818,0.6243826731804819,zombie,0.01,0.0116,0.0,0.0,0.0,resnet32,0.6332,0.6196,1.3049636837095022,1.003580243496055,0.3013834388164634,resnet32,0.6549,0.6572,1.3881851009685884,1.0159470718353987,0.3722380282442001,resnet32,0.655,0.6496,2.1196490578692067,1.2810076043348422,0.8386414538730275,resnet32,0.6462,0.6462,1.3380604659799824,1.030364508994601,0.30769595675255085,resnet32,0.6528,0.6446,1.2915289269929582,0.995449178005484,0.2960797518237748,resnet32,0.6455,0.645,2.1991113615645603,1.3040543441576036,0.8950570152903145,resnet32,0.656,0.6586,1.3138074217025528,1.0104390626603907,0.30336835893633013,resnet32,0.6443,0.641,1.4436563427814029,1.0471872140399434,0.3964691298844462,resnet32,0.6302,0.6356,1.3227199460803107,1.0262660386718132,0.2964539064136757,resnet32,0.6514,0.6484,1.3068816086108035,1.0111809650605375,0.2957006420051171,resnet32,0.6539,0.6534,1.2851056070490317,0.9880784844810312,0.29702712227167055,9000000.0,0.0,36000000.0,3960000000.0,47520000000.0
resnet32x12_cifar100_K12_rand2-zomb0_seed0004_d015,d015,resnet32:12,cifar100,12,matched,rand2-zomb0,peers,4,200,64,0.1,0.9,0.0005,True,0,60,0.1,1.0,2,,random,1.0,1,0.0,0.5,weight,complete,0.0,0.0,42,0,45000,5000,10000,5170044,0,110,0.010000000000000002,2,166.43,0.5898083333333334,0.17510496118201663,0.01,0.6577,0.6943,0.10449166666666665,0.5893666666666667,0.6986,0.41727878787878786,0.5154562666156265,0.4174833333333332,0.5296331437964922,0.6425181818181818,0.01,0.6425181818181818,0.6418909090909091,0.30294181818181815,0.6275897821427744,0.3031381818181818,0.6113020167528606,zombie,0.01,0.0116,0.0,0.0,0.0,resnet32,0.6577,0.6492,1.3923988244919614,1.0278746976771138,0.36452412893148983,resnet32,0.6368,0.641,1.2721153816885569,0.9840360779992559,0.2880793050651185,resnet32,0.6354,0.6346,1.3803996613079852,1.0747801843522624,0.30561947801404377,resnet32,0.6319,0.6258,1.3443225894800641,1.0306708046489141,0.31365178620696743,resnet32,0.6552,0.658,2.212355336851694,1.2838996283032678,0.9284557082944296,resnet32,0.6424,0.6444,1.4008904532952742,1.047403442419388,0.3534870107488876,resnet32,0.6438,0.6448,1.3142177757214417,1.01051648308269,0.30370129041627725,resnet32,0.6509,0.6448,1.2889067401093515,0.9974135642193935,0.2914931756571274,resnet32,0.6208,0.6244,1.34045371980491,1.0253225475211034,0.3151311730881306,resnet32,0.6419,0.6482,2.218187482350252,1.317254986867986,0.9009324976835739,resnet32,0.6509,0.6456,1.2997425627810033,0.9901723114942963,0.3095702523026954,9000000.0,0.0,36000000.0,3996000000.0,47952000000.0
resnet32x12_cifar100_K12_rand2-zomb0_seed0004_d015,d015,resnet32:12,cifar100,12,matched,rand2-zomb0,peers,4,200,64,0.1,0.9,0.0005,True,0,60,0.1,1.0,2,,random,1.0,1,0.0,0.5,weight,complete,0.0,0.0,42,0,45000,5000,10000,5170044,0,111,0.010000000000000002,2,166.55,0.5943999999999999,0.17655432591698228,0.01,0.6623,0.7055,0.11110000000000009,0.5912333333333334,0.7012,0.4155393939393939,0.5198863924839106,0.4156469696969698,0.5257203559010009,0.6475272727272727,0.01,0.6475272727272727,0.6439272727272727,0.3009727272727273,0.6214245792015358,0.3011927272727273,0.6146954960007484,zombie,0.01,0.0116,0.0,0.0,0.0,resnet32,0.6519,0.6456,1.294776321981441,0.9938639394769614,0.30091238591227343,resnet32,0.6602,0.655,1.3717269833115013,1.013737953437323,0.3579890302551741,resnet32,0.6419,0.6438,1.3441189683296464,1.0386059857396917,0.30551298341544514,resnet32,0.6183,0.6138,1.31283946800977,1.017133018001914,0.2957064504100179,resnet32,0.6489,0.6508,1.3855797286060723,1.0397709836675362,0.3458087433722209,resnet32,0.6465,0.6406,1.2833153052594175,0.991230810653757,0.29208449547348375,resnet32,0.6532,0.6438,1.3049441799521446,1.0054713982072743,0.29947278142737394,resnet32,0.6623,0.6552,2.1479913297701967,1.249778114259243,0.8982132139869712,resnet32,0.6471,0.6496,2.1399188747798856,1.2549514495344325,0.8849674240601334,resnet32,0.6372,0.6334,1.3096399485048922,1.0216921798207543,0.28794776934029703,resnet32,0.6553,0.6516,1.281029523180967,0.9798771313137629,0.30115239216353407,9000000.0,0.0,36000000.0,4032000000.0,48384000000.0
resnet32x12_cifar100_K12_rand2-zomb0_seed0004_d015,d015,resnet32:12,cifar100,12,matched,rand2-zomb0,peers,4,200,64,0.1,0.9,0.0005,True,0,60,0.1,1.0,2,,random,1.0,1,0.0,0.5,weight,complete,0.0,0.0,42,0,45000,5000,10000,5170044,0,112,0.010000000000000002,2,166.38,0.5973499999999999,0.1772565019964007,0.01,0.6629,0.7057,0.10835000000000006,0.59465,0.7032,0.4120181818181818,0.5235730398698769,0.41085,0.5338444142260148,0.6507454545454544,0.01,0.6507454545454544,0.6476545454545455,0.2952745454545455,0.6306030891882665,0.29703636363636354,0.6189232260022128,zombie,0.01,0.0116,0.0,0.0,0.0,resnet32,0.6491,0.6468,1.297140263359655,0.9928593863309785,0.3042808756105263,resnet32,0.653,0.6522,1.270327523520047,0.9757355372844772,0.2945919887755405,resnet32,0.6576,0.6454,2.20962477136742,1.2958678716624326,0.9137568983503364,resnet32,0.6466,0.6426,1.3215031078593298,1.0115299805660138,0.30997312731448223,resnet32,0.6542,0.6522,1.3825484430417418,1.0227881178937175,0.35976032315838063,resnet32,0.6537,0.6574,2.141103717244484,1.2271025137637148,0.9140012071213939,resnet32,0.6598,0.6542,1.3937869894064285,1.0217394948175007,0.3720474931919439,resnet32,0.6464,0.645,1.3008155219087547,1.0050074364989996,0.29580808570608497,resnet32,0.6365,0.6298,1.3339381833476098,1.0339017474007877,0.30003643668764696,resnet32,0.6384,0.6376,1.294273937036368,0.9962986273352396,0.29797531120394444,resnet32,0.6629,0.661,1.2806462417779998,0.9749680705876513,0.3056781717830084,9000000.0,0.0,36000000.0,4068000000.0,48816000000.0
resnet32x12_cifar100_K12_rand2-zomb0_seed0004_d015,d015,resnet32:12,cifar100,12,matched,rand2-zomb0,peers,4,200,64,0.1,0.9,0.0005,True,0,60,0.1,1.0,2,,random,1.0,1,0.0,0.5,weight,complete,0.0,0.0,42,0,45000,5000,10000,5170044,0,113,0.010000000000000002,2,166.36,0.5872583333333332,0.1743676023918689,0.01,0.6606,0.6943,0.10704166666666681,0.5888000000000001,0.6952,0.41763030303030296,0.5183473829462742,0.4232727272727272,0.5173769260889294,0.6397363636363635,0.01,0.6397363636363635,0.6412727272727272,0.3097018181818182,0.614857675771294,0.3032581818181817,0.6170577017796404,zombie,0.01,0.0116,0.0,0.0,0.0,resnet32,0.659,0.6574,1.4208326496353203,1.0257330745966597,0.395099575906484,resnet32,0.6385,0.643,1.2689495407552882,0.9669298826801506,0.3020196577788077,resnet32,0.6204,0.6244,1.3415272849696604,1.0472200765189799,0.2943072081755169,resnet32,0.6376,0.6338,2.337176611816341,1.378424361940812,0.9587522541934793,resnet32,0.6352,0.6444,1.2931304936381904,0.9953951171853326,0.2977353778075088,resnet32,0.6349,0.6342,1.3029081899334083,1.0020765502175146,0.3008316409435462,resnet32,0.6397,0.6394,1.3990237988870253,1.028541036204181,0.3704827601640401,resnet32,0.6392,0.634,1.2908104458315806,0.9894082714718851,0.3014021727722138,resnet32,0.6301,0.6328,1.3294972028075294,1.0215611865913325,0.30793601560237055,resnet32,0.6419,0.6486,1.2959684771908955,0.993314410051839,0.30265406745655293,resnet32,0.6606,0.662,2.213448140431534,1.2812443410300396,0.9322037938135591,9000000.0,0.0,36000000.0,4104000000.0,49248000000.0
resnet32x12_cifar100_K12_rand2-zomb0_seed0004_d015,d015,resnet32:12,cifar100,12,matched,rand2-zomb0,peers,4,200,64,0.1,0.9,0.0005,True,0,60,0.1,1.0,2,,random,1.0,1,0.0,0.5,weight,complete,0.0,0.0,42,0,45000,5000,10000,5170044,0,114,0.010000000000000002,2,166.12,0.5907,0.17543105483351573,0.01,0.6657,0.7006,0.1099,0.5911666666666666,0.7036,0.41603030303030314,0.5229176797845166,0.4197863636363636,0.5258942954393,0.643490909090909,0.01,0.643490909090909,0.6438545454545455,0.30582363636363635,0.6216383004049368,0.30172363636363636,0.618615691046158,zombie,0.01,0.0116,0.0,0.0,0.0,resnet32,0.6391,0.6382,1.278539051386443,0.9825269516388123,0.2960120992819694,resnet32,0.6518,0.6532,1.2750250498171558,0.9660584054548632,0.30896664603443985,resnet32,0.6528,0.649,1.4484196186743,1.059155303561552,0.38926431435075676,resnet32,0.6481,0.6454,2.2504735868424177,1.3603914129463108,0.8900821722027931,resnet32,0.6183,0.621,1.291175752624192,0.9925427669659257,0.2986329815519804,resnet32,0.6657,0.6678,2.259417223490097,1.3374267244203524,0.9219905029643666,resnet32,0.6378,0.6454,1.3077908139675856,1.0079095535488292,0.2998812626412308,resnet32,0.6429,0.6362,1.44116291412237,1.0309674904089083,0.4101954257877713,resnet32,0.6356,0.6422,1.3108410244299606,1.0077010954476215,0.30313992932100187,resnet32,0.6396,0.6364,1.2841474300419742,0.9840973930602724,0.30005003609271214,resnet32,0.6467,0.6476,1.284648165191439,0.9920222808352925,0.2926258821336722,9000000.0,0.0,36000000.0,4140000000.0,49680000000.0
resnet32x12_cifar100_K12_rand2-zomb0_seed0004_d015,d015,resnet32:12,cifar100,12,matched,rand2-zomb0,peers,4,200,64,0.1,0.9,0.0005,True,0,60,0.1,1.0,2,,random,1.0,1,0.0,0.5,weight,complete,0.0,0.0,42,0,45000,5000,10000,5170044,0,115,0.010000000000000002,2,166.02,0.59665,0.1773184353077818,0.01,0.6681,0.7088,0.11214999999999997,0.5935666666666667,0.7058,0.4191090909090907,0.5152673406657617,0.41868939393939386,0.5184521354983705,0.6499818181818182,0.01,0.6499818181818182,0.6464727272727273,0.3045527272727272,0.613448834828955,0.3054145454545455,0.6105452433559544,zombie,0.01,0.0116,0.0,0.0,0.0,resnet32,0.6318,0.627,1.3961156286637892,1.0211498328399928,0.37496579480780795,resnet32,0.6681,0.6582,2.210731942206621,1.278473014011979,0.9322589273479852,resnet32,0.6509,0.6488,1.3192969420924783,1.0192450877617707,0.3000518548175354,resnet32,0.6465,0.6482,1.4045470536432483,1.0663130008192225,0.33823405316268856,resnet32,0.6527,0.6458,1.282867255959321,0.9827553482556884,0.30011190732263704,resnet32,0.6218,0.6318,1.3086002898317846,1.0029807034033267,0.30561958750794554,resnet32,0.6531,0.6436,1.3010418205945329,0.9952932996675372,0.3057485203343359,resnet32,0.6475,0.6394,1.2876623505726457,0.9885767568749461,0.2990855937611989,resnet32,0.651,0.6462,1.3217352404343812,1.0078274838795716,0.31390775634314527,resnet32,0.6603,0.6614,1.2717672130092978,0.97318282130767,0.29858438966965134,resnet32,0.6661,0.6608,2.03630892932415,1.1937528759749099,0.8425560559738766,9000000.0,0.0,36000000.0,4176000000.0,50112000000.0
resnet32x12_cifar100_K12_rand2-zomb0_seed0004_d015,d015,resnet32:12,cifar100,12,matched,rand2-zomb0,peers,4,200,64,0.1,0.9,0.0005,True,0,60,0.1,1.0,2,,random,1.0,1,0.0,0.5,weight,complete,0.0,0.0,42,0,45000,5000,10000,5170044,0,116,0.010000000000000002,2,166.67,0.5891083333333335,0.17532321322980088,0.01,0.6651,0.6977,0.10859166666666653,0.5893666666666666,0.6968,0.41779696969696967,0.5209519912226068,0.41984848484848475,0.526882195246668,0.6417545454545455,0.01,0.6417545454545455,0.6418909090909091,0.3058254545454545,0.6231068607984427,0.30372363636363636,0.6170308064285098,zombie,0.01,0.0116,0.0,0.0,0.0,resnet32,0.6651,0.6584,2.1918091921305116,1.291137260300192,0.900671933608299,resnet32,0.6525,0.6498,1.4068018573928962,1.0407563367519865,0.3660455212335695,resnet32,0.5959,0.6084,1.3195786027407104,1.0128997798839754,0.3066788221794096,resnet32,0.6353,0.6364,1.3389451193030586,1.034496707249094,0.3044484135356139,resnet32,0.6518,0.6534,1.4254894828931852,1.041932806795971,0.38355667355724354,resnet32,0.6469,0.6514,2.227427111091939,1.333511737937277,0.8939153755253012,resnet32,0.6427,0.6384,1.3014994339848107,0.9956077831712636,0.305891651914201,resnet32,0.6432,0.6444,1.2868586717681452,0.9863655566322532,0.30049311714670196,resnet32,0.6371,0.6354,1.3085682451386342,1.0052627641707659,0.30330548325384205,resnet32,0.6485,0.6484,1.285628059709614,0.9812346385283903,0.30439342014406895,resnet32,0.6403,0.6364,1.3074492241509936,1.0080001839351924,0.2994490383108231,9000000.0,0.0,36000000.0,4212000000.0,50544000000.0
resnet32x12_cifar100_K12_rand2-zomb0_seed0004_d015,d015,resnet32:12,cifar100,12,matched,rand2-zomb0,peers,4,200,64,0.1,0.9,0.0005,True,0,60,0.1,1.0,2,,random,1.0,1,0.0,0.5,weight,complete,0.0,0.0,42,0,45000,5000,10000,5170044,0,117,0.010000000000000002,2,165.98,0.5910833333333333,0.17539234510725438,0.01,0.659,0.7025,0.11141666666666672,0.5888,0.7002,0.42133030303030317,0.5149076764131524,0.4206575757575759,0.5191190387702547,0.643909090909091,0.01,0.643909090909091,0.6412727272727273,0.30646,0.6177588289922553,0.30752363636363633,0.6138544986930375,zombie,0.01,0.0116,0.0,0.0,0.0,resnet32,0.6563,0.6542,1.46055242436176,1.1224132031202316,0.3381392252208157,resnet32,0.636,0.6286,1.2776234249838374,0.980328132821755,0.29729529209858313,resnet32,0.6353,0.6344,1.324236326766285,1.0111158462241292,0.31312048369595274,resnet32,0.6503,0.6554,2.2317949081347748,1.377143871631812,0.8546510307456959,resnet32,0.6442,0.6494,1.292385345324874,0.9918405924161727,0.30054475201971154,resnet32,0.6381,0.638,1.3207051817497069,1.010723215951161,0.3099819650577212,resnet32,0.659,0.6578,2.2892196254635397,1.4010707583617081,0.8881488693878055,resnet32,0.6421,0.6306,1.302744053642858,0.9903059316460382,0.31243812233548274,resnet32,0.6399,0.6374,1.3152919211848215,1.0037471532652325,0.31154476813125337,resnet32,0.6318,0.6288,1.2726935599507256,0.969582431441681,0.30311112833971326,resnet32,0.65,0.6394,1.2919809517704628,0.9893235131590203,0.3026574385267767,9000000.0,0.0,36000000.0,4248000000.0,50976000000.0
resnet32x12_cifar100_K12_rand2-zomb0_seed0004_d015,d015,resnet32:12,cifar100,12,matched,rand2-zomb0,peers,4,200,64,0.1,0.9,0.0005,True,0,60,0.1,1.0,2,,random,1.0,1,0.0,0.5,weight,complete,0.0,0.0,42,0,45000,5000,10000,5170044,0,118,0.010000000000000002,2,168.52,0.5974416666666668,0.1772494450312578,0.01,0.6645,0.705,0.1075583333333332,0.5881000000000001,0.6942,0.4142606060606061,0.5262188955841328,0.41251060606060624,0.5270682286783402,0.6508454545454546,0.01,0.6508454545454546,0.640509090909091,0.29691999999999996,0.6251211494413295,0.2994290909090909,0.6240117113222948,zombie,0.01,0.0116,0.0,0.0,0.0,resnet32,0.6461,0.6262,1.2957951529798182,0.9960268664766442,0.29976828586818144,resnet32,0.6645,0.6598,1.4130851885473186,1.0170253279872916,0.396059862465005,resnet32,0.643,0.6274,1.3070589964362709,0.9970136216248978,0.31004537394354964,resnet32,0.6437,0.6326,2.1019358203153717,1.259583398022435,0.842352425256236,resnet32,0.6544,0.6478,2.2910958277908238,1.3458118656311522,0.9452839643609795,resnet32,0.6519,0.6454,1.2951610663228414,0.9803741552274335,0.3147869100582532,resnet32,0.645,0.642,1.3251119134947658,1.0223444804379886,0.30276743161746045,resnet32,0.6587,0.6512,1.3840965668416836,1.0096318635412238,0.37446470431644807,resnet32,0.642,0.6248,1.3005298415029591,0.9949319146742875,0.3055979275906628,resnet32,0.6534,0.6402,1.2747689450836994,0.9690843911164186,0.30568455352278595,resnet32,0.6566,0.6482,1.2935264159671285,0.9830125216394663,0.31051389246501704,9000000.0,0.0,36000000.0,4284000000.0,51408000000.0
resnet32x12_cifar100_K12_rand2-zomb0_seed0004_d015,d015,resnet32:12,cifar100,12,matched,rand2-zomb0,peers,4,200,64,0.1,0.9,0.0005,True,0,60,0.1,1.0,2,,random,1.0,1,0.0,0.5,weight,complete,0.0,0.0,42,0,45000,5000,10000,5170044,0,119,0.010000000000000002,2,166.38,0.5977583333333332,0.17735337821391758,0.01,0.6619,0.7059,0.1081416666666668,0.5979999999999999,0.7092,0.41482424242424226,0.520349879586953,0.41411666666666647,0.5230066991532916,0.651190909090909,0.01,0.651190909090909,0.6513090909090908,0.29876,0.6203704656068546,0.29989454545454547,0.6183244694323868,zombie,0.01,0.0116,0.0,0.0,0.0,resnet32,0.6619,0.6542,1.298007102852518,0.9860679558901624,0.3119391467506913,resnet32,0.6585,0.6624,2.079341572794047,1.2122860688038848,0.8670555081387813,resnet32,0.6466,0.6456,1.305400188250298,0.9919600165025755,0.31344017248854716,resnet32,0.6374,0.6462,1.3646936790001662,1.0557109016755766,0.30898277660493145,resnet32,0.6463,0.6414,1.3118857366286896,1.008573205040937,0.3033125327519057,resnet32,0.6608,0.665,1.2815204724161462,0.9669435734606602,0.31457689992914145,resnet32,0.6504,0.6516,2.2406014620580454,1.3192125146531246,0.921388948505575,resnet32,0.6457,0.6374,1.3874837613918565,1.016581142321229,0.3709026183509691,resnet32,0.6457,0.6456,1.2983758855103091,0.9920268096876416,0.30634907757948066,resnet32,0.6557,0.6548,1.2571735671636732,0.9573426815596494,0.2998308873185041,resnet32,0.6541,0.6602,1.37818353894082,1.016940682195127,0.3612428576770154,9000000.0,0.0,36000000.0,4320000000.0,51840000000.0
resnet32x12_cifar100_K12_rand2-zomb0_seed0004_d015,d015,resnet32:12,cifar100,12,matched,rand2-zomb0,peers,4,200,64,0.1,0.9,0.0005,True,0,60,0.1,1.0,2,,random,1.0,1,0.0,0.5,weight,complete,0.0,0.0,42,0,45000,5000,10000,5170044,0,120,0.0010000000000000002,2,167.01,0.643725,0.19114517661104258,0.01,0.707,0.7381,0.09437499999999999,0.6425333333333333,0.7362,0.3504545454545454,0.573773894301295,0.3529666666666665,0.57299212326227,0.7013363636363636,0.01,0.7013363636363636,0.699890909090909,0.22565272727272723,0.6785851806710904,0.22306909090909083,0.6805649789855663,zombie,0.01,0.0116,0.0,0.0,0.0,resnet32,0.7066,0.697,1.0130083241753958,0.8045535899106074,0.20845473307946866,resnet32,0.7055,0.7052,1.1124714787372134,0.8831825505264781,0.2292889293325557,resnet32,0.6929,0.6852,2.2527579267255287,1.1408372469754382,1.1119206793267618,resnet32,0.6915,0.6936,1.3377505229278044,0.9420935170386325,0.39565700567750767,resnet32,0.7022,0.7014,1.0268203851512887,0.8183745432814414,0.2084458428858356,resnet32,0.7034,0.7082,1.008429449474947,0.7920322062616999,0.21639724207026037,resnet32,0.6983,0.6984,2.096054909581488,1.2141111833466725,0.8819437316534194,resnet32,0.707,0.6986,1.030533728020435,0.8336781459775838,0.19685558274134315,resnet32,0.6964,0.7006,1.0879787037318402,0.8336224969984456,0.25435620838437567,resnet32,0.7042,0.702,1.0484214218502694,0.802362599325451,0.24605882398530163,resnet32,0.7067,0.7086,1.0274652859873392,0.8282846194183962,0.1991806669076058,9000000.0,0.0,36000000.0,4356000000.0,52272000000.0
resnet32x12_cifar100_K12_rand2-zomb0_seed0004_d015,d015,resnet32:12,cifar100,12,matched,rand2-zomb0,peers,4,200,64,0.1,0.9,0.0005,True,0,60,0.1,1.0,2,,random,1.0,1,0.0,0.5,weight,complete,0.0,0.0,42,0,45000,5000,10000,5170044,0,121,0.0010000000000000002,2,165.99,0.6472583333333334,0.19222090355600996,0.01,0.7162,0.7435,0.09624166666666667,0.6468166666666667,0.7416,0.34513939393939386,0.577384473871502,0.34834545454545457,0.5751452971139748,0.7051909090909091,0.01,0.7051909090909091,0.7045636363636363,0.21993818181818178,0.6826672193070359,0.21638545454545458,0.6869443748201851,zombie,0.01,0.0116,0.0,0.0,0.0,resnet32,0.7162,0.7,0.9414823730052873,0.7436927828768437,0.1977895900861106,resnet32,0.71,0.715,1.1079465309157968,0.8091754159382121,0.2987711146600883,resnet32,0.7009,0.7006,2.050250605426051,1.1336482091044837,0.916602389717644,resnet32,0.7006,0.7008,1.0749276496300644,0.850121327929876,0.22480632299133999,resnet32,0.7018,0.7022,0.9458348116075451,0.7543093045242131,0.19152550483969125,resnet32,0.7086,0.7148,0.9264259412884712,0.7324190202846446,0.1940069210673259,resnet32,0.7006,0.7004,1.1944768973202868,0.9278801045465198,0.26659679131328384,resnet32,0.7068,0.704,0.9531769568777897,0.7642484046095475,0.18892855131575328,resnet32,0.6947,0.6952,2.111535320227796,1.0587016206912019,1.0528336993672631,resnet32,0.7064,0.7028,0.9410153807733547,0.7452943510460582,0.19572102904997088,resnet32,0.7105,0.7144,0.94095105051317,0.7550158515064553,0.18593519801189276,9000000.0,0.0,36000000.0,4392000000.0,52704000000.0
resnet32x12_cifar100_K12_rand2-zomb0_seed0004_d015,d015,resnet32:12,cifar100,12,matched,rand2-zomb0,peers,4,200,64,0.1,0.9,0.0005,True,0,60,0.1,1.0,2,,random,1.0,1,0.0,0.5,weight,complete,0.0,0.0,42,0,45000,5000,10000,5170044,0,122,0.0010000000000000002,2,168.92,0.64895,0.19273899233592218,0.01,0.715,0.7449,0.09594999999999998,0.6490333333333332,0.7442,0.34627272727272734,0.5733671394300329,0.3476227272727272,0.5741522582478499,0.7070363636363637,0.01,0.7070363636363637,0.7069818181818182,0.2191781818181818,0.6804204938525167,0.2179636363636363,0.6799131956740476,zombie,0.01,0.0116,0.0,0.0,0.0,resnet32,0.7121,0.7064,1.0975280429490588,0.7440687147053805,0.353459327778017,resnet32,0.7119,0.7156,0.9570123946124857,0.76528718999841,0.19172520406374877,resnet32,0.7061,0.7042,2.001469435678287,1.0825260760770603,0.9189433579079129,resnet32,0.6991,0.7036,0.9961860209534114,0.7936953823928806,0.2024906367402185,resnet32,0.7073,0.706,0.9457039241255685,0.7304532891986045,0.2152506355619566,resnet32,0.7138,0.7162,0.9112746583467181,0.7033598943274807,0.20791476353240962,resnet32,0.7014,0.7044,1.024777943607081,0.8300872753289613,0.19469066669063811,resnet32,0.715,0.7038,1.0952921570702032,0.7605157461102036,0.33477640977468004,resnet32,0.6999,0.7012,1.0266468473286792,0.8208218127997085,0.2058250331531533,resnet32,0.6984,0.6972,2.330362020568414,1.080590102144263,1.2497719157995149,resnet32,0.7124,0.7182,0.9308651008389213,0.7270350334319201,0.20383006833832373,9000000.0,0.0,36000000.0,4428000000.0,53136000000.0
resnet32x12_cifar100_K12_rand2-zomb0_seed0004_d015,d015,resnet32:12,cifar100,12,matched,rand2-zomb0,peers,4,200,64,0.1,0.9,0.0005,True,0,60,0.1,1.0,2,,random,1.0,1,0.0,0.5,weight,complete,0.0,0.0,42,0,45000,5000,10000,5170044,0,123,0.0010000000000000002,2,165.97,0.6497833333333335,0.19296291454289574,0.01,0.7143,0.746,0.0962166666666665,0.6500500000000001,0.7444,0.34665454545454555,0.5691935377724847,0.3502181818181819,0.5703922552675418,0.7079454545454545,0.01,0.7079454545454545,0.7080909090909091,0.22227272727272734,0.6760992598498812,0.21837454545454543,0.6748742951288011,zombie,0.01,0.0116,0.0,0.0,0.0,resnet32,0.7143,0.7034,1.0519630449231376,0.742547219873152,0.30941582714546134,resnet32,0.7126,0.7144,0.9235797516832297,0.7267148066735403,0.19686494500968943,resnet32,0.7053,0.708,1.9377734879539772,1.042920863340524,0.8948526251214471,resnet32,0.7029,0.7046,0.9612651587548581,0.760340946726501,0.2009242121976885,resnet32,0.7089,0.705,0.9055388698523695,0.7083456271582029,0.19719324428164822,resnet32,0.7127,0.7196,0.8983773383396593,0.6879376286471431,0.21043970965018327,resnet32,0.7029,0.7038,0.9766078944402662,0.7796169336123223,0.19699096254242415,resnet32,0.714,0.7074,1.1073627151887526,0.7681967848065224,0.33916593017056584,resnet32,0.6995,0.7034,0.9510271742262624,0.7519921398806301,0.1990350343879651,resnet32,0.7033,0.702,2.1526684644208713,1.1742576597766443,0.9784108055755496,resnet32,0.711,0.7174,0.9035003849897872,0.7050477427599783,0.198452642229809,9000000.0,0.0,36000000.0,4464000000.0,53568000000.0
resnet32x12_cifar100_K12_rand2-zomb0_seed0004_d015,d015,resnet32:12,cifar100,12,matched,rand2-zomb0,peers,4,200,64,0.1,0.9,0.0005,True,0,60,0.1,1.0,2,,random,1.0,1,0.0,0.5,weight,complete,0.0,0.0,42,0,45000,5000,10000,5170044,0,124,0.0010000000000000002,2,166.2,0.6514416666666666,0.19345618995151215,0.01,0.7157,0.7478,0.09635833333333343,0.6526000000000001,0.7464,0.3444575757575758,0.570482135545015,0.35050757575757574,0.5694476261619394,0.7097545454545453,0.01,0.7097545454545453,0.7108727272727273,0.2225054545454546,0.6760401086317716,0.2155090909090909,0.6793009807490202,zombie,0.01,0.0116,0.0,0.0,0.0,resnet32,0.7135,0.7038,1.1588992518796162,0.8124205206774853,0.34647872900082305,resnet32,0.7157,0.7146,0.9102338528768583,0.707078855781054,0.2031549982176247,resnet32,0.7075,0.7032,1.9929673268713735,1.102283543060449,0.8906837862662293,resnet32,0.7032,0.7074,0.9668236835436388,0.7460481016050008,0.22077558168464087,resnet32,0.7113,0.7142,0.9054006739434871,0.697655526667156,0.20774514617567713,resnet32,0.7152,0.7202,0.8711279918524352,0.6711621867831458,0.1999658031219786,resnet32,0.7057,0.7094,0.95067094986073,0.7511897357180715,0.19948121477765116,resnet32,0.7065,0.7076,2.060242685574022,1.03711075945334,1.0231319251893596,resnet32,0.7017,0.7074,0.9188640081239018,0.7256068365902386,0.19325716971335086,resnet32,0.7124,0.713,0.9769495358182625,0.7726414778947153,0.20430805855853992,resnet32,0.7146,0.7188,0.8812231043861671,0.6912483277053318,0.1899747766279192,9000000.0,0.0,36000000.0,4500000000.0,54000000000.0
resnet32x12_cifar100_K12_rand2-zomb0_seed0004_d015,d015,resnet32:12,cifar100,12,matched,rand2-zomb0,peers,4,200,64,0.1,0.9,0.0005,True,0,60,0.1,1.0,2,,random,1.0,1,0.0,0.5,weight,complete,0.0,0.0,42,0,45000,5000,10000,5170044,0,125,0.0010000000000000002,2,166.72,0.6520083333333333,0.1936288049263906,0.01,0.7179,0.75,0.0979916666666667,0.65205,0.7488,0.34670000000000006,0.5683687619938895,0.3512984848484849,0.5683573993066325,0.7103727272727273,0.01,0.7103727272727273,0.7102727272727272,0.22352727272727266,0.6739873379300646,0.21839272727272724,0.674492129615528,zombie,0.01,0.0116,0.0,0.0,0.0,resnet32,0.7129,0.7056,1.9950949476862496,0.9981699428436431,0.9969250087372281,resnet32,0.7146,0.7138,0.8909325576810674,0.6847706390544772,0.2061619181397625,resnet32,0.7115,0.7078,1.019679818302393,0.8175163403661414,0.20216347725892608,resnet32,0.7033,0.7094,0.9444079763171348,0.7320275995880365,0.2123803768772632,resnet32,0.7054,0.7074,1.0491480106826534,0.7125054923394187,0.3366425195920535,resnet32,0.7179,0.7224,0.8693298102271828,0.661494008985094,0.2078358014960858,resnet32,0.7057,0.706,0.9474102698097174,0.7320471378889951,0.21536313236521726,resnet32,0.7151,0.7054,0.985043089244176,0.7842438566413793,0.2007992336822843,resnet32,0.7033,0.7054,1.0794355164874683,0.739905798045749,0.33952971878038213,resnet32,0.7133,0.7124,0.9333376031453636,0.7129591809670356,0.22037842167033392,resnet32,0.7111,0.7174,2.09688536348668,0.9595597398213365,1.1373256236653437,9000000.0,0.0,36000000.0,4536000000.0,54432000000.0
resnet32x12_cifar100_K12_rand2-zomb0_seed0004_d015,d015,resnet32:12,cifar100,12,matched,rand2-zomb0,peers,4,200,64,0.1,0.9,0.0005,True,0,60,0.1,1.0,2,,random,1.0,1,0.0,0.5,weight,complete,0.0,0.0,42,0,45000,5000,10000,5170044,0,126,0.0010000000000000002,2,166.3,0.6513916666666667,0.19343131191861246,0.01,0.7151,0.7469,0.0955083333333333,0.6522166666666667,0.7492,0.34869696969696956,0.5648588395252903,0.35236969696969694,0.5658994580653383,0.7097,0.01,0.7097,0.7104545454545454,0.22486727272727275,0.6704504456621534,0.22094545454545464,0.6692412835882433,zombie,0.01,0.0116,0.0,0.0,0.0,resnet32,0.7112,0.7014,2.0780950625511734,1.1133080651475624,0.964786999012259,resnet32,0.7147,0.713,0.8803686535155232,0.6750145699320869,0.2053540826944465,resnet32,0.7063,0.714,1.0715898811309175,0.7664042937315323,0.30518558888103475,resnet32,0.7052,0.7122,0.9238239039920948,0.7170110331763598,0.20681286992674525,resnet32,0.7107,0.7082,0.9027890949933366,0.6974892131560906,0.20529988293790005,resnet32,0.7105,0.718,2.102651768110015,0.9811057603748684,1.121546009047465,resnet32,0.7024,0.7046,0.9237485049631108,0.7172155158848248,0.20653299015777354,resnet32,0.7141,0.7092,0.9174357054924424,0.7179806580005045,0.19945504771418532,resnet32,0.7038,0.7036,1.1191982440650463,0.7677262315357273,0.35147201240232046,resnet32,0.7127,0.712,0.9218100619248368,0.7016403587873686,0.22016970309513537,resnet32,0.7151,0.7188,0.9193426664410667,0.724871157372201,0.19447150947102768,9000000.0,0.0,36000000.0,4572000000.0,54864000000.0
resnet32x12_cifar100_K12_rand2-zomb0_seed0004_d015,d015,resnet32:12,cifar100,12,matched,rand2-zomb0,peers,4,200,64,0.1,0.9,0.0005,True,0,60,0.1,1.0,2,,random,1.0,1,0.0,0.5,weight,complete,0.0,0.0,42,0,45000,5000,10000,5170044,0,127,0.0010000000000000002,2,166.12,0.65215,0.19367494460220366,0.01,0.7159,0.7508,0.09865000000000002,0.6541,0.751,0.34746666666666665,0.562383706749517,0.3522015151515151,0.5655804067444113,0.7105272727272727,0.01,0.7105272727272727,0.7125090909090909,0.22452181818181816,0.6716668463209627,0.2190872727272727,0.6696506890950368,zombie,0.01,0.0116,0.0,0.0,0.0,resnet32,0.7143,0.7114,0.9606106873940338,0.7510236829773269,0.20958700484003534,resnet32,0.7159,0.7184,0.8999652550132438,0.6678266076963734,0.23213864854452285,resnet32,0.7142,0.7104,0.9366139025342736,0.7351167372597213,0.20149716489355673,resnet32,0.7048,0.7096,0.9321023876863447,0.7049660467627373,0.22713634028861468,resnet32,0.7027,0.7064,2.222011961381544,1.0873462342318485,1.1346657315099782,resnet32,0.715,0.7244,1.0753405916250565,0.744895839555697,0.3304447512862019,resnet32,0.7071,0.7106,0.9160899699411609,0.7043517648496411,0.21173820468935778,resnet32,0.7114,0.7072,2.1045812632549894,0.9890877297571437,1.1154935348948294,resnet32,0.7024,0.7044,0.9197532488033175,0.722932439466769,0.19682081043720245,resnet32,0.7128,0.7142,0.9032262175089933,0.6893083396452394,0.21391787824474953,resnet32,0.7152,0.7206,1.0411963224919005,0.7111506191166964,0.3300457045605237,9000000.0,0.0,36000000.0,4608000000.0,55296000000.0
resnet32x12_cifar100_K12_rand2-zomb0_seed0004_d015,d015,resnet32:12,cifar100,12,matched,rand2-zomb0,peers,4,200,64,0.1,0.9,0.0005,True,0,60,0.1,1.0,2,,random,1.0,1,0.0,0.5,weight,complete,0.0,0.0,42,0,45000,5000,10000,5170044,0,128,0.0010000000000000002,2,166.06,0.65235,0.1937007722407597,0.01,0.7144,0.7529,0.10055000000000003,0.6540666666666667,0.749,0.34614545454545453,0.5699321406026819,0.352339393939394,0.5639031258991076,0.7107454545454545,0.01,0.7107454545454545,0.7124727272727274,0.22485272727272726,0.6684547348897104,0.2178872727272728,0.6758569706623492,zombie,0.01,0.0116,0.0,0.0,0.0,resnet32,0.7144,0.7134,0.9853644303300164,0.708169098647142,0.2771953327411955,resnet32,0.7124,0.7156,1.8440630776299671,0.868328686083921,0.9757343917577104,resnet32,0.7121,0.7166,0.9234569318253886,0.7134140221486714,0.21004290827973324,resnet32,0.7051,0.7092,0.9187339496036823,0.6992873283187774,0.21944662088274278,resnet32,0.7097,0.7094,0.9330552778291431,0.7319263852286068,0.20112889291803268,resnet32,0.7132,0.7234,0.8831167888234962,0.6785241243090819,0.2045926642180844,resnet32,0.7062,0.7034,2.101948503066193,0.9877749498171563,1.1141735592179678,resnet32,0.7103,0.7092,0.9485242622481151,0.7475323118269444,0.2009919506540014,resnet32,0.7067,0.7058,1.0676915104585616,0.7262041473930533,0.34148736179552297,resnet32,0.7139,0.713,0.8797428879717534,0.675324313681234,0.20441857575100253,resnet32,0.7142,0.7182,0.8886610223827037,0.6887069581161168,0.19995406447825106,9000000.0,0.0,36000000.0,4644000000.0,55728000000.0
resnet32x12_cifar100_K12_rand2-zomb0_seed0004_d015,d015,resnet32:12,cifar100,12,matched,rand2-zomb0,peers,4,200,64,0.1,0.9,0.0005,True,0,60,0.1,1.0,2,,random,1.0,1,0.0,0.5,weight,complete,0.0,0.0,42,0,45000,5000,10000,5170044,0,129,0.0010000000000000002,2,165.8,0.6531666666666667,0.1939745358431244,0.01,0.7203,0.7521,0.09893333333333332,0.6536166666666666,0.7528,0.34818484848484854,0.5656005258333812,0.35209393939393946,0.5662188597309749,0.7116363636363636,0.01,0.7116363636363636,0.7119818181818182,0.22449454545454536,0.671749560206591,0.22015999999999997,0.6715423622790848,zombie,0.01,0.0116,0.0,0.0,0.0,resnet32,0.7147,0.7106,0.8975790932943876,0.6853742044503716,0.21220489000816914,resnet32,0.7185,0.7184,0.8977769197134132,0.6969617881642823,0.20081513137979942,resnet32,0.7119,0.7196,0.8979826178825037,0.6966744574972175,0.2013081595597958,resnet32,0.7095,0.7084,0.9036839899861,0.6926721685820005,0.21101182347840883,resnet32,0.7065,0.7062,1.9436419177800417,0.940627039918168,1.003014879385856,resnet32,0.7203,0.7204,0.8604587719098411,0.6498379994353111,0.2106207733846862,resnet32,0.7062,0.704,0.9649750906974077,0.7454129545526071,0.21956213656812906,resnet32,0.713,0.7096,0.8895744987001474,0.6907003430480306,0.19887415641410786,resnet32,0.7048,0.7066,1.0462936179881746,0.737942967436869,0.30835065099580045,resnet32,0.7126,0.7112,1.1275517357174645,0.7285684245977212,0.39898330841044133,resnet32,0.71,0.7168,2.1309220865368843,1.0260721659711138,1.1048499170521444,9000000.0,0.0,36000000.0,4680000000.0,56160000000.0
resnet32x12_cifar100_K12_rand2-zomb0_seed0004_d015,d015,resnet32:12,cifar100,12,matched,rand2-zomb0,peers,4,200,64,0.1,0.9,0.0005,True,0,60,0.1,1.0,2,,random,1.0,1,0.0,0.5,weight,complete,0.0,0.0,42,0,45000,5000,10000,5170044,0,130,0.0010000000000000002,2,166.15,0.652975,0.19392006138698836,0.01,0.7169,0.7522,0.09922500000000001,0.6541499999999999,0.753,0.3467212121212122,0.5643247763736065,0.35190757575757586,0.5654924422389379,0.7114272727272727,0.01,0.7114272727272727,0.7125636363636363,0.22435272727272726,0.6699813835500786,0.2185527272727273,0.6692053774851151,zombie,0.01,0.0116,0.0,0.0,0.0,resnet32,0.716,0.7128,0.8570790185847066,0.660490691873499,0.19658832628787917,resnet32,0.7162,0.7166,0.8776159403337673,0.6527384760027582,0.22487746399234643,resnet32,0.7121,0.7124,0.996768817813559,0.6970930235375735,0.2996757933658294,resnet32,0.7066,0.7104,1.0876368164846844,0.7112740312533622,0.37636278658597305,resnet32,0.7079,0.709,0.9087983419780027,0.7130023508163338,0.19579599162733013,resnet32,0.7137,0.7214,0.8348066724667494,0.634923224887726,0.1998834486161782,resnet32,0.7045,0.706,2.1112665461206976,1.0362487684258006,1.0750177782028913,resnet32,0.7168,0.709,0.8779702217910778,0.6692061080512676,0.20876411340114745,resnet32,0.7032,0.7054,1.9030601597306402,0.9170736430043523,0.9859865177422762,resnet32,0.7118,0.716,0.8803053293377161,0.6809518907896497,0.19935343848456713,resnet32,0.7169,0.7192,0.9099146299572154,0.7107139123095707,0.19920071596491404,9000000.0,0.0,36000000.0,4716000000.0,56592000000.0
resnet32x12_cifar100_K12_rand2-zomb0_seed0004_d015,d015,resnet32:12,cifar100,12,matched,rand2-zomb0,peers,4,200,64,0.1,0.9,0.0005,True,0,60,0.1,1.0,2,,random,1.0,1,0.0,0.5,weight,complete,0.0,0.0,42,0,45000,5000,10000,5170044,0,131,0.0010000000000000002,2,166.03,0.6545916666666667,0.1943852594648633,0.01,0.7184,0.7519,0.09730833333333333,0.6537666666666667,0.751,0.34762727272727273,0.5652620346830862,0.35255606060606065,0.5640780728095977,0.7131909090909091,0.01,0.7131909090909091,0.7121454545454544,0.2250672727272728,0.6687122377338113,0.2195818181818182,0.6706152486153136,zombie,0.01,0.0116,0.0,0.0,0.0,resnet32,0.7184,0.712,1.0382130536335437,0.6851017122918909,0.3531113429926336,resnet32,0.7182,0.7172,1.0105280976911837,0.6746428246525201,0.3358852724460038,resnet32,0.7167,0.7122,0.8989895992827687,0.6856712256134911,0.21331837311895055,resnet32,0.7086,0.7072,0.927378530614078,0.6985822534611956,0.2287962774703787,resnet32,0.712,0.712,0.8795318333432078,0.6723528915846889,0.20717894144102253,resnet32,0.7124,0.7176,2.079508036544377,0.9706430597738787,1.1088649757545104,resnet32,0.7108,0.7076,0.9540862559594891,0.7413604500788179,0.2127258068331602,resnet32,0.7079,0.7044,2.1373598485846412,0.9983507901091467,1.1390090511942452,resnet32,0.7087,0.7062,0.9314143639057875,0.729889181357893,0.2015251836062155,resnet32,0.7146,0.7124,0.878449696793475,0.6608478714373301,0.21760182493281635,resnet32,0.7168,0.7248,0.875639605674554,0.6633326566185463,0.21230694770135664,9000000.0,0.0,36000000.0,4752000000.0,57024000000.0
resnet32x12_cifar100_K12_rand2-zomb0_seed0004_d015,d015,resnet32:12,cifar100,12,matched,rand2-zomb0,peers,4,200,64,0.1,0.9,0.0005,True,0,60,0.1,1.0,2,,random,1.0,1,0.0,0.5,weight,complete,0.0,0.0,42,0,45000,5000,10000,5170044,0,132,0.0010000000000000002,2,165.96,0.654525,0.19435705597773734,0.01,0.7168,0.7492,0.09467499999999995,0.6536333333333334,0.752,0.3476909090909089,0.5663831098442059,0.3516106060606061,0.5657431503255033,0.7131181818181819,0.01,0.7131181818181819,0.712,0.22398545454545454,0.6703847480397355,0.21981090909090908,0.6709822870048183,zombie,0.01,0.0116,0.0,0.0,0.0,resnet32,0.7122,0.7046,2.152339442209764,1.0898459531705489,1.0624934841286053,resnet32,0.7165,0.7158,0.8443903886628422,0.6490338324061171,0.19535655494440685,resnet32,0.7152,0.7148,0.8843918075277046,0.673012425869026,0.21137938062152403,resnet32,0.7107,0.7102,0.8881094963713125,0.678729485720396,0.20938001101074571,resnet32,0.7088,0.7026,2.129124613648111,1.048574624075131,1.080549991520291,resnet32,0.715,0.7266,1.0355118117718534,0.7113995685834776,0.3241122431883758,resnet32,0.7102,0.7076,0.8990611019120975,0.6927360785617069,0.20632502301172775,resnet32,0.7155,0.708,1.0797876301644878,0.7497389010915702,0.3300487290729176,resnet32,0.7071,0.7054,0.9314640718935565,0.6953773122196171,0.2360867589119483,resnet32,0.7163,0.7134,0.889006887562573,0.6563557946885173,0.23265109342438253,resnet32,0.7168,0.723,0.8494092610833998,0.6473371386951343,0.20207212207076902,9000000.0,0.0,36000000.0,4788000000.0,57456000000.0
resnet32x12_cifar100_K12_rand2-zomb0_seed0004_d015,d015,resnet32:12,cifar100,12,matched,rand2-zomb0,peers,4,200,64,0.1,0.9,0.0005,True,0,60,0.1,1.0,2,,random,1.0,1,0.0,0.5,weight,complete,0.0,0.0,42,0,45000,5000,10000,5170044,0,133,0.0010000000000000002,2,165.91,0.6549583333333332,0.19450603443223954,0.01,0.7224,0.7522,0.09724166666666678,0.6571833333333333,0.7556,0.3453151515151515,0.5658888303523743,0.3528181818181819,0.5619124373732823,0.713590909090909,0.01,0.713590909090909,0.7158727272727272,0.22538181818181813,0.6661683634126849,0.21678181818181816,0.6721189089967045,zombie,0.01,0.0116,0.0,0.0,0.0,resnet32,0.7172,0.7148,1.071376833302731,0.747934532859786,0.3234422984744676,resnet32,0.717,0.721,0.8442134732719172,0.6316393717107448,0.21257410149767317,resnet32,0.7169,0.7202,0.8694485784931616,0.6610546636141159,0.2083939140112224,resnet32,0.71,0.712,0.8811046463352713,0.6692345049232244,0.21187014247036792,resnet32,0.7104,0.7114,1.8912222788415172,0.9933070159432563,0.8979152636602521,resnet32,0.7224,0.7248,0.8593354507942091,0.6455142249522562,0.21382122567262163,resnet32,0.7101,0.711,0.887019086713818,0.6795393353836103,0.2074797512243756,resnet32,0.7154,0.7152,0.9994064060632478,0.711197578983212,0.2882088265508752,resnet32,0.707,0.7108,0.9165442766283046,0.6851206390525807,0.2314236362210729,resnet32,0.7122,0.7142,0.8491142979738387,0.6426819765262983,0.2064323212570426,resnet32,0.7109,0.7192,2.131450792774558,1.0342405039647764,1.0972102902490983,9000000.0,0.0,36000000.0,4824000000.0,57888000000.0
resnet32x12_cifar100_K12_rand2-zomb0_seed0004_d015,d015,resnet32:12,cifar100,12,matched,rand2-zomb0,peers,4,200,64,0.1,0.9,0.0005,True,0,60,0.1,1.0,2,,random,1.0,1,0.0,0.5,weight,complete,0.0,0.0,42,0,45000,5000,10000,5170044,0,134,0.0010000000000000002,2,166.05,0.6546416666666667,0.19442688625090465,0.01,0.7199,0.7551,0.10045833333333332,0.6545333333333332,0.7558,0.3502969696969696,0.5604939817143779,0.3558469696969697,0.5591242768200266,0.7132454545454544,0.01,0.7132454545454544,0.7129818181818183,0.229049090909091,0.6627300381059565,0.22277454545454545,0.6649273484232183,zombie,0.01,0.0116,0.0,0.0,0.0,resnet32,0.7192,0.7104,1.006482400677421,0.6898980599997396,0.3165843417571688,resnet32,0.7199,0.7184,0.8548759049312635,0.6249164482578635,0.2299594568003985,resnet32,0.7076,0.7058,2.164553199132735,1.0141755336556921,1.1503776642917232,resnet32,0.7093,0.7148,0.9089779605750333,0.6643120870840821,0.2446658747397702,resnet32,0.7126,0.7108,0.9076011045412584,0.6983091687275604,0.20929193740117957,resnet32,0.717,0.7258,1.0476597105576233,0.6737474172630094,0.3739122911779718,resnet32,0.7117,0.7096,0.8817115647040985,0.6665836358442903,0.21512792801315134,resnet32,0.7171,0.712,0.8845678693191572,0.677726876583289,0.2068409915293821,resnet32,0.7061,0.7088,0.8932707812637091,0.6727219340391457,0.2205488477537239,resnet32,0.7067,0.7086,2.246109364046292,1.057712022977119,1.1883973411538384,resnet32,0.7185,0.7178,0.8866580640897155,0.6847820922478356,0.20187597315419803,9000000.0,0.0,36000000.0,4860000000.0,58320000000.0
resnet32x12_cifar100_K12_rand2-zomb0_seed0004_d015,d015,resnet32:12,cifar100,12,matched,rand2-zomb0,peers,4,200,64,0.1,0.9,0.0005,True,0,60,0.1,1.0,2,,random,1.0,1,0.0,0.5,weight,complete,0.0,0.0,42,0,45000,5000,10000,5170044,0,135,0.0010000000000000002,2,166.05,0.653325,0.1940097597416171,0.01,0.7167,0.753,0.09967499999999996,0.6546,0.7488,0.349539393939394,0.5610634734516389,0.35497727272727264,0.5592940134565703,0.711809090909091,0.01,0.711809090909091,0.7130545454545454,0.2279545454545454,0.6630432009079615,0.22184363636363635,0.6656131095620468,zombie,0.01,0.0116,0.0,0.0,0.0,resnet32,0.7167,0.7116,0.8586881731382825,0.6527586631815542,0.20592951071871954,resnet32,0.7167,0.7188,0.815778062551875,0.6154185332442549,0.20035952907478946,resnet32,0.7142,0.7112,1.062448769977147,0.7413115206767212,0.32113725054924463,resnet32,0.7083,0.7128,0.8725679418580099,0.6597977294163271,0.21277021335183896,resnet32,0.7086,0.7112,0.8869047511199658,0.6595862412994559,0.2273185084235262,resnet32,0.7149,0.721,1.9851368474350735,0.9957563977011226,0.9893804510039362,resnet32,0.7085,0.7098,0.9055160230702974,0.6626191032119095,0.24289692131887106,resnet32,0.7115,0.7134,0.8519690541381185,0.6496851313012567,0.20228392040272328,resnet32,0.703,0.7026,2.111682569438761,1.0001950244503943,1.111487545157698,resnet32,0.7123,0.7124,1.0534354466098277,0.7325150724500418,0.3209203729744662,resnet32,0.7152,0.7188,0.8391477949070659,0.6401567424393513,0.19899105104956438,9000000.0,0.0,36000000.0,4896000000.0,58752000000.0
resnet32x12_cifar100_K12_rand2-zomb0_seed0004_d015,d015,resnet32:12,cifar100,12,matched,rand2-zomb0,peers,4,200,64,0.1,0.9,0.0005,True,0,60,0.1,1.0,2,,random,1.0,1,0.0,0.5,weight,complete,0.0,0.0,42,0,45000,5000,10000,5170044,0,136,0.0010000000000000002,2,166.0,0.6540333333333334,0.1942357087549958,0.01,0.718,0.7549,0.10086666666666666,0.6537999999999999,0.754,0.3514121212121212,0.559108429680828,0.3559439393939394,0.5587514244312792,0.7125818181818182,0.01,0.7125818181818182,0.7121818181818181,0.22914000000000007,0.6625807544801734,0.22408,0.6637554080178029,zombie,0.01,0.0116,0.0,0.0,0.0,resnet32,0.7166,0.706,0.8470678190616044,0.6392322881993923,0.20783553079871292,resnet32,0.7147,0.7142,0.8404625241052021,0.6105533152480017,0.2299092091958631,resnet32,0.7162,0.718,0.8759125686165962,0.6738747691904957,0.20203780046325515,resnet32,0.7018,0.7056,2.130963007496162,1.0207267257130959,1.110236283137717,resnet32,0.7095,0.711,0.8459868219003759,0.6453870769844137,0.2005997443444688,resnet32,0.718,0.7242,0.8982377109879797,0.6737210571511902,0.22451665370979093,resnet32,0.7131,0.7118,0.876729987731034,0.6573752518319949,0.21935473583554002,resnet32,0.7163,0.711,1.0309667784551328,0.6635029218582944,0.36746385509402235,resnet32,0.7102,0.7024,1.0978202177211642,0.7679579293101348,0.3298622880723666,resnet32,0.7071,0.7094,2.1623346262018788,1.0850577754053203,1.0772768519818783,resnet32,0.7149,0.7204,0.8416704636236484,0.6308352725411003,0.2108351904898882,9000000.0,0.0,36000000.0,4932000000.0,59184000000.0
resnet32x12_cifar100_K12_rand2-zomb0_seed0004_d015,d015,resnet32:12,cifar100,12,matched,rand2-zomb0,peers,4,200,64,0.1,0.9,0.0005,True,0,60,0.1,1.0,2,,random,1.0,1,0.0,0.5,weight,complete,0.0,0.0,42,0,45000,5000,10000,5170044,0,137,0.0010000000000000002,2,165.83,0.6530916666666667,0.19396923922078183,0.01,0.72,0.7551,0.10200833333333326,0.6540166666666667,0.7532,0.3512242424242424,0.5576282029724596,0.3563121212121213,0.557897859818226,0.7115545454545456,0.01,0.7115545454545456,0.7124181818181818,0.22956909090909092,0.6614796705928667,0.22386181818181827,0.6619887281609351,zombie,0.01,0.0116,0.0,0.0,0.0,resnet32,0.7161,0.714,0.8344526071609422,0.6289452235214412,0.20550738444382494,resnet32,0.72,0.7172,0.8401463682001288,0.6086934902705252,0.23145287761210717,resnet32,0.7169,0.7152,0.881088169714944,0.658387995833023,0.2227001738819209,resnet32,0.7028,0.7084,0.9180882076986812,0.6999279385093938,0.21816026747480713,resnet32,0.7082,0.7104,0.8496289636770432,0.6367733185179532,0.21285564545542002,resnet32,0.7146,0.7222,0.8385876017961312,0.6292643678289923,0.20932323328981345,resnet32,0.7083,0.7054,1.7969773833385922,0.8859769185073674,0.9110004637729038,resnet32,0.7148,0.709,0.8405646736394953,0.6431286094117571,0.19743606357157908,resnet32,0.7023,0.703,0.8868283424526453,0.6848808932541446,0.2019474493254992,resnet32,0.7111,0.7136,1.0944203404201702,0.777722456111488,0.31669788337735966,resnet32,0.712,0.7182,2.005902738564394,0.9748921079815112,1.0310106290165673,9000000.0,0.0,36000000.0,4968000000.0,59616000000.0
resnet32x12_cifar100_K12_rand2-zomb0_seed0004_d015,d015,resnet32:12,cifar100,12,matched,rand2-zomb0,peers,4,200,64,0.1,0.9,0.0005,True,0,60,0.1,1.0,2,,random,1.0,1,0.0,0.5,weight,complete,0.0,0.0,42,0,45000,5000,10000,5170044,0,138,0.0010000000000000002,2,166.23,0.6551166666666667,0.19454602640220872,0.01,0.7199,0.7554,0.10028333333333328,0.6548166666666666,0.756,0.3511454545454546,0.5560815804560543,0.3557818181818182,0.5568825872755492,0.7137636363636364,0.01,0.7137636363636364,0.7132909090909091,0.2289145454545455,0.6606658246983351,0.2237345454545454,0.6604721983746763,zombie,0.01,0.0116,0.0,0.0,0.0,resnet32,0.7199,0.7136,0.8419161400419067,0.6203266143460165,0.22158952785486524,resnet32,0.7127,0.7082,2.0750057504258375,0.9443438871848312,1.1306618615476922,resnet32,0.7165,0.716,1.0004867530343207,0.6640791415067558,0.3364076109137386,resnet32,0.7062,0.7146,0.8818121465261687,0.6595900220457803,0.22222212475555186,resnet32,0.7099,0.7096,0.8428297776051543,0.6261108628558841,0.21671891574409197,resnet32,0.7185,0.7248,0.9803896193307909,0.6502110362052917,0.3301785822788423,resnet32,0.7114,0.7074,1.9257928175343708,0.9784410713579167,0.9473517449064688,resnet32,0.7147,0.715,0.8412897990677844,0.628523544112051,0.2127662549980662,resnet32,0.7102,0.7066,0.8778606779365377,0.6595172808420929,0.21834339679811487,resnet32,0.7151,0.7134,0.873866967856884,0.6682446457191624,0.2056223223493858,resnet32,0.7163,0.717,0.8718000829050486,0.6590967880646613,0.21270329467105595,9000000.0,0.0,36000000.0,5004000000.0,60048000000.0
resnet32x12_cifar100_K12_rand2-zomb0_seed0004_d015,d015,resnet32:12,cifar100,12,matched,rand2-zomb0,peers,4,200,64,0.1,0.9,0.0005,True,0,60,0.1,1.0,2,,random,1.0,1,0.0,0.5,weight,complete,0.0,0.0,42,0,45000,5000,10000,5170044,0,139,0.0010000000000000002,2,165.98,0.6529083333333333,0.19388973008015548,0.01,0.7172,0.7522,0.09929166666666667,0.6539166666666666,0.7548,0.3528242424242423,0.5555166424973705,0.3581378787878788,0.5567452340568861,0.7113545454545455,0.01,0.7113545454545455,0.7123090909090909,0.23184,0.6597250927579268,0.22591636363636355,0.6588499001670826,zombie,0.01,0.0116,0.0,0.0,0.0,resnet32,0.7156,0.7116,0.8235276259735904,0.6142267686399546,0.20930085756646638,resnet32,0.7155,0.7122,1.8194870159707286,0.9099132474511862,0.9095737691968679,resnet32,0.7092,0.7036,1.9577690325677395,0.9277303411032666,1.0300386935811152,resnet32,0.7047,0.7154,0.8639855225655165,0.6502052675932646,0.213780256326903,resnet32,0.7072,0.7118,1.0120378805493766,0.6584075256674127,0.3536303551994603,resnet32,0.7165,0.7202,0.8192963269962505,0.6188226606358181,0.20047366763041777,resnet32,0.7066,0.7082,0.9254273018715057,0.6983178270218725,0.22710947559045797,resnet32,0.7128,0.7082,0.848433552479202,0.6225615384649824,0.22587201426821676,resnet32,0.7066,0.7078,1.0398918531665748,0.6881968729536642,0.35169498216022144,resnet32,0.713,0.7156,0.86615419218486,0.6447951341555878,0.22135905919342555,resnet32,0.7172,0.7208,0.8344540809789165,0.6248410355553708,0.20961304487321863,9000000.0,0.0,36000000.0,5040000000.0,60480000000.0
resnet32x12_cifar100_K12_rand2-zomb0_seed0004_d015,d015,resnet32:12,cifar100,12,matched,rand2-zomb0,peers,4,200,64,0.1,0.9,0.0005,True,0,60,0.1,1.0,2,,random,1.0,1,0.0,0.5,weight,complete,0.0,0.0,42,0,45000,5000,10000,5170044,0,140,0.0010000000000000002,2,166.38,0.6539166666666666,0.19417913908439174,0.01,0.7175,0.7553,0.10138333333333338,0.6541333333333333,0.7568,0.35391515151515157,0.5561089821819074,0.3581393939393939,0.5543062374623958,0.7124545454545455,0.01,0.7124545454545455,0.7125454545454545,0.2318327272727273,0.6565963782217811,0.22725090909090903,0.6588212293776792,zombie,0.01,0.0116,0.0,0.0,0.0,resnet32,0.7105,0.7076,2.0475400660864334,0.9293312708085234,1.1182087967172265,resnet32,0.7145,0.7112,1.9312677352943204,0.9708135757087306,0.9604541613635692,resnet32,0.7147,0.7126,0.8982084956104782,0.6877379810268228,0.2104705137369985,resnet32,0.7081,0.7148,0.8833538417450406,0.6436835454184223,0.2396702974907715,resnet32,0.7088,0.7122,0.8451858939264308,0.6326146401380274,0.21257125406356697,resnet32,0.7169,0.7212,0.8335331234742295,0.6083449773405764,0.22518814626065167,resnet32,0.7112,0.7066,0.8713478013365106,0.658368447626179,0.2129793552343141,resnet32,0.7156,0.7076,1.0160255033353514,0.6481753133491359,0.36785018911839207,resnet32,0.706,0.7064,0.8800910043276169,0.6642180735414679,0.21587293108247899,resnet32,0.7132,0.7162,0.9917680000547658,0.6553421642377295,0.33642583511854435,resnet32,0.7175,0.7216,0.836365067738701,0.6134575190107253,0.22290754656900058,9000000.0,0.0,36000000.0,5076000000.0,60912000000.0
resnet32x12_cifar100_K12_rand2-zomb0_seed0004_d015,d015,resnet32:12,cifar100,12,matched,rand2-zomb0,peers,4,200,64,0.1,0.9,0.0005,True,0,60,0.1,1.0,2,,random,1.0,1,0.0,0.5,weight,complete,0.0,0.0,42,0,45000,5000,10000,5170044,0,141,0.0010000000000000002,2,166.08,0.6544166666666666,0.1943698957886454,0.01,0.7203,0.7543,0.09988333333333332,0.65415,0.7562,0.352730303030303,0.5572982190928532,0.3580954545454546,0.5554033875989993,0.713,0.01,0.713,0.7125636363636363,0.2317618181818182,0.6583767285132922,0.2257236363636363,0.6612980418138988,zombie,0.01,0.0116,0.0,0.0,0.0,resnet32,0.7172,0.7116,1.0340593456375329,0.7031385709362273,0.33092077484947036,resnet32,0.7203,0.7196,0.8680476478554986,0.6588436042127962,0.209204043219374,resnet32,0.7164,0.716,0.8527388488450511,0.6437648890370672,0.20897395936348898,resnet32,0.7002,0.704,2.113951987671581,1.003203239926899,1.1107487447390503,resnet32,0.7111,0.7062,0.825041233011606,0.6154773540117524,0.209563878915188,resnet32,0.7144,0.7192,1.995878673751246,0.9506065784530207,1.0452720988541842,resnet32,0.7082,0.7084,1.0493321008133618,0.6793721749616618,0.3699599256188693,resnet32,0.7136,0.7078,0.8322244422002272,0.6243009727702222,0.2079234704671597,resnet32,0.7079,0.71,0.9082860910249028,0.6531806260940026,0.25510546613738616,resnet32,0.7168,0.717,0.8484547073868188,0.6374193115837195,0.21103539593009787,resnet32,0.7169,0.7184,0.8306598542681471,0.6086644743653861,0.2219953798180954,9000000.0,0.0,36000000.0,5112000000.0,61344000000.0
resnet32x12_cifar100_K12_rand2-zomb0_seed0004_d015,d015,resnet32:12,cifar100,12,matched,rand2-zomb0,peers,4,200,64,0.1,0.9,0.0005,True,0,60,0.1,1.0,2,,random,1.0,1,0.0,0.5,weight,complete,0.0,0.0,42,0,45000,5000,10000,5170044,0,142,0.0010000000000000002,2,166.11,0.654175,0.19428065663278643,0.01,0.7208,0.7536,0.0994250000000001,0.6544666666666666,0.7582,0.3527181818181817,0.5575818554523188,0.357389393939394,0.5565096160103877,0.7127363636363636,0.01,0.7127363636363636,0.7129090909090908,0.2308527272727273,0.6597351999133162,0.22565454545454552,0.6619554570892611,zombie,0.01,0.0116,0.0,0.0,0.0,resnet32,0.7142,0.709,0.8375875408845869,0.630311783995818,0.2072757571850988,resnet32,0.7208,0.7198,1.0033790994943543,0.6436427173374052,0.35973638287660753,resnet32,0.7103,0.7058,2.0533690884370697,0.978953938042237,1.0744151495058427,resnet32,0.7095,0.7118,1.0548895387486978,0.7280969700183381,0.32679256896319037,resnet32,0.7097,0.7116,0.8273630230264231,0.6070562836460092,0.22030673842792484,resnet32,0.7155,0.726,0.8719296512955969,0.646086910485544,0.22584274114871566,resnet32,0.7067,0.7098,0.861484077251093,0.6509139009497382,0.21057017306289214,resnet32,0.7185,0.7112,0.8178311944515868,0.610293604856865,0.20753759067420932,resnet32,0.7043,0.6998,2.153567058118907,1.0378496152433483,1.1157174427062273,resnet32,0.7155,0.7136,0.8401600762524388,0.6184812727468935,0.22167880284938624,resnet32,0.7151,0.7236,0.8203457610427656,0.5979268364608288,0.2224189234177836,9000000.0,0.0,36000000.0,5148000000.0,61776000000.0
resnet32x12_cifar100_K12_rand2-zomb0_seed0004_d015,d015,resnet32:12,cifar100,12,matched,rand2-zomb0,peers,4,200,64,0.1,0.9,0.0005,True,0,60,0.1,1.0,2,,random,1.0,1,0.0,0.5,weight,complete,0.0,0.0,42,0,45000,5000,10000,5170044,0,143,0.0010000000000000002,2,165.98,0.6540583333333333,0.19421634182157677,0.01,0.7168,0.7569,0.10284166666666672,0.6543166666666667,0.7558,0.35235151515151525,0.5572926508757183,0.3564772727272727,0.559353718171269,0.712609090909091,0.01,0.712609090909091,0.7127454545454545,0.22976727272727274,0.6629824004039137,0.22526545454545452,0.6608513324926985,zombie,0.01,0.0116,0.0,0.0,0.0,resnet32,0.7154,0.713,0.8329948017119684,0.6133308280259371,0.21966397171755406,resnet32,0.7168,0.718,0.836181347258389,0.6180497639050538,0.2181315831628374,resnet32,0.7155,0.7128,1.0405341746624222,0.7138277941637419,0.32670637844553724,resnet32,0.7078,0.7088,0.8732261498543349,0.659553283994848,0.2136728665791452,resnet32,0.7102,0.7092,0.8598820386793126,0.6102860070003028,0.24959603254683316,resnet32,0.7131,0.7196,1.9589465223252773,0.9271546363491904,1.0317918836054476,resnet32,0.7086,0.7072,0.870059665969827,0.6378552668135274,0.2322043999182907,resnet32,0.7161,0.71,0.9952727861025117,0.6337516672739928,0.3615211197598414,resnet32,0.7079,0.71,0.9033402654088356,0.6876920226284049,0.21564824391283433,resnet32,0.7149,0.712,0.8497908304614777,0.6169491944072599,0.23284163687970827,resnet32,0.7124,0.7196,1.9800121499733492,0.9261339719576592,1.0538781825453043,9000000.0,0.0,36000000.0,5184000000.0,62208000000.0
resnet32x12_cifar100_K12_rand2-zomb0_seed0004_d015,d015,resnet32:12,cifar100,12,matched,rand2-zomb0,peers,4,200,64,0.1,0.9,0.0005,True,0,60,0.1,1.0,2,,random,1.0,1,0.0,0.5,weight,complete,0.0,0.0,42,0,45000,5000,10000,5170044,0,144,0.0010000000000000002,2,166.04,0.655525,0.19466026441384143,0.01,0.7183,0.7568,0.101275,0.6529999999999999,0.7544,0.356778787878788,0.5485705421789092,0.3591499999999999,0.5500384456948134,0.7142090909090909,0.01,0.7142090909090909,0.7113090909090909,0.2329309090909092,0.6522655150224141,0.23042181818181823,0.6513022258771475,zombie,0.01,0.0116,0.0,0.0,0.0,resnet32,0.7183,0.7102,0.8179747622714124,0.601375871380283,0.21659888993864032,resnet32,0.7162,0.712,1.9001474104483018,0.8933924387039786,1.0067549722946503,resnet32,0.7154,0.7094,1.025307008149949,0.696224035737528,0.32908297319557855,resnet32,0.7106,0.7144,1.0639973144808954,0.6765170796689662,0.3874802341769365,resnet32,0.7134,0.7064,0.8461735821329057,0.6038152461617508,0.24235833633098414,resnet32,0.7148,0.7172,1.9508596711199393,1.0014138774607668,0.9494457895952192,resnet32,0.708,0.7082,0.8737218871035359,0.6335307186130773,0.24019116891378706,resnet32,0.7181,0.7086,0.8210062015463006,0.6111735009842298,0.20983270028690723,resnet32,0.7089,0.705,0.8639099784195423,0.6445454006421972,0.21936457712118598,resnet32,0.7165,0.715,0.812406456775286,0.6060857574286108,0.20632070017216558,resnet32,0.7161,0.718,0.8501169380139221,0.6369981151920828,0.21311882190109993,9000000.0,0.0,36000000.0,5220000000.0,62640000000.0
resnet32x12_cifar100_K12_rand2-zomb0_seed0004_d015,d015,resnet32:12,cifar100,12,matched,rand2-zomb0,peers,4,200,64,0.1,0.9,0.0005,True,0,60,0.1,1.0,2,,random,1.0,1,0.0,0.5,weight,complete,0.0,0.0,42,0,45000,5000,10000,5170044,0,145,0.0010000000000000002,2,165.97,0.6544083333333334,0.19432294622755067,0.01,0.7191,0.7571,0.10269166666666663,0.6538333333333334,0.7564,0.3536939393939394,0.5540179550456759,0.35794696969696965,0.5545465339704472,0.712990909090909,0.01,0.712990909090909,0.7122181818181818,0.2317309090909092,0.6562564614196793,0.22716363636363637,0.655099450980372,zombie,0.01,0.0116,0.0,0.0,0.0,resnet32,0.715,0.711,2.049948949874802,0.942103619729592,1.107845332642848,resnet32,0.7136,0.7146,1.9349159244447947,0.9806325039403005,0.9542834194038402,resnet32,0.7142,0.7122,0.8818577181717212,0.6557982411997562,0.22605947773395615,resnet32,0.707,0.7118,0.8648910803551023,0.6503991895270619,0.21449189211919226,resnet32,0.7136,0.7084,1.0395700035786086,0.6553863455456767,0.38418365896425466,resnet32,0.7155,0.7186,0.8588832533833656,0.6430178307504817,0.2158654225270518,resnet32,0.7095,0.7124,0.8539604263549502,0.6273154044862498,0.22664502224969593,resnet32,0.7153,0.708,1.0038970091634176,0.6328963632272049,0.3710006481798535,resnet32,0.7088,0.708,0.8696209595284679,0.6370735253546048,0.2325474325863814,resnet32,0.7113,0.7114,0.8453158951279792,0.6092064280740239,0.23610946692695672,resnet32,0.7191,0.718,0.8401046096431938,0.6081810526295819,0.23192355730994182,9000000.0,0.0,36000000.0,5256000000.0,63072000000.0
resnet32x12_cifar100_K12_rand2-zomb0_seed0004_d015,d015,resnet32:12,cifar100,12,matched,rand2-zomb0,peers,4,200,64,0.1,0.9,0.0005,True,0,60,0.1,1.0,2,,random,1.0,1,0.0,0.5,weight,complete,0.0,0.0,42,0,45000,5000,10000,5170044,0,146,0.0010000000000000002,2,166.01,0.6553749999999999,0.19462171052668645,0.01,0.7203,0.7578,0.1024250000000001,0.6558,0.7556,0.3526333333333333,0.5534274531301675,0.3581409090909091,0.5524081990771688,0.7140454545454544,0.01,0.7140454545454544,0.7143636363636364,0.23179999999999992,0.6544565387479875,0.22562545454545452,0.6560500986785888,zombie,0.01,0.0116,0.0,0.0,0.0,resnet32,0.7171,0.71,0.8578621899201111,0.6386856580237773,0.219176532658325,resnet32,0.7131,0.722,1.8303650180724533,0.9176997899670493,0.91266522759741,resnet32,0.713,0.7084,1.9165953736413608,0.8893204601058229,1.0272749128158798,resnet32,0.7094,0.7132,0.8625510426830839,0.6332267665473575,0.22932427638972347,resnet32,0.7148,0.716,0.8232952190393751,0.6137255228717219,0.20956969551149418,resnet32,0.7203,0.7226,0.8123571388423443,0.5971070542000234,0.21525008316067132,resnet32,0.7078,0.7112,0.9986629642715509,0.6477909357794984,0.3508720306298611,resnet32,0.715,0.7122,0.8260728999633681,0.6127530539577658,0.2133198464500972,resnet32,0.7093,0.708,1.0322270538996567,0.6653028708374635,0.3669241829351945,resnet32,0.7166,0.7112,0.8327593289485032,0.5981815652921796,0.234577765180306,resnet32,0.7181,0.7232,0.8364599761553109,0.5976456093009223,0.23881436647339302,9000000.0,0.0,36000000.0,5292000000.0,63504000000.0
resnet32x12_cifar100_K12_rand2-zomb0_seed0004_d015,d015,resnet32:12,cifar100,12,matched,rand2-zomb0,peers,4,200,64,0.1,0.9,0.0005,True,0,60,0.1,1.0,2,,random,1.0,1,0.0,0.5,weight,complete,0.0,0.0,42,0,45000,5000,10000,5170044,0,147,0.0010000000000000002,2,165.87,0.6547499999999999,0.19443695422081336,0.01,0.7187,0.7584,0.10365000000000002,0.6536666666666666,0.7562,0.359042424242424,0.5470640879333293,0.36087575757575746,0.5492311985569618,0.7133636363636363,0.01,0.7133636363636363,0.7120363636363636,0.23513636363636356,0.6501739501988109,0.23338181818181816,0.6484733041244629,zombie,0.01,0.0116,0.0,0.0,0.0,resnet32,0.7163,0.7166,0.8401079839095473,0.6009793049994517,0.23912867910059338,resnet32,0.7154,0.7154,0.8704275595532223,0.6524514520371502,0.21797610785473476,resnet32,0.7145,0.709,0.8773216936229304,0.664949493736706,0.21237220003438945,resnet32,0.7089,0.7108,0.8459794276647947,0.6260783062739805,0.2199011211579835,resnet32,0.7143,0.7082,0.8369322541931813,0.5999773677692495,0.23695488655093042,resnet32,0.7187,0.7248,0.8182897771793333,0.5868127099661664,0.2314770676576617,resnet32,0.7103,0.7058,0.9576607530259273,0.6505318647250533,0.3071288894438608,resnet32,0.7127,0.706,2.1292612611908805,0.9728172371925955,1.1564440236172893,resnet32,0.7047,0.6978,1.7930222300981933,0.8580463709817692,0.9349758590317585,resnet32,0.7127,0.7146,1.0185111049901356,0.6356545234183696,0.3828565822702579,resnet32,0.7185,0.7234,0.8376957786015489,0.5956176838160239,0.2420780954205177,9000000.0,0.0,36000000.0,5328000000.0,63936000000.0
resnet32x12_cifar100_K12_rand2-zomb0_seed0004_d015,d015,resnet32:12,cifar100,12,matched,rand2-zomb0,peers,4,200,64,0.1,0.9,0.0005,True,0,60,0.1,1.0,2,,random,1.0,1,0.0,0.5,weight,complete,0.0,0.0,42,0,45000,5000,10000,5170044,0,148,0.0010000000000000002,2,165.86,0.654175,0.19428781967740538,0.01,0.7197,0.7558,0.10162500000000008,0.6534166666666666,0.7576,0.3568363636363636,0.5529924967166654,0.3608984848484848,0.5503371365200158,0.7127363636363636,0.01,0.7127363636363636,0.7117636363636364,0.23522363636363638,0.6515998939954397,0.2308618181818181,0.6546063296685682,zombie,0.01,0.0116,0.0,0.0,0.0,resnet32,0.7162,0.7122,0.7976483770392158,0.588758132208816,0.20889024351808158,resnet32,0.7142,0.7146,1.1010076743973927,0.7253085245716978,0.3756991499103606,resnet32,0.7136,0.713,0.8391849102283065,0.6228900133970786,0.21629489748738706,resnet32,0.7132,0.717,0.8434074220501564,0.613322181457823,0.2300852410579947,resnet32,0.7117,0.7078,0.8020500063218854,0.5865451062775471,0.21550490015017038,resnet32,0.7197,0.7228,0.797605307942087,0.5759187010540203,0.221686606253074,resnet32,0.7057,0.7104,0.8385027806189927,0.6229292830790986,0.21557349773039194,resnet32,0.7119,0.7068,1.92995945753699,1.0133698647841811,0.9165895939381286,resnet32,0.7013,0.698,1.9893946324221112,1.0548036414283244,0.9345909903164614,resnet32,0.7134,0.708,0.806723386218602,0.5992005460218273,0.20752284169959073,resnet32,0.7192,0.7188,0.7932773086835038,0.5817817698063498,0.21149553847499192,9000000.0,0.0,36000000.0,5364000000.0,64368000000.0
resnet32x12_cifar100_K12_rand2-zomb0_seed0004_d015,d015,resnet32:12,cifar100,12,matched,rand2-zomb0,peers,4,200,64,0.1,0.9,0.0005,True,0,60,0.1,1.0,2,,random,1.0,1,0.0,0.5,weight,complete,0.0,0.0,42,0,45000,5000,10000,5170044,0,149,0.0010000000000000002,2,165.88,0.6534833333333333,0.1940604108404276,0.01,0.7162,0.7529,0.09941666666666671,0.6538333333333334,0.7568,0.35565151515151505,0.5532538732596537,0.35819242424242415,0.5533340116647479,0.7119818181818182,0.01,0.7119818181818182,0.7122181818181819,0.23179090909090916,0.6564219793636336,0.2290690909090909,0.657710230302841,zombie,0.01,0.0116,0.0,0.0,0.0,resnet32,0.7147,0.7124,0.9636047949421812,0.6141530299051241,0.3494517659683796,resnet32,0.7146,0.7216,0.837460232602263,0.624152482571927,0.2133077496070076,resnet32,0.7145,0.7124,0.9955039134418423,0.6501945259303532,0.34530938751148904,resnet32,0.7035,0.7084,1.954383191059936,0.8942079469138249,1.0601752479137345,resnet32,0.7057,0.7054,1.9910304385491393,0.89818941810253,1.0928410179913044,resnet32,0.7162,0.7198,0.8232191361656244,0.5778337800875306,0.2453853541519493,resnet32,0.7099,0.7086,0.8381697501648556,0.6147329268807714,0.22343682398257608,resnet32,0.7143,0.7072,0.897193911485374,0.6654635857028718,0.23173032633282922,resnet32,0.7078,0.7054,0.9110413518818942,0.6882270286706361,0.22281432479873978,resnet32,0.7147,0.7126,0.8156979519196532,0.5891715964217755,0.22652635433372448,resnet32,0.7159,0.7206,0.799770639997653,0.5784298764033751,0.22134076278995385,9000000.0,0.0,36000000.0,5400000000.0,64800000000.0
resnet32x12_cifar100_K12_rand2-zomb0_seed0004_d015,d015,resnet32:12,cifar100,12,matched,rand2-zomb0,peers,4,200,64,0.1,0.9,0.0005,True,0,60,0.1,1.0,2,,random,1.0,1,0.0,0.5,weight,complete,0.0,0.0,42,0,45000,5000,10000,5170044,0,150,0.0010000000000000002,2,165.85,0.6539416666666665,0.1941786139028246,0.01,0.7174,0.7561,0.10215833333333346,0.6554666666666668,0.7578,0.3556333333333333,0.5502132060672462,0.36084242424242435,0.548802573101713,0.7124818181818182,0.01,0.7124818181818182,0.7140000000000001,0.23492727272727273,0.6510829060998629,0.22897454545454546,0.6539051028676336,zombie,0.01,0.0116,0.0,0.0,0.0,resnet32,0.7141,0.7112,1.8623847224834291,0.8664446268230677,0.9959400963376869,resnet32,0.7129,0.7134,1.8466434321281584,0.864495723889294,0.9821477076885375,resnet32,0.7117,0.712,0.8453381419689818,0.627816467969255,0.21752167442305523,resnet32,0.7077,0.7124,1.0109115850011057,0.6869135192510757,0.32399806553836574,resnet32,0.7123,0.7126,0.8422610984099183,0.6254334676248784,0.21682763067920777,resnet32,0.7148,0.7218,0.8330790369178761,0.5778607897121798,0.2552182475020262,resnet32,0.7091,0.708,0.977903325364671,0.6335508325560526,0.3443524924276227,resnet32,0.7174,0.7162,0.8206077373840592,0.6111824701709504,0.20942526719194243,resnet32,0.7077,0.7122,0.8613617091693662,0.634048748338087,0.22731296163560313,resnet32,0.7131,0.714,0.7967441736043177,0.5832847823727537,0.21345939121039753,resnet32,0.7165,0.7202,0.7966522919014096,0.5742317112162709,0.2224205791399899,9000000.0,0.0,36000000.0,5436000000.0,65232000000.0
resnet32x12_cifar100_K12_rand2-zomb0_seed0004_d015,d015,resnet32:12,cifar100,12,matched,rand2-zomb0,peers,4,200,64,0.1,0.9,0.0005,True,0,60,0.1,1.0,2,,random,1.0,1,0.0,0.5,weight,complete,0.0,0.0,42,0,45000,5000,10000,5170044,0,151,0.0010000000000000002,2,165.99,0.6550666666666666,0.19452922802385134,0.01,0.7185,0.7584,0.10333333333333339,0.65485,0.7546,0.3581363636363637,0.5468167565376018,0.36208181818181817,0.5472600356275993,0.7137090909090908,0.01,0.7137090909090908,0.7133272727272728,0.23646909090909088,0.6490746520801849,0.23211636363636362,0.649051088503921,zombie,0.01,0.0116,0.0,0.0,0.0,resnet32,0.7181,0.7124,0.8404992560178719,0.6204767046411607,0.2200225509533828,resnet32,0.7135,0.71,1.9339206386357546,0.982406520369378,0.951514114879749,resnet32,0.7164,0.7154,0.8511882916262205,0.6148881946097721,0.23630009763027457,resnet32,0.7078,0.7096,0.8644919065250591,0.6380109466527674,0.22648095921613276,resnet32,0.7124,0.7154,1.0371568704193288,0.6476514311930672,0.38950543787161057,resnet32,0.7185,0.7262,0.7894406361844052,0.5688166899013926,0.22062394717200237,resnet32,0.7066,0.7042,1.9851605187762866,0.9364204050295732,1.0487401164560155,resnet32,0.7169,0.7122,0.8233793026090346,0.5981453787112101,0.22523392440581863,resnet32,0.712,0.7084,0.8477999402887442,0.6239460828629407,0.22385385700247504,resnet32,0.7165,0.7114,0.8118216380138289,0.5811014711348848,0.23072016539729454,resnet32,0.7121,0.7214,0.9994283707135103,0.6146079835651274,0.38482038759287784,9000000.0,0.0,36000000.0,5472000000.0,65664000000.0
resnet32x12_cifar100_K12_rand2-zomb0_seed0004_d015,d015,resnet32:12,cifar100,12,matched,rand2-zomb0,peers,4,200,64,0.1,0.9,0.0005,True,0,60,0.1,1.0,2,,random,1.0,1,0.0,0.5,weight,complete,0.0,0.0,42,0,45000,5000,10000,5170044,0,152,0.0010000000000000002,2,165.9,0.654375,0.1943531241709276,0.01,0.7198,0.7581,0.10372499999999996,0.6540833333333333,0.7582,0.35551515151515156,0.5531673225781292,0.360057575757576,0.5523084422838993,0.7129545454545455,0.01,0.7129545454545455,0.712490909090909,0.23414909090909083,0.6540147599426585,0.2291527272727273,0.6552916251171844,zombie,0.01,0.0116,0.0,0.0,0.0,resnet32,0.7159,0.714,0.8094268804839388,0.5887599810111251,0.22066689748317003,resnet32,0.7194,0.7148,0.862705990248783,0.6438241410069168,0.2188818490513685,resnet32,0.7177,0.716,0.8312946052544496,0.6073093974370171,0.22398520847359163,resnet32,0.7086,0.7124,0.8412098657678474,0.6188422598114068,0.2223676054696129,resnet32,0.7095,0.7098,0.8360169749622318,0.6136952992952005,0.22232167602686043,resnet32,0.7198,0.7186,0.8012603269889951,0.5644890240986239,0.2367713052821769,resnet32,0.7012,0.7032,1.965644048018889,1.0410047239539297,0.92463932110166,resnet32,0.7134,0.7122,0.8015998660332777,0.5899213495325636,0.21167851631021636,resnet32,0.7095,0.7044,1.1553372143005782,0.746354451614686,0.4089827645485374,resnet32,0.7159,0.7162,0.800893281925131,0.576636890203438,0.2242563920391893,resnet32,0.7116,0.7158,1.96683987907388,0.980406950312582,0.9864329273219813,9000000.0,0.0,36000000.0,5508000000.0,66096000000.0
resnet32x12_cifar100_K12_rand2-zomb0_seed0004_d015,d015,resnet32:12,cifar100,12,matched,rand2-zomb0,peers,4,200,64,0.1,0.9,0.0005,True,0,60,0.1,1.0,2,,random,1.0,1,0.0,0.5,weight,complete,0.0,0.0,42,0,45000,5000,10000,5170044,0,153,0.0010000000000000002,2,165.97,0.6527,0.19384621481989273,0.01,0.7178,0.7561,0.10340000000000005,0.6514833333333334,0.7554,0.3605181818181818,0.54494522991633,0.36227121212121194,0.5468981814281033,0.7111272727272727,0.01,0.7111272727272727,0.7096545454545455,0.23660909090909088,0.6495952594994423,0.23480363636363633,0.6488277448537519,zombie,0.01,0.0116,0.0,0.0,0.0,resnet32,0.716,0.7068,0.819978749548847,0.5820919879373502,0.23788676233115522,resnet32,0.7115,0.7092,2.0311489672484724,0.9949465984563258,1.0362023657865145,resnet32,0.7073,0.7088,2.0196786773475734,0.9176995005373928,1.1019791721112349,resnet32,0.7063,0.7108,0.8582095279442993,0.6132646732624959,0.2449448543643071,resnet32,0.7068,0.7064,0.8183163348585367,0.5877397738989781,0.23057656121355566,resnet32,0.7176,0.72,0.9592836743898012,0.5951157427308235,0.364167932420969,resnet32,0.7065,0.705,0.8882315039465373,0.6578813353976742,0.23035016916268927,resnet32,0.7157,0.7092,0.8130126785571602,0.579692099666731,0.23332057863643224,resnet32,0.7022,0.7022,1.0471679219468073,0.6853111644106155,0.3618567585310137,resnet32,0.7147,0.711,0.8382729289375923,0.5781025315465574,0.26017039717937057,resnet32,0.7178,0.7168,0.8334354511038824,0.6156936118971895,0.21774183916436,9000000.0,0.0,36000000.0,5544000000.0,66528000000.0
resnet32x12_cifar100_K12_rand2-zomb0_seed0004_d015,d015,resnet32:12,cifar100,12,matched,rand2-zomb0,peers,4,200,64,0.1,0.9,0.0005,True,0,60,0.1,1.0,2,,random,1.0,1,0.0,0.5,weight,complete,0.0,0.0,42,0,45000,5000,10000,5170044,0,154,0.0010000000000000002,2,165.87,0.65415,0.19427090835566024,0.01,0.7186,0.7573,0.10314999999999996,0.6522,0.757,0.35798787878787885,0.5505233929476381,0.36199999999999993,0.547529889348096,0.7127090909090911,0.01,0.7127090909090911,0.7104363636363638,0.23646363636363635,0.6483124843045078,0.23210545454545456,0.652412792928266,zombie,0.01,0.0116,0.0,0.0,0.0,resnet32,0.7166,0.7124,0.8067152224142443,0.5742442279800095,0.23247099468823185,resnet32,0.7151,0.7104,1.8786767541684888,0.9536254179917953,0.9250513400713151,resnet32,0.7152,0.71,0.872537858191539,0.6428325133482841,0.2297053455417468,resnet32,0.7017,0.708,2.039072147147222,0.936938301533122,1.102133844809776,resnet32,0.711,0.7042,0.80427109437402,0.5811674180017277,0.2231036772612821,resnet32,0.7186,0.718,0.9533815379677848,0.6132410307499495,0.3401405070485039,resnet32,0.7084,0.7042,0.8318795104595748,0.6113394981842827,0.22054001371460882,resnet32,0.7143,0.71,0.7982491062615406,0.5728254408406263,0.2254236664580689,resnet32,0.7087,0.7034,0.8583433141254566,0.633793859149922,0.22454945470037108,resnet32,0.7129,0.7152,0.9765057376670566,0.6029499478384175,0.373555788368156,resnet32,0.7173,0.719,0.800242174840109,0.5771591245535422,0.22308305132372136,9000000.0,0.0,36000000.0,5580000000.0,66960000000.0
resnet32x12_cifar100_K12_rand2-zomb0_seed0004_d015,d015,resnet32:12,cifar100,12,matched,rand2-zomb0,peers,4,200,64,0.1,0.9,0.0005,True,0,60,0.1,1.0,2,,random,1.0,1,0.0,0.5,weight,complete,0.0,0.0,42,0,45000,5000,10000,5170044,0,155,0.0010000000000000002,2,166.04,0.6546083333333333,0.1943824900307524,0.01,0.7191,0.7585,0.1038916666666666,0.6536333333333333,0.76,0.3612454545454545,0.540128122421162,0.363530303030303,0.5455074210209802,0.713209090909091,0.01,0.713209090909091,0.7120000000000001,0.23824181818181805,0.6464683067027068,0.23587636363636358,0.6408265840945913,zombie,0.01,0.0116,0.0,0.0,0.0,resnet32,0.7112,0.7066,2.0174594199792906,0.948491757185283,1.0689676643603228,resnet32,0.7133,0.7176,0.8741718953983351,0.6455857443877242,0.22858615086244588,resnet32,0.7163,0.7118,0.8508744210174138,0.6119440707208758,0.23893035000020807,resnet32,0.7108,0.7102,0.8879810379479419,0.6546811841597612,0.23329985402101142,resnet32,0.7125,0.7078,0.8106575591320341,0.5790088475173847,0.23164871178398078,resnet32,0.7191,0.7258,0.967802685346793,0.6196570485322312,0.3481456371532245,resnet32,0.708,0.7088,0.8304315132342956,0.6026400066065517,0.22779150580225344,resnet32,0.7106,0.7032,2.0664391549812122,0.9314277484505014,1.1350114074620334,resnet32,0.7103,0.7072,0.8444320506162264,0.611301561478864,0.2331304889891974,resnet32,0.7163,0.7124,0.8371851622888987,0.5919505847956646,0.24523457783189687,resnet32,0.7169,0.7206,0.9784369174899026,0.6071370785463263,0.3712998393457383,9000000.0,0.0,36000000.0,5616000000.0,67392000000.0
resnet32x12_cifar100_K12_rand2-zomb0_seed0004_d015,d015,resnet32:12,cifar100,12,matched,rand2-zomb0,peers,4,200,64,0.1,0.9,0.0005,True,0,60,0.1,1.0,2,,random,1.0,1,0.0,0.5,weight,complete,0.0,0.0,42,0,45000,5000,10000,5170044,0,156,0.0010000000000000002,2,166.05,0.6532416666666667,0.19398316704606672,0.01,0.7179,0.757,0.10375833333333329,0.6514666666666667,0.7572,0.36267878787878804,0.5443829757296181,0.36424999999999985,0.5446403808380612,0.7117181818181818,0.01,0.7117181818181818,0.7096363636363636,0.23909454545454556,0.6455358300414532,0.2375854545454545,0.6458334351100344,zombie,0.01,0.0116,0.0,0.0,0.0,resnet32,0.7179,0.7118,0.8333621914921836,0.6077722404152155,0.2255899500609799,resnet32,0.7086,0.7116,1.96045180816542,0.9441405362449586,1.0163112682375042,resnet32,0.7125,0.7128,0.8399401676671748,0.603050257968293,0.23688990982588043,resnet32,0.7086,0.707,0.849995001219213,0.6165025334551253,0.23349246933040294,resnet32,0.7098,0.7052,0.8110617406835611,0.5747520440596748,0.2363096960735592,resnet32,0.7175,0.717,0.8123015613210472,0.5810508690351113,0.23125069065612147,resnet32,0.7077,0.703,0.9416836930269544,0.6170566603964702,0.3246270338369703,resnet32,0.7148,0.7046,0.8367897540500219,0.614403633358465,0.2223861221097071,resnet32,0.705,0.7032,0.8386661062355746,0.6058838988484984,0.23278220751407472,resnet32,0.7112,0.71,1.8307936894284054,0.810310670259324,1.0204830152744597,resnet32,0.7153,0.7198,0.9641105770556764,0.6211497335356068,0.34296084459955717,9000000.0,0.0,36000000.0,5652000000.0,67824000000.0
resnet32x12_cifar100_K12_rand2-zomb0_seed0004_d015,d015,resnet32:12,cifar100,12,matched,rand2-zomb0,peers,4,200,64,0.1,0.9,0.0005,True,0,60,0.1,1.0,2,,random,1.0,1,0.0,0.5,weight,complete,0.0,0.0,42,0,45000,5000,10000,5170044,0,157,0.0010000000000000002,2,165.95,0.6548416666666667,0.1944730506536974,0.01,0.7212,0.757,0.10215833333333335,0.6525666666666666,0.7562,0.3595878787878788,0.5499951150797157,0.3628075757575758,0.5463901591612628,0.7134636363636364,0.01,0.7134636363636364,0.7108363636363637,0.2374072727272727,0.6473750815890551,0.23396,0.6517934348679023,zombie,0.01,0.0116,0.0,0.0,0.0,resnet32,0.7158,0.7164,0.8011296785182573,0.5748255510645156,0.2263041272632439,resnet32,0.7141,0.7088,1.850854209031571,0.9901075108315457,0.8607466987926852,resnet32,0.7161,0.7186,0.8207038991491903,0.5945976619100706,0.22610623787411235,resnet32,0.7086,0.7052,0.8350842794911428,0.6070493411442096,0.22803493853743104,resnet32,0.7113,0.7056,0.7900651421567256,0.5677735578607429,0.22229158372448926,resnet32,0.7195,0.721,0.7813139598477971,0.5596262229267847,0.22168773637068542,resnet32,0.7091,0.707,0.8290843622420322,0.6012978678653863,0.22778649420731448,resnet32,0.7118,0.6998,2.0420029927045107,1.0288765578192065,1.0131264367056163,resnet32,0.7061,0.7008,0.8211843430657279,0.5984779192473401,0.22270642436871474,resnet32,0.7145,0.7162,1.1173454768617044,0.7582782067527826,0.3590672674419528,resnet32,0.7212,0.7198,0.7962678705596111,0.5808910180137239,0.21537685343487697,9000000.0,0.0,36000000.0,5688000000.0,68256000000.0
resnet32x12_cifar100_K12_rand2-zomb0_seed0004_d015,d015,resnet32:12,cifar100,12,matched,rand2-zomb0,peers,4,200,64,0.1,0.9,0.0005,True,0,60,0.1,1.0,2,,random,1.0,1,0.0,0.5,weight,complete,0.0,0.0,42,0,45000,5000,10000,5170044,0,158,0.0010000000000000002,2,166.83,0.654175,0.19427065795345078,0.01,0.7197,0.7585,0.104325,0.65305,0.7548,0.35879090909090916,0.5471815404596971,0.3626757575757574,0.5481890719595955,0.7127363636363637,0.01,0.7127363636363637,0.7113636363636364,0.2371836363636364,0.6499911360918028,0.2329345454545454,0.6494106022991885,zombie,0.01,0.0116,0.0,0.0,0.0,resnet32,0.7164,0.7112,0.9138025102120909,0.585839461365884,0.3279630481900478,resnet32,0.7139,0.7164,0.9510225967758081,0.6592589719644324,0.2917636246632107,resnet32,0.7148,0.712,0.8436346849087965,0.5909302144057371,0.25270447111688554,resnet32,0.7089,0.7116,0.833236270584166,0.5977003753862598,0.23553589488040994,resnet32,0.7086,0.7092,0.7869858613915064,0.5607148638757115,0.2262709989339452,resnet32,0.7167,0.718,0.7710799916478043,0.547994586977769,0.22308540433137256,resnet32,0.7062,0.7006,1.847553357312625,0.8280073389495638,1.0195460187440568,resnet32,0.7139,0.7112,0.8449771273457869,0.6175682199272242,0.2274089074185626,resnet32,0.7061,0.7044,0.8371785908344794,0.5940119409087029,0.24316664967177945,resnet32,0.7149,0.7102,1.7094378715211695,0.8437996591779996,0.8656382135708224,resnet32,0.7197,0.7202,0.8061820155602287,0.565976929385215,0.24020508615384725,9000000.0,0.0,36000000.0,5724000000.0,68688000000.0
resnet32x12_cifar100_K12_rand2-zomb0_seed0004_d015,d015,resnet32:12,cifar100,12,matched,rand2-zomb0,peers,4,200,64,0.1,0.9,0.0005,True,0,60,0.1,1.0,2,,random,1.0,1,0.0,0.5,weight,complete,0.0,0.0,42,0,45000,5000,10000,5170044,0,159,0.0010000000000000002,2,166.0,0.6540916666666666,0.19422946248502626,0.01,0.7187,0.7588,0.1047083333333334,0.65405,0.7564,0.35916363636363624,0.5435760863474468,0.3629393939393938,0.5459909695139218,0.7126454545454546,0.01,0.7126454545454546,0.7124545454545455,0.2374709090909091,0.6473524085259463,0.23331999999999994,0.6455051987499617,zombie,0.01,0.0116,0.0,0.0,0.0,resnet32,0.7124,0.7098,1.984490967778997,0.9600685414942828,1.0244224280626937,resnet32,0.7161,0.7164,0.9602431722662665,0.6326530455103652,0.3275901258245788,resnet32,0.7155,0.7118,0.8006976900452917,0.5790313880636611,0.22166630170646717,resnet32,0.7065,0.712,1.0124379007823088,0.6300365063361824,0.3824013950387863,resnet32,0.7095,0.712,0.8247676187787544,0.5594191633757543,0.26534845656715333,resnet32,0.7187,0.7176,0.7651746065186505,0.5398502576334233,0.2253243492450565,resnet32,0.7084,0.7088,0.8658822517503392,0.6255673924037679,0.24031485818241807,resnet32,0.7137,0.7084,0.8052339385771616,0.5772423102859069,0.22799162884158167,resnet32,0.7126,0.7078,0.8227241085842252,0.5877787372605368,0.2349453719163483,resnet32,0.715,0.7152,0.8352970050817187,0.6141644334420562,0.22113257244398649,resnet32,0.7107,0.7172,1.9942534848708997,0.8984867780554023,1.0957667067308317,9000000.0,0.0,36000000.0,5760000000.0,69120000000.0
resnet32x12_cifar100_K12_rand2-zomb0_seed0004_d015,d015,resnet32:12,cifar100,12,matched,rand2-zomb0,peers,4,200,64,0.1,0.9,0.0005,True,0,60,0.1,1.0,2,,random,1.0,1,0.0,0.5,weight,complete,0.0,0.0,42,0,45000,5000,10000,5170044,0,160,0.0010000000000000002,2,165.92,0.6539083333333333,0.19417725775835734,0.01,0.717,0.7577,0.10379166666666673,0.6531833333333332,0.7574,0.3596818181818184,0.5465285704327588,0.3641257575757575,0.544671816910298,0.7124454545454545,0.01,0.7124454545454545,0.7115090909090909,0.2389290909090909,0.6457611538339789,0.2339563636363636,0.6489262331155206,zombie,0.01,0.0116,0.0,0.0,0.0,resnet32,0.7139,0.7058,1.8268065335737034,0.9114520171318542,0.9153545156798579,resnet32,0.7163,0.7124,1.8664384110068732,0.8924043989232318,0.9740340133959596,resnet32,0.7125,0.7132,0.8028998019343073,0.5744013574228368,0.22849844571795652,resnet32,0.7102,0.715,1.017552867362445,0.6556589101779867,0.3618939573537897,resnet32,0.706,0.7086,1.0056368601931767,0.6182581680742177,0.38737869122996926,resnet32,0.7162,0.723,0.7709682030518624,0.5361856187439777,0.23478258373639124,resnet32,0.7073,0.7032,0.825275744988837,0.5976076372899115,0.22766810799525541,resnet32,0.7131,0.708,0.821149159561504,0.5714910894378342,0.2496580686208538,resnet32,0.7089,0.7056,0.8036848447200927,0.5791828236119314,0.2245020213833248,resnet32,0.717,0.7098,0.7949683904563162,0.5776108468628742,0.21735754352994263,resnet32,0.7155,0.722,0.8435614437542178,0.5998947104777802,0.2436667333399369,9000000.0,0.0,36000000.0,5796000000.0,69552000000.0
resnet32x12_cifar100_K12_rand2-zomb0_seed0004_d015,d015,resnet32:12,cifar100,12,matched,rand2-zomb0,peers,4,200,64,0.1,0.9,0.0005,True,0,60,0.1,1.0,2,,random,1.0,1,0.0,0.5,weight,complete,0.0,0.0,42,0,45000,5000,10000,5170044,0,161,0.0010000000000000002,2,166.44,0.6538916666666666,0.19418454477778493,0.01,0.7191,0.7607,0.1068083333333334,0.6523166666666668,0.7586,0.36229393939393933,0.5426033322984224,0.3651303030303031,0.5452463928960805,0.7124272727272728,0.01,0.7124272727272728,0.7105636363636364,0.24008,0.6470574232370846,0.23702545454545457,0.6453079797083467,zombie,0.01,0.0116,0.0,0.0,0.0,resnet32,0.7171,0.7078,0.8396531355313279,0.610129349145361,0.2295237857298079,resnet32,0.7191,0.7122,0.872800938277082,0.6333868959071961,0.23941404262388294,resnet32,0.7171,0.716,0.8105406635017558,0.5741245965896682,0.23641606701791965,resnet32,0.7072,0.7122,0.8561934137886221,0.6136945284987715,0.24249888564967972,resnet32,0.7113,0.7056,0.8236916944045912,0.5861560410227288,0.2375356529797004,resnet32,0.7168,0.7184,0.766698763451793,0.5372740711424161,0.22942469216121192,resnet32,0.7067,0.7054,1.028711311773143,0.6451387824913994,0.3835725288160823,resnet32,0.7133,0.7084,0.9762465603310954,0.6160671089945192,0.360179451527074,resnet32,0.708,0.7066,0.8277527684007179,0.583750108553266,0.24400265972045335,resnet32,0.7086,0.7076,1.9310173050246455,0.8747382149608298,1.0562790900638157,resnet32,0.7115,0.716,1.9572426920587367,0.923340252388946,1.0339024364948273,9000000.0,0.0,36000000.0,5832000000.0,69984000000.0
resnet32x12_cifar100_K12_rand2-zomb0_seed0004_d015,d015,resnet32:12,cifar100,12,matched,rand2-zomb0,peers,4,200,64,0.1,0.9,0.0005,True,0,60,0.1,1.0,2,,random,1.0,1,0.0,0.5,weight,complete,0.0,0.0,42,0,45000,5000,10000,5170044,0,162,0.0010000000000000002,2,167.45,0.6549833333333334,0.19451450174444293,0.01,0.7206,0.7607,0.10571666666666668,0.6514000000000001,0.758,0.36321818181818183,0.5409412430700304,0.36554696969696965,0.5427446733376543,0.7136181818181818,0.01,0.7136181818181818,0.7095636363636363,0.24065090909090903,0.6434509561023751,0.2382836363636364,0.6410252765234082,zombie,0.01,0.0116,0.0,0.0,0.0,resnet32,0.7206,0.713,0.8161597737873142,0.5714705226604234,0.2446892506400631,resnet32,0.7174,0.7104,0.9805841517888687,0.6231433381326497,0.3574408154130321,resnet32,0.7101,0.7102,2.018431480973959,0.9268261986699972,1.0916052801873197,resnet32,0.7097,0.71,0.8176715193655003,0.5909413309259848,0.22673018797385422,resnet32,0.7138,0.7056,0.7914382541890849,0.5614732059819455,0.22996504824947228,resnet32,0.7181,0.7194,0.7673226205886088,0.531820513646711,0.2355021060317416,resnet32,0.7079,0.704,0.850556970235299,0.6053203418850899,0.24523662792688067,resnet32,0.7136,0.7068,0.8142761479724537,0.5834457745606249,0.23083037343299526,resnet32,0.7066,0.703,1.0290545540946452,0.6306426913308149,0.3984118617901748,resnet32,0.7145,0.705,1.8853857038034634,0.9202288351106372,0.9651568673381751,resnet32,0.7175,0.7178,0.8242733105170456,0.6017611809921536,0.2225121295037256,9000000.0,0.0,36000000.0,5868000000.0,70416000000.0
resnet32x12_cifar100_K12_rand2-zomb0_seed0004_d015,d015,resnet32:12,cifar100,12,matched,rand2-zomb0,peers,4,200,64,0.1,0.9,0.0005,True,0,60,0.1,1.0,2,,random,1.0,1,0.0,0.5,weight,complete,0.0,0.0,42,0,45000,5000,10000,5170044,0,163,0.0010000000000000002,2,166.25,0.6541250000000001,0.19423499137642528,0.01,0.7184,0.7581,0.10397499999999993,0.6524,0.755,0.3621545454545455,0.542661670634194,0.36518030303030297,0.5439255906185573,0.7126818181818182,0.01,0.7126818181818182,0.7106545454545455,0.24024363636363635,0.6445111391400803,0.23701818181818177,0.6438838455832963,zombie,0.01,0.0116,0.0,0.0,0.0,resnet32,0.7135,0.705,1.9861207621341401,0.9259605611335825,1.0601602033288642,resnet32,0.7184,0.7136,0.823972849175334,0.5947117558257147,0.2292610936036164,resnet32,0.7114,0.7104,1.9623089974576777,0.9938701090656898,0.9684388890693133,resnet32,0.7092,0.7118,0.8451470391062851,0.5943385424007747,0.25080849664201116,resnet32,0.7102,0.7096,0.7918737111613154,0.5559545461596413,0.23591916599649598,resnet32,0.7167,0.7166,0.9553720485419035,0.5703396454707466,0.38503240243616427,resnet32,0.7093,0.7096,0.8279276530851017,0.5896862010810185,0.23824145191941748,resnet32,0.7145,0.71,0.81426289931617,0.5675981935875659,0.24666470545344055,resnet32,0.708,0.7034,0.8343494694510644,0.6009991002607752,0.23335037012161178,resnet32,0.7133,0.7102,0.8476270915601741,0.6190823515115137,0.22854474009099332,resnet32,0.715,0.717,1.0221951750361107,0.6263095652684569,0.39588561171496456,9000000.0,0.0,36000000.0,5904000000.0,70848000000.0
resnet32x12_cifar100_K12_rand2-zomb0_seed0004_d015,d015,resnet32:12,cifar100,12,matched,rand2-zomb0,peers,4,200,64,0.1,0.9,0.0005,True,0,60,0.1,1.0,2,,random,1.0,1,0.0,0.5,weight,complete,0.0,0.0,42,0,45000,5000,10000,5170044,0,164,0.0010000000000000002,2,166.31,0.6550250000000001,0.19451579252509724,0.01,0.7204,0.7593,0.1042749999999999,0.6532,0.7572,0.3617545454545454,0.5409239858948793,0.36494242424242435,0.5426927914043679,0.7136636363636364,0.01,0.7136636363636364,0.7115272727272727,0.2399054545454545,0.6433896433449163,0.23647999999999997,0.6420586071984049,zombie,0.01,0.0116,0.0,0.0,0.0,resnet32,0.714,0.7086,1.7710579599846492,0.8697181206873872,0.9013398387892679,resnet32,0.7095,0.7154,1.9300891250710597,0.9148804164406928,1.0152087078683756,resnet32,0.7154,0.7136,1.00606498520144,0.6589343880557201,0.3471305960873989,resnet32,0.7082,0.714,0.8241181276230649,0.588056880176406,0.23606124566867948,resnet32,0.7134,0.7098,0.8310754187405109,0.5584181979806586,0.27265722190283914,resnet32,0.7204,0.718,0.7685290953483094,0.5407135450619865,0.22781555030748926,resnet32,0.7083,0.7072,0.8083851620216261,0.5815834750590677,0.22680168577723883,resnet32,0.7157,0.7074,0.7924005685543473,0.5603714331730523,0.23202913504263217,resnet32,0.7114,0.7062,0.824196219952269,0.5822050619701092,0.2419911581514911,resnet32,0.7169,0.7108,0.9642719870263879,0.6145960267802532,0.34967596028846776,resnet32,0.7171,0.7158,0.7987726952203296,0.5778171525506134,0.22095554243688556,9000000.0,0.0,36000000.0,5940000000.0,71280000000.0
resnet32x12_cifar100_K12_rand2-zomb0_seed0004_d015,d015,resnet32:12,cifar100,12,matched,rand2-zomb0,peers,4,200,64,0.1,0.9,0.0005,True,0,60,0.1,1.0,2,,random,1.0,1,0.0,0.5,weight,complete,0.0,0.0,42,0,45000,5000,10000,5170044,0,165,0.0010000000000000002,2,166.38,0.6522500000000001,0.19368747808432704,0.01,0.7191,0.759,0.1067499999999999,0.6514666666666667,0.7562,0.3651636363636364,0.5391328506896604,0.3679060606060606,0.5397192161411835,0.7106363636363636,0.01,0.7106363636363636,0.7096363636363635,0.2435381818181818,0.6392272138407744,0.24074909090909097,0.6387116679273888,zombie,0.01,0.0116,0.0,0.0,0.0,resnet32,0.7117,0.7086,0.8235798940824514,0.5980856327594004,0.22549426058222624,resnet32,0.7084,0.7124,0.9725485798818144,0.6328011490404606,0.3397474323653362,resnet32,0.7191,0.7166,0.8247028037228368,0.597122959792614,0.22757984405722131,resnet32,0.7085,0.7078,0.8520484272898599,0.5874330114827238,0.2646154152356427,resnet32,0.7148,0.7096,0.7930333015762947,0.554669295691631,0.2383640057576651,resnet32,0.7141,0.717,0.7710113790394231,0.5323700434528291,0.23864133467643775,resnet32,0.7033,0.7016,1.986438759687272,0.9278211931020699,1.0586175638335673,resnet32,0.7106,0.7028,2.0115086871453305,0.917879298414019,1.0936293871226637,resnet32,0.7054,0.7052,1.0122728762640194,0.626619790003381,0.3856530851388181,resnet32,0.7097,0.7076,0.8168220924721523,0.5845317478630353,0.23229034636593002,resnet32,0.7114,0.7168,0.7805371832695197,0.5577776230533015,0.2227595611475408,9000000.0,0.0,36000000.0,5976000000.0,71712000000.0
resnet32x12_cifar100_K12_rand2-zomb0_seed0004_d015,d015,resnet32:12,cifar100,12,matched,rand2-zomb0,peers,4,200,64,0.1,0.9,0.0005,True,0,60,0.1,1.0,2,,random,1.0,1,0.0,0.5,weight,complete,0.0,0.0,42,0,45000,5000,10000,5170044,0,166,0.0010000000000000002,2,166.45,0.6537333333333334,0.1941461963458351,0.01,0.7193,0.7611,0.10736666666666661,0.6520333333333334,0.7552,0.3620030303030303,0.5467447006409741,0.36595606060606073,0.5423684516656362,0.7122545454545456,0.01,0.7122545454545456,0.7102545454545455,0.24129636363636361,0.6419415589533441,0.23706545454545452,0.6469713399440825,zombie,0.01,0.0116,0.0,0.0,0.0,resnet32,0.7178,0.7052,0.7818967081521723,0.5620016059838235,0.21989510210484944,resnet32,0.7106,0.7092,1.7906191917982968,0.8454513238658282,0.9451678674668074,resnet32,0.7125,0.712,0.9696357854726639,0.6175112314945594,0.3521245546977628,resnet32,0.7047,0.7082,1.9590361087837003,0.9002481644803827,1.058787944472649,resnet32,0.7114,0.7092,0.7895161545073445,0.550821952267804,0.2386942010965537,resnet32,0.7193,0.7182,0.7522442500022325,0.5241895134306767,0.2280547371430492,resnet32,0.7036,0.7058,0.8418806741352786,0.6101682297885418,0.2317124447488988,resnet32,0.7154,0.7074,0.8360138253139501,0.591312041844834,0.24470178166997025,resnet32,0.7122,0.707,0.9772872469303283,0.6247203037227419,0.3525669437367469,resnet32,0.7106,0.7134,0.7970777270807461,0.5662838929248127,0.2307938343252648,resnet32,0.7167,0.7172,0.8139570434154435,0.5550504040650346,0.25890663831325417,9000000.0,0.0,36000000.0,6012000000.0,72144000000.0
resnet32x12_cifar100_K12_rand2-zomb0_seed0004_d015,d015,resnet32:12,cifar100,12,matched,rand2-zomb0,peers,4,200,64,0.1,0.9,0.0005,True,0,60,0.1,1.0,2,,random,1.0,1,0.0,0.5,weight,complete,0.0,0.0,42,0,45000,5000,10000,5170044,0,167,0.0010000000000000002,2,166.25,0.6531666666666668,0.19395701127368978,0.01,0.7163,0.7575,0.10433333333333317,0.6530499999999999,0.7546,0.3617636363636363,0.5431568769405106,0.36691212121212136,0.543218549712515,0.7116363636363636,0.01,0.7116363636363636,0.7113636363636363,0.24228909090909093,0.6436672317287548,0.23651636363636364,0.6447300458829137,zombie,0.01,0.0116,0.0,0.0,0.0,resnet32,0.7155,0.7084,0.7858278577385301,0.5556831170635467,0.23014474143697458,resnet32,0.7101,0.7128,1.912511771544814,0.9691463339735161,0.9433654395186089,resnet32,0.716,0.7052,1.922696642069654,0.912859480785714,1.0098371633582495,resnet32,0.7074,0.7098,0.8722093153575604,0.619735527021641,0.252473789923401,resnet32,0.7066,0.707,0.7700033787299286,0.545023537621918,0.22497984060001644,resnet32,0.7152,0.7202,0.7501121328889646,0.5218438558619131,0.22826827609572897,resnet32,0.708,0.7084,0.8326311573724855,0.5861978749321266,0.24643328174186702,resnet32,0.7133,0.7126,0.9746864513409409,0.6043167385611344,0.37036971297030424,resnet32,0.7062,0.7116,0.8241144916974008,0.5951571873050522,0.22895730536600406,resnet32,0.7134,0.7132,0.7870300341058861,0.5630563655021515,0.22397366815923966,resnet32,0.7163,0.7158,1.0228520404886117,0.614760450553149,0.408091590358791,9000000.0,0.0,36000000.0,6048000000.0,72576000000.0
resnet32x12_cifar100_K12_rand2-zomb0_seed0004_d015,d015,resnet32:12,cifar100,12,matched,rand2-zomb0,peers,4,200,64,0.1,0.9,0.0005,True,0,60,0.1,1.0,2,,random,1.0,1,0.0,0.5,weight,complete,0.0,0.0,42,0,45000,5000,10000,5170044,0,168,0.0010000000000000002,2,166.23,0.654,0.19421419876002888,0.01,0.7194,0.7604,0.10639999999999994,0.6547333333333333,0.7586,0.3627787878787879,0.5379556845282876,0.3672272727272727,0.5383996364535778,0.7125454545454546,0.01,0.7125454545454546,0.7132,0.24268363636363635,0.638158911047167,0.23774181818181822,0.6382690918044043,zombie,0.01,0.0116,0.0,0.0,0.0,resnet32,0.7134,0.7066,0.9549798079850998,0.5859853213398971,0.36899448704736476,resnet32,0.7139,0.7168,0.8540671034292742,0.6275864503007721,0.22648065401749176,resnet32,0.7194,0.7168,0.8566570486026731,0.6232432041063227,0.2334138427818702,resnet32,0.705,0.7074,1.9567735124040733,0.9111602692018178,1.0456132418899373,resnet32,0.7108,0.7124,1.0274217120287092,0.6017350517636673,0.4256866604343734,resnet32,0.7166,0.7186,0.7938376004722986,0.5251740613444285,0.2686635394030335,resnet32,0.7092,0.715,0.8061862733977084,0.5737240401265974,0.23246223460459572,resnet32,0.7068,0.7094,2.0060883381149988,0.9634319987063381,1.0426563359797,resnet32,0.7118,0.709,0.8117452632127837,0.579818768680773,0.23192649410868232,resnet32,0.7146,0.7144,0.8087767970917578,0.5601939314299009,0.2485828654501926,resnet32,0.7165,0.7188,0.799452174835923,0.5672661800106819,0.23218599539673465,9000000.0,0.0,36000000.0,6084000000.0,73008000000.0
resnet32x12_cifar100_K12_rand2-zomb0_seed0004_d015,d015,resnet32:12,cifar100,12,matched,rand2-zomb0,peers,4,200,64,0.1,0.9,0.0005,True,0,60,0.1,1.0,2,,random,1.0,1,0.0,0.5,weight,complete,0.0,0.0,42,0,45000,5000,10000,5170044,0,169,0.0010000000000000002,2,166.21,0.653725,0.19413563181875362,0.01,0.7223,0.7576,0.10387500000000005,0.6537833333333333,0.7592,0.36264242424242416,0.5418899543440916,0.36687878787878786,0.5394824385158513,0.7122454545454545,0.01,0.7122454545454545,0.7121636363636363,0.24219090909090907,0.6400126212612617,0.2374363636363636,0.6440719294615787,zombie,0.01,0.0116,0.0,0.0,0.0,resnet32,0.7132,0.706,2.068524048917673,1.0530514273453842,1.0154726251282475,resnet32,0.7108,0.7144,0.8232626567848704,0.5805597748099403,0.24270288165743378,resnet32,0.7151,0.7132,1.0596893587234346,0.6447904590855945,0.4148988988546824,resnet32,0.7041,0.7126,0.8566555328328501,0.6240870806981217,0.23256845145740293,resnet32,0.7119,0.71,0.8117510234429077,0.5671695492823016,0.2445814748167653,resnet32,0.7223,0.7176,0.9604107063602317,0.5731617707166482,0.3872489372098988,resnet32,0.7091,0.7142,0.8374725172973492,0.5729041069915349,0.26456841062331066,resnet32,0.7138,0.7058,0.8286954937502742,0.6016518505798145,0.22704364458860998,resnet32,0.7101,0.71,0.8139209270223298,0.5716028362512589,0.24231809032657606,resnet32,0.7094,0.7112,2.0839191414415836,0.9634788557463749,1.1204402835362337,resnet32,0.7149,0.7188,0.8110062461346388,0.5600948649119925,0.25091138120147993,9000000.0,0.0,36000000.0,6120000000.0,73440000000.0
resnet32x12_cifar100_K12_rand2-zomb0_seed0004_d015,d015,resnet32:12,cifar100,12,matched,rand2-zomb0,peers,4,200,64,0.1,0.9,0.0005,True,0,60,0.1,1.0,2,,random,1.0,1,0.0,0.5,weight,complete,0.0,0.0,42,0,45000,5000,10000,5170044,0,170,0.0010000000000000002,2,166.52,0.6522,0.19366310524550961,0.01,0.7172,0.7587,0.10650000000000004,0.6532166666666667,0.7598,0.3644969696969697,0.5381687904635678,0.3679409090909091,0.541186269890381,0.7105818181818182,0.01,0.7105818181818182,0.7115454545454546,0.2435818181818182,0.6409882744491789,0.23985818181818178,0.6380024405355269,zombie,0.01,0.0116,0.0,0.0,0.0,resnet32,0.7134,0.7066,0.8441625025800683,0.5970324317670681,0.24713007106699728,resnet32,0.7104,0.7154,0.9559405761008913,0.6006361098367382,0.35530446554449474,resnet32,0.7157,0.7132,0.8352014957503839,0.5988547448915514,0.2363467507741668,resnet32,0.7064,0.7118,0.8283162001012401,0.5896557728675279,0.2386604287365282,resnet32,0.708,0.7082,0.9561342911117456,0.5810933100398291,0.3750409805215895,resnet32,0.714,0.712,1.9299557518891313,0.9164823364805091,1.0134734130379828,resnet32,0.7076,0.715,0.8160040539858694,0.5728332493877546,0.2431708055506037,resnet32,0.7078,0.712,1.9593142740089784,0.9045047524215822,1.0548095255243508,resnet32,0.7061,0.7068,0.8154213548722592,0.5673765560019423,0.24804479855282063,resnet32,0.7098,0.7068,0.8271805009889331,0.5946179426021196,0.2325625574131581,resnet32,0.7172,0.7192,0.7931949482299387,0.5491807073439386,0.24401424058967017,9000000.0,0.0,36000000.0,6156000000.0,73872000000.0
resnet32x12_cifar100_K12_rand2-zomb0_seed0004_d015,d015,resnet32:12,cifar100,12,matched,rand2-zomb0,peers,4,200,64,0.1,0.9,0.0005,True,0,60,0.1,1.0,2,,random,1.0,1,0.0,0.5,weight,complete,0.0,0.0,42,0,45000,5000,10000,5170044,0,171,0.0010000000000000002,2,166.47,0.6550666666666668,0.19454114960308241,0.01,0.7203,0.7597,0.10463333333333324,0.65385,0.7596,0.36138787878787876,0.5412252895559859,0.3649151515151514,0.544271091531738,0.7137090909090908,0.01,0.7137090909090908,0.7122363636363637,0.23998363636363632,0.6444372464652381,0.23622181818181814,0.6408007875839342,zombie,0.01,0.0116,0.0,0.0,0.0,resnet32,0.7203,0.7084,0.9743329204449599,0.6090233003805307,0.36530962167307734,resnet32,0.7136,0.7164,1.8833731248636136,0.904883138327436,0.9784899861975149,resnet32,0.714,0.711,0.8094373830509457,0.5796515108086169,0.22978587162850256,resnet32,0.7076,0.7116,0.8210883513516323,0.5825705079107799,0.23851784227669917,resnet32,0.7129,0.714,0.7852322857572951,0.5576578881591558,0.22757439761930567,resnet32,0.72,0.7172,0.9286169502037492,0.5932783581401136,0.3353385938416151,resnet32,0.7058,0.707,1.942615712400187,0.8939151389270343,1.048700575632128,resnet32,0.7111,0.7044,0.8430536037988283,0.597260492388159,0.24579311077567664,resnet32,0.7117,0.712,0.806444204878062,0.5660221185111864,0.24042208545671945,resnet32,0.7162,0.7136,0.7983658094043758,0.5603892073373903,0.2379766035063023,resnet32,0.7176,0.719,0.7979174575091086,0.5461660204878585,0.2517514364709231,9000000.0,0.0,36000000.0,6192000000.0,74304000000.0
resnet32x12_cifar100_K12_rand2-zomb0_seed0004_d015,d015,resnet32:12,cifar100,12,matched,rand2-zomb0,peers,4,200,64,0.1,0.9,0.0005,True,0,60,0.1,1.0,2,,random,1.0,1,0.0,0.5,weight,complete,0.0,0.0,42,0,45000,5000,10000,5170044,0,172,0.0010000000000000002,2,166.45,0.6531416666666667,0.19395726959966095,0.01,0.7187,0.7581,0.10495833333333326,0.6532333333333332,0.761,0.36624545454545443,0.532262427404873,0.36896060606060604,0.5374733215435565,0.711609090909091,0.01,0.711609090909091,0.7115636363636363,0.24477454545454538,0.6366112616337019,0.24186545454545452,0.6327186905027229,zombie,0.01,0.0116,0.0,0.0,0.0,resnet32,0.7187,0.7116,0.807098676873879,0.5680348833768882,0.2390637937298214,resnet32,0.7105,0.716,0.8267527656968344,0.5936953622678464,0.23305740306915884,resnet32,0.7143,0.7138,0.8120096980340101,0.5700877557762645,0.24192194105125964,resnet32,0.7045,0.709,0.8314461700448935,0.5767282413488085,0.25471792988140474,resnet32,0.7085,0.7098,0.7924554279412735,0.5452030528844758,0.24725237461230296,resnet32,0.717,0.7182,0.9453816008330747,0.590998465237631,0.35438313616693695,resnet32,0.7094,0.7056,0.8302274436097253,0.5938349751416933,0.2363924672192132,resnet32,0.708,0.7068,1.8923099750483579,0.8920598827641119,1.000250094146891,resnet32,0.708,0.7082,0.9318804700266231,0.5839476880448108,0.34793278403495526,resnet32,0.7159,0.7128,0.8127578656951134,0.555153711529618,0.2576041525780139,resnet32,0.7129,0.7154,1.7783387066288427,0.7728684887459333,1.0054702177135781,9000000.0,0.0,36000000.0,6228000000.0,74736000000.0
resnet32x12_cifar100_K12_rand2-zomb0_seed0004_d015,d015,resnet32:12,cifar100,12,matched,rand2-zomb0,peers,4,200,64,0.1,0.9,0.0005,True,0,60,0.1,1.0,2,,random,1.0,1,0.0,0.5,weight,complete,0.0,0.0,42,0,45000,5000,10000,5170044,0,173,0.0010000000000000002,2,166.38,0.65345,0.19407465273273924,0.01,0.72,0.7586,0.10515000000000008,0.6522333333333333,0.7574,0.36440909090909096,0.537956186066101,0.36822424242424245,0.5392014641511966,0.7119454545454545,0.01,0.7119454545454545,0.7104727272727274,0.2438636363636364,0.638855435775366,0.2396654545454546,0.6386772164779676,zombie,0.01,0.0116,0.0,0.0,0.0,resnet32,0.719,0.7076,0.8100395886735483,0.5540306078354743,0.25600898153656587,resnet32,0.712,0.712,1.8980493012138389,0.8877805762246929,1.0102687272327868,resnet32,0.7096,0.7108,0.9975107312202454,0.606192322701893,0.39131840983067046,resnet32,0.7053,0.7102,0.8086479468779131,0.5697134651074355,0.2389344817493111,resnet32,0.7101,0.7072,0.7968860813839869,0.5402707451192493,0.256615335883742,resnet32,0.7194,0.722,0.7691548948430202,0.5399077643471007,0.22924713102508,resnet32,0.7033,0.7042,1.7648311448706822,0.8192101701755415,0.9456209780817683,resnet32,0.7128,0.7058,0.9339585241607644,0.6190041744319553,0.31495434744283557,resnet32,0.7082,0.7056,0.8114315547387708,0.5737443214959719,0.23768723188814792,resnet32,0.7117,0.7096,0.7804820194671099,0.5511909789744426,0.22929104072549802,resnet32,0.72,0.7202,0.7972337603569031,0.5686975724741139,0.22853618834845044,9000000.0,0.0,36000000.0,6264000000.0,75168000000.0
resnet32x12_cifar100_K12_rand2-zomb0_seed0004_d015,d015,resnet32:12,cifar100,12,matched,rand2-zomb0,peers,4,200,64,0.1,0.9,0.0005,True,0,60,0.1,1.0,2,,random,1.0,1,0.0,0.5,weight,complete,0.0,0.0,42,0,45000,5000,10000,5170044,0,174,0.0010000000000000002,2,166.23,0.6527583333333333,0.19383523698549296,0.01,0.7177,0.7613,0.10854166666666665,0.654,0.7596,0.3661,0.530955745613495,0.37023030303030313,0.5364955808772552,0.711190909090909,0.01,0.711190909090909,0.7124000000000001,0.2461945454545454,0.636467714007974,0.24163636363636368,0.6309584454932552,zombie,0.01,0.0116,0.0,0.0,0.0,resnet32,0.7177,0.7092,0.9819788719442758,0.5932936410165646,0.3886852304408835,resnet32,0.7106,0.7184,0.8256395082412795,0.5891625089994208,0.23647699955935506,resnet32,0.7099,0.7082,2.0071033738892186,0.9687600995159962,1.0383432725105772,resnet32,0.706,0.7138,0.8203963968818161,0.5692746735347266,0.2511217225850983,resnet32,0.7104,0.7086,0.8162764261730693,0.5449712372977625,0.271305188536644,resnet32,0.7136,0.717,1.874992156062614,0.8592286738990382,1.0157634851268746,resnet32,0.7047,0.7094,0.8388131057674234,0.5954452943564816,0.24336781287142498,resnet32,0.7134,0.7132,0.9595508413727988,0.6139972837303173,0.34555355743081734,resnet32,0.7074,0.7058,0.8089094656434926,0.5652788021940399,0.24363066342828626,resnet32,0.7131,0.7118,0.7969910749657587,0.546893821478906,0.25009725376201625,resnet32,0.7163,0.721,0.786894156512889,0.5425690253773197,0.2443251315377314,9000000.0,0.0,36000000.0,6300000000.0,75600000000.0
resnet32x12_cifar100_K12_rand2-zomb0_seed0004_d015,d015,resnet32:12,cifar100,12,matched,rand2-zomb0,peers,4,200,64,0.1,0.9,0.0005,True,0,60,0.1,1.0,2,,random,1.0,1,0.0,0.5,weight,complete,0.0,0.0,42,0,45000,5000,10000,5170044,0,175,0.0010000000000000002,2,166.18,0.6542083333333333,0.1942866244252433,0.01,0.7179,0.7601,0.10589166666666672,0.6534833333333333,0.7584,0.3629606060606061,0.5414029548646584,0.36880000000000007,0.5382727607007496,0.7127727272727272,0.01,0.7127727272727272,0.7118363636363637,0.24456181818181819,0.637609416396406,0.23797818181818184,0.6421969122450613,zombie,0.01,0.0116,0.0,0.0,0.0,resnet32,0.7168,0.7056,0.7935556364669041,0.5577428728680719,0.2358127631120045,resnet32,0.7145,0.7136,1.8805304576050152,0.8664320930415257,1.0140983662144705,resnet32,0.7179,0.7158,0.8644522334533659,0.608579602515833,0.25587262987921183,resnet32,0.7058,0.7124,0.8207983894019641,0.5703438245268031,0.2504545649809932,resnet32,0.7089,0.7092,0.791928161570633,0.5421259046362882,0.24980225663801486,resnet32,0.7171,0.7198,0.7951981096782468,0.5564789065921848,0.23871920357288962,resnet32,0.7079,0.7088,0.807931436733766,0.5710115498778495,0.23691988736391068,resnet32,0.7169,0.7128,0.993414054455405,0.62735170642422,0.3660623463167047,resnet32,0.707,0.7054,0.8235006979243322,0.5653437795964155,0.2581569193015722,resnet32,0.7178,0.7118,0.9243621248751879,0.5674389319240369,0.35692319269715383,resnet32,0.7099,0.715,1.975741789422252,0.919496981300075,1.0562448058785363,9000000.0,0.0,36000000.0,6336000000.0,76032000000.0
resnet32x12_cifar100_K12_rand2-zomb0_seed0004_d015,d015,resnet32:12,cifar100,12,matched,rand2-zomb0,peers,4,200,64,0.1,0.9,0.0005,True,0,60,0.1,1.0,2,,random,1.0,1,0.0,0.5,weight,complete,0.0,0.0,42,0,45000,5000,10000,5170044,0,176,0.0010000000000000002,2,166.35,0.6516833333333333,0.1935194255250763,0.01,0.7147,0.7573,0.10561666666666669,0.6496000000000001,0.7544,0.3651151515151515,0.5401141527789046,0.36856666666666676,0.5398287847254505,0.7100181818181818,0.01,0.7100181818181818,0.7076000000000001,0.24430181818181823,0.6394179109891598,0.2405709090909091,0.6407783782853931,zombie,0.01,0.0116,0.0,0.0,0.0,resnet32,0.7147,0.7042,0.7897009428759868,0.542305444875224,0.24739549732343716,resnet32,0.7121,0.714,0.8134991342879154,0.579905845055526,0.23359328787773848,resnet32,0.7131,0.7076,0.8152318275956945,0.5759614226831631,0.23927040544169192,resnet32,0.704,0.7062,0.8108220642263239,0.5636098044924438,0.2472122584003955,resnet32,0.7079,0.7092,0.9428490737283771,0.5698522074063394,0.3729968661738729,resnet32,0.7129,0.7088,0.7816975719549439,0.5266451019455086,0.25505247100425715,resnet32,0.702,0.704,2.065157928758047,0.9788302179341289,1.0863277150995352,resnet32,0.7133,0.7058,0.8075815028595653,0.5757248423231597,0.23185666026124221,resnet32,0.7048,0.7028,1.0293472342362457,0.6115083587355912,0.41783887571231887,resnet32,0.711,0.708,1.8900911032476209,0.8601968994956802,1.0298942037942735,resnet32,0.7144,0.713,0.8280009155754339,0.5744271467609162,0.2535737687086856,9000000.0,0.0,36000000.0,6372000000.0,76464000000.0
resnet32x12_cifar100_K12_rand2-zomb0_seed0004_d015,d015,resnet32:12,cifar100,12,matched,rand2-zomb0,peers,4,200,64,0.1,0.9,0.0005,True,0,60,0.1,1.0,2,,random,1.0,1,0.0,0.5,weight,complete,0.0,0.0,42,0,45000,5000,10000,5170044,0,177,0.0010000000000000002,2,166.22,0.6525416666666667,0.19377625610625146,0.01,0.7191,0.7598,0.10725833333333334,0.6514833333333333,0.7592,0.3664757575757575,0.5337426240696194,0.3706454545454544,0.5366479115264616,0.7109545454545455,0.01,0.7109545454545455,0.7096545454545455,0.24693818181818186,0.6345451443007677,0.24248000000000003,0.6309745509574856,zombie,0.01,0.0116,0.0,0.0,0.0,resnet32,0.7105,0.7036,1.9859170400622217,0.9167721583084627,1.0691448823464187,resnet32,0.7191,0.7124,0.8056012671017512,0.5549868865954605,0.2506143804639578,resnet32,0.7171,0.716,0.8090099572966044,0.5667954753999683,0.24221448143097488,resnet32,0.7069,0.7104,1.0030896666205742,0.6031124974092976,0.39997716912661085,resnet32,0.7101,0.7056,0.8146572908047925,0.5529058200561188,0.2617514704735103,resnet32,0.7093,0.7114,1.8321079303595154,0.8273147289979864,1.004793202165853,resnet32,0.7037,0.7038,0.8371711276810277,0.5963405513373966,0.24083057556047358,resnet32,0.7113,0.7052,0.8056677118875086,0.5608408319001849,0.24482687924649904,resnet32,0.7074,0.7062,0.8053067801520228,0.5695599131286144,0.2357468670234084,resnet32,0.7112,0.71,0.8050337389365516,0.5754956235177815,0.22953811459327964,resnet32,0.7139,0.7216,0.9218682432547212,0.5779848699034615,0.34388337356292387,9000000.0,0.0,36000000.0,6408000000.0,76896000000.0
resnet32x12_cifar100_K12_rand2-zomb0_seed0004_d015,d015,resnet32:12,cifar100,12,matched,rand2-zomb0,peers,4,200,64,0.1,0.9,0.0005,True,0,60,0.1,1.0,2,,random,1.0,1,0.0,0.5,weight,complete,0.0,0.0,42,0,45000,5000,10000,5170044,0,178,0.0010000000000000002,2,166.27,0.6532166666666667,0.1940082723035856,0.01,0.7187,0.7608,0.10758333333333336,0.6517833333333333,0.7584,0.36742424242424243,0.5325798974856631,0.37013030303030303,0.5345389614124136,0.711690909090909,0.01,0.711690909090909,0.7099818181818182,0.2461418181818181,0.6337735662087541,0.2432690909090909,0.6320583473192798,zombie,0.01,0.0116,0.0,0.0,0.0,resnet32,0.7155,0.7048,0.9789920375597748,0.6170851495540277,0.36190688830207696,resnet32,0.7164,0.7138,0.8208516604182395,0.5510855493643745,0.2697661120275205,resnet32,0.7154,0.7066,1.9950062925504013,0.9253407521596686,1.0696655409410596,resnet32,0.7006,0.7094,0.815178091680123,0.5736107270402665,0.24156736459752376,resnet32,0.7093,0.7126,0.7722339459102262,0.5381099910221316,0.23412395495159383,resnet32,0.7172,0.7184,0.7916422421112657,0.5500435636971485,0.2415986775462939,resnet32,0.708,0.7064,0.8306736378845844,0.571473480371589,0.2592001579151573,resnet32,0.7143,0.709,0.7877226633189077,0.5518188284794715,0.23590383511459964,resnet32,0.7062,0.703,0.8030999676239762,0.5587508667006411,0.24434910153716125,resnet32,0.707,0.709,1.9932720210741868,0.9453179177574136,1.0479540968821808,resnet32,0.7187,0.7168,0.951230698095804,0.587021541358395,0.36420915540392423,9000000.0,0.0,36000000.0,6444000000.0,77328000000.0
resnet32x12_cifar100_K12_rand2-zomb0_seed0004_d015,d015,resnet32:12,cifar100,12,matched,rand2-zomb0,peers,4,200,64,0.1,0.9,0.0005,True,0,60,0.1,1.0,2,,random,1.0,1,0.0,0.5,weight,complete,0.0,0.0,42,0,45000,5000,10000,5170044,0,179,0.0010000000000000002,2,166.16,0.652275,0.19374519832759726,0.01,0.7183,0.7602,0.10792499999999994,0.6527166666666667,0.7596,0.3665333333333334,0.5336715269592109,0.37146969696969695,0.5361898655675189,0.7106636363636364,0.01,0.7106636363636364,0.7110000000000001,0.24773818181818186,0.635958591444936,0.2421636363636364,0.633935335471109,zombie,0.01,0.0116,0.0,0.0,0.0,resnet32,0.7138,0.7096,0.8038671429861676,0.561268049122935,0.242599094836888,resnet32,0.716,0.7182,0.9521842322058298,0.5815672934986651,0.3706169397654859,resnet32,0.7125,0.712,1.8801444694399834,0.9255891016430475,0.9545553712682291,resnet32,0.7012,0.707,0.805570487737317,0.5654542856341735,0.24011620013466614,resnet32,0.7008,0.7022,2.0688031034713443,0.946216316555034,1.1225867844610051,resnet32,0.7174,0.7172,0.762799387628382,0.5225100891495292,0.24028929746286434,resnet32,0.7055,0.7122,0.8182431363754652,0.5686524746177549,0.2495906622233716,resnet32,0.7131,0.7102,0.9870580866594206,0.5967641204426234,0.39029396583580156,resnet32,0.7039,0.7072,0.7932803277772936,0.5555772458372469,0.23770308045839722,resnet32,0.7148,0.7136,0.8370900234546174,0.5847097182307731,0.2523803030648692,resnet32,0.7183,0.7116,0.7858669102953916,0.5519394388168373,0.23392747099172662,9000000.0,0.0,36000000.0,6480000000.0,77760000000.0
resnet32x12_cifar100_K12_rand2-zomb0_seed0004_d015,d015,resnet32:12,cifar100,12,matched,rand2-zomb0,peers,4,200,64,0.1,0.9,0.0005,True,0,60,0.1,1.0,2,,random,1.0,1,0.0,0.5,weight,complete,0.0,0.0,42,0,45000,5000,10000,5170044,0,180,0.00010000000000000003,2,166.25,0.655875,0.1948382924589859,0.01,0.7242,0.7634,0.10752499999999998,0.6557333333333334,0.7618,0.3636030303030303,0.5345870267464915,0.367748484848485,0.5362110732355572,0.714590909090909,0.01,0.714590909090909,0.7142909090909092,0.24321090909090912,0.6362094379732732,0.23853454545454547,0.635323762073185,zombie,0.01,0.0116,0.0,0.0,0.0,resnet32,0.7111,0.7012,1.9939022492617369,0.6841235071082007,1.3097787437621842,resnet32,0.7183,0.722,0.7926390401765027,0.544599350287833,0.24803968912667848,resnet32,0.7205,0.7148,0.9171555231071331,0.6613090077669106,0.2558465160598809,resnet32,0.7077,0.7124,0.8324320906434547,0.5338884853673252,0.2985436052972959,resnet32,0.7127,0.713,0.9059562492184341,0.6590246995911002,0.24693154924633828,resnet32,0.7235,0.7244,0.7821671185930344,0.49016951223496685,0.29199760750105436,resnet32,0.7106,0.7144,0.8884820309890942,0.5377714539539408,0.3507105769716542,resnet32,0.7189,0.7166,0.7640717233615842,0.5475713768550619,0.21650034667585383,resnet32,0.7094,0.7148,0.845932366411117,0.525988838381388,0.319943528982218,resnet32,0.7036,0.7038,2.1497036164457146,0.7355732349255546,1.4141303857957774,resnet32,0.7242,0.7198,0.8250361029058695,0.51349500187842,0.31154110020195896,9000000.0,0.0,36000000.0,6516000000.0,78192000000.0
resnet32x12_cifar100_K12_rand2-zomb0_seed0004_d015,d015,resnet32:12,cifar100,12,matched,rand2-zomb0,peers,4,200,64,0.1,0.9,0.0005,True,0,60,0.1,1.0,2,,random,1.0,1,0.0,0.5,weight,complete,0.0,0.0,42,0,45000,5000,10000,5170044,0,181,0.00010000000000000003,2,166.34,0.6543916666666667,0.1945978308303792,0.01,0.7227,0.7641,0.1097083333333333,0.6549333333333335,0.7642,0.3659000000000001,0.5363316597048056,0.37086818181818193,0.5354933534427436,0.7129727272727274,0.01,0.7129727272727274,0.7134181818181818,0.2470472727272727,0.6340845654914475,0.24145090909090902,0.6361719495881103,zombie,0.01,0.0116,0.0,0.0,0.0,resnet32,0.7213,0.713,0.7880019071427259,0.5688347747888077,0.21916713180359115,resnet32,0.7192,0.7228,0.8418461438268423,0.5246746584095738,0.31717148543843493,resnet32,0.7227,0.7176,0.7966720877977257,0.5783734581941231,0.21829862996343186,resnet32,0.68,0.6876,2.4185915027152407,0.7782530144957657,1.640338490124453,resnet32,0.7129,0.7176,0.7768906315111301,0.5553921797228131,0.22149845278313893,resnet32,0.7203,0.72,0.7573879038576375,0.48339326518841763,0.27399463866921986,resnet32,0.7155,0.718,0.7933685161512006,0.5302706991999664,0.2630978164220737,resnet32,0.7173,0.7154,0.748235616155646,0.5244487467306581,0.22378686898049305,resnet32,0.7106,0.7122,0.8858117887072943,0.5228365958583626,0.3629751928700981,resnet32,0.7165,0.7178,0.8228667385198853,0.5973671019415964,0.22549963640895757,resnet32,0.7064,0.7056,2.119316052645445,0.7006051674569872,1.4187108840454707,9000000.0,0.0,36000000.0,6552000000.0,78624000000.0
resnet32x12_cifar100_K12_rand2-zomb0_seed0004_d015,d015,resnet32:12,cifar100,12,matched,rand2-zomb0,peers,4,200,64,0.1,0.9,0.0005,True,0,60,0.1,1.0,2,,random,1.0,1,0.0,0.5,weight,complete,0.0,0.0,42,0,45000,5000,10000,5170044,0,182,0.00010000000000000003,2,166.03,0.6566083333333332,0.19501557398634145,0.01,0.7221,0.7642,0.10759166666666675,0.6568166666666667,0.7626,0.3614545454545454,0.5381374188525161,0.36689393939393944,0.5391208056574837,0.7153909090909091,0.01,0.7153909090909091,0.7154727272727274,0.24222727272727276,0.6392488645211205,0.2360981818181818,0.638652355351285,zombie,0.01,0.0116,0.0,0.0,0.0,resnet32,0.7218,0.7146,0.7511513880030676,0.5188241016797044,0.23232728731818497,resnet32,0.711,0.7152,1.9455050514502958,0.75847080912949,1.187034241770479,resnet32,0.7208,0.7164,0.7697762280533259,0.5618024630980059,0.2079737652093172,resnet32,0.7075,0.7134,0.9124981642446734,0.6257229231043973,0.28677524090744555,resnet32,0.7134,0.7126,0.7821941541677172,0.5350139383226633,0.2471802159932188,resnet32,0.7221,0.7234,0.7023929228413511,0.4756417887454683,0.22675113534470173,resnet32,0.7149,0.7142,0.735306291163645,0.5179238492114977,0.21738244277763774,resnet32,0.7101,0.7096,1.864066757261753,0.6596165495839986,1.2044502049684525,resnet32,0.7124,0.7134,0.7434040987440809,0.5163063771430064,0.2270977217069065,resnet32,0.7151,0.718,0.7390873802571811,0.527015421285548,0.21207195782864635,resnet32,0.7202,0.7194,0.9092933334918185,0.5971019395881079,0.31219139297238807,9000000.0,0.0,36000000.0,6588000000.0,79056000000.0
resnet32x12_cifar100_K12_rand2-zomb0_seed0004_d015,d015,resnet32:12,cifar100,12,matched,rand2-zomb0,peers,4,200,64,0.1,0.9,0.0005,True,0,60,0.1,1.0,2,,random,1.0,1,0.0,0.5,weight,complete,0.0,0.0,42,0,45000,5000,10000,5170044,0,183,0.00010000000000000003,2,166.03,0.6580583333333333,0.19544275145735698,0.01,0.7249,0.7659,0.10784166666666672,0.6579333333333334,0.7632,0.35942121212121214,0.5435240338008989,0.3632136363636363,0.5429526435322973,0.7169727272727273,0.01,0.7169727272727273,0.7166909090909092,0.23790363636363646,0.643214146110701,0.23382545454545453,0.6438077986136298,zombie,0.01,0.0116,0.0,0.0,0.0,resnet32,0.7216,0.7158,0.7172994242388416,0.5086337683553045,0.20866565617986702,resnet32,0.7169,0.7178,1.6927084616300734,0.7574226413853467,0.9352858194404028,resnet32,0.7147,0.7162,1.9734987789257006,0.7497903917154128,1.2237083864482967,resnet32,0.7137,0.7164,0.7629303254017775,0.5430219369855794,0.21990838867019524,resnet32,0.7145,0.7172,0.7280370463109151,0.5208612120794979,0.20717583353292535,resnet32,0.7212,0.7272,0.6891469495709647,0.4752846092663028,0.2138623401353305,resnet32,0.7156,0.7126,0.7402441487224265,0.5152951047586446,0.22494904254563153,resnet32,0.7203,0.7132,0.8793648180805824,0.5899400433356111,0.2894247740676457,resnet32,0.7084,0.7092,0.9106650793586265,0.5209766607308253,0.38968841858546843,resnet32,0.7149,0.719,0.7557191958820278,0.5210963029160418,0.23462289311415094,resnet32,0.7249,0.719,0.7375992919657041,0.5279445859010924,0.20965470602227884,9000000.0,0.0,36000000.0,6624000000.0,79488000000.0
resnet32x12_cifar100_K12_rand2-zomb0_seed0004_d015,d015,resnet32:12,cifar100,12,matched,rand2-zomb0,peers,4,200,64,0.1,0.9,0.0005,True,0,60,0.1,1.0,2,,random,1.0,1,0.0,0.5,weight,complete,0.0,0.0,42,0,45000,5000,10000,5170044,0,184,0.00010000000000000003,2,166.01,0.6552916666666667,0.19467407145591378,0.01,0.7217,0.764,0.1087083333333333,0.6545166666666665,0.7628,0.36575454545454533,0.5346606364111437,0.3693515151515152,0.5353779808321129,0.7139545454545455,0.01,0.7139545454545455,0.7129636363636362,0.2451527272727273,0.634783440801078,0.24116727272727276,0.6353517356023586,zombie,0.01,0.0116,0.0,0.0,0.0,resnet32,0.7183,0.708,0.9913512691855431,0.5423515425486998,0.4489997255361893,resnet32,0.7192,0.7168,0.79072118609805,0.5712355672889813,0.21948561869265343,resnet32,0.7142,0.7108,1.9000375118445267,0.884828073988584,1.015209436670623,resnet32,0.7098,0.7152,0.741636876101521,0.5253061642870307,0.21633071202615445,resnet32,0.7138,0.7144,0.7280709111893718,0.5151258492418989,0.21294506289996207,resnet32,0.7174,0.7228,0.7222884039987217,0.4758367049084468,0.24645169858228078,resnet32,0.6955,0.6944,2.2121929080987517,0.7481913130561059,1.4640015919946812,resnet32,0.7194,0.7146,0.7472521732137962,0.5376271718097004,0.20962500307624313,resnet32,0.7102,0.7104,0.7577054693194275,0.5202920325947079,0.2374134378042072,resnet32,0.714,0.7178,0.7181568832814016,0.514028667980297,0.20412821527993816,resnet32,0.7217,0.7174,0.7154627396217124,0.5075147427110509,0.2079479967624965,9000000.0,0.0,36000000.0,6660000000.0,79920000000.0
resnet32x12_cifar100_K12_rand2-zomb0_seed0004_d015,d015,resnet32:12,cifar100,12,matched,rand2-zomb0,peers,4,200,64,0.1,0.9,0.0005,True,0,60,0.1,1.0,2,,random,1.0,1,0.0,0.5,weight,complete,0.0,0.0,42,0,45000,5000,10000,5170044,0,185,0.00010000000000000003,2,166.15,0.6571666666666668,0.19521649235883962,0.01,0.7266,0.7656,0.10843333333333316,0.6571333333333333,0.7624,0.3612242424242425,0.5364520823218155,0.3664863636363637,0.5377221792554964,0.7160000000000001,0.01,0.7160000000000001,0.7158181818181819,0.2417254545454545,0.637996251804838,0.23573818181818176,0.6374715570290609,zombie,0.01,0.0116,0.0,0.0,0.0,resnet32,0.722,0.7132,0.7301452961665663,0.5225167601707984,0.20762853550894017,resnet32,0.7194,0.721,0.7534525656056675,0.518745149993761,0.23470741616223345,resnet32,0.7227,0.7168,0.857115856625817,0.6299130932258611,0.2272027632094581,resnet32,0.7103,0.7146,0.8680716515095397,0.5235517389056358,0.34451991211707617,resnet32,0.7138,0.7144,0.7224433070302687,0.505159473427656,0.21728383402594112,resnet32,0.7194,0.7252,0.7382834766229446,0.47333732683380897,0.2649461502971297,resnet32,0.7078,0.7086,2.014248025349595,0.9157665796069936,1.098481447520581,resnet32,0.7108,0.711,2.0644192861562427,0.7244250409474428,1.3399942441928117,resnet32,0.7079,0.7092,0.972066065211865,0.5260060523551974,0.4460600134069947,resnet32,0.7153,0.7156,0.7316801615313373,0.5107604465024038,0.22091971466910432,resnet32,0.7266,0.7244,0.7077636548571966,0.4986931009387428,0.20907055351629175,9000000.0,0.0,36000000.0,6696000000.0,80352000000.0
resnet32x12_cifar100_K12_rand2-zomb0_seed0004_d015,d015,resnet32:12,cifar100,12,matched,rand2-zomb0,peers,4,200,64,0.1,0.9,0.0005,True,0,60,0.1,1.0,2,,random,1.0,1,0.0,0.5,weight,complete,0.0,0.0,42,0,45000,5000,10000,5170044,0,186,0.00010000000000000003,2,166.06,0.657725,0.19536979093077142,0.01,0.7243,0.7635,0.10577499999999995,0.6578666666666667,0.7634,0.3620181818181818,0.5358547847051989,0.36538636363636373,0.5401142657886013,0.716609090909091,0.01,0.716609090909091,0.7166181818181818,0.24044909090909086,0.6399967242482706,0.2368036363636363,0.6357370725107414,zombie,0.01,0.0116,0.0,0.0,0.0,resnet32,0.7127,0.7054,2.017439240251075,0.7251916485415264,1.2922475912862204,resnet32,0.7213,0.7206,0.7231962679123337,0.5100614344277843,0.21313483325171878,resnet32,0.7207,0.7184,0.8562351230701263,0.5672348425300284,0.28900028054009785,resnet32,0.7129,0.7158,0.7377032066949389,0.5199298005212437,0.21777340613136237,resnet32,0.7137,0.7174,0.7163544718853452,0.5027340624312108,0.21362041021612557,resnet32,0.7241,0.727,0.6899626858701761,0.4704681256870655,0.21949456058527259,resnet32,0.7064,0.711,1.9634265859018674,0.9221967102282427,1.0412298749962992,resnet32,0.7187,0.7152,0.8125803987918929,0.58831248851493,0.22426791044629432,resnet32,0.7101,0.7114,0.7719002314419909,0.5287751450457356,0.24312508849173106,resnet32,0.7178,0.72,0.7369852455502207,0.5085196081464264,0.22846563861028038,resnet32,0.7243,0.7206,0.9040889703583989,0.5066792086952112,0.3974097609858621,9000000.0,0.0,36000000.0,6732000000.0,80784000000.0
resnet32x12_cifar100_K12_rand2-zomb0_seed0004_d015,d015,resnet32:12,cifar100,12,matched,rand2-zomb0,peers,4,200,64,0.1,0.9,0.0005,True,0,60,0.1,1.0,2,,random,1.0,1,0.0,0.5,weight,complete,0.0,0.0,42,0,45000,5000,10000,5170044,0,187,0.00010000000000000003,2,166.22,0.6570916666666667,0.19516203292962037,0.01,0.7259,0.7647,0.1076083333333333,0.6577833333333334,0.761,0.3616939393939394,0.5376574260789655,0.36675303030303014,0.5381127164076283,0.7159181818181819,0.01,0.7159181818181819,0.7165272727272728,0.2420309090909091,0.6383423755724541,0.23634545454545455,0.6386425009031711,zombie,0.01,0.0116,0.0,0.0,0.0,resnet32,0.7148,0.7076,1.892984519119967,0.901802531274205,0.9911819886924191,resnet32,0.7097,0.7118,1.9679963612420992,0.7162940249439668,1.2517023352398113,resnet32,0.7202,0.7152,0.7761547010476616,0.5575058459388939,0.218648856124756,resnet32,0.7125,0.7198,0.7468634226613424,0.5176687484861098,0.22919467349790715,resnet32,0.7152,0.7154,0.7806812567128376,0.5033397103913806,0.27734154693528335,resnet32,0.7211,0.7252,0.6810589875094593,0.4714584716341712,0.20960051727227189,resnet32,0.7098,0.719,0.9859852925450965,0.6619744989174333,0.32401079377582803,resnet32,0.7162,0.7168,0.8331037593836134,0.5350772423500364,0.2980265164197507,resnet32,0.7111,0.7128,0.7272900555452163,0.5126292122189294,0.2146608439612795,resnet32,0.7186,0.716,0.7136746007864448,0.5085308903150938,0.20514371047135105,resnet32,0.7259,0.7222,0.7072678072039377,0.5047259239733897,0.20254188371737572,9000000.0,0.0,36000000.0,6768000000.0,81216000000.0
resnet32x12_cifar100_K12_rand2-zomb0_seed0004_d015,d015,resnet32:12,cifar100,12,matched,rand2-zomb0,peers,4,200,64,0.1,0.9,0.0005,True,0,60,0.1,1.0,2,,random,1.0,1,0.0,0.5,weight,complete,0.0,0.0,42,0,45000,5000,10000,5170044,0,188,0.00010000000000000003,2,166.04,0.656825,0.19513149466022478,0.01,0.7231,0.7662,0.109375,0.65755,0.7598,0.3608393939393939,0.5381232811496823,0.36603787878787875,0.5403901871102216,0.7156272727272727,0.01,0.7156272727272727,0.7162727272727273,0.24125636363636363,0.640496522756106,0.23546181818181816,0.6379197411252767,zombie,0.01,0.0116,0.0,0.0,0.0,resnet32,0.72,0.7138,0.825301048007201,0.6026976220309734,0.22260342532006855,resnet32,0.7194,0.7208,0.7889372119256719,0.5672007819891653,0.2217364307831634,resnet32,0.7204,0.7204,0.8026893059299751,0.5491597764194012,0.253529529214244,resnet32,0.7111,0.7182,0.8880314524708823,0.5190355300225995,0.36899592340077186,resnet32,0.6993,0.7018,2.1425299668176607,0.7343515568328175,1.4081784078682011,resnet32,0.7205,0.7248,0.6905808476307853,0.46661838999187405,0.22396245816807178,resnet32,0.7098,0.7122,1.8783690970052371,0.7750996603545818,1.1032694342800162,resnet32,0.7196,0.7172,0.7557384385727346,0.5292505038986829,0.22648793416605753,resnet32,0.711,0.71,0.8610229795290665,0.5173308076760308,0.343692172170532,resnet32,0.7177,0.7178,0.7376369467343796,0.5063894623043862,0.2312474848744883,resnet32,0.7231,0.722,0.705045215065845,0.4951813700608909,0.20986384449696,9000000.0,0.0,36000000.0,6804000000.0,81648000000.0
resnet32x12_cifar100_K12_rand2-zomb0_seed0004_d015,d015,resnet32:12,cifar100,12,matched,rand2-zomb0,peers,4,200,64,0.1,0.9,0.0005,True,0,60,0.1,1.0,2,,random,1.0,1,0.0,0.5,weight,complete,0.0,0.0,42,0,45000,5000,10000,5170044,0,189,0.00010000000000000003,2,166.07,0.6565416666666667,0.1950712282660419,0.01,0.7233,0.764,0.10745833333333332,0.6579,0.7612,0.36091515151515163,0.5387282796031375,0.36647878787878785,0.5394428794301472,0.7153181818181819,0.01,0.7153181818181819,0.7166545454545455,0.24175272727272726,0.6395488084480416,0.2354909090909091,0.6393339302821984,zombie,0.01,0.0116,0.0,0.0,0.0,resnet32,0.7218,0.7154,0.722010578790849,0.5232682635753669,0.19874231451699,resnet32,0.721,0.7224,0.7182354120198976,0.5136640730567954,0.20457133805294606,resnet32,0.7213,0.7182,0.7556454587981782,0.5430451667528938,0.21260029178070414,resnet32,0.7146,0.7188,0.7278937818482518,0.520558012903414,0.20733576841567727,resnet32,0.7114,0.712,1.013858772221614,0.6492977663874626,0.3645610062998127,resnet32,0.7206,0.7272,0.68831458251754,0.46531843537972734,0.22299614766697315,resnet32,0.7043,0.7114,1.9009956560012968,0.9329644354398955,0.9680312206460671,resnet32,0.7198,0.7184,0.7243730066428807,0.5163091695444151,0.20806383636822415,resnet32,0.7103,0.7108,0.7342682877047495,0.5155638099902056,0.21870447813787244,resnet32,0.7001,0.7066,2.149930028752847,0.7559053499928929,1.394024676389315,resnet32,0.7233,0.722,0.7073828156783499,0.4932815772057934,0.2141012394885448,9000000.0,0.0,36000000.0,6840000000.0,82080000000.0
resnet32x12_cifar100_K12_rand2-zomb0_seed0004_d015,d015,resnet32:12,cifar100,12,matched,rand2-zomb0,peers,4,200,64,0.1,0.9,0.0005,True,0,60,0.1,1.0,2,,random,1.0,1,0.0,0.5,weight,complete,0.0,0.0,42,0,45000,5000,10000,5170044,0,190,0.00010000000000000003,2,166.14,0.6563916666666667,0.19494371605813704,0.01,0.7215,0.7659,0.10950833333333332,0.6566500000000001,0.7656,0.3647,0.5343949568113014,0.36871060606060607,0.535319088744312,0.7151545454545455,0.01,0.7151545454545455,0.7152909090909091,0.24443272727272727,0.6344739527415529,0.24000363636363634,0.6340736405511674,zombie,0.01,0.0116,0.0,0.0,0.0,resnet32,0.7097,0.7064,2.0778735943815927,0.7681649975393984,1.3097085931592367,resnet32,0.7201,0.7248,0.8316337549212304,0.5084311559542336,0.32320259922099387,resnet32,0.7094,0.7084,2.0927810010246257,0.7597981814125722,1.332982816987417,resnet32,0.7107,0.7168,0.7921948872337287,0.5133380099538375,0.278856877618554,resnet32,0.714,0.7156,0.7549532097340985,0.5442970998754556,0.2106561092659831,resnet32,0.7215,0.722,0.7123482554558326,0.4635620958129452,0.24878616002388299,resnet32,0.7125,0.7124,0.8577989133244212,0.6173736500469121,0.24042526344684037,resnet32,0.7212,0.7144,0.720160761043768,0.5074838799085807,0.21267688219350847,resnet32,0.7113,0.711,0.7611619778062132,0.5060815185901116,0.25508045904677024,resnet32,0.7165,0.7158,0.802744990638034,0.578909305262972,0.22383568448607216,resnet32,0.7198,0.7206,0.8929256089878354,0.49839750766246155,0.39452810132537375,9000000.0,0.0,36000000.0,6876000000.0,82512000000.0
resnet32x12_cifar100_K12_rand2-zomb0_seed0004_d015,d015,resnet32:12,cifar100,12,matched,rand2-zomb0,peers,4,200,64,0.1,0.9,0.0005,True,0,60,0.1,1.0,2,,random,1.0,1,0.0,0.5,weight,complete,0.0,0.0,42,0,45000,5000,10000,5170044,0,191,0.00010000000000000003,2,166.12,0.6573083333333334,0.19523356293737565,0.01,0.7241,0.764,0.10669166666666663,0.6575000000000001,0.7622,0.36211212121212133,0.5383521258243684,0.36508939393939416,0.539317543927013,0.7161545454545455,0.01,0.7161545454545455,0.7162181818181819,0.24015090909090908,0.638941534766961,0.23701090909090913,0.6384904044987132,zombie,0.01,0.0116,0.0,0.0,0.0,resnet32,0.7142,0.7136,1.8558812862770124,0.8435847426087342,1.0122965430332855,resnet32,0.72,0.7232,0.719141621100293,0.5067284939895299,0.21241312789392064,resnet32,0.7213,0.7198,0.8357529010285031,0.6091953718357466,0.22655752953141928,resnet32,0.7124,0.714,0.7314457878555086,0.5121194329112768,0.21932635570622303,resnet32,0.7154,0.7182,0.7556768596087667,0.5188217517835173,0.2368551086507399,resnet32,0.705,0.709,2.238837169313973,0.7456190109422262,1.493218153630468,resnet32,0.7176,0.7132,0.756062030876902,0.5386351113715633,0.217426920119165,resnet32,0.7204,0.7146,0.7197319032963027,0.5059277181174945,0.21380418380299074,resnet32,0.711,0.7074,0.9177983693609183,0.521125865041871,0.3966725059700283,resnet32,0.7163,0.7198,0.8751260615377263,0.5325237859717824,0.34260227535427973,resnet32,0.7241,0.7256,0.7094592174345796,0.500621375289153,0.2088378412881866,9000000.0,0.0,36000000.0,6912000000.0,82944000000.0
resnet32x12_cifar100_K12_rand2-zomb0_seed0004_d015,d015,resnet32:12,cifar100,12,matched,rand2-zomb0,peers,4,200,64,0.1,0.9,0.0005,True,0,60,0.1,1.0,2,,random,1.0,1,0.0,0.5,weight,complete,0.0,0.0,42,0,45000,5000,10000,5170044,0,192,0.00010000000000000003,2,166.11,0.6582583333333334,0.1955240158238596,0.01,0.7245,0.7652,0.1069416666666666,0.6580166666666666,0.761,0.36119090909090906,0.5376781325803442,0.36419696969696985,0.5397795024295108,0.7171909090909091,0.01,0.7171909090909091,0.7167818181818181,0.239010909090909,0.639859753612205,0.23581454545454544,0.6379275889344771,zombie,0.01,0.0116,0.0,0.0,0.0,resnet32,0.7184,0.7144,1.725416549058123,0.8362476945092733,0.8891688533635302,resnet32,0.7204,0.722,0.714486042079939,0.4968547896820713,0.21763125248253345,resnet32,0.7241,0.7174,0.7572724870829419,0.5462706365453248,0.21100185081278058,resnet32,0.7124,0.7144,0.8875758321109143,0.5188326954164288,0.3687431361018257,resnet32,0.7165,0.7184,0.7150824367153373,0.5066038009033285,0.20847863758998839,resnet32,0.7205,0.7236,0.8889265460893512,0.593482684132389,0.29544386079280893,resnet32,0.715,0.7172,0.7375740279358897,0.5256871469742195,0.21188688053834168,resnet32,0.7201,0.7154,0.7128507110120897,0.5023658229461447,0.21048488745211877,resnet32,0.7102,0.7082,0.7401785369200463,0.5170706420798193,0.22310789570805023,resnet32,0.707,0.7074,2.0286894513463434,0.769986611536958,1.2587028419260273,resnet32,0.7245,0.7262,0.7469101984223182,0.49175970848988404,0.25515049041926186,9000000.0,0.0,36000000.0,6948000000.0,83376000000.0
resnet32x12_cifar100_K12_rand2-zomb0_seed0004_d015,d015,resnet32:12,cifar100,12,matched,rand2-zomb0,peers,4,200,64,0.1,0.9,0.0005,True,0,60,0.1,1.0,2,,random,1.0,1,0.0,0.5,weight,complete,0.0,0.0,42,0,45000,5000,10000,5170044,0,193,0.00010000000000000003,2,166.24,0.6584333333333333,0.1955734488341628,0.01,0.7261,0.7664,0.10796666666666666,0.6581166666666667,0.7624,0.35997575757575756,0.5394684730964716,0.3649181818181819,0.5385819106525491,0.7173818181818181,0.01,0.7173818181818181,0.716890909090909,0.23991090909090915,0.6382670640158067,0.23437454545454547,0.6395485110292491,zombie,0.01,0.0116,0.0,0.0,0.0,resnet32,0.7201,0.7178,0.8161293188617988,0.5915790829299525,0.22455023595301266,resnet32,0.721,0.7224,0.7162259916182269,0.4962509533559734,0.21997503836808557,resnet32,0.7108,0.7084,2.096068622205745,0.7729492340321568,1.3231193849139593,resnet32,0.7141,0.7166,0.9394071097062393,0.5428522280840711,0.3965548823418265,resnet32,0.7164,0.717,0.7079950970258903,0.4998312930322506,0.20816380407830531,resnet32,0.7233,0.7276,0.7368174178779803,0.5096755758859217,0.2271418412935666,resnet32,0.7141,0.718,0.7252732527188279,0.5148302438584241,0.21044300784441558,resnet32,0.7226,0.7146,0.7051429395902563,0.5016636922108856,0.20347924915735016,resnet32,0.7118,0.7132,0.8884984504177489,0.5161576573313638,0.3723407917105677,resnet32,0.7109,0.7096,1.8726285863667727,0.8569647751071237,1.0156638113443146,resnet32,0.7261,0.7206,0.6989168925210834,0.48893367939374666,0.20998321357183158,9000000.0,0.0,36000000.0,6984000000.0,83808000000.0
resnet32x12_cifar100_K12_rand2-zomb0_seed0004_d015,d015,resnet32:12,cifar100,12,matched,rand2-zomb0,peers,4,200,64,0.1,0.9,0.0005,True,0,60,0.1,1.0,2,,random,1.0,1,0.0,0.5,weight,complete,0.0,0.0,42,0,45000,5000,10000,5170044,0,194,0.00010000000000000003,2,166.13,0.6571666666666666,0.19519930128517934,0.01,0.7233,0.7672,0.11003333333333343,0.65775,0.7618,0.363590909090909,0.5344369761092808,0.36838484848484854,0.5344519250728664,0.716,0.01,0.716,0.7164909090909091,0.24405818181818187,0.6334662565720348,0.23873454545454548,0.6339497369083409,zombie,0.01,0.0116,0.0,0.0,0.0,resnet32,0.7225,0.715,0.7608984845521097,0.5296519485471601,0.23124653613194823,resnet32,0.7119,0.7136,1.9316108844835649,0.6811379607428204,1.2504729226400906,resnet32,0.7217,0.7156,0.8439366198144853,0.6207569149238142,0.22317970334552228,resnet32,0.7113,0.719,0.8466446248983795,0.5351315819743004,0.3115130408074368,resnet32,0.7166,0.7162,0.7220946571535685,0.49650682136416435,0.22558783589523623,resnet32,0.7196,0.7288,0.7766004594635557,0.4859055389057506,0.29069492002864455,resnet32,0.7162,0.716,0.7768017520535399,0.5176598252728581,0.25914192644201894,resnet32,0.7043,0.706,1.9640320649539882,0.6432123618539084,1.3208197064020417,resnet32,0.712,0.7118,0.7307754797352985,0.5186384578489445,0.21213702123019507,resnet32,0.7166,0.717,0.8367964974181219,0.6092452926307239,0.2275512046815658,resnet32,0.7233,0.7224,0.7078052922151983,0.48853236688724294,0.21927292613227936,9000000.0,0.0,36000000.0,7020000000.0,84240000000.0
resnet32x12_cifar100_K12_rand2-zomb0_seed0004_d015,d015,resnet32:12,cifar100,12,matched,rand2-zomb0,peers,4,200,64,0.1,0.9,0.0005,True,0,60,0.1,1.0,2,,random,1.0,1,0.0,0.5,weight,complete,0.0,0.0,42,0,45000,5000,10000,5170044,0,195,0.00010000000000000003,2,166.3,0.65645,0.19503093130748944,0.01,0.7225,0.7659,0.10945000000000005,0.6573666666666667,0.7606,0.3632303030303033,0.5336183400494328,0.368101515151515,0.5358296937523117,0.7152181818181819,0.01,0.7152181818181819,0.7160727272727272,0.24368909090909097,0.6353737304960381,0.23821090909090908,0.6335578849600952,zombie,0.01,0.0116,0.0,0.0,0.0,resnet32,0.7217,0.7166,0.7453865600665185,0.5148204991763289,0.23056606158868156,resnet32,0.7198,0.723,0.7615067924965512,0.5489684197713028,0.2125383723230863,resnet32,0.7225,0.7228,0.7774755345149473,0.5519000832414762,0.22557544958015735,resnet32,0.6979,0.702,2.1107911472632126,0.753733981993388,1.357057169757106,resnet32,0.7145,0.714,0.8508356548845768,0.5015404424630105,0.3492952117654072,resnet32,0.7109,0.7182,1.9611293133348227,0.7160418497991156,1.2450874647633596,resnet32,0.7151,0.717,0.7280536774884571,0.51304174951193,0.21501192897134883,resnet32,0.7177,0.7122,0.7805601475252346,0.561070841059766,0.21948930593630808,resnet32,0.7072,0.71,0.8926870888945732,0.5190095553513278,0.3736775339665738,resnet32,0.7186,0.7188,0.757778391326693,0.5334695012901317,0.22430888925340364,resnet32,0.7215,0.7222,0.7176276883533732,0.48419238527474756,0.2334353023378009,9000000.0,0.0,36000000.0,7056000000.0,84672000000.0
resnet32x12_cifar100_K12_rand2-zomb0_seed0004_d015,d015,resnet32:12,cifar100,12,matched,rand2-zomb0,peers,4,200,64,0.1,0.9,0.0005,True,0,60,0.1,1.0,2,,random,1.0,1,0.0,0.5,weight,complete,0.0,0.0,42,0,45000,5000,10000,5170044,0,196,0.00010000000000000003,2,166.32,0.6567916666666666,0.19511594612064784,0.01,0.7225,0.7658,0.10900833333333348,0.6578333333333333,0.7614,0.3616969696969697,0.5362253798121943,0.36718787878787873,0.5380778485659509,0.7155909090909089,0.01,0.7155909090909089,0.7165818181818181,0.2426327272727274,0.6377209708736797,0.2364181818181819,0.6363262181250706,zombie,0.01,0.0116,0.0,0.0,0.0,resnet32,0.7218,0.7178,0.8338862332854081,0.518545141231946,0.3153410915878009,resnet32,0.719,0.7252,0.7309154027395628,0.5047968529080126,0.22611854934472253,resnet32,0.7121,0.7128,1.972205661745234,0.7448555921119723,1.22735007064925,resnet32,0.7128,0.7172,0.9436532352119684,0.6207730701108548,0.322880165820772,resnet32,0.6992,0.6964,2.1102363892238247,0.8061517324637283,1.3040846538814632,resnet32,0.7199,0.7236,0.769897139292549,0.5548935050822117,0.21500363446433435,resnet32,0.7162,0.7212,0.7227139389565722,0.5119058378464119,0.2108081017239866,resnet32,0.7212,0.7164,0.746119180821221,0.5160153954797848,0.2301037856165997,resnet32,0.7098,0.7094,0.7714204509657893,0.523710023061457,0.24771042733283882,resnet32,0.717,0.7196,0.7229013798589056,0.5161296930587427,0.20677168569950896,resnet32,0.7225,0.7228,0.6996296654370698,0.48240778569809417,0.21722187904048373,9000000.0,0.0,36000000.0,7092000000.0,85104000000.0
resnet32x12_cifar100_K12_rand2-zomb0_seed0004_d015,d015,resnet32:12,cifar100,12,matched,rand2-zomb0,peers,4,200,64,0.1,0.9,0.0005,True,0,60,0.1,1.0,2,,random,1.0,1,0.0,0.5,weight,complete,0.0,0.0,42,0,45000,5000,10000,5170044,0,197,0.00010000000000000003,2,166.39,0.6572916666666666,0.19530347948058227,0.01,0.725,0.7637,0.10640833333333344,0.6572833333333333,0.763,0.3634121212121212,0.5366625728259924,0.3677030303030302,0.5378858541559483,0.7161363636363637,0.01,0.7161363636363637,0.7159818181818182,0.24329090909090906,0.637023032239892,0.23856727272727277,0.6359242498731303,zombie,0.01,0.0116,0.0,0.0,0.0,resnet32,0.7198,0.7164,0.8235277786681597,0.5167370628226887,0.30679071516814554,resnet32,0.7232,0.7224,0.8546512667089701,0.5101099013858899,0.3445413648997518,resnet32,0.7176,0.716,1.7546511306004091,0.8018556011163376,0.9527955305000598,resnet32,0.7146,0.7144,0.7528735381043092,0.540914848743176,0.21195868991146033,resnet32,0.7156,0.7168,0.7963549582795664,0.5708153510720215,0.22553960744037546,resnet32,0.7188,0.7244,0.7057663546028462,0.48534613276239147,0.2204202221367847,resnet32,0.7126,0.7138,0.755676699378951,0.506896092556417,0.2487806061028757,resnet32,0.72,0.7152,0.7517016051675786,0.5100560409270904,0.2416455641134896,resnet32,0.6946,0.696,2.1834743834015997,0.7248311036859046,1.4586432765830646,resnet32,0.7157,0.718,0.7088238411921669,0.5054938947273926,0.20332994669760493,resnet32,0.725,0.7224,0.7008035993626849,0.4822517008182,0.21855189812115647,9000000.0,0.0,36000000.0,7128000000.0,85536000000.0
resnet32x12_cifar100_K12_rand2-zomb0_seed0004_d015,d015,resnet32:12,cifar100,12,matched,rand2-zomb0,peers,4,200,64,0.1,0.9,0.0005,True,0,60,0.1,1.0,2,,random,1.0,1,0.0,0.5,weight,complete,0.0,0.0,42,0,45000,5000,10000,5170044,0,198,0.00010000000000000003,2,166.23,0.6578499999999999,0.19542584058068335,0.01,0.7237,0.766,0.10815000000000008,0.6589833333333334,0.7626,0.3599181818181818,0.540316041084389,0.3656181818181817,0.5395507236958512,0.7167454545454546,0.01,0.7167454545454546,0.7178363636363635,0.24079636363636364,0.6390437921315769,0.23442909090909095,0.6400780949879655,zombie,0.01,0.0116,0.0,0.0,0.0,resnet32,0.7212,0.7146,0.7185517051680521,0.5087301347150721,0.20982157032598148,resnet32,0.7152,0.7206,1.8062426488507877,0.6991521928628738,1.107090455733917,resnet32,0.7215,0.7238,0.8220317881893028,0.6001653568395837,0.22186643071472645,resnet32,0.7139,0.718,0.7327130285345695,0.5218977464616976,0.21081528209403835,resnet32,0.7161,0.7182,0.8418008602986281,0.5229028171267022,0.31889804293909535,resnet32,0.7209,0.7264,0.6837157154117118,0.475604642605917,0.20811107364186848,resnet32,0.7018,0.7084,2.14270204576579,0.7717906836928292,1.3709113594483247,resnet32,0.7219,0.7156,0.7189901709471914,0.5044926235198297,0.21449754704636606,resnet32,0.7092,0.7074,0.93650411602787,0.6076330232264643,0.3288710903672671,resnet32,0.7188,0.7182,0.7874257821505043,0.5102598187090321,0.27716596284881234,resnet32,0.7237,0.725,0.7232230132953688,0.48089863381094555,0.24232437978075308,9000000.0,0.0,36000000.0,7164000000.0,85968000000.0
resnet32x12_cifar100_K12_rand2-zomb0_seed0004_d015,d015,resnet32:12,cifar100,12,matched,rand2-zomb0,peers,4,200,64,0.1,0.9,0.0005,True,0,60,0.1,1.0,2,,random,1.0,1,0.0,0.5,weight,complete,0.0,0.0,42,0,45000,5000,10000,5170044,0,199,0.00010000000000000003,2,166.16,0.6569416666666668,0.19513138077687273,0.01,0.7225,0.7652,0.10825833333333323,0.6576999999999998,0.7632,0.3617303030303028,0.5374950980687287,0.36797575757575746,0.5366183634927956,0.7157545454545455,0.01,0.7157545454545455,0.7164363636363635,0.2435890909090909,0.6358939332942982,0.23650545454545457,0.6377710175610604,zombie,0.01,0.0116,0.0,0.0,0.0,resnet32,0.7225,0.7182,0.7169367589310489,0.5005284040658311,0.21640835626220162,resnet32,0.7178,0.7212,0.7639541435902092,0.5497752161781219,0.21417892711575737,resnet32,0.7133,0.7152,1.775528245690194,0.696579893161966,1.0789483521472325,resnet32,0.7143,0.7162,0.7600174366327171,0.5154933636500076,0.24452407274987886,resnet32,0.7023,0.7038,1.957360440357165,0.7654294772073627,1.1919309656051071,resnet32,0.7196,0.7248,0.7260432407175276,0.47270255882970313,0.25334068203598936,resnet32,0.7144,0.7152,0.8159759605557404,0.5872012279419736,0.22877473346042362,resnet32,0.7165,0.7136,0.9025789269838821,0.5177157102576033,0.3848632160489532,resnet32,0.7111,0.7116,0.746749696448784,0.5386640566231852,0.20808564007959582,resnet32,0.7191,0.717,0.7315250302834267,0.5081518731418658,0.22337315777655353,resnet32,0.7224,0.724,0.7203145752322268,0.4823902896605432,0.2379242858045142,9000000.0,0.0,36000000.0,7200000000.0,86400000000.0
