run_id,run_tag,epoch,layer,i,j,arch_i,arch_j,weight,penalized_weight,weight_mode,solver,k
resnet32x12_cifar100_K12_mwmd1_seed0005_d001,d001,0,0,0,1,resnet32,resnet32,1.000000,1.000000,disagreement,exact,1
resnet32x12_cifar100_K12_mwmd1_seed0005_d001,d001,0,0,2,3,resnet32,resnet32,1.000000,1.000000,disagreement,exact,1
resnet32x12_cifar100_K12_mwmd1_seed0005_d001,d001,0,0,4,5,resnet32,resnet32,1.000000,1.000000,disagreement,exact,1
resnet32x12_cifar100_K12_mwmd1_seed0005_d001,d001,0,0,6,7,resnet32,resnet32,1.000000,1.000000,disagreement,exact,1
resnet32x12_cifar100_K12_mwmd1_seed0005_d001,d001,0,0,8,9,resnet32,resnet32,1.000000,1.000000,disagreement,exact,1
resnet32x12_cifar100_K12_mwmd1_seed0005_d001,d001,0,0,10,11,resnet32,resnet32,1.000000,1.000000,disagreement,exact,1
resnet32x12_cifar100_K12_mwmd1_seed0005_d001,d001,1,0,0,3,resnet32,resnet32,0.871400,0.871400,disagreement,exact,1
resnet32x12_cifar100_K12_mwmd1_seed0005_d001,d001,1,0,1,8,resnet32,resnet32,0.903800,0.903800,disagreement,exact,1
resnet32x12_cifar100_K12_mwmd1_seed0005_d001,d001,1,0,2,11,resnet32,resnet32,0.925400,0.925400,disagreement,exact,1
resnet32x12_cifar100_K12_mwmd1_seed0005_d001,d001,1,0,4,7,resnet32,resnet32,0.975800,0.975800,disagreement,exact,1
resnet32x12_cifar100_K12_mwmd1_seed0005_d001,d001,1,0,5,9,resnet32,resnet32,0.931400,0.931400,disagreement,exact,1
resnet32x12_cifar100_K12_mwmd1_seed0005_d001,d001,1,0,6,10,resnet32,resnet32,0.946600,0.946600,disagreement,exact,1
resnet32x12_cifar100_K12_mwmd1_seed0005_d001,d001,2,0,0,8,resnet32,resnet32,0.711000,0.711000,disagreement,exact,1
resnet32x12_cifar100_K12_mwmd1_seed0005_d001,d001,2,0,1,3,resnet32,resnet32,0.733800,0.733800,disagreement,exact,1
resnet32x12_cifar100_K12_mwmd1_seed0005_d001,d001,2,0,2,5,resnet32,resnet32,0.826800,0.826800,disagreement,exact,1
resnet32x12_cifar100_K12_mwmd1_seed0005_d001,d001,2,0,4,6,resnet32,resnet32,0.740400,0.740400,disagreement,exact,1
resnet32x12_cifar100_K12_mwmd1_seed0005_d001,d001,2,0,7,10,resnet32,resnet32,0.827600,0.827600,disagreement,exact,1
resnet32x12_cifar100_K12_mwmd1_seed0005_d001,d001,2,0,9,11,resnet32,resnet32,0.859800,0.859800,disagreement,exact,1
resnet32x12_cifar100_K12_mwmd1_seed0005_d001,d001,3,0,0,2,resnet32,resnet32,0.789000,0.789000,disagreement,exact,1
resnet32x12_cifar100_K12_mwmd1_seed0005_d001,d001,3,0,1,4,resnet32,resnet32,0.766800,0.766800,disagreement,exact,1
resnet32x12_cifar100_K12_mwmd1_seed0005_d001,d001,3,0,3,9,resnet32,resnet32,0.782200,0.782200,disagreement,exact,1
resnet32x12_cifar100_K12_mwmd1_seed0005_d001,d001,3,0,5,11,resnet32,resnet32,0.786600,0.786600,disagreement,exact,1
resnet32x12_cifar100_K12_mwmd1_seed0005_d001,d001,3,0,6,7,resnet32,resnet32,0.679800,0.679800,disagreement,exact,1
resnet32x12_cifar100_K12_mwmd1_seed0005_d001,d001,3,0,8,10,resnet32,resnet32,0.696200,0.696200,disagreement,exact,1
resnet32x12_cifar100_K12_mwmd1_seed0005_d001,d001,4,0,0,3,resnet32,resnet32,0.728600,0.728600,disagreement,exact,1
resnet32x12_cifar100_K12_mwmd1_seed0005_d001,d001,4,0,1,10,resnet32,resnet32,0.740400,0.740400,disagreement,exact,1
resnet32x12_cifar100_K12_mwmd1_seed0005_d001,d001,4,0,2,6,resnet32,resnet32,0.674600,0.674600,disagreement,exact,1
resnet32x12_cifar100_K12_mwmd1_seed0005_d001,d001,4,0,4,11,resnet32,resnet32,0.638600,0.638600,disagreement,exact,1
resnet32x12_cifar100_K12_mwmd1_seed0005_d001,d001,4,0,5,9,resnet32,resnet32,0.726400,0.726400,disagreement,exact,1
resnet32x12_cifar100_K12_mwmd1_seed0005_d001,d001,4,0,7,8,resnet32,resnet32,0.634600,0.634600,disagreement,exact,1
resnet32x12_cifar100_K12_mwmd1_seed0005_d001,d001,5,0,0,2,resnet32,resnet32,0.574000,0.574000,disagreement,exact,1
resnet32x12_cifar100_K12_mwmd1_seed0005_d001,d001,5,0,1,5,resnet32,resnet32,0.597200,0.597200,disagreement,exact,1
resnet32x12_cifar100_K12_mwmd1_seed0005_d001,d001,5,0,3,11,resnet32,resnet32,0.657400,0.657400,disagreement,exact,1
resnet32x12_cifar100_K12_mwmd1_seed0005_d001,d001,5,0,4,10,resnet32,resnet32,0.656000,0.656000,disagreement,exact,1
resnet32x12_cifar100_K12_mwmd1_seed0005_d001,d001,5,0,6,8,resnet32,resnet32,0.628200,0.628200,disagreement,exact,1
resnet32x12_cifar100_K12_mwmd1_seed0005_d001,d001,5,0,7,9,resnet32,resnet32,0.672400,0.672400,disagreement,exact,1
resnet32x12_cifar100_K12_mwmd1_seed0005_d001,d001,6,0,0,7,resnet32,resnet32,0.684400,0.684400,disagreement,exact,1
resnet32x12_cifar100_K12_mwmd1_seed0005_d001,d001,6,0,1,10,resnet32,resnet32,0.606000,0.606000,disagreement,exact,1
resnet32x12_cifar100_K12_mwmd1_seed0005_d001,d001,6,0,2,6,resnet32,resnet32,0.737600,0.737600,disagreement,exact,1
resnet32x12_cifar100_K12_mwmd1_seed0005_d001,d001,6,0,3,8,resnet32,resnet32,0.541400,0.541400,disagreement,exact,1
resnet32x12_cifar100_K12_mwmd1_seed0005_d001,d001,6,0,4,9,resnet32,resnet32,0.581200,0.581200,disagreement,exact,1
resnet32x12_cifar100_K12_mwmd1_seed0005_d001,d001,6,0,5,11,resnet32,resnet32,0.545400,0.545400,disagreement,exact,1
resnet32x12_cifar100_K12_mwmd1_seed0005_d001,d001,7,0,0,1,resnet32,resnet32,0.615600,0.615600,disagreement,exact,1
resnet32x12_cifar100_K12_mwmd1_seed0005_d001,d001,7,0,2,10,resnet32,resnet32,0.584000,0.584000,disagreement,exact,1
resnet32x12_cifar100_K12_mwmd1_seed0005_d001,d001,7,0,3,6,resnet32,resnet32,0.527600,0.527600,disagreement,exact,1
resnet32x12_cifar100_K12_mwmd1_seed0005_d001,d001,7,0,4,8,resnet32,resnet32,0.554000,0.554000,disagreement,exact,1
resnet32x12_cifar100_K12_mwmd1_seed0005_d001,d001,7,0,5,11,resnet32,resnet32,0.594200,0.594200,disagreement,exact,1
resnet32x12_cifar100_K12_mwmd1_seed0005_d001,d001,7,0,7,9,resnet32,resnet32,0.588400,0.588400,disagreement,exact,1
resnet32x12_cifar100_K12_mwmd1_seed0005_d001,d001,8,0,0,8,resnet32,resnet32,0.562600,0.562600,disagreement,exact,1
resnet32x12_cifar100_K12_mwmd1_seed0005_d001,d001,8,0,1,6,resnet32,resnet32,0.554000,0.554000,disagreement,exact,1
resnet32x12_cifar100_K12_mwmd1_seed0005_d001,d001,8,0,2,5,resnet32,resnet32,0.521400,0.521400,disagreement,exact,1
resnet32x12_cifar100_K12_mwmd1_seed0005_d001,d001,8,0,3,11,resnet32,resnet32,0.531200,0.531200,disagreement,exact,1
resnet32x12_cifar100_K12_mwmd1_seed0005_d001,d001,8,0,4,7,resnet32,resnet32,0.523400,0.523400,disagreement,exact,1
resnet32x12_cifar100_K12_mwmd1_seed0005_d001,d001,8,0,9,10,resnet32,resnet32,0.583000,0.583000,disagreement,exact,1
resnet32x12_cifar100_K12_mwmd1_seed0005_d001,d001,9,0,0,3,resnet32,resnet32,0.582400,0.582400,disagreement,exact,1
resnet32x12_cifar100_K12_mwmd1_seed0005_d001,d001,9,0,1,7,resnet32,resnet32,0.516600,0.516600,disagreement,exact,1
resnet32x12_cifar100_K12_mwmd1_seed0005_d001,d001,9,0,2,6,resnet32,resnet32,0.515600,0.515600,disagreement,exact,1
resnet32x12_cifar100_K12_mwmd1_seed0005_d001,d001,9,0,4,8,resnet32,resnet32,0.483800,0.483800,disagreement,exact,1
resnet32x12_cifar100_K12_mwmd1_seed0005_d001,d001,9,0,5,10,resnet32,resnet32,0.608400,0.608400,disagreement,exact,1
resnet32x12_cifar100_K12_mwmd1_seed0005_d001,d001,9,0,9,11,resnet32,resnet32,0.528000,0.528000,disagreement,exact,1
resnet32x12_cifar100_K12_mwmd1_seed0005_d001,d001,10,0,0,8,resnet32,resnet32,0.597000,0.597000,disagreement,exact,1
resnet32x12_cifar100_K12_mwmd1_seed0005_d001,d001,10,0,1,4,resnet32,resnet32,0.551000,0.551000,disagreement,exact,1
resnet32x12_cifar100_K12_mwmd1_seed0005_d001,d001,10,0,2,7,resnet32,resnet32,0.574400,0.574400,disagreement,exact,1
resnet32x12_cifar100_K12_mwmd1_seed0005_d001,d001,10,0,3,10,resnet32,resnet32,0.585800,0.585800,disagreement,exact,1
resnet32x12_cifar100_K12_mwmd1_seed0005_d001,d001,10,0,5,6,resnet32,resnet32,0.631200,0.631200,disagreement,exact,1
resnet32x12_cifar100_K12_mwmd1_seed0005_d001,d001,10,0,9,11,resnet32,resnet32,0.597200,0.597200,disagreement,exact,1
resnet32x12_cifar100_K12_mwmd1_seed0005_d001,d001,11,0,0,1,resnet32,resnet32,0.570200,0.570200,disagreement,exact,1
resnet32x12_cifar100_K12_mwmd1_seed0005_d001,d001,11,0,2,10,resnet32,resnet32,0.479200,0.479200,disagreement,exact,1
resnet32x12_cifar100_K12_mwmd1_seed0005_d001,d001,11,0,3,5,resnet32,resnet32,0.531600,0.531600,disagreement,exact,1
resnet32x12_cifar100_K12_mwmd1_seed0005_d001,d001,11,0,4,7,resnet32,resnet32,0.527200,0.527200,disagreement,exact,1
resnet32x12_cifar100_K12_mwmd1_seed0005_d001,d001,11,0,6,9,resnet32,resnet32,0.554600,0.554600,disagreement,exact,1
resnet32x12_cifar100_K12_mwmd1_seed0005_d001,d001,11,0,8,11,resnet32,resnet32,0.505800,0.505800,disagreement,exact,1
resnet32x12_cifar100_K12_mwmd1_seed0005_d001,d001,12,0,0,2,resnet32,resnet32,0.462200,0.462200,disagreement,exact,1
resnet32x12_cifar100_K12_mwmd1_seed0005_d001,d001,12,0,1,5,resnet32,resnet32,0.544800,0.544800,disagreement,exact,1
resnet32x12_cifar100_K12_mwmd1_seed0005_d001,d001,12,0,3,9,resnet32,resnet32,0.640600,0.640600,disagreement,exact,1
resnet32x12_cifar100_K12_mwmd1_seed0005_d001,d001,12,0,4,7,resnet32,resnet32,0.533400,0.533400,disagreement,exact,1
resnet32x12_cifar100_K12_mwmd1_seed0005_d001,d001,12,0,6,11,resnet32,resnet32,0.457200,0.457200,disagreement,exact,1
resnet32x12_cifar100_K12_mwmd1_seed0005_d001,d001,12,0,8,10,resnet32,resnet32,0.573200,0.573200,disagreement,exact,1
resnet32x12_cifar100_K12_mwmd1_seed0005_d001,d001,13,0,0,10,resnet32,resnet32,0.511600,0.511600,disagreement,exact,1
resnet32x12_cifar100_K12_mwmd1_seed0005_d001,d001,13,0,1,5,resnet32,resnet32,0.501400,0.501400,disagreement,exact,1
resnet32x12_cifar100_K12_mwmd1_seed0005_d001,d001,13,0,2,8,resnet32,resnet32,0.485400,0.485400,disagreement,exact,1
resnet32x12_cifar100_K12_mwmd1_seed0005_d001,d001,13,0,3,4,resnet32,resnet32,0.506400,0.506400,disagreement,exact,1
resnet32x12_cifar100_K12_mwmd1_seed0005_d001,d001,13,0,6,11,resnet32,resnet32,0.615400,0.615400,disagreement,exact,1
resnet32x12_cifar100_K12_mwmd1_seed0005_d001,d001,13,0,7,9,resnet32,resnet32,0.521600,0.521600,disagreement,exact,1
resnet32x12_cifar100_K12_mwmd1_seed0005_d001,d001,14,0,0,5,resnet32,resnet32,0.641400,0.641400,disagreement,exact,1
resnet32x12_cifar100_K12_mwmd1_seed0005_d001,d001,14,0,1,11,resnet32,resnet32,0.518600,0.518600,disagreement,exact,1
resnet32x12_cifar100_K12_mwmd1_seed0005_d001,d001,14,0,2,3,resnet32,resnet32,0.629800,0.629800,disagreement,exact,1
resnet32x12_cifar100_K12_mwmd1_seed0005_d001,d001,14,0,4,9,resnet32,resnet32,0.559200,0.559200,disagreement,exact,1
resnet32x12_cifar100_K12_mwmd1_seed0005_d001,d001,14,0,6,10,resnet32,resnet32,0.568400,0.568400,disagreement,exact,1
resnet32x12_cifar100_K12_mwmd1_seed0005_d001,d001,14,0,7,8,resnet32,resnet32,0.559800,0.559800,disagreement,exact,1
resnet32x12_cifar100_K12_mwmd1_seed0005_d001,d001,15,0,0,1,resnet32,resnet32,0.521400,0.521400,disagreement,exact,1
resnet32x12_cifar100_K12_mwmd1_seed0005_d001,d001,15,0,2,3,resnet32,resnet32,0.530800,0.530800,disagreement,exact,1
resnet32x12_cifar100_K12_mwmd1_seed0005_d001,d001,15,0,4,11,resnet32,resnet32,0.529800,0.529800,disagreement,exact,1
resnet32x12_cifar100_K12_mwmd1_seed0005_d001,d001,15,0,5,8,resnet32,resnet32,0.503600,0.503600,disagreement,exact,1
resnet32x12_cifar100_K12_mwmd1_seed0005_d001,d001,15,0,6,9,resnet32,resnet32,0.526800,0.526800,disagreement,exact,1
resnet32x12_cifar100_K12_mwmd1_seed0005_d001,d001,15,0,7,10,resnet32,resnet32,0.563200,0.563200,disagreement,exact,1
resnet32x12_cifar100_K12_mwmd1_seed0005_d001,d001,16,0,0,8,resnet32,resnet32,0.483800,0.483800,disagreement,exact,1
resnet32x12_cifar100_K12_mwmd1_seed0005_d001,d001,16,0,1,6,resnet32,resnet32,0.456600,0.456600,disagreement,exact,1
resnet32x12_cifar100_K12_mwmd1_seed0005_d001,d001,16,0,2,9,resnet32,resnet32,0.463800,0.463800,disagreement,exact,1
resnet32x12_cifar100_K12_mwmd1_seed0005_d001,d001,16,0,3,10,resnet32,resnet32,0.511000,0.511000,disagreement,exact,1
resnet32x12_cifar100_K12_mwmd1_seed0005_d001,d001,16,0,4,7,resnet32,resnet32,0.527800,0.527800,disagreement,exact,1
resnet32x12_cifar100_K12_mwmd1_seed0005_d001,d001,16,0,5,11,resnet32,resnet32,0.476400,0.476400,disagreement,exact,1
resnet32x12_cifar100_K12_mwmd1_seed0005_d001,d001,17,0,0,8,resnet32,resnet32,0.564800,0.564800,disagreement,exact,1
resnet32x12_cifar100_K12_mwmd1_seed0005_d001,d001,17,0,1,6,resnet32,resnet32,0.507400,0.507400,disagreement,exact,1
resnet32x12_cifar100_K12_mwmd1_seed0005_d001,d001,17,0,2,4,resnet32,resnet32,0.545000,0.545000,disagreement,exact,1
resnet32x12_cifar100_K12_mwmd1_seed0005_d001,d001,17,0,3,7,resnet32,resnet32,0.556600,0.556600,disagreement,exact,1
resnet32x12_cifar100_K12_mwmd1_seed0005_d001,d001,17,0,5,11,resnet32,resnet32,0.526400,0.526400,disagreement,exact,1
resnet32x12_cifar100_K12_mwmd1_seed0005_d001,d001,17,0,9,10,resnet32,resnet32,0.657600,0.657600,disagreement,exact,1
resnet32x12_cifar100_K12_mwmd1_seed0005_d001,d001,18,0,0,9,resnet32,resnet32,0.459800,0.459800,disagreement,exact,1
resnet32x12_cifar100_K12_mwmd1_seed0005_d001,d001,18,0,1,4,resnet32,resnet32,0.524800,0.524800,disagreement,exact,1
resnet32x12_cifar100_K12_mwmd1_seed0005_d001,d001,18,0,2,11,resnet32,resnet32,0.478200,0.478200,disagreement,exact,1
resnet32x12_cifar100_K12_mwmd1_seed0005_d001,d001,18,0,3,5,resnet32,resnet32,0.480200,0.480200,disagreement,exact,1
resnet32x12_cifar100_K12_mwmd1_seed0005_d001,d001,18,0,6,8,resnet32,resnet32,0.458400,0.458400,disagreement,exact,1
resnet32x12_cifar100_K12_mwmd1_seed0005_d001,d001,18,0,7,10,resnet32,resnet32,0.571200,0.571200,disagreement,exact,1
resnet32x12_cifar100_K12_mwmd1_seed0005_d001,d001,19,0,0,4,resnet32,resnet32,0.597400,0.597400,disagreement,exact,1
resnet32x12_cifar100_K12_mwmd1_seed0005_d001,d001,19,0,1,3,resnet32,resnet32,0.571000,0.571000,disagreement,exact,1
resnet32x12_cifar100_K12_mwmd1_seed0005_d001,d001,19,0,2,11,resnet32,resnet32,0.603600,0.603600,disagreement,exact,1
resnet32x12_cifar100_K12_mwmd1_seed0005_d001,d001,19,0,5,9,resnet32,resnet32,0.581800,0.581800,disagreement,exact,1
resnet32x12_cifar100_K12_mwmd1_seed0005_d001,d001,19,0,6,8,resnet32,resnet32,0.503000,0.503000,disagreement,exact,1
resnet32x12_cifar100_K12_mwmd1_seed0005_d001,d001,19,0,7,10,resnet32,resnet32,0.537000,0.537000,disagreement,exact,1
resnet32x12_cifar100_K12_mwmd1_seed0005_d001,d001,20,0,0,1,resnet32,resnet32,0.555600,0.555600,disagreement,exact,1
resnet32x12_cifar100_K12_mwmd1_seed0005_d001,d001,20,0,2,4,resnet32,resnet32,0.538400,0.538400,disagreement,exact,1
resnet32x12_cifar100_K12_mwmd1_seed0005_d001,d001,20,0,3,10,resnet32,resnet32,0.565400,0.565400,disagreement,exact,1
resnet32x12_cifar100_K12_mwmd1_seed0005_d001,d001,20,0,5,9,resnet32,resnet32,0.553800,0.553800,disagreement,exact,1
resnet32x12_cifar100_K12_mwmd1_seed0005_d001,d001,20,0,6,11,resnet32,resnet32,0.473200,0.473200,disagreement,exact,1
resnet32x12_cifar100_K12_mwmd1_seed0005_d001,d001,20,0,7,8,resnet32,resnet32,0.578200,0.578200,disagreement,exact,1
resnet32x12_cifar100_K12_mwmd1_seed0005_d001,d001,21,0,0,9,resnet32,resnet32,0.558000,0.558000,disagreement,exact,1
resnet32x12_cifar100_K12_mwmd1_seed0005_d001,d001,21,0,1,3,resnet32,resnet32,0.543000,0.543000,disagreement,exact,1
resnet32x12_cifar100_K12_mwmd1_seed0005_d001,d001,21,0,2,7,resnet32,resnet32,0.554600,0.554600,disagreement,exact,1
resnet32x12_cifar100_K12_mwmd1_seed0005_d001,d001,21,0,4,8,resnet32,resnet32,0.511400,0.511400,disagreement,exact,1
resnet32x12_cifar100_K12_mwmd1_seed0005_d001,d001,21,0,5,6,resnet32,resnet32,0.573600,0.573600,disagreement,exact,1
resnet32x12_cifar100_K12_mwmd1_seed0005_d001,d001,21,0,10,11,resnet32,resnet32,0.517800,0.517800,disagreement,exact,1
resnet32x12_cifar100_K12_mwmd1_seed0005_d001,d001,22,0,0,11,resnet32,resnet32,0.585400,0.585400,disagreement,exact,1
resnet32x12_cifar100_K12_mwmd1_seed0005_d001,d001,22,0,1,9,resnet32,resnet32,0.580600,0.580600,disagreement,exact,1
resnet32x12_cifar100_K12_mwmd1_seed0005_d001,d001,22,0,2,3,resnet32,resnet32,0.580800,0.580800,disagreement,exact,1
resnet32x12_cifar100_K12_mwmd1_seed0005_d001,d001,22,0,4,8,resnet32,resnet32,0.524000,0.524000,disagreement,exact,1
resnet32x12_cifar100_K12_mwmd1_seed0005_d001,d001,22,0,5,6,resnet32,resnet32,0.538600,0.538600,disagreement,exact,1
resnet32x12_cifar100_K12_mwmd1_seed0005_d001,d001,22,0,7,10,resnet32,resnet32,0.526000,0.526000,disagreement,exact,1
resnet32x12_cifar100_K12_mwmd1_seed0005_d001,d001,23,0,0,4,resnet32,resnet32,0.490800,0.490800,disagreement,exact,1
resnet32x12_cifar100_K12_mwmd1_seed0005_d001,d001,23,0,1,9,resnet32,resnet32,0.469400,0.469400,disagreement,exact,1
resnet32x12_cifar100_K12_mwmd1_seed0005_d001,d001,23,0,2,11,resnet32,resnet32,0.533000,0.533000,disagreement,exact,1
resnet32x12_cifar100_K12_mwmd1_seed0005_d001,d001,23,0,3,6,resnet32,resnet32,0.505200,0.505200,disagreement,exact,1
resnet32x12_cifar100_K12_mwmd1_seed0005_d001,d001,23,0,5,8,resnet32,resnet32,0.535800,0.535800,disagreement,exact,1
resnet32x12_cifar100_K12_mwmd1_seed0005_d001,d001,23,0,7,10,resnet32,resnet32,0.519800,0.519800,disagreement,exact,1
resnet32x12_cifar100_K12_mwmd1_seed0005_d001,d001,24,0,0,2,resnet32,resnet32,0.536800,0.536800,disagreement,exact,1
resnet32x12_cifar100_K12_mwmd1_seed0005_d001,d001,24,0,1,9,resnet32,resnet32,0.523200,0.523200,disagreement,exact,1
resnet32x12_cifar100_K12_mwmd1_seed0005_d001,d001,24,0,3,6,resnet32,resnet32,0.517600,0.517600,disagreement,exact,1
resnet32x12_cifar100_K12_mwmd1_seed0005_d001,d001,24,0,4,8,resnet32,resnet32,0.524000,0.524000,disagreement,exact,1
resnet32x12_cifar100_K12_mwmd1_seed0005_d001,d001,24,0,5,11,resnet32,resnet32,0.540600,0.540600,disagreement,exact,1
resnet32x12_cifar100_K12_mwmd1_seed0005_d001,d001,24,0,7,10,resnet32,resnet32,0.477200,0.477200,disagreement,exact,1
resnet32x12_cifar100_K12_mwmd1_seed0005_d001,d001,25,0,0,7,resnet32,resnet32,0.517600,0.517600,disagreement,exact,1
resnet32x12_cifar100_K12_mwmd1_seed0005_d001,d001,25,0,1,9,resnet32,resnet32,0.523600,0.523600,disagreement,exact,1
resnet32x12_cifar100_K12_mwmd1_seed0005_d001,d001,25,0,2,5,resnet32,resnet32,0.565800,0.565800,disagreement,exact,1
resnet32x12_cifar100_K12_mwmd1_seed0005_d001,d001,25,0,3,6,resnet32,resnet32,0.475400,0.475400,disagreement,exact,1
resnet32x12_cifar100_K12_mwmd1_seed0005_d001,d001,25,0,4,10,resnet32,resnet32,0.546600,0.546600,disagreement,exact,1
resnet32x12_cifar100_K12_mwmd1_seed0005_d001,d001,25,0,8,11,resnet32,resnet32,0.563400,0.563400,disagreement,exact,1
resnet32x12_cifar100_K12_mwmd1_seed0005_d001,d001,26,0,0,2,resnet32,resnet32,0.469400,0.469400,disagreement,exact,1
resnet32x12_cifar100_K12_mwmd1_seed0005_d001,d001,26,0,1,9,resnet32,resnet32,0.538000,0.538000,disagreement,exact,1
resnet32x12_cifar100_K12_mwmd1_seed0005_d001,d001,26,0,3,7,resnet32,resnet32,0.540200,0.540200,disagreement,exact,1
resnet32x12_cifar100_K12_mwmd1_seed0005_d001,d001,26,0,4,5,resnet32,resnet32,0.480400,0.480400,disagreement,exact,1
resnet32x12_cifar100_K12_mwmd1_seed0005_d001,d001,26,0,6,10,resnet32,resnet32,0.535200,0.535200,disagreement,exact,1
resnet32x12_cifar100_K12_mwmd1_seed0005_d001,d001,26,0,8,11,resnet32,resnet32,0.578200,0.578200,disagreement,exact,1
resnet32x12_cifar100_K12_mwmd1_seed0005_d001,d001,27,0,0,7,resnet32,resnet32,0.523800,0.523800,disagreement,exact,1
resnet32x12_cifar100_K12_mwmd1_seed0005_d001,d001,27,0,1,9,resnet32,resnet32,0.536200,0.536200,disagreement,exact,1
resnet32x12_cifar100_K12_mwmd1_seed0005_d001,d001,27,0,2,11,resnet32,resnet32,0.560400,0.560400,disagreement,exact,1
resnet32x12_cifar100_K12_mwmd1_seed0005_d001,d001,27,0,3,8,resnet32,resnet32,0.497200,0.497200,disagreement,exact,1
resnet32x12_cifar100_K12_mwmd1_seed0005_d001,d001,27,0,4,5,resnet32,resnet32,0.545000,0.545000,disagreement,exact,1
resnet32x12_cifar100_K12_mwmd1_seed0005_d001,d001,27,0,6,10,resnet32,resnet32,0.576800,0.576800,disagreement,exact,1
resnet32x12_cifar100_K12_mwmd1_seed0005_d001,d001,28,0,0,5,resnet32,resnet32,0.498200,0.498200,disagreement,exact,1
resnet32x12_cifar100_K12_mwmd1_seed0005_d001,d001,28,0,1,8,resnet32,resnet32,0.488200,0.488200,disagreement,exact,1
resnet32x12_cifar100_K12_mwmd1_seed0005_d001,d001,28,0,2,3,resnet32,resnet32,0.485000,0.485000,disagreement,exact,1
resnet32x12_cifar100_K12_mwmd1_seed0005_d001,d001,28,0,4,9,resnet32,resnet32,0.542200,0.542200,disagreement,exact,1
resnet32x12_cifar100_K12_mwmd1_seed0005_d001,d001,28,0,6,11,resnet32,resnet32,0.555600,0.555600,disagreement,exact,1
resnet32x12_cifar100_K12_mwmd1_seed0005_d001,d001,28,0,7,10,resnet32,resnet32,0.511000,0.511000,disagreement,exact,1
resnet32x12_cifar100_K12_mwmd1_seed0005_d001,d001,29,0,0,1,resnet32,resnet32,0.518000,0.518000,disagreement,exact,1
resnet32x12_cifar100_K12_mwmd1_seed0005_d001,d001,29,0,2,4,resnet32,resnet32,0.503600,0.503600,disagreement,exact,1
resnet32x12_cifar100_K12_mwmd1_seed0005_d001,d001,29,0,3,8,resnet32,resnet32,0.481400,0.481400,disagreement,exact,1
resnet32x12_cifar100_K12_mwmd1_seed0005_d001,d001,29,0,5,9,resnet32,resnet32,0.547800,0.547800,disagreement,exact,1
resnet32x12_cifar100_K12_mwmd1_seed0005_d001,d001,29,0,6,7,resnet32,resnet32,0.595000,0.595000,disagreement,exact,1
resnet32x12_cifar100_K12_mwmd1_seed0005_d001,d001,29,0,10,11,resnet32,resnet32,0.545800,0.545800,disagreement,exact,1
resnet32x12_cifar100_K12_mwmd1_seed0005_d001,d001,30,0,0,4,resnet32,resnet32,0.520600,0.520600,disagreement,exact,1
resnet32x12_cifar100_K12_mwmd1_seed0005_d001,d001,30,0,1,9,resnet32,resnet32,0.573600,0.573600,disagreement,exact,1
resnet32x12_cifar100_K12_mwmd1_seed0005_d001,d001,30,0,2,10,resnet32,resnet32,0.535200,0.535200,disagreement,exact,1
resnet32x12_cifar100_K12_mwmd1_seed0005_d001,d001,30,0,3,5,resnet32,resnet32,0.543600,0.543600,disagreement,exact,1
resnet32x12_cifar100_K12_mwmd1_seed0005_d001,d001,30,0,6,7,resnet32,resnet32,0.456400,0.456400,disagreement,exact,1
resnet32x12_cifar100_K12_mwmd1_seed0005_d001,d001,30,0,8,11,resnet32,resnet32,0.530200,0.530200,disagreement,exact,1
resnet32x12_cifar100_K12_mwmd1_seed0005_d001,d001,31,0,0,11,resnet32,resnet32,0.511200,0.511200,disagreement,exact,1
resnet32x12_cifar100_K12_mwmd1_seed0005_d001,d001,31,0,1,2,resnet32,resnet32,0.509200,0.509200,disagreement,exact,1
resnet32x12_cifar100_K12_mwmd1_seed0005_d001,d001,31,0,3,10,resnet32,resnet32,0.524400,0.524400,disagreement,exact,1
resnet32x12_cifar100_K12_mwmd1_seed0005_d001,d001,31,0,4,5,resnet32,resnet32,0.519000,0.519000,disagreement,exact,1
resnet32x12_cifar100_K12_mwmd1_seed0005_d001,d001,31,0,6,7,resnet32,resnet32,0.510400,0.510400,disagreement,exact,1
resnet32x12_cifar100_K12_mwmd1_seed0005_d001,d001,31,0,8,9,resnet32,resnet32,0.579200,0.579200,disagreement,exact,1
resnet32x12_cifar100_K12_mwmd1_seed0005_d001,d001,32,0,0,2,resnet32,resnet32,0.536400,0.536400,disagreement,exact,1
resnet32x12_cifar100_K12_mwmd1_seed0005_d001,d001,32,0,1,8,resnet32,resnet32,0.493400,0.493400,disagreement,exact,1
resnet32x12_cifar100_K12_mwmd1_seed0005_d001,d001,32,0,3,10,resnet32,resnet32,0.555000,0.555000,disagreement,exact,1
resnet32x12_cifar100_K12_mwmd1_seed0005_d001,d001,32,0,4,11,resnet32,resnet32,0.530600,0.530600,disagreement,exact,1
resnet32x12_cifar100_K12_mwmd1_seed0005_d001,d001,32,0,5,7,resnet32,resnet32,0.491400,0.491400,disagreement,exact,1
resnet32x12_cifar100_K12_mwmd1_seed0005_d001,d001,32,0,6,9,resnet32,resnet32,0.572800,0.572800,disagreement,exact,1
resnet32x12_cifar100_K12_mwmd1_seed0005_d001,d001,33,0,0,10,resnet32,resnet32,0.534200,0.534200,disagreement,exact,1
resnet32x12_cifar100_K12_mwmd1_seed0005_d001,d001,33,0,1,8,resnet32,resnet32,0.465600,0.465600,disagreement,exact,1
resnet32x12_cifar100_K12_mwmd1_seed0005_d001,d001,33,0,2,7,resnet32,resnet32,0.474600,0.474600,disagreement,exact,1
resnet32x12_cifar100_K12_mwmd1_seed0005_d001,d001,33,0,3,5,resnet32,resnet32,0.511000,0.511000,disagreement,exact,1
resnet32x12_cifar100_K12_mwmd1_seed0005_d001,d001,33,0,4,9,resnet32,resnet32,0.567400,0.567400,disagreement,exact,1
resnet32x12_cifar100_K12_mwmd1_seed0005_d001,d001,33,0,6,11,resnet32,resnet32,0.533200,0.533200,disagreement,exact,1
resnet32x12_cifar100_K12_mwmd1_seed0005_d001,d001,34,0,0,9,resnet32,resnet32,0.553400,0.553400,disagreement,exact,1
resnet32x12_cifar100_K12_mwmd1_seed0005_d001,d001,34,0,1,8,resnet32,resnet32,0.469000,0.469000,disagreement,exact,1
resnet32x12_cifar100_K12_mwmd1_seed0005_d001,d001,34,0,2,7,resnet32,resnet32,0.526000,0.526000,disagreement,exact,1
resnet32x12_cifar100_K12_mwmd1_seed0005_d001,d001,34,0,3,4,resnet32,resnet32,0.468400,0.468400,disagreement,exact,1
resnet32x12_cifar100_K12_mwmd1_seed0005_d001,d001,34,0,5,6,resnet32,resnet32,0.554000,0.554000,disagreement,exact,1
resnet32x12_cifar100_K12_mwmd1_seed0005_d001,d001,34,0,10,11,resnet32,resnet32,0.477200,0.477200,disagreement,exact,1
resnet32x12_cifar100_K12_mwmd1_seed0005_d001,d001,35,0,0,3,resnet32,resnet32,0.504400,0.504400,disagreement,exact,1
resnet32x12_cifar100_K12_mwmd1_seed0005_d001,d001,35,0,1,11,resnet32,resnet32,0.457400,0.457400,disagreement,exact,1
resnet32x12_cifar100_K12_mwmd1_seed0005_d001,d001,35,0,2,8,resnet32,resnet32,0.480800,0.480800,disagreement,exact,1
resnet32x12_cifar100_K12_mwmd1_seed0005_d001,d001,35,0,4,7,resnet32,resnet32,0.581200,0.581200,disagreement,exact,1
resnet32x12_cifar100_K12_mwmd1_seed0005_d001,d001,35,0,5,6,resnet32,resnet32,0.533800,0.533800,disagreement,exact,1
resnet32x12_cifar100_K12_mwmd1_seed0005_d001,d001,35,0,9,10,resnet32,resnet32,0.523400,0.523400,disagreement,exact,1
resnet32x12_cifar100_K12_mwmd1_seed0005_d001,d001,36,0,0,1,resnet32,resnet32,0.557200,0.557200,disagreement,exact,1
resnet32x12_cifar100_K12_mwmd1_seed0005_d001,d001,36,0,2,8,resnet32,resnet32,0.438400,0.438400,disagreement,exact,1
resnet32x12_cifar100_K12_mwmd1_seed0005_d001,d001,36,0,3,5,resnet32,resnet32,0.477200,0.477200,disagreement,exact,1
resnet32x12_cifar100_K12_mwmd1_seed0005_d001,d001,36,0,4,7,resnet32,resnet32,0.459000,0.459000,disagreement,exact,1
resnet32x12_cifar100_K12_mwmd1_seed0005_d001,d001,36,0,6,11,resnet32,resnet32,0.500800,0.500800,disagreement,exact,1
resnet32x12_cifar100_K12_mwmd1_seed0005_d001,d001,36,0,9,10,resnet32,resnet32,0.535800,0.535800,disagreement,exact,1
resnet32x12_cifar100_K12_mwmd1_seed0005_d001,d001,37,0,0,1,resnet32,resnet32,0.501400,0.501400,disagreement,exact,1
resnet32x12_cifar100_K12_mwmd1_seed0005_d001,d001,37,0,2,8,resnet32,resnet32,0.459600,0.459600,disagreement,exact,1
resnet32x12_cifar100_K12_mwmd1_seed0005_d001,d001,37,0,3,4,resnet32,resnet32,0.504600,0.504600,disagreement,exact,1
resnet32x12_cifar100_K12_mwmd1_seed0005_d001,d001,37,0,5,9,resnet32,resnet32,0.517400,0.517400,disagreement,exact,1
resnet32x12_cifar100_K12_mwmd1_seed0005_d001,d001,37,0,6,10,resnet32,resnet32,0.478200,0.478200,disagreement,exact,1
resnet32x12_cifar100_K12_mwmd1_seed0005_d001,d001,37,0,7,11,resnet32,resnet32,0.541200,0.541200,disagreement,exact,1
resnet32x12_cifar100_K12_mwmd1_seed0005_d001,d001,38,0,0,11,resnet32,resnet32,0.486800,0.486800,disagreement,exact,1
resnet32x12_cifar100_K12_mwmd1_seed0005_d001,d001,38,0,1,9,resnet32,resnet32,0.513600,0.513600,disagreement,exact,1
resnet32x12_cifar100_K12_mwmd1_seed0005_d001,d001,38,0,2,3,resnet32,resnet32,0.572600,0.572600,disagreement,exact,1
resnet32x12_cifar100_K12_mwmd1_seed0005_d001,d001,38,0,4,10,resnet32,resnet32,0.572000,0.572000,disagreement,exact,1
resnet32x12_cifar100_K12_mwmd1_seed0005_d001,d001,38,0,5,6,resnet32,resnet32,0.508000,0.508000,disagreement,exact,1
resnet32x12_cifar100_K12_mwmd1_seed0005_d001,d001,38,0,7,8,resnet32,resnet32,0.617400,0.617400,disagreement,exact,1
resnet32x12_cifar100_K12_mwmd1_seed0005_d001,d001,39,0,0,5,resnet32,resnet32,0.530400,0.530400,disagreement,exact,1
resnet32x12_cifar100_K12_mwmd1_seed0005_d001,d001,39,0,1,7,resnet32,resnet32,0.532400,0.532400,disagreement,exact,1
resnet32x12_cifar100_K12_mwmd1_seed0005_d001,d001,39,0,2,9,resnet32,resnet32,0.475200,0.475200,disagreement,exact,1
resnet32x12_cifar100_K12_mwmd1_seed0005_d001,d001,39,0,3,8,resnet32,resnet32,0.532200,0.532200,disagreement,exact,1
resnet32x12_cifar100_K12_mwmd1_seed0005_d001,d001,39,0,4,6,resnet32,resnet32,0.548800,0.548800,disagreement,exact,1
resnet32x12_cifar100_K12_mwmd1_seed0005_d001,d001,39,0,10,11,resnet32,resnet32,0.527000,0.527000,disagreement,exact,1
resnet32x12_cifar100_K12_mwmd1_seed0005_d001,d001,40,0,0,5,resnet32,resnet32,0.548400,0.548400,disagreement,exact,1
resnet32x12_cifar100_K12_mwmd1_seed0005_d001,d001,40,0,1,7,resnet32,resnet32,0.499400,0.499400,disagreement,exact,1
resnet32x12_cifar100_K12_mwmd1_seed0005_d001,d001,40,0,2,6,resnet32,resnet32,0.503000,0.503000,disagreement,exact,1
resnet32x12_cifar100_K12_mwmd1_seed0005_d001,d001,40,0,3,8,resnet32,resnet32,0.521400,0.521400,disagreement,exact,1
resnet32x12_cifar100_K12_mwmd1_seed0005_d001,d001,40,0,4,11,resnet32,resnet32,0.515600,0.515600,disagreement,exact,1
resnet32x12_cifar100_K12_mwmd1_seed0005_d001,d001,40,0,9,10,resnet32,resnet32,0.481400,0.481400,disagreement,exact,1
resnet32x12_cifar100_K12_mwmd1_seed0005_d001,d001,41,0,0,11,resnet32,resnet32,0.477600,0.477600,disagreement,exact,1
resnet32x12_cifar100_K12_mwmd1_seed0005_d001,d001,41,0,1,6,resnet32,resnet32,0.482600,0.482600,disagreement,exact,1
resnet32x12_cifar100_K12_mwmd1_seed0005_d001,d001,41,0,2,10,resnet32,resnet32,0.473400,0.473400,disagreement,exact,1
resnet32x12_cifar100_K12_mwmd1_seed0005_d001,d001,41,0,3,7,resnet32,resnet32,0.595600,0.595600,disagreement,exact,1
resnet32x12_cifar100_K12_mwmd1_seed0005_d001,d001,41,0,4,9,resnet32,resnet32,0.459600,0.459600,disagreement,exact,1
resnet32x12_cifar100_K12_mwmd1_seed0005_d001,d001,41,0,5,8,resnet32,resnet32,0.446400,0.446400,disagreement,exact,1
resnet32x12_cifar100_K12_mwmd1_seed0005_d001,d001,42,0,0,1,resnet32,resnet32,0.540200,0.540200,disagreement,exact,1
resnet32x12_cifar100_K12_mwmd1_seed0005_d001,d001,42,0,2,11,resnet32,resnet32,0.559000,0.559000,disagreement,exact,1
resnet32x12_cifar100_K12_mwmd1_seed0005_d001,d001,42,0,3,5,resnet32,resnet32,0.601600,0.601600,disagreement,exact,1
resnet32x12_cifar100_K12_mwmd1_seed0005_d001,d001,42,0,4,9,resnet32,resnet32,0.614800,0.614800,disagreement,exact,1
resnet32x12_cifar100_K12_mwmd1_seed0005_d001,d001,42,0,6,8,resnet32,resnet32,0.578200,0.578200,disagreement,exact,1
resnet32x12_cifar100_K12_mwmd1_seed0005_d001,d001,42,0,7,10,resnet32,resnet32,0.635600,0.635600,disagreement,exact,1
resnet32x12_cifar100_K12_mwmd1_seed0005_d001,d001,43,0,0,2,resnet32,resnet32,0.496800,0.496800,disagreement,exact,1
resnet32x12_cifar100_K12_mwmd1_seed0005_d001,d001,43,0,1,5,resnet32,resnet32,0.477400,0.477400,disagreement,exact,1
resnet32x12_cifar100_K12_mwmd1_seed0005_d001,d001,43,0,3,11,resnet32,resnet32,0.568200,0.568200,disagreement,exact,1
resnet32x12_cifar100_K12_mwmd1_seed0005_d001,d001,43,0,4,7,resnet32,resnet32,0.637600,0.637600,disagreement,exact,1
resnet32x12_cifar100_K12_mwmd1_seed0005_d001,d001,43,0,6,8,resnet32,resnet32,0.493800,0.493800,disagreement,exact,1
resnet32x12_cifar100_K12_mwmd1_seed0005_d001,d001,43,0,9,10,resnet32,resnet32,0.581600,0.581600,disagreement,exact,1
resnet32x12_cifar100_K12_mwmd1_seed0005_d001,d001,44,0,0,2,resnet32,resnet32,0.492200,0.492200,disagreement,exact,1
resnet32x12_cifar100_K12_mwmd1_seed0005_d001,d001,44,0,1,6,resnet32,resnet32,0.460800,0.460800,disagreement,exact,1
resnet32x12_cifar100_K12_mwmd1_seed0005_d001,d001,44,0,3,10,resnet32,resnet32,0.501200,0.501200,disagreement,exact,1
resnet32x12_cifar100_K12_mwmd1_seed0005_d001,d001,44,0,4,7,resnet32,resnet32,0.473000,0.473000,disagreement,exact,1
resnet32x12_cifar100_K12_mwmd1_seed0005_d001,d001,44,0,5,11,resnet32,resnet32,0.464200,0.464200,disagreement,exact,1
resnet32x12_cifar100_K12_mwmd1_seed0005_d001,d001,44,0,8,9,resnet32,resnet32,0.521400,0.521400,disagreement,exact,1
resnet32x12_cifar100_K12_mwmd1_seed0005_d001,d001,45,0,0,9,resnet32,resnet32,0.501200,0.501200,disagreement,exact,1
resnet32x12_cifar100_K12_mwmd1_seed0005_d001,d001,45,0,1,3,resnet32,resnet32,0.526000,0.526000,disagreement,exact,1
resnet32x12_cifar100_K12_mwmd1_seed0005_d001,d001,45,0,2,7,resnet32,resnet32,0.552800,0.552800,disagreement,exact,1
resnet32x12_cifar100_K12_mwmd1_seed0005_d001,d001,45,0,4,11,resnet32,resnet32,0.450200,0.450200,disagreement,exact,1
resnet32x12_cifar100_K12_mwmd1_seed0005_d001,d001,45,0,5,8,resnet32,resnet32,0.531800,0.531800,disagreement,exact,1
resnet32x12_cifar100_K12_mwmd1_seed0005_d001,d001,45,0,6,10,resnet32,resnet32,0.593600,0.593600,disagreement,exact,1
resnet32x12_cifar100_K12_mwmd1_seed0005_d001,d001,46,0,0,8,resnet32,resnet32,0.534600,0.534600,disagreement,exact,1
resnet32x12_cifar100_K12_mwmd1_seed0005_d001,d001,46,0,1,3,resnet32,resnet32,0.506200,0.506200,disagreement,exact,1
resnet32x12_cifar100_K12_mwmd1_seed0005_d001,d001,46,0,2,5,resnet32,resnet32,0.582400,0.582400,disagreement,exact,1
resnet32x12_cifar100_K12_mwmd1_seed0005_d001,d001,46,0,4,9,resnet32,resnet32,0.521400,0.521400,disagreement,exact,1
resnet32x12_cifar100_K12_mwmd1_seed0005_d001,d001,46,0,6,10,resnet32,resnet32,0.579200,0.579200,disagreement,exact,1
resnet32x12_cifar100_K12_mwmd1_seed0005_d001,d001,46,0,7,11,resnet32,resnet32,0.559600,0.559600,disagreement,exact,1
resnet32x12_cifar100_K12_mwmd1_seed0005_d001,d001,47,0,0,3,resnet32,resnet32,0.607800,0.607800,disagreement,exact,1
resnet32x12_cifar100_K12_mwmd1_seed0005_d001,d001,47,0,1,4,resnet32,resnet32,0.490000,0.490000,disagreement,exact,1
resnet32x12_cifar100_K12_mwmd1_seed0005_d001,d001,47,0,2,7,resnet32,resnet32,0.550600,0.550600,disagreement,exact,1
resnet32x12_cifar100_K12_mwmd1_seed0005_d001,d001,47,0,5,8,resnet32,resnet32,0.566800,0.566800,disagreement,exact,1
resnet32x12_cifar100_K12_mwmd1_seed0005_d001,d001,47,0,6,9,resnet32,resnet32,0.547200,0.547200,disagreement,exact,1
resnet32x12_cifar100_K12_mwmd1_seed0005_d001,d001,47,0,10,11,resnet32,resnet32,0.582000,0.582000,disagreement,exact,1
resnet32x12_cifar100_K12_mwmd1_seed0005_d001,d001,48,0,0,8,resnet32,resnet32,0.553200,0.553200,disagreement,exact,1
resnet32x12_cifar100_K12_mwmd1_seed0005_d001,d001,48,0,1,3,resnet32,resnet32,0.602200,0.602200,disagreement,exact,1
resnet32x12_cifar100_K12_mwmd1_seed0005_d001,d001,48,0,2,10,resnet32,resnet32,0.547000,0.547000,disagreement,exact,1
resnet32x12_cifar100_K12_mwmd1_seed0005_d001,d001,48,0,4,11,resnet32,resnet32,0.515800,0.515800,disagreement,exact,1
resnet32x12_cifar100_K12_mwmd1_seed0005_d001,d001,48,0,5,7,resnet32,resnet32,0.585400,0.585400,disagreement,exact,1
resnet32x12_cifar100_K12_mwmd1_seed0005_d001,d001,48,0,6,9,resnet32,resnet32,0.568600,0.568600,disagreement,exact,1
resnet32x12_cifar100_K12_mwmd1_seed0005_d001,d001,49,0,0,1,resnet32,resnet32,0.579800,0.579800,disagreement,exact,1
resnet32x12_cifar100_K12_mwmd1_seed0005_d001,d001,49,0,2,5,resnet32,resnet32,0.509000,0.509000,disagreement,exact,1
resnet32x12_cifar100_K12_mwmd1_seed0005_d001,d001,49,0,3,7,resnet32,resnet32,0.556800,0.556800,disagreement,exact,1
resnet32x12_cifar100_K12_mwmd1_seed0005_d001,d001,49,0,4,6,resnet32,resnet32,0.525400,0.525400,disagreement,exact,1
resnet32x12_cifar100_K12_mwmd1_seed0005_d001,d001,49,0,8,10,resnet32,resnet32,0.506200,0.506200,disagreement,exact,1
resnet32x12_cifar100_K12_mwmd1_seed0005_d001,d001,49,0,9,11,resnet32,resnet32,0.568800,0.568800,disagreement,exact,1
resnet32x12_cifar100_K12_mwmd1_seed0005_d001,d001,50,0,0,10,resnet32,resnet32,0.559600,0.559600,disagreement,exact,1
resnet32x12_cifar100_K12_mwmd1_seed0005_d001,d001,50,0,1,3,resnet32,resnet32,0.536600,0.536600,disagreement,exact,1
resnet32x12_cifar100_K12_mwmd1_seed0005_d001,d001,50,0,2,11,resnet32,resnet32,0.462800,0.462800,disagreement,exact,1
resnet32x12_cifar100_K12_mwmd1_seed0005_d001,d001,50,0,4,7,resnet32,resnet32,0.543600,0.543600,disagreement,exact,1
resnet32x12_cifar100_K12_mwmd1_seed0005_d001,d001,50,0,5,6,resnet32,resnet32,0.511400,0.511400,disagreement,exact,1
resnet32x12_cifar100_K12_mwmd1_seed0005_d001,d001,50,0,8,9,resnet32,resnet32,0.567800,0.567800,disagreement,exact,1
resnet32x12_cifar100_K12_mwmd1_seed0005_d001,d001,51,0,0,11,resnet32,resnet32,0.454600,0.454600,disagreement,exact,1
resnet32x12_cifar100_K12_mwmd1_seed0005_d001,d001,51,0,1,8,resnet32,resnet32,0.497800,0.497800,disagreement,exact,1
resnet32x12_cifar100_K12_mwmd1_seed0005_d001,d001,51,0,2,3,resnet32,resnet32,0.563800,0.563800,disagreement,exact,1
resnet32x12_cifar100_K12_mwmd1_seed0005_d001,d001,51,0,4,7,resnet32,resnet32,0.499600,0.499600,disagreement,exact,1
resnet32x12_cifar100_K12_mwmd1_seed0005_d001,d001,51,0,5,9,resnet32,resnet32,0.507800,0.507800,disagreement,exact,1
resnet32x12_cifar100_K12_mwmd1_seed0005_d001,d001,51,0,6,10,resnet32,resnet32,0.566000,0.566000,disagreement,exact,1
resnet32x12_cifar100_K12_mwmd1_seed0005_d001,d001,52,0,0,6,resnet32,resnet32,0.502200,0.502200,disagreement,exact,1
resnet32x12_cifar100_K12_mwmd1_seed0005_d001,d001,52,0,1,8,resnet32,resnet32,0.482000,0.482000,disagreement,exact,1
resnet32x12_cifar100_K12_mwmd1_seed0005_d001,d001,52,0,2,4,resnet32,resnet32,0.461200,0.461200,disagreement,exact,1
resnet32x12_cifar100_K12_mwmd1_seed0005_d001,d001,52,0,3,9,resnet32,resnet32,0.524600,0.524600,disagreement,exact,1
resnet32x12_cifar100_K12_mwmd1_seed0005_d001,d001,52,0,5,7,resnet32,resnet32,0.483400,0.483400,disagreement,exact,1
resnet32x12_cifar100_K12_mwmd1_seed0005_d001,d001,52,0,10,11,resnet32,resnet32,0.589800,0.589800,disagreement,exact,1
resnet32x12_cifar100_K12_mwmd1_seed0005_d001,d001,53,0,0,1,resnet32,resnet32,0.514600,0.514600,disagreement,exact,1
resnet32x12_cifar100_K12_mwmd1_seed0005_d001,d001,53,0,2,5,resnet32,resnet32,0.489200,0.489200,disagreement,exact,1
resnet32x12_cifar100_K12_mwmd1_seed0005_d001,d001,53,0,3,4,resnet32,resnet32,0.490800,0.490800,disagreement,exact,1
resnet32x12_cifar100_K12_mwmd1_seed0005_d001,d001,53,0,6,9,resnet32,resnet32,0.588400,0.588400,disagreement,exact,1
resnet32x12_cifar100_K12_mwmd1_seed0005_d001,d001,53,0,7,8,resnet32,resnet32,0.540400,0.540400,disagreement,exact,1
resnet32x12_cifar100_K12_mwmd1_seed0005_d001,d001,53,0,10,11,resnet32,resnet32,0.482800,0.482800,disagreement,exact,1
resnet32x12_cifar100_K12_mwmd1_seed0005_d001,d001,54,0,0,9,resnet32,resnet32,0.481200,0.481200,disagreement,exact,1
resnet32x12_cifar100_K12_mwmd1_seed0005_d001,d001,54,0,1,5,resnet32,resnet32,0.478400,0.478400,disagreement,exact,1
resnet32x12_cifar100_K12_mwmd1_seed0005_d001,d001,54,0,2,6,resnet32,resnet32,0.486400,0.486400,disagreement,exact,1
resnet32x12_cifar100_K12_mwmd1_seed0005_d001,d001,54,0,3,4,resnet32,resnet32,0.501400,0.501400,disagreement,exact,1
resnet32x12_cifar100_K12_mwmd1_seed0005_d001,d001,54,0,7,8,resnet32,resnet32,0.545200,0.545200,disagreement,exact,1
resnet32x12_cifar100_K12_mwmd1_seed0005_d001,d001,54,0,10,11,resnet32,resnet32,0.511800,0.511800,disagreement,exact,1
resnet32x12_cifar100_K12_mwmd1_seed0005_d001,d001,55,0,0,2,resnet32,resnet32,0.461400,0.461400,disagreement,exact,1
resnet32x12_cifar100_K12_mwmd1_seed0005_d001,d001,55,0,1,8,resnet32,resnet32,0.485200,0.485200,disagreement,exact,1
resnet32x12_cifar100_K12_mwmd1_seed0005_d001,d001,55,0,3,5,resnet32,resnet32,0.507400,0.507400,disagreement,exact,1
resnet32x12_cifar100_K12_mwmd1_seed0005_d001,d001,55,0,4,10,resnet32,resnet32,0.499400,0.499400,disagreement,exact,1
resnet32x12_cifar100_K12_mwmd1_seed0005_d001,d001,55,0,6,7,resnet32,resnet32,0.473800,0.473800,disagreement,exact,1
resnet32x12_cifar100_K12_mwmd1_seed0005_d001,d001,55,0,9,11,resnet32,resnet32,0.562200,0.562200,disagreement,exact,1
resnet32x12_cifar100_K12_mwmd1_seed0005_d001,d001,56,0,0,10,resnet32,resnet32,0.482800,0.482800,disagreement,exact,1
resnet32x12_cifar100_K12_mwmd1_seed0005_d001,d001,56,0,1,4,resnet32,resnet32,0.479200,0.479200,disagreement,exact,1
resnet32x12_cifar100_K12_mwmd1_seed0005_d001,d001,56,0,2,11,resnet32,resnet32,0.423000,0.423000,disagreement,exact,1
resnet32x12_cifar100_K12_mwmd1_seed0005_d001,d001,56,0,3,9,resnet32,resnet32,0.472800,0.472800,disagreement,exact,1
resnet32x12_cifar100_K12_mwmd1_seed0005_d001,d001,56,0,5,8,resnet32,resnet32,0.458600,0.458600,disagreement,exact,1
resnet32x12_cifar100_K12_mwmd1_seed0005_d001,d001,56,0,6,7,resnet32,resnet32,0.519400,0.519400,disagreement,exact,1
resnet32x12_cifar100_K12_mwmd1_seed0005_d001,d001,57,0,0,3,resnet32,resnet32,0.631200,0.631200,disagreement,exact,1
resnet32x12_cifar100_K12_mwmd1_seed0005_d001,d001,57,0,1,9,resnet32,resnet32,0.539200,0.539200,disagreement,exact,1
resnet32x12_cifar100_K12_mwmd1_seed0005_d001,d001,57,0,2,11,resnet32,resnet32,0.483000,0.483000,disagreement,exact,1
resnet32x12_cifar100_K12_mwmd1_seed0005_d001,d001,57,0,4,6,resnet32,resnet32,0.497800,0.497800,disagreement,exact,1
resnet32x12_cifar100_K12_mwmd1_seed0005_d001,d001,57,0,5,10,resnet32,resnet32,0.521000,0.521000,disagreement,exact,1
resnet32x12_cifar100_K12_mwmd1_seed0005_d001,d001,57,0,7,8,resnet32,resnet32,0.495200,0.495200,disagreement,exact,1
resnet32x12_cifar100_K12_mwmd1_seed0005_d001,d001,58,0,0,2,resnet32,resnet32,0.519800,0.519800,disagreement,exact,1
resnet32x12_cifar100_K12_mwmd1_seed0005_d001,d001,58,0,1,11,resnet32,resnet32,0.445200,0.445200,disagreement,exact,1
resnet32x12_cifar100_K12_mwmd1_seed0005_d001,d001,58,0,3,6,resnet32,resnet32,0.491000,0.491000,disagreement,exact,1
resnet32x12_cifar100_K12_mwmd1_seed0005_d001,d001,58,0,4,9,resnet32,resnet32,0.506800,0.506800,disagreement,exact,1
resnet32x12_cifar100_K12_mwmd1_seed0005_d001,d001,58,0,5,10,resnet32,resnet32,0.448200,0.448200,disagreement,exact,1
resnet32x12_cifar100_K12_mwmd1_seed0005_d001,d001,58,0,7,8,resnet32,resnet32,0.511000,0.511000,disagreement,exact,1
resnet32x12_cifar100_K12_mwmd1_seed0005_d001,d001,59,0,0,8,resnet32,resnet32,0.529400,0.529400,disagreement,exact,1
resnet32x12_cifar100_K12_mwmd1_seed0005_d001,d001,59,0,1,3,resnet32,resnet32,0.492200,0.492200,disagreement,exact,1
resnet32x12_cifar100_K12_mwmd1_seed0005_d001,d001,59,0,2,10,resnet32,resnet32,0.526000,0.526000,disagreement,exact,1
resnet32x12_cifar100_K12_mwmd1_seed0005_d001,d001,59,0,4,11,resnet32,resnet32,0.508800,0.508800,disagreement,exact,1
resnet32x12_cifar100_K12_mwmd1_seed0005_d001,d001,59,0,5,6,resnet32,resnet32,0.503200,0.503200,disagreement,exact,1
resnet32x12_cifar100_K12_mwmd1_seed0005_d001,d001,59,0,7,9,resnet32,resnet32,0.608800,0.608800,disagreement,exact,1
resnet32x12_cifar100_K12_mwmd1_seed0005_d001,d001,60,0,0,3,resnet32,resnet32,0.479800,0.479800,disagreement,exact,1
resnet32x12_cifar100_K12_mwmd1_seed0005_d001,d001,60,0,1,2,resnet32,resnet32,0.501600,0.501600,disagreement,exact,1
resnet32x12_cifar100_K12_mwmd1_seed0005_d001,d001,60,0,4,9,resnet32,resnet32,0.505600,0.505600,disagreement,exact,1
resnet32x12_cifar100_K12_mwmd1_seed0005_d001,d001,60,0,5,10,resnet32,resnet32,0.528200,0.528200,disagreement,exact,1
resnet32x12_cifar100_K12_mwmd1_seed0005_d001,d001,60,0,6,7,resnet32,resnet32,0.575600,0.575600,disagreement,exact,1
resnet32x12_cifar100_K12_mwmd1_seed0005_d001,d001,60,0,8,11,resnet32,resnet32,0.534800,0.534800,disagreement,exact,1
resnet32x12_cifar100_K12_mwmd1_seed0005_d001,d001,61,0,0,9,resnet32,resnet32,0.238800,0.238800,disagreement,exact,1
resnet32x12_cifar100_K12_mwmd1_seed0005_d001,d001,61,0,1,10,resnet32,resnet32,0.242000,0.242000,disagreement,exact,1
resnet32x12_cifar100_K12_mwmd1_seed0005_d001,d001,61,0,2,7,resnet32,resnet32,0.225600,0.225600,disagreement,exact,1
resnet32x12_cifar100_K12_mwmd1_seed0005_d001,d001,61,0,3,8,resnet32,resnet32,0.220400,0.220400,disagreement,exact,1
resnet32x12_cifar100_K12_mwmd1_seed0005_d001,d001,61,0,4,5,resnet32,resnet32,0.224400,0.224400,disagreement,exact,1
resnet32x12_cifar100_K12_mwmd1_seed0005_d001,d001,61,0,6,11,resnet32,resnet32,0.226600,0.226600,disagreement,exact,1
resnet32x12_cifar100_K12_mwmd1_seed0005_d001,d001,62,0,0,4,resnet32,resnet32,0.236800,0.236800,disagreement,exact,1
resnet32x12_cifar100_K12_mwmd1_seed0005_d001,d001,62,0,1,6,resnet32,resnet32,0.218400,0.218400,disagreement,exact,1
resnet32x12_cifar100_K12_mwmd1_seed0005_d001,d001,62,0,2,9,resnet32,resnet32,0.221200,0.221200,disagreement,exact,1
resnet32x12_cifar100_K12_mwmd1_seed0005_d001,d001,62,0,3,7,resnet32,resnet32,0.234200,0.234200,disagreement,exact,1
resnet32x12_cifar100_K12_mwmd1_seed0005_d001,d001,62,0,5,11,resnet32,resnet32,0.219200,0.219200,disagreement,exact,1
resnet32x12_cifar100_K12_mwmd1_seed0005_d001,d001,62,0,8,10,resnet32,resnet32,0.227000,0.227000,disagreement,exact,1
resnet32x12_cifar100_K12_mwmd1_seed0005_d001,d001,63,0,0,6,resnet32,resnet32,0.232000,0.232000,disagreement,exact,1
resnet32x12_cifar100_K12_mwmd1_seed0005_d001,d001,63,0,1,11,resnet32,resnet32,0.220600,0.220600,disagreement,exact,1
resnet32x12_cifar100_K12_mwmd1_seed0005_d001,d001,63,0,2,4,resnet32,resnet32,0.212400,0.212400,disagreement,exact,1
resnet32x12_cifar100_K12_mwmd1_seed0005_d001,d001,63,0,3,9,resnet32,resnet32,0.230000,0.230000,disagreement,exact,1
resnet32x12_cifar100_K12_mwmd1_seed0005_d001,d001,63,0,5,7,resnet32,resnet32,0.229000,0.229000,disagreement,exact,1
resnet32x12_cifar100_K12_mwmd1_seed0005_d001,d001,63,0,8,10,resnet32,resnet32,0.234600,0.234600,disagreement,exact,1
resnet32x12_cifar100_K12_mwmd1_seed0005_d001,d001,64,0,0,4,resnet32,resnet32,0.239000,0.239000,disagreement,exact,1
resnet32x12_cifar100_K12_mwmd1_seed0005_d001,d001,64,0,1,5,resnet32,resnet32,0.234200,0.234200,disagreement,exact,1
resnet32x12_cifar100_K12_mwmd1_seed0005_d001,d001,64,0,2,3,resnet32,resnet32,0.218000,0.218000,disagreement,exact,1
resnet32x12_cifar100_K12_mwmd1_seed0005_d001,d001,64,0,6,8,resnet32,resnet32,0.217800,0.217800,disagreement,exact,1
resnet32x12_cifar100_K12_mwmd1_seed0005_d001,d001,64,0,7,9,resnet32,resnet32,0.239000,0.239000,disagreement,exact,1
resnet32x12_cifar100_K12_mwmd1_seed0005_d001,d001,64,0,10,11,resnet32,resnet32,0.237400,0.237400,disagreement,exact,1
resnet32x12_cifar100_K12_mwmd1_seed0005_d001,d001,65,0,0,6,resnet32,resnet32,0.244200,0.244200,disagreement,exact,1
resnet32x12_cifar100_K12_mwmd1_seed0005_d001,d001,65,0,1,5,resnet32,resnet32,0.228800,0.228800,disagreement,exact,1
resnet32x12_cifar100_K12_mwmd1_seed0005_d001,d001,65,0,2,10,resnet32,resnet32,0.239600,0.239600,disagreement,exact,1
resnet32x12_cifar100_K12_mwmd1_seed0005_d001,d001,65,0,3,11,resnet32,resnet32,0.227200,0.227200,disagreement,exact,1
resnet32x12_cifar100_K12_mwmd1_seed0005_d001,d001,65,0,4,7,resnet32,resnet32,0.235800,0.235800,disagreement,exact,1
resnet32x12_cifar100_K12_mwmd1_seed0005_d001,d001,65,0,8,9,resnet32,resnet32,0.232000,0.232000,disagreement,exact,1
resnet32x12_cifar100_K12_mwmd1_seed0005_d001,d001,66,0,0,5,resnet32,resnet32,0.236200,0.236200,disagreement,exact,1
resnet32x12_cifar100_K12_mwmd1_seed0005_d001,d001,66,0,1,2,resnet32,resnet32,0.221400,0.221400,disagreement,exact,1
resnet32x12_cifar100_K12_mwmd1_seed0005_d001,d001,66,0,3,11,resnet32,resnet32,0.248000,0.248000,disagreement,exact,1
resnet32x12_cifar100_K12_mwmd1_seed0005_d001,d001,66,0,4,6,resnet32,resnet32,0.227400,0.227400,disagreement,exact,1
resnet32x12_cifar100_K12_mwmd1_seed0005_d001,d001,66,0,7,10,resnet32,resnet32,0.251800,0.251800,disagreement,exact,1
resnet32x12_cifar100_K12_mwmd1_seed0005_d001,d001,66,0,8,9,resnet32,resnet32,0.232600,0.232600,disagreement,exact,1
resnet32x12_cifar100_K12_mwmd1_seed0005_d001,d001,67,0,0,7,resnet32,resnet32,0.248000,0.248000,disagreement,exact,1
resnet32x12_cifar100_K12_mwmd1_seed0005_d001,d001,67,0,1,2,resnet32,resnet32,0.238400,0.238400,disagreement,exact,1
resnet32x12_cifar100_K12_mwmd1_seed0005_d001,d001,67,0,3,11,resnet32,resnet32,0.247200,0.247200,disagreement,exact,1
resnet32x12_cifar100_K12_mwmd1_seed0005_d001,d001,67,0,4,8,resnet32,resnet32,0.250600,0.250600,disagreement,exact,1
resnet32x12_cifar100_K12_mwmd1_seed0005_d001,d001,67,0,5,9,resnet32,resnet32,0.248600,0.248600,disagreement,exact,1
resnet32x12_cifar100_K12_mwmd1_seed0005_d001,d001,67,0,6,10,resnet32,resnet32,0.246200,0.246200,disagreement,exact,1
resnet32x12_cifar100_K12_mwmd1_seed0005_d001,d001,68,0,0,1,resnet32,resnet32,0.238000,0.238000,disagreement,exact,1
resnet32x12_cifar100_K12_mwmd1_seed0005_d001,d001,68,0,2,4,resnet32,resnet32,0.255200,0.255200,disagreement,exact,1
resnet32x12_cifar100_K12_mwmd1_seed0005_d001,d001,68,0,3,11,resnet32,resnet32,0.255200,0.255200,disagreement,exact,1
resnet32x12_cifar100_K12_mwmd1_seed0005_d001,d001,68,0,5,8,resnet32,resnet32,0.236200,0.236200,disagreement,exact,1
resnet32x12_cifar100_K12_mwmd1_seed0005_d001,d001,68,0,6,7,resnet32,resnet32,0.246600,0.246600,disagreement,exact,1
resnet32x12_cifar100_K12_mwmd1_seed0005_d001,d001,68,0,9,10,resnet32,resnet32,0.271200,0.271200,disagreement,exact,1
resnet32x12_cifar100_K12_mwmd1_seed0005_d001,d001,69,0,0,4,resnet32,resnet32,0.250400,0.250400,disagreement,exact,1
resnet32x12_cifar100_K12_mwmd1_seed0005_d001,d001,69,0,1,11,resnet32,resnet32,0.241600,0.241600,disagreement,exact,1
resnet32x12_cifar100_K12_mwmd1_seed0005_d001,d001,69,0,2,6,resnet32,resnet32,0.253600,0.253600,disagreement,exact,1
resnet32x12_cifar100_K12_mwmd1_seed0005_d001,d001,69,0,3,10,resnet32,resnet32,0.269000,0.269000,disagreement,exact,1
resnet32x12_cifar100_K12_mwmd1_seed0005_d001,d001,69,0,5,9,resnet32,resnet32,0.254600,0.254600,disagreement,exact,1
resnet32x12_cifar100_K12_mwmd1_seed0005_d001,d001,69,0,7,8,resnet32,resnet32,0.247400,0.247400,disagreement,exact,1
resnet32x12_cifar100_K12_mwmd1_seed0005_d001,d001,70,0,0,6,resnet32,resnet32,0.257600,0.257600,disagreement,exact,1
resnet32x12_cifar100_K12_mwmd1_seed0005_d001,d001,70,0,1,5,resnet32,resnet32,0.251800,0.251800,disagreement,exact,1
resnet32x12_cifar100_K12_mwmd1_seed0005_d001,d001,70,0,2,9,resnet32,resnet32,0.260200,0.260200,disagreement,exact,1
resnet32x12_cifar100_K12_mwmd1_seed0005_d001,d001,70,0,3,10,resnet32,resnet32,0.277200,0.277200,disagreement,exact,1
resnet32x12_cifar100_K12_mwmd1_seed0005_d001,d001,70,0,4,8,resnet32,resnet32,0.254600,0.254600,disagreement,exact,1
resnet32x12_cifar100_K12_mwmd1_seed0005_d001,d001,70,0,7,11,resnet32,resnet32,0.257800,0.257800,disagreement,exact,1
resnet32x12_cifar100_K12_mwmd1_seed0005_d001,d001,71,0,0,6,resnet32,resnet32,0.267400,0.267400,disagreement,exact,1
resnet32x12_cifar100_K12_mwmd1_seed0005_d001,d001,71,0,1,11,resnet32,resnet32,0.251400,0.251400,disagreement,exact,1
resnet32x12_cifar100_K12_mwmd1_seed0005_d001,d001,71,0,2,7,resnet32,resnet32,0.265800,0.265800,disagreement,exact,1
resnet32x12_cifar100_K12_mwmd1_seed0005_d001,d001,71,0,3,10,resnet32,resnet32,0.262800,0.262800,disagreement,exact,1
resnet32x12_cifar100_K12_mwmd1_seed0005_d001,d001,71,0,4,9,resnet32,resnet32,0.265600,0.265600,disagreement,exact,1
resnet32x12_cifar100_K12_mwmd1_seed0005_d001,d001,71,0,5,8,resnet32,resnet32,0.256800,0.256800,disagreement,exact,1
resnet32x12_cifar100_K12_mwmd1_seed0005_d001,d001,72,0,0,8,resnet32,resnet32,0.258000,0.258000,disagreement,exact,1
resnet32x12_cifar100_K12_mwmd1_seed0005_d001,d001,72,0,1,10,resnet32,resnet32,0.256200,0.256200,disagreement,exact,1
resnet32x12_cifar100_K12_mwmd1_seed0005_d001,d001,72,0,2,7,resnet32,resnet32,0.264800,0.264800,disagreement,exact,1
resnet32x12_cifar100_K12_mwmd1_seed0005_d001,d001,72,0,3,6,resnet32,resnet32,0.246000,0.246000,disagreement,exact,1
resnet32x12_cifar100_K12_mwmd1_seed0005_d001,d001,72,0,4,9,resnet32,resnet32,0.274600,0.274600,disagreement,exact,1
resnet32x12_cifar100_K12_mwmd1_seed0005_d001,d001,72,0,5,11,resnet32,resnet32,0.266000,0.266000,disagreement,exact,1
resnet32x12_cifar100_K12_mwmd1_seed0005_d001,d001,73,0,0,9,resnet32,resnet32,0.283600,0.283600,disagreement,exact,1
resnet32x12_cifar100_K12_mwmd1_seed0005_d001,d001,73,0,1,8,resnet32,resnet32,0.266400,0.266400,disagreement,exact,1
resnet32x12_cifar100_K12_mwmd1_seed0005_d001,d001,73,0,2,7,resnet32,resnet32,0.265000,0.265000,disagreement,exact,1
resnet32x12_cifar100_K12_mwmd1_seed0005_d001,d001,73,0,3,11,resnet32,resnet32,0.270600,0.270600,disagreement,exact,1
resnet32x12_cifar100_K12_mwmd1_seed0005_d001,d001,73,0,4,5,resnet32,resnet32,0.287400,0.287400,disagreement,exact,1
resnet32x12_cifar100_K12_mwmd1_seed0005_d001,d001,73,0,6,10,resnet32,resnet32,0.286200,0.286200,disagreement,exact,1
resnet32x12_cifar100_K12_mwmd1_seed0005_d001,d001,74,0,0,9,resnet32,resnet32,0.279200,0.279200,disagreement,exact,1
resnet32x12_cifar100_K12_mwmd1_seed0005_d001,d001,74,0,1,8,resnet32,resnet32,0.257600,0.257600,disagreement,exact,1
resnet32x12_cifar100_K12_mwmd1_seed0005_d001,d001,74,0,2,3,resnet32,resnet32,0.273000,0.273000,disagreement,exact,1
resnet32x12_cifar100_K12_mwmd1_seed0005_d001,d001,74,0,4,11,resnet32,resnet32,0.271600,0.271600,disagreement,exact,1
resnet32x12_cifar100_K12_mwmd1_seed0005_d001,d001,74,0,5,10,resnet32,resnet32,0.269000,0.269000,disagreement,exact,1
resnet32x12_cifar100_K12_mwmd1_seed0005_d001,d001,74,0,6,7,resnet32,resnet32,0.262800,0.262800,disagreement,exact,1
resnet32x12_cifar100_K12_mwmd1_seed0005_d001,d001,75,0,0,11,resnet32,resnet32,0.269000,0.269000,disagreement,exact,1
resnet32x12_cifar100_K12_mwmd1_seed0005_d001,d001,75,0,1,6,resnet32,resnet32,0.281800,0.281800,disagreement,exact,1
resnet32x12_cifar100_K12_mwmd1_seed0005_d001,d001,75,0,2,4,resnet32,resnet32,0.284800,0.284800,disagreement,exact,1
resnet32x12_cifar100_K12_mwmd1_seed0005_d001,d001,75,0,3,8,resnet32,resnet32,0.280000,0.280000,disagreement,exact,1
resnet32x12_cifar100_K12_mwmd1_seed0005_d001,d001,75,0,5,10,resnet32,resnet32,0.285000,0.285000,disagreement,exact,1
resnet32x12_cifar100_K12_mwmd1_seed0005_d001,d001,75,0,7,9,resnet32,resnet32,0.276600,0.276600,disagreement,exact,1
resnet32x12_cifar100_K12_mwmd1_seed0005_d001,d001,76,0,0,5,resnet32,resnet32,0.281200,0.281200,disagreement,exact,1
resnet32x12_cifar100_K12_mwmd1_seed0005_d001,d001,76,0,1,10,resnet32,resnet32,0.275200,0.275200,disagreement,exact,1
resnet32x12_cifar100_K12_mwmd1_seed0005_d001,d001,76,0,2,4,resnet32,resnet32,0.252200,0.252200,disagreement,exact,1
resnet32x12_cifar100_K12_mwmd1_seed0005_d001,d001,76,0,3,8,resnet32,resnet32,0.273600,0.273600,disagreement,exact,1
resnet32x12_cifar100_K12_mwmd1_seed0005_d001,d001,76,0,6,11,resnet32,resnet32,0.258200,0.258200,disagreement,exact,1
resnet32x12_cifar100_K12_mwmd1_seed0005_d001,d001,76,0,7,9,resnet32,resnet32,0.270400,0.270400,disagreement,exact,1
resnet32x12_cifar100_K12_mwmd1_seed0005_d001,d001,77,0,0,11,resnet32,resnet32,0.289600,0.289600,disagreement,exact,1
resnet32x12_cifar100_K12_mwmd1_seed0005_d001,d001,77,0,1,10,resnet32,resnet32,0.279200,0.279200,disagreement,exact,1
resnet32x12_cifar100_K12_mwmd1_seed0005_d001,d001,77,0,2,9,resnet32,resnet32,0.276600,0.276600,disagreement,exact,1
resnet32x12_cifar100_K12_mwmd1_seed0005_d001,d001,77,0,3,6,resnet32,resnet32,0.299800,0.299800,disagreement,exact,1
resnet32x12_cifar100_K12_mwmd1_seed0005_d001,d001,77,0,4,7,resnet32,resnet32,0.302600,0.302600,disagreement,exact,1
resnet32x12_cifar100_K12_mwmd1_seed0005_d001,d001,77,0,5,8,resnet32,resnet32,0.276600,0.276600,disagreement,exact,1
resnet32x12_cifar100_K12_mwmd1_seed0005_d001,d001,78,0,0,5,resnet32,resnet32,0.283800,0.283800,disagreement,exact,1
resnet32x12_cifar100_K12_mwmd1_seed0005_d001,d001,78,0,1,10,resnet32,resnet32,0.291400,0.291400,disagreement,exact,1
resnet32x12_cifar100_K12_mwmd1_seed0005_d001,d001,78,0,2,9,resnet32,resnet32,0.293600,0.293600,disagreement,exact,1
resnet32x12_cifar100_K12_mwmd1_seed0005_d001,d001,78,0,3,6,resnet32,resnet32,0.289400,0.289400,disagreement,exact,1
resnet32x12_cifar100_K12_mwmd1_seed0005_d001,d001,78,0,4,8,resnet32,resnet32,0.274200,0.274200,disagreement,exact,1
resnet32x12_cifar100_K12_mwmd1_seed0005_d001,d001,78,0,7,11,resnet32,resnet32,0.281600,0.281600,disagreement,exact,1
resnet32x12_cifar100_K12_mwmd1_seed0005_d001,d001,79,0,0,9,resnet32,resnet32,0.296000,0.296000,disagreement,exact,1
resnet32x12_cifar100_K12_mwmd1_seed0005_d001,d001,79,0,1,11,resnet32,resnet32,0.280400,0.280400,disagreement,exact,1
resnet32x12_cifar100_K12_mwmd1_seed0005_d001,d001,79,0,2,5,resnet32,resnet32,0.307600,0.307600,disagreement,exact,1
resnet32x12_cifar100_K12_mwmd1_seed0005_d001,d001,79,0,3,8,resnet32,resnet32,0.284000,0.284000,disagreement,exact,1
resnet32x12_cifar100_K12_mwmd1_seed0005_d001,d001,79,0,4,10,resnet32,resnet32,0.286200,0.286200,disagreement,exact,1
resnet32x12_cifar100_K12_mwmd1_seed0005_d001,d001,79,0,6,7,resnet32,resnet32,0.294800,0.294800,disagreement,exact,1
resnet32x12_cifar100_K12_mwmd1_seed0005_d001,d001,80,0,0,11,resnet32,resnet32,0.287000,0.287000,disagreement,exact,1
resnet32x12_cifar100_K12_mwmd1_seed0005_d001,d001,80,0,1,5,resnet32,resnet32,0.278800,0.278800,disagreement,exact,1
resnet32x12_cifar100_K12_mwmd1_seed0005_d001,d001,80,0,2,7,resnet32,resnet32,0.279400,0.279400,disagreement,exact,1
resnet32x12_cifar100_K12_mwmd1_seed0005_d001,d001,80,0,3,8,resnet32,resnet32,0.284800,0.284800,disagreement,exact,1
resnet32x12_cifar100_K12_mwmd1_seed0005_d001,d001,80,0,4,10,resnet32,resnet32,0.284000,0.284000,disagreement,exact,1
resnet32x12_cifar100_K12_mwmd1_seed0005_d001,d001,80,0,6,9,resnet32,resnet32,0.290200,0.290200,disagreement,exact,1
resnet32x12_cifar100_K12_mwmd1_seed0005_d001,d001,81,0,0,11,resnet32,resnet32,0.279000,0.279000,disagreement,exact,1
resnet32x12_cifar100_K12_mwmd1_seed0005_d001,d001,81,0,1,6,resnet32,resnet32,0.274400,0.274400,disagreement,exact,1
resnet32x12_cifar100_K12_mwmd1_seed0005_d001,d001,81,0,2,7,resnet32,resnet32,0.290600,0.290600,disagreement,exact,1
resnet32x12_cifar100_K12_mwmd1_seed0005_d001,d001,81,0,3,10,resnet32,resnet32,0.298200,0.298200,disagreement,exact,1
resnet32x12_cifar100_K12_mwmd1_seed0005_d001,d001,81,0,4,8,resnet32,resnet32,0.287200,0.287200,disagreement,exact,1
resnet32x12_cifar100_K12_mwmd1_seed0005_d001,d001,81,0,5,9,resnet32,resnet32,0.292400,0.292400,disagreement,exact,1
resnet32x12_cifar100_K12_mwmd1_seed0005_d001,d001,82,0,0,2,resnet32,resnet32,0.304000,0.304000,disagreement,exact,1
resnet32x12_cifar100_K12_mwmd1_seed0005_d001,d001,82,0,1,6,resnet32,resnet32,0.290400,0.290400,disagreement,exact,1
resnet32x12_cifar100_K12_mwmd1_seed0005_d001,d001,82,0,3,4,resnet32,resnet32,0.274600,0.274600,disagreement,exact,1
resnet32x12_cifar100_K12_mwmd1_seed0005_d001,d001,82,0,5,7,resnet32,resnet32,0.295000,0.295000,disagreement,exact,1
resnet32x12_cifar100_K12_mwmd1_seed0005_d001,d001,82,0,8,10,resnet32,resnet32,0.304200,0.304200,disagreement,exact,1
resnet32x12_cifar100_K12_mwmd1_seed0005_d001,d001,82,0,9,11,resnet32,resnet32,0.290400,0.290400,disagreement,exact,1
resnet32x12_cifar100_K12_mwmd1_seed0005_d001,d001,83,0,0,2,resnet32,resnet32,0.298600,0.298600,disagreement,exact,1
resnet32x12_cifar100_K12_mwmd1_seed0005_d001,d001,83,0,1,3,resnet32,resnet32,0.291200,0.291200,disagreement,exact,1
resnet32x12_cifar100_K12_mwmd1_seed0005_d001,d001,83,0,4,6,resnet32,resnet32,0.281400,0.281400,disagreement,exact,1
resnet32x12_cifar100_K12_mwmd1_seed0005_d001,d001,83,0,5,10,resnet32,resnet32,0.300400,0.300400,disagreement,exact,1
resnet32x12_cifar100_K12_mwmd1_seed0005_d001,d001,83,0,7,8,resnet32,resnet32,0.269400,0.269400,disagreement,exact,1
resnet32x12_cifar100_K12_mwmd1_seed0005_d001,d001,83,0,9,11,resnet32,resnet32,0.272800,0.272800,disagreement,exact,1
resnet32x12_cifar100_K12_mwmd1_seed0005_d001,d001,84,0,0,10,resnet32,resnet32,0.300600,0.300600,disagreement,exact,1
resnet32x12_cifar100_K12_mwmd1_seed0005_d001,d001,84,0,1,4,resnet32,resnet32,0.281600,0.281600,disagreement,exact,1
resnet32x12_cifar100_K12_mwmd1_seed0005_d001,d001,84,0,2,8,resnet32,resnet32,0.266000,0.266000,disagreement,exact,1
resnet32x12_cifar100_K12_mwmd1_seed0005_d001,d001,84,0,3,5,resnet32,resnet32,0.311600,0.311600,disagreement,exact,1
resnet32x12_cifar100_K12_mwmd1_seed0005_d001,d001,84,0,6,9,resnet32,resnet32,0.310200,0.310200,disagreement,exact,1
resnet32x12_cifar100_K12_mwmd1_seed0005_d001,d001,84,0,7,11,resnet32,resnet32,0.304200,0.304200,disagreement,exact,1
resnet32x12_cifar100_K12_mwmd1_seed0005_d001,d001,85,0,0,3,resnet32,resnet32,0.303800,0.303800,disagreement,exact,1
resnet32x12_cifar100_K12_mwmd1_seed0005_d001,d001,85,0,1,2,resnet32,resnet32,0.271600,0.271600,disagreement,exact,1
resnet32x12_cifar100_K12_mwmd1_seed0005_d001,d001,85,0,4,5,resnet32,resnet32,0.292800,0.292800,disagreement,exact,1
resnet32x12_cifar100_K12_mwmd1_seed0005_d001,d001,85,0,6,9,resnet32,resnet32,0.284000,0.284000,disagreement,exact,1
resnet32x12_cifar100_K12_mwmd1_seed0005_d001,d001,85,0,7,11,resnet32,resnet32,0.283000,0.283000,disagreement,exact,1
resnet32x12_cifar100_K12_mwmd1_seed0005_d001,d001,85,0,8,10,resnet32,resnet32,0.289600,0.289600,disagreement,exact,1
resnet32x12_cifar100_K12_mwmd1_seed0005_d001,d001,86,0,0,8,resnet32,resnet32,0.302600,0.302600,disagreement,exact,1
resnet32x12_cifar100_K12_mwmd1_seed0005_d001,d001,86,0,1,2,resnet32,resnet32,0.305000,0.305000,disagreement,exact,1
resnet32x12_cifar100_K12_mwmd1_seed0005_d001,d001,86,0,3,5,resnet32,resnet32,0.294000,0.294000,disagreement,exact,1
resnet32x12_cifar100_K12_mwmd1_seed0005_d001,d001,86,0,4,6,resnet32,resnet32,0.320000,0.320000,disagreement,exact,1
resnet32x12_cifar100_K12_mwmd1_seed0005_d001,d001,86,0,7,10,resnet32,resnet32,0.306200,0.306200,disagreement,exact,1
resnet32x12_cifar100_K12_mwmd1_seed0005_d001,d001,86,0,9,11,resnet32,resnet32,0.300200,0.300200,disagreement,exact,1
resnet32x12_cifar100_K12_mwmd1_seed0005_d001,d001,87,0,0,5,resnet32,resnet32,0.301400,0.301400,disagreement,exact,1
resnet32x12_cifar100_K12_mwmd1_seed0005_d001,d001,87,0,1,2,resnet32,resnet32,0.293400,0.293400,disagreement,exact,1
resnet32x12_cifar100_K12_mwmd1_seed0005_d001,d001,87,0,3,11,resnet32,resnet32,0.288800,0.288800,disagreement,exact,1
resnet32x12_cifar100_K12_mwmd1_seed0005_d001,d001,87,0,4,10,resnet32,resnet32,0.301600,0.301600,disagreement,exact,1
resnet32x12_cifar100_K12_mwmd1_seed0005_d001,d001,87,0,6,8,resnet32,resnet32,0.285600,0.285600,disagreement,exact,1
resnet32x12_cifar100_K12_mwmd1_seed0005_d001,d001,87,0,7,9,resnet32,resnet32,0.344800,0.344800,disagreement,exact,1
resnet32x12_cifar100_K12_mwmd1_seed0005_d001,d001,88,0,0,1,resnet32,resnet32,0.307000,0.307000,disagreement,exact,1
resnet32x12_cifar100_K12_mwmd1_seed0005_d001,d001,88,0,2,9,resnet32,resnet32,0.314800,0.314800,disagreement,exact,1
resnet32x12_cifar100_K12_mwmd1_seed0005_d001,d001,88,0,3,11,resnet32,resnet32,0.343400,0.343400,disagreement,exact,1
resnet32x12_cifar100_K12_mwmd1_seed0005_d001,d001,88,0,4,10,resnet32,resnet32,0.327200,0.327200,disagreement,exact,1
resnet32x12_cifar100_K12_mwmd1_seed0005_d001,d001,88,0,5,7,resnet32,resnet32,0.310600,0.310600,disagreement,exact,1
resnet32x12_cifar100_K12_mwmd1_seed0005_d001,d001,88,0,6,8,resnet32,resnet32,0.306800,0.306800,disagreement,exact,1
resnet32x12_cifar100_K12_mwmd1_seed0005_d001,d001,89,0,0,6,resnet32,resnet32,0.291400,0.291400,disagreement,exact,1
resnet32x12_cifar100_K12_mwmd1_seed0005_d001,d001,89,0,1,2,resnet32,resnet32,0.280600,0.280600,disagreement,exact,1
resnet32x12_cifar100_K12_mwmd1_seed0005_d001,d001,89,0,3,7,resnet32,resnet32,0.283400,0.283400,disagreement,exact,1
resnet32x12_cifar100_K12_mwmd1_seed0005_d001,d001,89,0,4,10,resnet32,resnet32,0.317000,0.317000,disagreement,exact,1
resnet32x12_cifar100_K12_mwmd1_seed0005_d001,d001,89,0,5,9,resnet32,resnet32,0.304200,0.304200,disagreement,exact,1
resnet32x12_cifar100_K12_mwmd1_seed0005_d001,d001,89,0,8,11,resnet32,resnet32,0.301200,0.301200,disagreement,exact,1
resnet32x12_cifar100_K12_mwmd1_seed0005_d001,d001,90,0,0,5,resnet32,resnet32,0.300000,0.300000,disagreement,exact,1
resnet32x12_cifar100_K12_mwmd1_seed0005_d001,d001,90,0,1,3,resnet32,resnet32,0.293800,0.293800,disagreement,exact,1
resnet32x12_cifar100_K12_mwmd1_seed0005_d001,d001,90,0,2,7,resnet32,resnet32,0.308200,0.308200,disagreement,exact,1
resnet32x12_cifar100_K12_mwmd1_seed0005_d001,d001,90,0,4,10,resnet32,resnet32,0.307200,0.307200,disagreement,exact,1
resnet32x12_cifar100_K12_mwmd1_seed0005_d001,d001,90,0,6,9,resnet32,resnet32,0.292400,0.292400,disagreement,exact,1
resnet32x12_cifar100_K12_mwmd1_seed0005_d001,d001,90,0,8,11,resnet32,resnet32,0.301200,0.301200,disagreement,exact,1
resnet32x12_cifar100_K12_mwmd1_seed0005_d001,d001,91,0,0,5,resnet32,resnet32,0.323800,0.323800,disagreement,exact,1
resnet32x12_cifar100_K12_mwmd1_seed0005_d001,d001,91,0,1,3,resnet32,resnet32,0.306800,0.306800,disagreement,exact,1
resnet32x12_cifar100_K12_mwmd1_seed0005_d001,d001,91,0,2,7,resnet32,resnet32,0.311400,0.311400,disagreement,exact,1
resnet32x12_cifar100_K12_mwmd1_seed0005_d001,d001,91,0,4,10,resnet32,resnet32,0.310600,0.310600,disagreement,exact,1
resnet32x12_cifar100_K12_mwmd1_seed0005_d001,d001,91,0,6,8,resnet32,resnet32,0.304400,0.304400,disagreement,exact,1
resnet32x12_cifar100_K12_mwmd1_seed0005_d001,d001,91,0,9,11,resnet32,resnet32,0.292800,0.292800,disagreement,exact,1
resnet32x12_cifar100_K12_mwmd1_seed0005_d001,d001,92,0,0,2,resnet32,resnet32,0.299400,0.299400,disagreement,exact,1
resnet32x12_cifar100_K12_mwmd1_seed0005_d001,d001,92,0,1,3,resnet32,resnet32,0.290000,0.290000,disagreement,exact,1
resnet32x12_cifar100_K12_mwmd1_seed0005_d001,d001,92,0,4,10,resnet32,resnet32,0.305800,0.305800,disagreement,exact,1
resnet32x12_cifar100_K12_mwmd1_seed0005_d001,d001,92,0,5,7,resnet32,resnet32,0.293000,0.293000,disagreement,exact,1
resnet32x12_cifar100_K12_mwmd1_seed0005_d001,d001,92,0,6,8,resnet32,resnet32,0.325600,0.325600,disagreement,exact,1
resnet32x12_cifar100_K12_mwmd1_seed0005_d001,d001,92,0,9,11,resnet32,resnet32,0.283400,0.283400,disagreement,exact,1
resnet32x12_cifar100_K12_mwmd1_seed0005_d001,d001,93,0,0,7,resnet32,resnet32,0.300800,0.300800,disagreement,exact,1
resnet32x12_cifar100_K12_mwmd1_seed0005_d001,d001,93,0,1,10,resnet32,resnet32,0.298800,0.298800,disagreement,exact,1
resnet32x12_cifar100_K12_mwmd1_seed0005_d001,d001,93,0,2,5,resnet32,resnet32,0.289000,0.289000,disagreement,exact,1
resnet32x12_cifar100_K12_mwmd1_seed0005_d001,d001,93,0,3,6,resnet32,resnet32,0.305800,0.305800,disagreement,exact,1
resnet32x12_cifar100_K12_mwmd1_seed0005_d001,d001,93,0,4,8,resnet32,resnet32,0.298200,0.298200,disagreement,exact,1
resnet32x12_cifar100_K12_mwmd1_seed0005_d001,d001,93,0,9,11,resnet32,resnet32,0.296600,0.296600,disagreement,exact,1
resnet32x12_cifar100_K12_mwmd1_seed0005_d001,d001,94,0,0,3,resnet32,resnet32,0.319600,0.319600,disagreement,exact,1
resnet32x12_cifar100_K12_mwmd1_seed0005_d001,d001,94,0,1,11,resnet32,resnet32,0.275800,0.275800,disagreement,exact,1
resnet32x12_cifar100_K12_mwmd1_seed0005_d001,d001,94,0,2,5,resnet32,resnet32,0.302200,0.302200,disagreement,exact,1
resnet32x12_cifar100_K12_mwmd1_seed0005_d001,d001,94,0,4,7,resnet32,resnet32,0.296600,0.296600,disagreement,exact,1
resnet32x12_cifar100_K12_mwmd1_seed0005_d001,d001,94,0,6,10,resnet32,resnet32,0.295800,0.295800,disagreement,exact,1
resnet32x12_cifar100_K12_mwmd1_seed0005_d001,d001,94,0,8,9,resnet32,resnet32,0.298800,0.298800,disagreement,exact,1
resnet32x12_cifar100_K12_mwmd1_seed0005_d001,d001,95,0,0,11,resnet32,resnet32,0.285000,0.285000,disagreement,exact,1
resnet32x12_cifar100_K12_mwmd1_seed0005_d001,d001,95,0,1,7,resnet32,resnet32,0.317200,0.317200,disagreement,exact,1
resnet32x12_cifar100_K12_mwmd1_seed0005_d001,d001,95,0,2,3,resnet32,resnet32,0.299000,0.299000,disagreement,exact,1
resnet32x12_cifar100_K12_mwmd1_seed0005_d001,d001,95,0,4,10,resnet32,resnet32,0.309400,0.309400,disagreement,exact,1
resnet32x12_cifar100_K12_mwmd1_seed0005_d001,d001,95,0,5,9,resnet32,resnet32,0.286600,0.286600,disagreement,exact,1
resnet32x12_cifar100_K12_mwmd1_seed0005_d001,d001,95,0,6,8,resnet32,resnet32,0.282000,0.282000,disagreement,exact,1
resnet32x12_cifar100_K12_mwmd1_seed0005_d001,d001,96,0,0,11,resnet32,resnet32,0.320800,0.320800,disagreement,exact,1
resnet32x12_cifar100_K12_mwmd1_seed0005_d001,d001,96,0,1,6,resnet32,resnet32,0.313400,0.313400,disagreement,exact,1
resnet32x12_cifar100_K12_mwmd1_seed0005_d001,d001,96,0,2,5,resnet32,resnet32,0.326800,0.326800,disagreement,exact,1
resnet32x12_cifar100_K12_mwmd1_seed0005_d001,d001,96,0,3,9,resnet32,resnet32,0.309600,0.309600,disagreement,exact,1
resnet32x12_cifar100_K12_mwmd1_seed0005_d001,d001,96,0,4,8,resnet32,resnet32,0.289800,0.289800,disagreement,exact,1
resnet32x12_cifar100_K12_mwmd1_seed0005_d001,d001,96,0,7,10,resnet32,resnet32,0.325200,0.325200,disagreement,exact,1
resnet32x12_cifar100_K12_mwmd1_seed0005_d001,d001,97,0,0,4,resnet32,resnet32,0.304400,0.304400,disagreement,exact,1
resnet32x12_cifar100_K12_mwmd1_seed0005_d001,d001,97,0,1,6,resnet32,resnet32,0.307400,0.307400,disagreement,exact,1
resnet32x12_cifar100_K12_mwmd1_seed0005_d001,d001,97,0,2,5,resnet32,resnet32,0.289800,0.289800,disagreement,exact,1
resnet32x12_cifar100_K12_mwmd1_seed0005_d001,d001,97,0,3,10,resnet32,resnet32,0.311000,0.311000,disagreement,exact,1
resnet32x12_cifar100_K12_mwmd1_seed0005_d001,d001,97,0,7,11,resnet32,resnet32,0.319800,0.319800,disagreement,exact,1
resnet32x12_cifar100_K12_mwmd1_seed0005_d001,d001,97,0,8,9,resnet32,resnet32,0.294600,0.294600,disagreement,exact,1
resnet32x12_cifar100_K12_mwmd1_seed0005_d001,d001,98,0,0,2,resnet32,resnet32,0.321000,0.321000,disagreement,exact,1
resnet32x12_cifar100_K12_mwmd1_seed0005_d001,d001,98,0,1,8,resnet32,resnet32,0.287000,0.287000,disagreement,exact,1
resnet32x12_cifar100_K12_mwmd1_seed0005_d001,d001,98,0,3,10,resnet32,resnet32,0.309000,0.309000,disagreement,exact,1
resnet32x12_cifar100_K12_mwmd1_seed0005_d001,d001,98,0,4,5,resnet32,resnet32,0.296000,0.296000,disagreement,exact,1
resnet32x12_cifar100_K12_mwmd1_seed0005_d001,d001,98,0,6,11,resnet32,resnet32,0.293800,0.293800,disagreement,exact,1
resnet32x12_cifar100_K12_mwmd1_seed0005_d001,d001,98,0,7,9,resnet32,resnet32,0.311800,0.311800,disagreement,exact,1
resnet32x12_cifar100_K12_mwmd1_seed0005_d001,d001,99,0,0,1,resnet32,resnet32,0.290000,0.290000,disagreement,exact,1
resnet32x12_cifar100_K12_mwmd1_seed0005_d001,d001,99,0,2,4,resnet32,resnet32,0.322000,0.322000,disagreement,exact,1
resnet32x12_cifar100_K12_mwmd1_seed0005_d001,d001,99,0,3,6,resnet32,resnet32,0.314400,0.314400,disagreement,exact,1
resnet32x12_cifar100_K12_mwmd1_seed0005_d001,d001,99,0,5,11,resnet32,resnet32,0.296600,0.296600,disagreement,exact,1
resnet32x12_cifar100_K12_mwmd1_seed0005_d001,d001,99,0,7,8,resnet32,resnet32,0.303000,0.303000,disagreement,exact,1
resnet32x12_cifar100_K12_mwmd1_seed0005_d001,d001,99,0,9,10,resnet32,resnet32,0.327400,0.327400,disagreement,exact,1
resnet32x12_cifar100_K12_mwmd1_seed0005_d001,d001,100,0,0,1,resnet32,resnet32,0.297600,0.297600,disagreement,exact,1
resnet32x12_cifar100_K12_mwmd1_seed0005_d001,d001,100,0,2,4,resnet32,resnet32,0.295400,0.295400,disagreement,exact,1
resnet32x12_cifar100_K12_mwmd1_seed0005_d001,d001,100,0,3,5,resnet32,resnet32,0.305200,0.305200,disagreement,exact,1
resnet32x12_cifar100_K12_mwmd1_seed0005_d001,d001,100,0,6,11,resnet32,resnet32,0.312800,0.312800,disagreement,exact,1
resnet32x12_cifar100_K12_mwmd1_seed0005_d001,d001,100,0,7,8,resnet32,resnet32,0.333800,0.333800,disagreement,exact,1
resnet32x12_cifar100_K12_mwmd1_seed0005_d001,d001,100,0,9,10,resnet32,resnet32,0.310000,0.310000,disagreement,exact,1
resnet32x12_cifar100_K12_mwmd1_seed0005_d001,d001,101,0,0,7,resnet32,resnet32,0.322400,0.322400,disagreement,exact,1
resnet32x12_cifar100_K12_mwmd1_seed0005_d001,d001,101,0,1,4,resnet32,resnet32,0.292200,0.292200,disagreement,exact,1
resnet32x12_cifar100_K12_mwmd1_seed0005_d001,d001,101,0,2,9,resnet32,resnet32,0.310600,0.310600,disagreement,exact,1
resnet32x12_cifar100_K12_mwmd1_seed0005_d001,d001,101,0,3,5,resnet32,resnet32,0.309000,0.309000,disagreement,exact,1
resnet32x12_cifar100_K12_mwmd1_seed0005_d001,d001,101,0,6,11,resnet32,resnet32,0.312600,0.312600,disagreement,exact,1
resnet32x12_cifar100_K12_mwmd1_seed0005_d001,d001,101,0,8,10,resnet32,resnet32,0.306200,0.306200,disagreement,exact,1
resnet32x12_cifar100_K12_mwmd1_seed0005_d001,d001,102,0,0,6,resnet32,resnet32,0.302800,0.302800,disagreement,exact,1
resnet32x12_cifar100_K12_mwmd1_seed0005_d001,d001,102,0,1,5,resnet32,resnet32,0.286200,0.286200,disagreement,exact,1
resnet32x12_cifar100_K12_mwmd1_seed0005_d001,d001,102,0,2,9,resnet32,resnet32,0.286400,0.286400,disagreement,exact,1
resnet32x12_cifar100_K12_mwmd1_seed0005_d001,d001,102,0,3,7,resnet32,resnet32,0.289400,0.289400,disagreement,exact,1
resnet32x12_cifar100_K12_mwmd1_seed0005_d001,d001,102,0,4,8,resnet32,resnet32,0.308400,0.308400,disagreement,exact,1
resnet32x12_cifar100_K12_mwmd1_seed0005_d001,d001,102,0,10,11,resnet32,resnet32,0.304600,0.304600,disagreement,exact,1
resnet32x12_cifar100_K12_mwmd1_seed0005_d001,d001,103,0,0,6,resnet32,resnet32,0.304600,0.304600,disagreement,exact,1
resnet32x12_cifar100_K12_mwmd1_seed0005_d001,d001,103,0,1,5,resnet32,resnet32,0.282800,0.282800,disagreement,exact,1
resnet32x12_cifar100_K12_mwmd1_seed0005_d001,d001,103,0,2,4,resnet32,resnet32,0.289000,0.289000,disagreement,exact,1
resnet32x12_cifar100_K12_mwmd1_seed0005_d001,d001,103,0,3,11,resnet32,resnet32,0.285200,0.285200,disagreement,exact,1
resnet32x12_cifar100_K12_mwmd1_seed0005_d001,d001,103,0,7,8,resnet32,resnet32,0.294000,0.294000,disagreement,exact,1
resnet32x12_cifar100_K12_mwmd1_seed0005_d001,d001,103,0,9,10,resnet32,resnet32,0.291200,0.291200,disagreement,exact,1
resnet32x12_cifar100_K12_mwmd1_seed0005_d001,d001,104,0,0,5,resnet32,resnet32,0.299800,0.299800,disagreement,exact,1
resnet32x12_cifar100_K12_mwmd1_seed0005_d001,d001,104,0,1,2,resnet32,resnet32,0.297800,0.297800,disagreement,exact,1
resnet32x12_cifar100_K12_mwmd1_seed0005_d001,d001,104,0,3,11,resnet32,resnet32,0.287600,0.287600,disagreement,exact,1
resnet32x12_cifar100_K12_mwmd1_seed0005_d001,d001,104,0,4,7,resnet32,resnet32,0.307600,0.307600,disagreement,exact,1
resnet32x12_cifar100_K12_mwmd1_seed0005_d001,d001,104,0,6,10,resnet32,resnet32,0.324000,0.324000,disagreement,exact,1
resnet32x12_cifar100_K12_mwmd1_seed0005_d001,d001,104,0,8,9,resnet32,resnet32,0.290200,0.290200,disagreement,exact,1
resnet32x12_cifar100_K12_mwmd1_seed0005_d001,d001,105,0,0,9,resnet32,resnet32,0.303200,0.303200,disagreement,exact,1
resnet32x12_cifar100_K12_mwmd1_seed0005_d001,d001,105,0,1,2,resnet32,resnet32,0.288000,0.288000,disagreement,exact,1
resnet32x12_cifar100_K12_mwmd1_seed0005_d001,d001,105,0,3,11,resnet32,resnet32,0.305000,0.305000,disagreement,exact,1
resnet32x12_cifar100_K12_mwmd1_seed0005_d001,d001,105,0,4,10,resnet32,resnet32,0.287200,0.287200,disagreement,exact,1
resnet32x12_cifar100_K12_mwmd1_seed0005_d001,d001,105,0,5,8,resnet32,resnet32,0.295400,0.295400,disagreement,exact,1
resnet32x12_cifar100_K12_mwmd1_seed0005_d001,d001,105,0,6,7,resnet32,resnet32,0.306000,0.306000,disagreement,exact,1
resnet32x12_cifar100_K12_mwmd1_seed0005_d001,d001,106,0,0,9,resnet32,resnet32,0.294800,0.294800,disagreement,exact,1
resnet32x12_cifar100_K12_mwmd1_seed0005_d001,d001,106,0,1,2,resnet32,resnet32,0.299000,0.299000,disagreement,exact,1
resnet32x12_cifar100_K12_mwmd1_seed0005_d001,d001,106,0,3,11,resnet32,resnet32,0.315200,0.315200,disagreement,exact,1
resnet32x12_cifar100_K12_mwmd1_seed0005_d001,d001,106,0,4,10,resnet32,resnet32,0.300200,0.300200,disagreement,exact,1
resnet32x12_cifar100_K12_mwmd1_seed0005_d001,d001,106,0,5,8,resnet32,resnet32,0.318800,0.318800,disagreement,exact,1
resnet32x12_cifar100_K12_mwmd1_seed0005_d001,d001,106,0,6,7,resnet32,resnet32,0.300600,0.300600,disagreement,exact,1
resnet32x12_cifar100_K12_mwmd1_seed0005_d001,d001,107,0,0,2,resnet32,resnet32,0.307000,0.307000,disagreement,exact,1
resnet32x12_cifar100_K12_mwmd1_seed0005_d001,d001,107,0,1,7,resnet32,resnet32,0.314600,0.314600,disagreement,exact,1
resnet32x12_cifar100_K12_mwmd1_seed0005_d001,d001,107,0,3,8,resnet32,resnet32,0.299800,0.299800,disagreement,exact,1
resnet32x12_cifar100_K12_mwmd1_seed0005_d001,d001,107,0,4,10,resnet32,resnet32,0.313200,0.313200,disagreement,exact,1
resnet32x12_cifar100_K12_mwmd1_seed0005_d001,d001,107,0,5,11,resnet32,resnet32,0.287800,0.287800,disagreement,exact,1
resnet32x12_cifar100_K12_mwmd1_seed0005_d001,d001,107,0,6,9,resnet32,resnet32,0.294800,0.294800,disagreement,exact,1
resnet32x12_cifar100_K12_mwmd1_seed0005_d001,d001,108,0,0,3,resnet32,resnet32,0.327800,0.327800,disagreement,exact,1
resnet32x12_cifar100_K12_mwmd1_seed0005_d001,d001,108,0,1,9,resnet32,resnet32,0.302000,0.302000,disagreement,exact,1
resnet32x12_cifar100_K12_mwmd1_seed0005_d001,d001,108,0,2,8,resnet32,resnet32,0.297600,0.297600,disagreement,exact,1
resnet32x12_cifar100_K12_mwmd1_seed0005_d001,d001,108,0,4,11,resnet32,resnet32,0.305400,0.305400,disagreement,exact,1
resnet32x12_cifar100_K12_mwmd1_seed0005_d001,d001,108,0,5,7,resnet32,resnet32,0.323400,0.323400,disagreement,exact,1
resnet32x12_cifar100_K12_mwmd1_seed0005_d001,d001,108,0,6,10,resnet32,resnet32,0.294200,0.294200,disagreement,exact,1
resnet32x12_cifar100_K12_mwmd1_seed0005_d001,d001,109,0,0,5,resnet32,resnet32,0.303400,0.303400,disagreement,exact,1
resnet32x12_cifar100_K12_mwmd1_seed0005_d001,d001,109,0,1,9,resnet32,resnet32,0.320400,0.320400,disagreement,exact,1
resnet32x12_cifar100_K12_mwmd1_seed0005_d001,d001,109,0,2,3,resnet32,resnet32,0.291000,0.291000,disagreement,exact,1
resnet32x12_cifar100_K12_mwmd1_seed0005_d001,d001,109,0,4,11,resnet32,resnet32,0.322400,0.322400,disagreement,exact,1
resnet32x12_cifar100_K12_mwmd1_seed0005_d001,d001,109,0,6,7,resnet32,resnet32,0.294600,0.294600,disagreement,exact,1
resnet32x12_cifar100_K12_mwmd1_seed0005_d001,d001,109,0,8,10,resnet32,resnet32,0.315800,0.315800,disagreement,exact,1
resnet32x12_cifar100_K12_mwmd1_seed0005_d001,d001,110,0,0,10,resnet32,resnet32,0.324200,0.324200,disagreement,exact,1
resnet32x12_cifar100_K12_mwmd1_seed0005_d001,d001,110,0,1,8,resnet32,resnet32,0.281200,0.281200,disagreement,exact,1
resnet32x12_cifar100_K12_mwmd1_seed0005_d001,d001,110,0,2,4,resnet32,resnet32,0.292200,0.292200,disagreement,exact,1
resnet32x12_cifar100_K12_mwmd1_seed0005_d001,d001,110,0,3,9,resnet32,resnet32,0.324400,0.324400,disagreement,exact,1
resnet32x12_cifar100_K12_mwmd1_seed0005_d001,d001,110,0,5,11,resnet32,resnet32,0.315200,0.315200,disagreement,exact,1
resnet32x12_cifar100_K12_mwmd1_seed0005_d001,d001,110,0,6,7,resnet32,resnet32,0.310200,0.310200,disagreement,exact,1
resnet32x12_cifar100_K12_mwmd1_seed0005_d001,d001,111,0,0,9,resnet32,resnet32,0.304600,0.304600,disagreement,exact,1
resnet32x12_cifar100_K12_mwmd1_seed0005_d001,d001,111,0,1,7,resnet32,resnet32,0.302200,0.302200,disagreement,exact,1
resnet32x12_cifar100_K12_mwmd1_seed0005_d001,d001,111,0,2,6,resnet32,resnet32,0.303000,0.303000,disagreement,exact,1
resnet32x12_cifar100_K12_mwmd1_seed0005_d001,d001,111,0,3,10,resnet32,resnet32,0.316000,0.316000,disagreement,exact,1
resnet32x12_cifar100_K12_mwmd1_seed0005_d001,d001,111,0,4,8,resnet32,resnet32,0.303000,0.303000,disagreement,exact,1
resnet32x12_cifar100_K12_mwmd1_seed0005_d001,d001,111,0,5,11,resnet32,resnet32,0.311200,0.311200,disagreement,exact,1
resnet32x12_cifar100_K12_mwmd1_seed0005_d001,d001,112,0,0,4,resnet32,resnet32,0.297800,0.297800,disagreement,exact,1
resnet32x12_cifar100_K12_mwmd1_seed0005_d001,d001,112,0,1,9,resnet32,resnet32,0.322600,0.322600,disagreement,exact,1
resnet32x12_cifar100_K12_mwmd1_seed0005_d001,d001,112,0,2,7,resnet32,resnet32,0.299800,0.299800,disagreement,exact,1
resnet32x12_cifar100_K12_mwmd1_seed0005_d001,d001,112,0,3,10,resnet32,resnet32,0.294600,0.294600,disagreement,exact,1
resnet32x12_cifar100_K12_mwmd1_seed0005_d001,d001,112,0,5,11,resnet32,resnet32,0.302400,0.302400,disagreement,exact,1
resnet32x12_cifar100_K12_mwmd1_seed0005_d001,d001,112,0,6,8,resnet32,resnet32,0.290200,0.290200,disagreement,exact,1
resnet32x12_cifar100_K12_mwmd1_seed0005_d001,d001,113,0,0,4,resnet32,resnet32,0.292600,0.292600,disagreement,exact,1
resnet32x12_cifar100_K12_mwmd1_seed0005_d001,d001,113,0,1,9,resnet32,resnet32,0.295600,0.295600,disagreement,exact,1
resnet32x12_cifar100_K12_mwmd1_seed0005_d001,d001,113,0,2,11,resnet32,resnet32,0.296200,0.296200,disagreement,exact,1
resnet32x12_cifar100_K12_mwmd1_seed0005_d001,d001,113,0,3,5,resnet32,resnet32,0.304400,0.304400,disagreement,exact,1
resnet32x12_cifar100_K12_mwmd1_seed0005_d001,d001,113,0,6,10,resnet32,resnet32,0.315200,0.315200,disagreement,exact,1
resnet32x12_cifar100_K12_mwmd1_seed0005_d001,d001,113,0,7,8,resnet32,resnet32,0.292000,0.292000,disagreement,exact,1
resnet32x12_cifar100_K12_mwmd1_seed0005_d001,d001,114,0,0,4,resnet32,resnet32,0.315400,0.315400,disagreement,exact,1
resnet32x12_cifar100_K12_mwmd1_seed0005_d001,d001,114,0,1,9,resnet32,resnet32,0.300400,0.300400,disagreement,exact,1
resnet32x12_cifar100_K12_mwmd1_seed0005_d001,d001,114,0,2,10,resnet32,resnet32,0.311000,0.311000,disagreement,exact,1
resnet32x12_cifar100_K12_mwmd1_seed0005_d001,d001,114,0,3,5,resnet32,resnet32,0.315600,0.315600,disagreement,exact,1
resnet32x12_cifar100_K12_mwmd1_seed0005_d001,d001,114,0,6,11,resnet32,resnet32,0.299200,0.299200,disagreement,exact,1
resnet32x12_cifar100_K12_mwmd1_seed0005_d001,d001,114,0,7,8,resnet32,resnet32,0.301400,0.301400,disagreement,exact,1
resnet32x12_cifar100_K12_mwmd1_seed0005_d001,d001,115,0,0,5,resnet32,resnet32,0.312800,0.312800,disagreement,exact,1
resnet32x12_cifar100_K12_mwmd1_seed0005_d001,d001,115,0,1,4,resnet32,resnet32,0.306200,0.306200,disagreement,exact,1
resnet32x12_cifar100_K12_mwmd1_seed0005_d001,d001,115,0,2,10,resnet32,resnet32,0.349800,0.349800,disagreement,exact,1
resnet32x12_cifar100_K12_mwmd1_seed0005_d001,d001,115,0,3,9,resnet32,resnet32,0.317200,0.317200,disagreement,exact,1
resnet32x12_cifar100_K12_mwmd1_seed0005_d001,d001,115,0,6,11,resnet32,resnet32,0.309600,0.309600,disagreement,exact,1
resnet32x12_cifar100_K12_mwmd1_seed0005_d001,d001,115,0,7,8,resnet32,resnet32,0.337000,0.337000,disagreement,exact,1
resnet32x12_cifar100_K12_mwmd1_seed0005_d001,d001,116,0,0,1,resnet32,resnet32,0.313000,0.313000,disagreement,exact,1
resnet32x12_cifar100_K12_mwmd1_seed0005_d001,d001,116,0,2,6,resnet32,resnet32,0.302600,0.302600,disagreement,exact,1
resnet32x12_cifar100_K12_mwmd1_seed0005_d001,d001,116,0,3,9,resnet32,resnet32,0.308000,0.308000,disagreement,exact,1
resnet32x12_cifar100_K12_mwmd1_seed0005_d001,d001,116,0,4,5,resnet32,resnet32,0.302000,0.302000,disagreement,exact,1
resnet32x12_cifar100_K12_mwmd1_seed0005_d001,d001,116,0,7,8,resnet32,resnet32,0.318000,0.318000,disagreement,exact,1
resnet32x12_cifar100_K12_mwmd1_seed0005_d001,d001,116,0,10,11,resnet32,resnet32,0.301400,0.301400,disagreement,exact,1
resnet32x12_cifar100_K12_mwmd1_seed0005_d001,d001,117,0,0,1,resnet32,resnet32,0.287600,0.287600,disagreement,exact,1
resnet32x12_cifar100_K12_mwmd1_seed0005_d001,d001,117,0,2,9,resnet32,resnet32,0.308000,0.308000,disagreement,exact,1
resnet32x12_cifar100_K12_mwmd1_seed0005_d001,d001,117,0,3,10,resnet32,resnet32,0.317600,0.317600,disagreement,exact,1
resnet32x12_cifar100_K12_mwmd1_seed0005_d001,d001,117,0,4,5,resnet32,resnet32,0.325400,0.325400,disagreement,exact,1
resnet32x12_cifar100_K12_mwmd1_seed0005_d001,d001,117,0,6,7,resnet32,resnet32,0.311800,0.311800,disagreement,exact,1
resnet32x12_cifar100_K12_mwmd1_seed0005_d001,d001,117,0,8,11,resnet32,resnet32,0.284000,0.284000,disagreement,exact,1
resnet32x12_cifar100_K12_mwmd1_seed0005_d001,d001,118,0,0,7,resnet32,resnet32,0.313800,0.313800,disagreement,exact,1
resnet32x12_cifar100_K12_mwmd1_seed0005_d001,d001,118,0,1,5,resnet32,resnet32,0.307400,0.307400,disagreement,exact,1
resnet32x12_cifar100_K12_mwmd1_seed0005_d001,d001,118,0,2,9,resnet32,resnet32,0.314200,0.314200,disagreement,exact,1
resnet32x12_cifar100_K12_mwmd1_seed0005_d001,d001,118,0,3,4,resnet32,resnet32,0.297200,0.297200,disagreement,exact,1
resnet32x12_cifar100_K12_mwmd1_seed0005_d001,d001,118,0,6,8,resnet32,resnet32,0.306200,0.306200,disagreement,exact,1
resnet32x12_cifar100_K12_mwmd1_seed0005_d001,d001,118,0,10,11,resnet32,resnet32,0.302200,0.302200,disagreement,exact,1
resnet32x12_cifar100_K12_mwmd1_seed0005_d001,d001,119,0,0,11,resnet32,resnet32,0.314400,0.314400,disagreement,exact,1
resnet32x12_cifar100_K12_mwmd1_seed0005_d001,d001,119,0,1,5,resnet32,resnet32,0.322600,0.322600,disagreement,exact,1
resnet32x12_cifar100_K12_mwmd1_seed0005_d001,d001,119,0,2,7,resnet32,resnet32,0.320400,0.320400,disagreement,exact,1
resnet32x12_cifar100_K12_mwmd1_seed0005_d001,d001,119,0,3,10,resnet32,resnet32,0.331800,0.331800,disagreement,exact,1
resnet32x12_cifar100_K12_mwmd1_seed0005_d001,d001,119,0,4,9,resnet32,resnet32,0.307000,0.307000,disagreement,exact,1
resnet32x12_cifar100_K12_mwmd1_seed0005_d001,d001,119,0,6,8,resnet32,resnet32,0.307600,0.307600,disagreement,exact,1
resnet32x12_cifar100_K12_mwmd1_seed0005_d001,d001,120,0,0,11,resnet32,resnet32,0.294400,0.294400,disagreement,exact,1
resnet32x12_cifar100_K12_mwmd1_seed0005_d001,d001,120,0,1,5,resnet32,resnet32,0.284000,0.284000,disagreement,exact,1
resnet32x12_cifar100_K12_mwmd1_seed0005_d001,d001,120,0,2,4,resnet32,resnet32,0.278800,0.278800,disagreement,exact,1
resnet32x12_cifar100_K12_mwmd1_seed0005_d001,d001,120,0,3,9,resnet32,resnet32,0.304600,0.304600,disagreement,exact,1
resnet32x12_cifar100_K12_mwmd1_seed0005_d001,d001,120,0,6,8,resnet32,resnet32,0.316400,0.316400,disagreement,exact,1
resnet32x12_cifar100_K12_mwmd1_seed0005_d001,d001,120,0,7,10,resnet32,resnet32,0.331000,0.331000,disagreement,exact,1
resnet32x12_cifar100_K12_mwmd1_seed0005_d001,d001,121,0,0,8,resnet32,resnet32,0.218800,0.218800,disagreement,exact,1
resnet32x12_cifar100_K12_mwmd1_seed0005_d001,d001,121,0,1,10,resnet32,resnet32,0.222200,0.222200,disagreement,exact,1
resnet32x12_cifar100_K12_mwmd1_seed0005_d001,d001,121,0,2,3,resnet32,resnet32,0.203800,0.203800,disagreement,exact,1
resnet32x12_cifar100_K12_mwmd1_seed0005_d001,d001,121,0,4,11,resnet32,resnet32,0.206400,0.206400,disagreement,exact,1
resnet32x12_cifar100_K12_mwmd1_seed0005_d001,d001,121,0,5,6,resnet32,resnet32,0.215600,0.215600,disagreement,exact,1
resnet32x12_cifar100_K12_mwmd1_seed0005_d001,d001,121,0,7,9,resnet32,resnet32,0.228200,0.228200,disagreement,exact,1
resnet32x12_cifar100_K12_mwmd1_seed0005_d001,d001,122,0,0,8,resnet32,resnet32,0.212200,0.212200,disagreement,exact,1
resnet32x12_cifar100_K12_mwmd1_seed0005_d001,d001,122,0,1,7,resnet32,resnet32,0.213000,0.213000,disagreement,exact,1
resnet32x12_cifar100_K12_mwmd1_seed0005_d001,d001,122,0,2,5,resnet32,resnet32,0.204400,0.204400,disagreement,exact,1
resnet32x12_cifar100_K12_mwmd1_seed0005_d001,d001,122,0,3,6,resnet32,resnet32,0.210600,0.210600,disagreement,exact,1
resnet32x12_cifar100_K12_mwmd1_seed0005_d001,d001,122,0,4,10,resnet32,resnet32,0.218600,0.218600,disagreement,exact,1
resnet32x12_cifar100_K12_mwmd1_seed0005_d001,d001,122,0,9,11,resnet32,resnet32,0.211400,0.211400,disagreement,exact,1
resnet32x12_cifar100_K12_mwmd1_seed0005_d001,d001,123,0,0,6,resnet32,resnet32,0.213000,0.213000,disagreement,exact,1
resnet32x12_cifar100_K12_mwmd1_seed0005_d001,d001,123,0,1,2,resnet32,resnet32,0.204000,0.204000,disagreement,exact,1
resnet32x12_cifar100_K12_mwmd1_seed0005_d001,d001,123,0,3,11,resnet32,resnet32,0.207000,0.207000,disagreement,exact,1
resnet32x12_cifar100_K12_mwmd1_seed0005_d001,d001,123,0,4,8,resnet32,resnet32,0.209600,0.209600,disagreement,exact,1
resnet32x12_cifar100_K12_mwmd1_seed0005_d001,d001,123,0,5,10,resnet32,resnet32,0.223600,0.223600,disagreement,exact,1
resnet32x12_cifar100_K12_mwmd1_seed0005_d001,d001,123,0,7,9,resnet32,resnet32,0.224000,0.224000,disagreement,exact,1
resnet32x12_cifar100_K12_mwmd1_seed0005_d001,d001,124,0,0,1,resnet32,resnet32,0.208200,0.208200,disagreement,exact,1
resnet32x12_cifar100_K12_mwmd1_seed0005_d001,d001,124,0,2,10,resnet32,resnet32,0.219800,0.219800,disagreement,exact,1
resnet32x12_cifar100_K12_mwmd1_seed0005_d001,d001,124,0,3,11,resnet32,resnet32,0.207600,0.207600,disagreement,exact,1
resnet32x12_cifar100_K12_mwmd1_seed0005_d001,d001,124,0,4,7,resnet32,resnet32,0.212000,0.212000,disagreement,exact,1
resnet32x12_cifar100_K12_mwmd1_seed0005_d001,d001,124,0,5,6,resnet32,resnet32,0.209000,0.209000,disagreement,exact,1
resnet32x12_cifar100_K12_mwmd1_seed0005_d001,d001,124,0,8,9,resnet32,resnet32,0.217200,0.217200,disagreement,exact,1
resnet32x12_cifar100_K12_mwmd1_seed0005_d001,d001,125,0,0,8,resnet32,resnet32,0.213400,0.213400,disagreement,exact,1
resnet32x12_cifar100_K12_mwmd1_seed0005_d001,d001,125,0,1,10,resnet32,resnet32,0.225200,0.225200,disagreement,exact,1
resnet32x12_cifar100_K12_mwmd1_seed0005_d001,d001,125,0,2,4,resnet32,resnet32,0.213600,0.213600,disagreement,exact,1
resnet32x12_cifar100_K12_mwmd1_seed0005_d001,d001,125,0,3,11,resnet32,resnet32,0.207800,0.207800,disagreement,exact,1
resnet32x12_cifar100_K12_mwmd1_seed0005_d001,d001,125,0,5,6,resnet32,resnet32,0.218400,0.218400,disagreement,exact,1
resnet32x12_cifar100_K12_mwmd1_seed0005_d001,d001,125,0,7,9,resnet32,resnet32,0.213600,0.213600,disagreement,exact,1
resnet32x12_cifar100_K12_mwmd1_seed0005_d001,d001,126,0,0,4,resnet32,resnet32,0.211600,0.211600,disagreement,exact,1
resnet32x12_cifar100_K12_mwmd1_seed0005_d001,d001,126,0,1,7,resnet32,resnet32,0.215200,0.215200,disagreement,exact,1
resnet32x12_cifar100_K12_mwmd1_seed0005_d001,d001,126,0,2,9,resnet32,resnet32,0.214200,0.214200,disagreement,exact,1
resnet32x12_cifar100_K12_mwmd1_seed0005_d001,d001,126,0,3,11,resnet32,resnet32,0.207200,0.207200,disagreement,exact,1
resnet32x12_cifar100_K12_mwmd1_seed0005_d001,d001,126,0,5,6,resnet32,resnet32,0.215000,0.215000,disagreement,exact,1
resnet32x12_cifar100_K12_mwmd1_seed0005_d001,d001,126,0,8,10,resnet32,resnet32,0.216400,0.216400,disagreement,exact,1
resnet32x12_cifar100_K12_mwmd1_seed0005_d001,d001,127,0,0,3,resnet32,resnet32,0.218400,0.218400,disagreement,exact,1
resnet32x12_cifar100_K12_mwmd1_seed0005_d001,d001,127,0,1,10,resnet32,resnet32,0.226400,0.226400,disagreement,exact,1
resnet32x12_cifar100_K12_mwmd1_seed0005_d001,d001,127,0,2,9,resnet32,resnet32,0.215600,0.215600,disagreement,exact,1
resnet32x12_cifar100_K12_mwmd1_seed0005_d001,d001,127,0,4,5,resnet32,resnet32,0.212800,0.212800,disagreement,exact,1
resnet32x12_cifar100_K12_mwmd1_seed0005_d001,d001,127,0,6,11,resnet32,resnet32,0.205800,0.205800,disagreement,exact,1
resnet32x12_cifar100_K12_mwmd1_seed0005_d001,d001,127,0,7,8,resnet32,resnet32,0.208400,0.208400,disagreement,exact,1
resnet32x12_cifar100_K12_mwmd1_seed0005_d001,d001,128,0,0,8,resnet32,resnet32,0.210000,0.210000,disagreement,exact,1
resnet32x12_cifar100_K12_mwmd1_seed0005_d001,d001,128,0,1,10,resnet32,resnet32,0.218600,0.218600,disagreement,exact,1
resnet32x12_cifar100_K12_mwmd1_seed0005_d001,d001,128,0,2,4,resnet32,resnet32,0.209800,0.209800,disagreement,exact,1
resnet32x12_cifar100_K12_mwmd1_seed0005_d001,d001,128,0,3,9,resnet32,resnet32,0.218400,0.218400,disagreement,exact,1
resnet32x12_cifar100_K12_mwmd1_seed0005_d001,d001,128,0,5,6,resnet32,resnet32,0.211800,0.211800,disagreement,exact,1
resnet32x12_cifar100_K12_mwmd1_seed0005_d001,d001,128,0,7,11,resnet32,resnet32,0.217400,0.217400,disagreement,exact,1
resnet32x12_cifar100_K12_mwmd1_seed0005_d001,d001,129,0,0,2,resnet32,resnet32,0.214800,0.214800,disagreement,exact,1
resnet32x12_cifar100_K12_mwmd1_seed0005_d001,d001,129,0,1,10,resnet32,resnet32,0.223400,0.223400,disagreement,exact,1
resnet32x12_cifar100_K12_mwmd1_seed0005_d001,d001,129,0,3,11,resnet32,resnet32,0.210000,0.210000,disagreement,exact,1
resnet32x12_cifar100_K12_mwmd1_seed0005_d001,d001,129,0,4,5,resnet32,resnet32,0.215600,0.215600,disagreement,exact,1
resnet32x12_cifar100_K12_mwmd1_seed0005_d001,d001,129,0,6,8,resnet32,resnet32,0.218400,0.218400,disagreement,exact,1
resnet32x12_cifar100_K12_mwmd1_seed0005_d001,d001,129,0,7,9,resnet32,resnet32,0.223800,0.223800,disagreement,exact,1
resnet32x12_cifar100_K12_mwmd1_seed0005_d001,d001,130,0,0,8,resnet32,resnet32,0.217400,0.217400,disagreement,exact,1
resnet32x12_cifar100_K12_mwmd1_seed0005_d001,d001,130,0,1,11,resnet32,resnet32,0.209200,0.209200,disagreement,exact,1
resnet32x12_cifar100_K12_mwmd1_seed0005_d001,d001,130,0,2,10,resnet32,resnet32,0.224200,0.224200,disagreement,exact,1
resnet32x12_cifar100_K12_mwmd1_seed0005_d001,d001,130,0,3,9,resnet32,resnet32,0.216400,0.216400,disagreement,exact,1
resnet32x12_cifar100_K12_mwmd1_seed0005_d001,d001,130,0,4,5,resnet32,resnet32,0.214400,0.214400,disagreement,exact,1
resnet32x12_cifar100_K12_mwmd1_seed0005_d001,d001,130,0,6,7,resnet32,resnet32,0.216400,0.216400,disagreement,exact,1
resnet32x12_cifar100_K12_mwmd1_seed0005_d001,d001,131,0,0,6,resnet32,resnet32,0.218200,0.218200,disagreement,exact,1
resnet32x12_cifar100_K12_mwmd1_seed0005_d001,d001,131,0,1,4,resnet32,resnet32,0.217200,0.217200,disagreement,exact,1
resnet32x12_cifar100_K12_mwmd1_seed0005_d001,d001,131,0,2,7,resnet32,resnet32,0.214800,0.214800,disagreement,exact,1
resnet32x12_cifar100_K12_mwmd1_seed0005_d001,d001,131,0,3,11,resnet32,resnet32,0.210600,0.210600,disagreement,exact,1
resnet32x12_cifar100_K12_mwmd1_seed0005_d001,d001,131,0,5,10,resnet32,resnet32,0.222400,0.222400,disagreement,exact,1
resnet32x12_cifar100_K12_mwmd1_seed0005_d001,d001,131,0,8,9,resnet32,resnet32,0.216400,0.216400,disagreement,exact,1
resnet32x12_cifar100_K12_mwmd1_seed0005_d001,d001,132,0,0,2,resnet32,resnet32,0.213400,0.213400,disagreement,exact,1
resnet32x12_cifar100_K12_mwmd1_seed0005_d001,d001,132,0,1,10,resnet32,resnet32,0.227200,0.227200,disagreement,exact,1
resnet32x12_cifar100_K12_mwmd1_seed0005_d001,d001,132,0,3,9,resnet32,resnet32,0.221400,0.221400,disagreement,exact,1
resnet32x12_cifar100_K12_mwmd1_seed0005_d001,d001,132,0,4,5,resnet32,resnet32,0.211600,0.211600,disagreement,exact,1
resnet32x12_cifar100_K12_mwmd1_seed0005_d001,d001,132,0,6,8,resnet32,resnet32,0.217400,0.217400,disagreement,exact,1
resnet32x12_cifar100_K12_mwmd1_seed0005_d001,d001,132,0,7,11,resnet32,resnet32,0.216200,0.216200,disagreement,exact,1
resnet32x12_cifar100_K12_mwmd1_seed0005_d001,d001,133,0,0,1,resnet32,resnet32,0.214000,0.214000,disagreement,exact,1
resnet32x12_cifar100_K12_mwmd1_seed0005_d001,d001,133,0,2,5,resnet32,resnet32,0.210800,0.210800,disagreement,exact,1
resnet32x12_cifar100_K12_mwmd1_seed0005_d001,d001,133,0,3,9,resnet32,resnet32,0.218200,0.218200,disagreement,exact,1
resnet32x12_cifar100_K12_mwmd1_seed0005_d001,d001,133,0,4,7,resnet32,resnet32,0.222200,0.222200,disagreement,exact,1
resnet32x12_cifar100_K12_mwmd1_seed0005_d001,d001,133,0,6,8,resnet32,resnet32,0.211400,0.211400,disagreement,exact,1
resnet32x12_cifar100_K12_mwmd1_seed0005_d001,d001,133,0,10,11,resnet32,resnet32,0.221400,0.221400,disagreement,exact,1
resnet32x12_cifar100_K12_mwmd1_seed0005_d001,d001,134,0,0,1,resnet32,resnet32,0.219800,0.219800,disagreement,exact,1
resnet32x12_cifar100_K12_mwmd1_seed0005_d001,d001,134,0,2,4,resnet32,resnet32,0.211000,0.211000,disagreement,exact,1
resnet32x12_cifar100_K12_mwmd1_seed0005_d001,d001,134,0,3,6,resnet32,resnet32,0.212000,0.212000,disagreement,exact,1
resnet32x12_cifar100_K12_mwmd1_seed0005_d001,d001,134,0,5,11,resnet32,resnet32,0.213800,0.213800,disagreement,exact,1
resnet32x12_cifar100_K12_mwmd1_seed0005_d001,d001,134,0,7,10,resnet32,resnet32,0.225400,0.225400,disagreement,exact,1
resnet32x12_cifar100_K12_mwmd1_seed0005_d001,d001,134,0,8,9,resnet32,resnet32,0.216000,0.216000,disagreement,exact,1
resnet32x12_cifar100_K12_mwmd1_seed0005_d001,d001,135,0,0,9,resnet32,resnet32,0.229200,0.229200,disagreement,exact,1
resnet32x12_cifar100_K12_mwmd1_seed0005_d001,d001,135,0,1,4,resnet32,resnet32,0.214000,0.214000,disagreement,exact,1
resnet32x12_cifar100_K12_mwmd1_seed0005_d001,d001,135,0,2,7,resnet32,resnet32,0.218600,0.218600,disagreement,exact,1
resnet32x12_cifar100_K12_mwmd1_seed0005_d001,d001,135,0,3,11,resnet32,resnet32,0.212200,0.212200,disagreement,exact,1
resnet32x12_cifar100_K12_mwmd1_seed0005_d001,d001,135,0,5,10,resnet32,resnet32,0.226400,0.226400,disagreement,exact,1
resnet32x12_cifar100_K12_mwmd1_seed0005_d001,d001,135,0,6,8,resnet32,resnet32,0.216400,0.216400,disagreement,exact,1
resnet32x12_cifar100_K12_mwmd1_seed0005_d001,d001,136,0,0,2,resnet32,resnet32,0.223600,0.223600,disagreement,exact,1
resnet32x12_cifar100_K12_mwmd1_seed0005_d001,d001,136,0,1,9,resnet32,resnet32,0.223000,0.223000,disagreement,exact,1
resnet32x12_cifar100_K12_mwmd1_seed0005_d001,d001,136,0,3,4,resnet32,resnet32,0.218800,0.218800,disagreement,exact,1
resnet32x12_cifar100_K12_mwmd1_seed0005_d001,d001,136,0,5,10,resnet32,resnet32,0.230600,0.230600,disagreement,exact,1
resnet32x12_cifar100_K12_mwmd1_seed0005_d001,d001,136,0,6,8,resnet32,resnet32,0.216200,0.216200,disagreement,exact,1
resnet32x12_cifar100_K12_mwmd1_seed0005_d001,d001,136,0,7,11,resnet32,resnet32,0.215000,0.215000,disagreement,exact,1
resnet32x12_cifar100_K12_mwmd1_seed0005_d001,d001,137,0,0,2,resnet32,resnet32,0.224200,0.224200,disagreement,exact,1
resnet32x12_cifar100_K12_mwmd1_seed0005_d001,d001,137,0,1,4,resnet32,resnet32,0.217600,0.217600,disagreement,exact,1
resnet32x12_cifar100_K12_mwmd1_seed0005_d001,d001,137,0,3,9,resnet32,resnet32,0.223200,0.223200,disagreement,exact,1
resnet32x12_cifar100_K12_mwmd1_seed0005_d001,d001,137,0,5,10,resnet32,resnet32,0.222600,0.222600,disagreement,exact,1
resnet32x12_cifar100_K12_mwmd1_seed0005_d001,d001,137,0,6,7,resnet32,resnet32,0.222400,0.222400,disagreement,exact,1
resnet32x12_cifar100_K12_mwmd1_seed0005_d001,d001,137,0,8,11,resnet32,resnet32,0.209000,0.209000,disagreement,exact,1
resnet32x12_cifar100_K12_mwmd1_seed0005_d001,d001,138,0,0,11,resnet32,resnet32,0.221200,0.221200,disagreement,exact,1
resnet32x12_cifar100_K12_mwmd1_seed0005_d001,d001,138,0,1,4,resnet32,resnet32,0.223800,0.223800,disagreement,exact,1
resnet32x12_cifar100_K12_mwmd1_seed0005_d001,d001,138,0,2,3,resnet32,resnet32,0.215200,0.215200,disagreement,exact,1
resnet32x12_cifar100_K12_mwmd1_seed0005_d001,d001,138,0,5,8,resnet32,resnet32,0.219000,0.219000,disagreement,exact,1
resnet32x12_cifar100_K12_mwmd1_seed0005_d001,d001,138,0,6,7,resnet32,resnet32,0.224200,0.224200,disagreement,exact,1
resnet32x12_cifar100_K12_mwmd1_seed0005_d001,d001,138,0,9,10,resnet32,resnet32,0.235400,0.235400,disagreement,exact,1
resnet32x12_cifar100_K12_mwmd1_seed0005_d001,d001,139,0,0,2,resnet32,resnet32,0.226000,0.226000,disagreement,exact,1
resnet32x12_cifar100_K12_mwmd1_seed0005_d001,d001,139,0,1,8,resnet32,resnet32,0.219600,0.219600,disagreement,exact,1
resnet32x12_cifar100_K12_mwmd1_seed0005_d001,d001,139,0,3,9,resnet32,resnet32,0.226200,0.226200,disagreement,exact,1
resnet32x12_cifar100_K12_mwmd1_seed0005_d001,d001,139,0,4,10,resnet32,resnet32,0.230200,0.230200,disagreement,exact,1
resnet32x12_cifar100_K12_mwmd1_seed0005_d001,d001,139,0,5,6,resnet32,resnet32,0.224400,0.224400,disagreement,exact,1
resnet32x12_cifar100_K12_mwmd1_seed0005_d001,d001,139,0,7,11,resnet32,resnet32,0.218600,0.218600,disagreement,exact,1
resnet32x12_cifar100_K12_mwmd1_seed0005_d001,d001,140,0,0,2,resnet32,resnet32,0.221000,0.221000,disagreement,exact,1
resnet32x12_cifar100_K12_mwmd1_seed0005_d001,d001,140,0,1,8,resnet32,resnet32,0.218400,0.218400,disagreement,exact,1
resnet32x12_cifar100_K12_mwmd1_seed0005_d001,d001,140,0,3,4,resnet32,resnet32,0.217800,0.217800,disagreement,exact,1
resnet32x12_cifar100_K12_mwmd1_seed0005_d001,d001,140,0,5,6,resnet32,resnet32,0.216000,0.216000,disagreement,exact,1
resnet32x12_cifar100_K12_mwmd1_seed0005_d001,d001,140,0,7,11,resnet32,resnet32,0.219200,0.219200,disagreement,exact,1
resnet32x12_cifar100_K12_mwmd1_seed0005_d001,d001,140,0,9,10,resnet32,resnet32,0.233800,0.233800,disagreement,exact,1
resnet32x12_cifar100_K12_mwmd1_seed0005_d001,d001,141,0,0,9,resnet32,resnet32,0.228800,0.228800,disagreement,exact,1
resnet32x12_cifar100_K12_mwmd1_seed0005_d001,d001,141,0,1,10,resnet32,resnet32,0.228600,0.228600,disagreement,exact,1
resnet32x12_cifar100_K12_mwmd1_seed0005_d001,d001,141,0,2,6,resnet32,resnet32,0.215600,0.215600,disagreement,exact,1
resnet32x12_cifar100_K12_mwmd1_seed0005_d001,d001,141,0,3,4,resnet32,resnet32,0.221000,0.221000,disagreement,exact,1
resnet32x12_cifar100_K12_mwmd1_seed0005_d001,d001,141,0,5,8,resnet32,resnet32,0.219000,0.219000,disagreement,exact,1
resnet32x12_cifar100_K12_mwmd1_seed0005_d001,d001,141,0,7,11,resnet32,resnet32,0.227400,0.227400,disagreement,exact,1
resnet32x12_cifar100_K12_mwmd1_seed0005_d001,d001,142,0,0,9,resnet32,resnet32,0.229800,0.229800,disagreement,exact,1
resnet32x12_cifar100_K12_mwmd1_seed0005_d001,d001,142,0,1,10,resnet32,resnet32,0.226000,0.226000,disagreement,exact,1
resnet32x12_cifar100_K12_mwmd1_seed0005_d001,d001,142,0,2,7,resnet32,resnet32,0.215000,0.215000,disagreement,exact,1
resnet32x12_cifar100_K12_mwmd1_seed0005_d001,d001,142,0,3,11,resnet32,resnet32,0.214000,0.214000,disagreement,exact,1
resnet32x12_cifar100_K12_mwmd1_seed0005_d001,d001,142,0,4,5,resnet32,resnet32,0.217200,0.217200,disagreement,exact,1
resnet32x12_cifar100_K12_mwmd1_seed0005_d001,d001,142,0,6,8,resnet32,resnet32,0.225600,0.225600,disagreement,exact,1
resnet32x12_cifar100_K12_mwmd1_seed0005_d001,d001,143,0,0,6,resnet32,resnet32,0.231200,0.231200,disagreement,exact,1
resnet32x12_cifar100_K12_mwmd1_seed0005_d001,d001,143,0,1,10,resnet32,resnet32,0.224600,0.224600,disagreement,exact,1
resnet32x12_cifar100_K12_mwmd1_seed0005_d001,d001,143,0,2,9,resnet32,resnet32,0.222200,0.222200,disagreement,exact,1
resnet32x12_cifar100_K12_mwmd1_seed0005_d001,d001,143,0,3,11,resnet32,resnet32,0.214800,0.214800,disagreement,exact,1
resnet32x12_cifar100_K12_mwmd1_seed0005_d001,d001,143,0,4,7,resnet32,resnet32,0.222800,0.222800,disagreement,exact,1
resnet32x12_cifar100_K12_mwmd1_seed0005_d001,d001,143,0,5,8,resnet32,resnet32,0.221000,0.221000,disagreement,exact,1
resnet32x12_cifar100_K12_mwmd1_seed0005_d001,d001,144,0,0,2,resnet32,resnet32,0.221600,0.221600,disagreement,exact,1
resnet32x12_cifar100_K12_mwmd1_seed0005_d001,d001,144,0,1,4,resnet32,resnet32,0.224400,0.224400,disagreement,exact,1
resnet32x12_cifar100_K12_mwmd1_seed0005_d001,d001,144,0,3,9,resnet32,resnet32,0.225600,0.225600,disagreement,exact,1
resnet32x12_cifar100_K12_mwmd1_seed0005_d001,d001,144,0,5,11,resnet32,resnet32,0.219600,0.219600,disagreement,exact,1
resnet32x12_cifar100_K12_mwmd1_seed0005_d001,d001,144,0,6,8,resnet32,resnet32,0.216800,0.216800,disagreement,exact,1
resnet32x12_cifar100_K12_mwmd1_seed0005_d001,d001,144,0,7,10,resnet32,resnet32,0.235400,0.235400,disagreement,exact,1
resnet32x12_cifar100_K12_mwmd1_seed0005_d001,d001,145,0,0,2,resnet32,resnet32,0.226600,0.226600,disagreement,exact,1
resnet32x12_cifar100_K12_mwmd1_seed0005_d001,d001,145,0,1,7,resnet32,resnet32,0.219400,0.219400,disagreement,exact,1
resnet32x12_cifar100_K12_mwmd1_seed0005_d001,d001,145,0,3,6,resnet32,resnet32,0.231400,0.231400,disagreement,exact,1
resnet32x12_cifar100_K12_mwmd1_seed0005_d001,d001,145,0,4,5,resnet32,resnet32,0.228600,0.228600,disagreement,exact,1
resnet32x12_cifar100_K12_mwmd1_seed0005_d001,d001,145,0,8,10,resnet32,resnet32,0.226200,0.226200,disagreement,exact,1
resnet32x12_cifar100_K12_mwmd1_seed0005_d001,d001,145,0,9,11,resnet32,resnet32,0.226600,0.226600,disagreement,exact,1
resnet32x12_cifar100_K12_mwmd1_seed0005_d001,d001,146,0,0,6,resnet32,resnet32,0.228600,0.228600,disagreement,exact,1
resnet32x12_cifar100_K12_mwmd1_seed0005_d001,d001,146,0,1,3,resnet32,resnet32,0.222800,0.222800,disagreement,exact,1
resnet32x12_cifar100_K12_mwmd1_seed0005_d001,d001,146,0,2,7,resnet32,resnet32,0.227400,0.227400,disagreement,exact,1
resnet32x12_cifar100_K12_mwmd1_seed0005_d001,d001,146,0,4,5,resnet32,resnet32,0.224400,0.224400,disagreement,exact,1
resnet32x12_cifar100_K12_mwmd1_seed0005_d001,d001,146,0,8,10,resnet32,resnet32,0.231400,0.231400,disagreement,exact,1
resnet32x12_cifar100_K12_mwmd1_seed0005_d001,d001,146,0,9,11,resnet32,resnet32,0.227600,0.227600,disagreement,exact,1
resnet32x12_cifar100_K12_mwmd1_seed0005_d001,d001,147,0,0,2,resnet32,resnet32,0.225600,0.225600,disagreement,exact,1
resnet32x12_cifar100_K12_mwmd1_seed0005_d001,d001,147,0,1,10,resnet32,resnet32,0.233000,0.233000,disagreement,exact,1
resnet32x12_cifar100_K12_mwmd1_seed0005_d001,d001,147,0,3,11,resnet32,resnet32,0.224400,0.224400,disagreement,exact,1
resnet32x12_cifar100_K12_mwmd1_seed0005_d001,d001,147,0,4,6,resnet32,resnet32,0.224200,0.224200,disagreement,exact,1
resnet32x12_cifar100_K12_mwmd1_seed0005_d001,d001,147,0,5,8,resnet32,resnet32,0.223000,0.223000,disagreement,exact,1
resnet32x12_cifar100_K12_mwmd1_seed0005_d001,d001,147,0,7,9,resnet32,resnet32,0.235200,0.235200,disagreement,exact,1
resnet32x12_cifar100_K12_mwmd1_seed0005_d001,d001,148,0,0,6,resnet32,resnet32,0.231000,0.231000,disagreement,exact,1
resnet32x12_cifar100_K12_mwmd1_seed0005_d001,d001,148,0,1,10,resnet32,resnet32,0.233800,0.233800,disagreement,exact,1
resnet32x12_cifar100_K12_mwmd1_seed0005_d001,d001,148,0,2,9,resnet32,resnet32,0.226600,0.226600,disagreement,exact,1
resnet32x12_cifar100_K12_mwmd1_seed0005_d001,d001,148,0,3,8,resnet32,resnet32,0.222600,0.222600,disagreement,exact,1
resnet32x12_cifar100_K12_mwmd1_seed0005_d001,d001,148,0,4,5,resnet32,resnet32,0.230200,0.230200,disagreement,exact,1
resnet32x12_cifar100_K12_mwmd1_seed0005_d001,d001,148,0,7,11,resnet32,resnet32,0.233400,0.233400,disagreement,exact,1
resnet32x12_cifar100_K12_mwmd1_seed0005_d001,d001,149,0,0,6,resnet32,resnet32,0.227200,0.227200,disagreement,exact,1
resnet32x12_cifar100_K12_mwmd1_seed0005_d001,d001,149,0,1,8,resnet32,resnet32,0.224800,0.224800,disagreement,exact,1
resnet32x12_cifar100_K12_mwmd1_seed0005_d001,d001,149,0,2,10,resnet32,resnet32,0.227200,0.227200,disagreement,exact,1
resnet32x12_cifar100_K12_mwmd1_seed0005_d001,d001,149,0,3,9,resnet32,resnet32,0.235800,0.235800,disagreement,exact,1
resnet32x12_cifar100_K12_mwmd1_seed0005_d001,d001,149,0,4,7,resnet32,resnet32,0.229800,0.229800,disagreement,exact,1
resnet32x12_cifar100_K12_mwmd1_seed0005_d001,d001,149,0,5,11,resnet32,resnet32,0.229000,0.229000,disagreement,exact,1
resnet32x12_cifar100_K12_mwmd1_seed0005_d001,d001,150,0,0,11,resnet32,resnet32,0.232400,0.232400,disagreement,exact,1
resnet32x12_cifar100_K12_mwmd1_seed0005_d001,d001,150,0,1,2,resnet32,resnet32,0.222800,0.222800,disagreement,exact,1
resnet32x12_cifar100_K12_mwmd1_seed0005_d001,d001,150,0,3,5,resnet32,resnet32,0.224200,0.224200,disagreement,exact,1
resnet32x12_cifar100_K12_mwmd1_seed0005_d001,d001,150,0,4,10,resnet32,resnet32,0.240600,0.240600,disagreement,exact,1
resnet32x12_cifar100_K12_mwmd1_seed0005_d001,d001,150,0,6,8,resnet32,resnet32,0.227600,0.227600,disagreement,exact,1
resnet32x12_cifar100_K12_mwmd1_seed0005_d001,d001,150,0,7,9,resnet32,resnet32,0.235600,0.235600,disagreement,exact,1
resnet32x12_cifar100_K12_mwmd1_seed0005_d001,d001,151,0,0,3,resnet32,resnet32,0.228600,0.228600,disagreement,exact,1
resnet32x12_cifar100_K12_mwmd1_seed0005_d001,d001,151,0,1,10,resnet32,resnet32,0.232600,0.232600,disagreement,exact,1
resnet32x12_cifar100_K12_mwmd1_seed0005_d001,d001,151,0,2,9,resnet32,resnet32,0.226800,0.226800,disagreement,exact,1
resnet32x12_cifar100_K12_mwmd1_seed0005_d001,d001,151,0,4,7,resnet32,resnet32,0.229600,0.229600,disagreement,exact,1
resnet32x12_cifar100_K12_mwmd1_seed0005_d001,d001,151,0,5,6,resnet32,resnet32,0.227600,0.227600,disagreement,exact,1
resnet32x12_cifar100_K12_mwmd1_seed0005_d001,d001,151,0,8,11,resnet32,resnet32,0.221600,0.221600,disagreement,exact,1
resnet32x12_cifar100_K12_mwmd1_seed0005_d001,d001,152,0,0,2,resnet32,resnet32,0.224600,0.224600,disagreement,exact,1
resnet32x12_cifar100_K12_mwmd1_seed0005_d001,d001,152,0,1,7,resnet32,resnet32,0.224400,0.224400,disagreement,exact,1
resnet32x12_cifar100_K12_mwmd1_seed0005_d001,d001,152,0,3,11,resnet32,resnet32,0.226600,0.226600,disagreement,exact,1
resnet32x12_cifar100_K12_mwmd1_seed0005_d001,d001,152,0,4,5,resnet32,resnet32,0.227800,0.227800,disagreement,exact,1
resnet32x12_cifar100_K12_mwmd1_seed0005_d001,d001,152,0,6,9,resnet32,resnet32,0.233200,0.233200,disagreement,exact,1
resnet32x12_cifar100_K12_mwmd1_seed0005_d001,d001,152,0,8,10,resnet32,resnet32,0.230200,0.230200,disagreement,exact,1
resnet32x12_cifar100_K12_mwmd1_seed0005_d001,d001,153,0,0,7,resnet32,resnet32,0.241600,0.241600,disagreement,exact,1
resnet32x12_cifar100_K12_mwmd1_seed0005_d001,d001,153,0,1,8,resnet32,resnet32,0.228000,0.228000,disagreement,exact,1
resnet32x12_cifar100_K12_mwmd1_seed0005_d001,d001,153,0,2,5,resnet32,resnet32,0.228600,0.228600,disagreement,exact,1
resnet32x12_cifar100_K12_mwmd1_seed0005_d001,d001,153,0,3,9,resnet32,resnet32,0.227600,0.227600,disagreement,exact,1
resnet32x12_cifar100_K12_mwmd1_seed0005_d001,d001,153,0,4,6,resnet32,resnet32,0.227200,0.227200,disagreement,exact,1
resnet32x12_cifar100_K12_mwmd1_seed0005_d001,d001,153,0,10,11,resnet32,resnet32,0.236600,0.236600,disagreement,exact,1
resnet32x12_cifar100_K12_mwmd1_seed0005_d001,d001,154,0,0,2,resnet32,resnet32,0.229400,0.229400,disagreement,exact,1
resnet32x12_cifar100_K12_mwmd1_seed0005_d001,d001,154,0,1,6,resnet32,resnet32,0.225600,0.225600,disagreement,exact,1
resnet32x12_cifar100_K12_mwmd1_seed0005_d001,d001,154,0,3,8,resnet32,resnet32,0.228400,0.228400,disagreement,exact,1
resnet32x12_cifar100_K12_mwmd1_seed0005_d001,d001,154,0,4,5,resnet32,resnet32,0.235600,0.235600,disagreement,exact,1
resnet32x12_cifar100_K12_mwmd1_seed0005_d001,d001,154,0,7,9,resnet32,resnet32,0.234400,0.234400,disagreement,exact,1
resnet32x12_cifar100_K12_mwmd1_seed0005_d001,d001,154,0,10,11,resnet32,resnet32,0.231800,0.231800,disagreement,exact,1
resnet32x12_cifar100_K12_mwmd1_seed0005_d001,d001,155,0,0,9,resnet32,resnet32,0.239800,0.239800,disagreement,exact,1
resnet32x12_cifar100_K12_mwmd1_seed0005_d001,d001,155,0,1,8,resnet32,resnet32,0.232400,0.232400,disagreement,exact,1
resnet32x12_cifar100_K12_mwmd1_seed0005_d001,d001,155,0,2,4,resnet32,resnet32,0.228000,0.228000,disagreement,exact,1
resnet32x12_cifar100_K12_mwmd1_seed0005_d001,d001,155,0,3,10,resnet32,resnet32,0.242400,0.242400,disagreement,exact,1
resnet32x12_cifar100_K12_mwmd1_seed0005_d001,d001,155,0,5,11,resnet32,resnet32,0.230800,0.230800,disagreement,exact,1
resnet32x12_cifar100_K12_mwmd1_seed0005_d001,d001,155,0,6,7,resnet32,resnet32,0.230200,0.230200,disagreement,exact,1
resnet32x12_cifar100_K12_mwmd1_seed0005_d001,d001,156,0,0,5,resnet32,resnet32,0.233600,0.233600,disagreement,exact,1
resnet32x12_cifar100_K12_mwmd1_seed0005_d001,d001,156,0,1,8,resnet32,resnet32,0.228600,0.228600,disagreement,exact,1
resnet32x12_cifar100_K12_mwmd1_seed0005_d001,d001,156,0,2,7,resnet32,resnet32,0.238800,0.238800,disagreement,exact,1
resnet32x12_cifar100_K12_mwmd1_seed0005_d001,d001,156,0,3,4,resnet32,resnet32,0.231000,0.231000,disagreement,exact,1
resnet32x12_cifar100_K12_mwmd1_seed0005_d001,d001,156,0,6,10,resnet32,resnet32,0.242800,0.242800,disagreement,exact,1
resnet32x12_cifar100_K12_mwmd1_seed0005_d001,d001,156,0,9,11,resnet32,resnet32,0.238600,0.238600,disagreement,exact,1
resnet32x12_cifar100_K12_mwmd1_seed0005_d001,d001,157,0,0,1,resnet32,resnet32,0.225000,0.225000,disagreement,exact,1
resnet32x12_cifar100_K12_mwmd1_seed0005_d001,d001,157,0,2,7,resnet32,resnet32,0.232800,0.232800,disagreement,exact,1
resnet32x12_cifar100_K12_mwmd1_seed0005_d001,d001,157,0,3,10,resnet32,resnet32,0.231200,0.231200,disagreement,exact,1
resnet32x12_cifar100_K12_mwmd1_seed0005_d001,d001,157,0,4,5,resnet32,resnet32,0.232000,0.232000,disagreement,exact,1
resnet32x12_cifar100_K12_mwmd1_seed0005_d001,d001,157,0,6,8,resnet32,resnet32,0.232200,0.232200,disagreement,exact,1
resnet32x12_cifar100_K12_mwmd1_seed0005_d001,d001,157,0,9,11,resnet32,resnet32,0.237200,0.237200,disagreement,exact,1
resnet32x12_cifar100_K12_mwmd1_seed0005_d001,d001,158,0,0,11,resnet32,resnet32,0.233800,0.233800,disagreement,exact,1
resnet32x12_cifar100_K12_mwmd1_seed0005_d001,d001,158,0,1,4,resnet32,resnet32,0.232400,0.232400,disagreement,exact,1
resnet32x12_cifar100_K12_mwmd1_seed0005_d001,d001,158,0,2,5,resnet32,resnet32,0.232000,0.232000,disagreement,exact,1
resnet32x12_cifar100_K12_mwmd1_seed0005_d001,d001,158,0,3,7,resnet32,resnet32,0.236200,0.236200,disagreement,exact,1
resnet32x12_cifar100_K12_mwmd1_seed0005_d001,d001,158,0,6,8,resnet32,resnet32,0.232000,0.232000,disagreement,exact,1
resnet32x12_cifar100_K12_mwmd1_seed0005_d001,d001,158,0,9,10,resnet32,resnet32,0.239600,0.239600,disagreement,exact,1
resnet32x12_cifar100_K12_mwmd1_seed0005_d001,d001,159,0,0,7,resnet32,resnet32,0.235000,0.235000,disagreement,exact,1
resnet32x12_cifar100_K12_mwmd1_seed0005_d001,d001,159,0,1,8,resnet32,resnet32,0.227200,0.227200,disagreement,exact,1
resnet32x12_cifar100_K12_mwmd1_seed0005_d001,d001,159,0,2,4,resnet32,resnet32,0.228000,0.228000,disagreement,exact,1
resnet32x12_cifar100_K12_mwmd1_seed0005_d001,d001,159,0,3,6,resnet32,resnet32,0.232800,0.232800,disagreement,exact,1
resnet32x12_cifar100_K12_mwmd1_seed0005_d001,d001,159,0,5,11,resnet32,resnet32,0.229600,0.229600,disagreement,exact,1
resnet32x12_cifar100_K12_mwmd1_seed0005_d001,d001,159,0,9,10,resnet32,resnet32,0.238800,0.238800,disagreement,exact,1
resnet32x12_cifar100_K12_mwmd1_seed0005_d001,d001,160,0,0,3,resnet32,resnet32,0.241400,0.241400,disagreement,exact,1
resnet32x12_cifar100_K12_mwmd1_seed0005_d001,d001,160,0,1,2,resnet32,resnet32,0.228800,0.228800,disagreement,exact,1
resnet32x12_cifar100_K12_mwmd1_seed0005_d001,d001,160,0,4,5,resnet32,resnet32,0.232800,0.232800,disagreement,exact,1
resnet32x12_cifar100_K12_mwmd1_seed0005_d001,d001,160,0,6,9,resnet32,resnet32,0.236800,0.236800,disagreement,exact,1
resnet32x12_cifar100_K12_mwmd1_seed0005_d001,d001,160,0,7,11,resnet32,resnet32,0.234200,0.234200,disagreement,exact,1
resnet32x12_cifar100_K12_mwmd1_seed0005_d001,d001,160,0,8,10,resnet32,resnet32,0.235200,0.235200,disagreement,exact,1
resnet32x12_cifar100_K12_mwmd1_seed0005_d001,d001,161,0,0,7,resnet32,resnet32,0.241000,0.241000,disagreement,exact,1
resnet32x12_cifar100_K12_mwmd1_seed0005_d001,d001,161,0,1,6,resnet32,resnet32,0.233800,0.233800,disagreement,exact,1
resnet32x12_cifar100_K12_mwmd1_seed0005_d001,d001,161,0,2,4,resnet32,resnet32,0.234600,0.234600,disagreement,exact,1
resnet32x12_cifar100_K12_mwmd1_seed0005_d001,d001,161,0,3,11,resnet32,resnet32,0.229200,0.229200,disagreement,exact,1
resnet32x12_cifar100_K12_mwmd1_seed0005_d001,d001,161,0,5,8,resnet32,resnet32,0.244400,0.244400,disagreement,exact,1
resnet32x12_cifar100_K12_mwmd1_seed0005_d001,d001,161,0,9,10,resnet32,resnet32,0.249200,0.249200,disagreement,exact,1
resnet32x12_cifar100_K12_mwmd1_seed0005_d001,d001,162,0,0,9,resnet32,resnet32,0.240600,0.240600,disagreement,exact,1
resnet32x12_cifar100_K12_mwmd1_seed0005_d001,d001,162,0,1,10,resnet32,resnet32,0.244800,0.244800,disagreement,exact,1
resnet32x12_cifar100_K12_mwmd1_seed0005_d001,d001,162,0,2,8,resnet32,resnet32,0.232800,0.232800,disagreement,exact,1
resnet32x12_cifar100_K12_mwmd1_seed0005_d001,d001,162,0,3,11,resnet32,resnet32,0.227400,0.227400,disagreement,exact,1
resnet32x12_cifar100_K12_mwmd1_seed0005_d001,d001,162,0,4,5,resnet32,resnet32,0.237800,0.237800,disagreement,exact,1
resnet32x12_cifar100_K12_mwmd1_seed0005_d001,d001,162,0,6,7,resnet32,resnet32,0.234800,0.234800,disagreement,exact,1
resnet32x12_cifar100_K12_mwmd1_seed0005_d001,d001,163,0,0,6,resnet32,resnet32,0.238400,0.238400,disagreement,exact,1
resnet32x12_cifar100_K12_mwmd1_seed0005_d001,d001,163,0,1,7,resnet32,resnet32,0.233000,0.233000,disagreement,exact,1
resnet32x12_cifar100_K12_mwmd1_seed0005_d001,d001,163,0,2,3,resnet32,resnet32,0.231600,0.231600,disagreement,exact,1
resnet32x12_cifar100_K12_mwmd1_seed0005_d001,d001,163,0,4,10,resnet32,resnet32,0.241200,0.241200,disagreement,exact,1
resnet32x12_cifar100_K12_mwmd1_seed0005_d001,d001,163,0,5,11,resnet32,resnet32,0.231000,0.231000,disagreement,exact,1
resnet32x12_cifar100_K12_mwmd1_seed0005_d001,d001,163,0,8,9,resnet32,resnet32,0.239400,0.239400,disagreement,exact,1
resnet32x12_cifar100_K12_mwmd1_seed0005_d001,d001,164,0,0,5,resnet32,resnet32,0.238200,0.238200,disagreement,exact,1
resnet32x12_cifar100_K12_mwmd1_seed0005_d001,d001,164,0,1,2,resnet32,resnet32,0.222800,0.222800,disagreement,exact,1
resnet32x12_cifar100_K12_mwmd1_seed0005_d001,d001,164,0,3,9,resnet32,resnet32,0.235400,0.235400,disagreement,exact,1
resnet32x12_cifar100_K12_mwmd1_seed0005_d001,d001,164,0,4,7,resnet32,resnet32,0.231400,0.231400,disagreement,exact,1
resnet32x12_cifar100_K12_mwmd1_seed0005_d001,d001,164,0,6,8,resnet32,resnet32,0.232800,0.232800,disagreement,exact,1
resnet32x12_cifar100_K12_mwmd1_seed0005_d001,d001,164,0,10,11,resnet32,resnet32,0.235400,0.235400,disagreement,exact,1
resnet32x12_cifar100_K12_mwmd1_seed0005_d001,d001,165,0,0,5,resnet32,resnet32,0.236400,0.236400,disagreement,exact,1
resnet32x12_cifar100_K12_mwmd1_seed0005_d001,d001,165,0,1,2,resnet32,resnet32,0.229400,0.229400,disagreement,exact,1
resnet32x12_cifar100_K12_mwmd1_seed0005_d001,d001,165,0,3,6,resnet32,resnet32,0.233400,0.233400,disagreement,exact,1
resnet32x12_cifar100_K12_mwmd1_seed0005_d001,d001,165,0,4,11,resnet32,resnet32,0.231400,0.231400,disagreement,exact,1
resnet32x12_cifar100_K12_mwmd1_seed0005_d001,d001,165,0,7,9,resnet32,resnet32,0.239400,0.239400,disagreement,exact,1
resnet32x12_cifar100_K12_mwmd1_seed0005_d001,d001,165,0,8,10,resnet32,resnet32,0.240800,0.240800,disagreement,exact,1
resnet32x12_cifar100_K12_mwmd1_seed0005_d001,d001,166,0,0,6,resnet32,resnet32,0.237200,0.237200,disagreement,exact,1
resnet32x12_cifar100_K12_mwmd1_seed0005_d001,d001,166,0,1,10,resnet32,resnet32,0.238800,0.238800,disagreement,exact,1
resnet32x12_cifar100_K12_mwmd1_seed0005_d001,d001,166,0,2,9,resnet32,resnet32,0.229200,0.229200,disagreement,exact,1
resnet32x12_cifar100_K12_mwmd1_seed0005_d001,d001,166,0,3,4,resnet32,resnet32,0.231400,0.231400,disagreement,exact,1
resnet32x12_cifar100_K12_mwmd1_seed0005_d001,d001,166,0,5,8,resnet32,resnet32,0.234800,0.234800,disagreement,exact,1
resnet32x12_cifar100_K12_mwmd1_seed0005_d001,d001,166,0,7,11,resnet32,resnet32,0.235200,0.235200,disagreement,exact,1
resnet32x12_cifar100_K12_mwmd1_seed0005_d001,d001,167,0,0,9,resnet32,resnet32,0.241800,0.241800,disagreement,exact,1
resnet32x12_cifar100_K12_mwmd1_seed0005_d001,d001,167,0,1,8,resnet32,resnet32,0.232200,0.232200,disagreement,exact,1
resnet32x12_cifar100_K12_mwmd1_seed0005_d001,d001,167,0,2,5,resnet32,resnet32,0.235000,0.235000,disagreement,exact,1
resnet32x12_cifar100_K12_mwmd1_seed0005_d001,d001,167,0,3,4,resnet32,resnet32,0.237200,0.237200,disagreement,exact,1
resnet32x12_cifar100_K12_mwmd1_seed0005_d001,d001,167,0,6,10,resnet32,resnet32,0.241000,0.241000,disagreement,exact,1
resnet32x12_cifar100_K12_mwmd1_seed0005_d001,d001,167,0,7,11,resnet32,resnet32,0.235000,0.235000,disagreement,exact,1
resnet32x12_cifar100_K12_mwmd1_seed0005_d001,d001,168,0,0,3,resnet32,resnet32,0.242400,0.242400,disagreement,exact,1
resnet32x12_cifar100_K12_mwmd1_seed0005_d001,d001,168,0,1,8,resnet32,resnet32,0.236600,0.236600,disagreement,exact,1
resnet32x12_cifar100_K12_mwmd1_seed0005_d001,d001,168,0,2,7,resnet32,resnet32,0.237600,0.237600,disagreement,exact,1
resnet32x12_cifar100_K12_mwmd1_seed0005_d001,d001,168,0,4,5,resnet32,resnet32,0.234400,0.234400,disagreement,exact,1
resnet32x12_cifar100_K12_mwmd1_seed0005_d001,d001,168,0,6,10,resnet32,resnet32,0.240800,0.240800,disagreement,exact,1
resnet32x12_cifar100_K12_mwmd1_seed0005_d001,d001,168,0,9,11,resnet32,resnet32,0.235400,0.235400,disagreement,exact,1
resnet32x12_cifar100_K12_mwmd1_seed0005_d001,d001,169,0,0,3,resnet32,resnet32,0.234800,0.234800,disagreement,exact,1
resnet32x12_cifar100_K12_mwmd1_seed0005_d001,d001,169,0,1,8,resnet32,resnet32,0.232000,0.232000,disagreement,exact,1
resnet32x12_cifar100_K12_mwmd1_seed0005_d001,d001,169,0,2,7,resnet32,resnet32,0.233800,0.233800,disagreement,exact,1
resnet32x12_cifar100_K12_mwmd1_seed0005_d001,d001,169,0,4,5,resnet32,resnet32,0.232200,0.232200,disagreement,exact,1
resnet32x12_cifar100_K12_mwmd1_seed0005_d001,d001,169,0,6,9,resnet32,resnet32,0.236800,0.236800,disagreement,exact,1
resnet32x12_cifar100_K12_mwmd1_seed0005_d001,d001,169,0,10,11,resnet32,resnet32,0.243400,0.243400,disagreement,exact,1
resnet32x12_cifar100_K12_mwmd1_seed0005_d001,d001,170,0,0,5,resnet32,resnet32,0.237800,0.237800,disagreement,exact,1
resnet32x12_cifar100_K12_mwmd1_seed0005_d001,d001,170,0,1,3,resnet32,resnet32,0.232400,0.232400,disagreement,exact,1
resnet32x12_cifar100_K12_mwmd1_seed0005_d001,d001,170,0,2,9,resnet32,resnet32,0.231600,0.231600,disagreement,exact,1
resnet32x12_cifar100_K12_mwmd1_seed0005_d001,d001,170,0,4,8,resnet32,resnet32,0.237000,0.237000,disagreement,exact,1
resnet32x12_cifar100_K12_mwmd1_seed0005_d001,d001,170,0,6,10,resnet32,resnet32,0.247800,0.247800,disagreement,exact,1
resnet32x12_cifar100_K12_mwmd1_seed0005_d001,d001,170,0,7,11,resnet32,resnet32,0.231200,0.231200,disagreement,exact,1
resnet32x12_cifar100_K12_mwmd1_seed0005_d001,d001,171,0,0,3,resnet32,resnet32,0.243600,0.243600,disagreement,exact,1
resnet32x12_cifar100_K12_mwmd1_seed0005_d001,d001,171,0,1,4,resnet32,resnet32,0.239000,0.239000,disagreement,exact,1
resnet32x12_cifar100_K12_mwmd1_seed0005_d001,d001,171,0,2,7,resnet32,resnet32,0.233200,0.233200,disagreement,exact,1
resnet32x12_cifar100_K12_mwmd1_seed0005_d001,d001,171,0,5,11,resnet32,resnet32,0.236800,0.236800,disagreement,exact,1
resnet32x12_cifar100_K12_mwmd1_seed0005_d001,d001,171,0,6,8,resnet32,resnet32,0.230800,0.230800,disagreement,exact,1
resnet32x12_cifar100_K12_mwmd1_seed0005_d001,d001,171,0,9,10,resnet32,resnet32,0.248000,0.248000,disagreement,exact,1
resnet32x12_cifar100_K12_mwmd1_seed0005_d001,d001,172,0,0,2,resnet32,resnet32,0.237600,0.237600,disagreement,exact,1
resnet32x12_cifar100_K12_mwmd1_seed0005_d001,d001,172,0,1,3,resnet32,resnet32,0.235600,0.235600,disagreement,exact,1
resnet32x12_cifar100_K12_mwmd1_seed0005_d001,d001,172,0,4,10,resnet32,resnet32,0.251400,0.251400,disagreement,exact,1
resnet32x12_cifar100_K12_mwmd1_seed0005_d001,d001,172,0,5,11,resnet32,resnet32,0.236600,0.236600,disagreement,exact,1
resnet32x12_cifar100_K12_mwmd1_seed0005_d001,d001,172,0,6,8,resnet32,resnet32,0.244800,0.244800,disagreement,exact,1
resnet32x12_cifar100_K12_mwmd1_seed0005_d001,d001,172,0,7,9,resnet32,resnet32,0.247400,0.247400,disagreement,exact,1
resnet32x12_cifar100_K12_mwmd1_seed0005_d001,d001,173,0,0,2,resnet32,resnet32,0.234400,0.234400,disagreement,exact,1
resnet32x12_cifar100_K12_mwmd1_seed0005_d001,d001,173,0,1,9,resnet32,resnet32,0.237800,0.237800,disagreement,exact,1
resnet32x12_cifar100_K12_mwmd1_seed0005_d001,d001,173,0,3,4,resnet32,resnet32,0.237000,0.237000,disagreement,exact,1
resnet32x12_cifar100_K12_mwmd1_seed0005_d001,d001,173,0,5,8,resnet32,resnet32,0.237600,0.237600,disagreement,exact,1
resnet32x12_cifar100_K12_mwmd1_seed0005_d001,d001,173,0,6,10,resnet32,resnet32,0.244400,0.244400,disagreement,exact,1
resnet32x12_cifar100_K12_mwmd1_seed0005_d001,d001,173,0,7,11,resnet32,resnet32,0.238000,0.238000,disagreement,exact,1
resnet32x12_cifar100_K12_mwmd1_seed0005_d001,d001,174,0,0,11,resnet32,resnet32,0.235000,0.235000,disagreement,exact,1
resnet32x12_cifar100_K12_mwmd1_seed0005_d001,d001,174,0,1,2,resnet32,resnet32,0.239400,0.239400,disagreement,exact,1
resnet32x12_cifar100_K12_mwmd1_seed0005_d001,d001,174,0,3,6,resnet32,resnet32,0.234800,0.234800,disagreement,exact,1
resnet32x12_cifar100_K12_mwmd1_seed0005_d001,d001,174,0,4,8,resnet32,resnet32,0.233000,0.233000,disagreement,exact,1
resnet32x12_cifar100_K12_mwmd1_seed0005_d001,d001,174,0,5,10,resnet32,resnet32,0.244800,0.244800,disagreement,exact,1
resnet32x12_cifar100_K12_mwmd1_seed0005_d001,d001,174,0,7,9,resnet32,resnet32,0.249400,0.249400,disagreement,exact,1
resnet32x12_cifar100_K12_mwmd1_seed0005_d001,d001,175,0,0,11,resnet32,resnet32,0.237000,0.237000,disagreement,exact,1
resnet32x12_cifar100_K12_mwmd1_seed0005_d001,d001,175,0,1,6,resnet32,resnet32,0.236000,0.236000,disagreement,exact,1
resnet32x12_cifar100_K12_mwmd1_seed0005_d001,d001,175,0,2,7,resnet32,resnet32,0.237800,0.237800,disagreement,exact,1
resnet32x12_cifar100_K12_mwmd1_seed0005_d001,d001,175,0,3,4,resnet32,resnet32,0.231400,0.231400,disagreement,exact,1
resnet32x12_cifar100_K12_mwmd1_seed0005_d001,d001,175,0,5,8,resnet32,resnet32,0.238600,0.238600,disagreement,exact,1
resnet32x12_cifar100_K12_mwmd1_seed0005_d001,d001,175,0,9,10,resnet32,resnet32,0.248200,0.248200,disagreement,exact,1
resnet32x12_cifar100_K12_mwmd1_seed0005_d001,d001,176,0,0,3,resnet32,resnet32,0.242400,0.242400,disagreement,exact,1
resnet32x12_cifar100_K12_mwmd1_seed0005_d001,d001,176,0,1,4,resnet32,resnet32,0.236200,0.236200,disagreement,exact,1
resnet32x12_cifar100_K12_mwmd1_seed0005_d001,d001,176,0,2,7,resnet32,resnet32,0.238200,0.238200,disagreement,exact,1
resnet32x12_cifar100_K12_mwmd1_seed0005_d001,d001,176,0,5,8,resnet32,resnet32,0.248800,0.248800,disagreement,exact,1
resnet32x12_cifar100_K12_mwmd1_seed0005_d001,d001,176,0,6,10,resnet32,resnet32,0.248600,0.248600,disagreement,exact,1
resnet32x12_cifar100_K12_mwmd1_seed0005_d001,d001,176,0,9,11,resnet32,resnet32,0.237000,0.237000,disagreement,exact,1
resnet32x12_cifar100_K12_mwmd1_seed0005_d001,d001,177,0,0,9,resnet32,resnet32,0.248400,0.248400,disagreement,exact,1
resnet32x12_cifar100_K12_mwmd1_seed0005_d001,d001,177,0,1,8,resnet32,resnet32,0.239600,0.239600,disagreement,exact,1
resnet32x12_cifar100_K12_mwmd1_seed0005_d001,d001,177,0,2,5,resnet32,resnet32,0.241200,0.241200,disagreement,exact,1
resnet32x12_cifar100_K12_mwmd1_seed0005_d001,d001,177,0,3,11,resnet32,resnet32,0.238400,0.238400,disagreement,exact,1
resnet32x12_cifar100_K12_mwmd1_seed0005_d001,d001,177,0,4,7,resnet32,resnet32,0.242200,0.242200,disagreement,exact,1
resnet32x12_cifar100_K12_mwmd1_seed0005_d001,d001,177,0,6,10,resnet32,resnet32,0.244400,0.244400,disagreement,exact,1
resnet32x12_cifar100_K12_mwmd1_seed0005_d001,d001,178,0,0,2,resnet32,resnet32,0.244400,0.244400,disagreement,exact,1
resnet32x12_cifar100_K12_mwmd1_seed0005_d001,d001,178,0,1,4,resnet32,resnet32,0.240400,0.240400,disagreement,exact,1
resnet32x12_cifar100_K12_mwmd1_seed0005_d001,d001,178,0,3,6,resnet32,resnet32,0.246800,0.246800,disagreement,exact,1
resnet32x12_cifar100_K12_mwmd1_seed0005_d001,d001,178,0,5,11,resnet32,resnet32,0.236200,0.236200,disagreement,exact,1
resnet32x12_cifar100_K12_mwmd1_seed0005_d001,d001,178,0,7,9,resnet32,resnet32,0.246200,0.246200,disagreement,exact,1
resnet32x12_cifar100_K12_mwmd1_seed0005_d001,d001,178,0,8,10,resnet32,resnet32,0.246600,0.246600,disagreement,exact,1
resnet32x12_cifar100_K12_mwmd1_seed0005_d001,d001,179,0,0,1,resnet32,resnet32,0.248800,0.248800,disagreement,exact,1
resnet32x12_cifar100_K12_mwmd1_seed0005_d001,d001,179,0,2,6,resnet32,resnet32,0.234000,0.234000,disagreement,exact,1
resnet32x12_cifar100_K12_mwmd1_seed0005_d001,d001,179,0,3,5,resnet32,resnet32,0.243800,0.243800,disagreement,exact,1
resnet32x12_cifar100_K12_mwmd1_seed0005_d001,d001,179,0,4,8,resnet32,resnet32,0.234400,0.234400,disagreement,exact,1
resnet32x12_cifar100_K12_mwmd1_seed0005_d001,d001,179,0,7,10,resnet32,resnet32,0.257000,0.257000,disagreement,exact,1
resnet32x12_cifar100_K12_mwmd1_seed0005_d001,d001,179,0,9,11,resnet32,resnet32,0.238400,0.238400,disagreement,exact,1
resnet32x12_cifar100_K12_mwmd1_seed0005_d001,d001,180,0,0,9,resnet32,resnet32,0.252400,0.252400,disagreement,exact,1
resnet32x12_cifar100_K12_mwmd1_seed0005_d001,d001,180,0,1,7,resnet32,resnet32,0.239600,0.239600,disagreement,exact,1
resnet32x12_cifar100_K12_mwmd1_seed0005_d001,d001,180,0,2,4,resnet32,resnet32,0.237800,0.237800,disagreement,exact,1
resnet32x12_cifar100_K12_mwmd1_seed0005_d001,d001,180,0,3,6,resnet32,resnet32,0.237400,0.237400,disagreement,exact,1
resnet32x12_cifar100_K12_mwmd1_seed0005_d001,d001,180,0,5,11,resnet32,resnet32,0.237400,0.237400,disagreement,exact,1
resnet32x12_cifar100_K12_mwmd1_seed0005_d001,d001,180,0,8,10,resnet32,resnet32,0.245800,0.245800,disagreement,exact,1
resnet32x12_cifar100_K12_mwmd1_seed0005_d001,d001,181,0,0,9,resnet32,resnet32,0.235800,0.235800,disagreement,exact,1
resnet32x12_cifar100_K12_mwmd1_seed0005_d001,d001,181,0,1,6,resnet32,resnet32,0.225000,0.225000,disagreement,exact,1
resnet32x12_cifar100_K12_mwmd1_seed0005_d001,d001,181,0,2,4,resnet32,resnet32,0.229200,0.229200,disagreement,exact,1
resnet32x12_cifar100_K12_mwmd1_seed0005_d001,d001,181,0,3,11,resnet32,resnet32,0.232400,0.232400,disagreement,exact,1
resnet32x12_cifar100_K12_mwmd1_seed0005_d001,d001,181,0,5,10,resnet32,resnet32,0.238200,0.238200,disagreement,exact,1
resnet32x12_cifar100_K12_mwmd1_seed0005_d001,d001,181,0,7,8,resnet32,resnet32,0.236800,0.236800,disagreement,exact,1
resnet32x12_cifar100_K12_mwmd1_seed0005_d001,d001,182,0,0,10,resnet32,resnet32,0.242800,0.242800,disagreement,exact,1
resnet32x12_cifar100_K12_mwmd1_seed0005_d001,d001,182,0,1,3,resnet32,resnet32,0.225800,0.225800,disagreement,exact,1
resnet32x12_cifar100_K12_mwmd1_seed0005_d001,d001,182,0,2,6,resnet32,resnet32,0.228600,0.228600,disagreement,exact,1
resnet32x12_cifar100_K12_mwmd1_seed0005_d001,d001,182,0,4,5,resnet32,resnet32,0.228000,0.228000,disagreement,exact,1
resnet32x12_cifar100_K12_mwmd1_seed0005_d001,d001,182,0,7,9,resnet32,resnet32,0.237000,0.237000,disagreement,exact,1
resnet32x12_cifar100_K12_mwmd1_seed0005_d001,d001,182,0,8,11,resnet32,resnet32,0.229200,0.229200,disagreement,exact,1
resnet32x12_cifar100_K12_mwmd1_seed0005_d001,d001,183,0,0,1,resnet32,resnet32,0.228600,0.228600,disagreement,exact,1
resnet32x12_cifar100_K12_mwmd1_seed0005_d001,d001,183,0,2,5,resnet32,resnet32,0.227600,0.227600,disagreement,exact,1
resnet32x12_cifar100_K12_mwmd1_seed0005_d001,d001,183,0,3,9,resnet32,resnet32,0.233600,0.233600,disagreement,exact,1
resnet32x12_cifar100_K12_mwmd1_seed0005_d001,d001,183,0,4,7,resnet32,resnet32,0.233000,0.233000,disagreement,exact,1
resnet32x12_cifar100_K12_mwmd1_seed0005_d001,d001,183,0,6,10,resnet32,resnet32,0.234400,0.234400,disagreement,exact,1
resnet32x12_cifar100_K12_mwmd1_seed0005_d001,d001,183,0,8,11,resnet32,resnet32,0.228400,0.228400,disagreement,exact,1
resnet32x12_cifar100_K12_mwmd1_seed0005_d001,d001,184,0,0,10,resnet32,resnet32,0.231200,0.231200,disagreement,exact,1
resnet32x12_cifar100_K12_mwmd1_seed0005_d001,d001,184,0,1,8,resnet32,resnet32,0.222800,0.222800,disagreement,exact,1
resnet32x12_cifar100_K12_mwmd1_seed0005_d001,d001,184,0,2,6,resnet32,resnet32,0.227800,0.227800,disagreement,exact,1
resnet32x12_cifar100_K12_mwmd1_seed0005_d001,d001,184,0,3,9,resnet32,resnet32,0.232800,0.232800,disagreement,exact,1
resnet32x12_cifar100_K12_mwmd1_seed0005_d001,d001,184,0,4,5,resnet32,resnet32,0.225400,0.225400,disagreement,exact,1
resnet32x12_cifar100_K12_mwmd1_seed0005_d001,d001,184,0,7,11,resnet32,resnet32,0.227400,0.227400,disagreement,exact,1
resnet32x12_cifar100_K12_mwmd1_seed0005_d001,d001,185,0,0,1,resnet32,resnet32,0.233800,0.233800,disagreement,exact,1
resnet32x12_cifar100_K12_mwmd1_seed0005_d001,d001,185,0,2,10,resnet32,resnet32,0.230600,0.230600,disagreement,exact,1
resnet32x12_cifar100_K12_mwmd1_seed0005_d001,d001,185,0,3,6,resnet32,resnet32,0.229800,0.229800,disagreement,exact,1
resnet32x12_cifar100_K12_mwmd1_seed0005_d001,d001,185,0,4,5,resnet32,resnet32,0.228000,0.228000,disagreement,exact,1
resnet32x12_cifar100_K12_mwmd1_seed0005_d001,d001,185,0,7,9,resnet32,resnet32,0.236400,0.236400,disagreement,exact,1
resnet32x12_cifar100_K12_mwmd1_seed0005_d001,d001,185,0,8,11,resnet32,resnet32,0.229200,0.229200,disagreement,exact,1
resnet32x12_cifar100_K12_mwmd1_seed0005_d001,d001,186,0,0,10,resnet32,resnet32,0.239000,0.239000,disagreement,exact,1
resnet32x12_cifar100_K12_mwmd1_seed0005_d001,d001,186,0,1,8,resnet32,resnet32,0.229000,0.229000,disagreement,exact,1
resnet32x12_cifar100_K12_mwmd1_seed0005_d001,d001,186,0,2,6,resnet32,resnet32,0.224200,0.224200,disagreement,exact,1
resnet32x12_cifar100_K12_mwmd1_seed0005_d001,d001,186,0,3,9,resnet32,resnet32,0.230600,0.230600,disagreement,exact,1
resnet32x12_cifar100_K12_mwmd1_seed0005_d001,d001,186,0,4,7,resnet32,resnet32,0.229400,0.229400,disagreement,exact,1
resnet32x12_cifar100_K12_mwmd1_seed0005_d001,d001,186,0,5,11,resnet32,resnet32,0.223000,0.223000,disagreement,exact,1
resnet32x12_cifar100_K12_mwmd1_seed0005_d001,d001,187,0,0,6,resnet32,resnet32,0.230400,0.230400,disagreement,exact,1
resnet32x12_cifar100_K12_mwmd1_seed0005_d001,d001,187,0,1,10,resnet32,resnet32,0.237000,0.237000,disagreement,exact,1
resnet32x12_cifar100_K12_mwmd1_seed0005_d001,d001,187,0,2,7,resnet32,resnet32,0.228000,0.228000,disagreement,exact,1
resnet32x12_cifar100_K12_mwmd1_seed0005_d001,d001,187,0,3,11,resnet32,resnet32,0.226800,0.226800,disagreement,exact,1
resnet32x12_cifar100_K12_mwmd1_seed0005_d001,d001,187,0,4,5,resnet32,resnet32,0.232000,0.232000,disagreement,exact,1
resnet32x12_cifar100_K12_mwmd1_seed0005_d001,d001,187,0,8,9,resnet32,resnet32,0.229800,0.229800,disagreement,exact,1
resnet32x12_cifar100_K12_mwmd1_seed0005_d001,d001,188,0,0,1,resnet32,resnet32,0.230200,0.230200,disagreement,exact,1
resnet32x12_cifar100_K12_mwmd1_seed0005_d001,d001,188,0,2,7,resnet32,resnet32,0.229400,0.229400,disagreement,exact,1
resnet32x12_cifar100_K12_mwmd1_seed0005_d001,d001,188,0,3,6,resnet32,resnet32,0.227400,0.227400,disagreement,exact,1
resnet32x12_cifar100_K12_mwmd1_seed0005_d001,d001,188,0,4,5,resnet32,resnet32,0.230600,0.230600,disagreement,exact,1
resnet32x12_cifar100_K12_mwmd1_seed0005_d001,d001,188,0,8,11,resnet32,resnet32,0.229200,0.229200,disagreement,exact,1
resnet32x12_cifar100_K12_mwmd1_seed0005_d001,d001,188,0,9,10,resnet32,resnet32,0.240600,0.240600,disagreement,exact,1
resnet32x12_cifar100_K12_mwmd1_seed0005_d001,d001,189,0,0,9,resnet32,resnet32,0.236800,0.236800,disagreement,exact,1
resnet32x12_cifar100_K12_mwmd1_seed0005_d001,d001,189,0,1,2,resnet32,resnet32,0.225200,0.225200,disagreement,exact,1
resnet32x12_cifar100_K12_mwmd1_seed0005_d001,d001,189,0,3,10,resnet32,resnet32,0.233200,0.233200,disagreement,exact,1
resnet32x12_cifar100_K12_mwmd1_seed0005_d001,d001,189,0,4,5,resnet32,resnet32,0.230000,0.230000,disagreement,exact,1
resnet32x12_cifar100_K12_mwmd1_seed0005_d001,d001,189,0,6,8,resnet32,resnet32,0.233200,0.233200,disagreement,exact,1
resnet32x12_cifar100_K12_mwmd1_seed0005_d001,d001,189,0,7,11,resnet32,resnet32,0.231400,0.231400,disagreement,exact,1
resnet32x12_cifar100_K12_mwmd1_seed0005_d001,d001,190,0,0,2,resnet32,resnet32,0.229600,0.229600,disagreement,exact,1
resnet32x12_cifar100_K12_mwmd1_seed0005_d001,d001,190,0,1,8,resnet32,resnet32,0.229000,0.229000,disagreement,exact,1
resnet32x12_cifar100_K12_mwmd1_seed0005_d001,d001,190,0,3,9,resnet32,resnet32,0.232600,0.232600,disagreement,exact,1
resnet32x12_cifar100_K12_mwmd1_seed0005_d001,d001,190,0,4,7,resnet32,resnet32,0.233400,0.233400,disagreement,exact,1
resnet32x12_cifar100_K12_mwmd1_seed0005_d001,d001,190,0,5,11,resnet32,resnet32,0.224600,0.224600,disagreement,exact,1
resnet32x12_cifar100_K12_mwmd1_seed0005_d001,d001,190,0,6,10,resnet32,resnet32,0.239800,0.239800,disagreement,exact,1
resnet32x12_cifar100_K12_mwmd1_seed0005_d001,d001,191,0,0,2,resnet32,resnet32,0.231600,0.231600,disagreement,exact,1
resnet32x12_cifar100_K12_mwmd1_seed0005_d001,d001,191,0,1,3,resnet32,resnet32,0.230800,0.230800,disagreement,exact,1
resnet32x12_cifar100_K12_mwmd1_seed0005_d001,d001,191,0,4,7,resnet32,resnet32,0.227600,0.227600,disagreement,exact,1
resnet32x12_cifar100_K12_mwmd1_seed0005_d001,d001,191,0,5,11,resnet32,resnet32,0.226200,0.226200,disagreement,exact,1
resnet32x12_cifar100_K12_mwmd1_seed0005_d001,d001,191,0,6,8,resnet32,resnet32,0.228200,0.228200,disagreement,exact,1
resnet32x12_cifar100_K12_mwmd1_seed0005_d001,d001,191,0,9,10,resnet32,resnet32,0.238400,0.238400,disagreement,exact,1
resnet32x12_cifar100_K12_mwmd1_seed0005_d001,d001,192,0,0,1,resnet32,resnet32,0.230400,0.230400,disagreement,exact,1
resnet32x12_cifar100_K12_mwmd1_seed0005_d001,d001,192,0,2,6,resnet32,resnet32,0.231400,0.231400,disagreement,exact,1
resnet32x12_cifar100_K12_mwmd1_seed0005_d001,d001,192,0,3,8,resnet32,resnet32,0.229600,0.229600,disagreement,exact,1
resnet32x12_cifar100_K12_mwmd1_seed0005_d001,d001,192,0,4,5,resnet32,resnet32,0.233600,0.233600,disagreement,exact,1
resnet32x12_cifar100_K12_mwmd1_seed0005_d001,d001,192,0,7,11,resnet32,resnet32,0.231000,0.231000,disagreement,exact,1
resnet32x12_cifar100_K12_mwmd1_seed0005_d001,d001,192,0,9,10,resnet32,resnet32,0.240800,0.240800,disagreement,exact,1
resnet32x12_cifar100_K12_mwmd1_seed0005_d001,d001,193,0,0,3,resnet32,resnet32,0.231800,0.231800,disagreement,exact,1
resnet32x12_cifar100_K12_mwmd1_seed0005_d001,d001,193,0,1,9,resnet32,resnet32,0.232000,0.232000,disagreement,exact,1
resnet32x12_cifar100_K12_mwmd1_seed0005_d001,d001,193,0,2,6,resnet32,resnet32,0.226200,0.226200,disagreement,exact,1
resnet32x12_cifar100_K12_mwmd1_seed0005_d001,d001,193,0,4,10,resnet32,resnet32,0.236600,0.236600,disagreement,exact,1
resnet32x12_cifar100_K12_mwmd1_seed0005_d001,d001,193,0,5,8,resnet32,resnet32,0.232200,0.232200,disagreement,exact,1
resnet32x12_cifar100_K12_mwmd1_seed0005_d001,d001,193,0,7,11,resnet32,resnet32,0.232800,0.232800,disagreement,exact,1
resnet32x12_cifar100_K12_mwmd1_seed0005_d001,d001,194,0,0,6,resnet32,resnet32,0.236800,0.236800,disagreement,exact,1
resnet32x12_cifar100_K12_mwmd1_seed0005_d001,d001,194,0,1,9,resnet32,resnet32,0.232200,0.232200,disagreement,exact,1
resnet32x12_cifar100_K12_mwmd1_seed0005_d001,d001,194,0,2,10,resnet32,resnet32,0.235200,0.235200,disagreement,exact,1
resnet32x12_cifar100_K12_mwmd1_seed0005_d001,d001,194,0,3,11,resnet32,resnet32,0.228000,0.228000,disagreement,exact,1
resnet32x12_cifar100_K12_mwmd1_seed0005_d001,d001,194,0,4,7,resnet32,resnet32,0.239000,0.239000,disagreement,exact,1
resnet32x12_cifar100_K12_mwmd1_seed0005_d001,d001,194,0,5,8,resnet32,resnet32,0.233200,0.233200,disagreement,exact,1
resnet32x12_cifar100_K12_mwmd1_seed0005_d001,d001,195,0,0,2,resnet32,resnet32,0.235600,0.235600,disagreement,exact,1
resnet32x12_cifar100_K12_mwmd1_seed0005_d001,d001,195,0,1,8,resnet32,resnet32,0.227600,0.227600,disagreement,exact,1
resnet32x12_cifar100_K12_mwmd1_seed0005_d001,d001,195,0,3,11,resnet32,resnet32,0.228600,0.228600,disagreement,exact,1
resnet32x12_cifar100_K12_mwmd1_seed0005_d001,d001,195,0,4,7,resnet32,resnet32,0.232600,0.232600,disagreement,exact,1
resnet32x12_cifar100_K12_mwmd1_seed0005_d001,d001,195,0,5,10,resnet32,resnet32,0.235400,0.235400,disagreement,exact,1
resnet32x12_cifar100_K12_mwmd1_seed0005_d001,d001,195,0,6,9,resnet32,resnet32,0.234400,0.234400,disagreement,exact,1
resnet32x12_cifar100_K12_mwmd1_seed0005_d001,d001,196,0,0,6,resnet32,resnet32,0.233600,0.233600,disagreement,exact,1
resnet32x12_cifar100_K12_mwmd1_seed0005_d001,d001,196,0,1,9,resnet32,resnet32,0.234200,0.234200,disagreement,exact,1
resnet32x12_cifar100_K12_mwmd1_seed0005_d001,d001,196,0,2,10,resnet32,resnet32,0.236800,0.236800,disagreement,exact,1
resnet32x12_cifar100_K12_mwmd1_seed0005_d001,d001,196,0,3,11,resnet32,resnet32,0.228200,0.228200,disagreement,exact,1
resnet32x12_cifar100_K12_mwmd1_seed0005_d001,d001,196,0,4,7,resnet32,resnet32,0.233400,0.233400,disagreement,exact,1
resnet32x12_cifar100_K12_mwmd1_seed0005_d001,d001,196,0,5,8,resnet32,resnet32,0.229000,0.229000,disagreement,exact,1
resnet32x12_cifar100_K12_mwmd1_seed0005_d001,d001,197,0,0,5,resnet32,resnet32,0.232400,0.232400,disagreement,exact,1
resnet32x12_cifar100_K12_mwmd1_seed0005_d001,d001,197,0,1,8,resnet32,resnet32,0.229000,0.229000,disagreement,exact,1
resnet32x12_cifar100_K12_mwmd1_seed0005_d001,d001,197,0,2,6,resnet32,resnet32,0.232800,0.232800,disagreement,exact,1
resnet32x12_cifar100_K12_mwmd1_seed0005_d001,d001,197,0,3,11,resnet32,resnet32,0.227000,0.227000,disagreement,exact,1
resnet32x12_cifar100_K12_mwmd1_seed0005_d001,d001,197,0,4,7,resnet32,resnet32,0.232000,0.232000,disagreement,exact,1
resnet32x12_cifar100_K12_mwmd1_seed0005_d001,d001,197,0,9,10,resnet32,resnet32,0.234200,0.234200,disagreement,exact,1
resnet32x12_cifar100_K12_mwmd1_seed0005_d001,d001,198,0,0,9,resnet32,resnet32,0.241600,0.241600,disagreement,exact,1
resnet32x12_cifar100_K12_mwmd1_seed0005_d001,d001,198,0,1,8,resnet32,resnet32,0.229600,0.229600,disagreement,exact,1
resnet32x12_cifar100_K12_mwmd1_seed0005_d001,d001,198,0,2,4,resnet32,resnet32,0.230400,0.230400,disagreement,exact,1
resnet32x12_cifar100_K12_mwmd1_seed0005_d001,d001,198,0,3,5,resnet32,resnet32,0.225800,0.225800,disagreement,exact,1
resnet32x12_cifar100_K12_mwmd1_seed0005_d001,d001,198,0,6,10,resnet32,resnet32,0.237800,0.237800,disagreement,exact,1
resnet32x12_cifar100_K12_mwmd1_seed0005_d001,d001,198,0,7,11,resnet32,resnet32,0.231800,0.231800,disagreement,exact,1
resnet32x12_cifar100_K12_mwmd1_seed0005_d001,d001,199,0,0,5,resnet32,resnet32,0.232800,0.232800,disagreement,exact,1
resnet32x12_cifar100_K12_mwmd1_seed0005_d001,d001,199,0,1,10,resnet32,resnet32,0.231600,0.231600,disagreement,exact,1
resnet32x12_cifar100_K12_mwmd1_seed0005_d001,d001,199,0,2,4,resnet32,resnet32,0.225000,0.225000,disagreement,exact,1
resnet32x12_cifar100_K12_mwmd1_seed0005_d001,d001,199,0,3,9,resnet32,resnet32,0.233400,0.233400,disagreement,exact,1
resnet32x12_cifar100_K12_mwmd1_seed0005_d001,d001,199,0,6,8,resnet32,resnet32,0.231200,0.231200,disagreement,exact,1
resnet32x12_cifar100_K12_mwmd1_seed0005_d001,d001,199,0,7,11,resnet32,resnet32,0.232600,0.232600,disagreement,exact,1
