run_id,run_tag,cohort,dataset,K,arm,arm_label,target,seed,epochs,batch_size,base_lr,momentum,weight_decay,nesterov,graph_seed,lr_step,lr_gamma,kd_T,k_matchings,k_anneal,match_weight,kappa,rematch_every_epochs,recency_lambda,recency_gamma,peel_weighting,graph,label_noise_rate,actual_noise_rate,noise_seed,split_seed,n_train,n_valid,n_test,cohort_params,epoch,lr,k_current,epoch_seconds,avg_test_acc,std_test_acc,min_test_acc,max_test_acc,ensemble_test_acc,ens_minus_avg_test,avg_val_acc,ensemble_val_acc,disagreement_val,rho_val,disagreement_test,rho_test,avg_test_acc_resnet32,model_00_arch,model_00_test_acc,model_00_val_acc,model_00_train_loss,model_00_ce_loss,model_00_kd_loss,model_01_arch,model_01_test_acc,model_01_val_acc,model_01_train_loss,model_01_ce_loss,model_01_kd_loss,model_02_arch,model_02_test_acc,model_02_val_acc,model_02_train_loss,model_02_ce_loss,model_02_kd_loss,model_03_arch,model_03_test_acc,model_03_val_acc,model_03_train_loss,model_03_ce_loss,model_03_kd_loss,comm_logit_floats_epoch,comm_matcher_ints_epoch,comm_bytes_epoch,comm_bytes_cum,comm_bytes_cum_cohort
resnet32x4_cifar100_K4_mwmd1_seed0001_d001,d001,resnet32:4,cifar100,4,matched,mwmd1,peers,1,200,64,0.1,0.9,0.0005,True,0,60,0.1,1.0,1,,disagreement,1.0,1,0.0,0.5,weight,complete,0.0,0.0,42,0,45000,5000,10000,1880016,0,0.1,1,63.5,0.0195,0.007958643100428615,0.0113,0.0295,0.0299,0.0104,0.0183,0.0274,0.6919,0.355047909711776,0.69535,0.34628096592214547,0.0195,resnet32,0.0251,0.0242,4.707750472155484,4.603692867539146,0.10405761087118166,resnet32,0.0121,0.01,4.7596736523238095,4.640188060023568,0.11948559761069853,resnet32,0.0295,0.027,4.650087228552862,4.561664348976179,0.08842288271195932,resnet32,0.0113,0.012,4.7241487882354045,4.6355547647584565,0.0885940246351476,4500000.0,5000.0,18010000.0,18010000.0,72040000.0
resnet32x4_cifar100_K4_mwmd1_seed0001_d001,d001,resnet32:4,cifar100,4,matched,mwmd1,peers,1,200,64,0.1,0.9,0.0005,True,0,60,0.1,1.0,1,,disagreement,1.0,1,0.0,0.5,weight,complete,0.0,0.0,42,0,45000,5000,10000,1880016,1,0.1,1,60.31,0.04405,0.006469350817508663,0.0336,0.0509,0.0589,0.014850000000000002,0.0423,0.057,0.7348,0.4433310913822046,0.7364833333333333,0.4520072631324204,0.04405,resnet32,0.0474,0.0482,4.344441975382241,4.302560777826742,0.04188120072781616,resnet32,0.0336,0.0278,4.606625633483583,4.538411211561073,0.06821443469644609,resnet32,0.0443,0.0436,4.424626194617965,4.35915185240182,0.06547433347970416,resnet32,0.0509,0.0496,4.420180611312389,4.377249050885439,0.04293156248803081,4500000.0,5000.0,18010000.0,36020000.0,144080000.0
resnet32x4_cifar100_K4_mwmd1_seed0001_d001,d001,resnet32:4,cifar100,4,matched,mwmd1,peers,1,200,64,0.1,0.9,0.0005,True,0,60,0.1,1.0,1,,disagreement,1.0,1,0.0,0.5,weight,complete,0.0,0.0,42,0,45000,5000,10000,1880016,2,0.1,1,60.16,0.10624999999999998,0.01355405843280897,0.0834,0.1167,0.1231,0.016850000000000018,0.11030000000000001,0.128,0.6616666666666666,0.4643445328067053,0.6609666666666666,0.4539011278308231,0.10624999999999998,resnet32,0.1088,0.1132,3.9508605098182503,3.881781318648295,0.0690791975675066,resnet32,0.0834,0.0884,4.141758986833421,4.058762452480468,0.08299652461110699,resnet32,0.1161,0.1184,3.9991115158931776,3.930606268007647,0.06850524403853342,resnet32,0.1167,0.1212,3.96969535574317,3.8847043229774996,0.08499103130518713,4500000.0,5000.0,18010000.0,54030000.0,216120000.0
resnet32x4_cifar100_K4_mwmd1_seed0001_d001,d001,resnet32:4,cifar100,4,matched,mwmd1,peers,1,200,64,0.1,0.9,0.0005,True,0,60,0.1,1.0,1,,disagreement,1.0,1,0.0,0.5,weight,complete,0.0,0.0,42,0,45000,5000,10000,1880016,3,0.1,1,60.09,0.159675,0.014356771050622772,0.145,0.1791,0.1849,0.025224999999999997,0.16125,0.1812,0.6237333333333334,0.534555773561081,0.6312333333333333,0.5321817810386061,0.159675,resnet32,0.1678,0.1732,3.53572441264987,3.4333121315999464,0.10241228116633878,resnet32,0.1468,0.1458,3.6587210050360723,3.5596391047266396,0.09908190280707045,resnet32,0.145,0.1432,3.611397177319635,3.511779387904839,0.09961779026145284,resnet32,0.1791,0.1828,3.4974470260468395,3.3946271145885643,0.1028199142839929,4500000.0,5000.0,18010000.0,72040000.0,288160000.0
resnet32x4_cifar100_K4_mwmd1_seed0001_d001,d001,resnet32:4,cifar100,4,matched,mwmd1,peers,1,200,64,0.1,0.9,0.0005,True,0,60,0.1,1.0,1,,disagreement,1.0,1,0.0,0.5,weight,complete,0.0,0.0,42,0,45000,5000,10000,1880016,4,0.1,1,59.48,0.20579999999999998,0.018632364315888633,0.1827,0.228,0.2277,0.02190000000000003,0.20205,0.2266,0.5524,0.5843482343021882,0.5522666666666667,0.5884387183491556,0.20579999999999998,resnet32,0.1827,0.174,3.2405030273578386,3.108310807834972,0.13219221483450383,resnet32,0.1928,0.1906,3.307821349325505,3.1764801144599915,0.13134123872838577,resnet32,0.2197,0.2198,3.1960699432952837,3.054723717949607,0.14134622318670154,resnet32,0.228,0.2238,3.186026878316294,3.0444838899103077,0.14154298942197452,4500000.0,5000.0,18010000.0,90050000.0,360200000.0
resnet32x4_cifar100_K4_mwmd1_seed0001_d001,d001,resnet32:4,cifar100,4,matched,mwmd1,peers,1,200,64,0.1,0.9,0.0005,True,0,60,0.1,1.0,1,,disagreement,1.0,1,0.0,0.5,weight,complete,0.0,0.0,42,0,45000,5000,10000,1880016,5,0.1,1,59.98,0.25834999999999997,0.013336135122290864,0.2372,0.2706,0.2881,0.029750000000000054,0.25125,0.2804,0.5438666666666666,0.5856576911494233,0.5449166666666666,0.5813282991379506,0.25834999999999997,resnet32,0.2372,0.2266,2.999172766777602,2.8399561078033666,0.15921665892131964,resnet32,0.2567,0.2464,3.049694112417373,2.8780139559371904,0.17168015307238835,resnet32,0.2689,0.2722,2.9498361555690114,2.7758415175432507,0.17399463605728338,resnet32,0.2706,0.2598,2.9429460489614443,2.78203442489559,0.16091162570625206,4500000.0,5000.0,18010000.0,108060000.0,432240000.0
resnet32x4_cifar100_K4_mwmd1_seed0001_d001,d001,resnet32:4,cifar100,4,matched,mwmd1,peers,1,200,64,0.1,0.9,0.0005,True,0,60,0.1,1.0,1,,disagreement,1.0,1,0.0,0.5,weight,complete,0.0,0.0,42,0,45000,5000,10000,1880016,6,0.1,1,59.83,0.27765,0.01704178687814162,0.2529,0.2998,0.3082,0.030549999999999966,0.27765,0.3092,0.5343333333333334,0.5827969265447707,0.5381833333333333,0.5910584944394778,0.27765,resnet32,0.2842,0.2838,2.856247704814781,2.657659838484092,0.19858787136829711,resnet32,0.2529,0.2528,2.845618739046834,2.6684106744148512,0.17720806414515458,resnet32,0.2737,0.274,2.7814519449391146,2.5800944590433077,0.2013574872292917,resnet32,0.2998,0.3,2.796863853592764,2.6178065948188305,0.17905725915492934,4500000.0,5000.0,18010000.0,126070000.0,504280000.0
resnet32x4_cifar100_K4_mwmd1_seed0001_d001,d001,resnet32:4,cifar100,4,matched,mwmd1,peers,1,200,64,0.1,0.9,0.0005,True,0,60,0.1,1.0,1,,disagreement,1.0,1,0.0,0.5,weight,complete,0.0,0.0,42,0,45000,5000,10000,1880016,7,0.1,1,60.21,0.34015,0.009084464761338444,0.329,0.3492,0.3714,0.03125,0.323,0.3522,0.4867333333333333,0.6150939936586189,0.4861500000000001,0.621796165635167,0.34015,resnet32,0.329,0.307,2.7184192619540473,2.509897054765712,0.20852220536802302,resnet32,0.3334,0.319,2.7119476073844866,2.524716190655123,0.18723141687752848,resnet32,0.3492,0.3306,2.6523604206740856,2.4416779806329445,0.21068244239061393,resnet32,0.349,0.3354,2.6814430349252443,2.4927375960079106,0.188705441753634,4500000.0,5000.0,18010000.0,144080000.0,576320000.0
resnet32x4_cifar100_K4_mwmd1_seed0001_d001,d001,resnet32:4,cifar100,4,matched,mwmd1,peers,1,200,64,0.1,0.9,0.0005,True,0,60,0.1,1.0,1,,disagreement,1.0,1,0.0,0.5,weight,complete,0.0,0.0,42,0,45000,5000,10000,1880016,8,0.1,1,60.28,0.32405,0.015404950503003893,0.3077,0.349,0.355,0.030949999999999978,0.31665,0.3502,0.4912333333333334,0.6073012817784883,0.49116666666666675,0.6060545466627141,0.32405,resnet32,0.3164,0.3018,2.6314785067330706,2.4109914445064287,0.2204870651264421,resnet32,0.3077,0.3038,2.6294088963080537,2.408499700101939,0.2209091967564415,resnet32,0.349,0.35,2.549802998250181,2.3229551071470436,0.2268478963312439,resnet32,0.3231,0.311,2.5986955148929898,2.373830535872416,0.22486497870307753,4500000.0,5000.0,18010000.0,162090000.0,648360000.0
resnet32x4_cifar100_K4_mwmd1_seed0001_d001,d001,resnet32:4,cifar100,4,matched,mwmd1,peers,1,200,64,0.1,0.9,0.0005,True,0,60,0.1,1.0,1,,disagreement,1.0,1,0.0,0.5,weight,complete,0.0,0.0,42,0,45000,5000,10000,1880016,9,0.1,1,60.28,0.32130000000000003,0.02366400219743059,0.2921,0.3501,0.3564,0.035099999999999965,0.3219,0.3626,0.5258333333333333,0.5761826395392314,0.5294666666666666,0.588293986008995,0.32130000000000003,resnet32,0.3501,0.3502,2.574025756256147,2.343874661421234,0.23015109381892465,resnet32,0.3048,0.3062,2.5601021484895186,2.324870348146016,0.2352317946497351,resnet32,0.2921,0.2938,2.482876765965061,2.244377225298773,0.23849953890947456,resnet32,0.3382,0.3374,2.523266262120821,2.290433156388727,0.23283310361545195,4500000.0,5000.0,18010000.0,180100000.0,720400000.0
resnet32x4_cifar100_K4_mwmd1_seed0001_d001,d001,resnet32:4,cifar100,4,matched,mwmd1,peers,1,200,64,0.1,0.9,0.0005,True,0,60,0.1,1.0,1,,disagreement,1.0,1,0.0,0.5,weight,complete,0.0,0.0,42,0,45000,5000,10000,1880016,10,0.1,1,60.26,0.299925,0.0114307425393104,0.2864,0.3173,0.3326,0.03267500000000001,0.30069999999999997,0.3354,0.5453666666666667,0.5793185785186935,0.55005,0.5789932461231925,0.299925,resnet32,0.2941,0.297,2.5354283087971536,2.2814007818021556,0.2540275261060081,resnet32,0.2864,0.2864,2.4834509093991737,2.2476628724146974,0.23578803416934202,resnet32,0.3173,0.3142,2.437356814572757,2.1793391103432938,0.2580177024726502,resnet32,0.3019,0.3052,2.455732743001797,2.2187295495109125,0.2370031953958625,4500000.0,5000.0,18010000.0,198110000.0,792440000.0
resnet32x4_cifar100_K4_mwmd1_seed0001_d001,d001,resnet32:4,cifar100,4,matched,mwmd1,peers,1,200,64,0.1,0.9,0.0005,True,0,60,0.1,1.0,1,,disagreement,1.0,1,0.0,0.5,weight,complete,0.0,0.0,42,0,45000,5000,10000,1880016,11,0.1,1,60.33,0.34585,0.019009800104156805,0.3237,0.375,0.3935,0.047650000000000026,0.34575,0.392,0.5444999999999999,0.5598071233628832,0.5428166666666666,0.5784127648592484,0.34585,resnet32,0.336,0.3378,2.4915466293353927,2.2350046517835422,0.256541979689659,resnet32,0.3487,0.346,2.44312875430015,2.202061517164111,0.2410672370725396,resnet32,0.375,0.379,2.4063020314682615,2.145822235975753,0.26047979934479704,resnet32,0.3237,0.3202,2.4138945420695976,2.171820929781957,0.2420736133671281,4500000.0,5000.0,18010000.0,216120000.0,864480000.0
resnet32x4_cifar100_K4_mwmd1_seed0001_d001,d001,resnet32:4,cifar100,4,matched,mwmd1,peers,1,200,64,0.1,0.9,0.0005,True,0,60,0.1,1.0,1,,disagreement,1.0,1,0.0,0.5,weight,complete,0.0,0.0,42,0,45000,5000,10000,1880016,12,0.1,1,60.21,0.39397499999999996,0.023906732838261262,0.3654,0.4201,0.4338,0.039825000000000055,0.38439999999999996,0.4258,0.47056666666666674,0.600609910728149,0.4683,0.6121792217761395,0.39397499999999996,resnet32,0.3754,0.3568,2.4568980495360764,2.196922749958255,0.2599753010383045,resnet32,0.4201,0.4048,2.4251157240095464,2.16346839916977,0.26164732354862447,resnet32,0.415,0.4202,2.3498895782977343,2.0931785601106556,0.2567110198592259,resnet32,0.3654,0.3558,2.377043833786791,2.120590278032151,0.2564535566436296,4500000.0,5000.0,18010000.0,234130000.0,936520000.0
resnet32x4_cifar100_K4_mwmd1_seed0001_d001,d001,resnet32:4,cifar100,4,matched,mwmd1,peers,1,200,64,0.1,0.9,0.0005,True,0,60,0.1,1.0,1,,disagreement,1.0,1,0.0,0.5,weight,complete,0.0,0.0,42,0,45000,5000,10000,1880016,13,0.1,1,60.35,0.35812499999999997,0.024431268387048604,0.3237,0.3814,0.3972,0.039075000000000026,0.3528,0.39,0.5135,0.5786698758926652,0.5092333333333333,0.5864043338124418,0.35812499999999997,resnet32,0.3237,0.3118,2.4380520890382202,2.164471720429984,0.2735803699840538,resnet32,0.3464,0.3438,2.376081467690793,2.1219059714878146,0.2541754989546131,resnet32,0.381,0.381,2.3435444543984802,2.064987017180432,0.2785574401390146,resnet32,0.3814,0.3746,2.342142354358326,2.0859496275132354,0.2561927279669114,4500000.0,5000.0,18010000.0,252140000.0,1008560000.0
resnet32x4_cifar100_K4_mwmd1_seed0001_d001,d001,resnet32:4,cifar100,4,matched,mwmd1,peers,1,200,64,0.1,0.9,0.0005,True,0,60,0.1,1.0,1,,disagreement,1.0,1,0.0,0.5,weight,complete,0.0,0.0,42,0,45000,5000,10000,1880016,14,0.1,1,60.29,0.3368,0.01353717104863495,0.3213,0.3582,0.3762,0.03939999999999999,0.3333,0.373,0.5195666666666667,0.5754315240081015,0.5252833333333332,0.5736590847754576,0.3368,resnet32,0.3213,0.3146,2.4006148161874576,2.129634790630503,0.27098002593795006,resnet32,0.3309,0.3306,2.349449998614463,2.0844217884269627,0.2650282075416974,resnet32,0.3368,0.3334,2.295016261664304,2.0281377324665133,0.26687852638265624,resnet32,0.3582,0.3546,2.3320166665044697,2.057228863577951,0.2747878046198325,4500000.0,5000.0,18010000.0,270150000.0,1080600000.0
resnet32x4_cifar100_K4_mwmd1_seed0001_d001,d001,resnet32:4,cifar100,4,matched,mwmd1,peers,1,200,64,0.1,0.9,0.0005,True,0,60,0.1,1.0,1,,disagreement,1.0,1,0.0,0.5,weight,complete,0.0,0.0,42,0,45000,5000,10000,1880016,15,0.1,1,60.24,0.41005,0.01906311884241402,0.3797,0.4318,0.4527,0.042649999999999966,0.39944999999999997,0.4346,0.4580666666666666,0.6191061127033538,0.4584,0.6142893309370265,0.41005,resnet32,0.4177,0.4088,2.372222153300589,2.105347887189551,0.26687426621687005,resnet32,0.3797,0.3766,2.320070406760682,2.0533520359207285,0.26671836912547325,resnet32,0.4318,0.4186,2.276800702749328,2.0085370533845643,0.2682636490472677,resnet32,0.411,0.3938,2.316120508550243,2.0459358676929367,0.2701846382750029,4500000.0,5000.0,18010000.0,288160000.0,1152640000.0
resnet32x4_cifar100_K4_mwmd1_seed0001_d001,d001,resnet32:4,cifar100,4,matched,mwmd1,peers,1,200,64,0.1,0.9,0.0005,True,0,60,0.1,1.0,1,,disagreement,1.0,1,0.0,0.5,weight,complete,0.0,0.0,42,0,45000,5000,10000,1880016,16,0.1,1,60.18,0.3684,0.025370553797660778,0.3326,0.4002,0.4108,0.04239999999999999,0.36815000000000003,0.4096,0.5127666666666667,0.5835097439908675,0.5146333333333333,0.5792131722569527,0.3684,resnet32,0.4002,0.3934,2.3444888613779438,2.0757803850891916,0.2687084793155505,resnet32,0.3587,0.3592,2.295455748892643,2.0249831564724445,0.27047259360551834,resnet32,0.3821,0.3794,2.258159589869055,1.9862004090100527,0.2719591795255176,resnet32,0.3326,0.3406,2.294553464955904,2.023001193322919,0.2715522716964849,4500000.0,5000.0,18010000.0,306170000.0,1224680000.0
resnet32x4_cifar100_K4_mwmd1_seed0001_d001,d001,resnet32:4,cifar100,4,matched,mwmd1,peers,1,200,64,0.1,0.9,0.0005,True,0,60,0.1,1.0,1,,disagreement,1.0,1,0.0,0.5,weight,complete,0.0,0.0,42,0,45000,5000,10000,1880016,17,0.1,1,60.1,0.37615,0.03162819153856255,0.3496,0.428,0.4273,0.05115000000000003,0.37135,0.4198,0.5203666666666668,0.5638282243630078,0.5152166666666665,0.5770521228715556,0.37615,resnet32,0.3496,0.3506,2.3155246791853146,2.0476471932435576,0.2678774857512591,resnet32,0.3515,0.3462,2.273365556347099,2.0057767167348755,0.2675888408398764,resnet32,0.3755,0.3706,2.242127128284086,1.9735959460112182,0.2685311858076602,resnet32,0.428,0.418,2.2732520794326607,2.00332762893628,0.2699244497555562,4500000.0,5000.0,18010000.0,324180000.0,1296720000.0
resnet32x4_cifar100_K4_mwmd1_seed0001_d001,d001,resnet32:4,cifar100,4,matched,mwmd1,peers,1,200,64,0.1,0.9,0.0005,True,0,60,0.1,1.0,1,,disagreement,1.0,1,0.0,0.5,weight,complete,0.0,0.0,42,0,45000,5000,10000,1880016,18,0.1,1,60.21,0.37725000000000003,0.006702797923255616,0.3677,0.3863,0.4149,0.03764999999999996,0.3687,0.408,0.49113333333333326,0.5867788295258745,0.4853166666666667,0.5917096543753426,0.37725000000000003,resnet32,0.3793,0.3716,2.3115892461077734,2.0247846603054893,0.2868045857599513,resnet32,0.3863,0.3738,2.2758128321306272,2.001195155084133,0.27461767818948085,resnet32,0.3677,0.3564,2.252357055348429,1.9625172831795432,0.2898397734177045,resnet32,0.3757,0.373,2.2626160234212875,1.9879017076031729,0.27471431357447396,4500000.0,5000.0,18010000.0,342190000.0,1368760000.0
resnet32x4_cifar100_K4_mwmd1_seed0001_d001,d001,resnet32:4,cifar100,4,matched,mwmd1,peers,1,200,64,0.1,0.9,0.0005,True,0,60,0.1,1.0,1,,disagreement,1.0,1,0.0,0.5,weight,complete,0.0,0.0,42,0,45000,5000,10000,1880016,19,0.1,1,60.22,0.38392499999999996,0.051635471093038364,0.2976,0.4249,0.4359,0.05197500000000005,0.38135,0.4354,0.5354666666666666,0.5455903402065335,0.5314666666666666,0.5575071827837317,0.38392499999999996,resnet32,0.3907,0.3898,2.2915535975586283,2.008425435559316,0.2831281633327969,resnet32,0.2976,0.298,2.2636534234678205,1.9926323347132315,0.27102108752693643,resnet32,0.4249,0.4168,2.23755307241597,1.9524250379340216,0.2851280352862721,resnet32,0.4225,0.4208,2.24935049648312,1.977574877271598,0.2717756181108681,4500000.0,5000.0,18010000.0,360200000.0,1440800000.0
resnet32x4_cifar100_K4_mwmd1_seed0001_d001,d001,resnet32:4,cifar100,4,matched,mwmd1,peers,1,200,64,0.1,0.9,0.0005,True,0,60,0.1,1.0,1,,disagreement,1.0,1,0.0,0.5,weight,complete,0.0,0.0,42,0,45000,5000,10000,1880016,20,0.1,1,60.53,0.33919999999999995,0.024693015206734076,0.316,0.3799,0.3935,0.05430000000000007,0.33365,0.3844,0.5893333333333334,0.5240527665736243,0.5922166666666667,0.5099984244698591,0.33919999999999995,resnet32,0.316,0.3064,2.277115072547035,1.9933403554287823,0.2837747195100581,resnet32,0.3237,0.3236,2.2470204335722057,1.9751040544360876,0.27191637858579104,resnet32,0.3372,0.3264,2.22636274417693,1.9397912057624622,0.28657153680581937,resnet32,0.3799,0.3782,2.2346942970021204,1.9622793502428315,0.2724149458279664,4500000.0,5000.0,18010000.0,378210000.0,1512840000.0
resnet32x4_cifar100_K4_mwmd1_seed0001_d001,d001,resnet32:4,cifar100,4,matched,mwmd1,peers,1,200,64,0.1,0.9,0.0005,True,0,60,0.1,1.0,1,,disagreement,1.0,1,0.0,0.5,weight,complete,0.0,0.0,42,0,45000,5000,10000,1880016,21,0.1,1,60.19,0.409975,0.02150202025392032,0.3754,0.4327,0.4593,0.04932500000000001,0.4073,0.4594,0.49740000000000006,0.5552836680566873,0.4812166666666666,0.5864732754866384,0.409975,resnet32,0.4327,0.4262,2.257292762568051,1.9720174057239837,0.28527535790238867,resnet32,0.4101,0.412,2.246386020021005,1.9596816465597262,0.2867043747312643,resnet32,0.4217,0.4206,2.2081999594176356,1.922526803375645,0.28567315195687115,resnet32,0.3754,0.3704,2.226467609574849,1.9413956745781682,0.28507193199104885,4500000.0,5000.0,18010000.0,396220000.0,1584880000.0
resnet32x4_cifar100_K4_mwmd1_seed0001_d001,d001,resnet32:4,cifar100,4,matched,mwmd1,peers,1,200,64,0.1,0.9,0.0005,True,0,60,0.1,1.0,1,,disagreement,1.0,1,0.0,0.5,weight,complete,0.0,0.0,42,0,45000,5000,10000,1880016,22,0.1,1,60.39,0.390725,0.03336355609044096,0.344,0.4294,0.4408,0.050075000000000036,0.38839999999999997,0.4296,0.5118,0.5706946419521806,0.5197666666666666,0.5639414018705267,0.390725,resnet32,0.3755,0.371,2.2494635111228987,1.9698908603326841,0.2795726470225914,resnet32,0.344,0.3418,2.2373556120490488,1.9567854235118085,0.2805701911195435,resnet32,0.4294,0.431,2.1975841031155805,1.9180514643138105,0.2795326374047859,resnet32,0.414,0.4098,2.2148833119056444,1.9358483678237959,0.27903494581749494,4500000.0,5000.0,18010000.0,414230000.0,1656920000.0
resnet32x4_cifar100_K4_mwmd1_seed0001_d001,d001,resnet32:4,cifar100,4,matched,mwmd1,peers,1,200,64,0.1,0.9,0.0005,True,0,60,0.1,1.0,1,,disagreement,1.0,1,0.0,0.5,weight,complete,0.0,0.0,42,0,45000,5000,10000,1880016,23,0.1,1,60.26,0.426925,0.019553947811119896,0.407,0.4555,0.4724,0.04547499999999999,0.41925,0.4694,0.47103333333333325,0.5990844555388735,0.46680000000000005,0.6077805852262544,0.426925,resnet32,0.4344,0.4294,2.2304690834134817,1.948848235336217,0.2816208449023014,resnet32,0.4108,0.403,2.2288435736501757,1.946927227418531,0.28191634409383615,resnet32,0.407,0.3986,2.189264549619772,1.9086973624811931,0.2805671897208826,resnet32,0.4555,0.446,2.19655229896307,1.9164487665349788,0.28010353564538737,4500000.0,5000.0,18010000.0,432240000.0,1728960000.0
resnet32x4_cifar100_K4_mwmd1_seed0001_d001,d001,resnet32:4,cifar100,4,matched,mwmd1,peers,1,200,64,0.1,0.9,0.0005,True,0,60,0.1,1.0,1,,disagreement,1.0,1,0.0,0.5,weight,complete,0.0,0.0,42,0,45000,5000,10000,1880016,24,0.1,1,60.39,0.4074,0.03407198262502494,0.35,0.4368,0.4608,0.0534,0.39545,0.4516,0.5136,0.5541222629927662,0.5028499999999999,0.5643748328743715,0.4074,resnet32,0.4368,0.4244,2.2405088764022696,1.948275597427379,0.29223327757790685,resnet32,0.35,0.334,2.2200260165740144,1.9383209495043212,0.2817050705621527,resnet32,0.4146,0.4024,2.1986017139120535,1.9039668345993215,0.2946348780004138,resnet32,0.4282,0.421,2.203323008831252,1.920810697430914,0.28251230875453487,4500000.0,5000.0,18010000.0,450250000.0,1801000000.0
resnet32x4_cifar100_K4_mwmd1_seed0001_d001,d001,resnet32:4,cifar100,4,matched,mwmd1,peers,1,200,64,0.1,0.9,0.0005,True,0,60,0.1,1.0,1,,disagreement,1.0,1,0.0,0.5,weight,complete,0.0,0.0,42,0,45000,5000,10000,1880016,25,0.1,1,60.24,0.395925,0.026063612086585388,0.3525,0.4211,0.4529,0.056975,0.389,0.4468,0.5158999999999999,0.5440338915751383,0.5258833333333334,0.5443777679999404,0.395925,resnet32,0.3525,0.3552,2.224742780693553,1.935945045372302,0.288797736231407,resnet32,0.4011,0.3904,2.2009226100688632,1.9243347253650427,0.27658788294700737,resnet32,0.409,0.4056,2.185510818761858,1.8941513393074274,0.291359478417276,resnet32,0.4211,0.4048,2.183393249626864,1.9059206675738096,0.2774725844660266,4500000.0,5000.0,18010000.0,468260000.0,1873040000.0
resnet32x4_cifar100_K4_mwmd1_seed0001_d001,d001,resnet32:4,cifar100,4,matched,mwmd1,peers,1,200,64,0.1,0.9,0.0005,True,0,60,0.1,1.0,1,,disagreement,1.0,1,0.0,0.5,weight,complete,0.0,0.0,42,0,45000,5000,10000,1880016,26,0.1,1,60.17,0.406775,0.003543568117025546,0.4022,0.4113,0.4511,0.044325,0.39570000000000005,0.4422,0.4638,0.6122816223032671,0.4468166666666667,0.635531579755597,0.406775,resnet32,0.4089,0.4026,2.2158649905838748,1.9269553099504926,0.288909682919356,resnet32,0.4022,0.3792,2.1941151566464794,1.9154036172072997,0.2787115349518982,resnet32,0.4113,0.4046,2.1801117563789543,1.8898617313666777,0.29025002132931893,resnet32,0.4047,0.3964,2.1779759328135033,1.8978513105010444,0.2801246225241233,4500000.0,5000.0,18010000.0,486270000.0,1945080000.0
resnet32x4_cifar100_K4_mwmd1_seed0001_d001,d001,resnet32:4,cifar100,4,matched,mwmd1,peers,1,200,64,0.1,0.9,0.0005,True,0,60,0.1,1.0,1,,disagreement,1.0,1,0.0,0.5,weight,complete,0.0,0.0,42,0,45000,5000,10000,1880016,27,0.1,1,60.08,0.374025,0.029047407371398916,0.3488,0.4218,0.4275,0.053474999999999995,0.37494999999999995,0.4312,0.5434,0.5308364907052792,0.5545333333333334,0.5185787625643475,0.374025,resnet32,0.3488,0.348,2.21389351057058,1.922586154192686,0.2913073559757322,resnet32,0.3527,0.3644,2.2034579129381613,1.9113824651999907,0.29207544308155775,resnet32,0.3728,0.3696,2.1675952457907526,1.8776422122662717,0.2899530360856178,resnet32,0.4218,0.4178,2.1841265237466856,1.8947812491519884,0.28934527455236425,4500000.0,5000.0,18010000.0,504280000.0,2017120000.0
resnet32x4_cifar100_K4_mwmd1_seed0001_d001,d001,resnet32:4,cifar100,4,matched,mwmd1,peers,1,200,64,0.1,0.9,0.0005,True,0,60,0.1,1.0,1,,disagreement,1.0,1,0.0,0.5,weight,complete,0.0,0.0,42,0,45000,5000,10000,1880016,28,0.1,1,60.28,0.3325,0.014757201631745777,0.3112,0.3529,0.3776,0.04509999999999997,0.32565,0.3668,0.5382666666666666,0.5530104557740892,0.5341833333333333,0.5748904391101659,0.3325,resnet32,0.3336,0.333,2.210275877605785,1.916378879411654,0.29389699178070505,resnet32,0.3112,0.3058,2.203623681583188,1.909652583131736,0.29397110207091,resnet32,0.3323,0.3156,2.176010816612027,1.8812426269393077,0.294768187450245,resnet32,0.3529,0.3482,2.1814775206148624,1.885304823348468,0.29617270014502783,4500000.0,5000.0,18010000.0,522290000.0,2089160000.0
resnet32x4_cifar100_K4_mwmd1_seed0001_d001,d001,resnet32:4,cifar100,4,matched,mwmd1,peers,1,200,64,0.1,0.9,0.0005,True,0,60,0.1,1.0,1,,disagreement,1.0,1,0.0,0.5,weight,complete,0.0,0.0,42,0,45000,5000,10000,1880016,29,0.1,1,60.32,0.395225,0.03537699641009676,0.3668,0.4548,0.4458,0.05057499999999998,0.39094999999999996,0.4412,0.5126333333333334,0.5593094045574483,0.5040333333333334,0.575093776553622,0.395225,resnet32,0.3887,0.3902,2.1999677057293328,1.9084538008001717,0.2915139016060328,resnet32,0.3706,0.3586,2.1926087738776747,1.9004395568574017,0.2921692148189653,resnet32,0.4548,0.4476,2.156510228799148,1.867017013952136,0.28949321404268796,resnet32,0.3668,0.3674,2.165295809676701,1.876311798833988,0.28898400722325523,4500000.0,5000.0,18010000.0,540300000.0,2161200000.0
resnet32x4_cifar100_K4_mwmd1_seed0001_d001,d001,resnet32:4,cifar100,4,matched,mwmd1,peers,1,200,64,0.1,0.9,0.0005,True,0,60,0.1,1.0,1,,disagreement,1.0,1,0.0,0.5,weight,complete,0.0,0.0,42,0,45000,5000,10000,1880016,30,0.1,1,60.16,0.38482500000000003,0.026878185857680204,0.3387,0.4061,0.4362,0.05137499999999995,0.38189999999999996,0.4358,0.5252333333333333,0.5579260091507823,0.5285333333333333,0.5706298492776131,0.38482500000000003,resnet32,0.3979,0.3888,2.1961412114853207,1.9029420842839913,0.2931991267356683,resnet32,0.3387,0.3494,2.182341280816631,1.8950492191043766,0.28729206196625123,resnet32,0.4061,0.3996,2.1549054428257723,1.8596722327850082,0.29523320572281425,resnet32,0.3966,0.3898,2.1640769725834783,1.875465551391244,0.28861141755160963,4500000.0,5000.0,18010000.0,558310000.0,2233240000.0
resnet32x4_cifar100_K4_mwmd1_seed0001_d001,d001,resnet32:4,cifar100,4,matched,mwmd1,peers,1,200,64,0.1,0.9,0.0005,True,0,60,0.1,1.0,1,,disagreement,1.0,1,0.0,0.5,weight,complete,0.0,0.0,42,0,45000,5000,10000,1880016,31,0.1,1,60.34,0.38095,0.043858437044655384,0.3248,0.4304,0.4309,0.049949999999999994,0.37535,0.4266,0.5206666666666667,0.5914766334742142,0.5268833333333333,0.5872632245920252,0.38095,resnet32,0.3521,0.3498,2.189218041233041,1.8972163061526688,0.2920017331330614,resnet32,0.4165,0.4096,2.1691845174540174,1.8832953042266043,0.28588921117426996,resnet32,0.3248,0.3246,2.1581687344746157,1.864945686506954,0.29322305107912555,resnet32,0.4304,0.4174,2.1548774780874904,1.867886976931583,0.28699050450020214,4500000.0,5000.0,18010000.0,576320000.0,2305280000.0
resnet32x4_cifar100_K4_mwmd1_seed0001_d001,d001,resnet32:4,cifar100,4,matched,mwmd1,peers,1,200,64,0.1,0.9,0.0005,True,0,60,0.1,1.0,1,,disagreement,1.0,1,0.0,0.5,weight,complete,0.0,0.0,42,0,45000,5000,10000,1880016,32,0.1,1,60.19,0.39285000000000003,0.01672131872789941,0.3682,0.4154,0.4428,0.049949999999999994,0.38544999999999996,0.4336,0.51,0.5613045539658864,0.5083833333333333,0.5634714576005354,0.39285000000000003,resnet32,0.4154,0.4126,2.187185090373863,1.893527968193997,0.29365711788308213,resnet32,0.3682,0.3636,2.176854721524499,1.8832164628600532,0.29363826145841315,resnet32,0.3937,0.3822,2.153167220509865,1.8569144330580125,0.296252786478197,resnet32,0.3941,0.3834,2.1549315300177443,1.8587455910376527,0.29618593605912547,4500000.0,5000.0,18010000.0,594330000.0,2377320000.0
resnet32x4_cifar100_K4_mwmd1_seed0001_d001,d001,resnet32:4,cifar100,4,matched,mwmd1,peers,1,200,64,0.1,0.9,0.0005,True,0,60,0.1,1.0,1,,disagreement,1.0,1,0.0,0.5,weight,complete,0.0,0.0,42,0,45000,5000,10000,1880016,33,0.1,1,60.26,0.42119999999999996,0.015466415227841264,0.4065,0.4457,0.4751,0.05390000000000006,0.4192,0.4762,0.5047333333333334,0.5627300105609274,0.5046,0.5692427337776789,0.42119999999999996,resnet32,0.4231,0.4166,2.188277479430491,1.8915502681312235,0.29672721146859904,resnet32,0.4065,0.4062,2.1787886751646344,1.8830194063484669,0.29576926748268306,resnet32,0.4095,0.4146,2.1470322771505876,1.8498755564743823,0.2971567221366885,resnet32,0.4457,0.4394,2.1593611504543913,1.861182203516364,0.2981789466205307,4500000.0,5000.0,18010000.0,612340000.0,2449360000.0
resnet32x4_cifar100_K4_mwmd1_seed0001_d001,d001,resnet32:4,cifar100,4,matched,mwmd1,peers,1,200,64,0.1,0.9,0.0005,True,0,60,0.1,1.0,1,,disagreement,1.0,1,0.0,0.5,weight,complete,0.0,0.0,42,0,45000,5000,10000,1880016,34,0.1,1,60.13,0.42460000000000003,0.023015103736459666,0.3914,0.4541,0.4764,0.05179999999999996,0.4138,0.4616,0.4791666666666666,0.5726440518843123,0.47865,0.5725317924370242,0.42460000000000003,resnet32,0.3914,0.384,2.18672782250426,1.8879698142409325,0.29875800953331316,resnet32,0.4181,0.4148,2.167210745032538,1.8756472925570877,0.2915634536819363,resnet32,0.4348,0.419,2.1559285148978233,1.8551958489485763,0.3007326663090763,resnet32,0.4541,0.4374,2.150516602295366,1.858401020142165,0.29211558029055595,4500000.0,5000.0,18010000.0,630350000.0,2521400000.0
resnet32x4_cifar100_K4_mwmd1_seed0001_d001,d001,resnet32:4,cifar100,4,matched,mwmd1,peers,1,200,64,0.1,0.9,0.0005,True,0,60,0.1,1.0,1,,disagreement,1.0,1,0.0,0.5,weight,complete,0.0,0.0,42,0,45000,5000,10000,1880016,35,0.1,1,60.17,0.41857500000000003,0.04329719246094371,0.3493,0.4559,0.4735,0.054924999999999946,0.4167,0.4662,0.4982,0.5558671209450864,0.4979,0.5659076553919127,0.41857500000000003,resnet32,0.4559,0.4592,2.1712684118273584,1.8760357421230187,0.2952326735566286,resnet32,0.3493,0.3514,2.1571027492596344,1.8680853296748616,0.28901741918261076,resnet32,0.4146,0.4108,2.140599314123392,1.844129068268971,0.2964702448384328,resnet32,0.4545,0.4454,2.1375600468706,1.847907388244163,0.28965266097591,4500000.0,5000.0,18010000.0,648360000.0,2593440000.0
resnet32x4_cifar100_K4_mwmd1_seed0001_d001,d001,resnet32:4,cifar100,4,matched,mwmd1,peers,1,200,64,0.1,0.9,0.0005,True,0,60,0.1,1.0,1,,disagreement,1.0,1,0.0,0.5,weight,complete,0.0,0.0,42,0,45000,5000,10000,1880016,36,0.1,1,60.14,0.44505000000000006,0.016056385022787664,0.4243,0.4691,0.4922,0.04714999999999997,0.44165,0.491,0.4540666666666666,0.5972098487637325,0.4481166666666667,0.6106937229690893,0.44505000000000006,resnet32,0.4243,0.418,2.1703754043714567,1.8770024536008185,0.29337295002981345,resnet32,0.4463,0.4482,2.1501087790185753,1.8631149913099678,0.28699378701011563,resnet32,0.4691,0.4666,2.135064230046489,1.8400237694044004,0.29504046081141994,resnet32,0.4405,0.4338,2.131318024952303,1.8438171740959992,0.28750085072930565,4500000.0,5000.0,18010000.0,666370000.0,2665480000.0
resnet32x4_cifar100_K4_mwmd1_seed0001_d001,d001,resnet32:4,cifar100,4,matched,mwmd1,peers,1,200,64,0.1,0.9,0.0005,True,0,60,0.1,1.0,1,,disagreement,1.0,1,0.0,0.5,weight,complete,0.0,0.0,42,0,45000,5000,10000,1880016,37,0.1,1,60.26,0.4284,0.007694803441284251,0.4181,0.4389,0.4776,0.04920000000000002,0.42245,0.4716,0.4824333333333333,0.5968976143901261,0.48538333333333333,0.5946176222412372,0.4284,resnet32,0.4315,0.4244,2.1629012272777883,1.8663308845663613,0.29657034106044605,resnet32,0.4181,0.4132,2.1445102102377196,1.854148604483767,0.29036160416647117,resnet32,0.4251,0.4168,2.1325808142057876,1.8346750507639213,0.2979057638440281,resnet32,0.4389,0.4354,2.128273554992947,1.837547717107968,0.29072583839297295,4500000.0,5000.0,18010000.0,684380000.0,2737520000.0
resnet32x4_cifar100_K4_mwmd1_seed0001_d001,d001,resnet32:4,cifar100,4,matched,mwmd1,peers,1,200,64,0.1,0.9,0.0005,True,0,60,0.1,1.0,1,,disagreement,1.0,1,0.0,0.5,weight,complete,0.0,0.0,42,0,45000,5000,10000,1880016,38,0.1,1,60.32,0.463775,0.0094935175251326,0.4554,0.4799,0.5143,0.05052499999999999,0.45615,0.503,0.44803333333333334,0.5889270767397606,0.43625,0.6013127761330095,0.463775,resnet32,0.4799,0.4716,2.1559415974400262,1.8640242220664567,0.2919173739765855,resnet32,0.4595,0.4548,2.132631852714853,1.84943603690375,0.28319581430828705,resnet32,0.4554,0.447,2.1271820830350574,1.8333349234678529,0.2938471575352279,resnet32,0.4603,0.4512,2.1248703836040064,1.8411346392875367,0.2837357480629263,4500000.0,5000.0,18010000.0,702390000.0,2809560000.0
resnet32x4_cifar100_K4_mwmd1_seed0001_d001,d001,resnet32:4,cifar100,4,matched,mwmd1,peers,1,200,64,0.1,0.9,0.0005,True,0,60,0.1,1.0,1,,disagreement,1.0,1,0.0,0.5,weight,complete,0.0,0.0,42,0,45000,5000,10000,1880016,39,0.1,1,60.46,0.37465000000000004,0.038961423228624475,0.3134,0.4175,0.4196,0.044949999999999934,0.37535,0.4186,0.5425666666666666,0.5421311671566739,0.54955,0.5317068956008731,0.37465000000000004,resnet32,0.4175,0.4174,2.16361080465669,1.862979292022911,0.3006315138190985,resnet32,0.3964,0.397,2.1516654139215294,1.8500608723949303,0.30160454396073794,resnet32,0.3713,0.3646,2.1396535098214042,1.8368459902703762,0.30280751876787027,resnet32,0.3134,0.3224,2.1436135062778536,1.841549813239412,0.30206369515508413,4500000.0,5000.0,18010000.0,720400000.0,2881600000.0
resnet32x4_cifar100_K4_mwmd1_seed0001_d001,d001,resnet32:4,cifar100,4,matched,mwmd1,peers,1,200,64,0.1,0.9,0.0005,True,0,60,0.1,1.0,1,,disagreement,1.0,1,0.0,0.5,weight,complete,0.0,0.0,42,0,45000,5000,10000,1880016,40,0.1,1,60.19,0.4125,0.020541056448001895,0.3862,0.4395,0.4656,0.053100000000000036,0.41195,0.467,0.4968333333333334,0.5629637567517113,0.4894,0.5773546814679191,0.4125,resnet32,0.4006,0.402,2.160033254968849,1.8650604312054135,0.29497282611290837,resnet32,0.3862,0.383,2.1469785085117277,1.848576295612888,0.29840221524831245,resnet32,0.4237,0.421,2.12321876345033,1.824451556937261,0.2987672087143768,resnet32,0.4395,0.4418,2.1331889229741963,1.8375496617095037,0.2956392601217059,4500000.0,5000.0,18010000.0,738410000.0,2953640000.0
resnet32x4_cifar100_K4_mwmd1_seed0001_d001,d001,resnet32:4,cifar100,4,matched,mwmd1,peers,1,200,64,0.1,0.9,0.0005,True,0,60,0.1,1.0,1,,disagreement,1.0,1,0.0,0.5,weight,complete,0.0,0.0,42,0,45000,5000,10000,1880016,41,0.1,1,60.11,0.346175,0.05030965985772514,0.2765,0.4186,0.408,0.06182499999999996,0.3434,0.4028,0.6089333333333332,0.48802235477765327,0.6127833333333333,0.4926458608980218,0.346175,resnet32,0.2765,0.2728,2.1529201208190485,1.8551653848791665,0.2977547339925712,resnet32,0.3416,0.341,2.1412088183516804,1.8425249052657322,0.298683915075592,resnet32,0.348,0.3428,2.1122056261043656,1.8126742958345197,0.2995313305450095,resnet32,0.4186,0.417,2.1311909537762403,1.8331595837053927,0.29803137242032046,4500000.0,5000.0,18010000.0,756420000.0,3025680000.0
resnet32x4_cifar100_K4_mwmd1_seed0001_d001,d001,resnet32:4,cifar100,4,matched,mwmd1,peers,1,200,64,0.1,0.9,0.0005,True,0,60,0.1,1.0,1,,disagreement,1.0,1,0.0,0.5,weight,complete,0.0,0.0,42,0,45000,5000,10000,1880016,42,0.1,1,60.28,0.451025,0.023535226257675953,0.4151,0.4741,0.5058,0.05477500000000002,0.44530000000000003,0.4888,0.46213333333333334,0.5853523484007584,0.46870000000000006,0.5774860905168269,0.451025,resnet32,0.4151,0.4112,2.1593926521864804,1.8613943081687798,0.29799834422936494,resnet32,0.445,0.44,2.14470249668441,1.8455143965442071,0.2991880997168747,resnet32,0.4741,0.4714,2.1127904043956236,1.8161169033158908,0.29667350074106996,resnet32,0.4699,0.4586,2.1296356499872426,1.8336510461839763,0.2959846059199084,4500000.0,5000.0,18010000.0,774430000.0,3097720000.0
resnet32x4_cifar100_K4_mwmd1_seed0001_d001,d001,resnet32:4,cifar100,4,matched,mwmd1,peers,1,200,64,0.1,0.9,0.0005,True,0,60,0.1,1.0,1,,disagreement,1.0,1,0.0,0.5,weight,complete,0.0,0.0,42,0,45000,5000,10000,1880016,43,0.1,1,60.08,0.44225000000000003,0.008821989571519556,0.4298,0.4532,0.4852,0.04294999999999999,0.43504999999999994,0.4776,0.43226666666666663,0.6029291643627769,0.4380833333333334,0.6045829803319173,0.44225000000000003,resnet32,0.4298,0.4286,2.1605668906122446,1.8609754421155562,0.2995914490893483,resnet32,0.4472,0.4332,2.1379606264897366,1.847830499268391,0.29013012256473303,resnet32,0.4388,0.4344,2.130802696909417,1.8286129114302723,0.3021897892044349,resnet32,0.4532,0.444,2.1190151108259503,1.8278033569116483,0.2912117528136481,4500000.0,5000.0,18010000.0,792440000.0,3169760000.0
resnet32x4_cifar100_K4_mwmd1_seed0001_d001,d001,resnet32:4,cifar100,4,matched,mwmd1,peers,1,200,64,0.1,0.9,0.0005,True,0,60,0.1,1.0,1,,disagreement,1.0,1,0.0,0.5,weight,complete,0.0,0.0,42,0,45000,5000,10000,1880016,44,0.1,1,60.28,0.4264,0.028818310151707372,0.3797,0.4557,0.4736,0.04720000000000002,0.42485,0.471,0.47813333333333335,0.5800222647028046,0.48668333333333336,0.5872700391928873,0.4264,resnet32,0.3797,0.3812,2.142376098612493,1.8494549798355862,0.2929211170200936,resnet32,0.4432,0.4414,2.1277771343223075,1.8377993733368136,0.2899777620861476,resnet32,0.427,0.4276,2.1114150790328328,1.8163669492033394,0.2950481299988248,resnet32,0.4557,0.4492,2.1129610289565544,1.8225958010351115,0.29036522904326295,4500000.0,5000.0,18010000.0,810450000.0,3241800000.0
resnet32x4_cifar100_K4_mwmd1_seed0001_d001,d001,resnet32:4,cifar100,4,matched,mwmd1,peers,1,200,64,0.1,0.9,0.0005,True,0,60,0.1,1.0,1,,disagreement,1.0,1,0.0,0.5,weight,complete,0.0,0.0,42,0,45000,5000,10000,1880016,45,0.1,1,60.3,0.38750000000000007,0.023839148474725347,0.3481,0.4102,0.437,0.04949999999999993,0.38754999999999995,0.4386,0.5071333333333333,0.5592577591170026,0.5038166666666667,0.5793008769780128,0.38750000000000007,resnet32,0.4016,0.3918,2.146818695081906,1.8467175019058315,0.3001011934724044,resnet32,0.3901,0.3932,2.1339435651898384,1.8335008135234767,0.3004427517298609,resnet32,0.4102,0.4118,2.110139502043074,1.810769746588035,0.2993697525129061,resnet32,0.3481,0.3534,2.114501188593832,1.815423520789905,0.29907766869291663,4500000.0,5000.0,18010000.0,828460000.0,3313840000.0
resnet32x4_cifar100_K4_mwmd1_seed0001_d001,d001,resnet32:4,cifar100,4,matched,mwmd1,peers,1,200,64,0.1,0.9,0.0005,True,0,60,0.1,1.0,1,,disagreement,1.0,1,0.0,0.5,weight,complete,0.0,0.0,42,0,45000,5000,10000,1880016,46,0.1,1,60.63,0.434125,0.026067352665738813,0.3922,0.4585,0.4773,0.04317500000000002,0.4323,0.4764,0.4458666666666667,0.6008028470991219,0.45125,0.6031019605900805,0.434125,resnet32,0.4326,0.4356,2.1328224688768387,1.8391102962195873,0.29371217399073596,resnet32,0.4532,0.4406,2.1217280252074655,1.8267506806349212,0.29497734290039673,resnet32,0.4585,0.4608,2.099514338780533,1.8015431311320176,0.29797120743685146,resnet32,0.3922,0.3922,2.1062722512605516,1.8084707588634708,0.2978014907249334,4500000.0,5000.0,18010000.0,846470000.0,3385880000.0
resnet32x4_cifar100_K4_mwmd1_seed0001_d001,d001,resnet32:4,cifar100,4,matched,mwmd1,peers,1,200,64,0.1,0.9,0.0005,True,0,60,0.1,1.0,1,,disagreement,1.0,1,0.0,0.5,weight,complete,0.0,0.0,42,0,45000,5000,10000,1880016,47,0.1,1,60.24,0.44525,0.012857974179473224,0.4317,0.4663,0.5008,0.055550000000000044,0.44305,0.4926,0.47953333333333337,0.5514161213180666,0.47828333333333334,0.5635786475850821,0.44525,resnet32,0.4317,0.4228,2.130646212873134,1.8329263273626566,0.29771988527764653,resnet32,0.4433,0.4436,2.122949214313518,1.824941568245942,0.29800764695656573,resnet32,0.4663,0.4684,2.0876844587989827,1.7930876387452537,0.29459681416946376,resnet32,0.4397,0.4374,2.0977082794362847,1.8031472072682597,0.2945610691200603,4500000.0,5000.0,18010000.0,864480000.0,3457920000.0
resnet32x4_cifar100_K4_mwmd1_seed0001_d001,d001,resnet32:4,cifar100,4,matched,mwmd1,peers,1,200,64,0.1,0.9,0.0005,True,0,60,0.1,1.0,1,,disagreement,1.0,1,0.0,0.5,weight,complete,0.0,0.0,42,0,45000,5000,10000,1880016,48,0.1,1,60.58,0.41469999999999996,0.01945880263531135,0.3882,0.4335,0.4603,0.04560000000000003,0.40535,0.449,0.4910666666666666,0.5785188674274426,0.48743333333333333,0.5749885011013011,0.41469999999999996,resnet32,0.4335,0.415,2.1499523732133885,1.8475138216533444,0.30243854578161106,resnet32,0.4039,0.4046,2.134250387888063,1.8390171683647416,0.2952332209838046,resnet32,0.4332,0.4216,2.119159324094653,1.8149321570315144,0.30422716384584253,resnet32,0.3882,0.3802,2.112453844736923,1.8153460696339607,0.2971077727746557,4500000.0,5000.0,18010000.0,882490000.0,3529960000.0
resnet32x4_cifar100_K4_mwmd1_seed0001_d001,d001,resnet32:4,cifar100,4,matched,mwmd1,peers,1,200,64,0.1,0.9,0.0005,True,0,60,0.1,1.0,1,,disagreement,1.0,1,0.0,0.5,weight,complete,0.0,0.0,42,0,45000,5000,10000,1880016,49,0.1,1,60.15,0.39855,0.028396874828051075,0.3626,0.4383,0.4445,0.04594999999999999,0.39604999999999996,0.4382,0.48290000000000005,0.5966943688883878,0.49429999999999996,0.5935183775396745,0.39855,resnet32,0.4383,0.429,2.1401324422860686,1.843218044801192,0.29691439733671193,resnet32,0.3835,0.3882,2.1244671395556494,1.829147842797366,0.2953192965042862,resnet32,0.4098,0.4064,2.108953421935439,1.8094936685467309,0.2994597549338571,resnet32,0.3626,0.3606,2.110880891538479,1.8154551378366621,0.29542575488713657,4500000.0,5000.0,18010000.0,900500000.0,3602000000.0
resnet32x4_cifar100_K4_mwmd1_seed0001_d001,d001,resnet32:4,cifar100,4,matched,mwmd1,peers,1,200,64,0.1,0.9,0.0005,True,0,60,0.1,1.0,1,,disagreement,1.0,1,0.0,0.5,weight,complete,0.0,0.0,42,0,45000,5000,10000,1880016,50,0.1,1,60.26,0.43162500000000004,0.012480059094411381,0.4134,0.4484,0.479,0.047374999999999945,0.42295,0.4668,0.4672,0.5913378257499824,0.45988333333333337,0.6009070020559961,0.43162500000000004,resnet32,0.4303,0.4134,2.127606561576778,1.8271747803823515,0.3004317833322354,resnet32,0.4484,0.437,2.1217840894718063,1.8197153144600717,0.3020687758583914,resnet32,0.4134,0.4138,2.108964001421224,1.8061074714430354,0.3028565304650163,resnet32,0.4344,0.4276,2.1090682800859213,1.8078379453244535,0.3012303344863044,4500000.0,5000.0,18010000.0,918510000.0,3674040000.0
resnet32x4_cifar100_K4_mwmd1_seed0001_d001,d001,resnet32:4,cifar100,4,matched,mwmd1,peers,1,200,64,0.1,0.9,0.0005,True,0,60,0.1,1.0,1,,disagreement,1.0,1,0.0,0.5,weight,complete,0.0,0.0,42,0,45000,5000,10000,1880016,51,0.1,1,60.36,0.417375,0.02142841279703188,0.3859,0.4436,0.4635,0.04612500000000003,0.41775,0.4626,0.45260000000000006,0.6067541098181096,0.45705,0.6104178190692359,0.417375,resnet32,0.3859,0.385,2.1368210312317717,1.837265812537887,0.2995552173392339,resnet32,0.4436,0.442,2.130343767560341,1.829920321194963,0.30042344951917505,resnet32,0.4285,0.4302,2.100864730267362,1.804022196510976,0.2968425376510078,resnet32,0.4115,0.4138,2.1082141304557975,1.811984453011643,0.2962296753275124,4500000.0,5000.0,18010000.0,936520000.0,3746080000.0
resnet32x4_cifar100_K4_mwmd1_seed0001_d001,d001,resnet32:4,cifar100,4,matched,mwmd1,peers,1,200,64,0.1,0.9,0.0005,True,0,60,0.1,1.0,1,,disagreement,1.0,1,0.0,0.5,weight,complete,0.0,0.0,42,0,45000,5000,10000,1880016,52,0.1,1,60.51,0.4364,0.015438102214974485,0.4166,0.4525,0.4884,0.05199999999999999,0.42455,0.4746,0.4698,0.5978825958183146,0.4776666666666667,0.5841541552097514,0.4364,resnet32,0.4261,0.4192,2.1308190489018504,1.835637267678976,0.2951817809053781,resnet32,0.4166,0.406,2.120042131028392,1.8231214223937555,0.29692071094177663,resnet32,0.4504,0.441,2.0956007059324873,1.7998680993914604,0.2957326073453508,resnet32,0.4525,0.432,2.0993333110077814,1.8035161417316308,0.2958171690221537,4500000.0,5000.0,18010000.0,954530000.0,3818120000.0
resnet32x4_cifar100_K4_mwmd1_seed0001_d001,d001,resnet32:4,cifar100,4,matched,mwmd1,peers,1,200,64,0.1,0.9,0.0005,True,0,60,0.1,1.0,1,,disagreement,1.0,1,0.0,0.5,weight,complete,0.0,0.0,42,0,45000,5000,10000,1880016,53,0.1,1,60.27,0.42445,0.01315874234112061,0.4069,0.4439,0.4705,0.04604999999999998,0.41985,0.4688,0.47836666666666666,0.5802992468269059,0.4815666666666667,0.5884249909382482,0.42445,resnet32,0.422,0.4144,2.1322935453870078,1.8352206530557438,0.2970728895372965,resnet32,0.425,0.4186,2.1206449674950405,1.8228724834255197,0.2977724866729907,resnet32,0.4069,0.4032,2.089470678771084,1.7960468984462998,0.2934237784198062,resnet32,0.4439,0.4432,2.0900726098228586,1.7966989360072396,0.29337367497977207,4500000.0,5000.0,18010000.0,972540000.0,3890160000.0
resnet32x4_cifar100_K4_mwmd1_seed0001_d001,d001,resnet32:4,cifar100,4,matched,mwmd1,peers,1,200,64,0.1,0.9,0.0005,True,0,60,0.1,1.0,1,,disagreement,1.0,1,0.0,0.5,weight,complete,0.0,0.0,42,0,45000,5000,10000,1880016,54,0.1,1,60.32,0.3895,0.05104796763829094,0.3048,0.4336,0.4336,0.04409999999999997,0.38905,0.4334,0.5184666666666667,0.563283994839602,0.5215,0.5619479913765627,0.3895,resnet32,0.4253,0.418,2.122620739889416,1.8275895081460476,0.2950312318068675,resnet32,0.4336,0.4348,2.110395407473499,1.8146075878969647,0.29578782213767146,resnet32,0.3943,0.3936,2.086512915282087,1.7891513249752196,0.2973615927621722,resnet32,0.3048,0.3098,2.0917204916477203,1.79469651915133,0.29702397461303254,4500000.0,5000.0,18010000.0,990550000.0,3962200000.0
resnet32x4_cifar100_K4_mwmd1_seed0001_d001,d001,resnet32:4,cifar100,4,matched,mwmd1,peers,1,200,64,0.1,0.9,0.0005,True,0,60,0.1,1.0,1,,disagreement,1.0,1,0.0,0.5,weight,complete,0.0,0.0,42,0,45000,5000,10000,1880016,55,0.1,1,60.45,0.44630000000000003,0.032162633598634305,0.3912,0.4721,0.5078,0.0615,0.44265,0.4938,0.4792,0.5722132957155807,0.4835499999999999,0.5707774734595302,0.44630000000000003,resnet32,0.3912,0.3962,2.1345184812830253,1.8325667325407267,0.3019517499276183,resnet32,0.4721,0.4688,2.1237632478164,1.8234982812269167,0.3002649682192979,resnet32,0.4591,0.447,2.105532768605785,1.8018271491270175,0.3037056182299487,resnet32,0.4628,0.4586,2.108096757903695,1.8066697289997882,0.3014270285440778,4500000.0,5000.0,18010000.0,1008560000.0,4034240000.0
resnet32x4_cifar100_K4_mwmd1_seed0001_d001,d001,resnet32:4,cifar100,4,matched,mwmd1,peers,1,200,64,0.1,0.9,0.0005,True,0,60,0.1,1.0,1,,disagreement,1.0,1,0.0,0.5,weight,complete,0.0,0.0,42,0,45000,5000,10000,1880016,56,0.1,1,60.36,0.442125,0.015154434169575593,0.4216,0.4632,0.4928,0.050675000000000026,0.438,0.4894,0.4687666666666667,0.5847050178546869,0.4726000000000001,0.5791524788293371,0.442125,resnet32,0.4216,0.4156,2.124961878257719,1.8274562521414324,0.2975056246769699,resnet32,0.4632,0.4542,2.1129730338738724,1.8152347503399306,0.2977382860950787,resnet32,0.447,0.4488,2.0913165104998783,1.790667043829506,0.30064946959133854,resnet32,0.4367,0.4334,2.098608185621825,1.798015059903264,0.3005931265228851,4500000.0,5000.0,18010000.0,1026570000.0,4106280000.0
resnet32x4_cifar100_K4_mwmd1_seed0001_d001,d001,resnet32:4,cifar100,4,matched,mwmd1,peers,1,200,64,0.1,0.9,0.0005,True,0,60,0.1,1.0,1,,disagreement,1.0,1,0.0,0.5,weight,complete,0.0,0.0,42,0,45000,5000,10000,1880016,57,0.1,1,60.12,0.4379,0.03764857235009052,0.3784,0.4757,0.4988,0.06090000000000001,0.43335,0.4902,0.48146666666666665,0.5624756342366621,0.4823333333333333,0.5654429314228294,0.4379,resnet32,0.4335,0.442,2.1268900598992,1.8288152673366396,0.2980747935997153,resnet32,0.3784,0.3692,2.1008401770483363,1.8043151800944046,0.2965249908156693,resnet32,0.464,0.4536,2.089346196333116,1.7896104896949097,0.29973570483906026,resnet32,0.4757,0.4686,2.0876000454141335,1.7901232791217891,0.2974767701869661,4500000.0,5000.0,18010000.0,1044580000.0,4178320000.0
resnet32x4_cifar100_K4_mwmd1_seed0001_d001,d001,resnet32:4,cifar100,4,matched,mwmd1,peers,1,200,64,0.1,0.9,0.0005,True,0,60,0.1,1.0,1,,disagreement,1.0,1,0.0,0.5,weight,complete,0.0,0.0,42,0,45000,5000,10000,1880016,58,0.1,1,60.12,0.45065,0.014810553669596552,0.4331,0.4688,0.5035,0.05284999999999995,0.44935,0.4946,0.45933333333333337,0.5850356858255571,0.46659999999999996,0.5835005507807626,0.45065,resnet32,0.4613,0.451,2.113927038217133,1.8163422163237224,0.29758482453921303,resnet32,0.4688,0.4732,2.0929220108823343,1.80114701339467,0.29177500153045083,resnet32,0.4394,0.4368,2.0853281102397223,1.786377600478855,0.2989505086178807,resnet32,0.4331,0.4364,2.07920863005248,1.7866264388642528,0.2925821924582124,4500000.0,5000.0,18010000.0,1062590000.0,4250360000.0
resnet32x4_cifar100_K4_mwmd1_seed0001_d001,d001,resnet32:4,cifar100,4,matched,mwmd1,peers,1,200,64,0.1,0.9,0.0005,True,0,60,0.1,1.0,1,,disagreement,1.0,1,0.0,0.5,weight,complete,0.0,0.0,42,0,45000,5000,10000,1880016,59,0.1,1,60.27,0.456275,0.021721921531024837,0.4206,0.4739,0.5052,0.048924999999999996,0.44605,0.4994,0.47056666666666663,0.5764546956106115,0.4643333333333333,0.5866476464233875,0.456275,resnet32,0.4569,0.448,2.123960859904235,1.8229972439056092,0.300963617416776,resnet32,0.4737,0.4656,2.1153229151598434,1.8116727086969397,0.3036502059337429,resnet32,0.4739,0.4616,2.0970301287756725,1.792840594256466,0.30418953295289114,resnet32,0.4206,0.409,2.0978040258315476,1.7951124955646016,0.3026915311559357,4500000.0,5000.0,18010000.0,1080600000.0,4322400000.0
resnet32x4_cifar100_K4_mwmd1_seed0001_d001,d001,resnet32:4,cifar100,4,matched,mwmd1,peers,1,200,64,0.1,0.9,0.0005,True,0,60,0.1,1.0,1,,disagreement,1.0,1,0.0,0.5,weight,complete,0.0,0.0,42,0,45000,5000,10000,1880016,60,0.010000000000000002,1,60.15,0.6183000000000001,0.0033948490393535874,0.6137,0.6225,0.6377,0.019399999999999973,0.6133500000000001,0.6316,0.22169999999999998,0.7509230052110332,0.214,0.7643283261508089,0.6183000000000001,resnet32,0.6137,0.6036,1.5609485669569536,1.3974150032313033,0.16353356469930572,resnet32,0.6166,0.6114,1.5424367529763416,1.384475309063088,0.15796144308776341,resnet32,0.6225,0.6186,1.538715431128036,1.3749910168857737,0.1637244144433432,resnet32,0.6204,0.6198,1.5333583033220335,1.375064874237234,0.15829343145543878,4500000.0,5000.0,18010000.0,1098610000.0,4394440000.0
resnet32x4_cifar100_K4_mwmd1_seed0001_d001,d001,resnet32:4,cifar100,4,matched,mwmd1,peers,1,200,64,0.1,0.9,0.0005,True,0,60,0.1,1.0,1,,disagreement,1.0,1,0.0,0.5,weight,complete,0.0,0.0,42,0,45000,5000,10000,1880016,61,0.010000000000000002,1,60.31,0.625575,0.0036594910848368194,0.6194,0.6289,0.6456,0.02002499999999996,0.61885,0.6322,0.21893333333333334,0.7526871906924718,0.22283333333333333,0.748143684351429,0.625575,resnet32,0.6194,0.616,1.4261438806795261,1.2671155947345225,0.15902828662232918,resnet32,0.6266,0.621,1.4112343765287236,1.2502817693589763,0.1609526089477268,resnet32,0.6274,0.6146,1.4006310664117336,1.2397543607618322,0.16087670597798107,resnet32,0.6289,0.6238,1.4010689540512182,1.2409025903113864,0.16016636427957565,4500000.0,5000.0,18010000.0,1116620000.0,4466480000.0
resnet32x4_cifar100_K4_mwmd1_seed0001_d001,d001,resnet32:4,cifar100,4,matched,mwmd1,peers,1,200,64,0.1,0.9,0.0005,True,0,60,0.1,1.0,1,,disagreement,1.0,1,0.0,0.5,weight,complete,0.0,0.0,42,0,45000,5000,10000,1880016,62,0.010000000000000002,1,60.07,0.638825,0.003064616615500186,0.6336,0.6414,0.6548,0.015975000000000072,0.631,0.6466,0.2161,0.7498452510742161,0.21230000000000002,0.7549135014685465,0.638825,resnet32,0.6336,0.6278,1.3883702184327624,1.2176522098650986,0.17071800959423522,resnet32,0.6404,0.6268,1.3735503203828225,1.2017640937119722,0.17178622420496223,resnet32,0.6414,0.6362,1.3555450358174064,1.1887006625871768,0.16684437248940495,resnet32,0.6399,0.6332,1.358897620896724,1.1920924449170178,0.1668051753341305,4500000.0,5000.0,18010000.0,1134630000.0,4538520000.0
resnet32x4_cifar100_K4_mwmd1_seed0001_d001,d001,resnet32:4,cifar100,4,matched,mwmd1,peers,1,200,64,0.1,0.9,0.0005,True,0,60,0.1,1.0,1,,disagreement,1.0,1,0.0,0.5,weight,complete,0.0,0.0,42,0,45000,5000,10000,1880016,63,0.010000000000000002,1,60.24,0.64125,0.00316267292017369,0.638,0.6459,0.6611,0.019850000000000034,0.63805,0.6592,0.2192333333333333,0.7295086203869742,0.21865,0.7438636592649321,0.64125,resnet32,0.638,0.6348,1.358218876052309,1.1856222042644566,0.17259667181960223,resnet32,0.6387,0.6346,1.3353585558520122,1.169250026091256,0.16610852993008765,resnet32,0.6459,0.6404,1.3303557608107275,1.1560740680857138,0.17428169217468661,resnet32,0.6424,0.6424,1.3229928596622564,1.1564207723872229,0.16657208821693945,4500000.0,5000.0,18010000.0,1152640000.0,4610560000.0
resnet32x4_cifar100_K4_mwmd1_seed0001_d001,d001,resnet32:4,cifar100,4,matched,mwmd1,peers,1,200,64,0.1,0.9,0.0005,True,0,60,0.1,1.0,1,,disagreement,1.0,1,0.0,0.5,weight,complete,0.0,0.0,42,0,45000,5000,10000,1880016,64,0.010000000000000002,1,60.13,0.6449,0.004461501989240831,0.6379,0.6503,0.6698,0.024899999999999922,0.6406000000000001,0.659,0.22816666666666666,0.7246597525340742,0.22571666666666665,0.7286425754384124,0.6449,resnet32,0.6379,0.6382,1.3410393168133767,1.1600160215219313,0.1810232942754572,resnet32,0.6454,0.6448,1.327650342221287,1.1453500136902386,0.18230032972695137,resnet32,0.6503,0.6406,1.3047792401842095,1.1279468520290472,0.17683238735083828,resnet32,0.646,0.6388,1.3087801341475411,1.1318015337667682,0.1769786027725786,4500000.0,5000.0,18010000.0,1170650000.0,4682600000.0
resnet32x4_cifar100_K4_mwmd1_seed0001_d001,d001,resnet32:4,cifar100,4,matched,mwmd1,peers,1,200,64,0.1,0.9,0.0005,True,0,60,0.1,1.0,1,,disagreement,1.0,1,0.0,0.5,weight,complete,0.0,0.0,42,0,45000,5000,10000,1880016,65,0.010000000000000002,1,60.19,0.639575,0.0057906713773102445,0.632,0.6477,0.6616,0.02202499999999996,0.6345,0.658,0.23693333333333333,0.7176598435072742,0.23866666666666667,0.7157698718852595,0.639575,resnet32,0.632,0.628,1.322800415229391,1.1388507117093964,0.18394970276858658,resnet32,0.637,0.6392,1.3131554131819443,1.1283314888450233,0.18482392315160145,resnet32,0.6477,0.6354,1.2873739001595161,1.104853444394063,0.18252045489762994,resnet32,0.6416,0.6354,1.295760889622298,1.1138250789689748,0.1819358096161688,4500000.0,5000.0,18010000.0,1188660000.0,4754640000.0
resnet32x4_cifar100_K4_mwmd1_seed0001_d001,d001,resnet32:4,cifar100,4,matched,mwmd1,peers,1,200,64,0.1,0.9,0.0005,True,0,60,0.1,1.0,1,,disagreement,1.0,1,0.0,0.5,weight,complete,0.0,0.0,42,0,45000,5000,10000,1880016,66,0.010000000000000002,1,60.36,0.6419999999999999,0.0026702059845637293,0.6381,0.6455,0.6677,0.025700000000000056,0.63755,0.6664,0.24266666666666667,0.7054988862898764,0.2382,0.7111374270619898,0.6419999999999999,resnet32,0.6381,0.63,1.3172230646014214,1.1288922372358767,0.18833082759837536,resnet32,0.6415,0.6374,1.3074480847201564,1.1177043477073312,0.18974373723507265,resnet32,0.6429,0.6394,1.2816509034653956,1.0949783614751967,0.1866725414398719,resnet32,0.6455,0.6434,1.2856846028430895,1.0994717810641637,0.18621282345107334,4500000.0,5000.0,18010000.0,1206670000.0,4826680000.0
resnet32x4_cifar100_K4_mwmd1_seed0001_d001,d001,resnet32:4,cifar100,4,matched,mwmd1,peers,1,200,64,0.1,0.9,0.0005,True,0,60,0.1,1.0,1,,disagreement,1.0,1,0.0,0.5,weight,complete,0.0,0.0,42,0,45000,5000,10000,1880016,67,0.010000000000000002,1,60.15,0.645075,0.0035407449781083926,0.6397,0.6494,0.6687,0.023625000000000007,0.6416999999999999,0.6676,0.23716666666666666,0.7077985977390697,0.23628333333333332,0.7103027981416825,0.645075,resnet32,0.6397,0.631,1.3130855442617426,1.1134569349444725,0.1996286120900715,resnet32,0.6494,0.6476,1.3080159844830632,1.1040020172738216,0.20401396644725042,resnet32,0.6446,0.6448,1.2887277243320236,1.083408173173666,0.20531955325383355,resnet32,0.6466,0.6434,1.2840414193712852,1.0819588221440262,0.2020825988570736,4500000.0,5000.0,18010000.0,1224680000.0,4898720000.0
resnet32x4_cifar100_K4_mwmd1_seed0001_d001,d001,resnet32:4,cifar100,4,matched,mwmd1,peers,1,200,64,0.1,0.9,0.0005,True,0,60,0.1,1.0,1,,disagreement,1.0,1,0.0,0.5,weight,complete,0.0,0.0,42,0,45000,5000,10000,1880016,68,0.010000000000000002,1,60.16,0.6462,0.0029146183283579553,0.6432,0.6499,0.6754,0.029200000000000004,0.6415500000000001,0.6658,0.24306666666666668,0.7006009669828644,0.24368333333333334,0.7031923922636126,0.6462,resnet32,0.6432,0.6396,1.30327714598653,1.1013545067980886,0.2019226383629509,resnet32,0.6482,0.6502,1.2939797127619386,1.090868628668514,0.20311108678156,resnet32,0.6499,0.6388,1.2654747228053482,1.066847214221277,0.19862750903914936,resnet32,0.6435,0.6376,1.269995461218059,1.0716730978509241,0.19832236335655165,4500000.0,5000.0,18010000.0,1242690000.0,4970760000.0
resnet32x4_cifar100_K4_mwmd1_seed0001_d001,d001,resnet32:4,cifar100,4,matched,mwmd1,peers,1,200,64,0.1,0.9,0.0005,True,0,60,0.1,1.0,1,,disagreement,1.0,1,0.0,0.5,weight,complete,0.0,0.0,42,0,45000,5000,10000,1880016,69,0.010000000000000002,1,60.17,0.6452,0.003606244584051354,0.6408,0.6507,0.6729,0.027700000000000058,0.63905,0.6698,0.24933333333333332,0.6958026553571459,0.24481666666666665,0.7029941056300476,0.6452,resnet32,0.6408,0.639,1.3048540910028599,1.0977067955007607,0.20714729562909764,resnet32,0.6437,0.6354,1.293028074401346,1.084801794114438,0.2082262823612175,resnet32,0.6456,0.637,1.2674869519065728,1.0612418675287203,0.2062450832771984,resnet32,0.6507,0.6448,1.2724910101599314,1.0665313708172603,0.2059596387711777,4500000.0,5000.0,18010000.0,1260700000.0,5042800000.0
resnet32x4_cifar100_K4_mwmd1_seed0001_d001,d001,resnet32:4,cifar100,4,matched,mwmd1,peers,1,200,64,0.1,0.9,0.0005,True,0,60,0.1,1.0,1,,disagreement,1.0,1,0.0,0.5,weight,complete,0.0,0.0,42,0,45000,5000,10000,1880016,70,0.010000000000000002,1,60.25,0.6446500000000001,0.005309661006128362,0.637,0.652,0.6725,0.02784999999999993,0.6383,0.6698,0.2533,0.6842890812846334,0.24846666666666664,0.69556844718712,0.6446500000000001,resnet32,0.6451,0.646,1.312042020176622,1.0941051246429032,0.21793689635920932,resnet32,0.6445,0.6416,1.3003378579054365,1.08089436031878,0.21944349555468018,resnet32,0.652,0.6356,1.281145033934577,1.0606062411415307,0.22053879592567682,resnet32,0.637,0.63,1.2847066657956352,1.0640504206954078,0.22065624651837756,4500000.0,5000.0,18010000.0,1278710000.0,5114840000.0
resnet32x4_cifar100_K4_mwmd1_seed0001_d001,d001,resnet32:4,cifar100,4,matched,mwmd1,peers,1,200,64,0.1,0.9,0.0005,True,0,60,0.1,1.0,1,,disagreement,1.0,1,0.0,0.5,weight,complete,0.0,0.0,42,0,45000,5000,10000,1880016,71,0.010000000000000002,1,60.39,0.646775,0.0031243999423889394,0.642,0.6499,0.6771,0.030325000000000046,0.6393,0.671,0.2587,0.6849357117486012,0.25721666666666665,0.6821439626612017,0.646775,resnet32,0.642,0.6346,1.3017355488951912,1.0845598970455201,0.217175651807338,resnet32,0.646,0.6394,1.2915996694937348,1.0720027847723528,0.2195968841498887,resnet32,0.6492,0.6408,1.2739443956789644,1.0527569442479447,0.22118745079602709,resnet32,0.6499,0.6424,1.2778116501021115,1.0588486755097455,0.21896297283555297,4500000.0,5000.0,18010000.0,1296720000.0,5186880000.0
resnet32x4_cifar100_K4_mwmd1_seed0001_d001,d001,resnet32:4,cifar100,4,matched,mwmd1,peers,1,200,64,0.1,0.9,0.0005,True,0,60,0.1,1.0,1,,disagreement,1.0,1,0.0,0.5,weight,complete,0.0,0.0,42,0,45000,5000,10000,1880016,72,0.010000000000000002,1,60.23,0.641975,0.0022094965489903007,0.6386,0.6444,0.673,0.03102500000000008,0.6405,0.6706,0.25643333333333335,0.6912104692274347,0.2624,0.6774582051180813,0.641975,resnet32,0.6444,0.6386,1.301399989053607,1.0797577248039572,0.22164226559371772,resnet32,0.6386,0.6328,1.2959730238230391,1.069319755516269,0.22665327101607213,resnet32,0.6434,0.6448,1.2747984710572795,1.0472515293989668,0.22754693945700472,resnet32,0.6415,0.6458,1.2765244432640346,1.0528897552497007,0.22363468833183023,4500000.0,5000.0,18010000.0,1314730000.0,5258920000.0
resnet32x4_cifar100_K4_mwmd1_seed0001_d001,d001,resnet32:4,cifar100,4,matched,mwmd1,peers,1,200,64,0.1,0.9,0.0005,True,0,60,0.1,1.0,1,,disagreement,1.0,1,0.0,0.5,weight,complete,0.0,0.0,42,0,45000,5000,10000,1880016,73,0.010000000000000002,1,60.11,0.647925,0.004630537225851853,0.642,0.6545,0.6795,0.03157500000000002,0.6459,0.6708,0.24516666666666664,0.6930418535917106,0.25143333333333334,0.6886191212402556,0.647925,resnet32,0.6457,0.6372,1.2981096838008275,1.0747562193057754,0.2233534628017382,resnet32,0.642,0.6494,1.2930128033357589,1.064390486275608,0.2286223198329522,resnet32,0.6495,0.6482,1.270912690850144,1.041228586807847,0.22968410548161378,resnet32,0.6545,0.6488,1.2700583224438808,1.0450755571099846,0.22498276755637067,4500000.0,5000.0,18010000.0,1332740000.0,5330960000.0
resnet32x4_cifar100_K4_mwmd1_seed0001_d001,d001,resnet32:4,cifar100,4,matched,mwmd1,peers,1,200,64,0.1,0.9,0.0005,True,0,60,0.1,1.0,1,,disagreement,1.0,1,0.0,0.5,weight,complete,0.0,0.0,42,0,45000,5000,10000,1880016,74,0.010000000000000002,1,60.27,0.6376999999999999,0.0063292969593786615,0.6291,0.6465,0.671,0.03330000000000011,0.6314,0.6624,0.27906666666666663,0.670311157601425,0.27585000000000004,0.6661276823065022,0.6376999999999999,resnet32,0.6397,0.6316,1.302957856180993,1.0739545852623202,0.22900327159599823,resnet32,0.6355,0.6292,1.2905644071711735,1.060137339952317,0.23042706806551327,resnet32,0.6465,0.6338,1.2691876652057876,1.0373664467849515,0.2318212204528126,resnet32,0.6291,0.631,1.277451237832958,1.04635027914562,0.23110095674002712,4500000.0,5000.0,18010000.0,1350750000.0,5403000000.0
resnet32x4_cifar100_K4_mwmd1_seed0001_d001,d001,resnet32:4,cifar100,4,matched,mwmd1,peers,1,200,64,0.1,0.9,0.0005,True,0,60,0.1,1.0,1,,disagreement,1.0,1,0.0,0.5,weight,complete,0.0,0.0,42,0,45000,5000,10000,1880016,75,0.010000000000000002,1,60.41,0.639375,0.0015204851199535272,0.6376,0.6418,0.6672,0.02782499999999999,0.6386999999999999,0.6664,0.2607333333333333,0.6879525187512834,0.2606,0.689223993910553,0.639375,resnet32,0.639,0.6392,1.3164267328313806,1.0735675079578704,0.24285922347652641,resnet32,0.6376,0.632,1.3016162419861013,1.0571422531184824,0.2444739912594245,resnet32,0.6391,0.6394,1.275452442382547,1.0346235110509125,0.24082893088713966,resnet32,0.6418,0.6442,1.2842047310180285,1.0440759441222658,0.2401287873825905,4500000.0,5000.0,18010000.0,1368760000.0,5475040000.0
resnet32x4_cifar100_K4_mwmd1_seed0001_d001,d001,resnet32:4,cifar100,4,matched,mwmd1,peers,1,200,64,0.1,0.9,0.0005,True,0,60,0.1,1.0,1,,disagreement,1.0,1,0.0,0.5,weight,complete,0.0,0.0,42,0,45000,5000,10000,1880016,76,0.010000000000000002,1,60.17,0.6283249999999999,0.005819095720126986,0.6233,0.638,0.665,0.036675000000000124,0.6296499999999999,0.6616,0.28293333333333337,0.6595794551535671,0.28923333333333334,0.6556193106440155,0.6283249999999999,resnet32,0.6233,0.6278,1.3185704030435195,1.0716916124590419,0.24687879039397972,resnet32,0.6277,0.6342,1.2965302234515548,1.0538302328945561,0.24269999254664237,resnet32,0.638,0.6344,1.285684221000834,1.0359775458716534,0.2497066736898639,resnet32,0.6243,0.6222,1.2865283704278143,1.0428558339957485,0.2436725378290496,4500000.0,5000.0,18010000.0,1386770000.0,5547080000.0
resnet32x4_cifar100_K4_mwmd1_seed0001_d001,d001,resnet32:4,cifar100,4,matched,mwmd1,peers,1,200,64,0.1,0.9,0.0005,True,0,60,0.1,1.0,1,,disagreement,1.0,1,0.0,0.5,weight,complete,0.0,0.0,42,0,45000,5000,10000,1880016,77,0.010000000000000002,1,60.36,0.6407,0.008486165211684252,0.6273,0.6495,0.6732,0.03249999999999997,0.63815,0.6712,0.2746,0.6648344895294503,0.27330000000000004,0.67063745470861,0.6407,resnet32,0.6273,0.6306,1.3180036632852121,1.0737066267227584,0.24429703743027692,resnet32,0.6398,0.6384,1.2984362623908303,1.0576600963249803,0.240776167166504,resnet32,0.6495,0.6348,1.2825373155488209,1.035185986452482,0.24735133117064834,resnet32,0.6462,0.6488,1.2768988368016752,1.0349901662292806,0.24190867063589394,4500000.0,5000.0,18010000.0,1404780000.0,5619120000.0
resnet32x4_cifar100_K4_mwmd1_seed0001_d001,d001,resnet32:4,cifar100,4,matched,mwmd1,peers,1,200,64,0.1,0.9,0.0005,True,0,60,0.1,1.0,1,,disagreement,1.0,1,0.0,0.5,weight,complete,0.0,0.0,42,0,45000,5000,10000,1880016,78,0.010000000000000002,1,60.28,0.64245,0.0060068710657046704,0.6337,0.649,0.6731,0.030650000000000066,0.6379,0.675,0.2715,0.6702097648213718,0.2746,0.6649654576224717,0.64245,resnet32,0.6337,0.6288,1.3147474242035637,1.0678842067718506,0.2468632155055688,resnet32,0.6402,0.6346,1.2960147730667482,1.0517848569222472,0.24422991595400328,resnet32,0.649,0.647,1.282413830811327,1.0329183246093718,0.24949550819159907,resnet32,0.6469,0.6412,1.2857700814069672,1.0411662754010071,0.2446038055614653,4500000.0,5000.0,18010000.0,1422790000.0,5691160000.0
resnet32x4_cifar100_K4_mwmd1_seed0001_d001,d001,resnet32:4,cifar100,4,matched,mwmd1,peers,1,200,64,0.1,0.9,0.0005,True,0,60,0.1,1.0,1,,disagreement,1.0,1,0.0,0.5,weight,complete,0.0,0.0,42,0,45000,5000,10000,1880016,79,0.010000000000000002,1,60.25,0.642925,0.008776495599041804,0.6329,0.656,0.6826,0.039675000000000016,0.63395,0.6714,0.2815,0.6579529987987119,0.2808333333333333,0.6481055956233658,0.642925,resnet32,0.6374,0.6296,1.3132495137608864,1.0644716754217038,0.24877783586271107,resnet32,0.6329,0.6216,1.3060214233330705,1.0534645740620114,0.25255684804340656,resnet32,0.656,0.647,1.2845241107385268,1.032096098769795,0.2524280146357011,resnet32,0.6454,0.6376,1.2852145745842294,1.033586246046153,0.25162832879207353,4500000.0,5000.0,18010000.0,1440800000.0,5763200000.0
resnet32x4_cifar100_K4_mwmd1_seed0001_d001,d001,resnet32:4,cifar100,4,matched,mwmd1,peers,1,200,64,0.1,0.9,0.0005,True,0,60,0.1,1.0,1,,disagreement,1.0,1,0.0,0.5,weight,complete,0.0,0.0,42,0,45000,5000,10000,1880016,80,0.010000000000000002,1,60.33,0.641075,0.005515602868227557,0.6363,0.6501,0.6751,0.03402500000000008,0.6378,0.6704,0.2846666666666667,0.644393737512551,0.2822666666666666,0.6557388974252275,0.641075,resnet32,0.6363,0.6322,1.311558129096573,1.0627683952281421,0.24878973501141777,resnet32,0.641,0.6418,1.2980835410681637,1.0464896933937615,0.2515938476320695,resnet32,0.6369,0.6234,1.2819957021962514,1.0294380714608864,0.25255762914788316,resnet32,0.6501,0.6538,1.2839519406076183,1.0332257007672028,0.2507262379566038,4500000.0,5000.0,18010000.0,1458810000.0,5835240000.0
resnet32x4_cifar100_K4_mwmd1_seed0001_d001,d001,resnet32:4,cifar100,4,matched,mwmd1,peers,1,200,64,0.1,0.9,0.0005,True,0,60,0.1,1.0,1,,disagreement,1.0,1,0.0,0.5,weight,complete,0.0,0.0,42,0,45000,5000,10000,1880016,81,0.010000000000000002,1,60.23,0.636225,0.009292570957490712,0.6208,0.6452,0.6691,0.03287499999999999,0.63625,0.6686,0.27046666666666663,0.6858119569800869,0.27691666666666664,0.6661764720209129,0.636225,resnet32,0.6412,0.6356,1.301840435628864,1.0517446093091911,0.2500958223615519,resnet32,0.6452,0.6474,1.2977913983843543,1.0420405760576779,0.25575082264417276,resnet32,0.6208,0.6266,1.2797107617794112,1.023581963032484,0.25612879868342797,resnet32,0.6377,0.6354,1.27782052221962,1.0257387709041887,0.2520817507862706,4500000.0,5000.0,18010000.0,1476820000.0,5907280000.0
resnet32x4_cifar100_K4_mwmd1_seed0001_d001,d001,resnet32:4,cifar100,4,matched,mwmd1,peers,1,200,64,0.1,0.9,0.0005,True,0,60,0.1,1.0,1,,disagreement,1.0,1,0.0,0.5,weight,complete,0.0,0.0,42,0,45000,5000,10000,1880016,82,0.010000000000000002,1,60.48,0.63895,0.0038668462601971,0.6325,0.6427,0.674,0.035050000000000026,0.6357,0.6698,0.2874999999999999,0.6434802062030424,0.2793333333333334,0.6563291379499497,0.63895,resnet32,0.6398,0.6442,1.3141115299341353,1.052845549939031,0.2612659786827862,resnet32,0.6325,0.6292,1.3022172519598494,1.0402019751173528,0.2620152765250003,resnet32,0.6408,0.6332,1.2792396934025667,1.021437830715017,0.25780186289921403,resnet32,0.6427,0.6362,1.2830855137753217,1.0258432514118878,0.2572422612627799,4500000.0,5000.0,18010000.0,1494830000.0,5979320000.0
resnet32x4_cifar100_K4_mwmd1_seed0001_d001,d001,resnet32:4,cifar100,4,matched,mwmd1,peers,1,200,64,0.1,0.9,0.0005,True,0,60,0.1,1.0,1,,disagreement,1.0,1,0.0,0.5,weight,complete,0.0,0.0,42,0,45000,5000,10000,1880016,83,0.010000000000000002,1,60.18,0.64835,0.003902883549377315,0.6431,0.6538,0.6823,0.033950000000000036,0.64475,0.6764,0.2707,0.6616758373225756,0.26663333333333333,0.6685593040219783,0.64835,resnet32,0.6496,0.6472,1.312689296901226,1.0492483815178275,0.2634409180927006,resnet32,0.6538,0.654,1.297230395234444,1.03768413471566,0.2595462601801211,resnet32,0.6469,0.6452,1.2827366199344397,1.0163403718986295,0.26639625057578087,resnet32,0.6431,0.6326,1.2824528947980567,1.0222621012309736,0.2601907918526029,4500000.0,5000.0,18010000.0,1512840000.0,6051360000.0
resnet32x4_cifar100_K4_mwmd1_seed0001_d001,d001,resnet32:4,cifar100,4,matched,mwmd1,peers,1,200,64,0.1,0.9,0.0005,True,0,60,0.1,1.0,1,,disagreement,1.0,1,0.0,0.5,weight,complete,0.0,0.0,42,0,45000,5000,10000,1880016,84,0.010000000000000002,1,60.3,0.6433,0.005773647027659368,0.637,0.6525,0.6819,0.03859999999999997,0.64245,0.6828,0.27823333333333333,0.6508135497908102,0.28204999999999997,0.6520544932621196,0.6433,resnet32,0.637,0.6348,1.3064607821235603,1.0426466071300886,0.26381417442197824,resnet32,0.6434,0.6406,1.2944326063787395,1.0293842061338099,0.2650484013032507,resnet32,0.6403,0.6388,1.2672124722633848,1.0076277271251788,0.25958474407988513,resnet32,0.6525,0.6556,1.2787786864421584,1.0185840725898743,0.2601946144872768,4500000.0,5000.0,18010000.0,1530850000.0,6123400000.0
resnet32x4_cifar100_K4_mwmd1_seed0001_d001,d001,resnet32:4,cifar100,4,matched,mwmd1,peers,1,200,64,0.1,0.9,0.0005,True,0,60,0.1,1.0,1,,disagreement,1.0,1,0.0,0.5,weight,complete,0.0,0.0,42,0,45000,5000,10000,1880016,85,0.010000000000000002,1,60.3,0.643375,0.002246525094451435,0.6411,0.6469,0.6771,0.033725000000000005,0.6378,0.6768,0.27199999999999996,0.6661844775271196,0.27385,0.663363271126566,0.643375,resnet32,0.6469,0.6356,1.308680084110661,1.046117917295884,0.26256216603161936,resnet32,0.6411,0.6362,1.2942029916766016,1.0298969321460887,0.26430605934001505,resnet32,0.6437,0.6344,1.2680379945615476,1.0074248171665452,0.26061317822049285,resnet32,0.6418,0.645,1.2812960844656283,1.0210269630293956,0.2602691221558912,4500000.0,5000.0,18010000.0,1548860000.0,6195440000.0
resnet32x4_cifar100_K4_mwmd1_seed0001_d001,d001,resnet32:4,cifar100,4,matched,mwmd1,peers,1,200,64,0.1,0.9,0.0005,True,0,60,0.1,1.0,1,,disagreement,1.0,1,0.0,0.5,weight,complete,0.0,0.0,42,0,45000,5000,10000,1880016,86,0.010000000000000002,1,60.31,0.6387499999999999,0.0029542342493445,0.6352,0.6428,0.6776,0.03885000000000005,0.63125,0.665,0.2892666666666667,0.6498811820000805,0.28825,0.6468593934089398,0.6387499999999999,resnet32,0.6368,0.6212,1.3031488175249912,1.038163410245695,0.26498540924777364,resnet32,0.6428,0.631,1.290358405560255,1.0245142165063457,0.26584419000639836,resnet32,0.6402,0.64,1.2670928721570156,1.0059792429039425,0.26111362711526453,resnet32,0.6352,0.6328,1.2739727340469307,1.0129204229875044,0.2610523134935647,4500000.0,5000.0,18010000.0,1566870000.0,6267480000.0
resnet32x4_cifar100_K4_mwmd1_seed0001_d001,d001,resnet32:4,cifar100,4,matched,mwmd1,peers,1,200,64,0.1,0.9,0.0005,True,0,60,0.1,1.0,1,,disagreement,1.0,1,0.0,0.5,weight,complete,0.0,0.0,42,0,45000,5000,10000,1880016,87,0.010000000000000002,1,60.15,0.646025,0.006630752219771149,0.6381,0.6561,0.6844,0.03837500000000005,0.64655,0.682,0.27849999999999997,0.6557373391458138,0.28511666666666663,0.6432162237124005,0.646025,resnet32,0.6471,0.6434,1.3103506369516253,1.043733862906017,0.26661677400327544,resnet32,0.6428,0.6416,1.3003722425042228,1.0302330048924142,0.270139238035137,resnet32,0.6381,0.6446,1.281020881269466,1.00932913468304,0.27169174512594263,resnet32,0.6561,0.6566,1.287053956565532,1.0179842213507404,0.26906973360614345,4500000.0,5000.0,18010000.0,1584880000.0,6339520000.0
resnet32x4_cifar100_K4_mwmd1_seed0001_d001,d001,resnet32:4,cifar100,4,matched,mwmd1,peers,1,200,64,0.1,0.9,0.0005,True,0,60,0.1,1.0,1,,disagreement,1.0,1,0.0,0.5,weight,complete,0.0,0.0,42,0,45000,5000,10000,1880016,88,0.010000000000000002,1,60.36,0.637025,0.005046966910927783,0.632,0.6453,0.6719,0.0348750000000001,0.6305000000000001,0.6666,0.28963333333333335,0.6435645387785712,0.2882166666666666,0.6538264777613009,0.637025,resnet32,0.632,0.6234,1.302319331263954,1.0385483919896863,0.2637709397187626,resnet32,0.6342,0.6338,1.3004580364477905,1.0314148787239736,0.2690431566866623,resnet32,0.6366,0.63,1.2770979630506851,1.005880037745969,0.2712179258550433,resnet32,0.6453,0.6348,1.2791592320427299,1.013498118655248,0.26566111304881895,4500000.0,5000.0,18010000.0,1602890000.0,6411560000.0
resnet32x4_cifar100_K4_mwmd1_seed0001_d001,d001,resnet32:4,cifar100,4,matched,mwmd1,peers,1,200,64,0.1,0.9,0.0005,True,0,60,0.1,1.0,1,,disagreement,1.0,1,0.0,0.5,weight,complete,0.0,0.0,42,0,45000,5000,10000,1880016,89,0.010000000000000002,1,60.11,0.63795,0.009709145173494934,0.6302,0.6542,0.6794,0.04144999999999999,0.63115,0.6744,0.2944,0.6459893818778825,0.29701666666666665,0.6396039792199834,0.63795,resnet32,0.6302,0.6276,1.3074067499149928,1.0415171853859315,0.2658895658413795,resnet32,0.6308,0.627,1.2947591237554497,1.024939485063607,0.26981963991949504,resnet32,0.6542,0.6478,1.2740708694539287,1.0034469547258182,0.27062391286546533,resnet32,0.6366,0.6222,1.278500023128634,1.0095953543416478,0.26890466999347235,4500000.0,5000.0,18010000.0,1620900000.0,6483600000.0
resnet32x4_cifar100_K4_mwmd1_seed0001_d001,d001,resnet32:4,cifar100,4,matched,mwmd1,peers,1,200,64,0.1,0.9,0.0005,True,0,60,0.1,1.0,1,,disagreement,1.0,1,0.0,0.5,weight,complete,0.0,0.0,42,0,45000,5000,10000,1880016,90,0.010000000000000002,1,60.36,0.64195,0.0037353045391239504,0.6369,0.647,0.681,0.03905000000000003,0.63745,0.6718,0.28036666666666665,0.655152969408115,0.2841166666666667,0.6464172986498419,0.64195,resnet32,0.6369,0.633,1.2926029863513329,1.0295361612330785,0.26306682564741507,resnet32,0.6435,0.6328,1.2905752958560532,1.021399031647227,0.2691762618381869,resnet32,0.6404,0.6416,1.2644399148835377,0.9934010517529466,0.2710388598286293,resnet32,0.647,0.6424,1.2663536540825258,1.0008931227705695,0.2654605305499651,4500000.0,5000.0,18010000.0,1638910000.0,6555640000.0
resnet32x4_cifar100_K4_mwmd1_seed0001_d001,d001,resnet32:4,cifar100,4,matched,mwmd1,peers,1,200,64,0.1,0.9,0.0005,True,0,60,0.1,1.0,1,,disagreement,1.0,1,0.0,0.5,weight,complete,0.0,0.0,42,0,45000,5000,10000,1880016,91,0.010000000000000002,1,60.13,0.644075,0.004042508503392424,0.6375,0.6485,0.6769,0.03282499999999999,0.6415,0.6804,0.2731666666666666,0.6660670103061607,0.2716,0.6656705274023731,0.644075,resnet32,0.6448,0.64,1.3040562443943187,1.0266875391826034,0.2773687048730525,resnet32,0.6375,0.6406,1.29577934327112,1.0170687426897613,0.2787105987187136,resnet32,0.6455,0.6414,1.259437724778598,0.990089820867235,0.26934790558351035,resnet32,0.6485,0.644,1.2655618255111305,0.9973770526491783,0.26818477288311854,4500000.0,5000.0,18010000.0,1656920000.0,6627680000.0
resnet32x4_cifar100_K4_mwmd1_seed0001_d001,d001,resnet32:4,cifar100,4,matched,mwmd1,peers,1,200,64,0.1,0.9,0.0005,True,0,60,0.1,1.0,1,,disagreement,1.0,1,0.0,0.5,weight,complete,0.0,0.0,42,0,45000,5000,10000,1880016,92,0.010000000000000002,1,60.33,0.6364,0.006457940848289011,0.6258,0.6433,0.6747,0.0383,0.6306,0.6752,0.29263333333333336,0.6478842154652181,0.2886,0.6500893989674811,0.6364,resnet32,0.6258,0.6174,1.2972000662068075,1.0274829311635008,0.26971713468347763,resnet32,0.6433,0.6394,1.285618599334901,1.0133537707681006,0.2722648277624764,resnet32,0.6383,0.635,1.2660879787396302,0.9957369434731927,0.27035103634592483,resnet32,0.6382,0.6306,1.267048200253736,0.9951228199696,0.2719253803053024,4500000.0,5000.0,18010000.0,1674930000.0,6699720000.0
resnet32x4_cifar100_K4_mwmd1_seed0001_d001,d001,resnet32:4,cifar100,4,matched,mwmd1,peers,1,200,64,0.1,0.9,0.0005,True,0,60,0.1,1.0,1,,disagreement,1.0,1,0.0,0.5,weight,complete,0.0,0.0,42,0,45000,5000,10000,1880016,93,0.010000000000000002,1,60.25,0.627375,0.008772506768307433,0.6135,0.6369,0.6701,0.04272500000000001,0.62385,0.6642,0.30123333333333335,0.6435698640117521,0.3036333333333333,0.640349000341754,0.627375,resnet32,0.6369,0.6266,1.303297429091551,1.0272422721609473,0.27605515879324893,resnet32,0.6268,0.6334,1.2901423732665451,1.0161949976940046,0.2739473722917451,resnet32,0.6323,0.6218,1.2733536703850736,0.9938708137382161,0.2794828577051786,resnet32,0.6135,0.6136,1.2753695583140308,0.9995080654255368,0.2758614928461611,4500000.0,5000.0,18010000.0,1692940000.0,6771760000.0
resnet32x4_cifar100_K4_mwmd1_seed0001_d001,d001,resnet32:4,cifar100,4,matched,mwmd1,peers,1,200,64,0.1,0.9,0.0005,True,0,60,0.1,1.0,1,,disagreement,1.0,1,0.0,0.5,weight,complete,0.0,0.0,42,0,45000,5000,10000,1880016,94,0.010000000000000002,1,60.73,0.6448,0.004112784944535785,0.6384,0.6498,0.6816,0.036799999999999944,0.6401,0.6722,0.2800333333333333,0.6535434265241477,0.2816166666666667,0.6461286916460047,0.6448,resnet32,0.6384,0.6344,1.2943820284510201,1.0185548434541984,0.27582718387500127,resnet32,0.6461,0.638,1.2826216682283715,1.0075433359227397,0.2750783290460028,resnet32,0.6449,0.6438,1.26093319947408,0.9816169793802229,0.27931621905670245,resnet32,0.6498,0.6442,1.2663988052782686,0.9898859181187369,0.27651288703253324,4500000.0,5000.0,18010000.0,1710950000.0,6843800000.0
resnet32x4_cifar100_K4_mwmd1_seed0001_d001,d001,resnet32:4,cifar100,4,matched,mwmd1,peers,1,200,64,0.1,0.9,0.0005,True,0,60,0.1,1.0,1,,disagreement,1.0,1,0.0,0.5,weight,complete,0.0,0.0,42,0,45000,5000,10000,1880016,95,0.010000000000000002,1,60.24,0.6342749999999999,0.009007600956969598,0.6188,0.6413,0.6723,0.038025000000000087,0.62695,0.669,0.29753333333333337,0.6414948949453229,0.29896666666666666,0.6415771259994208,0.6342749999999999,resnet32,0.6188,0.613,1.2974074634469368,1.021811500022357,0.2755959642289037,resnet32,0.6413,0.6338,1.286719897761941,1.008997075429017,0.27772282279858534,resnet32,0.6384,0.6326,1.2681600388816812,0.9881314417685975,0.28002859702841804,resnet32,0.6386,0.6284,1.2710510722615502,0.9935075629671867,0.2775435078550469,4500000.0,5000.0,18010000.0,1728960000.0,6915840000.0
resnet32x4_cifar100_K4_mwmd1_seed0001_d001,d001,resnet32:4,cifar100,4,matched,mwmd1,peers,1,200,64,0.1,0.9,0.0005,True,0,60,0.1,1.0,1,,disagreement,1.0,1,0.0,0.5,weight,complete,0.0,0.0,42,0,45000,5000,10000,1880016,96,0.010000000000000002,1,60.22,0.64355,0.0052280493494227765,0.6361,0.6496,0.6837,0.04015000000000002,0.641,0.6858,0.28453333333333336,0.6512572819897756,0.286,0.6478832580451099,0.64355,resnet32,0.6361,0.6382,1.3015431553464045,1.023796822113747,0.27774633395231585,resnet32,0.6471,0.6466,1.2854884295639666,1.006169706075029,0.2793187252669172,resnet32,0.6496,0.6414,1.2640037633986636,0.9882201242514632,0.27578363815237855,resnet32,0.6414,0.6378,1.2710508228364317,0.9954420842060988,0.2756087412973019,4500000.0,5000.0,18010000.0,1746970000.0,6987880000.0
resnet32x4_cifar100_K4_mwmd1_seed0001_d001,d001,resnet32:4,cifar100,4,matched,mwmd1,peers,1,200,64,0.1,0.9,0.0005,True,0,60,0.1,1.0,1,,disagreement,1.0,1,0.0,0.5,weight,complete,0.0,0.0,42,0,45000,5000,10000,1880016,97,0.010000000000000002,1,60.23,0.642425,0.008994824901019457,0.6289,0.6537,0.681,0.038575000000000026,0.64205,0.6838,0.2892333333333333,0.641987422429192,0.29065,0.637226190978717,0.642425,resnet32,0.6537,0.6518,1.290494934909723,1.014256240292029,0.2762386933053759,resnet32,0.6289,0.6316,1.281167097643695,1.0027865702286363,0.27838052686473186,resnet32,0.6459,0.6484,1.2488651215522126,0.9749865853651003,0.2738785368009386,resnet32,0.6412,0.6364,1.2561303739520637,0.9832922455600717,0.2728381264235147,4500000.0,5000.0,18010000.0,1764980000.0,7059920000.0
resnet32x4_cifar100_K4_mwmd1_seed0001_d001,d001,resnet32:4,cifar100,4,matched,mwmd1,peers,1,200,64,0.1,0.9,0.0005,True,0,60,0.1,1.0,1,,disagreement,1.0,1,0.0,0.5,weight,complete,0.0,0.0,42,0,45000,5000,10000,1880016,98,0.010000000000000002,1,60.22,0.64415,0.0069948195116099855,0.6356,0.6542,0.6818,0.03764999999999996,0.6367,0.6772,0.29,0.6449645723905679,0.2890333333333333,0.6445953067516218,0.64415,resnet32,0.6356,0.6326,1.2995207667012105,1.0185543458739466,0.28096642150458967,resnet32,0.6402,0.638,1.2842459548264742,1.0009872144596144,0.28325873890637676,resnet32,0.6542,0.6402,1.267098176885735,0.9816848717799241,0.2854133073071187,resnet32,0.6466,0.636,1.272661404938183,0.9883129034530033,0.28434849945320323,4500000.0,5000.0,18010000.0,1782990000.0,7131960000.0
resnet32x4_cifar100_K4_mwmd1_seed0001_d001,d001,resnet32:4,cifar100,4,matched,mwmd1,peers,1,200,64,0.1,0.9,0.0005,True,0,60,0.1,1.0,1,,disagreement,1.0,1,0.0,0.5,weight,complete,0.0,0.0,42,0,45000,5000,10000,1880016,99,0.010000000000000002,1,60.15,0.6345999999999999,0.007719779789605397,0.6248,0.6425,0.6799,0.04530000000000001,0.63515,0.6774,0.2972666666666667,0.6280824737855277,0.30291666666666667,0.6334423723323134,0.6345999999999999,resnet32,0.6418,0.64,1.2823688916184686,1.0087347406555305,0.2736341501797803,resnet32,0.6248,0.638,1.2821729003705762,1.002713326534087,0.2794595747254789,resnet32,0.6293,0.6248,1.2567646820098162,0.9748649465936151,0.2818997358818623,resnet32,0.6425,0.6378,1.2550350597805597,0.9781471729617227,0.27688788559118455,4500000.0,5000.0,18010000.0,1801000000.0,7204000000.0
resnet32x4_cifar100_K4_mwmd1_seed0001_d001,d001,resnet32:4,cifar100,4,matched,mwmd1,peers,1,200,64,0.1,0.9,0.0005,True,0,60,0.1,1.0,1,,disagreement,1.0,1,0.0,0.5,weight,complete,0.0,0.0,42,0,45000,5000,10000,1880016,100,0.010000000000000002,1,60.32,0.6534249999999999,0.0060205377666783565,0.6466,0.6629,0.6924,0.03897500000000009,0.64595,0.686,0.2816666666666667,0.6444843331587417,0.27863333333333334,0.6506705819256088,0.6534249999999999,resnet32,0.6466,0.64,1.2806000263345512,1.0052260423756458,0.2753739841494032,resnet32,0.6505,0.6452,1.270816190845587,0.9922454661097039,0.2785707251592116,resnet32,0.6537,0.6426,1.2546060657636686,0.9746545134958896,0.2799515529451045,resnet32,0.6629,0.656,1.2512382109734146,0.9732633118771694,0.2779748970431022,4500000.0,5000.0,18010000.0,1819010000.0,7276040000.0
resnet32x4_cifar100_K4_mwmd1_seed0001_d001,d001,resnet32:4,cifar100,4,matched,mwmd1,peers,1,200,64,0.1,0.9,0.0005,True,0,60,0.1,1.0,1,,disagreement,1.0,1,0.0,0.5,weight,complete,0.0,0.0,42,0,45000,5000,10000,1880016,101,0.010000000000000002,1,60.37,0.632675,0.007249267204345529,0.6217,0.6416,0.6795,0.046825000000000006,0.6283,0.6756,0.3068666666666667,0.6270113196607294,0.3015833333333333,0.638093244224902,0.632675,resnet32,0.6357,0.625,1.2877330019731412,1.005080664953725,0.2826523364055902,resnet32,0.6317,0.6302,1.270944646220993,0.9864035810089924,0.2845410655083304,resnet32,0.6416,0.6362,1.25111355624077,0.9710565501485359,0.280057006388564,resnet32,0.6217,0.6218,1.2567625125362114,0.9770756316455927,0.27968688239343464,4500000.0,5000.0,18010000.0,1837020000.0,7348080000.0
resnet32x4_cifar100_K4_mwmd1_seed0001_d001,d001,resnet32:4,cifar100,4,matched,mwmd1,peers,1,200,64,0.1,0.9,0.0005,True,0,60,0.1,1.0,1,,disagreement,1.0,1,0.0,0.5,weight,complete,0.0,0.0,42,0,45000,5000,10000,1880016,102,0.010000000000000002,1,60.16,0.6446000000000001,0.0086327863404581,0.6317,0.656,0.684,0.03939999999999999,0.63165,0.673,0.29273333333333335,0.6391645876714613,0.29333333333333333,0.6304662718283477,0.6446000000000001,resnet32,0.6448,0.6308,1.2806646078824997,0.9999047869139097,0.2807598220904104,resnet32,0.6317,0.6192,1.2758037063547156,0.9947456337342208,0.28105807334015315,resnet32,0.656,0.6416,1.2475859073244713,0.9674822181801904,0.28010368753563275,resnet32,0.6459,0.635,1.2596797176890753,0.9793864695185964,0.2802932441911914,4500000.0,5000.0,18010000.0,1855030000.0,7420120000.0
resnet32x4_cifar100_K4_mwmd1_seed0001_d001,d001,resnet32:4,cifar100,4,matched,mwmd1,peers,1,200,64,0.1,0.9,0.0005,True,0,60,0.1,1.0,1,,disagreement,1.0,1,0.0,0.5,weight,complete,0.0,0.0,42,0,45000,5000,10000,1880016,103,0.010000000000000002,1,60.5,0.63415,0.0037539978689391713,0.6289,0.6395,0.6747,0.040549999999999975,0.6333,0.6712,0.2989,0.6385023260880742,0.30355,0.6353448268325116,0.63415,resnet32,0.6338,0.6284,1.2870087869973346,1.0038671574809335,0.283141627907753,resnet32,0.6344,0.6366,1.275228589773178,0.9915584836324508,0.28367010556923394,resnet32,0.6289,0.6304,1.2582970192147926,0.9726193665780805,0.2856776533563706,resnet32,0.6395,0.6378,1.2641455730931326,0.9785305319184606,0.28561504144983535,4500000.0,5000.0,18010000.0,1873040000.0,7492160000.0
resnet32x4_cifar100_K4_mwmd1_seed0001_d001,d001,resnet32:4,cifar100,4,matched,mwmd1,peers,1,200,64,0.1,0.9,0.0005,True,0,60,0.1,1.0,1,,disagreement,1.0,1,0.0,0.5,weight,complete,0.0,0.0,42,0,45000,5000,10000,1880016,104,0.010000000000000002,1,60.35,0.6421,0.00501597448159381,0.6363,0.6487,0.686,0.04390000000000005,0.6336,0.6772,0.3093,0.6243924317373704,0.30540000000000006,0.6200153599029542,0.6421,resnet32,0.6451,0.6356,1.2829348207874731,0.9982663117010485,0.28466851061040704,resnet32,0.6487,0.6338,1.2717877521433614,0.9865271167998965,0.28526063468730584,resnet32,0.6363,0.6312,1.2413061131638559,0.9599582619795745,0.2813478493428027,resnet32,0.6383,0.6338,1.249153526330536,0.9690779088573023,0.2800756183198907,4500000.0,5000.0,18010000.0,1891050000.0,7564200000.0
resnet32x4_cifar100_K4_mwmd1_seed0001_d001,d001,resnet32:4,cifar100,4,matched,mwmd1,peers,1,200,64,0.1,0.9,0.0005,True,0,60,0.1,1.0,1,,disagreement,1.0,1,0.0,0.5,weight,complete,0.0,0.0,42,0,45000,5000,10000,1880016,105,0.010000000000000002,1,60.13,0.649925,0.002572328711498582,0.646,0.6526,0.6862,0.03627500000000006,0.6475,0.6926,0.2822,0.6421439065688351,0.2816166666666667,0.6467046603312553,0.649925,resnet32,0.6526,0.6438,1.2784454694695093,0.9965067359364845,0.28193873370235617,resnet32,0.6493,0.6486,1.2650848310440779,0.9810790709135208,0.28400576099838043,resnet32,0.6518,0.6548,1.242382800799202,0.9599833548576995,0.28239944522184407,resnet32,0.646,0.6428,1.2513974156569352,0.9687540733509443,0.28264334095133975,4500000.0,5000.0,18010000.0,1909060000.0,7636240000.0
resnet32x4_cifar100_K4_mwmd1_seed0001_d001,d001,resnet32:4,cifar100,4,matched,mwmd1,peers,1,200,64,0.1,0.9,0.0005,True,0,60,0.1,1.0,1,,disagreement,1.0,1,0.0,0.5,weight,complete,0.0,0.0,42,0,45000,5000,10000,1880016,106,0.010000000000000002,1,60.24,0.637575,0.005802747194217576,0.6305,0.6454,0.6782,0.04062500000000002,0.6323,0.668,0.29603333333333337,0.646067854316632,0.3016,0.6267751047366911,0.637575,resnet32,0.6406,0.6318,1.2740622155198997,0.9928708491338925,0.2811913665976714,resnet32,0.6305,0.6294,1.2593296772207727,0.9772429477254098,0.2820867305325175,resnet32,0.6454,0.638,1.2399194103411653,0.9590016947212544,0.28091771799055015,resnet32,0.6338,0.63,1.2448551493950866,0.9645223205231808,0.2803328257181089,4500000.0,5000.0,18010000.0,1927070000.0,7708280000.0
resnet32x4_cifar100_K4_mwmd1_seed0001_d001,d001,resnet32:4,cifar100,4,matched,mwmd1,peers,1,200,64,0.1,0.9,0.0005,True,0,60,0.1,1.0,1,,disagreement,1.0,1,0.0,0.5,weight,complete,0.0,0.0,42,0,45000,5000,10000,1880016,107,0.010000000000000002,1,60.18,0.638675,0.006213845427752431,0.6287,0.6453,0.6809,0.04222499999999996,0.63625,0.6752,0.3066333333333333,0.6174296608484785,0.30763333333333326,0.6227561346436726,0.638675,resnet32,0.6387,0.641,1.277632993391969,0.9943830400536006,0.2832499547988515,resnet32,0.6287,0.6332,1.2655621639198877,0.9808610888536681,0.2847010752778839,resnet32,0.6453,0.6346,1.2376203010366722,0.9556401340629567,0.28198016733354464,resnet32,0.642,0.6362,1.2440745450386947,0.9620985833250664,0.28197596124796703,4500000.0,5000.0,18010000.0,1945080000.0,7780320000.0
resnet32x4_cifar100_K4_mwmd1_seed0001_d001,d001,resnet32:4,cifar100,4,matched,mwmd1,peers,1,200,64,0.1,0.9,0.0005,True,0,60,0.1,1.0,1,,disagreement,1.0,1,0.0,0.5,weight,complete,0.0,0.0,42,0,45000,5000,10000,1880016,108,0.010000000000000002,1,60.44,0.644375,0.007533384033752683,0.6374,0.6566,0.6877,0.04332499999999995,0.64125,0.685,0.291,0.6410935460661561,0.29753333333333337,0.6275526483105964,0.644375,resnet32,0.639,0.637,1.2834588311273942,0.9923889550634406,0.2910698739261451,resnet32,0.6374,0.6378,1.268181559714404,0.9806177001446486,0.2875638612419028,resnet32,0.6445,0.6378,1.2521801616319201,0.9572990201413631,0.29488114094023,resnet32,0.6566,0.6524,1.2531280647963285,0.9635594379664822,0.28956863027997315,4500000.0,5000.0,18010000.0,1963090000.0,7852360000.0
resnet32x4_cifar100_K4_mwmd1_seed0001_d001,d001,resnet32:4,cifar100,4,matched,mwmd1,peers,1,200,64,0.1,0.9,0.0005,True,0,60,0.1,1.0,1,,disagreement,1.0,1,0.0,0.5,weight,complete,0.0,0.0,42,0,45000,5000,10000,1880016,109,0.010000000000000002,1,60.18,0.6414500000000001,0.002126617031813663,0.638,0.6436,0.6791,0.03764999999999996,0.6352,0.6776,0.29236666666666666,0.6417907840900958,0.2966166666666667,0.6392874056348581,0.6414500000000001,resnet32,0.638,0.6296,1.2857544131746346,0.9942439046942375,0.2915105074855753,resnet32,0.6436,0.6434,1.2639470097016205,0.9763908619061112,0.2875561465466903,resnet32,0.6415,0.6336,1.2536095252091235,0.9585664159702983,0.2950431071856821,resnet32,0.6427,0.6342,1.2504981950941412,0.9617709666490555,0.28872722857208416,4500000.0,5000.0,18010000.0,1981100000.0,7924400000.0
resnet32x4_cifar100_K4_mwmd1_seed0001_d001,d001,resnet32:4,cifar100,4,matched,mwmd1,peers,1,200,64,0.1,0.9,0.0005,True,0,60,0.1,1.0,1,,disagreement,1.0,1,0.0,0.5,weight,complete,0.0,0.0,42,0,45000,5000,10000,1880016,110,0.010000000000000002,1,60.28,0.645825,0.006902671584249112,0.6399,0.657,0.6856,0.039775000000000005,0.6429,0.686,0.294,0.6308407026824036,0.2932333333333333,0.6288840660279668,0.645825,resnet32,0.6403,0.6356,1.2710708151148125,0.9850085900927131,0.2860622241542759,resnet32,0.6399,0.6446,1.2616941407322884,0.9760318402708932,0.28566230192187836,resnet32,0.6461,0.637,1.242945781739598,0.9542619798501785,0.28868380292657425,resnet32,0.657,0.6544,1.2449757292528043,0.9585692868144675,0.28640644205734134,4500000.0,5000.0,18010000.0,1999110000.0,7996440000.0
resnet32x4_cifar100_K4_mwmd1_seed0001_d001,d001,resnet32:4,cifar100,4,matched,mwmd1,peers,1,200,64,0.1,0.9,0.0005,True,0,60,0.1,1.0,1,,disagreement,1.0,1,0.0,0.5,weight,complete,0.0,0.0,42,0,45000,5000,10000,1880016,111,0.010000000000000002,1,60.37,0.6434000000000001,0.009127431182978043,0.6289,0.6541,0.6829,0.03949999999999987,0.6369499999999999,0.6776,0.2944,0.6393777699526472,0.2954833333333334,0.6372479020501401,0.6434000000000001,resnet32,0.6445,0.641,1.2693481053310363,0.9840051199055531,0.2853429864203049,resnet32,0.6289,0.6294,1.2641376594758846,0.9723128656094725,0.29182479418390855,resnet32,0.6541,0.6386,1.2484202777797526,0.9560371396047148,0.29238313965668733,resnet32,0.6461,0.6388,1.2434279204938898,0.9549879576502875,0.28843996343626216,4500000.0,5000.0,18010000.0,2017120000.0,8068480000.0
resnet32x4_cifar100_K4_mwmd1_seed0001_d001,d001,resnet32:4,cifar100,4,matched,mwmd1,peers,1,200,64,0.1,0.9,0.0005,True,0,60,0.1,1.0,1,,disagreement,1.0,1,0.0,0.5,weight,complete,0.0,0.0,42,0,45000,5000,10000,1880016,112,0.010000000000000002,1,60.18,0.648575,0.006513207735056538,0.6416,0.6589,0.6924,0.043825,0.64885,0.6902,0.29236666666666666,0.623572114871262,0.29583333333333334,0.6274649182184833,0.648575,resnet32,0.6416,0.647,1.269235928542912,0.9825909353623336,0.2866449909581041,resnet32,0.6448,0.639,1.2656372494318269,0.9757767244326797,0.2898605235598304,resnet32,0.649,0.6526,1.2442916456440634,0.9528436535461382,0.29144799360074103,resnet32,0.6589,0.6568,1.2453367074274204,0.9559882904656909,0.2893484165595675,4500000.0,5000.0,18010000.0,2035130000.0,8140520000.0
resnet32x4_cifar100_K4_mwmd1_seed0001_d001,d001,resnet32:4,cifar100,4,matched,mwmd1,peers,1,200,64,0.1,0.9,0.0005,True,0,60,0.1,1.0,1,,disagreement,1.0,1,0.0,0.5,weight,complete,0.0,0.0,42,0,45000,5000,10000,1880016,113,0.010000000000000002,1,60.23,0.6477,0.004683481610938616,0.6402,0.6529,0.691,0.043299999999999894,0.64445,0.6862,0.2913333333333333,0.6333307726786268,0.29775,0.6259934337250075,0.6477,resnet32,0.6479,0.6434,1.2621705057099462,0.9773663096976551,0.2848041955254633,resnet32,0.6402,0.6366,1.2573576986959034,0.9701988128098574,0.2871588858648796,resnet32,0.6529,0.6504,1.2373190033672885,0.9482270535081625,0.2890919485891407,resnet32,0.6498,0.6474,1.2394674799659036,0.952960976484147,0.286506503905085,4500000.0,5000.0,18010000.0,2053140000.0,8212560000.0
resnet32x4_cifar100_K4_mwmd1_seed0001_d001,d001,resnet32:4,cifar100,4,matched,mwmd1,peers,1,200,64,0.1,0.9,0.0005,True,0,60,0.1,1.0,1,,disagreement,1.0,1,0.0,0.5,weight,complete,0.0,0.0,42,0,45000,5000,10000,1880016,114,0.010000000000000002,1,60.3,0.650975,0.006366857545131685,0.6435,0.6611,0.6897,0.03872500000000001,0.6432,0.6812,0.28946666666666665,0.6380611841261882,0.2844166666666667,0.6430927120101408,0.650975,resnet32,0.6493,0.6402,1.2738493741913275,0.9812077598815615,0.2926416162359105,resnet32,0.6435,0.6314,1.2595079576765948,0.9710547697137702,0.28845319054512814,resnet32,0.6611,0.652,1.2419192704626105,0.9460924239829183,0.2958268473263491,resnet32,0.65,0.6492,1.246651952578263,0.9566088990223679,0.2900430535770614,4500000.0,5000.0,18010000.0,2071150000.0,8284600000.0
resnet32x4_cifar100_K4_mwmd1_seed0001_d001,d001,resnet32:4,cifar100,4,matched,mwmd1,peers,1,200,64,0.1,0.9,0.0005,True,0,60,0.1,1.0,1,,disagreement,1.0,1,0.0,0.5,weight,complete,0.0,0.0,42,0,45000,5000,10000,1880016,115,0.010000000000000002,1,60.29,0.6441,0.009872942823697483,0.6329,0.6555,0.6886,0.044499999999999984,0.6405000000000001,0.6894,0.2999,0.6290035557194344,0.29924999999999996,0.6318503796714395,0.6441,resnet32,0.6329,0.6352,1.2688512361862443,0.9783417370001023,0.29050950009629806,resnet32,0.6522,0.642,1.2436040870167993,0.9586220848458734,0.28498200195926154,resnet32,0.6358,0.6364,1.2361828479915857,0.9424552851441231,0.29372756255113264,resnet32,0.6555,0.6484,1.2306129717352716,0.9442924667488445,0.28632050583308394,4500000.0,5000.0,18010000.0,2089160000.0,8356640000.0
resnet32x4_cifar100_K4_mwmd1_seed0001_d001,d001,resnet32:4,cifar100,4,matched,mwmd1,peers,1,200,64,0.1,0.9,0.0005,True,0,60,0.1,1.0,1,,disagreement,1.0,1,0.0,0.5,weight,complete,0.0,0.0,42,0,45000,5000,10000,1880016,116,0.010000000000000002,1,60.18,0.641775,0.008056169995723757,0.6308,0.6505,0.6828,0.04102499999999998,0.6364,0.6774,0.2929,0.6404301250295628,0.2964,0.6367759360637926,0.641775,resnet32,0.6308,0.6268,1.27147975072942,0.9822404607283798,0.2892392914615233,resnet32,0.6374,0.6318,1.2552406083453784,0.9645638052712787,0.29067680347626185,resnet32,0.6484,0.647,1.2369256430220874,0.944978232156824,0.2919474121987481,resnet32,0.6505,0.64,1.243313055739484,0.9514731678434394,0.29183988831937313,4500000.0,5000.0,18010000.0,2107170000.0,8428680000.0
resnet32x4_cifar100_K4_mwmd1_seed0001_d001,d001,resnet32:4,cifar100,4,matched,mwmd1,peers,1,200,64,0.1,0.9,0.0005,True,0,60,0.1,1.0,1,,disagreement,1.0,1,0.0,0.5,weight,complete,0.0,0.0,42,0,45000,5000,10000,1880016,117,0.010000000000000002,1,60.26,0.641675,0.008894766719819015,0.6334,0.6566,0.6861,0.04442500000000005,0.6338,0.674,0.30173333333333335,0.629974331999679,0.30051666666666665,0.63371520621742,0.641675,resnet32,0.6371,0.6292,1.2676967495036395,0.9775687365538694,0.29012801129878923,resnet32,0.6396,0.6316,1.248348630964756,0.9616434499621391,0.2867051819974387,resnet32,0.6566,0.6488,1.2374843409792944,0.9461586481298913,0.29132569060576236,resnet32,0.6334,0.6256,1.2327987612648443,0.9456404492428357,0.28715831132351677,4500000.0,5000.0,18010000.0,2125180000.0,8500720000.0
resnet32x4_cifar100_K4_mwmd1_seed0001_d001,d001,resnet32:4,cifar100,4,matched,mwmd1,peers,1,200,64,0.1,0.9,0.0005,True,0,60,0.1,1.0,1,,disagreement,1.0,1,0.0,0.5,weight,complete,0.0,0.0,42,0,45000,5000,10000,1880016,118,0.010000000000000002,1,60.3,0.6518249999999999,0.006339311871173389,0.6439,0.6594,0.6961,0.044275000000000175,0.64485,0.6882,0.28836666666666666,0.6349649599837358,0.2932166666666667,0.62675464074142,0.6518249999999999,resnet32,0.6475,0.6368,1.2711724154651165,0.980542918751863,0.2906294949141077,resnet32,0.6439,0.6398,1.2461498371240767,0.9608948206190359,0.2852550152350556,resnet32,0.6565,0.6522,1.2401336412030188,0.9466776891865514,0.29345595032315364,resnet32,0.6594,0.6506,1.234051918187602,0.9475387784398415,0.2865131399170919,4500000.0,5000.0,18010000.0,2143190000.0,8572760000.0
resnet32x4_cifar100_K4_mwmd1_seed0001_d001,d001,resnet32:4,cifar100,4,matched,mwmd1,peers,1,200,64,0.1,0.9,0.0005,True,0,60,0.1,1.0,1,,disagreement,1.0,1,0.0,0.5,weight,complete,0.0,0.0,42,0,45000,5000,10000,1880016,119,0.010000000000000002,1,60.14,0.645125,0.006007235220964794,0.6382,0.6544,0.6832,0.03807500000000008,0.64,0.6784,0.29009999999999997,0.6345940179068511,0.2871666666666667,0.6375975375608532,0.645125,resnet32,0.6382,0.6374,1.2702439873563973,0.9747012361714785,0.2955427502747625,resnet32,0.6459,0.6396,1.2595250375399536,0.9609208624301986,0.2986041758505797,resnet32,0.642,0.633,1.2315960946408184,0.9404357928274707,0.2911603023213419,resnet32,0.6544,0.65,1.2328187097710641,0.9407171665436842,0.2921015413647348,4500000.0,5000.0,18010000.0,2161200000.0,8644800000.0
resnet32x4_cifar100_K4_mwmd1_seed0001_d001,d001,resnet32:4,cifar100,4,matched,mwmd1,peers,1,200,64,0.1,0.9,0.0005,True,0,60,0.1,1.0,1,,disagreement,1.0,1,0.0,0.5,weight,complete,0.0,0.0,42,0,45000,5000,10000,1880016,120,0.0010000000000000002,1,60.35,0.701325,0.003225193792627013,0.6962,0.7051,0.7276,0.02627500000000005,0.69775,0.7236,0.2068333333333333,0.7115461793415326,0.20620000000000002,0.7121536697002488,0.701325,resnet32,0.6962,0.6936,1.0103362444788218,0.8132572588510811,0.19707898419900713,resnet32,0.7017,0.701,0.9965098176828839,0.7979668223468418,0.19854299597103486,resnet32,0.7051,0.7014,0.9719499404626813,0.779094067952511,0.1928558726265857,resnet32,0.7023,0.695,0.9764581947502765,0.7836698021062396,0.19278839242178947,4500000.0,5000.0,18010000.0,2179210000.0,8716840000.0
resnet32x4_cifar100_K4_mwmd1_seed0001_d001,d001,resnet32:4,cifar100,4,matched,mwmd1,peers,1,200,64,0.1,0.9,0.0005,True,0,60,0.1,1.0,1,,disagreement,1.0,1,0.0,0.5,weight,complete,0.0,0.0,42,0,45000,5000,10000,1880016,121,0.0010000000000000002,1,60.27,0.70805,0.003373796081567466,0.7036,0.7121,0.7282,0.02015,0.7019,0.7252,0.20540000000000003,0.705324562336592,0.20128333333333334,0.7091632684677466,0.70805,resnet32,0.7061,0.6974,0.9349336997521195,0.7540501290932298,0.18088357073297215,resnet32,0.7036,0.7064,0.922990732402964,0.7401638345962221,0.18282689751041206,resnet32,0.7104,0.7008,0.9056578830561854,0.7206460570239208,0.18501182631801136,resnet32,0.7121,0.703,0.9124079067260027,0.727564234455878,0.18484367193146187,4500000.0,5000.0,18010000.0,2197220000.0,8788880000.0
resnet32x4_cifar100_K4_mwmd1_seed0001_d001,d001,resnet32:4,cifar100,4,matched,mwmd1,peers,1,200,64,0.1,0.9,0.0005,True,0,60,0.1,1.0,1,,disagreement,1.0,1,0.0,0.5,weight,complete,0.0,0.0,42,0,45000,5000,10000,1880016,122,0.0010000000000000002,1,60.24,0.707375,0.002038841582860245,0.7041,0.7097,0.7315,0.024125000000000063,0.70295,0.7296,0.20279999999999998,0.7085462862539117,0.20536666666666667,0.7036762387869189,0.707375,resnet32,0.7041,0.6964,0.9027980736202814,0.7251498638228937,0.17764820881314913,resnet32,0.708,0.7084,0.8911593979732557,0.7118556778877974,0.17930372066753494,resnet32,0.7097,0.7046,0.8705234673212875,0.6956699813970111,0.1748534856914458,resnet32,0.7077,0.7024,0.8753934922543439,0.7009414761242542,0.17445201660633425,4500000.0,5000.0,18010000.0,2215230000.0,8860920000.0
resnet32x4_cifar100_K4_mwmd1_seed0001_d001,d001,resnet32:4,cifar100,4,matched,mwmd1,peers,1,200,64,0.1,0.9,0.0005,True,0,60,0.1,1.0,1,,disagreement,1.0,1,0.0,0.5,weight,complete,0.0,0.0,42,0,45000,5000,10000,1880016,123,0.0010000000000000002,1,60.18,0.7068749999999999,0.0033017987521954963,0.7012,0.7091,0.7311,0.024225000000000052,0.70585,0.7294,0.20356666666666667,0.7048960049336966,0.20443333333333336,0.7033924284297446,0.7068749999999999,resnet32,0.7012,0.7006,0.8855304027992216,0.7085087109695781,0.17702169265513393,resnet32,0.7081,0.7072,0.8732450904155319,0.6946947649121284,0.17855032472024587,resnet32,0.7091,0.7064,0.8476859693500128,0.6746007384817031,0.1730852295983244,resnet32,0.7091,0.7092,0.8537575176663019,0.6809643826616759,0.17279313443313268,4500000.0,5000.0,18010000.0,2233240000.0,8932960000.0
resnet32x4_cifar100_K4_mwmd1_seed0001_d001,d001,resnet32:4,cifar100,4,matched,mwmd1,peers,1,200,64,0.1,0.9,0.0005,True,0,60,0.1,1.0,1,,disagreement,1.0,1,0.0,0.5,weight,complete,0.0,0.0,42,0,45000,5000,10000,1880016,124,0.0010000000000000002,1,60.14,0.70725,0.0026995369973386377,0.7036,0.7104,0.7337,0.026449999999999974,0.7059,0.7314,0.20579999999999998,0.7034889589953389,0.20475000000000002,0.7058307112020984,0.70725,resnet32,0.7036,0.705,0.8778797041794116,0.6969604437578131,0.18091926123650576,resnet32,0.7058,0.7098,0.8633057740940289,0.6814641349694945,0.18184163905045186,resnet32,0.7104,0.706,0.8471887598491528,0.663162755779922,0.1840260031379082,resnet32,0.7092,0.7028,0.8518897059627555,0.6674804087220267,0.18440929757939142,4500000.0,5000.0,18010000.0,2251250000.0,9005000000.0
resnet32x4_cifar100_K4_mwmd1_seed0001_d001,d001,resnet32:4,cifar100,4,matched,mwmd1,peers,1,200,64,0.1,0.9,0.0005,True,0,60,0.1,1.0,1,,disagreement,1.0,1,0.0,0.5,weight,complete,0.0,0.0,42,0,45000,5000,10000,1880016,125,0.0010000000000000002,1,60.27,0.7097,0.0051268898954434546,0.7026,0.7163,0.7374,0.027700000000000058,0.7056,0.7298,0.20996666666666666,0.6980599242367594,0.20778333333333332,0.6968863582450041,0.7097,resnet32,0.7026,0.7004,0.8721908854151313,0.6905681570060551,0.1816227280280807,resnet32,0.7076,0.7112,0.858320269564336,0.6738134353336963,0.1845068333628164,resnet32,0.7163,0.7052,0.8400274768302386,0.6539273395795714,0.18610013855240223,resnet32,0.7123,0.7056,0.8459142770787532,0.6611839709380134,0.18473030539991503,4500000.0,5000.0,18010000.0,2269260000.0,9077040000.0
resnet32x4_cifar100_K4_mwmd1_seed0001_d001,d001,resnet32:4,cifar100,4,matched,mwmd1,peers,1,200,64,0.1,0.9,0.0005,True,0,60,0.1,1.0,1,,disagreement,1.0,1,0.0,0.5,weight,complete,0.0,0.0,42,0,45000,5000,10000,1880016,126,0.0010000000000000002,1,60.18,0.7087749999999999,0.005483327001009482,0.7003,0.7141,0.7353,0.02652500000000002,0.7083,0.7338,0.20343333333333333,0.704511785888505,0.21098333333333333,0.6927410064843217,0.7087749999999999,resnet32,0.7003,0.7046,0.8577471643855626,0.6767233546230603,0.18102381004824897,resnet32,0.7076,0.7134,0.8410795380107381,0.6580104521391067,0.18306908681353723,resnet32,0.7141,0.709,0.8280274973420257,0.6433336714028635,0.1846938261402432,resnet32,0.7131,0.7062,0.8326706823215566,0.6485974775119261,0.18407320596320045,4500000.0,5000.0,18010000.0,2287270000.0,9149080000.0
resnet32x4_cifar100_K4_mwmd1_seed0001_d001,d001,resnet32:4,cifar100,4,matched,mwmd1,peers,1,200,64,0.1,0.9,0.0005,True,0,60,0.1,1.0,1,,disagreement,1.0,1,0.0,0.5,weight,complete,0.0,0.0,42,0,45000,5000,10000,1880016,127,0.0010000000000000002,1,60.38,0.7104250000000001,0.0028838992700855647,0.7061,0.7141,0.7361,0.025674999999999892,0.7091,0.7328,0.20679999999999998,0.696397116943368,0.21013333333333337,0.6923167224367649,0.7104250000000001,resnet32,0.7061,0.7058,0.8481134355745532,0.6664980616928502,0.1816153758184307,resnet32,0.7101,0.7132,0.8362375826320865,0.6523903236216442,0.18384725987826558,resnet32,0.7114,0.711,0.818345641378652,0.6336720195937563,0.18467362279030072,resnet32,0.7141,0.7064,0.8255735171789472,0.640999544877559,0.18457397105256942,4500000.0,5000.0,18010000.0,2305280000.0,9221120000.0
resnet32x4_cifar100_K4_mwmd1_seed0001_d001,d001,resnet32:4,cifar100,4,matched,mwmd1,peers,1,200,64,0.1,0.9,0.0005,True,0,60,0.1,1.0,1,,disagreement,1.0,1,0.0,0.5,weight,complete,0.0,0.0,42,0,45000,5000,10000,1880016,128,0.0010000000000000002,1,60.2,0.7097249999999999,0.003930887304413612,0.7041,0.7137,0.7374,0.027675000000000116,0.70855,0.7354,0.20506666666666665,0.7048919168974733,0.21086666666666667,0.6955498432311318,0.7097249999999999,resnet32,0.7041,0.7054,0.843199017457664,0.6594911398027431,0.1837078782052479,resnet32,0.708,0.7116,0.8275246510959484,0.6428637601943179,0.1846608912085437,resnet32,0.7131,0.7074,0.8110035323029892,0.6252970402975652,0.1857064914550971,resnet32,0.7137,0.7098,0.8202376169660552,0.6332840624434705,0.1869535538664257,4500000.0,5000.0,18010000.0,2323290000.0,9293160000.0
resnet32x4_cifar100_K4_mwmd1_seed0001_d001,d001,resnet32:4,cifar100,4,matched,mwmd1,peers,1,200,64,0.1,0.9,0.0005,True,0,60,0.1,1.0,1,,disagreement,1.0,1,0.0,0.5,weight,complete,0.0,0.0,42,0,45000,5000,10000,1880016,129,0.0010000000000000002,1,60.27,0.7097749999999999,0.004635393726535002,0.7033,0.7163,0.7388,0.02902500000000008,0.707,0.737,0.20956666666666668,0.6964961497191756,0.21135,0.6907156284567058,0.7097749999999999,resnet32,0.7033,0.6996,0.8374525899575516,0.6479502400722016,0.18950234896461057,resnet32,0.7089,0.713,0.8151516076177359,0.6309274518439039,0.1842241543133489,resnet32,0.7106,0.7092,0.8054124468683519,0.6123158756897531,0.19309657126326452,resnet32,0.7163,0.7062,0.80650444150987,0.6214817026206716,0.18502273780971087,4500000.0,5000.0,18010000.0,2341300000.0,9365200000.0
resnet32x4_cifar100_K4_mwmd1_seed0001_d001,d001,resnet32:4,cifar100,4,matched,mwmd1,peers,1,200,64,0.1,0.9,0.0005,True,0,60,0.1,1.0,1,,disagreement,1.0,1,0.0,0.5,weight,complete,0.0,0.0,42,0,45000,5000,10000,1880016,130,0.0010000000000000002,1,60.24,0.709525,0.003275954059506967,0.7041,0.7126,0.739,0.02947500000000003,0.7078,0.7356,0.2129,0.690591331829658,0.21224999999999997,0.6920012897650968,0.709525,resnet32,0.7041,0.7036,0.8349176891232756,0.6443653961389579,0.19055229388389058,resnet32,0.7099,0.7108,0.8214089852249757,0.6287748542275619,0.1926341306905008,resnet32,0.7115,0.7066,0.7957421472634781,0.6116655218330297,0.18407662511295217,resnet32,0.7126,0.7102,0.800570048688149,0.6175422668457031,0.18302778220227497,4500000.0,5000.0,18010000.0,2359310000.0,9437240000.0
resnet32x4_cifar100_K4_mwmd1_seed0001_d001,d001,resnet32:4,cifar100,4,matched,mwmd1,peers,1,200,64,0.1,0.9,0.0005,True,0,60,0.1,1.0,1,,disagreement,1.0,1,0.0,0.5,weight,complete,0.0,0.0,42,0,45000,5000,10000,1880016,131,0.0010000000000000002,1,60.12,0.7141500000000001,0.0034208916966194506,0.7085,0.7172,0.7403,0.026149999999999896,0.7076,0.7334,0.21256666666666668,0.6893363505366022,0.20820000000000002,0.6958720775667052,0.7141500000000001,resnet32,0.7085,0.7012,0.8292216794903983,0.6391569831069898,0.19006469612941146,resnet32,0.7144,0.7154,0.813757786527276,0.6217748560011387,0.19198292851532725,resnet32,0.7165,0.7072,0.7895165584473447,0.6049579527991061,0.18455860535190863,resnet32,0.7172,0.7066,0.7956588261930103,0.6109005653468723,0.18475826098371975,4500000.0,5000.0,18010000.0,2377320000.0,9509280000.0
resnet32x4_cifar100_K4_mwmd1_seed0001_d001,d001,resnet32:4,cifar100,4,matched,mwmd1,peers,1,200,64,0.1,0.9,0.0005,True,0,60,0.1,1.0,1,,disagreement,1.0,1,0.0,0.5,weight,complete,0.0,0.0,42,0,45000,5000,10000,1880016,132,0.0010000000000000002,1,60.21,0.7117749999999999,0.005010676102084447,0.7041,0.7169,0.7387,0.026925000000000088,0.71245,0.741,0.20813333333333336,0.6928071193872377,0.2141166666666667,0.6861077186714293,0.7117749999999999,resnet32,0.7041,0.707,0.8271155044097792,0.6373862554319203,0.18972924949643624,resnet32,0.7106,0.7172,0.8098856637423689,0.6215716332874515,0.188314030084505,resnet32,0.7169,0.7142,0.7941166448237543,0.6034437920051542,0.19067285242702134,resnet32,0.7155,0.7114,0.8009515414014459,0.6072280637665906,0.1937234785979275,4500000.0,5000.0,18010000.0,2395330000.0,9581320000.0
resnet32x4_cifar100_K4_mwmd1_seed0001_d001,d001,resnet32:4,cifar100,4,matched,mwmd1,peers,1,200,64,0.1,0.9,0.0005,True,0,60,0.1,1.0,1,,disagreement,1.0,1,0.0,0.5,weight,complete,0.0,0.0,42,0,45000,5000,10000,1880016,133,0.0010000000000000002,1,60.41,0.710175,0.004724073983332603,0.7033,0.7156,0.7399,0.029725,0.7109,0.737,0.21116666666666664,0.6940891148434231,0.21478333333333333,0.6867915154472805,0.710175,resnet32,0.7033,0.7056,0.8180653398687189,0.6267706932161342,0.1912946461445906,resnet32,0.7085,0.7178,0.805512680164115,0.6140633288940246,0.19144935164050284,resnet32,0.7133,0.7138,0.7862432831475004,0.5927141964096915,0.1935290869600563,resnet32,0.7156,0.7064,0.7951679643328217,0.5998262365729633,0.19534172769635916,4500000.0,5000.0,18010000.0,2413340000.0,9653360000.0
resnet32x4_cifar100_K4_mwmd1_seed0001_d001,d001,resnet32:4,cifar100,4,matched,mwmd1,peers,1,200,64,0.1,0.9,0.0005,True,0,60,0.1,1.0,1,,disagreement,1.0,1,0.0,0.5,weight,complete,0.0,0.0,42,0,45000,5000,10000,1880016,134,0.0010000000000000002,1,60.27,0.709775,0.0035667737522865105,0.7037,0.7126,0.7393,0.029524999999999912,0.7114,0.7422,0.21230000000000002,0.6852601969538732,0.21706666666666666,0.6822205036607158,0.709775,resnet32,0.7037,0.706,0.8140820467590608,0.6233151197348806,0.19076692520386793,resnet32,0.7108,0.717,0.7950854215940292,0.6049046521921727,0.190180769729936,resnet32,0.712,0.7134,0.7808663006448611,0.5891219976527448,0.19174430330961265,resnet32,0.7126,0.7092,0.7889575224200432,0.5949053946797821,0.19405212879858233,4500000.0,5000.0,18010000.0,2431350000.0,9725400000.0
resnet32x4_cifar100_K4_mwmd1_seed0001_d001,d001,resnet32:4,cifar100,4,matched,mwmd1,peers,1,200,64,0.1,0.9,0.0005,True,0,60,0.1,1.0,1,,disagreement,1.0,1,0.0,0.5,weight,complete,0.0,0.0,42,0,45000,5000,10000,1880016,135,0.0010000000000000002,1,60.34,0.711625,0.004263434648261898,0.7059,0.7169,0.7409,0.02927500000000005,0.7093,0.7404,0.21436666666666668,0.6859842876364891,0.21509999999999999,0.6807347523472292,0.711625,resnet32,0.7059,0.7038,0.8101663310927424,0.613491895058277,0.1966744354735552,resnet32,0.7094,0.715,0.7961111125874926,0.5966736921532587,0.19943742081522942,resnet32,0.7143,0.707,0.7716695549474522,0.5818124503235925,0.18985710449686105,resnet32,0.7169,0.7114,0.7791284333745186,0.5894518174993043,0.18967661605512892,4500000.0,5000.0,18010000.0,2449360000.0,9797440000.0
resnet32x4_cifar100_K4_mwmd1_seed0001_d001,d001,resnet32:4,cifar100,4,matched,mwmd1,peers,1,200,64,0.1,0.9,0.0005,True,0,60,0.1,1.0,1,,disagreement,1.0,1,0.0,0.5,weight,complete,0.0,0.0,42,0,45000,5000,10000,1880016,136,0.0010000000000000002,1,60.3,0.712125,0.0052699027505258775,0.7051,0.7197,0.7397,0.027575000000000016,0.7085999999999999,0.74,0.21606666666666666,0.6831820700202034,0.2157666666666667,0.6790661318380043,0.712125,resnet32,0.7051,0.7036,0.8094833638434383,0.6129216591573574,0.19656170511999252,resnet32,0.7104,0.7124,0.7890272108753297,0.5975729929791256,0.19145421784328806,resnet32,0.7133,0.711,0.7796202952634882,0.5790022516792471,0.20061804365832359,resnet32,0.7197,0.7074,0.779404900925742,0.5869213155555454,0.19248358341230248,4500000.0,5000.0,18010000.0,2467370000.0,9869480000.0
resnet32x4_cifar100_K4_mwmd1_seed0001_d001,d001,resnet32:4,cifar100,4,matched,mwmd1,peers,1,200,64,0.1,0.9,0.0005,True,0,60,0.1,1.0,1,,disagreement,1.0,1,0.0,0.5,weight,complete,0.0,0.0,42,0,45000,5000,10000,1880016,137,0.0010000000000000002,1,60.21,0.7124999999999999,0.0017734147850968203,0.71,0.715,0.7425,0.030000000000000138,0.7107,0.7408,0.21223333333333336,0.6891029657191866,0.2169833333333333,0.678395490565503,0.7124999999999999,resnet32,0.71,0.7058,0.8068605422211642,0.6091356706720862,0.19772487055425617,resnet32,0.7123,0.7148,0.7938954245553098,0.5933019758879461,0.2005934490483593,resnet32,0.7127,0.7122,0.7664275706999681,0.5771018168888986,0.18932575403331695,resnet32,0.715,0.71,0.7706915628673001,0.5812265998260542,0.18946496321057732,4500000.0,5000.0,18010000.0,2485380000.0,9941520000.0
resnet32x4_cifar100_K4_mwmd1_seed0001_d001,d001,resnet32:4,cifar100,4,matched,mwmd1,peers,1,200,64,0.1,0.9,0.0005,True,0,60,0.1,1.0,1,,disagreement,1.0,1,0.0,0.5,weight,complete,0.0,0.0,42,0,45000,5000,10000,1880016,138,0.0010000000000000002,1,60.3,0.7095750000000001,0.0029777298399955854,0.706,0.7135,0.7393,0.02972499999999989,0.7094,0.7392,0.21796666666666667,0.6831511447141531,0.2183333333333333,0.6792543556001016,0.7095750000000001,resnet32,0.7075,0.7044,0.8048329139551655,0.6058980863202702,0.19893482664007356,resnet32,0.706,0.7134,0.7922096649523486,0.5922650283371861,0.1999446376205676,resnet32,0.7113,0.7104,0.7646222720769319,0.5727973725985397,0.19182489906564693,resnet32,0.7135,0.7094,0.7696420186283913,0.5776949902911755,0.19194702894045887,4500000.0,5000.0,18010000.0,2503390000.0,10013560000.0
resnet32x4_cifar100_K4_mwmd1_seed0001_d001,d001,resnet32:4,cifar100,4,matched,mwmd1,peers,1,200,64,0.1,0.9,0.0005,True,0,60,0.1,1.0,1,,disagreement,1.0,1,0.0,0.5,weight,complete,0.0,0.0,42,0,45000,5000,10000,1880016,139,0.0010000000000000002,1,60.11,0.710775,0.0038564070065282394,0.705,0.7148,0.7413,0.030524999999999913,0.70865,0.7412,0.21916666666666665,0.6770964427228803,0.2208,0.6776977757430495,0.710775,resnet32,0.705,0.7028,0.7975995184176348,0.6006704224273562,0.19692909718618135,resnet32,0.7096,0.7126,0.7822593058120798,0.5849912186491896,0.19726808938536455,resnet32,0.7137,0.7128,0.7658464980989017,0.5660614829764448,0.1997850147520446,resnet32,0.7148,0.7064,0.77201374349269,0.5712525956756012,0.2007611462825232,4500000.0,5000.0,18010000.0,2521400000.0,10085600000.0
resnet32x4_cifar100_K4_mwmd1_seed0001_d001,d001,resnet32:4,cifar100,4,matched,mwmd1,peers,1,200,64,0.1,0.9,0.0005,True,0,60,0.1,1.0,1,,disagreement,1.0,1,0.0,0.5,weight,complete,0.0,0.0,42,0,45000,5000,10000,1880016,140,0.0010000000000000002,1,60.26,0.712425,0.0035597577164745062,0.7082,0.716,0.7411,0.028675000000000006,0.7106000000000001,0.7392,0.2184,0.6756428457483733,0.22073333333333334,0.6738381897710196,0.712425,resnet32,0.7082,0.704,0.795140728100457,0.5973946878009222,0.19774603999262166,resnet32,0.7096,0.715,0.7807234658605673,0.5822014827281237,0.19852198250803418,resnet32,0.716,0.7162,0.7638317176394842,0.5638458619148217,0.19998585603157568,resnet32,0.7159,0.7072,0.7695062058893117,0.5687044525349682,0.20080175213727422,4500000.0,5000.0,18010000.0,2539410000.0,10157640000.0
resnet32x4_cifar100_K4_mwmd1_seed0001_d001,d001,resnet32:4,cifar100,4,matched,mwmd1,peers,1,200,64,0.1,0.9,0.0005,True,0,60,0.1,1.0,1,,disagreement,1.0,1,0.0,0.5,weight,complete,0.0,0.0,42,0,45000,5000,10000,1880016,141,0.0010000000000000002,1,60.13,0.7125250000000001,0.0031475188641214044,0.708,0.7168,0.7416,0.029074999999999962,0.7113499999999999,0.743,0.21689999999999998,0.6763986484944806,0.22066666666666665,0.6743937775907162,0.7125250000000001,resnet32,0.708,0.709,0.7920008925297721,0.5901159772818739,0.20188491662371566,resnet32,0.7133,0.7166,0.7814500181597065,0.5775596491823142,0.20389036859639667,resnet32,0.712,0.7098,0.7495551353574477,0.557810651646419,0.19174448301253672,resnet32,0.7168,0.71,0.7529319012960927,0.5605904167433354,0.19234148493375292,4500000.0,5000.0,18010000.0,2557420000.0,10229680000.0
resnet32x4_cifar100_K4_mwmd1_seed0001_d001,d001,resnet32:4,cifar100,4,matched,mwmd1,peers,1,200,64,0.1,0.9,0.0005,True,0,60,0.1,1.0,1,,disagreement,1.0,1,0.0,0.5,weight,complete,0.0,0.0,42,0,45000,5000,10000,1880016,142,0.0010000000000000002,1,60.2,0.7135499999999999,0.004133702940463908,0.7082,0.7196,0.7406,0.02705000000000013,0.7083,0.7418,0.2218,0.6765485552650561,0.22190000000000001,0.6704425800846433,0.7135499999999999,resnet32,0.7082,0.7064,0.7885628086938099,0.5899368267167698,0.19862597988156433,resnet32,0.712,0.711,0.7732778948054395,0.5745065136473965,0.19877138154962185,resnet32,0.7144,0.7104,0.7569136649200862,0.5562230142002756,0.2006906515876339,resnet32,0.7196,0.7054,0.7651250624859874,0.561745976309546,0.2033790855096992,4500000.0,5000.0,18010000.0,2575430000.0,10301720000.0
resnet32x4_cifar100_K4_mwmd1_seed0001_d001,d001,resnet32:4,cifar100,4,matched,mwmd1,peers,1,200,64,0.1,0.9,0.0005,True,0,60,0.1,1.0,1,,disagreement,1.0,1,0.0,0.5,weight,complete,0.0,0.0,42,0,45000,5000,10000,1880016,143,0.0010000000000000002,1,60.11,0.7089,0.005021951811795884,0.7019,0.7161,0.7398,0.03090000000000004,0.71045,0.7392,0.2207,0.6755207245507431,0.22729999999999997,0.6691106547145234,0.7089,resnet32,0.7019,0.7092,0.7906118735501712,0.5868133278140291,0.20379854456140575,resnet32,0.7087,0.7114,0.7756061601367864,0.5686654009940949,0.20694075798912143,resnet32,0.7089,0.7118,0.7498813776130026,0.5525065584277565,0.19737481787292796,resnet32,0.7161,0.7094,0.7566243124787103,0.5607275227931413,0.19589678952682085,4500000.0,5000.0,18010000.0,2593440000.0,10373760000.0
resnet32x4_cifar100_K4_mwmd1_seed0001_d001,d001,resnet32:4,cifar100,4,matched,mwmd1,peers,1,200,64,0.1,0.9,0.0005,True,0,60,0.1,1.0,1,,disagreement,1.0,1,0.0,0.5,weight,complete,0.0,0.0,42,0,45000,5000,10000,1880016,144,0.0010000000000000002,1,60.25,0.7121,0.003360803475361229,0.707,0.7158,0.7419,0.02980000000000005,0.70995,0.7418,0.2211,0.6791141699571019,0.2229,0.6724385979511788,0.7121,resnet32,0.707,0.71,0.7874833401292562,0.5843668047508056,0.20311653592877768,resnet32,0.7113,0.7134,0.7744724248874594,0.5692136223766614,0.2052588028282943,resnet32,0.7143,0.71,0.7479203719307076,0.5514203585599634,0.1965000125029209,resnet32,0.7158,0.7064,0.7518970236097547,0.555458146655424,0.19643887927205386,4500000.0,5000.0,18010000.0,2611450000.0,10445800000.0
resnet32x4_cifar100_K4_mwmd1_seed0001_d001,d001,resnet32:4,cifar100,4,matched,mwmd1,peers,1,200,64,0.1,0.9,0.0005,True,0,60,0.1,1.0,1,,disagreement,1.0,1,0.0,0.5,weight,complete,0.0,0.0,42,0,45000,5000,10000,1880016,145,0.0010000000000000002,1,60.26,0.7132499999999999,0.003404041715373045,0.7086,0.7168,0.7414,0.02815000000000001,0.7094499999999999,0.7408,0.22026666666666664,0.6748013397790479,0.2191833333333333,0.6743599084391766,0.7132499999999999,resnet32,0.7086,0.705,0.7818793273446235,0.5771198968657039,0.20475943020375614,resnet32,0.7114,0.7128,0.7680932017127898,0.5659740357236429,0.202119164835577,resnet32,0.7168,0.7132,0.7530339202758941,0.5437101544812322,0.20932376694823193,resnet32,0.7162,0.7068,0.7548101355152373,0.5503539370626889,0.20445619862187991,4500000.0,5000.0,18010000.0,2629460000.0,10517840000.0
resnet32x4_cifar100_K4_mwmd1_seed0001_d001,d001,resnet32:4,cifar100,4,matched,mwmd1,peers,1,200,64,0.1,0.9,0.0005,True,0,60,0.1,1.0,1,,disagreement,1.0,1,0.0,0.5,weight,complete,0.0,0.0,42,0,45000,5000,10000,1880016,146,0.0010000000000000002,1,60.31,0.712725,0.003682645109157262,0.7077,0.7181,0.7438,0.031074999999999964,0.7085,0.7402,0.22393333333333332,0.6710833542978115,0.2212833333333333,0.6781058954769669,0.712725,resnet32,0.7077,0.7046,0.7828300700268962,0.577621615618806,0.20520845350851727,resnet32,0.7124,0.7122,0.7623494179411368,0.5614656802605499,0.20088373808274892,resnet32,0.7127,0.708,0.7521329936148091,0.5424689216200601,0.20966407271440735,resnet32,0.7181,0.7092,0.7492615130983971,0.5467002120461654,0.20256130057598717,4500000.0,5000.0,18010000.0,2647470000.0,10589880000.0
resnet32x4_cifar100_K4_mwmd1_seed0001_d001,d001,resnet32:4,cifar100,4,matched,mwmd1,peers,1,200,64,0.1,0.9,0.0005,True,0,60,0.1,1.0,1,,disagreement,1.0,1,0.0,0.5,weight,complete,0.0,0.0,42,0,45000,5000,10000,1880016,147,0.0010000000000000002,1,60.28,0.71225,0.002380651171423473,0.7085,0.7145,0.7442,0.03194999999999992,0.71225,0.7446,0.21796666666666664,0.6750137617584034,0.21983333333333333,0.6808380026358661,0.71225,resnet32,0.7085,0.7086,0.7850578621199186,0.5778074000369419,0.20725046151148324,resnet32,0.7119,0.7132,0.7699863561429083,0.560887255197899,0.2090991019927473,resnet32,0.7141,0.7152,0.7396666892296211,0.5405806506221945,0.19908603763377125,resnet32,0.7145,0.712,0.7465273033065553,0.5472488732246513,0.19927842925641348,4500000.0,5000.0,18010000.0,2665480000.0,10661920000.0
resnet32x4_cifar100_K4_mwmd1_seed0001_d001,d001,resnet32:4,cifar100,4,matched,mwmd1,peers,1,200,64,0.1,0.9,0.0005,True,0,60,0.1,1.0,1,,disagreement,1.0,1,0.0,0.5,weight,complete,0.0,0.0,42,0,45000,5000,10000,1880016,148,0.0010000000000000002,1,60.5,0.7117,0.003637306695894617,0.7066,0.7162,0.7413,0.02959999999999996,0.7085,0.739,0.22246666666666667,0.6739025835463721,0.22320000000000004,0.6701192393991585,0.7117,resnet32,0.7066,0.7046,0.7755840727212754,0.5698788947510448,0.20570517738815397,resnet32,0.7102,0.7112,0.7685334331101992,0.5603320730257441,0.20820136105811055,resnet32,0.7162,0.7128,0.7354340070265938,0.5376269328831271,0.19780707399530167,resnet32,0.7138,0.7054,0.7414151709526777,0.5430434908379208,0.19837168014650655,4500000.0,5000.0,18010000.0,2683490000.0,10733960000.0
resnet32x4_cifar100_K4_mwmd1_seed0001_d001,d001,resnet32:4,cifar100,4,matched,mwmd1,peers,1,200,64,0.1,0.9,0.0005,True,0,60,0.1,1.0,1,,disagreement,1.0,1,0.0,0.5,weight,complete,0.0,0.0,42,0,45000,5000,10000,1880016,149,0.0010000000000000002,1,60.3,0.7133,0.00505272203866389,0.7052,0.7186,0.7411,0.027799999999999936,0.7090000000000001,0.7398,0.21993333333333331,0.6743837033785115,0.22094999999999998,0.67367497895584,0.7133,resnet32,0.7052,0.7022,0.7726025626232679,0.5664483483203433,0.20615421467333694,resnet32,0.7132,0.7122,0.757755262565545,0.5499270498667929,0.20782821345016023,resnet32,0.7186,0.7122,0.7419882321052931,0.5325887408954176,0.20939949196128343,resnet32,0.7162,0.7094,0.7502466860989278,0.5393757372671231,0.2108709483873099,4500000.0,5000.0,18010000.0,2701500000.0,10806000000.0
resnet32x4_cifar100_K4_mwmd1_seed0001_d001,d001,resnet32:4,cifar100,4,matched,mwmd1,peers,1,200,64,0.1,0.9,0.0005,True,0,60,0.1,1.0,1,,disagreement,1.0,1,0.0,0.5,weight,complete,0.0,0.0,42,0,45000,5000,10000,1880016,150,0.0010000000000000002,1,60.24,0.7111,0.0026748831750190534,0.707,0.7139,0.7404,0.029299999999999993,0.7101000000000001,0.7442,0.22166666666666665,0.671017090174777,0.2242833333333333,0.6699991040582521,0.7111,resnet32,0.707,0.7054,0.7724670412188227,0.5642629048194397,0.20820413558447565,resnet32,0.713,0.7094,0.7631642232987691,0.5534330385906453,0.20973118448587644,resnet32,0.7139,0.7132,0.7298716759224507,0.5308651687492701,0.1990065066122704,resnet32,0.7105,0.7124,0.7357477944090285,0.5369970449669794,0.19875075051095337,4500000.0,5000.0,18010000.0,2719510000.0,10878040000.0
resnet32x4_cifar100_K4_mwmd1_seed0001_d001,d001,resnet32:4,cifar100,4,matched,mwmd1,peers,1,200,64,0.1,0.9,0.0005,True,0,60,0.1,1.0,1,,disagreement,1.0,1,0.0,0.5,weight,complete,0.0,0.0,42,0,45000,5000,10000,1880016,151,0.0010000000000000002,1,60.23,0.70925,0.005075677294706581,0.7014,0.7143,0.7418,0.03254999999999997,0.70945,0.7438,0.22403333333333333,0.6718256330603731,0.2270333333333333,0.6672435055314279,0.70925,resnet32,0.7014,0.7064,0.7648955190723593,0.5588186116973785,0.206076907988807,resnet32,0.7082,0.7092,0.7541276655921881,0.5455569883977825,0.2085706757656722,resnet32,0.7131,0.7126,0.727244003675878,0.5264982185749845,0.20074578449765051,resnet32,0.7143,0.7096,0.7333219413730231,0.532353679056872,0.2009682623161511,4500000.0,5000.0,18010000.0,2737520000.0,10950080000.0
resnet32x4_cifar100_K4_mwmd1_seed0001_d001,d001,resnet32:4,cifar100,4,matched,mwmd1,peers,1,200,64,0.1,0.9,0.0005,True,0,60,0.1,1.0,1,,disagreement,1.0,1,0.0,0.5,weight,complete,0.0,0.0,42,0,45000,5000,10000,1880016,152,0.0010000000000000002,1,60.22,0.7112,0.005962382074305511,0.7033,0.7201,0.7438,0.03259999999999996,0.7107,0.7392,0.22006666666666672,0.6746453694056388,0.2259,0.6663839030394844,0.7112,resnet32,0.7033,0.7016,0.7700588772581383,0.5608725997788663,0.20918627753218805,resnet32,0.7109,0.7168,0.7597405368631537,0.5489084205844186,0.21083211738997223,resnet32,0.7105,0.715,0.7410081017508425,0.5261424611407247,0.2148656408852813,resnet32,0.7201,0.7094,0.7471163907003674,0.5336874746717513,0.21342891695993868,4500000.0,5000.0,18010000.0,2755530000.0,11022120000.0
resnet32x4_cifar100_K4_mwmd1_seed0001_d001,d001,resnet32:4,cifar100,4,matched,mwmd1,peers,1,200,64,0.1,0.9,0.0005,True,0,60,0.1,1.0,1,,disagreement,1.0,1,0.0,0.5,weight,complete,0.0,0.0,42,0,45000,5000,10000,1880016,153,0.0010000000000000002,1,60.41,0.7123249999999999,0.0035681753039894233,0.7081,0.7162,0.7458,0.033475000000000144,0.71175,0.7456,0.2212666666666667,0.6750283104414704,0.22466666666666668,0.6625191961809379,0.7123249999999999,resnet32,0.7081,0.7068,0.766858633057299,0.5565800384872339,0.21027859490872783,resnet32,0.7095,0.713,0.7546520121395588,0.5425732778385282,0.21207873526410284,resnet32,0.7155,0.7148,0.7268343618647619,0.5240479112518105,0.20278645033778792,resnet32,0.7162,0.7124,0.731881866146895,0.5293474883603101,0.2025343767705966,4500000.0,5000.0,18010000.0,2773540000.0,11094160000.0
resnet32x4_cifar100_K4_mwmd1_seed0001_d001,d001,resnet32:4,cifar100,4,matched,mwmd1,peers,1,200,64,0.1,0.9,0.0005,True,0,60,0.1,1.0,1,,disagreement,1.0,1,0.0,0.5,weight,complete,0.0,0.0,42,0,45000,5000,10000,1880016,154,0.0010000000000000002,1,60.05,0.711425,0.005641531263761667,0.7029,0.7174,0.7446,0.033175000000000066,0.7120500000000001,0.7428,0.2191,0.6753130473417488,0.22643333333333338,0.6668426417996426,0.711425,resnet32,0.7029,0.7076,0.7721127785149623,0.5571658266708255,0.21494695196055214,resnet32,0.7099,0.7158,0.744702743535692,0.5370765709826215,0.2076261735478924,resnet32,0.7155,0.7136,0.741987409112467,0.5222166468897327,0.21977076211690225,resnet32,0.7174,0.7112,0.7335776563903148,0.5232623758810487,0.2103152807209302,4500000.0,5000.0,18010000.0,2791550000.0,11166200000.0
resnet32x4_cifar100_K4_mwmd1_seed0001_d001,d001,resnet32:4,cifar100,4,matched,mwmd1,peers,1,200,64,0.1,0.9,0.0005,True,0,60,0.1,1.0,1,,disagreement,1.0,1,0.0,0.5,weight,complete,0.0,0.0,42,0,45000,5000,10000,1880016,155,0.0010000000000000002,1,60.54,0.707825,0.002977729839995561,0.7033,0.7105,0.7426,0.034775,0.709,0.7416,0.22233333333333336,0.6793428129305412,0.23293333333333333,0.6641983726624787,0.707825,resnet32,0.7033,0.7068,0.7637329055419699,0.5531745989891615,0.21055830573790113,resnet32,0.707,0.7136,0.7502022027884695,0.5391369239765812,0.211065279150551,resnet32,0.7105,0.7092,0.7313797763887454,0.5191106318750165,0.21226914467247712,resnet32,0.7105,0.7064,0.7403931646099822,0.5249472114003517,0.21544595246880568,4500000.0,5000.0,18010000.0,2809560000.0,11238240000.0
resnet32x4_cifar100_K4_mwmd1_seed0001_d001,d001,resnet32:4,cifar100,4,matched,mwmd1,peers,1,200,64,0.1,0.9,0.0005,True,0,60,0.1,1.0,1,,disagreement,1.0,1,0.0,0.5,weight,complete,0.0,0.0,42,0,45000,5000,10000,1880016,156,0.0010000000000000002,1,60.23,0.7112,0.004627634384866649,0.7038,0.7155,0.7411,0.029899999999999927,0.7157,0.7458,0.2204,0.668715149254881,0.2255666666666667,0.6681528689330084,0.7112,resnet32,0.7038,0.7102,0.7600561838004399,0.5475951593199914,0.21246102577160028,resnet32,0.7108,0.7224,0.7435893329622393,0.5346827705983411,0.2089065626390617,resnet32,0.7155,0.717,0.7333430443382398,0.5170290962877598,0.2163139487066391,resnet32,0.7147,0.7132,0.7312062354335054,0.5196320139379664,0.21157422112512655,4500000.0,5000.0,18010000.0,2827570000.0,11310280000.0
resnet32x4_cifar100_K4_mwmd1_seed0001_d001,d001,resnet32:4,cifar100,4,matched,mwmd1,peers,1,200,64,0.1,0.9,0.0005,True,0,60,0.1,1.0,1,,disagreement,1.0,1,0.0,0.5,weight,complete,0.0,0.0,42,0,45000,5000,10000,1880016,157,0.0010000000000000002,1,60.28,0.709775,0.003962559147823559,0.703,0.7126,0.7416,0.03182499999999999,0.709,0.7436,0.22466666666666668,0.6663488908702054,0.2301666666666667,0.6643681485691735,0.709775,resnet32,0.703,0.7018,0.7563250524584543,0.5458061522380873,0.2105188998076218,resnet32,0.7125,0.7156,0.7413376864807849,0.5319263000803237,0.20941138579721816,resnet32,0.711,0.7118,0.7309114489789036,0.5159022340297021,0.2150092154571956,resnet32,0.7126,0.7068,0.7303857248361137,0.5196289462884042,0.21075677972244608,4500000.0,5000.0,18010000.0,2845580000.0,11382320000.0
resnet32x4_cifar100_K4_mwmd1_seed0001_d001,d001,resnet32:4,cifar100,4,matched,mwmd1,peers,1,200,64,0.1,0.9,0.0005,True,0,60,0.1,1.0,1,,disagreement,1.0,1,0.0,0.5,weight,complete,0.0,0.0,42,0,45000,5000,10000,1880016,158,0.0010000000000000002,1,60.18,0.71295,0.001980530232033858,0.71,0.7155,0.7447,0.031750000000000056,0.71295,0.7444,0.22216666666666665,0.6703184708994696,0.22485,0.6675101380564398,0.71295,resnet32,0.71,0.7072,0.7537230017425661,0.542697888714346,0.21102511283772235,resnet32,0.7136,0.7166,0.7385781657543372,0.5309734965505247,0.20760466873815114,resnet32,0.7127,0.7138,0.7275778863325038,0.512762706599791,0.21481517975387926,resnet32,0.7155,0.7142,0.7264701941219921,0.5177776157771322,0.20869257835544308,4500000.0,5000.0,18010000.0,2863590000.0,11454360000.0
resnet32x4_cifar100_K4_mwmd1_seed0001_d001,d001,resnet32:4,cifar100,4,matched,mwmd1,peers,1,200,64,0.1,0.9,0.0005,True,0,60,0.1,1.0,1,,disagreement,1.0,1,0.0,0.5,weight,complete,0.0,0.0,42,0,45000,5000,10000,1880016,159,0.0010000000000000002,1,60.31,0.71075,0.004713013897709212,0.7038,0.7157,0.7453,0.03454999999999997,0.7109500000000001,0.747,0.22826666666666665,0.6575291610454811,0.2290833333333333,0.6615047005828693,0.71075,resnet32,0.7038,0.7062,0.7566430224952373,0.5406744788739491,0.21596854273229837,resnet32,0.7091,0.712,0.7457028370858594,0.5257634018463168,0.21993943392722445,resnet32,0.7144,0.7128,0.7172333700159057,0.5099684772166339,0.20726489160336892,resnet32,0.7157,0.7128,0.7218379299156368,0.5150087499483065,0.20682917880317706,4500000.0,5000.0,18010000.0,2881600000.0,11526400000.0
resnet32x4_cifar100_K4_mwmd1_seed0001_d001,d001,resnet32:4,cifar100,4,matched,mwmd1,peers,1,200,64,0.1,0.9,0.0005,True,0,60,0.1,1.0,1,,disagreement,1.0,1,0.0,0.5,weight,complete,0.0,0.0,42,0,45000,5000,10000,1880016,160,0.0010000000000000002,1,60.26,0.7133999999999999,0.0039465174521342425,0.7071,0.7168,0.7449,0.031500000000000083,0.71175,0.743,0.22729999999999997,0.657167367577513,0.22775,0.6630084185884343,0.7133999999999999,resnet32,0.7071,0.7062,0.7560980215414681,0.5409472465345805,0.21515077422372997,resnet32,0.713,0.7168,0.7405214157294143,0.5263061302036725,0.21421528563157402,resnet32,0.7168,0.7112,0.721989817917347,0.5051646651700139,0.21682515276849948,resnet32,0.7167,0.7128,0.7325596554120156,0.5128697633150626,0.21968989268961278,4500000.0,5000.0,18010000.0,2899610000.0,11598440000.0
resnet32x4_cifar100_K4_mwmd1_seed0001_d001,d001,resnet32:4,cifar100,4,matched,mwmd1,peers,1,200,64,0.1,0.9,0.0005,True,0,60,0.1,1.0,1,,disagreement,1.0,1,0.0,0.5,weight,complete,0.0,0.0,42,0,45000,5000,10000,1880016,161,0.0010000000000000002,1,60.21,0.71155,0.003681372026839975,0.7055,0.7148,0.7465,0.03495000000000004,0.70985,0.7458,0.22566666666666668,0.6633059983852954,0.23298333333333332,0.6542124931932108,0.71155,resnet32,0.7055,0.7068,0.7481269795786251,0.536420930007642,0.21170605001547796,resnet32,0.7117,0.7108,0.7374588728205047,0.5234817035326903,0.21397717070596461,resnet32,0.7142,0.711,0.7239034547978505,0.507259688763456,0.21664376628839158,resnet32,0.7148,0.7108,0.7275868894701655,0.5110354409976439,0.21655144849368793,4500000.0,5000.0,18010000.0,2917620000.0,11670480000.0
resnet32x4_cifar100_K4_mwmd1_seed0001_d001,d001,resnet32:4,cifar100,4,matched,mwmd1,peers,1,200,64,0.1,0.9,0.0005,True,0,60,0.1,1.0,1,,disagreement,1.0,1,0.0,0.5,weight,complete,0.0,0.0,42,0,45000,5000,10000,1880016,162,0.0010000000000000002,1,60.28,0.7094250000000001,0.004130602256330218,0.703,0.7143,0.7412,0.03177499999999989,0.70995,0.7422,0.2316666666666667,0.6539041317939446,0.23491666666666666,0.6566107670009361,0.7094250000000001,resnet32,0.703,0.706,0.7530487658117305,0.5375623980706389,0.21548636770934204,resnet32,0.7092,0.7152,0.7387796692888845,0.5231904455206611,0.21558922428680075,resnet32,0.7112,0.7088,0.722448811866343,0.5054051720494912,0.21704363905486057,resnet32,0.7143,0.7098,0.7293698281388391,0.5108769976703281,0.2184928315585818,4500000.0,5000.0,18010000.0,2935630000.0,11742520000.0
resnet32x4_cifar100_K4_mwmd1_seed0001_d001,d001,resnet32:4,cifar100,4,matched,mwmd1,peers,1,200,64,0.1,0.9,0.0005,True,0,60,0.1,1.0,1,,disagreement,1.0,1,0.0,0.5,weight,complete,0.0,0.0,42,0,45000,5000,10000,1880016,163,0.0010000000000000002,1,60.23,0.711425,0.006298164415129213,0.7039,0.7211,0.7439,0.03247500000000003,0.7109000000000001,0.745,0.22630000000000003,0.6641749075759465,0.22899999999999998,0.6669726160480879,0.711425,resnet32,0.7039,0.7054,0.7535525217482989,0.5357140967707065,0.21783842461776326,resnet32,0.7086,0.7132,0.7340313787995414,0.5189994425004856,0.21503193592864342,resnet32,0.7121,0.7126,0.7236992366696623,0.501043317119845,0.22265591855499556,resnet32,0.7211,0.7124,0.7267818872562863,0.5107167550277981,0.21606513182632625,4500000.0,5000.0,18010000.0,2953640000.0,11814560000.0
resnet32x4_cifar100_K4_mwmd1_seed0001_d001,d001,resnet32:4,cifar100,4,matched,mwmd1,peers,1,200,64,0.1,0.9,0.0005,True,0,60,0.1,1.0,1,,disagreement,1.0,1,0.0,0.5,weight,complete,0.0,0.0,42,0,45000,5000,10000,1880016,164,0.0010000000000000002,1,60.45,0.710625,0.00271235598696039,0.7067,0.7132,0.7466,0.03597500000000009,0.7121,0.7458,0.22776666666666667,0.6579786153256594,0.23151666666666668,0.6575618930291799,0.710625,resnet32,0.7067,0.7076,0.7437361158345911,0.5297480920668353,0.2139880241487514,resnet32,0.7095,0.7134,0.7311140684918924,0.5147947983985598,0.21631926922550934,resnet32,0.7132,0.7178,0.7163906389508735,0.4992553234862333,0.21713531560222196,resnet32,0.7131,0.7096,0.7207485201175917,0.5020701962692494,0.21867832384834235,4500000.0,5000.0,18010000.0,2971650000.0,11886600000.0
resnet32x4_cifar100_K4_mwmd1_seed0001_d001,d001,resnet32:4,cifar100,4,matched,mwmd1,peers,1,200,64,0.1,0.9,0.0005,True,0,60,0.1,1.0,1,,disagreement,1.0,1,0.0,0.5,weight,complete,0.0,0.0,42,0,45000,5000,10000,1880016,165,0.0010000000000000002,1,60.25,0.712175,0.003664270050091832,0.7067,0.7169,0.745,0.03282499999999999,0.7115499999999999,0.7434,0.22713333333333333,0.6568793346225659,0.23068333333333335,0.6565061689215884,0.712175,resnet32,0.7067,0.7068,0.7467356899075888,0.5303006998940625,0.21643499009819192,resnet32,0.7169,0.7184,0.7297435164959594,0.513795286946168,0.21594822849147022,resnet32,0.7133,0.7132,0.7160270963795483,0.4990207661705261,0.217006330949847,resnet32,0.7118,0.7078,0.7286610157567669,0.5079105828296054,0.22075043302241035,4500000.0,5000.0,18010000.0,2989660000.0,11958640000.0
resnet32x4_cifar100_K4_mwmd1_seed0001_d001,d001,resnet32:4,cifar100,4,matched,mwmd1,peers,1,200,64,0.1,0.9,0.0005,True,0,60,0.1,1.0,1,,disagreement,1.0,1,0.0,0.5,weight,complete,0.0,0.0,42,0,45000,5000,10000,1880016,166,0.0010000000000000002,1,60.26,0.70965,0.003283671725370859,0.7064,0.7147,0.7442,0.03454999999999997,0.7100500000000001,0.744,0.22970000000000002,0.6587961019699456,0.23243333333333335,0.6615531276285115,0.70965,resnet32,0.7064,0.707,0.7512680613859133,0.526585796974938,0.22468226386064832,resnet32,0.7071,0.712,0.7368295720185746,0.509660111062906,0.227169460426508,resnet32,0.7104,0.7122,0.7077945596115156,0.49356652961366554,0.21422803098208865,resnet32,0.7147,0.709,0.7153317215429111,0.5025194783864374,0.21281224423596126,4500000.0,5000.0,18010000.0,3007670000.0,12030680000.0
resnet32x4_cifar100_K4_mwmd1_seed0001_d001,d001,resnet32:4,cifar100,4,matched,mwmd1,peers,1,200,64,0.1,0.9,0.0005,True,0,60,0.1,1.0,1,,disagreement,1.0,1,0.0,0.5,weight,complete,0.0,0.0,42,0,45000,5000,10000,1880016,167,0.0010000000000000002,1,60.13,0.713525,0.0029252136674096027,0.7092,0.7174,0.7453,0.031775,0.7121,0.746,0.22560000000000002,0.6597351475685217,0.22865000000000002,0.6600896872104763,0.713525,resnet32,0.7092,0.707,0.7532609980976717,0.5291614920662885,0.22409950575621967,resnet32,0.7133,0.7136,0.7407981578091328,0.5136543571610342,0.22714380126192488,resnet32,0.7174,0.7148,0.706280124373734,0.4935042370026084,0.21277588823894886,resnet32,0.7142,0.713,0.7138849859633907,0.5017409150658007,0.21214406999801708,4500000.0,5000.0,18010000.0,3025680000.0,12102720000.0
resnet32x4_cifar100_K4_mwmd1_seed0001_d001,d001,resnet32:4,cifar100,4,matched,mwmd1,peers,1,200,64,0.1,0.9,0.0005,True,0,60,0.1,1.0,1,,disagreement,1.0,1,0.0,0.5,weight,complete,0.0,0.0,42,0,45000,5000,10000,1880016,168,0.0010000000000000002,1,60.21,0.7106750000000001,0.0030011456145945248,0.7082,0.7158,0.7452,0.03452499999999992,0.71025,0.7428,0.23653333333333335,0.6466780877550132,0.23485,0.6542163369218351,0.7106750000000001,resnet32,0.7082,0.71,0.7494502414695241,0.5290429022755813,0.22040733935269105,resnet32,0.7096,0.7102,0.7372097609649327,0.5172838208011605,0.21992593827996065,resnet32,0.7158,0.713,0.7212278653698211,0.49573160873048683,0.22549625606784088,resnet32,0.7091,0.7078,0.7233955482528969,0.5010842756283554,0.22231127269862389,4500000.0,5000.0,18010000.0,3043690000.0,12174760000.0
resnet32x4_cifar100_K4_mwmd1_seed0001_d001,d001,resnet32:4,cifar100,4,matched,mwmd1,peers,1,200,64,0.1,0.9,0.0005,True,0,60,0.1,1.0,1,,disagreement,1.0,1,0.0,0.5,weight,complete,0.0,0.0,42,0,45000,5000,10000,1880016,169,0.0010000000000000002,1,60.06,0.7099500000000001,0.002415056935146697,0.7059,0.7122,0.7443,0.03434999999999988,0.7072999999999999,0.743,0.23673333333333332,0.6485178402589856,0.23500000000000001,0.6591306695194222,0.7099500000000001,resnet32,0.7059,0.7074,0.7428882584737783,0.5247501192868433,0.21813814041458748,resnet32,0.7112,0.7086,0.7251360836354169,0.5065117726441134,0.21862431194379248,resnet32,0.7105,0.707,0.7116022773341022,0.489478512794118,0.22212376511147755,resnet32,0.7122,0.7062,0.7175875129178166,0.49500328789211134,0.22258422362872146,4500000.0,5000.0,18010000.0,3061700000.0,12246800000.0
resnet32x4_cifar100_K4_mwmd1_seed0001_d001,d001,resnet32:4,cifar100,4,matched,mwmd1,peers,1,200,64,0.1,0.9,0.0005,True,0,60,0.1,1.0,1,,disagreement,1.0,1,0.0,0.5,weight,complete,0.0,0.0,42,0,45000,5000,10000,1880016,170,0.0010000000000000002,1,60.26,0.708,0.00113578166916002,0.7065,0.7091,0.7468,0.03880000000000006,0.70975,0.7446,0.2310333333333333,0.6580250199583207,0.23895,0.6487485689327137,0.708,resnet32,0.7065,0.7098,0.7420975443568419,0.5215654357082464,0.22053210948466917,resnet32,0.7091,0.7118,0.7356819120574404,0.5128929181532427,0.22278899441219188,resnet32,0.7091,0.707,0.7184140876104886,0.49447465573691507,0.223939432349818,resnet32,0.7073,0.7104,0.7225827991708436,0.49804547968828544,0.2245373197048056,4500000.0,5000.0,18010000.0,3079710000.0,12318840000.0
resnet32x4_cifar100_K4_mwmd1_seed0001_d001,d001,resnet32:4,cifar100,4,matched,mwmd1,peers,1,200,64,0.1,0.9,0.0005,True,0,60,0.1,1.0,1,,disagreement,1.0,1,0.0,0.5,weight,complete,0.0,0.0,42,0,45000,5000,10000,1880016,171,0.0010000000000000002,1,60.28,0.709625,0.003158619160329411,0.7059,0.7146,0.746,0.036375000000000046,0.7098,0.7498,0.23563333333333333,0.6460922138422586,0.2369,0.6601444485095906,0.709625,resnet32,0.7059,0.7044,0.7382280557755042,0.5190912075975741,0.21913684864359145,resnet32,0.7085,0.7122,0.7260140354575758,0.5066070764918219,0.2194069599394094,resnet32,0.7095,0.7108,0.7085013739256696,0.48723428950391034,0.22126708444292573,resnet32,0.7146,0.7118,0.7184574349190701,0.49604504593563353,0.2224123888776045,4500000.0,5000.0,18010000.0,3097720000.0,12390880000.0
resnet32x4_cifar100_K4_mwmd1_seed0001_d001,d001,resnet32:4,cifar100,4,matched,mwmd1,peers,1,200,64,0.1,0.9,0.0005,True,0,60,0.1,1.0,1,,disagreement,1.0,1,0.0,0.5,weight,complete,0.0,0.0,42,0,45000,5000,10000,1880016,172,0.0010000000000000002,1,60.32,0.7074499999999999,0.0031388692231439004,0.7048,0.7127,0.7444,0.03695000000000004,0.7093,0.7486,0.23639999999999997,0.6536009724498195,0.24061666666666667,0.6508040217423648,0.7074499999999999,resnet32,0.7048,0.7078,0.7405874185602773,0.5211356733078983,0.21945174408822574,resnet32,0.7053,0.7108,0.7264043825085867,0.5073625900020654,0.21904179239010607,resnet32,0.707,0.7064,0.7070013796063986,0.4853327379942956,0.22166864116760818,resnet32,0.7127,0.7122,0.7183996469883079,0.49578515781005,0.22261448834218422,4500000.0,5000.0,18010000.0,3115730000.0,12462920000.0
resnet32x4_cifar100_K4_mwmd1_seed0001_d001,d001,resnet32:4,cifar100,4,matched,mwmd1,peers,1,200,64,0.1,0.9,0.0005,True,0,60,0.1,1.0,1,,disagreement,1.0,1,0.0,0.5,weight,complete,0.0,0.0,42,0,45000,5000,10000,1880016,173,0.0010000000000000002,1,60.15,0.709775,0.00452845172216728,0.7035,0.7161,0.742,0.03222499999999995,0.7088,0.7448,0.23293333333333335,0.659051247076009,0.23513333333333333,0.6548638468406289,0.709775,resnet32,0.7035,0.7086,0.7446802930737083,0.5191445889967409,0.2255357040346346,resnet32,0.7086,0.7018,0.7214935103600676,0.49903610310601915,0.2224574055607346,resnet32,0.7109,0.7148,0.7130304457281124,0.4826375713614239,0.2303928739221936,resnet32,0.7161,0.71,0.7135023772716522,0.49146385973488743,0.2220385174309327,4500000.0,5000.0,18010000.0,3133740000.0,12534960000.0
resnet32x4_cifar100_K4_mwmd1_seed0001_d001,d001,resnet32:4,cifar100,4,matched,mwmd1,peers,1,200,64,0.1,0.9,0.0005,True,0,60,0.1,1.0,1,,disagreement,1.0,1,0.0,0.5,weight,complete,0.0,0.0,42,0,45000,5000,10000,1880016,174,0.0010000000000000002,1,60.18,0.71025,0.0031004031995855367,0.7051,0.7134,0.7466,0.03634999999999999,0.71185,0.7458,0.23513333333333333,0.6453522241657591,0.23848333333333335,0.6473374031162432,0.71025,resnet32,0.7051,0.7102,0.7319943031973459,0.5114870950240981,0.22050720806741578,resnet32,0.7113,0.7098,0.7210708259689537,0.5013608584095809,0.21970996650105173,resnet32,0.7134,0.713,0.7026808741925792,0.4798863400620493,0.2227945330722088,resnet32,0.7112,0.7144,0.7127802761017599,0.48828494184735144,0.22449533383107997,4500000.0,5000.0,18010000.0,3151750000.0,12607000000.0
resnet32x4_cifar100_K4_mwmd1_seed0001_d001,d001,resnet32:4,cifar100,4,matched,mwmd1,peers,1,200,64,0.1,0.9,0.0005,True,0,60,0.1,1.0,1,,disagreement,1.0,1,0.0,0.5,weight,complete,0.0,0.0,42,0,45000,5000,10000,1880016,175,0.0010000000000000002,1,60.3,0.7082,0.003993119081620267,0.7044,0.7149,0.7464,0.0381999999999999,0.7088,0.7468,0.23516666666666666,0.6495589238066822,0.2417,0.6471740558271829,0.7082,resnet32,0.7044,0.7036,0.7433658677407287,0.5126080457121134,0.23075782219794663,resnet32,0.7064,0.708,0.7327267173254355,0.4988269855437631,0.23389973110434684,resnet32,0.7071,0.7064,0.7039946181360971,0.4829509309916334,0.22104368712329728,resnet32,0.7149,0.7172,0.7088755381039598,0.4890636023641987,0.21981193652291867,4500000.0,5000.0,18010000.0,3169760000.0,12679040000.0
resnet32x4_cifar100_K4_mwmd1_seed0001_d001,d001,resnet32:4,cifar100,4,matched,mwmd1,peers,1,200,64,0.1,0.9,0.0005,True,0,60,0.1,1.0,1,,disagreement,1.0,1,0.0,0.5,weight,complete,0.0,0.0,42,0,45000,5000,10000,1880016,176,0.0010000000000000002,1,60.33,0.7097249999999999,0.0036148132731857767,0.7066,0.7156,0.7472,0.037475000000000036,0.7094499999999999,0.742,0.23256666666666667,0.654702642492316,0.2386,0.6504004324733322,0.7097249999999999,resnet32,0.7066,0.707,0.7374628582884643,0.5106657773933627,0.22679708165709267,resnet32,0.7069,0.7094,0.7275483745404265,0.4983866807623682,0.2291616952702911,resnet32,0.7098,0.7136,0.6974523735486649,0.4786451803308658,0.21880719275213778,resnet32,0.7156,0.7078,0.7039796002632515,0.48562351703135803,0.21835608291439712,4500000.0,5000.0,18010000.0,3187770000.0,12751080000.0
resnet32x4_cifar100_K4_mwmd1_seed0001_d001,d001,resnet32:4,cifar100,4,matched,mwmd1,peers,1,200,64,0.1,0.9,0.0005,True,0,60,0.1,1.0,1,,disagreement,1.0,1,0.0,0.5,weight,complete,0.0,0.0,42,0,45000,5000,10000,1880016,177,0.0010000000000000002,1,60.3,0.709475,0.005319480707738307,0.7016,0.7166,0.7436,0.03412500000000007,0.7102999999999999,0.7442,0.23693333333333336,0.6517936112147305,0.238,0.6508520116843368,0.709475,resnet32,0.7016,0.7066,0.7427473685450174,0.5145752390592613,0.22817212899892844,resnet32,0.7101,0.7076,0.7224898612211373,0.49842973527583206,0.22406012600880454,resnet32,0.7096,0.7152,0.7134523086503826,0.4792586054483598,0.23419370474717158,resnet32,0.7166,0.7118,0.7128075952218338,0.48687149171548133,0.2259361042577604,4500000.0,5000.0,18010000.0,3205780000.0,12823120000.0
resnet32x4_cifar100_K4_mwmd1_seed0001_d001,d001,resnet32:4,cifar100,4,matched,mwmd1,peers,1,200,64,0.1,0.9,0.0005,True,0,60,0.1,1.0,1,,disagreement,1.0,1,0.0,0.5,weight,complete,0.0,0.0,42,0,45000,5000,10000,1880016,178,0.0010000000000000002,1,60.16,0.7085250000000001,0.0038120696478422,0.7033,0.7132,0.746,0.037474999999999925,0.7106,0.7454,0.23293333333333335,0.6506997250473884,0.2399,0.6462396569080787,0.7085250000000001,resnet32,0.7033,0.7098,0.7368382356044921,0.5073372244157575,0.2295010109453208,resnet32,0.7109,0.7114,0.7272065532055091,0.49518078032203694,0.23202577292580495,resnet32,0.7067,0.7124,0.6962533626620743,0.47620176219127397,0.22005160042846744,resnet32,0.7132,0.7088,0.7025230752981522,0.48341306868347933,0.2191100064559247,4500000.0,5000.0,18010000.0,3223790000.0,12895160000.0
resnet32x4_cifar100_K4_mwmd1_seed0001_d001,d001,resnet32:4,cifar100,4,matched,mwmd1,peers,1,200,64,0.1,0.9,0.0005,True,0,60,0.1,1.0,1,,disagreement,1.0,1,0.0,0.5,weight,complete,0.0,0.0,42,0,45000,5000,10000,1880016,179,0.0010000000000000002,1,60.15,0.7085,0.0027658633371878847,0.7038,0.7106,0.7467,0.03820000000000001,0.7083999999999999,0.7438,0.2361,0.6479750838250352,0.24243333333333336,0.6431028489974165,0.7085,resnet32,0.7038,0.703,0.7350822468711571,0.510131530738859,0.22495071693662216,resnet32,0.7092,0.711,0.7174538069573994,0.4929801378060471,0.2244736694265157,resnet32,0.7104,0.7126,0.7051239382390949,0.47765858592042193,0.22746535348282618,resnet32,0.7106,0.707,0.7133997716856274,0.483782786113972,0.2296169843863357,4500000.0,5000.0,18010000.0,3241800000.0,12967200000.0
resnet32x4_cifar100_K4_mwmd1_seed0001_d001,d001,resnet32:4,cifar100,4,matched,mwmd1,peers,1,200,64,0.1,0.9,0.0005,True,0,60,0.1,1.0,1,,disagreement,1.0,1,0.0,0.5,weight,complete,0.0,0.0,42,0,45000,5000,10000,1880016,180,0.00010000000000000003,1,60.36,0.7149,0.0022045407685048765,0.7111,0.7165,0.7468,0.03190000000000004,0.715,0.7522,0.2251,0.6622503481229257,0.22951666666666662,0.6577115986143571,0.7149,resnet32,0.7111,0.7108,0.679334711918438,0.47843970193273644,0.2008950106312775,resnet32,0.7165,0.718,0.6655639634806324,0.4647570811423727,0.20080688209484585,resnet32,0.7161,0.7176,0.6506307284263048,0.4484539349055426,0.2021767952881584,resnet32,0.7159,0.7136,0.6616780159317635,0.4564380082725124,0.20524000746875323,4500000.0,5000.0,18010000.0,3259810000.0,13039240000.0
resnet32x4_cifar100_K4_mwmd1_seed0001_d001,d001,resnet32:4,cifar100,4,matched,mwmd1,peers,1,200,64,0.1,0.9,0.0005,True,0,60,0.1,1.0,1,,disagreement,1.0,1,0.0,0.5,weight,complete,0.0,0.0,42,0,45000,5000,10000,1880016,181,0.00010000000000000003,1,60.24,0.714375,0.0028577744837547984,0.7095,0.7165,0.7465,0.03212500000000007,0.7134,0.7512,0.21946666666666667,0.6742899023635816,0.22691666666666666,0.6638016142028044,0.714375,resnet32,0.7095,0.7092,0.6641643720424988,0.46664385266856034,0.19752051859078082,resnet32,0.7152,0.7168,0.6481198830191385,0.45303349814970384,0.19508638537742876,resnet32,0.7163,0.7148,0.6387244323691861,0.43578386727974494,0.2029405649412762,resnet32,0.7165,0.7128,0.6419245180758563,0.4452465647746893,0.1966779522110962,4500000.0,5000.0,18010000.0,3277820000.0,13111280000.0
resnet32x4_cifar100_K4_mwmd1_seed0001_d001,d001,resnet32:4,cifar100,4,matched,mwmd1,peers,1,200,64,0.1,0.9,0.0005,True,0,60,0.1,1.0,1,,disagreement,1.0,1,0.0,0.5,weight,complete,0.0,0.0,42,0,45000,5000,10000,1880016,182,0.00010000000000000003,1,60.27,0.7174999999999999,0.0014594519519326242,0.7156,0.7192,0.7503,0.03280000000000005,0.71405,0.7498,0.22266666666666668,0.6633478699018741,0.22836666666666663,0.6565434605897534,0.7174999999999999,resnet32,0.7156,0.7112,0.6624556351029738,0.4633858177641576,0.1990698174869811,resnet32,0.7166,0.7202,0.6512585633688353,0.4494113296016373,0.2018472337671979,resnet32,0.7192,0.7144,0.6230729180811481,0.43490555258044467,0.18816736483396115,resnet32,0.7186,0.7104,0.630148867610842,0.44160346629690717,0.18854540134568445,4500000.0,5000.0,18010000.0,3295830000.0,13183320000.0
resnet32x4_cifar100_K4_mwmd1_seed0001_d001,d001,resnet32:4,cifar100,4,matched,mwmd1,peers,1,200,64,0.1,0.9,0.0005,True,0,60,0.1,1.0,1,,disagreement,1.0,1,0.0,0.5,weight,complete,0.0,0.0,42,0,45000,5000,10000,1880016,183,0.00010000000000000003,1,60.35,0.715775,0.0014855554516745514,0.7137,0.7179,0.7467,0.03092499999999998,0.71485,0.7514,0.22699999999999998,0.6603362990660177,0.2288,0.6621161586488943,0.715775,resnet32,0.7137,0.709,0.6562753975476053,0.4608484834686599,0.1954269138143652,resnet32,0.7158,0.7184,0.6411927839402448,0.4484634942332791,0.1927292896857993,resnet32,0.7157,0.7174,0.6299766945567998,0.43143463964489376,0.19854205597022717,resnet32,0.7179,0.7146,0.6305623860098422,0.4363086763557724,0.19425370851108295,4500000.0,5000.0,18010000.0,3313840000.0,13255360000.0
resnet32x4_cifar100_K4_mwmd1_seed0001_d001,d001,resnet32:4,cifar100,4,matched,mwmd1,peers,1,200,64,0.1,0.9,0.0005,True,0,60,0.1,1.0,1,,disagreement,1.0,1,0.0,0.5,weight,complete,0.0,0.0,42,0,45000,5000,10000,1880016,184,0.00010000000000000003,1,60.33,0.715925,0.0007725768570181125,0.7149,0.717,0.7476,0.03167500000000001,0.7152,0.75,0.22136666666666668,0.6730556255065583,0.22775,0.660687333782498,0.715925,resnet32,0.7149,0.712,0.6432402327826078,0.45494374687868083,0.18829648667650128,resnet32,0.7162,0.714,0.630252796987241,0.4422240351877091,0.18802876160903412,resnet32,0.7156,0.7182,0.6142495321533219,0.42469502526166086,0.18955450725149026,resnet32,0.717,0.7166,0.6228170836852356,0.43007307359948754,0.19274400936608965,4500000.0,5000.0,18010000.0,3331850000.0,13327400000.0
resnet32x4_cifar100_K4_mwmd1_seed0001_d001,d001,resnet32:4,cifar100,4,matched,mwmd1,peers,1,200,64,0.1,0.9,0.0005,True,0,60,0.1,1.0,1,,disagreement,1.0,1,0.0,0.5,weight,complete,0.0,0.0,42,0,45000,5000,10000,1880016,185,0.00010000000000000003,1,60.23,0.7167250000000001,0.0024903564001965742,0.7127,0.7195,0.75,0.033274999999999944,0.7154,0.7512,0.22366666666666665,0.6616598398103483,0.2284333333333333,0.6520082185728765,0.7167250000000001,resnet32,0.7127,0.7108,0.6461209596812048,0.4566108056301759,0.18951015410394492,resnet32,0.7171,0.72,0.6312934271567925,0.4429754805539481,0.1883179460525174,resnet32,0.7176,0.7172,0.6194499847055837,0.4288410480472852,0.19060893640430135,resnet32,0.7195,0.7136,0.6267863356677646,0.4333759877746078,0.19341034832706844,4500000.0,5000.0,18010000.0,3349860000.0,13399440000.0
resnet32x4_cifar100_K4_mwmd1_seed0001_d001,d001,resnet32:4,cifar100,4,matched,mwmd1,peers,1,200,64,0.1,0.9,0.0005,True,0,60,0.1,1.0,1,,disagreement,1.0,1,0.0,0.5,weight,complete,0.0,0.0,42,0,45000,5000,10000,1880016,186,0.00010000000000000003,1,60.14,0.7155,0.0016355427233796073,0.7133,0.7174,0.7496,0.03410000000000002,0.7154,0.7516,0.22253333333333336,0.6632860762844098,0.22913333333333333,0.6614605880311452,0.7155,resnet32,0.7133,0.7104,0.6477570153603499,0.4534916185604578,0.19426539732905274,resnet32,0.7174,0.7198,0.6294626899232919,0.4395302683961662,0.1899324218869548,resnet32,0.7146,0.7172,0.6241418093612249,0.4260946804318916,0.19804712944791059,resnet32,0.7167,0.7142,0.6213064716112885,0.43003085776316846,0.19127561473710972,4500000.0,5000.0,18010000.0,3367870000.0,13471480000.0
resnet32x4_cifar100_K4_mwmd1_seed0001_d001,d001,resnet32:4,cifar100,4,matched,mwmd1,peers,1,200,64,0.1,0.9,0.0005,True,0,60,0.1,1.0,1,,disagreement,1.0,1,0.0,0.5,weight,complete,0.0,0.0,42,0,45000,5000,10000,1880016,187,0.00010000000000000003,1,60.21,0.715675,0.002619518085450063,0.7115,0.7185,0.7491,0.03342500000000004,0.7147999999999999,0.7548,0.22396666666666668,0.665006155013374,0.22948333333333337,0.6581995953156595,0.715675,resnet32,0.7115,0.7104,0.6478658304973082,0.45505944884974847,0.19280638221905314,resnet32,0.7156,0.7186,0.6320797005160288,0.44289609288204124,0.1891836067767475,resnet32,0.7185,0.714,0.6242766058157113,0.42724466522816906,0.1970319409897043,resnet32,0.7171,0.7162,0.621060545344583,0.4300645923411304,0.19099595364902847,4500000.0,5000.0,18010000.0,3385880000.0,13543520000.0
resnet32x4_cifar100_K4_mwmd1_seed0001_d001,d001,resnet32:4,cifar100,4,matched,mwmd1,peers,1,200,64,0.1,0.9,0.0005,True,0,60,0.1,1.0,1,,disagreement,1.0,1,0.0,0.5,weight,complete,0.0,0.0,42,0,45000,5000,10000,1880016,188,0.00010000000000000003,1,60.15,0.7159,0.0012786711852544339,0.715,0.7181,0.7498,0.03390000000000004,0.7151000000000001,0.7508,0.2197,0.6719875144052131,0.22945000000000002,0.6560023492410156,0.7159,resnet32,0.7151,0.7108,0.6448263396000997,0.45244520144875755,0.19238113837358964,resnet32,0.7154,0.7196,0.625972347122363,0.4370335481679914,0.18893879974811253,resnet32,0.715,0.7162,0.6191867936656557,0.4227219251492484,0.19646486826241016,resnet32,0.7181,0.7138,0.6175638962198388,0.4264088702303442,0.1911550259365785,4500000.0,5000.0,18010000.0,3403890000.0,13615560000.0
resnet32x4_cifar100_K4_mwmd1_seed0001_d001,d001,resnet32:4,cifar100,4,matched,mwmd1,peers,1,200,64,0.1,0.9,0.0005,True,0,60,0.1,1.0,1,,disagreement,1.0,1,0.0,0.5,weight,complete,0.0,0.0,42,0,45000,5000,10000,1880016,189,0.00010000000000000003,1,60.24,0.7161500000000001,0.0027078589328102007,0.7116,0.7187,0.7504,0.03424999999999989,0.7142,0.7486,0.22203333333333333,0.6681951053839302,0.23196666666666665,0.6531388033909273,0.7161500000000001,resnet32,0.7116,0.7108,0.6417936148037288,0.45188413477841427,0.18990948020522905,resnet32,0.7169,0.7168,0.6279959949156777,0.43942270732738753,0.18857328860427847,resnet32,0.7174,0.7136,0.614199174060063,0.423241196221418,0.19095797671682455,resnet32,0.7187,0.7156,0.6226372201080349,0.42840669194067066,0.19423052897168833,4500000.0,5000.0,18010000.0,3421900000.0,13687600000.0
resnet32x4_cifar100_K4_mwmd1_seed0001_d001,d001,resnet32:4,cifar100,4,matched,mwmd1,peers,1,200,64,0.1,0.9,0.0005,True,0,60,0.1,1.0,1,,disagreement,1.0,1,0.0,0.5,weight,complete,0.0,0.0,42,0,45000,5000,10000,1880016,190,0.00010000000000000003,1,60.25,0.715575,0.0014652218262092426,0.7135,0.7171,0.7512,0.03562500000000002,0.7164,0.7506,0.2228,0.6630409979536761,0.2323166666666667,0.6537421950785215,0.715575,resnet32,0.7135,0.7118,0.6404518893581223,0.4517759439027445,0.188675945518877,resnet32,0.7149,0.7202,0.6276973320848562,0.4396280686752024,0.18806926325090567,resnet32,0.7168,0.717,0.6116225610233166,0.4221097282980653,0.18951283282050016,resnet32,0.7171,0.7166,0.621759155722843,0.4299624698786912,0.1917966860240664,4500000.0,5000.0,18010000.0,3439910000.0,13759640000.0
resnet32x4_cifar100_K4_mwmd1_seed0001_d001,d001,resnet32:4,cifar100,4,matched,mwmd1,peers,1,200,64,0.1,0.9,0.0005,True,0,60,0.1,1.0,1,,disagreement,1.0,1,0.0,0.5,weight,complete,0.0,0.0,42,0,45000,5000,10000,1880016,191,0.00010000000000000003,1,60.35,0.716675,0.0019305115902267984,0.7134,0.7184,0.7487,0.03202500000000008,0.7136,0.7496,0.221,0.6694120859654501,0.2313333333333333,0.655814188398432,0.716675,resnet32,0.7134,0.7094,0.6394872558303177,0.45077833177691157,0.18870892394757408,resnet32,0.7175,0.717,0.6213482508689843,0.4352245738899166,0.18612367661923848,resnet32,0.7174,0.7142,0.607967687051066,0.42011762429452076,0.18785006165589122,resnet32,0.7184,0.7138,0.6197045360776511,0.4275236480276693,0.192180887658403,4500000.0,5000.0,18010000.0,3457920000.0,13831680000.0
resnet32x4_cifar100_K4_mwmd1_seed0001_d001,d001,resnet32:4,cifar100,4,matched,mwmd1,peers,1,200,64,0.1,0.9,0.0005,True,0,60,0.1,1.0,1,,disagreement,1.0,1,0.0,0.5,weight,complete,0.0,0.0,42,0,45000,5000,10000,1880016,192,0.00010000000000000003,1,60.21,0.7153499999999999,0.00205243757517735,0.7122,0.7179,0.7482,0.032850000000000046,0.71395,0.7494,0.22336666666666669,0.6632415368613551,0.23171666666666665,0.6575588816880614,0.7153499999999999,resnet32,0.7122,0.7084,0.6390265602279793,0.4470528744965453,0.19197368568910117,resnet32,0.716,0.7176,0.620551353955472,0.43269282490523026,0.1878585300027308,resnet32,0.7153,0.7154,0.6132261952893301,0.41798675394701684,0.19523944219955328,resnet32,0.7179,0.7144,0.6131121904419904,0.42445888607339427,0.18865330402993344,4500000.0,5000.0,18010000.0,3475930000.0,13903720000.0
resnet32x4_cifar100_K4_mwmd1_seed0001_d001,d001,resnet32:4,cifar100,4,matched,mwmd1,peers,1,200,64,0.1,0.9,0.0005,True,0,60,0.1,1.0,1,,disagreement,1.0,1,0.0,0.5,weight,complete,0.0,0.0,42,0,45000,5000,10000,1880016,193,0.00010000000000000003,1,60.82,0.71645,0.002286372673034725,0.714,0.7202,0.7515,0.035049999999999915,0.71415,0.7532,0.22506666666666666,0.6624205744099317,0.23278333333333334,0.6555352235408591,0.71645,resnet32,0.714,0.7112,0.6432846797291528,0.45028618579222396,0.19299849407451058,resnet32,0.7158,0.715,0.6251613032072783,0.43571616264737467,0.1894451401894912,resnet32,0.7158,0.716,0.6175298711115663,0.42011895593763754,0.1974109161052514,resnet32,0.7202,0.7144,0.6161627785556696,0.42505899287590926,0.19110378582792525,4500000.0,5000.0,18010000.0,3493940000.0,13975760000.0
resnet32x4_cifar100_K4_mwmd1_seed0001_d001,d001,resnet32:4,cifar100,4,matched,mwmd1,peers,1,200,64,0.1,0.9,0.0005,True,0,60,0.1,1.0,1,,disagreement,1.0,1,0.0,0.5,weight,complete,0.0,0.0,42,0,45000,5000,10000,1880016,194,0.00010000000000000003,1,60.42,0.7172999999999999,0.0021505813167606597,0.714,0.7199,0.7492,0.03190000000000004,0.7153,0.7516,0.2239,0.6657773310653756,0.22805,0.6595872509904138,0.7172999999999999,resnet32,0.714,0.7122,0.6333342396061529,0.44502302195707505,0.18831121832640332,resnet32,0.7171,0.7178,0.6238561215895143,0.4346620894926177,0.18919403121849013,resnet32,0.7199,0.7166,0.6064083325591955,0.41567021204074,0.19073812060312115,resnet32,0.7182,0.7146,0.6135348285633054,0.42188169034621253,0.19165313889441843,4500000.0,5000.0,18010000.0,3511950000.0,14047800000.0
resnet32x4_cifar100_K4_mwmd1_seed0001_d001,d001,resnet32:4,cifar100,4,matched,mwmd1,peers,1,200,64,0.1,0.9,0.0005,True,0,60,0.1,1.0,1,,disagreement,1.0,1,0.0,0.5,weight,complete,0.0,0.0,42,0,45000,5000,10000,1880016,195,0.00010000000000000003,1,60.09,0.716925,0.0019109879643786378,0.7137,0.7187,0.7496,0.03267500000000001,0.7156,0.7516,0.22519999999999998,0.6561000964858633,0.22998333333333335,0.6547282351032994,0.716925,resnet32,0.7137,0.7102,0.6378226470286873,0.44569404296238313,0.1921286037699743,resnet32,0.7187,0.716,0.6212613156319342,0.4329851879949935,0.1882761268431998,resnet32,0.7177,0.7184,0.6127115979960019,0.41610739435153926,0.1966042029671371,resnet32,0.7176,0.7178,0.6149215967055749,0.4250197757712819,0.189901820786128,4500000.0,5000.0,18010000.0,3529960000.0,14119840000.0
resnet32x4_cifar100_K4_mwmd1_seed0001_d001,d001,resnet32:4,cifar100,4,matched,mwmd1,peers,1,200,64,0.1,0.9,0.0005,True,0,60,0.1,1.0,1,,disagreement,1.0,1,0.0,0.5,weight,complete,0.0,0.0,42,0,45000,5000,10000,1880016,196,0.00010000000000000003,1,60.23,0.7168749999999999,0.0032637210358729936,0.7115,0.7199,0.7497,0.032825000000000104,0.7169000000000001,0.7524,0.22039999999999996,0.6662088659596856,0.2288666666666667,0.6558673501067794,0.7168749999999999,resnet32,0.7115,0.7104,0.640419946602461,0.4431704924738204,0.19724945483771575,resnet32,0.7199,0.7232,0.6336741334843364,0.43263490618714556,0.2010392266939479,resnet32,0.7171,0.7176,0.6034886214712804,0.4183880014302717,0.18510061933193356,resnet32,0.719,0.7164,0.6068715282123197,0.42222204931419005,0.1846494774058969,4500000.0,5000.0,18010000.0,3547970000.0,14191880000.0
resnet32x4_cifar100_K4_mwmd1_seed0001_d001,d001,resnet32:4,cifar100,4,matched,mwmd1,peers,1,200,64,0.1,0.9,0.0005,True,0,60,0.1,1.0,1,,disagreement,1.0,1,0.0,0.5,weight,complete,0.0,0.0,42,0,45000,5000,10000,1880016,197,0.00010000000000000003,1,60.33,0.7167749999999999,0.0013045593125649653,0.7154,0.7188,0.7501,0.03332500000000005,0.7161,0.7482,0.2226,0.6648113315083072,0.23005,0.6545750739437474,0.7167749999999999,resnet32,0.7159,0.7104,0.6391887981021269,0.4447317774280567,0.1944570206952366,resnet32,0.717,0.7172,0.6211545720950447,0.432426304387098,0.18872826723170213,resnet32,0.7188,0.722,0.6139513005671854,0.4159291888248514,0.19802211060993036,resnet32,0.7154,0.7148,0.6116845986213196,0.4209399868691848,0.190744611360556,4500000.0,5000.0,18010000.0,3565980000.0,14263920000.0
resnet32x4_cifar100_K4_mwmd1_seed0001_d001,d001,resnet32:4,cifar100,4,matched,mwmd1,peers,1,200,64,0.1,0.9,0.0005,True,0,60,0.1,1.0,1,,disagreement,1.0,1,0.0,0.5,weight,complete,0.0,0.0,42,0,45000,5000,10000,1880016,198,0.00010000000000000003,1,60.32,0.715775,0.0021229401781491415,0.7122,0.7177,0.7481,0.03232499999999994,0.7149000000000001,0.7502,0.22290000000000001,0.6653967665758168,0.23073333333333335,0.6563069645017096,0.715775,resnet32,0.7122,0.7114,0.6395107515325601,0.4439925330648707,0.1955182189756835,resnet32,0.7169,0.7146,0.6289891822009601,0.43039957082576374,0.19858961120586505,resnet32,0.7163,0.7174,0.6017509451220658,0.4170477822930975,0.18470316304063256,resnet32,0.7177,0.7162,0.6079274407926608,0.4231147869193757,0.18481265410611575,4500000.0,5000.0,18010000.0,3583990000.0,14335960000.0
resnet32x4_cifar100_K4_mwmd1_seed0001_d001,d001,resnet32:4,cifar100,4,matched,mwmd1,peers,1,200,64,0.1,0.9,0.0005,True,0,60,0.1,1.0,1,,disagreement,1.0,1,0.0,0.5,weight,complete,0.0,0.0,42,0,45000,5000,10000,1880016,199,0.00010000000000000003,1,60.32,0.716975,0.0025897635027160087,0.7133,0.7197,0.7507,0.033725000000000005,0.71555,0.7508,0.22583333333333333,0.6589927741495156,0.23131666666666664,0.6529845272821613,0.716975,resnet32,0.7133,0.7102,0.632203277835453,0.44335442125289276,0.18884885501624507,resnet32,0.7158,0.7186,0.620909511831335,0.4314512101383033,0.18945830125912008,resnet32,0.7191,0.717,0.6045846797271885,0.41363052520054305,0.1909541541668163,resnet32,0.7197,0.7164,0.6107200014150955,0.4183296905407174,0.192390309964222,4500000.0,5000.0,18010000.0,3602000000.0,14408000000.0
