run_id,run_tag,cohort,dataset,K,arm,arm_label,target,seed,epochs,batch_size,base_lr,momentum,weight_decay,nesterov,graph_seed,lr_step,lr_gamma,kd_T,k_matchings,k_anneal,match_weight,kappa,rematch_every_epochs,recency_lambda,recency_gamma,peel_weighting,graph,label_noise_rate,actual_noise_rate,noise_seed,split_seed,n_train,n_valid,n_test,cohort_params,epoch,lr,k_current,epoch_seconds,avg_test_acc,std_test_acc,min_test_acc,max_test_acc,ensemble_test_acc,ens_minus_avg_test,avg_val_acc,ensemble_val_acc,disagreement_val,rho_val,disagreement_test,rho_test,avg_test_acc_lenet,model_00_arch,model_00_test_acc,model_00_val_acc,model_00_train_loss,model_00_ce_loss,model_00_kd_loss,model_01_arch,model_01_test_acc,model_01_val_acc,model_01_train_loss,model_01_ce_loss,model_01_kd_loss,model_02_arch,model_02_test_acc,model_02_val_acc,model_02_train_loss,model_02_ce_loss,model_02_kd_loss,model_03_arch,model_03_test_acc,model_03_val_acc,model_03_train_loss,model_03_ce_loss,model_03_kd_loss,model_04_arch,model_04_test_acc,model_04_val_acc,model_04_train_loss,model_04_ce_loss,model_04_kd_loss,model_05_arch,model_05_test_acc,model_05_val_acc,model_05_train_loss,model_05_ce_loss,model_05_kd_loss,model_06_arch,model_06_test_acc,model_06_val_acc,model_06_train_loss,model_06_ce_loss,model_06_kd_loss,model_07_arch,model_07_test_acc,model_07_val_acc,model_07_train_loss,model_07_ce_loss,model_07_kd_loss,model_08_arch,model_08_test_acc,model_08_val_acc,model_08_train_loss,model_08_ce_loss,model_08_kd_loss,model_09_arch,model_09_test_acc,model_09_val_acc,model_09_train_loss,model_09_ce_loss,model_09_kd_loss,model_10_arch,model_10_test_acc,model_10_val_acc,model_10_train_loss,model_10_ce_loss,model_10_kd_loss,model_11_arch,model_11_test_acc,model_11_val_acc,model_11_train_loss,model_11_ce_loss,model_11_kd_loss,comm_logit_floats_epoch,comm_matcher_ints_epoch,comm_bytes_epoch,comm_bytes_cum,comm_bytes_cum_cohort
lenetx12_cifar100_K12_topo-rregular3_seed0005_d013,d013,lenet:12,cifar100,12,topology,topo-rregular3,peers,5,200,64,0.1,0.9,0.0005,True,5,60,0.1,1.0,1,,disagreement,1.0,1,0.0,0.5,weight,rregular:3,0.0,0.0,42,0,45000,5000,10000,1089312,0,0.1,3,23.62,0.05204999999999999,0.007452907709970205,0.0381,0.0633,0.0598,0.007750000000000007,0.051383333333333336,0.0584,0.723033333333333,0.3928240030900426,0.729098484848485,0.3833729832489281,0.05204999999999999,lenet,0.0568,0.0604,4.455843484537168,4.342827544632283,0.11301594393642683,lenet,0.0474,0.0488,4.471588681367311,4.363359607756138,0.10822907103184579,lenet,0.0507,0.0486,4.461660022085363,4.355780473148281,0.10587954900455027,lenet,0.0554,0.0534,4.458106722344052,4.352268901060928,0.10583781813064971,lenet,0.0633,0.0648,4.443560971455141,4.33682941171256,0.1067315574427167,lenet,0.0475,0.0518,4.457403938201341,4.342966824092648,0.11443712392131354,lenet,0.0514,0.0456,4.497638359665871,4.3891870325261895,0.10845133562675487,lenet,0.0381,0.0356,4.568670742213726,4.443891737271439,0.12477900766977902,lenet,0.043,0.0424,4.4779506806622855,4.361753851852634,0.1161968197206575,lenet,0.0486,0.0506,4.450730702416464,4.339642642573877,0.11108805499679875,lenet,0.0629,0.0566,4.361244235526431,4.2402683388103135,0.12097590530571654,lenet,0.0595,0.058,4.3724790872498,4.250084925442934,0.12239416462266077,13500000.0,0.0,54000000.0,54000000.0,648000000.0
lenetx12_cifar100_K12_topo-rregular3_seed0005_d013,d013,lenet:12,cifar100,12,topology,topo-rregular3,peers,5,200,64,0.1,0.9,0.0005,True,5,60,0.1,1.0,1,,disagreement,1.0,1,0.0,0.5,weight,rregular:3,0.0,0.0,42,0,45000,5000,10000,1089312,1,0.1,3,23.06,0.052941666666666665,0.015805772064519833,0.0133,0.0716,0.0818,0.028858333333333333,0.05123333333333333,0.075,0.7847333333333335,0.3228071217555798,0.7894606060606059,0.3085648545000748,0.052941666666666665,lenet,0.0588,0.0538,4.292872535572811,4.12403087250211,0.16884166790722785,lenet,0.0538,0.0516,4.354010575874285,4.1806430230763825,0.1733675480037081,lenet,0.0431,0.0404,4.290732857517221,4.1282885287973015,0.1624443300745704,lenet,0.0594,0.059,4.247684194621715,4.102560751817443,0.14512344064529648,lenet,0.0133,0.0152,4.424914119257168,4.2284950796853416,0.1964190376350995,lenet,0.0676,0.0656,4.294484507969835,4.136393042789265,0.1580914703980935,lenet,0.0636,0.0654,4.288881445811554,4.143019643019546,0.1458617940291085,lenet,0.043,0.04,4.364883822473613,4.198884544047442,0.16599927499720996,lenet,0.0653,0.067,4.281219699843363,4.096412816846913,0.1848068861819973,lenet,0.0362,0.034,4.298120294104923,4.140041426162828,0.15807885735888372,lenet,0.0596,0.0558,4.27817002446814,4.113839992068031,0.16433003332084892,lenet,0.0716,0.067,4.280364027754827,4.112549464810979,0.16781455849890003,13500000.0,0.0,54000000.0,108000000.0,1296000000.0
lenetx12_cifar100_K12_topo-rregular3_seed0005_d013,d013,lenet:12,cifar100,12,topology,topo-rregular3,peers,5,200,64,0.1,0.9,0.0005,True,5,60,0.1,1.0,1,,disagreement,1.0,1,0.0,0.5,weight,rregular:3,0.0,0.0,42,0,45000,5000,10000,1089312,2,0.1,3,22.93,0.06580000000000001,0.022937669163772212,0.01,0.0947,0.0917,0.025899999999999992,0.06634999999999999,0.0958,0.8389606060606061,0.2475980072984155,0.8462878787878786,0.25641706242673423,0.06580000000000001,lenet,0.0947,0.0966,4.269196466288784,4.066008514301344,0.2031879514582794,lenet,0.0322,0.0324,4.302606089887294,4.093099425123497,0.20950665980027142,lenet,0.0742,0.0778,4.2814149694009265,4.071875148198822,0.2095398264090446,lenet,0.0592,0.0606,4.172260659323498,4.007448887960478,0.1648117745697329,lenet,0.01,0.0098,4.882846124470234,4.574418307028034,0.30842782874506985,lenet,0.0841,0.0878,4.212407234040174,4.042338196188211,0.1700690362433141,lenet,0.0706,0.0692,4.240656045688824,4.0668116289783605,0.1738444092387164,lenet,0.0647,0.0672,4.315517768263817,4.1301745650443165,0.1853432079290294,lenet,0.0752,0.073,4.246735444123095,4.051783572205088,0.1949518624883653,lenet,0.0581,0.0526,4.255736722187563,4.073652693155137,0.18208403268363327,lenet,0.0844,0.0864,4.207093050195412,4.035739946771752,0.17135309814263813,lenet,0.0822,0.0828,4.324449644170024,4.126273126764731,0.19817651471715758,13500000.0,0.0,54000000.0,162000000.0,1944000000.0
lenetx12_cifar100_K12_topo-rregular3_seed0005_d013,d013,lenet:12,cifar100,12,topology,topo-rregular3,peers,5,200,64,0.1,0.9,0.0005,True,5,60,0.1,1.0,1,,disagreement,1.0,1,0.0,0.5,weight,rregular:3,0.0,0.0,42,0,45000,5000,10000,1089312,3,0.1,3,26.13,0.009999999999999998,1.734723475976807e-18,0.01,0.01,0.01,1.734723475976807e-18,0.0116,0.0116,0.0,0.9999999999999998,0.0,1.0,0.009999999999999998,lenet,0.01,0.0116,nan,nan,nan,lenet,0.01,0.0116,nan,nan,nan,lenet,0.01,0.0116,nan,nan,nan,lenet,0.01,0.0116,nan,nan,nan,lenet,0.01,0.0116,nan,nan,nan,lenet,0.01,0.0116,nan,nan,nan,lenet,0.01,0.0116,nan,nan,nan,lenet,0.01,0.0116,nan,nan,nan,lenet,0.01,0.0116,nan,nan,nan,lenet,0.01,0.0116,nan,nan,nan,lenet,0.01,0.0116,nan,nan,nan,lenet,0.01,0.0116,nan,nan,nan,13500000.0,0.0,54000000.0,216000000.0,2592000000.0
lenetx12_cifar100_K12_topo-rregular3_seed0005_d013,d013,lenet:12,cifar100,12,topology,topo-rregular3,peers,5,200,64,0.1,0.9,0.0005,True,5,60,0.1,1.0,1,,disagreement,1.0,1,0.0,0.5,weight,rregular:3,0.0,0.0,42,0,45000,5000,10000,1089312,4,0.1,3,24.43,0.009999999999999998,1.734723475976807e-18,0.01,0.01,0.01,1.734723475976807e-18,0.0116,0.0116,0.0,0.9999999999999998,0.0,1.0,0.009999999999999998,lenet,0.01,0.0116,nan,nan,nan,lenet,0.01,0.0116,nan,nan,nan,lenet,0.01,0.0116,nan,nan,nan,lenet,0.01,0.0116,nan,nan,nan,lenet,0.01,0.0116,nan,nan,nan,lenet,0.01,0.0116,nan,nan,nan,lenet,0.01,0.0116,nan,nan,nan,lenet,0.01,0.0116,nan,nan,nan,lenet,0.01,0.0116,nan,nan,nan,lenet,0.01,0.0116,nan,nan,nan,lenet,0.01,0.0116,nan,nan,nan,lenet,0.01,0.0116,nan,nan,nan,13500000.0,0.0,54000000.0,270000000.0,3240000000.0
lenetx12_cifar100_K12_topo-rregular3_seed0005_d013,d013,lenet:12,cifar100,12,topology,topo-rregular3,peers,5,200,64,0.1,0.9,0.0005,True,5,60,0.1,1.0,1,,disagreement,1.0,1,0.0,0.5,weight,rregular:3,0.0,0.0,42,0,45000,5000,10000,1089312,5,0.1,3,23.16,0.009999999999999998,1.734723475976807e-18,0.01,0.01,0.01,1.734723475976807e-18,0.0116,0.0116,0.0,0.9999999999999998,0.0,1.0,0.009999999999999998,lenet,0.01,0.0116,nan,nan,nan,lenet,0.01,0.0116,nan,nan,nan,lenet,0.01,0.0116,nan,nan,nan,lenet,0.01,0.0116,nan,nan,nan,lenet,0.01,0.0116,nan,nan,nan,lenet,0.01,0.0116,nan,nan,nan,lenet,0.01,0.0116,nan,nan,nan,lenet,0.01,0.0116,nan,nan,nan,lenet,0.01,0.0116,nan,nan,nan,lenet,0.01,0.0116,nan,nan,nan,lenet,0.01,0.0116,nan,nan,nan,lenet,0.01,0.0116,nan,nan,nan,13500000.0,0.0,54000000.0,324000000.0,3888000000.0
lenetx12_cifar100_K12_topo-rregular3_seed0005_d013,d013,lenet:12,cifar100,12,topology,topo-rregular3,peers,5,200,64,0.1,0.9,0.0005,True,5,60,0.1,1.0,1,,disagreement,1.0,1,0.0,0.5,weight,rregular:3,0.0,0.0,42,0,45000,5000,10000,1089312,6,0.1,3,23.3,0.009999999999999998,1.734723475976807e-18,0.01,0.01,0.01,1.734723475976807e-18,0.0116,0.0116,0.0,0.9999999999999998,0.0,1.0,0.009999999999999998,lenet,0.01,0.0116,nan,nan,nan,lenet,0.01,0.0116,nan,nan,nan,lenet,0.01,0.0116,nan,nan,nan,lenet,0.01,0.0116,nan,nan,nan,lenet,0.01,0.0116,nan,nan,nan,lenet,0.01,0.0116,nan,nan,nan,lenet,0.01,0.0116,nan,nan,nan,lenet,0.01,0.0116,nan,nan,nan,lenet,0.01,0.0116,nan,nan,nan,lenet,0.01,0.0116,nan,nan,nan,lenet,0.01,0.0116,nan,nan,nan,lenet,0.01,0.0116,nan,nan,nan,13500000.0,0.0,54000000.0,378000000.0,4536000000.0
lenetx12_cifar100_K12_topo-rregular3_seed0005_d013,d013,lenet:12,cifar100,12,topology,topo-rregular3,peers,5,200,64,0.1,0.9,0.0005,True,5,60,0.1,1.0,1,,disagreement,1.0,1,0.0,0.5,weight,rregular:3,0.0,0.0,42,0,45000,5000,10000,1089312,7,0.1,3,23.29,0.009999999999999998,1.734723475976807e-18,0.01,0.01,0.01,1.734723475976807e-18,0.0116,0.0116,0.0,0.9999999999999998,0.0,1.0,0.009999999999999998,lenet,0.01,0.0116,nan,nan,nan,lenet,0.01,0.0116,nan,nan,nan,lenet,0.01,0.0116,nan,nan,nan,lenet,0.01,0.0116,nan,nan,nan,lenet,0.01,0.0116,nan,nan,nan,lenet,0.01,0.0116,nan,nan,nan,lenet,0.01,0.0116,nan,nan,nan,lenet,0.01,0.0116,nan,nan,nan,lenet,0.01,0.0116,nan,nan,nan,lenet,0.01,0.0116,nan,nan,nan,lenet,0.01,0.0116,nan,nan,nan,lenet,0.01,0.0116,nan,nan,nan,13500000.0,0.0,54000000.0,432000000.0,5184000000.0
lenetx12_cifar100_K12_topo-rregular3_seed0005_d013,d013,lenet:12,cifar100,12,topology,topo-rregular3,peers,5,200,64,0.1,0.9,0.0005,True,5,60,0.1,1.0,1,,disagreement,1.0,1,0.0,0.5,weight,rregular:3,0.0,0.0,42,0,45000,5000,10000,1089312,8,0.1,3,23.29,0.009999999999999998,1.734723475976807e-18,0.01,0.01,0.01,1.734723475976807e-18,0.0116,0.0116,0.0,0.9999999999999998,0.0,1.0,0.009999999999999998,lenet,0.01,0.0116,nan,nan,nan,lenet,0.01,0.0116,nan,nan,nan,lenet,0.01,0.0116,nan,nan,nan,lenet,0.01,0.0116,nan,nan,nan,lenet,0.01,0.0116,nan,nan,nan,lenet,0.01,0.0116,nan,nan,nan,lenet,0.01,0.0116,nan,nan,nan,lenet,0.01,0.0116,nan,nan,nan,lenet,0.01,0.0116,nan,nan,nan,lenet,0.01,0.0116,nan,nan,nan,lenet,0.01,0.0116,nan,nan,nan,lenet,0.01,0.0116,nan,nan,nan,13500000.0,0.0,54000000.0,486000000.0,5832000000.0
lenetx12_cifar100_K12_topo-rregular3_seed0005_d013,d013,lenet:12,cifar100,12,topology,topo-rregular3,peers,5,200,64,0.1,0.9,0.0005,True,5,60,0.1,1.0,1,,disagreement,1.0,1,0.0,0.5,weight,rregular:3,0.0,0.0,42,0,45000,5000,10000,1089312,9,0.1,3,23.81,0.009999999999999998,1.734723475976807e-18,0.01,0.01,0.01,1.734723475976807e-18,0.0116,0.0116,0.0,0.9999999999999998,0.0,1.0,0.009999999999999998,lenet,0.01,0.0116,nan,nan,nan,lenet,0.01,0.0116,nan,nan,nan,lenet,0.01,0.0116,nan,nan,nan,lenet,0.01,0.0116,nan,nan,nan,lenet,0.01,0.0116,nan,nan,nan,lenet,0.01,0.0116,nan,nan,nan,lenet,0.01,0.0116,nan,nan,nan,lenet,0.01,0.0116,nan,nan,nan,lenet,0.01,0.0116,nan,nan,nan,lenet,0.01,0.0116,nan,nan,nan,lenet,0.01,0.0116,nan,nan,nan,lenet,0.01,0.0116,nan,nan,nan,13500000.0,0.0,54000000.0,540000000.0,6480000000.0
lenetx12_cifar100_K12_topo-rregular3_seed0005_d013,d013,lenet:12,cifar100,12,topology,topo-rregular3,peers,5,200,64,0.1,0.9,0.0005,True,5,60,0.1,1.0,1,,disagreement,1.0,1,0.0,0.5,weight,rregular:3,0.0,0.0,42,0,45000,5000,10000,1089312,10,0.1,3,23.42,0.009999999999999998,1.734723475976807e-18,0.01,0.01,0.01,1.734723475976807e-18,0.0116,0.0116,0.0,0.9999999999999998,0.0,1.0,0.009999999999999998,lenet,0.01,0.0116,nan,nan,nan,lenet,0.01,0.0116,nan,nan,nan,lenet,0.01,0.0116,nan,nan,nan,lenet,0.01,0.0116,nan,nan,nan,lenet,0.01,0.0116,nan,nan,nan,lenet,0.01,0.0116,nan,nan,nan,lenet,0.01,0.0116,nan,nan,nan,lenet,0.01,0.0116,nan,nan,nan,lenet,0.01,0.0116,nan,nan,nan,lenet,0.01,0.0116,nan,nan,nan,lenet,0.01,0.0116,nan,nan,nan,lenet,0.01,0.0116,nan,nan,nan,13500000.0,0.0,54000000.0,594000000.0,7128000000.0
lenetx12_cifar100_K12_topo-rregular3_seed0005_d013,d013,lenet:12,cifar100,12,topology,topo-rregular3,peers,5,200,64,0.1,0.9,0.0005,True,5,60,0.1,1.0,1,,disagreement,1.0,1,0.0,0.5,weight,rregular:3,0.0,0.0,42,0,45000,5000,10000,1089312,11,0.1,3,23.43,0.009999999999999998,1.734723475976807e-18,0.01,0.01,0.01,1.734723475976807e-18,0.0116,0.0116,0.0,0.9999999999999998,0.0,1.0,0.009999999999999998,lenet,0.01,0.0116,nan,nan,nan,lenet,0.01,0.0116,nan,nan,nan,lenet,0.01,0.0116,nan,nan,nan,lenet,0.01,0.0116,nan,nan,nan,lenet,0.01,0.0116,nan,nan,nan,lenet,0.01,0.0116,nan,nan,nan,lenet,0.01,0.0116,nan,nan,nan,lenet,0.01,0.0116,nan,nan,nan,lenet,0.01,0.0116,nan,nan,nan,lenet,0.01,0.0116,nan,nan,nan,lenet,0.01,0.0116,nan,nan,nan,lenet,0.01,0.0116,nan,nan,nan,13500000.0,0.0,54000000.0,648000000.0,7776000000.0
lenetx12_cifar100_K12_topo-rregular3_seed0005_d013,d013,lenet:12,cifar100,12,topology,topo-rregular3,peers,5,200,64,0.1,0.9,0.0005,True,5,60,0.1,1.0,1,,disagreement,1.0,1,0.0,0.5,weight,rregular:3,0.0,0.0,42,0,45000,5000,10000,1089312,12,0.1,3,23.54,0.009999999999999998,1.734723475976807e-18,0.01,0.01,0.01,1.734723475976807e-18,0.0116,0.0116,0.0,0.9999999999999998,0.0,1.0,0.009999999999999998,lenet,0.01,0.0116,nan,nan,nan,lenet,0.01,0.0116,nan,nan,nan,lenet,0.01,0.0116,nan,nan,nan,lenet,0.01,0.0116,nan,nan,nan,lenet,0.01,0.0116,nan,nan,nan,lenet,0.01,0.0116,nan,nan,nan,lenet,0.01,0.0116,nan,nan,nan,lenet,0.01,0.0116,nan,nan,nan,lenet,0.01,0.0116,nan,nan,nan,lenet,0.01,0.0116,nan,nan,nan,lenet,0.01,0.0116,nan,nan,nan,lenet,0.01,0.0116,nan,nan,nan,13500000.0,0.0,54000000.0,702000000.0,8424000000.0
lenetx12_cifar100_K12_topo-rregular3_seed0005_d013,d013,lenet:12,cifar100,12,topology,topo-rregular3,peers,5,200,64,0.1,0.9,0.0005,True,5,60,0.1,1.0,1,,disagreement,1.0,1,0.0,0.5,weight,rregular:3,0.0,0.0,42,0,45000,5000,10000,1089312,13,0.1,3,23.28,0.009999999999999998,1.734723475976807e-18,0.01,0.01,0.01,1.734723475976807e-18,0.0116,0.0116,0.0,0.9999999999999998,0.0,1.0,0.009999999999999998,lenet,0.01,0.0116,nan,nan,nan,lenet,0.01,0.0116,nan,nan,nan,lenet,0.01,0.0116,nan,nan,nan,lenet,0.01,0.0116,nan,nan,nan,lenet,0.01,0.0116,nan,nan,nan,lenet,0.01,0.0116,nan,nan,nan,lenet,0.01,0.0116,nan,nan,nan,lenet,0.01,0.0116,nan,nan,nan,lenet,0.01,0.0116,nan,nan,nan,lenet,0.01,0.0116,nan,nan,nan,lenet,0.01,0.0116,nan,nan,nan,lenet,0.01,0.0116,nan,nan,nan,13500000.0,0.0,54000000.0,756000000.0,9072000000.0
lenetx12_cifar100_K12_topo-rregular3_seed0005_d013,d013,lenet:12,cifar100,12,topology,topo-rregular3,peers,5,200,64,0.1,0.9,0.0005,True,5,60,0.1,1.0,1,,disagreement,1.0,1,0.0,0.5,weight,rregular:3,0.0,0.0,42,0,45000,5000,10000,1089312,14,0.1,3,23.23,0.009999999999999998,1.734723475976807e-18,0.01,0.01,0.01,1.734723475976807e-18,0.0116,0.0116,0.0,0.9999999999999998,0.0,1.0,0.009999999999999998,lenet,0.01,0.0116,nan,nan,nan,lenet,0.01,0.0116,nan,nan,nan,lenet,0.01,0.0116,nan,nan,nan,lenet,0.01,0.0116,nan,nan,nan,lenet,0.01,0.0116,nan,nan,nan,lenet,0.01,0.0116,nan,nan,nan,lenet,0.01,0.0116,nan,nan,nan,lenet,0.01,0.0116,nan,nan,nan,lenet,0.01,0.0116,nan,nan,nan,lenet,0.01,0.0116,nan,nan,nan,lenet,0.01,0.0116,nan,nan,nan,lenet,0.01,0.0116,nan,nan,nan,13500000.0,0.0,54000000.0,810000000.0,9720000000.0
lenetx12_cifar100_K12_topo-rregular3_seed0005_d013,d013,lenet:12,cifar100,12,topology,topo-rregular3,peers,5,200,64,0.1,0.9,0.0005,True,5,60,0.1,1.0,1,,disagreement,1.0,1,0.0,0.5,weight,rregular:3,0.0,0.0,42,0,45000,5000,10000,1089312,15,0.1,3,23.31,0.009999999999999998,1.734723475976807e-18,0.01,0.01,0.01,1.734723475976807e-18,0.0116,0.0116,0.0,0.9999999999999998,0.0,1.0,0.009999999999999998,lenet,0.01,0.0116,nan,nan,nan,lenet,0.01,0.0116,nan,nan,nan,lenet,0.01,0.0116,nan,nan,nan,lenet,0.01,0.0116,nan,nan,nan,lenet,0.01,0.0116,nan,nan,nan,lenet,0.01,0.0116,nan,nan,nan,lenet,0.01,0.0116,nan,nan,nan,lenet,0.01,0.0116,nan,nan,nan,lenet,0.01,0.0116,nan,nan,nan,lenet,0.01,0.0116,nan,nan,nan,lenet,0.01,0.0116,nan,nan,nan,lenet,0.01,0.0116,nan,nan,nan,13500000.0,0.0,54000000.0,864000000.0,10368000000.0
lenetx12_cifar100_K12_topo-rregular3_seed0005_d013,d013,lenet:12,cifar100,12,topology,topo-rregular3,peers,5,200,64,0.1,0.9,0.0005,True,5,60,0.1,1.0,1,,disagreement,1.0,1,0.0,0.5,weight,rregular:3,0.0,0.0,42,0,45000,5000,10000,1089312,16,0.1,3,23.56,0.009999999999999998,1.734723475976807e-18,0.01,0.01,0.01,1.734723475976807e-18,0.0116,0.0116,0.0,0.9999999999999998,0.0,1.0,0.009999999999999998,lenet,0.01,0.0116,nan,nan,nan,lenet,0.01,0.0116,nan,nan,nan,lenet,0.01,0.0116,nan,nan,nan,lenet,0.01,0.0116,nan,nan,nan,lenet,0.01,0.0116,nan,nan,nan,lenet,0.01,0.0116,nan,nan,nan,lenet,0.01,0.0116,nan,nan,nan,lenet,0.01,0.0116,nan,nan,nan,lenet,0.01,0.0116,nan,nan,nan,lenet,0.01,0.0116,nan,nan,nan,lenet,0.01,0.0116,nan,nan,nan,lenet,0.01,0.0116,nan,nan,nan,13500000.0,0.0,54000000.0,918000000.0,11016000000.0
lenetx12_cifar100_K12_topo-rregular3_seed0005_d013,d013,lenet:12,cifar100,12,topology,topo-rregular3,peers,5,200,64,0.1,0.9,0.0005,True,5,60,0.1,1.0,1,,disagreement,1.0,1,0.0,0.5,weight,rregular:3,0.0,0.0,42,0,45000,5000,10000,1089312,17,0.1,3,23.3,0.009999999999999998,1.734723475976807e-18,0.01,0.01,0.01,1.734723475976807e-18,0.0116,0.0116,0.0,0.9999999999999998,0.0,1.0,0.009999999999999998,lenet,0.01,0.0116,nan,nan,nan,lenet,0.01,0.0116,nan,nan,nan,lenet,0.01,0.0116,nan,nan,nan,lenet,0.01,0.0116,nan,nan,nan,lenet,0.01,0.0116,nan,nan,nan,lenet,0.01,0.0116,nan,nan,nan,lenet,0.01,0.0116,nan,nan,nan,lenet,0.01,0.0116,nan,nan,nan,lenet,0.01,0.0116,nan,nan,nan,lenet,0.01,0.0116,nan,nan,nan,lenet,0.01,0.0116,nan,nan,nan,lenet,0.01,0.0116,nan,nan,nan,13500000.0,0.0,54000000.0,972000000.0,11664000000.0
lenetx12_cifar100_K12_topo-rregular3_seed0005_d013,d013,lenet:12,cifar100,12,topology,topo-rregular3,peers,5,200,64,0.1,0.9,0.0005,True,5,60,0.1,1.0,1,,disagreement,1.0,1,0.0,0.5,weight,rregular:3,0.0,0.0,42,0,45000,5000,10000,1089312,18,0.1,3,23.4,0.009999999999999998,1.734723475976807e-18,0.01,0.01,0.01,1.734723475976807e-18,0.0116,0.0116,0.0,0.9999999999999998,0.0,1.0,0.009999999999999998,lenet,0.01,0.0116,nan,nan,nan,lenet,0.01,0.0116,nan,nan,nan,lenet,0.01,0.0116,nan,nan,nan,lenet,0.01,0.0116,nan,nan,nan,lenet,0.01,0.0116,nan,nan,nan,lenet,0.01,0.0116,nan,nan,nan,lenet,0.01,0.0116,nan,nan,nan,lenet,0.01,0.0116,nan,nan,nan,lenet,0.01,0.0116,nan,nan,nan,lenet,0.01,0.0116,nan,nan,nan,lenet,0.01,0.0116,nan,nan,nan,lenet,0.01,0.0116,nan,nan,nan,13500000.0,0.0,54000000.0,1026000000.0,12312000000.0
lenetx12_cifar100_K12_topo-rregular3_seed0005_d013,d013,lenet:12,cifar100,12,topology,topo-rregular3,peers,5,200,64,0.1,0.9,0.0005,True,5,60,0.1,1.0,1,,disagreement,1.0,1,0.0,0.5,weight,rregular:3,0.0,0.0,42,0,45000,5000,10000,1089312,19,0.1,3,23.41,0.009999999999999998,1.734723475976807e-18,0.01,0.01,0.01,1.734723475976807e-18,0.0116,0.0116,0.0,0.9999999999999998,0.0,1.0,0.009999999999999998,lenet,0.01,0.0116,nan,nan,nan,lenet,0.01,0.0116,nan,nan,nan,lenet,0.01,0.0116,nan,nan,nan,lenet,0.01,0.0116,nan,nan,nan,lenet,0.01,0.0116,nan,nan,nan,lenet,0.01,0.0116,nan,nan,nan,lenet,0.01,0.0116,nan,nan,nan,lenet,0.01,0.0116,nan,nan,nan,lenet,0.01,0.0116,nan,nan,nan,lenet,0.01,0.0116,nan,nan,nan,lenet,0.01,0.0116,nan,nan,nan,lenet,0.01,0.0116,nan,nan,nan,13500000.0,0.0,54000000.0,1080000000.0,12960000000.0
lenetx12_cifar100_K12_topo-rregular3_seed0005_d013,d013,lenet:12,cifar100,12,topology,topo-rregular3,peers,5,200,64,0.1,0.9,0.0005,True,5,60,0.1,1.0,1,,disagreement,1.0,1,0.0,0.5,weight,rregular:3,0.0,0.0,42,0,45000,5000,10000,1089312,20,0.1,3,23.47,0.009999999999999998,1.734723475976807e-18,0.01,0.01,0.01,1.734723475976807e-18,0.0116,0.0116,0.0,0.9999999999999998,0.0,1.0,0.009999999999999998,lenet,0.01,0.0116,nan,nan,nan,lenet,0.01,0.0116,nan,nan,nan,lenet,0.01,0.0116,nan,nan,nan,lenet,0.01,0.0116,nan,nan,nan,lenet,0.01,0.0116,nan,nan,nan,lenet,0.01,0.0116,nan,nan,nan,lenet,0.01,0.0116,nan,nan,nan,lenet,0.01,0.0116,nan,nan,nan,lenet,0.01,0.0116,nan,nan,nan,lenet,0.01,0.0116,nan,nan,nan,lenet,0.01,0.0116,nan,nan,nan,lenet,0.01,0.0116,nan,nan,nan,13500000.0,0.0,54000000.0,1134000000.0,13608000000.0
lenetx12_cifar100_K12_topo-rregular3_seed0005_d013,d013,lenet:12,cifar100,12,topology,topo-rregular3,peers,5,200,64,0.1,0.9,0.0005,True,5,60,0.1,1.0,1,,disagreement,1.0,1,0.0,0.5,weight,rregular:3,0.0,0.0,42,0,45000,5000,10000,1089312,21,0.1,3,23.11,0.009999999999999998,1.734723475976807e-18,0.01,0.01,0.01,1.734723475976807e-18,0.0116,0.0116,0.0,0.9999999999999998,0.0,1.0,0.009999999999999998,lenet,0.01,0.0116,nan,nan,nan,lenet,0.01,0.0116,nan,nan,nan,lenet,0.01,0.0116,nan,nan,nan,lenet,0.01,0.0116,nan,nan,nan,lenet,0.01,0.0116,nan,nan,nan,lenet,0.01,0.0116,nan,nan,nan,lenet,0.01,0.0116,nan,nan,nan,lenet,0.01,0.0116,nan,nan,nan,lenet,0.01,0.0116,nan,nan,nan,lenet,0.01,0.0116,nan,nan,nan,lenet,0.01,0.0116,nan,nan,nan,lenet,0.01,0.0116,nan,nan,nan,13500000.0,0.0,54000000.0,1188000000.0,14256000000.0
lenetx12_cifar100_K12_topo-rregular3_seed0005_d013,d013,lenet:12,cifar100,12,topology,topo-rregular3,peers,5,200,64,0.1,0.9,0.0005,True,5,60,0.1,1.0,1,,disagreement,1.0,1,0.0,0.5,weight,rregular:3,0.0,0.0,42,0,45000,5000,10000,1089312,22,0.1,3,23.29,0.009999999999999998,1.734723475976807e-18,0.01,0.01,0.01,1.734723475976807e-18,0.0116,0.0116,0.0,0.9999999999999998,0.0,1.0,0.009999999999999998,lenet,0.01,0.0116,nan,nan,nan,lenet,0.01,0.0116,nan,nan,nan,lenet,0.01,0.0116,nan,nan,nan,lenet,0.01,0.0116,nan,nan,nan,lenet,0.01,0.0116,nan,nan,nan,lenet,0.01,0.0116,nan,nan,nan,lenet,0.01,0.0116,nan,nan,nan,lenet,0.01,0.0116,nan,nan,nan,lenet,0.01,0.0116,nan,nan,nan,lenet,0.01,0.0116,nan,nan,nan,lenet,0.01,0.0116,nan,nan,nan,lenet,0.01,0.0116,nan,nan,nan,13500000.0,0.0,54000000.0,1242000000.0,14904000000.0
lenetx12_cifar100_K12_topo-rregular3_seed0005_d013,d013,lenet:12,cifar100,12,topology,topo-rregular3,peers,5,200,64,0.1,0.9,0.0005,True,5,60,0.1,1.0,1,,disagreement,1.0,1,0.0,0.5,weight,rregular:3,0.0,0.0,42,0,45000,5000,10000,1089312,23,0.1,3,23.64,0.009999999999999998,1.734723475976807e-18,0.01,0.01,0.01,1.734723475976807e-18,0.0116,0.0116,0.0,0.9999999999999998,0.0,1.0,0.009999999999999998,lenet,0.01,0.0116,nan,nan,nan,lenet,0.01,0.0116,nan,nan,nan,lenet,0.01,0.0116,nan,nan,nan,lenet,0.01,0.0116,nan,nan,nan,lenet,0.01,0.0116,nan,nan,nan,lenet,0.01,0.0116,nan,nan,nan,lenet,0.01,0.0116,nan,nan,nan,lenet,0.01,0.0116,nan,nan,nan,lenet,0.01,0.0116,nan,nan,nan,lenet,0.01,0.0116,nan,nan,nan,lenet,0.01,0.0116,nan,nan,nan,lenet,0.01,0.0116,nan,nan,nan,13500000.0,0.0,54000000.0,1296000000.0,15552000000.0
lenetx12_cifar100_K12_topo-rregular3_seed0005_d013,d013,lenet:12,cifar100,12,topology,topo-rregular3,peers,5,200,64,0.1,0.9,0.0005,True,5,60,0.1,1.0,1,,disagreement,1.0,1,0.0,0.5,weight,rregular:3,0.0,0.0,42,0,45000,5000,10000,1089312,24,0.1,3,23.4,0.009999999999999998,1.734723475976807e-18,0.01,0.01,0.01,1.734723475976807e-18,0.0116,0.0116,0.0,0.9999999999999998,0.0,1.0,0.009999999999999998,lenet,0.01,0.0116,nan,nan,nan,lenet,0.01,0.0116,nan,nan,nan,lenet,0.01,0.0116,nan,nan,nan,lenet,0.01,0.0116,nan,nan,nan,lenet,0.01,0.0116,nan,nan,nan,lenet,0.01,0.0116,nan,nan,nan,lenet,0.01,0.0116,nan,nan,nan,lenet,0.01,0.0116,nan,nan,nan,lenet,0.01,0.0116,nan,nan,nan,lenet,0.01,0.0116,nan,nan,nan,lenet,0.01,0.0116,nan,nan,nan,lenet,0.01,0.0116,nan,nan,nan,13500000.0,0.0,54000000.0,1350000000.0,16200000000.0
lenetx12_cifar100_K12_topo-rregular3_seed0005_d013,d013,lenet:12,cifar100,12,topology,topo-rregular3,peers,5,200,64,0.1,0.9,0.0005,True,5,60,0.1,1.0,1,,disagreement,1.0,1,0.0,0.5,weight,rregular:3,0.0,0.0,42,0,45000,5000,10000,1089312,25,0.1,3,24.07,0.009999999999999998,1.734723475976807e-18,0.01,0.01,0.01,1.734723475976807e-18,0.0116,0.0116,0.0,0.9999999999999998,0.0,1.0,0.009999999999999998,lenet,0.01,0.0116,nan,nan,nan,lenet,0.01,0.0116,nan,nan,nan,lenet,0.01,0.0116,nan,nan,nan,lenet,0.01,0.0116,nan,nan,nan,lenet,0.01,0.0116,nan,nan,nan,lenet,0.01,0.0116,nan,nan,nan,lenet,0.01,0.0116,nan,nan,nan,lenet,0.01,0.0116,nan,nan,nan,lenet,0.01,0.0116,nan,nan,nan,lenet,0.01,0.0116,nan,nan,nan,lenet,0.01,0.0116,nan,nan,nan,lenet,0.01,0.0116,nan,nan,nan,13500000.0,0.0,54000000.0,1404000000.0,16848000000.0
lenetx12_cifar100_K12_topo-rregular3_seed0005_d013,d013,lenet:12,cifar100,12,topology,topo-rregular3,peers,5,200,64,0.1,0.9,0.0005,True,5,60,0.1,1.0,1,,disagreement,1.0,1,0.0,0.5,weight,rregular:3,0.0,0.0,42,0,45000,5000,10000,1089312,26,0.1,3,23.49,0.009999999999999998,1.734723475976807e-18,0.01,0.01,0.01,1.734723475976807e-18,0.0116,0.0116,0.0,0.9999999999999998,0.0,1.0,0.009999999999999998,lenet,0.01,0.0116,nan,nan,nan,lenet,0.01,0.0116,nan,nan,nan,lenet,0.01,0.0116,nan,nan,nan,lenet,0.01,0.0116,nan,nan,nan,lenet,0.01,0.0116,nan,nan,nan,lenet,0.01,0.0116,nan,nan,nan,lenet,0.01,0.0116,nan,nan,nan,lenet,0.01,0.0116,nan,nan,nan,lenet,0.01,0.0116,nan,nan,nan,lenet,0.01,0.0116,nan,nan,nan,lenet,0.01,0.0116,nan,nan,nan,lenet,0.01,0.0116,nan,nan,nan,13500000.0,0.0,54000000.0,1458000000.0,17496000000.0
lenetx12_cifar100_K12_topo-rregular3_seed0005_d013,d013,lenet:12,cifar100,12,topology,topo-rregular3,peers,5,200,64,0.1,0.9,0.0005,True,5,60,0.1,1.0,1,,disagreement,1.0,1,0.0,0.5,weight,rregular:3,0.0,0.0,42,0,45000,5000,10000,1089312,27,0.1,3,23.31,0.009999999999999998,1.734723475976807e-18,0.01,0.01,0.01,1.734723475976807e-18,0.0116,0.0116,0.0,0.9999999999999998,0.0,1.0,0.009999999999999998,lenet,0.01,0.0116,nan,nan,nan,lenet,0.01,0.0116,nan,nan,nan,lenet,0.01,0.0116,nan,nan,nan,lenet,0.01,0.0116,nan,nan,nan,lenet,0.01,0.0116,nan,nan,nan,lenet,0.01,0.0116,nan,nan,nan,lenet,0.01,0.0116,nan,nan,nan,lenet,0.01,0.0116,nan,nan,nan,lenet,0.01,0.0116,nan,nan,nan,lenet,0.01,0.0116,nan,nan,nan,lenet,0.01,0.0116,nan,nan,nan,lenet,0.01,0.0116,nan,nan,nan,13500000.0,0.0,54000000.0,1512000000.0,18144000000.0
lenetx12_cifar100_K12_topo-rregular3_seed0005_d013,d013,lenet:12,cifar100,12,topology,topo-rregular3,peers,5,200,64,0.1,0.9,0.0005,True,5,60,0.1,1.0,1,,disagreement,1.0,1,0.0,0.5,weight,rregular:3,0.0,0.0,42,0,45000,5000,10000,1089312,28,0.1,3,23.27,0.009999999999999998,1.734723475976807e-18,0.01,0.01,0.01,1.734723475976807e-18,0.0116,0.0116,0.0,0.9999999999999998,0.0,1.0,0.009999999999999998,lenet,0.01,0.0116,nan,nan,nan,lenet,0.01,0.0116,nan,nan,nan,lenet,0.01,0.0116,nan,nan,nan,lenet,0.01,0.0116,nan,nan,nan,lenet,0.01,0.0116,nan,nan,nan,lenet,0.01,0.0116,nan,nan,nan,lenet,0.01,0.0116,nan,nan,nan,lenet,0.01,0.0116,nan,nan,nan,lenet,0.01,0.0116,nan,nan,nan,lenet,0.01,0.0116,nan,nan,nan,lenet,0.01,0.0116,nan,nan,nan,lenet,0.01,0.0116,nan,nan,nan,13500000.0,0.0,54000000.0,1566000000.0,18792000000.0
lenetx12_cifar100_K12_topo-rregular3_seed0005_d013,d013,lenet:12,cifar100,12,topology,topo-rregular3,peers,5,200,64,0.1,0.9,0.0005,True,5,60,0.1,1.0,1,,disagreement,1.0,1,0.0,0.5,weight,rregular:3,0.0,0.0,42,0,45000,5000,10000,1089312,29,0.1,3,23.54,0.009999999999999998,1.734723475976807e-18,0.01,0.01,0.01,1.734723475976807e-18,0.0116,0.0116,0.0,0.9999999999999998,0.0,1.0,0.009999999999999998,lenet,0.01,0.0116,nan,nan,nan,lenet,0.01,0.0116,nan,nan,nan,lenet,0.01,0.0116,nan,nan,nan,lenet,0.01,0.0116,nan,nan,nan,lenet,0.01,0.0116,nan,nan,nan,lenet,0.01,0.0116,nan,nan,nan,lenet,0.01,0.0116,nan,nan,nan,lenet,0.01,0.0116,nan,nan,nan,lenet,0.01,0.0116,nan,nan,nan,lenet,0.01,0.0116,nan,nan,nan,lenet,0.01,0.0116,nan,nan,nan,lenet,0.01,0.0116,nan,nan,nan,13500000.0,0.0,54000000.0,1620000000.0,19440000000.0
lenetx12_cifar100_K12_topo-rregular3_seed0005_d013,d013,lenet:12,cifar100,12,topology,topo-rregular3,peers,5,200,64,0.1,0.9,0.0005,True,5,60,0.1,1.0,1,,disagreement,1.0,1,0.0,0.5,weight,rregular:3,0.0,0.0,42,0,45000,5000,10000,1089312,30,0.1,3,23.2,0.009999999999999998,1.734723475976807e-18,0.01,0.01,0.01,1.734723475976807e-18,0.0116,0.0116,0.0,0.9999999999999998,0.0,1.0,0.009999999999999998,lenet,0.01,0.0116,nan,nan,nan,lenet,0.01,0.0116,nan,nan,nan,lenet,0.01,0.0116,nan,nan,nan,lenet,0.01,0.0116,nan,nan,nan,lenet,0.01,0.0116,nan,nan,nan,lenet,0.01,0.0116,nan,nan,nan,lenet,0.01,0.0116,nan,nan,nan,lenet,0.01,0.0116,nan,nan,nan,lenet,0.01,0.0116,nan,nan,nan,lenet,0.01,0.0116,nan,nan,nan,lenet,0.01,0.0116,nan,nan,nan,lenet,0.01,0.0116,nan,nan,nan,13500000.0,0.0,54000000.0,1674000000.0,20088000000.0
lenetx12_cifar100_K12_topo-rregular3_seed0005_d013,d013,lenet:12,cifar100,12,topology,topo-rregular3,peers,5,200,64,0.1,0.9,0.0005,True,5,60,0.1,1.0,1,,disagreement,1.0,1,0.0,0.5,weight,rregular:3,0.0,0.0,42,0,45000,5000,10000,1089312,31,0.1,3,23.25,0.009999999999999998,1.734723475976807e-18,0.01,0.01,0.01,1.734723475976807e-18,0.0116,0.0116,0.0,0.9999999999999998,0.0,1.0,0.009999999999999998,lenet,0.01,0.0116,nan,nan,nan,lenet,0.01,0.0116,nan,nan,nan,lenet,0.01,0.0116,nan,nan,nan,lenet,0.01,0.0116,nan,nan,nan,lenet,0.01,0.0116,nan,nan,nan,lenet,0.01,0.0116,nan,nan,nan,lenet,0.01,0.0116,nan,nan,nan,lenet,0.01,0.0116,nan,nan,nan,lenet,0.01,0.0116,nan,nan,nan,lenet,0.01,0.0116,nan,nan,nan,lenet,0.01,0.0116,nan,nan,nan,lenet,0.01,0.0116,nan,nan,nan,13500000.0,0.0,54000000.0,1728000000.0,20736000000.0
lenetx12_cifar100_K12_topo-rregular3_seed0005_d013,d013,lenet:12,cifar100,12,topology,topo-rregular3,peers,5,200,64,0.1,0.9,0.0005,True,5,60,0.1,1.0,1,,disagreement,1.0,1,0.0,0.5,weight,rregular:3,0.0,0.0,42,0,45000,5000,10000,1089312,32,0.1,3,23.17,0.009999999999999998,1.734723475976807e-18,0.01,0.01,0.01,1.734723475976807e-18,0.0116,0.0116,0.0,0.9999999999999998,0.0,1.0,0.009999999999999998,lenet,0.01,0.0116,nan,nan,nan,lenet,0.01,0.0116,nan,nan,nan,lenet,0.01,0.0116,nan,nan,nan,lenet,0.01,0.0116,nan,nan,nan,lenet,0.01,0.0116,nan,nan,nan,lenet,0.01,0.0116,nan,nan,nan,lenet,0.01,0.0116,nan,nan,nan,lenet,0.01,0.0116,nan,nan,nan,lenet,0.01,0.0116,nan,nan,nan,lenet,0.01,0.0116,nan,nan,nan,lenet,0.01,0.0116,nan,nan,nan,lenet,0.01,0.0116,nan,nan,nan,13500000.0,0.0,54000000.0,1782000000.0,21384000000.0
lenetx12_cifar100_K12_topo-rregular3_seed0005_d013,d013,lenet:12,cifar100,12,topology,topo-rregular3,peers,5,200,64,0.1,0.9,0.0005,True,5,60,0.1,1.0,1,,disagreement,1.0,1,0.0,0.5,weight,rregular:3,0.0,0.0,42,0,45000,5000,10000,1089312,33,0.1,3,23.19,0.009999999999999998,1.734723475976807e-18,0.01,0.01,0.01,1.734723475976807e-18,0.0116,0.0116,0.0,0.9999999999999998,0.0,1.0,0.009999999999999998,lenet,0.01,0.0116,nan,nan,nan,lenet,0.01,0.0116,nan,nan,nan,lenet,0.01,0.0116,nan,nan,nan,lenet,0.01,0.0116,nan,nan,nan,lenet,0.01,0.0116,nan,nan,nan,lenet,0.01,0.0116,nan,nan,nan,lenet,0.01,0.0116,nan,nan,nan,lenet,0.01,0.0116,nan,nan,nan,lenet,0.01,0.0116,nan,nan,nan,lenet,0.01,0.0116,nan,nan,nan,lenet,0.01,0.0116,nan,nan,nan,lenet,0.01,0.0116,nan,nan,nan,13500000.0,0.0,54000000.0,1836000000.0,22032000000.0
lenetx12_cifar100_K12_topo-rregular3_seed0005_d013,d013,lenet:12,cifar100,12,topology,topo-rregular3,peers,5,200,64,0.1,0.9,0.0005,True,5,60,0.1,1.0,1,,disagreement,1.0,1,0.0,0.5,weight,rregular:3,0.0,0.0,42,0,45000,5000,10000,1089312,34,0.1,3,23.65,0.009999999999999998,1.734723475976807e-18,0.01,0.01,0.01,1.734723475976807e-18,0.0116,0.0116,0.0,0.9999999999999998,0.0,1.0,0.009999999999999998,lenet,0.01,0.0116,nan,nan,nan,lenet,0.01,0.0116,nan,nan,nan,lenet,0.01,0.0116,nan,nan,nan,lenet,0.01,0.0116,nan,nan,nan,lenet,0.01,0.0116,nan,nan,nan,lenet,0.01,0.0116,nan,nan,nan,lenet,0.01,0.0116,nan,nan,nan,lenet,0.01,0.0116,nan,nan,nan,lenet,0.01,0.0116,nan,nan,nan,lenet,0.01,0.0116,nan,nan,nan,lenet,0.01,0.0116,nan,nan,nan,lenet,0.01,0.0116,nan,nan,nan,13500000.0,0.0,54000000.0,1890000000.0,22680000000.0
lenetx12_cifar100_K12_topo-rregular3_seed0005_d013,d013,lenet:12,cifar100,12,topology,topo-rregular3,peers,5,200,64,0.1,0.9,0.0005,True,5,60,0.1,1.0,1,,disagreement,1.0,1,0.0,0.5,weight,rregular:3,0.0,0.0,42,0,45000,5000,10000,1089312,35,0.1,3,23.45,0.009999999999999998,1.734723475976807e-18,0.01,0.01,0.01,1.734723475976807e-18,0.0116,0.0116,0.0,0.9999999999999998,0.0,1.0,0.009999999999999998,lenet,0.01,0.0116,nan,nan,nan,lenet,0.01,0.0116,nan,nan,nan,lenet,0.01,0.0116,nan,nan,nan,lenet,0.01,0.0116,nan,nan,nan,lenet,0.01,0.0116,nan,nan,nan,lenet,0.01,0.0116,nan,nan,nan,lenet,0.01,0.0116,nan,nan,nan,lenet,0.01,0.0116,nan,nan,nan,lenet,0.01,0.0116,nan,nan,nan,lenet,0.01,0.0116,nan,nan,nan,lenet,0.01,0.0116,nan,nan,nan,lenet,0.01,0.0116,nan,nan,nan,13500000.0,0.0,54000000.0,1944000000.0,23328000000.0
lenetx12_cifar100_K12_topo-rregular3_seed0005_d013,d013,lenet:12,cifar100,12,topology,topo-rregular3,peers,5,200,64,0.1,0.9,0.0005,True,5,60,0.1,1.0,1,,disagreement,1.0,1,0.0,0.5,weight,rregular:3,0.0,0.0,42,0,45000,5000,10000,1089312,36,0.1,3,23.1,0.009999999999999998,1.734723475976807e-18,0.01,0.01,0.01,1.734723475976807e-18,0.0116,0.0116,0.0,0.9999999999999998,0.0,1.0,0.009999999999999998,lenet,0.01,0.0116,nan,nan,nan,lenet,0.01,0.0116,nan,nan,nan,lenet,0.01,0.0116,nan,nan,nan,lenet,0.01,0.0116,nan,nan,nan,lenet,0.01,0.0116,nan,nan,nan,lenet,0.01,0.0116,nan,nan,nan,lenet,0.01,0.0116,nan,nan,nan,lenet,0.01,0.0116,nan,nan,nan,lenet,0.01,0.0116,nan,nan,nan,lenet,0.01,0.0116,nan,nan,nan,lenet,0.01,0.0116,nan,nan,nan,lenet,0.01,0.0116,nan,nan,nan,13500000.0,0.0,54000000.0,1998000000.0,23976000000.0
lenetx12_cifar100_K12_topo-rregular3_seed0005_d013,d013,lenet:12,cifar100,12,topology,topo-rregular3,peers,5,200,64,0.1,0.9,0.0005,True,5,60,0.1,1.0,1,,disagreement,1.0,1,0.0,0.5,weight,rregular:3,0.0,0.0,42,0,45000,5000,10000,1089312,37,0.1,3,23.37,0.009999999999999998,1.734723475976807e-18,0.01,0.01,0.01,1.734723475976807e-18,0.0116,0.0116,0.0,0.9999999999999998,0.0,1.0,0.009999999999999998,lenet,0.01,0.0116,nan,nan,nan,lenet,0.01,0.0116,nan,nan,nan,lenet,0.01,0.0116,nan,nan,nan,lenet,0.01,0.0116,nan,nan,nan,lenet,0.01,0.0116,nan,nan,nan,lenet,0.01,0.0116,nan,nan,nan,lenet,0.01,0.0116,nan,nan,nan,lenet,0.01,0.0116,nan,nan,nan,lenet,0.01,0.0116,nan,nan,nan,lenet,0.01,0.0116,nan,nan,nan,lenet,0.01,0.0116,nan,nan,nan,lenet,0.01,0.0116,nan,nan,nan,13500000.0,0.0,54000000.0,2052000000.0,24624000000.0
lenetx12_cifar100_K12_topo-rregular3_seed0005_d013,d013,lenet:12,cifar100,12,topology,topo-rregular3,peers,5,200,64,0.1,0.9,0.0005,True,5,60,0.1,1.0,1,,disagreement,1.0,1,0.0,0.5,weight,rregular:3,0.0,0.0,42,0,45000,5000,10000,1089312,38,0.1,3,23.39,0.009999999999999998,1.734723475976807e-18,0.01,0.01,0.01,1.734723475976807e-18,0.0116,0.0116,0.0,0.9999999999999998,0.0,1.0,0.009999999999999998,lenet,0.01,0.0116,nan,nan,nan,lenet,0.01,0.0116,nan,nan,nan,lenet,0.01,0.0116,nan,nan,nan,lenet,0.01,0.0116,nan,nan,nan,lenet,0.01,0.0116,nan,nan,nan,lenet,0.01,0.0116,nan,nan,nan,lenet,0.01,0.0116,nan,nan,nan,lenet,0.01,0.0116,nan,nan,nan,lenet,0.01,0.0116,nan,nan,nan,lenet,0.01,0.0116,nan,nan,nan,lenet,0.01,0.0116,nan,nan,nan,lenet,0.01,0.0116,nan,nan,nan,13500000.0,0.0,54000000.0,2106000000.0,25272000000.0
lenetx12_cifar100_K12_topo-rregular3_seed0005_d013,d013,lenet:12,cifar100,12,topology,topo-rregular3,peers,5,200,64,0.1,0.9,0.0005,True,5,60,0.1,1.0,1,,disagreement,1.0,1,0.0,0.5,weight,rregular:3,0.0,0.0,42,0,45000,5000,10000,1089312,39,0.1,3,23.38,0.009999999999999998,1.734723475976807e-18,0.01,0.01,0.01,1.734723475976807e-18,0.0116,0.0116,0.0,0.9999999999999998,0.0,1.0,0.009999999999999998,lenet,0.01,0.0116,nan,nan,nan,lenet,0.01,0.0116,nan,nan,nan,lenet,0.01,0.0116,nan,nan,nan,lenet,0.01,0.0116,nan,nan,nan,lenet,0.01,0.0116,nan,nan,nan,lenet,0.01,0.0116,nan,nan,nan,lenet,0.01,0.0116,nan,nan,nan,lenet,0.01,0.0116,nan,nan,nan,lenet,0.01,0.0116,nan,nan,nan,lenet,0.01,0.0116,nan,nan,nan,lenet,0.01,0.0116,nan,nan,nan,lenet,0.01,0.0116,nan,nan,nan,13500000.0,0.0,54000000.0,2160000000.0,25920000000.0
lenetx12_cifar100_K12_topo-rregular3_seed0005_d013,d013,lenet:12,cifar100,12,topology,topo-rregular3,peers,5,200,64,0.1,0.9,0.0005,True,5,60,0.1,1.0,1,,disagreement,1.0,1,0.0,0.5,weight,rregular:3,0.0,0.0,42,0,45000,5000,10000,1089312,40,0.1,3,23.28,0.009999999999999998,1.734723475976807e-18,0.01,0.01,0.01,1.734723475976807e-18,0.0116,0.0116,0.0,0.9999999999999998,0.0,1.0,0.009999999999999998,lenet,0.01,0.0116,nan,nan,nan,lenet,0.01,0.0116,nan,nan,nan,lenet,0.01,0.0116,nan,nan,nan,lenet,0.01,0.0116,nan,nan,nan,lenet,0.01,0.0116,nan,nan,nan,lenet,0.01,0.0116,nan,nan,nan,lenet,0.01,0.0116,nan,nan,nan,lenet,0.01,0.0116,nan,nan,nan,lenet,0.01,0.0116,nan,nan,nan,lenet,0.01,0.0116,nan,nan,nan,lenet,0.01,0.0116,nan,nan,nan,lenet,0.01,0.0116,nan,nan,nan,13500000.0,0.0,54000000.0,2214000000.0,26568000000.0
lenetx12_cifar100_K12_topo-rregular3_seed0005_d013,d013,lenet:12,cifar100,12,topology,topo-rregular3,peers,5,200,64,0.1,0.9,0.0005,True,5,60,0.1,1.0,1,,disagreement,1.0,1,0.0,0.5,weight,rregular:3,0.0,0.0,42,0,45000,5000,10000,1089312,41,0.1,3,23.48,0.009999999999999998,1.734723475976807e-18,0.01,0.01,0.01,1.734723475976807e-18,0.0116,0.0116,0.0,0.9999999999999998,0.0,1.0,0.009999999999999998,lenet,0.01,0.0116,nan,nan,nan,lenet,0.01,0.0116,nan,nan,nan,lenet,0.01,0.0116,nan,nan,nan,lenet,0.01,0.0116,nan,nan,nan,lenet,0.01,0.0116,nan,nan,nan,lenet,0.01,0.0116,nan,nan,nan,lenet,0.01,0.0116,nan,nan,nan,lenet,0.01,0.0116,nan,nan,nan,lenet,0.01,0.0116,nan,nan,nan,lenet,0.01,0.0116,nan,nan,nan,lenet,0.01,0.0116,nan,nan,nan,lenet,0.01,0.0116,nan,nan,nan,13500000.0,0.0,54000000.0,2268000000.0,27216000000.0
lenetx12_cifar100_K12_topo-rregular3_seed0005_d013,d013,lenet:12,cifar100,12,topology,topo-rregular3,peers,5,200,64,0.1,0.9,0.0005,True,5,60,0.1,1.0,1,,disagreement,1.0,1,0.0,0.5,weight,rregular:3,0.0,0.0,42,0,45000,5000,10000,1089312,42,0.1,3,23.58,0.009999999999999998,1.734723475976807e-18,0.01,0.01,0.01,1.734723475976807e-18,0.0116,0.0116,0.0,0.9999999999999998,0.0,1.0,0.009999999999999998,lenet,0.01,0.0116,nan,nan,nan,lenet,0.01,0.0116,nan,nan,nan,lenet,0.01,0.0116,nan,nan,nan,lenet,0.01,0.0116,nan,nan,nan,lenet,0.01,0.0116,nan,nan,nan,lenet,0.01,0.0116,nan,nan,nan,lenet,0.01,0.0116,nan,nan,nan,lenet,0.01,0.0116,nan,nan,nan,lenet,0.01,0.0116,nan,nan,nan,lenet,0.01,0.0116,nan,nan,nan,lenet,0.01,0.0116,nan,nan,nan,lenet,0.01,0.0116,nan,nan,nan,13500000.0,0.0,54000000.0,2322000000.0,27864000000.0
lenetx12_cifar100_K12_topo-rregular3_seed0005_d013,d013,lenet:12,cifar100,12,topology,topo-rregular3,peers,5,200,64,0.1,0.9,0.0005,True,5,60,0.1,1.0,1,,disagreement,1.0,1,0.0,0.5,weight,rregular:3,0.0,0.0,42,0,45000,5000,10000,1089312,43,0.1,3,23.35,0.009999999999999998,1.734723475976807e-18,0.01,0.01,0.01,1.734723475976807e-18,0.0116,0.0116,0.0,0.9999999999999998,0.0,1.0,0.009999999999999998,lenet,0.01,0.0116,nan,nan,nan,lenet,0.01,0.0116,nan,nan,nan,lenet,0.01,0.0116,nan,nan,nan,lenet,0.01,0.0116,nan,nan,nan,lenet,0.01,0.0116,nan,nan,nan,lenet,0.01,0.0116,nan,nan,nan,lenet,0.01,0.0116,nan,nan,nan,lenet,0.01,0.0116,nan,nan,nan,lenet,0.01,0.0116,nan,nan,nan,lenet,0.01,0.0116,nan,nan,nan,lenet,0.01,0.0116,nan,nan,nan,lenet,0.01,0.0116,nan,nan,nan,13500000.0,0.0,54000000.0,2376000000.0,28512000000.0
lenetx12_cifar100_K12_topo-rregular3_seed0005_d013,d013,lenet:12,cifar100,12,topology,topo-rregular3,peers,5,200,64,0.1,0.9,0.0005,True,5,60,0.1,1.0,1,,disagreement,1.0,1,0.0,0.5,weight,rregular:3,0.0,0.0,42,0,45000,5000,10000,1089312,44,0.1,3,23.64,0.009999999999999998,1.734723475976807e-18,0.01,0.01,0.01,1.734723475976807e-18,0.0116,0.0116,0.0,0.9999999999999998,0.0,1.0,0.009999999999999998,lenet,0.01,0.0116,nan,nan,nan,lenet,0.01,0.0116,nan,nan,nan,lenet,0.01,0.0116,nan,nan,nan,lenet,0.01,0.0116,nan,nan,nan,lenet,0.01,0.0116,nan,nan,nan,lenet,0.01,0.0116,nan,nan,nan,lenet,0.01,0.0116,nan,nan,nan,lenet,0.01,0.0116,nan,nan,nan,lenet,0.01,0.0116,nan,nan,nan,lenet,0.01,0.0116,nan,nan,nan,lenet,0.01,0.0116,nan,nan,nan,lenet,0.01,0.0116,nan,nan,nan,13500000.0,0.0,54000000.0,2430000000.0,29160000000.0
lenetx12_cifar100_K12_topo-rregular3_seed0005_d013,d013,lenet:12,cifar100,12,topology,topo-rregular3,peers,5,200,64,0.1,0.9,0.0005,True,5,60,0.1,1.0,1,,disagreement,1.0,1,0.0,0.5,weight,rregular:3,0.0,0.0,42,0,45000,5000,10000,1089312,45,0.1,3,24.92,0.009999999999999998,1.734723475976807e-18,0.01,0.01,0.01,1.734723475976807e-18,0.0116,0.0116,0.0,0.9999999999999998,0.0,1.0,0.009999999999999998,lenet,0.01,0.0116,nan,nan,nan,lenet,0.01,0.0116,nan,nan,nan,lenet,0.01,0.0116,nan,nan,nan,lenet,0.01,0.0116,nan,nan,nan,lenet,0.01,0.0116,nan,nan,nan,lenet,0.01,0.0116,nan,nan,nan,lenet,0.01,0.0116,nan,nan,nan,lenet,0.01,0.0116,nan,nan,nan,lenet,0.01,0.0116,nan,nan,nan,lenet,0.01,0.0116,nan,nan,nan,lenet,0.01,0.0116,nan,nan,nan,lenet,0.01,0.0116,nan,nan,nan,13500000.0,0.0,54000000.0,2484000000.0,29808000000.0
lenetx12_cifar100_K12_topo-rregular3_seed0005_d013,d013,lenet:12,cifar100,12,topology,topo-rregular3,peers,5,200,64,0.1,0.9,0.0005,True,5,60,0.1,1.0,1,,disagreement,1.0,1,0.0,0.5,weight,rregular:3,0.0,0.0,42,0,45000,5000,10000,1089312,46,0.1,3,23.84,0.009999999999999998,1.734723475976807e-18,0.01,0.01,0.01,1.734723475976807e-18,0.0116,0.0116,0.0,0.9999999999999998,0.0,1.0,0.009999999999999998,lenet,0.01,0.0116,nan,nan,nan,lenet,0.01,0.0116,nan,nan,nan,lenet,0.01,0.0116,nan,nan,nan,lenet,0.01,0.0116,nan,nan,nan,lenet,0.01,0.0116,nan,nan,nan,lenet,0.01,0.0116,nan,nan,nan,lenet,0.01,0.0116,nan,nan,nan,lenet,0.01,0.0116,nan,nan,nan,lenet,0.01,0.0116,nan,nan,nan,lenet,0.01,0.0116,nan,nan,nan,lenet,0.01,0.0116,nan,nan,nan,lenet,0.01,0.0116,nan,nan,nan,13500000.0,0.0,54000000.0,2538000000.0,30456000000.0
lenetx12_cifar100_K12_topo-rregular3_seed0005_d013,d013,lenet:12,cifar100,12,topology,topo-rregular3,peers,5,200,64,0.1,0.9,0.0005,True,5,60,0.1,1.0,1,,disagreement,1.0,1,0.0,0.5,weight,rregular:3,0.0,0.0,42,0,45000,5000,10000,1089312,47,0.1,3,24.57,0.009999999999999998,1.734723475976807e-18,0.01,0.01,0.01,1.734723475976807e-18,0.0116,0.0116,0.0,0.9999999999999998,0.0,1.0,0.009999999999999998,lenet,0.01,0.0116,nan,nan,nan,lenet,0.01,0.0116,nan,nan,nan,lenet,0.01,0.0116,nan,nan,nan,lenet,0.01,0.0116,nan,nan,nan,lenet,0.01,0.0116,nan,nan,nan,lenet,0.01,0.0116,nan,nan,nan,lenet,0.01,0.0116,nan,nan,nan,lenet,0.01,0.0116,nan,nan,nan,lenet,0.01,0.0116,nan,nan,nan,lenet,0.01,0.0116,nan,nan,nan,lenet,0.01,0.0116,nan,nan,nan,lenet,0.01,0.0116,nan,nan,nan,13500000.0,0.0,54000000.0,2592000000.0,31104000000.0
lenetx12_cifar100_K12_topo-rregular3_seed0005_d013,d013,lenet:12,cifar100,12,topology,topo-rregular3,peers,5,200,64,0.1,0.9,0.0005,True,5,60,0.1,1.0,1,,disagreement,1.0,1,0.0,0.5,weight,rregular:3,0.0,0.0,42,0,45000,5000,10000,1089312,48,0.1,3,23.47,0.009999999999999998,1.734723475976807e-18,0.01,0.01,0.01,1.734723475976807e-18,0.0116,0.0116,0.0,0.9999999999999998,0.0,1.0,0.009999999999999998,lenet,0.01,0.0116,nan,nan,nan,lenet,0.01,0.0116,nan,nan,nan,lenet,0.01,0.0116,nan,nan,nan,lenet,0.01,0.0116,nan,nan,nan,lenet,0.01,0.0116,nan,nan,nan,lenet,0.01,0.0116,nan,nan,nan,lenet,0.01,0.0116,nan,nan,nan,lenet,0.01,0.0116,nan,nan,nan,lenet,0.01,0.0116,nan,nan,nan,lenet,0.01,0.0116,nan,nan,nan,lenet,0.01,0.0116,nan,nan,nan,lenet,0.01,0.0116,nan,nan,nan,13500000.0,0.0,54000000.0,2646000000.0,31752000000.0
lenetx12_cifar100_K12_topo-rregular3_seed0005_d013,d013,lenet:12,cifar100,12,topology,topo-rregular3,peers,5,200,64,0.1,0.9,0.0005,True,5,60,0.1,1.0,1,,disagreement,1.0,1,0.0,0.5,weight,rregular:3,0.0,0.0,42,0,45000,5000,10000,1089312,49,0.1,3,23.37,0.009999999999999998,1.734723475976807e-18,0.01,0.01,0.01,1.734723475976807e-18,0.0116,0.0116,0.0,0.9999999999999998,0.0,1.0,0.009999999999999998,lenet,0.01,0.0116,nan,nan,nan,lenet,0.01,0.0116,nan,nan,nan,lenet,0.01,0.0116,nan,nan,nan,lenet,0.01,0.0116,nan,nan,nan,lenet,0.01,0.0116,nan,nan,nan,lenet,0.01,0.0116,nan,nan,nan,lenet,0.01,0.0116,nan,nan,nan,lenet,0.01,0.0116,nan,nan,nan,lenet,0.01,0.0116,nan,nan,nan,lenet,0.01,0.0116,nan,nan,nan,lenet,0.01,0.0116,nan,nan,nan,lenet,0.01,0.0116,nan,nan,nan,13500000.0,0.0,54000000.0,2700000000.0,32400000000.0
lenetx12_cifar100_K12_topo-rregular3_seed0005_d013,d013,lenet:12,cifar100,12,topology,topo-rregular3,peers,5,200,64,0.1,0.9,0.0005,True,5,60,0.1,1.0,1,,disagreement,1.0,1,0.0,0.5,weight,rregular:3,0.0,0.0,42,0,45000,5000,10000,1089312,50,0.1,3,23.33,0.009999999999999998,1.734723475976807e-18,0.01,0.01,0.01,1.734723475976807e-18,0.0116,0.0116,0.0,0.9999999999999998,0.0,1.0,0.009999999999999998,lenet,0.01,0.0116,nan,nan,nan,lenet,0.01,0.0116,nan,nan,nan,lenet,0.01,0.0116,nan,nan,nan,lenet,0.01,0.0116,nan,nan,nan,lenet,0.01,0.0116,nan,nan,nan,lenet,0.01,0.0116,nan,nan,nan,lenet,0.01,0.0116,nan,nan,nan,lenet,0.01,0.0116,nan,nan,nan,lenet,0.01,0.0116,nan,nan,nan,lenet,0.01,0.0116,nan,nan,nan,lenet,0.01,0.0116,nan,nan,nan,lenet,0.01,0.0116,nan,nan,nan,13500000.0,0.0,54000000.0,2754000000.0,33048000000.0
lenetx12_cifar100_K12_topo-rregular3_seed0005_d013,d013,lenet:12,cifar100,12,topology,topo-rregular3,peers,5,200,64,0.1,0.9,0.0005,True,5,60,0.1,1.0,1,,disagreement,1.0,1,0.0,0.5,weight,rregular:3,0.0,0.0,42,0,45000,5000,10000,1089312,51,0.1,3,23.24,0.009999999999999998,1.734723475976807e-18,0.01,0.01,0.01,1.734723475976807e-18,0.0116,0.0116,0.0,0.9999999999999998,0.0,1.0,0.009999999999999998,lenet,0.01,0.0116,nan,nan,nan,lenet,0.01,0.0116,nan,nan,nan,lenet,0.01,0.0116,nan,nan,nan,lenet,0.01,0.0116,nan,nan,nan,lenet,0.01,0.0116,nan,nan,nan,lenet,0.01,0.0116,nan,nan,nan,lenet,0.01,0.0116,nan,nan,nan,lenet,0.01,0.0116,nan,nan,nan,lenet,0.01,0.0116,nan,nan,nan,lenet,0.01,0.0116,nan,nan,nan,lenet,0.01,0.0116,nan,nan,nan,lenet,0.01,0.0116,nan,nan,nan,13500000.0,0.0,54000000.0,2808000000.0,33696000000.0
lenetx12_cifar100_K12_topo-rregular3_seed0005_d013,d013,lenet:12,cifar100,12,topology,topo-rregular3,peers,5,200,64,0.1,0.9,0.0005,True,5,60,0.1,1.0,1,,disagreement,1.0,1,0.0,0.5,weight,rregular:3,0.0,0.0,42,0,45000,5000,10000,1089312,52,0.1,3,23.13,0.009999999999999998,1.734723475976807e-18,0.01,0.01,0.01,1.734723475976807e-18,0.0116,0.0116,0.0,0.9999999999999998,0.0,1.0,0.009999999999999998,lenet,0.01,0.0116,nan,nan,nan,lenet,0.01,0.0116,nan,nan,nan,lenet,0.01,0.0116,nan,nan,nan,lenet,0.01,0.0116,nan,nan,nan,lenet,0.01,0.0116,nan,nan,nan,lenet,0.01,0.0116,nan,nan,nan,lenet,0.01,0.0116,nan,nan,nan,lenet,0.01,0.0116,nan,nan,nan,lenet,0.01,0.0116,nan,nan,nan,lenet,0.01,0.0116,nan,nan,nan,lenet,0.01,0.0116,nan,nan,nan,lenet,0.01,0.0116,nan,nan,nan,13500000.0,0.0,54000000.0,2862000000.0,34344000000.0
lenetx12_cifar100_K12_topo-rregular3_seed0005_d013,d013,lenet:12,cifar100,12,topology,topo-rregular3,peers,5,200,64,0.1,0.9,0.0005,True,5,60,0.1,1.0,1,,disagreement,1.0,1,0.0,0.5,weight,rregular:3,0.0,0.0,42,0,45000,5000,10000,1089312,53,0.1,3,23.13,0.009999999999999998,1.734723475976807e-18,0.01,0.01,0.01,1.734723475976807e-18,0.0116,0.0116,0.0,0.9999999999999998,0.0,1.0,0.009999999999999998,lenet,0.01,0.0116,nan,nan,nan,lenet,0.01,0.0116,nan,nan,nan,lenet,0.01,0.0116,nan,nan,nan,lenet,0.01,0.0116,nan,nan,nan,lenet,0.01,0.0116,nan,nan,nan,lenet,0.01,0.0116,nan,nan,nan,lenet,0.01,0.0116,nan,nan,nan,lenet,0.01,0.0116,nan,nan,nan,lenet,0.01,0.0116,nan,nan,nan,lenet,0.01,0.0116,nan,nan,nan,lenet,0.01,0.0116,nan,nan,nan,lenet,0.01,0.0116,nan,nan,nan,13500000.0,0.0,54000000.0,2916000000.0,34992000000.0
lenetx12_cifar100_K12_topo-rregular3_seed0005_d013,d013,lenet:12,cifar100,12,topology,topo-rregular3,peers,5,200,64,0.1,0.9,0.0005,True,5,60,0.1,1.0,1,,disagreement,1.0,1,0.0,0.5,weight,rregular:3,0.0,0.0,42,0,45000,5000,10000,1089312,54,0.1,3,23.63,0.009999999999999998,1.734723475976807e-18,0.01,0.01,0.01,1.734723475976807e-18,0.0116,0.0116,0.0,0.9999999999999998,0.0,1.0,0.009999999999999998,lenet,0.01,0.0116,nan,nan,nan,lenet,0.01,0.0116,nan,nan,nan,lenet,0.01,0.0116,nan,nan,nan,lenet,0.01,0.0116,nan,nan,nan,lenet,0.01,0.0116,nan,nan,nan,lenet,0.01,0.0116,nan,nan,nan,lenet,0.01,0.0116,nan,nan,nan,lenet,0.01,0.0116,nan,nan,nan,lenet,0.01,0.0116,nan,nan,nan,lenet,0.01,0.0116,nan,nan,nan,lenet,0.01,0.0116,nan,nan,nan,lenet,0.01,0.0116,nan,nan,nan,13500000.0,0.0,54000000.0,2970000000.0,35640000000.0
lenetx12_cifar100_K12_topo-rregular3_seed0005_d013,d013,lenet:12,cifar100,12,topology,topo-rregular3,peers,5,200,64,0.1,0.9,0.0005,True,5,60,0.1,1.0,1,,disagreement,1.0,1,0.0,0.5,weight,rregular:3,0.0,0.0,42,0,45000,5000,10000,1089312,55,0.1,3,23.56,0.009999999999999998,1.734723475976807e-18,0.01,0.01,0.01,1.734723475976807e-18,0.0116,0.0116,0.0,0.9999999999999998,0.0,1.0,0.009999999999999998,lenet,0.01,0.0116,nan,nan,nan,lenet,0.01,0.0116,nan,nan,nan,lenet,0.01,0.0116,nan,nan,nan,lenet,0.01,0.0116,nan,nan,nan,lenet,0.01,0.0116,nan,nan,nan,lenet,0.01,0.0116,nan,nan,nan,lenet,0.01,0.0116,nan,nan,nan,lenet,0.01,0.0116,nan,nan,nan,lenet,0.01,0.0116,nan,nan,nan,lenet,0.01,0.0116,nan,nan,nan,lenet,0.01,0.0116,nan,nan,nan,lenet,0.01,0.0116,nan,nan,nan,13500000.0,0.0,54000000.0,3024000000.0,36288000000.0
lenetx12_cifar100_K12_topo-rregular3_seed0005_d013,d013,lenet:12,cifar100,12,topology,topo-rregular3,peers,5,200,64,0.1,0.9,0.0005,True,5,60,0.1,1.0,1,,disagreement,1.0,1,0.0,0.5,weight,rregular:3,0.0,0.0,42,0,45000,5000,10000,1089312,56,0.1,3,23.88,0.009999999999999998,1.734723475976807e-18,0.01,0.01,0.01,1.734723475976807e-18,0.0116,0.0116,0.0,0.9999999999999998,0.0,1.0,0.009999999999999998,lenet,0.01,0.0116,nan,nan,nan,lenet,0.01,0.0116,nan,nan,nan,lenet,0.01,0.0116,nan,nan,nan,lenet,0.01,0.0116,nan,nan,nan,lenet,0.01,0.0116,nan,nan,nan,lenet,0.01,0.0116,nan,nan,nan,lenet,0.01,0.0116,nan,nan,nan,lenet,0.01,0.0116,nan,nan,nan,lenet,0.01,0.0116,nan,nan,nan,lenet,0.01,0.0116,nan,nan,nan,lenet,0.01,0.0116,nan,nan,nan,lenet,0.01,0.0116,nan,nan,nan,13500000.0,0.0,54000000.0,3078000000.0,36936000000.0
lenetx12_cifar100_K12_topo-rregular3_seed0005_d013,d013,lenet:12,cifar100,12,topology,topo-rregular3,peers,5,200,64,0.1,0.9,0.0005,True,5,60,0.1,1.0,1,,disagreement,1.0,1,0.0,0.5,weight,rregular:3,0.0,0.0,42,0,45000,5000,10000,1089312,57,0.1,3,23.24,0.009999999999999998,1.734723475976807e-18,0.01,0.01,0.01,1.734723475976807e-18,0.0116,0.0116,0.0,0.9999999999999998,0.0,1.0,0.009999999999999998,lenet,0.01,0.0116,nan,nan,nan,lenet,0.01,0.0116,nan,nan,nan,lenet,0.01,0.0116,nan,nan,nan,lenet,0.01,0.0116,nan,nan,nan,lenet,0.01,0.0116,nan,nan,nan,lenet,0.01,0.0116,nan,nan,nan,lenet,0.01,0.0116,nan,nan,nan,lenet,0.01,0.0116,nan,nan,nan,lenet,0.01,0.0116,nan,nan,nan,lenet,0.01,0.0116,nan,nan,nan,lenet,0.01,0.0116,nan,nan,nan,lenet,0.01,0.0116,nan,nan,nan,13500000.0,0.0,54000000.0,3132000000.0,37584000000.0
lenetx12_cifar100_K12_topo-rregular3_seed0005_d013,d013,lenet:12,cifar100,12,topology,topo-rregular3,peers,5,200,64,0.1,0.9,0.0005,True,5,60,0.1,1.0,1,,disagreement,1.0,1,0.0,0.5,weight,rregular:3,0.0,0.0,42,0,45000,5000,10000,1089312,58,0.1,3,23.19,0.009999999999999998,1.734723475976807e-18,0.01,0.01,0.01,1.734723475976807e-18,0.0116,0.0116,0.0,0.9999999999999998,0.0,1.0,0.009999999999999998,lenet,0.01,0.0116,nan,nan,nan,lenet,0.01,0.0116,nan,nan,nan,lenet,0.01,0.0116,nan,nan,nan,lenet,0.01,0.0116,nan,nan,nan,lenet,0.01,0.0116,nan,nan,nan,lenet,0.01,0.0116,nan,nan,nan,lenet,0.01,0.0116,nan,nan,nan,lenet,0.01,0.0116,nan,nan,nan,lenet,0.01,0.0116,nan,nan,nan,lenet,0.01,0.0116,nan,nan,nan,lenet,0.01,0.0116,nan,nan,nan,lenet,0.01,0.0116,nan,nan,nan,13500000.0,0.0,54000000.0,3186000000.0,38232000000.0
lenetx12_cifar100_K12_topo-rregular3_seed0005_d013,d013,lenet:12,cifar100,12,topology,topo-rregular3,peers,5,200,64,0.1,0.9,0.0005,True,5,60,0.1,1.0,1,,disagreement,1.0,1,0.0,0.5,weight,rregular:3,0.0,0.0,42,0,45000,5000,10000,1089312,59,0.1,3,23.22,0.009999999999999998,1.734723475976807e-18,0.01,0.01,0.01,1.734723475976807e-18,0.0116,0.0116,0.0,0.9999999999999998,0.0,1.0,0.009999999999999998,lenet,0.01,0.0116,nan,nan,nan,lenet,0.01,0.0116,nan,nan,nan,lenet,0.01,0.0116,nan,nan,nan,lenet,0.01,0.0116,nan,nan,nan,lenet,0.01,0.0116,nan,nan,nan,lenet,0.01,0.0116,nan,nan,nan,lenet,0.01,0.0116,nan,nan,nan,lenet,0.01,0.0116,nan,nan,nan,lenet,0.01,0.0116,nan,nan,nan,lenet,0.01,0.0116,nan,nan,nan,lenet,0.01,0.0116,nan,nan,nan,lenet,0.01,0.0116,nan,nan,nan,13500000.0,0.0,54000000.0,3240000000.0,38880000000.0
lenetx12_cifar100_K12_topo-rregular3_seed0005_d013,d013,lenet:12,cifar100,12,topology,topo-rregular3,peers,5,200,64,0.1,0.9,0.0005,True,5,60,0.1,1.0,1,,disagreement,1.0,1,0.0,0.5,weight,rregular:3,0.0,0.0,42,0,45000,5000,10000,1089312,60,0.010000000000000002,3,23.59,0.009999999999999998,1.734723475976807e-18,0.01,0.01,0.01,1.734723475976807e-18,0.0116,0.0116,0.0,0.9999999999999998,0.0,1.0,0.009999999999999998,lenet,0.01,0.0116,nan,nan,nan,lenet,0.01,0.0116,nan,nan,nan,lenet,0.01,0.0116,nan,nan,nan,lenet,0.01,0.0116,nan,nan,nan,lenet,0.01,0.0116,nan,nan,nan,lenet,0.01,0.0116,nan,nan,nan,lenet,0.01,0.0116,nan,nan,nan,lenet,0.01,0.0116,nan,nan,nan,lenet,0.01,0.0116,nan,nan,nan,lenet,0.01,0.0116,nan,nan,nan,lenet,0.01,0.0116,nan,nan,nan,lenet,0.01,0.0116,nan,nan,nan,13500000.0,0.0,54000000.0,3294000000.0,39528000000.0
lenetx12_cifar100_K12_topo-rregular3_seed0005_d013,d013,lenet:12,cifar100,12,topology,topo-rregular3,peers,5,200,64,0.1,0.9,0.0005,True,5,60,0.1,1.0,1,,disagreement,1.0,1,0.0,0.5,weight,rregular:3,0.0,0.0,42,0,45000,5000,10000,1089312,61,0.010000000000000002,3,23.3,0.009999999999999998,1.734723475976807e-18,0.01,0.01,0.01,1.734723475976807e-18,0.0116,0.0116,0.0,0.9999999999999998,0.0,1.0,0.009999999999999998,lenet,0.01,0.0116,nan,nan,nan,lenet,0.01,0.0116,nan,nan,nan,lenet,0.01,0.0116,nan,nan,nan,lenet,0.01,0.0116,nan,nan,nan,lenet,0.01,0.0116,nan,nan,nan,lenet,0.01,0.0116,nan,nan,nan,lenet,0.01,0.0116,nan,nan,nan,lenet,0.01,0.0116,nan,nan,nan,lenet,0.01,0.0116,nan,nan,nan,lenet,0.01,0.0116,nan,nan,nan,lenet,0.01,0.0116,nan,nan,nan,lenet,0.01,0.0116,nan,nan,nan,13500000.0,0.0,54000000.0,3348000000.0,40176000000.0
lenetx12_cifar100_K12_topo-rregular3_seed0005_d013,d013,lenet:12,cifar100,12,topology,topo-rregular3,peers,5,200,64,0.1,0.9,0.0005,True,5,60,0.1,1.0,1,,disagreement,1.0,1,0.0,0.5,weight,rregular:3,0.0,0.0,42,0,45000,5000,10000,1089312,62,0.010000000000000002,3,23.16,0.009999999999999998,1.734723475976807e-18,0.01,0.01,0.01,1.734723475976807e-18,0.0116,0.0116,0.0,0.9999999999999998,0.0,1.0,0.009999999999999998,lenet,0.01,0.0116,nan,nan,nan,lenet,0.01,0.0116,nan,nan,nan,lenet,0.01,0.0116,nan,nan,nan,lenet,0.01,0.0116,nan,nan,nan,lenet,0.01,0.0116,nan,nan,nan,lenet,0.01,0.0116,nan,nan,nan,lenet,0.01,0.0116,nan,nan,nan,lenet,0.01,0.0116,nan,nan,nan,lenet,0.01,0.0116,nan,nan,nan,lenet,0.01,0.0116,nan,nan,nan,lenet,0.01,0.0116,nan,nan,nan,lenet,0.01,0.0116,nan,nan,nan,13500000.0,0.0,54000000.0,3402000000.0,40824000000.0
lenetx12_cifar100_K12_topo-rregular3_seed0005_d013,d013,lenet:12,cifar100,12,topology,topo-rregular3,peers,5,200,64,0.1,0.9,0.0005,True,5,60,0.1,1.0,1,,disagreement,1.0,1,0.0,0.5,weight,rregular:3,0.0,0.0,42,0,45000,5000,10000,1089312,63,0.010000000000000002,3,23.3,0.009999999999999998,1.734723475976807e-18,0.01,0.01,0.01,1.734723475976807e-18,0.0116,0.0116,0.0,0.9999999999999998,0.0,1.0,0.009999999999999998,lenet,0.01,0.0116,nan,nan,nan,lenet,0.01,0.0116,nan,nan,nan,lenet,0.01,0.0116,nan,nan,nan,lenet,0.01,0.0116,nan,nan,nan,lenet,0.01,0.0116,nan,nan,nan,lenet,0.01,0.0116,nan,nan,nan,lenet,0.01,0.0116,nan,nan,nan,lenet,0.01,0.0116,nan,nan,nan,lenet,0.01,0.0116,nan,nan,nan,lenet,0.01,0.0116,nan,nan,nan,lenet,0.01,0.0116,nan,nan,nan,lenet,0.01,0.0116,nan,nan,nan,13500000.0,0.0,54000000.0,3456000000.0,41472000000.0
lenetx12_cifar100_K12_topo-rregular3_seed0005_d013,d013,lenet:12,cifar100,12,topology,topo-rregular3,peers,5,200,64,0.1,0.9,0.0005,True,5,60,0.1,1.0,1,,disagreement,1.0,1,0.0,0.5,weight,rregular:3,0.0,0.0,42,0,45000,5000,10000,1089312,64,0.010000000000000002,3,23.38,0.009999999999999998,1.734723475976807e-18,0.01,0.01,0.01,1.734723475976807e-18,0.0116,0.0116,0.0,0.9999999999999998,0.0,1.0,0.009999999999999998,lenet,0.01,0.0116,nan,nan,nan,lenet,0.01,0.0116,nan,nan,nan,lenet,0.01,0.0116,nan,nan,nan,lenet,0.01,0.0116,nan,nan,nan,lenet,0.01,0.0116,nan,nan,nan,lenet,0.01,0.0116,nan,nan,nan,lenet,0.01,0.0116,nan,nan,nan,lenet,0.01,0.0116,nan,nan,nan,lenet,0.01,0.0116,nan,nan,nan,lenet,0.01,0.0116,nan,nan,nan,lenet,0.01,0.0116,nan,nan,nan,lenet,0.01,0.0116,nan,nan,nan,13500000.0,0.0,54000000.0,3510000000.0,42120000000.0
lenetx12_cifar100_K12_topo-rregular3_seed0005_d013,d013,lenet:12,cifar100,12,topology,topo-rregular3,peers,5,200,64,0.1,0.9,0.0005,True,5,60,0.1,1.0,1,,disagreement,1.0,1,0.0,0.5,weight,rregular:3,0.0,0.0,42,0,45000,5000,10000,1089312,65,0.010000000000000002,3,23.1,0.009999999999999998,1.734723475976807e-18,0.01,0.01,0.01,1.734723475976807e-18,0.0116,0.0116,0.0,0.9999999999999998,0.0,1.0,0.009999999999999998,lenet,0.01,0.0116,nan,nan,nan,lenet,0.01,0.0116,nan,nan,nan,lenet,0.01,0.0116,nan,nan,nan,lenet,0.01,0.0116,nan,nan,nan,lenet,0.01,0.0116,nan,nan,nan,lenet,0.01,0.0116,nan,nan,nan,lenet,0.01,0.0116,nan,nan,nan,lenet,0.01,0.0116,nan,nan,nan,lenet,0.01,0.0116,nan,nan,nan,lenet,0.01,0.0116,nan,nan,nan,lenet,0.01,0.0116,nan,nan,nan,lenet,0.01,0.0116,nan,nan,nan,13500000.0,0.0,54000000.0,3564000000.0,42768000000.0
lenetx12_cifar100_K12_topo-rregular3_seed0005_d013,d013,lenet:12,cifar100,12,topology,topo-rregular3,peers,5,200,64,0.1,0.9,0.0005,True,5,60,0.1,1.0,1,,disagreement,1.0,1,0.0,0.5,weight,rregular:3,0.0,0.0,42,0,45000,5000,10000,1089312,66,0.010000000000000002,3,26.49,0.009999999999999998,1.734723475976807e-18,0.01,0.01,0.01,1.734723475976807e-18,0.0116,0.0116,0.0,0.9999999999999998,0.0,1.0,0.009999999999999998,lenet,0.01,0.0116,nan,nan,nan,lenet,0.01,0.0116,nan,nan,nan,lenet,0.01,0.0116,nan,nan,nan,lenet,0.01,0.0116,nan,nan,nan,lenet,0.01,0.0116,nan,nan,nan,lenet,0.01,0.0116,nan,nan,nan,lenet,0.01,0.0116,nan,nan,nan,lenet,0.01,0.0116,nan,nan,nan,lenet,0.01,0.0116,nan,nan,nan,lenet,0.01,0.0116,nan,nan,nan,lenet,0.01,0.0116,nan,nan,nan,lenet,0.01,0.0116,nan,nan,nan,13500000.0,0.0,54000000.0,3618000000.0,43416000000.0
lenetx12_cifar100_K12_topo-rregular3_seed0005_d013,d013,lenet:12,cifar100,12,topology,topo-rregular3,peers,5,200,64,0.1,0.9,0.0005,True,5,60,0.1,1.0,1,,disagreement,1.0,1,0.0,0.5,weight,rregular:3,0.0,0.0,42,0,45000,5000,10000,1089312,67,0.010000000000000002,3,23.23,0.009999999999999998,1.734723475976807e-18,0.01,0.01,0.01,1.734723475976807e-18,0.0116,0.0116,0.0,0.9999999999999998,0.0,1.0,0.009999999999999998,lenet,0.01,0.0116,nan,nan,nan,lenet,0.01,0.0116,nan,nan,nan,lenet,0.01,0.0116,nan,nan,nan,lenet,0.01,0.0116,nan,nan,nan,lenet,0.01,0.0116,nan,nan,nan,lenet,0.01,0.0116,nan,nan,nan,lenet,0.01,0.0116,nan,nan,nan,lenet,0.01,0.0116,nan,nan,nan,lenet,0.01,0.0116,nan,nan,nan,lenet,0.01,0.0116,nan,nan,nan,lenet,0.01,0.0116,nan,nan,nan,lenet,0.01,0.0116,nan,nan,nan,13500000.0,0.0,54000000.0,3672000000.0,44064000000.0
lenetx12_cifar100_K12_topo-rregular3_seed0005_d013,d013,lenet:12,cifar100,12,topology,topo-rregular3,peers,5,200,64,0.1,0.9,0.0005,True,5,60,0.1,1.0,1,,disagreement,1.0,1,0.0,0.5,weight,rregular:3,0.0,0.0,42,0,45000,5000,10000,1089312,68,0.010000000000000002,3,23.14,0.009999999999999998,1.734723475976807e-18,0.01,0.01,0.01,1.734723475976807e-18,0.0116,0.0116,0.0,0.9999999999999998,0.0,1.0,0.009999999999999998,lenet,0.01,0.0116,nan,nan,nan,lenet,0.01,0.0116,nan,nan,nan,lenet,0.01,0.0116,nan,nan,nan,lenet,0.01,0.0116,nan,nan,nan,lenet,0.01,0.0116,nan,nan,nan,lenet,0.01,0.0116,nan,nan,nan,lenet,0.01,0.0116,nan,nan,nan,lenet,0.01,0.0116,nan,nan,nan,lenet,0.01,0.0116,nan,nan,nan,lenet,0.01,0.0116,nan,nan,nan,lenet,0.01,0.0116,nan,nan,nan,lenet,0.01,0.0116,nan,nan,nan,13500000.0,0.0,54000000.0,3726000000.0,44712000000.0
lenetx12_cifar100_K12_topo-rregular3_seed0005_d013,d013,lenet:12,cifar100,12,topology,topo-rregular3,peers,5,200,64,0.1,0.9,0.0005,True,5,60,0.1,1.0,1,,disagreement,1.0,1,0.0,0.5,weight,rregular:3,0.0,0.0,42,0,45000,5000,10000,1089312,69,0.010000000000000002,3,23.38,0.009999999999999998,1.734723475976807e-18,0.01,0.01,0.01,1.734723475976807e-18,0.0116,0.0116,0.0,0.9999999999999998,0.0,1.0,0.009999999999999998,lenet,0.01,0.0116,nan,nan,nan,lenet,0.01,0.0116,nan,nan,nan,lenet,0.01,0.0116,nan,nan,nan,lenet,0.01,0.0116,nan,nan,nan,lenet,0.01,0.0116,nan,nan,nan,lenet,0.01,0.0116,nan,nan,nan,lenet,0.01,0.0116,nan,nan,nan,lenet,0.01,0.0116,nan,nan,nan,lenet,0.01,0.0116,nan,nan,nan,lenet,0.01,0.0116,nan,nan,nan,lenet,0.01,0.0116,nan,nan,nan,lenet,0.01,0.0116,nan,nan,nan,13500000.0,0.0,54000000.0,3780000000.0,45360000000.0
lenetx12_cifar100_K12_topo-rregular3_seed0005_d013,d013,lenet:12,cifar100,12,topology,topo-rregular3,peers,5,200,64,0.1,0.9,0.0005,True,5,60,0.1,1.0,1,,disagreement,1.0,1,0.0,0.5,weight,rregular:3,0.0,0.0,42,0,45000,5000,10000,1089312,70,0.010000000000000002,3,23.26,0.009999999999999998,1.734723475976807e-18,0.01,0.01,0.01,1.734723475976807e-18,0.0116,0.0116,0.0,0.9999999999999998,0.0,1.0,0.009999999999999998,lenet,0.01,0.0116,nan,nan,nan,lenet,0.01,0.0116,nan,nan,nan,lenet,0.01,0.0116,nan,nan,nan,lenet,0.01,0.0116,nan,nan,nan,lenet,0.01,0.0116,nan,nan,nan,lenet,0.01,0.0116,nan,nan,nan,lenet,0.01,0.0116,nan,nan,nan,lenet,0.01,0.0116,nan,nan,nan,lenet,0.01,0.0116,nan,nan,nan,lenet,0.01,0.0116,nan,nan,nan,lenet,0.01,0.0116,nan,nan,nan,lenet,0.01,0.0116,nan,nan,nan,13500000.0,0.0,54000000.0,3834000000.0,46008000000.0
lenetx12_cifar100_K12_topo-rregular3_seed0005_d013,d013,lenet:12,cifar100,12,topology,topo-rregular3,peers,5,200,64,0.1,0.9,0.0005,True,5,60,0.1,1.0,1,,disagreement,1.0,1,0.0,0.5,weight,rregular:3,0.0,0.0,42,0,45000,5000,10000,1089312,71,0.010000000000000002,3,23.75,0.009999999999999998,1.734723475976807e-18,0.01,0.01,0.01,1.734723475976807e-18,0.0116,0.0116,0.0,0.9999999999999998,0.0,1.0,0.009999999999999998,lenet,0.01,0.0116,nan,nan,nan,lenet,0.01,0.0116,nan,nan,nan,lenet,0.01,0.0116,nan,nan,nan,lenet,0.01,0.0116,nan,nan,nan,lenet,0.01,0.0116,nan,nan,nan,lenet,0.01,0.0116,nan,nan,nan,lenet,0.01,0.0116,nan,nan,nan,lenet,0.01,0.0116,nan,nan,nan,lenet,0.01,0.0116,nan,nan,nan,lenet,0.01,0.0116,nan,nan,nan,lenet,0.01,0.0116,nan,nan,nan,lenet,0.01,0.0116,nan,nan,nan,13500000.0,0.0,54000000.0,3888000000.0,46656000000.0
lenetx12_cifar100_K12_topo-rregular3_seed0005_d013,d013,lenet:12,cifar100,12,topology,topo-rregular3,peers,5,200,64,0.1,0.9,0.0005,True,5,60,0.1,1.0,1,,disagreement,1.0,1,0.0,0.5,weight,rregular:3,0.0,0.0,42,0,45000,5000,10000,1089312,72,0.010000000000000002,3,23.28,0.009999999999999998,1.734723475976807e-18,0.01,0.01,0.01,1.734723475976807e-18,0.0116,0.0116,0.0,0.9999999999999998,0.0,1.0,0.009999999999999998,lenet,0.01,0.0116,nan,nan,nan,lenet,0.01,0.0116,nan,nan,nan,lenet,0.01,0.0116,nan,nan,nan,lenet,0.01,0.0116,nan,nan,nan,lenet,0.01,0.0116,nan,nan,nan,lenet,0.01,0.0116,nan,nan,nan,lenet,0.01,0.0116,nan,nan,nan,lenet,0.01,0.0116,nan,nan,nan,lenet,0.01,0.0116,nan,nan,nan,lenet,0.01,0.0116,nan,nan,nan,lenet,0.01,0.0116,nan,nan,nan,lenet,0.01,0.0116,nan,nan,nan,13500000.0,0.0,54000000.0,3942000000.0,47304000000.0
lenetx12_cifar100_K12_topo-rregular3_seed0005_d013,d013,lenet:12,cifar100,12,topology,topo-rregular3,peers,5,200,64,0.1,0.9,0.0005,True,5,60,0.1,1.0,1,,disagreement,1.0,1,0.0,0.5,weight,rregular:3,0.0,0.0,42,0,45000,5000,10000,1089312,73,0.010000000000000002,3,23.36,0.009999999999999998,1.734723475976807e-18,0.01,0.01,0.01,1.734723475976807e-18,0.0116,0.0116,0.0,0.9999999999999998,0.0,1.0,0.009999999999999998,lenet,0.01,0.0116,nan,nan,nan,lenet,0.01,0.0116,nan,nan,nan,lenet,0.01,0.0116,nan,nan,nan,lenet,0.01,0.0116,nan,nan,nan,lenet,0.01,0.0116,nan,nan,nan,lenet,0.01,0.0116,nan,nan,nan,lenet,0.01,0.0116,nan,nan,nan,lenet,0.01,0.0116,nan,nan,nan,lenet,0.01,0.0116,nan,nan,nan,lenet,0.01,0.0116,nan,nan,nan,lenet,0.01,0.0116,nan,nan,nan,lenet,0.01,0.0116,nan,nan,nan,13500000.0,0.0,54000000.0,3996000000.0,47952000000.0
lenetx12_cifar100_K12_topo-rregular3_seed0005_d013,d013,lenet:12,cifar100,12,topology,topo-rregular3,peers,5,200,64,0.1,0.9,0.0005,True,5,60,0.1,1.0,1,,disagreement,1.0,1,0.0,0.5,weight,rregular:3,0.0,0.0,42,0,45000,5000,10000,1089312,74,0.010000000000000002,3,23.82,0.009999999999999998,1.734723475976807e-18,0.01,0.01,0.01,1.734723475976807e-18,0.0116,0.0116,0.0,0.9999999999999998,0.0,1.0,0.009999999999999998,lenet,0.01,0.0116,nan,nan,nan,lenet,0.01,0.0116,nan,nan,nan,lenet,0.01,0.0116,nan,nan,nan,lenet,0.01,0.0116,nan,nan,nan,lenet,0.01,0.0116,nan,nan,nan,lenet,0.01,0.0116,nan,nan,nan,lenet,0.01,0.0116,nan,nan,nan,lenet,0.01,0.0116,nan,nan,nan,lenet,0.01,0.0116,nan,nan,nan,lenet,0.01,0.0116,nan,nan,nan,lenet,0.01,0.0116,nan,nan,nan,lenet,0.01,0.0116,nan,nan,nan,13500000.0,0.0,54000000.0,4050000000.0,48600000000.0
lenetx12_cifar100_K12_topo-rregular3_seed0005_d013,d013,lenet:12,cifar100,12,topology,topo-rregular3,peers,5,200,64,0.1,0.9,0.0005,True,5,60,0.1,1.0,1,,disagreement,1.0,1,0.0,0.5,weight,rregular:3,0.0,0.0,42,0,45000,5000,10000,1089312,75,0.010000000000000002,3,23.1,0.009999999999999998,1.734723475976807e-18,0.01,0.01,0.01,1.734723475976807e-18,0.0116,0.0116,0.0,0.9999999999999998,0.0,1.0,0.009999999999999998,lenet,0.01,0.0116,nan,nan,nan,lenet,0.01,0.0116,nan,nan,nan,lenet,0.01,0.0116,nan,nan,nan,lenet,0.01,0.0116,nan,nan,nan,lenet,0.01,0.0116,nan,nan,nan,lenet,0.01,0.0116,nan,nan,nan,lenet,0.01,0.0116,nan,nan,nan,lenet,0.01,0.0116,nan,nan,nan,lenet,0.01,0.0116,nan,nan,nan,lenet,0.01,0.0116,nan,nan,nan,lenet,0.01,0.0116,nan,nan,nan,lenet,0.01,0.0116,nan,nan,nan,13500000.0,0.0,54000000.0,4104000000.0,49248000000.0
lenetx12_cifar100_K12_topo-rregular3_seed0005_d013,d013,lenet:12,cifar100,12,topology,topo-rregular3,peers,5,200,64,0.1,0.9,0.0005,True,5,60,0.1,1.0,1,,disagreement,1.0,1,0.0,0.5,weight,rregular:3,0.0,0.0,42,0,45000,5000,10000,1089312,76,0.010000000000000002,3,23.1,0.009999999999999998,1.734723475976807e-18,0.01,0.01,0.01,1.734723475976807e-18,0.0116,0.0116,0.0,0.9999999999999998,0.0,1.0,0.009999999999999998,lenet,0.01,0.0116,nan,nan,nan,lenet,0.01,0.0116,nan,nan,nan,lenet,0.01,0.0116,nan,nan,nan,lenet,0.01,0.0116,nan,nan,nan,lenet,0.01,0.0116,nan,nan,nan,lenet,0.01,0.0116,nan,nan,nan,lenet,0.01,0.0116,nan,nan,nan,lenet,0.01,0.0116,nan,nan,nan,lenet,0.01,0.0116,nan,nan,nan,lenet,0.01,0.0116,nan,nan,nan,lenet,0.01,0.0116,nan,nan,nan,lenet,0.01,0.0116,nan,nan,nan,13500000.0,0.0,54000000.0,4158000000.0,49896000000.0
lenetx12_cifar100_K12_topo-rregular3_seed0005_d013,d013,lenet:12,cifar100,12,topology,topo-rregular3,peers,5,200,64,0.1,0.9,0.0005,True,5,60,0.1,1.0,1,,disagreement,1.0,1,0.0,0.5,weight,rregular:3,0.0,0.0,42,0,45000,5000,10000,1089312,77,0.010000000000000002,3,23.68,0.009999999999999998,1.734723475976807e-18,0.01,0.01,0.01,1.734723475976807e-18,0.0116,0.0116,0.0,0.9999999999999998,0.0,1.0,0.009999999999999998,lenet,0.01,0.0116,nan,nan,nan,lenet,0.01,0.0116,nan,nan,nan,lenet,0.01,0.0116,nan,nan,nan,lenet,0.01,0.0116,nan,nan,nan,lenet,0.01,0.0116,nan,nan,nan,lenet,0.01,0.0116,nan,nan,nan,lenet,0.01,0.0116,nan,nan,nan,lenet,0.01,0.0116,nan,nan,nan,lenet,0.01,0.0116,nan,nan,nan,lenet,0.01,0.0116,nan,nan,nan,lenet,0.01,0.0116,nan,nan,nan,lenet,0.01,0.0116,nan,nan,nan,13500000.0,0.0,54000000.0,4212000000.0,50544000000.0
lenetx12_cifar100_K12_topo-rregular3_seed0005_d013,d013,lenet:12,cifar100,12,topology,topo-rregular3,peers,5,200,64,0.1,0.9,0.0005,True,5,60,0.1,1.0,1,,disagreement,1.0,1,0.0,0.5,weight,rregular:3,0.0,0.0,42,0,45000,5000,10000,1089312,78,0.010000000000000002,3,23.69,0.009999999999999998,1.734723475976807e-18,0.01,0.01,0.01,1.734723475976807e-18,0.0116,0.0116,0.0,0.9999999999999998,0.0,1.0,0.009999999999999998,lenet,0.01,0.0116,nan,nan,nan,lenet,0.01,0.0116,nan,nan,nan,lenet,0.01,0.0116,nan,nan,nan,lenet,0.01,0.0116,nan,nan,nan,lenet,0.01,0.0116,nan,nan,nan,lenet,0.01,0.0116,nan,nan,nan,lenet,0.01,0.0116,nan,nan,nan,lenet,0.01,0.0116,nan,nan,nan,lenet,0.01,0.0116,nan,nan,nan,lenet,0.01,0.0116,nan,nan,nan,lenet,0.01,0.0116,nan,nan,nan,lenet,0.01,0.0116,nan,nan,nan,13500000.0,0.0,54000000.0,4266000000.0,51192000000.0
lenetx12_cifar100_K12_topo-rregular3_seed0005_d013,d013,lenet:12,cifar100,12,topology,topo-rregular3,peers,5,200,64,0.1,0.9,0.0005,True,5,60,0.1,1.0,1,,disagreement,1.0,1,0.0,0.5,weight,rregular:3,0.0,0.0,42,0,45000,5000,10000,1089312,79,0.010000000000000002,3,23.25,0.009999999999999998,1.734723475976807e-18,0.01,0.01,0.01,1.734723475976807e-18,0.0116,0.0116,0.0,0.9999999999999998,0.0,1.0,0.009999999999999998,lenet,0.01,0.0116,nan,nan,nan,lenet,0.01,0.0116,nan,nan,nan,lenet,0.01,0.0116,nan,nan,nan,lenet,0.01,0.0116,nan,nan,nan,lenet,0.01,0.0116,nan,nan,nan,lenet,0.01,0.0116,nan,nan,nan,lenet,0.01,0.0116,nan,nan,nan,lenet,0.01,0.0116,nan,nan,nan,lenet,0.01,0.0116,nan,nan,nan,lenet,0.01,0.0116,nan,nan,nan,lenet,0.01,0.0116,nan,nan,nan,lenet,0.01,0.0116,nan,nan,nan,13500000.0,0.0,54000000.0,4320000000.0,51840000000.0
lenetx12_cifar100_K12_topo-rregular3_seed0005_d013,d013,lenet:12,cifar100,12,topology,topo-rregular3,peers,5,200,64,0.1,0.9,0.0005,True,5,60,0.1,1.0,1,,disagreement,1.0,1,0.0,0.5,weight,rregular:3,0.0,0.0,42,0,45000,5000,10000,1089312,80,0.010000000000000002,3,24.33,0.009999999999999998,1.734723475976807e-18,0.01,0.01,0.01,1.734723475976807e-18,0.0116,0.0116,0.0,0.9999999999999998,0.0,1.0,0.009999999999999998,lenet,0.01,0.0116,nan,nan,nan,lenet,0.01,0.0116,nan,nan,nan,lenet,0.01,0.0116,nan,nan,nan,lenet,0.01,0.0116,nan,nan,nan,lenet,0.01,0.0116,nan,nan,nan,lenet,0.01,0.0116,nan,nan,nan,lenet,0.01,0.0116,nan,nan,nan,lenet,0.01,0.0116,nan,nan,nan,lenet,0.01,0.0116,nan,nan,nan,lenet,0.01,0.0116,nan,nan,nan,lenet,0.01,0.0116,nan,nan,nan,lenet,0.01,0.0116,nan,nan,nan,13500000.0,0.0,54000000.0,4374000000.0,52488000000.0
lenetx12_cifar100_K12_topo-rregular3_seed0005_d013,d013,lenet:12,cifar100,12,topology,topo-rregular3,peers,5,200,64,0.1,0.9,0.0005,True,5,60,0.1,1.0,1,,disagreement,1.0,1,0.0,0.5,weight,rregular:3,0.0,0.0,42,0,45000,5000,10000,1089312,81,0.010000000000000002,3,24.14,0.009999999999999998,1.734723475976807e-18,0.01,0.01,0.01,1.734723475976807e-18,0.0116,0.0116,0.0,0.9999999999999998,0.0,1.0,0.009999999999999998,lenet,0.01,0.0116,nan,nan,nan,lenet,0.01,0.0116,nan,nan,nan,lenet,0.01,0.0116,nan,nan,nan,lenet,0.01,0.0116,nan,nan,nan,lenet,0.01,0.0116,nan,nan,nan,lenet,0.01,0.0116,nan,nan,nan,lenet,0.01,0.0116,nan,nan,nan,lenet,0.01,0.0116,nan,nan,nan,lenet,0.01,0.0116,nan,nan,nan,lenet,0.01,0.0116,nan,nan,nan,lenet,0.01,0.0116,nan,nan,nan,lenet,0.01,0.0116,nan,nan,nan,13500000.0,0.0,54000000.0,4428000000.0,53136000000.0
lenetx12_cifar100_K12_topo-rregular3_seed0005_d013,d013,lenet:12,cifar100,12,topology,topo-rregular3,peers,5,200,64,0.1,0.9,0.0005,True,5,60,0.1,1.0,1,,disagreement,1.0,1,0.0,0.5,weight,rregular:3,0.0,0.0,42,0,45000,5000,10000,1089312,82,0.010000000000000002,3,24.56,0.009999999999999998,1.734723475976807e-18,0.01,0.01,0.01,1.734723475976807e-18,0.0116,0.0116,0.0,0.9999999999999998,0.0,1.0,0.009999999999999998,lenet,0.01,0.0116,nan,nan,nan,lenet,0.01,0.0116,nan,nan,nan,lenet,0.01,0.0116,nan,nan,nan,lenet,0.01,0.0116,nan,nan,nan,lenet,0.01,0.0116,nan,nan,nan,lenet,0.01,0.0116,nan,nan,nan,lenet,0.01,0.0116,nan,nan,nan,lenet,0.01,0.0116,nan,nan,nan,lenet,0.01,0.0116,nan,nan,nan,lenet,0.01,0.0116,nan,nan,nan,lenet,0.01,0.0116,nan,nan,nan,lenet,0.01,0.0116,nan,nan,nan,13500000.0,0.0,54000000.0,4482000000.0,53784000000.0
lenetx12_cifar100_K12_topo-rregular3_seed0005_d013,d013,lenet:12,cifar100,12,topology,topo-rregular3,peers,5,200,64,0.1,0.9,0.0005,True,5,60,0.1,1.0,1,,disagreement,1.0,1,0.0,0.5,weight,rregular:3,0.0,0.0,42,0,45000,5000,10000,1089312,83,0.010000000000000002,3,23.69,0.009999999999999998,1.734723475976807e-18,0.01,0.01,0.01,1.734723475976807e-18,0.0116,0.0116,0.0,0.9999999999999998,0.0,1.0,0.009999999999999998,lenet,0.01,0.0116,nan,nan,nan,lenet,0.01,0.0116,nan,nan,nan,lenet,0.01,0.0116,nan,nan,nan,lenet,0.01,0.0116,nan,nan,nan,lenet,0.01,0.0116,nan,nan,nan,lenet,0.01,0.0116,nan,nan,nan,lenet,0.01,0.0116,nan,nan,nan,lenet,0.01,0.0116,nan,nan,nan,lenet,0.01,0.0116,nan,nan,nan,lenet,0.01,0.0116,nan,nan,nan,lenet,0.01,0.0116,nan,nan,nan,lenet,0.01,0.0116,nan,nan,nan,13500000.0,0.0,54000000.0,4536000000.0,54432000000.0
lenetx12_cifar100_K12_topo-rregular3_seed0005_d013,d013,lenet:12,cifar100,12,topology,topo-rregular3,peers,5,200,64,0.1,0.9,0.0005,True,5,60,0.1,1.0,1,,disagreement,1.0,1,0.0,0.5,weight,rregular:3,0.0,0.0,42,0,45000,5000,10000,1089312,84,0.010000000000000002,3,23.41,0.009999999999999998,1.734723475976807e-18,0.01,0.01,0.01,1.734723475976807e-18,0.0116,0.0116,0.0,0.9999999999999998,0.0,1.0,0.009999999999999998,lenet,0.01,0.0116,nan,nan,nan,lenet,0.01,0.0116,nan,nan,nan,lenet,0.01,0.0116,nan,nan,nan,lenet,0.01,0.0116,nan,nan,nan,lenet,0.01,0.0116,nan,nan,nan,lenet,0.01,0.0116,nan,nan,nan,lenet,0.01,0.0116,nan,nan,nan,lenet,0.01,0.0116,nan,nan,nan,lenet,0.01,0.0116,nan,nan,nan,lenet,0.01,0.0116,nan,nan,nan,lenet,0.01,0.0116,nan,nan,nan,lenet,0.01,0.0116,nan,nan,nan,13500000.0,0.0,54000000.0,4590000000.0,55080000000.0
lenetx12_cifar100_K12_topo-rregular3_seed0005_d013,d013,lenet:12,cifar100,12,topology,topo-rregular3,peers,5,200,64,0.1,0.9,0.0005,True,5,60,0.1,1.0,1,,disagreement,1.0,1,0.0,0.5,weight,rregular:3,0.0,0.0,42,0,45000,5000,10000,1089312,85,0.010000000000000002,3,23.82,0.009999999999999998,1.734723475976807e-18,0.01,0.01,0.01,1.734723475976807e-18,0.0116,0.0116,0.0,0.9999999999999998,0.0,1.0,0.009999999999999998,lenet,0.01,0.0116,nan,nan,nan,lenet,0.01,0.0116,nan,nan,nan,lenet,0.01,0.0116,nan,nan,nan,lenet,0.01,0.0116,nan,nan,nan,lenet,0.01,0.0116,nan,nan,nan,lenet,0.01,0.0116,nan,nan,nan,lenet,0.01,0.0116,nan,nan,nan,lenet,0.01,0.0116,nan,nan,nan,lenet,0.01,0.0116,nan,nan,nan,lenet,0.01,0.0116,nan,nan,nan,lenet,0.01,0.0116,nan,nan,nan,lenet,0.01,0.0116,nan,nan,nan,13500000.0,0.0,54000000.0,4644000000.0,55728000000.0
lenetx12_cifar100_K12_topo-rregular3_seed0005_d013,d013,lenet:12,cifar100,12,topology,topo-rregular3,peers,5,200,64,0.1,0.9,0.0005,True,5,60,0.1,1.0,1,,disagreement,1.0,1,0.0,0.5,weight,rregular:3,0.0,0.0,42,0,45000,5000,10000,1089312,86,0.010000000000000002,3,23.59,0.009999999999999998,1.734723475976807e-18,0.01,0.01,0.01,1.734723475976807e-18,0.0116,0.0116,0.0,0.9999999999999998,0.0,1.0,0.009999999999999998,lenet,0.01,0.0116,nan,nan,nan,lenet,0.01,0.0116,nan,nan,nan,lenet,0.01,0.0116,nan,nan,nan,lenet,0.01,0.0116,nan,nan,nan,lenet,0.01,0.0116,nan,nan,nan,lenet,0.01,0.0116,nan,nan,nan,lenet,0.01,0.0116,nan,nan,nan,lenet,0.01,0.0116,nan,nan,nan,lenet,0.01,0.0116,nan,nan,nan,lenet,0.01,0.0116,nan,nan,nan,lenet,0.01,0.0116,nan,nan,nan,lenet,0.01,0.0116,nan,nan,nan,13500000.0,0.0,54000000.0,4698000000.0,56376000000.0
lenetx12_cifar100_K12_topo-rregular3_seed0005_d013,d013,lenet:12,cifar100,12,topology,topo-rregular3,peers,5,200,64,0.1,0.9,0.0005,True,5,60,0.1,1.0,1,,disagreement,1.0,1,0.0,0.5,weight,rregular:3,0.0,0.0,42,0,45000,5000,10000,1089312,87,0.010000000000000002,3,23.62,0.009999999999999998,1.734723475976807e-18,0.01,0.01,0.01,1.734723475976807e-18,0.0116,0.0116,0.0,0.9999999999999998,0.0,1.0,0.009999999999999998,lenet,0.01,0.0116,nan,nan,nan,lenet,0.01,0.0116,nan,nan,nan,lenet,0.01,0.0116,nan,nan,nan,lenet,0.01,0.0116,nan,nan,nan,lenet,0.01,0.0116,nan,nan,nan,lenet,0.01,0.0116,nan,nan,nan,lenet,0.01,0.0116,nan,nan,nan,lenet,0.01,0.0116,nan,nan,nan,lenet,0.01,0.0116,nan,nan,nan,lenet,0.01,0.0116,nan,nan,nan,lenet,0.01,0.0116,nan,nan,nan,lenet,0.01,0.0116,nan,nan,nan,13500000.0,0.0,54000000.0,4752000000.0,57024000000.0
lenetx12_cifar100_K12_topo-rregular3_seed0005_d013,d013,lenet:12,cifar100,12,topology,topo-rregular3,peers,5,200,64,0.1,0.9,0.0005,True,5,60,0.1,1.0,1,,disagreement,1.0,1,0.0,0.5,weight,rregular:3,0.0,0.0,42,0,45000,5000,10000,1089312,88,0.010000000000000002,3,23.55,0.009999999999999998,1.734723475976807e-18,0.01,0.01,0.01,1.734723475976807e-18,0.0116,0.0116,0.0,0.9999999999999998,0.0,1.0,0.009999999999999998,lenet,0.01,0.0116,nan,nan,nan,lenet,0.01,0.0116,nan,nan,nan,lenet,0.01,0.0116,nan,nan,nan,lenet,0.01,0.0116,nan,nan,nan,lenet,0.01,0.0116,nan,nan,nan,lenet,0.01,0.0116,nan,nan,nan,lenet,0.01,0.0116,nan,nan,nan,lenet,0.01,0.0116,nan,nan,nan,lenet,0.01,0.0116,nan,nan,nan,lenet,0.01,0.0116,nan,nan,nan,lenet,0.01,0.0116,nan,nan,nan,lenet,0.01,0.0116,nan,nan,nan,13500000.0,0.0,54000000.0,4806000000.0,57672000000.0
lenetx12_cifar100_K12_topo-rregular3_seed0005_d013,d013,lenet:12,cifar100,12,topology,topo-rregular3,peers,5,200,64,0.1,0.9,0.0005,True,5,60,0.1,1.0,1,,disagreement,1.0,1,0.0,0.5,weight,rregular:3,0.0,0.0,42,0,45000,5000,10000,1089312,89,0.010000000000000002,3,23.66,0.009999999999999998,1.734723475976807e-18,0.01,0.01,0.01,1.734723475976807e-18,0.0116,0.0116,0.0,0.9999999999999998,0.0,1.0,0.009999999999999998,lenet,0.01,0.0116,nan,nan,nan,lenet,0.01,0.0116,nan,nan,nan,lenet,0.01,0.0116,nan,nan,nan,lenet,0.01,0.0116,nan,nan,nan,lenet,0.01,0.0116,nan,nan,nan,lenet,0.01,0.0116,nan,nan,nan,lenet,0.01,0.0116,nan,nan,nan,lenet,0.01,0.0116,nan,nan,nan,lenet,0.01,0.0116,nan,nan,nan,lenet,0.01,0.0116,nan,nan,nan,lenet,0.01,0.0116,nan,nan,nan,lenet,0.01,0.0116,nan,nan,nan,13500000.0,0.0,54000000.0,4860000000.0,58320000000.0
lenetx12_cifar100_K12_topo-rregular3_seed0005_d013,d013,lenet:12,cifar100,12,topology,topo-rregular3,peers,5,200,64,0.1,0.9,0.0005,True,5,60,0.1,1.0,1,,disagreement,1.0,1,0.0,0.5,weight,rregular:3,0.0,0.0,42,0,45000,5000,10000,1089312,90,0.010000000000000002,3,23.47,0.009999999999999998,1.734723475976807e-18,0.01,0.01,0.01,1.734723475976807e-18,0.0116,0.0116,0.0,0.9999999999999998,0.0,1.0,0.009999999999999998,lenet,0.01,0.0116,nan,nan,nan,lenet,0.01,0.0116,nan,nan,nan,lenet,0.01,0.0116,nan,nan,nan,lenet,0.01,0.0116,nan,nan,nan,lenet,0.01,0.0116,nan,nan,nan,lenet,0.01,0.0116,nan,nan,nan,lenet,0.01,0.0116,nan,nan,nan,lenet,0.01,0.0116,nan,nan,nan,lenet,0.01,0.0116,nan,nan,nan,lenet,0.01,0.0116,nan,nan,nan,lenet,0.01,0.0116,nan,nan,nan,lenet,0.01,0.0116,nan,nan,nan,13500000.0,0.0,54000000.0,4914000000.0,58968000000.0
lenetx12_cifar100_K12_topo-rregular3_seed0005_d013,d013,lenet:12,cifar100,12,topology,topo-rregular3,peers,5,200,64,0.1,0.9,0.0005,True,5,60,0.1,1.0,1,,disagreement,1.0,1,0.0,0.5,weight,rregular:3,0.0,0.0,42,0,45000,5000,10000,1089312,91,0.010000000000000002,3,23.57,0.009999999999999998,1.734723475976807e-18,0.01,0.01,0.01,1.734723475976807e-18,0.0116,0.0116,0.0,0.9999999999999998,0.0,1.0,0.009999999999999998,lenet,0.01,0.0116,nan,nan,nan,lenet,0.01,0.0116,nan,nan,nan,lenet,0.01,0.0116,nan,nan,nan,lenet,0.01,0.0116,nan,nan,nan,lenet,0.01,0.0116,nan,nan,nan,lenet,0.01,0.0116,nan,nan,nan,lenet,0.01,0.0116,nan,nan,nan,lenet,0.01,0.0116,nan,nan,nan,lenet,0.01,0.0116,nan,nan,nan,lenet,0.01,0.0116,nan,nan,nan,lenet,0.01,0.0116,nan,nan,nan,lenet,0.01,0.0116,nan,nan,nan,13500000.0,0.0,54000000.0,4968000000.0,59616000000.0
lenetx12_cifar100_K12_topo-rregular3_seed0005_d013,d013,lenet:12,cifar100,12,topology,topo-rregular3,peers,5,200,64,0.1,0.9,0.0005,True,5,60,0.1,1.0,1,,disagreement,1.0,1,0.0,0.5,weight,rregular:3,0.0,0.0,42,0,45000,5000,10000,1089312,92,0.010000000000000002,3,23.14,0.009999999999999998,1.734723475976807e-18,0.01,0.01,0.01,1.734723475976807e-18,0.0116,0.0116,0.0,0.9999999999999998,0.0,1.0,0.009999999999999998,lenet,0.01,0.0116,nan,nan,nan,lenet,0.01,0.0116,nan,nan,nan,lenet,0.01,0.0116,nan,nan,nan,lenet,0.01,0.0116,nan,nan,nan,lenet,0.01,0.0116,nan,nan,nan,lenet,0.01,0.0116,nan,nan,nan,lenet,0.01,0.0116,nan,nan,nan,lenet,0.01,0.0116,nan,nan,nan,lenet,0.01,0.0116,nan,nan,nan,lenet,0.01,0.0116,nan,nan,nan,lenet,0.01,0.0116,nan,nan,nan,lenet,0.01,0.0116,nan,nan,nan,13500000.0,0.0,54000000.0,5022000000.0,60264000000.0
lenetx12_cifar100_K12_topo-rregular3_seed0005_d013,d013,lenet:12,cifar100,12,topology,topo-rregular3,peers,5,200,64,0.1,0.9,0.0005,True,5,60,0.1,1.0,1,,disagreement,1.0,1,0.0,0.5,weight,rregular:3,0.0,0.0,42,0,45000,5000,10000,1089312,93,0.010000000000000002,3,23.89,0.009999999999999998,1.734723475976807e-18,0.01,0.01,0.01,1.734723475976807e-18,0.0116,0.0116,0.0,0.9999999999999998,0.0,1.0,0.009999999999999998,lenet,0.01,0.0116,nan,nan,nan,lenet,0.01,0.0116,nan,nan,nan,lenet,0.01,0.0116,nan,nan,nan,lenet,0.01,0.0116,nan,nan,nan,lenet,0.01,0.0116,nan,nan,nan,lenet,0.01,0.0116,nan,nan,nan,lenet,0.01,0.0116,nan,nan,nan,lenet,0.01,0.0116,nan,nan,nan,lenet,0.01,0.0116,nan,nan,nan,lenet,0.01,0.0116,nan,nan,nan,lenet,0.01,0.0116,nan,nan,nan,lenet,0.01,0.0116,nan,nan,nan,13500000.0,0.0,54000000.0,5076000000.0,60912000000.0
lenetx12_cifar100_K12_topo-rregular3_seed0005_d013,d013,lenet:12,cifar100,12,topology,topo-rregular3,peers,5,200,64,0.1,0.9,0.0005,True,5,60,0.1,1.0,1,,disagreement,1.0,1,0.0,0.5,weight,rregular:3,0.0,0.0,42,0,45000,5000,10000,1089312,94,0.010000000000000002,3,23.3,0.009999999999999998,1.734723475976807e-18,0.01,0.01,0.01,1.734723475976807e-18,0.0116,0.0116,0.0,0.9999999999999998,0.0,1.0,0.009999999999999998,lenet,0.01,0.0116,nan,nan,nan,lenet,0.01,0.0116,nan,nan,nan,lenet,0.01,0.0116,nan,nan,nan,lenet,0.01,0.0116,nan,nan,nan,lenet,0.01,0.0116,nan,nan,nan,lenet,0.01,0.0116,nan,nan,nan,lenet,0.01,0.0116,nan,nan,nan,lenet,0.01,0.0116,nan,nan,nan,lenet,0.01,0.0116,nan,nan,nan,lenet,0.01,0.0116,nan,nan,nan,lenet,0.01,0.0116,nan,nan,nan,lenet,0.01,0.0116,nan,nan,nan,13500000.0,0.0,54000000.0,5130000000.0,61560000000.0
lenetx12_cifar100_K12_topo-rregular3_seed0005_d013,d013,lenet:12,cifar100,12,topology,topo-rregular3,peers,5,200,64,0.1,0.9,0.0005,True,5,60,0.1,1.0,1,,disagreement,1.0,1,0.0,0.5,weight,rregular:3,0.0,0.0,42,0,45000,5000,10000,1089312,95,0.010000000000000002,3,23.33,0.009999999999999998,1.734723475976807e-18,0.01,0.01,0.01,1.734723475976807e-18,0.0116,0.0116,0.0,0.9999999999999998,0.0,1.0,0.009999999999999998,lenet,0.01,0.0116,nan,nan,nan,lenet,0.01,0.0116,nan,nan,nan,lenet,0.01,0.0116,nan,nan,nan,lenet,0.01,0.0116,nan,nan,nan,lenet,0.01,0.0116,nan,nan,nan,lenet,0.01,0.0116,nan,nan,nan,lenet,0.01,0.0116,nan,nan,nan,lenet,0.01,0.0116,nan,nan,nan,lenet,0.01,0.0116,nan,nan,nan,lenet,0.01,0.0116,nan,nan,nan,lenet,0.01,0.0116,nan,nan,nan,lenet,0.01,0.0116,nan,nan,nan,13500000.0,0.0,54000000.0,5184000000.0,62208000000.0
lenetx12_cifar100_K12_topo-rregular3_seed0005_d013,d013,lenet:12,cifar100,12,topology,topo-rregular3,peers,5,200,64,0.1,0.9,0.0005,True,5,60,0.1,1.0,1,,disagreement,1.0,1,0.0,0.5,weight,rregular:3,0.0,0.0,42,0,45000,5000,10000,1089312,96,0.010000000000000002,3,23.58,0.009999999999999998,1.734723475976807e-18,0.01,0.01,0.01,1.734723475976807e-18,0.0116,0.0116,0.0,0.9999999999999998,0.0,1.0,0.009999999999999998,lenet,0.01,0.0116,nan,nan,nan,lenet,0.01,0.0116,nan,nan,nan,lenet,0.01,0.0116,nan,nan,nan,lenet,0.01,0.0116,nan,nan,nan,lenet,0.01,0.0116,nan,nan,nan,lenet,0.01,0.0116,nan,nan,nan,lenet,0.01,0.0116,nan,nan,nan,lenet,0.01,0.0116,nan,nan,nan,lenet,0.01,0.0116,nan,nan,nan,lenet,0.01,0.0116,nan,nan,nan,lenet,0.01,0.0116,nan,nan,nan,lenet,0.01,0.0116,nan,nan,nan,13500000.0,0.0,54000000.0,5238000000.0,62856000000.0
lenetx12_cifar100_K12_topo-rregular3_seed0005_d013,d013,lenet:12,cifar100,12,topology,topo-rregular3,peers,5,200,64,0.1,0.9,0.0005,True,5,60,0.1,1.0,1,,disagreement,1.0,1,0.0,0.5,weight,rregular:3,0.0,0.0,42,0,45000,5000,10000,1089312,97,0.010000000000000002,3,23.57,0.009999999999999998,1.734723475976807e-18,0.01,0.01,0.01,1.734723475976807e-18,0.0116,0.0116,0.0,0.9999999999999998,0.0,1.0,0.009999999999999998,lenet,0.01,0.0116,nan,nan,nan,lenet,0.01,0.0116,nan,nan,nan,lenet,0.01,0.0116,nan,nan,nan,lenet,0.01,0.0116,nan,nan,nan,lenet,0.01,0.0116,nan,nan,nan,lenet,0.01,0.0116,nan,nan,nan,lenet,0.01,0.0116,nan,nan,nan,lenet,0.01,0.0116,nan,nan,nan,lenet,0.01,0.0116,nan,nan,nan,lenet,0.01,0.0116,nan,nan,nan,lenet,0.01,0.0116,nan,nan,nan,lenet,0.01,0.0116,nan,nan,nan,13500000.0,0.0,54000000.0,5292000000.0,63504000000.0
lenetx12_cifar100_K12_topo-rregular3_seed0005_d013,d013,lenet:12,cifar100,12,topology,topo-rregular3,peers,5,200,64,0.1,0.9,0.0005,True,5,60,0.1,1.0,1,,disagreement,1.0,1,0.0,0.5,weight,rregular:3,0.0,0.0,42,0,45000,5000,10000,1089312,98,0.010000000000000002,3,23.95,0.009999999999999998,1.734723475976807e-18,0.01,0.01,0.01,1.734723475976807e-18,0.0116,0.0116,0.0,0.9999999999999998,0.0,1.0,0.009999999999999998,lenet,0.01,0.0116,nan,nan,nan,lenet,0.01,0.0116,nan,nan,nan,lenet,0.01,0.0116,nan,nan,nan,lenet,0.01,0.0116,nan,nan,nan,lenet,0.01,0.0116,nan,nan,nan,lenet,0.01,0.0116,nan,nan,nan,lenet,0.01,0.0116,nan,nan,nan,lenet,0.01,0.0116,nan,nan,nan,lenet,0.01,0.0116,nan,nan,nan,lenet,0.01,0.0116,nan,nan,nan,lenet,0.01,0.0116,nan,nan,nan,lenet,0.01,0.0116,nan,nan,nan,13500000.0,0.0,54000000.0,5346000000.0,64152000000.0
lenetx12_cifar100_K12_topo-rregular3_seed0005_d013,d013,lenet:12,cifar100,12,topology,topo-rregular3,peers,5,200,64,0.1,0.9,0.0005,True,5,60,0.1,1.0,1,,disagreement,1.0,1,0.0,0.5,weight,rregular:3,0.0,0.0,42,0,45000,5000,10000,1089312,99,0.010000000000000002,3,23.8,0.009999999999999998,1.734723475976807e-18,0.01,0.01,0.01,1.734723475976807e-18,0.0116,0.0116,0.0,0.9999999999999998,0.0,1.0,0.009999999999999998,lenet,0.01,0.0116,nan,nan,nan,lenet,0.01,0.0116,nan,nan,nan,lenet,0.01,0.0116,nan,nan,nan,lenet,0.01,0.0116,nan,nan,nan,lenet,0.01,0.0116,nan,nan,nan,lenet,0.01,0.0116,nan,nan,nan,lenet,0.01,0.0116,nan,nan,nan,lenet,0.01,0.0116,nan,nan,nan,lenet,0.01,0.0116,nan,nan,nan,lenet,0.01,0.0116,nan,nan,nan,lenet,0.01,0.0116,nan,nan,nan,lenet,0.01,0.0116,nan,nan,nan,13500000.0,0.0,54000000.0,5400000000.0,64800000000.0
lenetx12_cifar100_K12_topo-rregular3_seed0005_d013,d013,lenet:12,cifar100,12,topology,topo-rregular3,peers,5,200,64,0.1,0.9,0.0005,True,5,60,0.1,1.0,1,,disagreement,1.0,1,0.0,0.5,weight,rregular:3,0.0,0.0,42,0,45000,5000,10000,1089312,100,0.010000000000000002,3,23.15,0.009999999999999998,1.734723475976807e-18,0.01,0.01,0.01,1.734723475976807e-18,0.0116,0.0116,0.0,0.9999999999999998,0.0,1.0,0.009999999999999998,lenet,0.01,0.0116,nan,nan,nan,lenet,0.01,0.0116,nan,nan,nan,lenet,0.01,0.0116,nan,nan,nan,lenet,0.01,0.0116,nan,nan,nan,lenet,0.01,0.0116,nan,nan,nan,lenet,0.01,0.0116,nan,nan,nan,lenet,0.01,0.0116,nan,nan,nan,lenet,0.01,0.0116,nan,nan,nan,lenet,0.01,0.0116,nan,nan,nan,lenet,0.01,0.0116,nan,nan,nan,lenet,0.01,0.0116,nan,nan,nan,lenet,0.01,0.0116,nan,nan,nan,13500000.0,0.0,54000000.0,5454000000.0,65448000000.0
lenetx12_cifar100_K12_topo-rregular3_seed0005_d013,d013,lenet:12,cifar100,12,topology,topo-rregular3,peers,5,200,64,0.1,0.9,0.0005,True,5,60,0.1,1.0,1,,disagreement,1.0,1,0.0,0.5,weight,rregular:3,0.0,0.0,42,0,45000,5000,10000,1089312,101,0.010000000000000002,3,23.1,0.009999999999999998,1.734723475976807e-18,0.01,0.01,0.01,1.734723475976807e-18,0.0116,0.0116,0.0,0.9999999999999998,0.0,1.0,0.009999999999999998,lenet,0.01,0.0116,nan,nan,nan,lenet,0.01,0.0116,nan,nan,nan,lenet,0.01,0.0116,nan,nan,nan,lenet,0.01,0.0116,nan,nan,nan,lenet,0.01,0.0116,nan,nan,nan,lenet,0.01,0.0116,nan,nan,nan,lenet,0.01,0.0116,nan,nan,nan,lenet,0.01,0.0116,nan,nan,nan,lenet,0.01,0.0116,nan,nan,nan,lenet,0.01,0.0116,nan,nan,nan,lenet,0.01,0.0116,nan,nan,nan,lenet,0.01,0.0116,nan,nan,nan,13500000.0,0.0,54000000.0,5508000000.0,66096000000.0
lenetx12_cifar100_K12_topo-rregular3_seed0005_d013,d013,lenet:12,cifar100,12,topology,topo-rregular3,peers,5,200,64,0.1,0.9,0.0005,True,5,60,0.1,1.0,1,,disagreement,1.0,1,0.0,0.5,weight,rregular:3,0.0,0.0,42,0,45000,5000,10000,1089312,102,0.010000000000000002,3,24.19,0.009999999999999998,1.734723475976807e-18,0.01,0.01,0.01,1.734723475976807e-18,0.0116,0.0116,0.0,0.9999999999999998,0.0,1.0,0.009999999999999998,lenet,0.01,0.0116,nan,nan,nan,lenet,0.01,0.0116,nan,nan,nan,lenet,0.01,0.0116,nan,nan,nan,lenet,0.01,0.0116,nan,nan,nan,lenet,0.01,0.0116,nan,nan,nan,lenet,0.01,0.0116,nan,nan,nan,lenet,0.01,0.0116,nan,nan,nan,lenet,0.01,0.0116,nan,nan,nan,lenet,0.01,0.0116,nan,nan,nan,lenet,0.01,0.0116,nan,nan,nan,lenet,0.01,0.0116,nan,nan,nan,lenet,0.01,0.0116,nan,nan,nan,13500000.0,0.0,54000000.0,5562000000.0,66744000000.0
lenetx12_cifar100_K12_topo-rregular3_seed0005_d013,d013,lenet:12,cifar100,12,topology,topo-rregular3,peers,5,200,64,0.1,0.9,0.0005,True,5,60,0.1,1.0,1,,disagreement,1.0,1,0.0,0.5,weight,rregular:3,0.0,0.0,42,0,45000,5000,10000,1089312,103,0.010000000000000002,3,23.3,0.009999999999999998,1.734723475976807e-18,0.01,0.01,0.01,1.734723475976807e-18,0.0116,0.0116,0.0,0.9999999999999998,0.0,1.0,0.009999999999999998,lenet,0.01,0.0116,nan,nan,nan,lenet,0.01,0.0116,nan,nan,nan,lenet,0.01,0.0116,nan,nan,nan,lenet,0.01,0.0116,nan,nan,nan,lenet,0.01,0.0116,nan,nan,nan,lenet,0.01,0.0116,nan,nan,nan,lenet,0.01,0.0116,nan,nan,nan,lenet,0.01,0.0116,nan,nan,nan,lenet,0.01,0.0116,nan,nan,nan,lenet,0.01,0.0116,nan,nan,nan,lenet,0.01,0.0116,nan,nan,nan,lenet,0.01,0.0116,nan,nan,nan,13500000.0,0.0,54000000.0,5616000000.0,67392000000.0
lenetx12_cifar100_K12_topo-rregular3_seed0005_d013,d013,lenet:12,cifar100,12,topology,topo-rregular3,peers,5,200,64,0.1,0.9,0.0005,True,5,60,0.1,1.0,1,,disagreement,1.0,1,0.0,0.5,weight,rregular:3,0.0,0.0,42,0,45000,5000,10000,1089312,104,0.010000000000000002,3,23.67,0.009999999999999998,1.734723475976807e-18,0.01,0.01,0.01,1.734723475976807e-18,0.0116,0.0116,0.0,0.9999999999999998,0.0,1.0,0.009999999999999998,lenet,0.01,0.0116,nan,nan,nan,lenet,0.01,0.0116,nan,nan,nan,lenet,0.01,0.0116,nan,nan,nan,lenet,0.01,0.0116,nan,nan,nan,lenet,0.01,0.0116,nan,nan,nan,lenet,0.01,0.0116,nan,nan,nan,lenet,0.01,0.0116,nan,nan,nan,lenet,0.01,0.0116,nan,nan,nan,lenet,0.01,0.0116,nan,nan,nan,lenet,0.01,0.0116,nan,nan,nan,lenet,0.01,0.0116,nan,nan,nan,lenet,0.01,0.0116,nan,nan,nan,13500000.0,0.0,54000000.0,5670000000.0,68040000000.0
lenetx12_cifar100_K12_topo-rregular3_seed0005_d013,d013,lenet:12,cifar100,12,topology,topo-rregular3,peers,5,200,64,0.1,0.9,0.0005,True,5,60,0.1,1.0,1,,disagreement,1.0,1,0.0,0.5,weight,rregular:3,0.0,0.0,42,0,45000,5000,10000,1089312,105,0.010000000000000002,3,23.81,0.009999999999999998,1.734723475976807e-18,0.01,0.01,0.01,1.734723475976807e-18,0.0116,0.0116,0.0,0.9999999999999998,0.0,1.0,0.009999999999999998,lenet,0.01,0.0116,nan,nan,nan,lenet,0.01,0.0116,nan,nan,nan,lenet,0.01,0.0116,nan,nan,nan,lenet,0.01,0.0116,nan,nan,nan,lenet,0.01,0.0116,nan,nan,nan,lenet,0.01,0.0116,nan,nan,nan,lenet,0.01,0.0116,nan,nan,nan,lenet,0.01,0.0116,nan,nan,nan,lenet,0.01,0.0116,nan,nan,nan,lenet,0.01,0.0116,nan,nan,nan,lenet,0.01,0.0116,nan,nan,nan,lenet,0.01,0.0116,nan,nan,nan,13500000.0,0.0,54000000.0,5724000000.0,68688000000.0
lenetx12_cifar100_K12_topo-rregular3_seed0005_d013,d013,lenet:12,cifar100,12,topology,topo-rregular3,peers,5,200,64,0.1,0.9,0.0005,True,5,60,0.1,1.0,1,,disagreement,1.0,1,0.0,0.5,weight,rregular:3,0.0,0.0,42,0,45000,5000,10000,1089312,106,0.010000000000000002,3,23.35,0.009999999999999998,1.734723475976807e-18,0.01,0.01,0.01,1.734723475976807e-18,0.0116,0.0116,0.0,0.9999999999999998,0.0,1.0,0.009999999999999998,lenet,0.01,0.0116,nan,nan,nan,lenet,0.01,0.0116,nan,nan,nan,lenet,0.01,0.0116,nan,nan,nan,lenet,0.01,0.0116,nan,nan,nan,lenet,0.01,0.0116,nan,nan,nan,lenet,0.01,0.0116,nan,nan,nan,lenet,0.01,0.0116,nan,nan,nan,lenet,0.01,0.0116,nan,nan,nan,lenet,0.01,0.0116,nan,nan,nan,lenet,0.01,0.0116,nan,nan,nan,lenet,0.01,0.0116,nan,nan,nan,lenet,0.01,0.0116,nan,nan,nan,13500000.0,0.0,54000000.0,5778000000.0,69336000000.0
lenetx12_cifar100_K12_topo-rregular3_seed0005_d013,d013,lenet:12,cifar100,12,topology,topo-rregular3,peers,5,200,64,0.1,0.9,0.0005,True,5,60,0.1,1.0,1,,disagreement,1.0,1,0.0,0.5,weight,rregular:3,0.0,0.0,42,0,45000,5000,10000,1089312,107,0.010000000000000002,3,23.14,0.009999999999999998,1.734723475976807e-18,0.01,0.01,0.01,1.734723475976807e-18,0.0116,0.0116,0.0,0.9999999999999998,0.0,1.0,0.009999999999999998,lenet,0.01,0.0116,nan,nan,nan,lenet,0.01,0.0116,nan,nan,nan,lenet,0.01,0.0116,nan,nan,nan,lenet,0.01,0.0116,nan,nan,nan,lenet,0.01,0.0116,nan,nan,nan,lenet,0.01,0.0116,nan,nan,nan,lenet,0.01,0.0116,nan,nan,nan,lenet,0.01,0.0116,nan,nan,nan,lenet,0.01,0.0116,nan,nan,nan,lenet,0.01,0.0116,nan,nan,nan,lenet,0.01,0.0116,nan,nan,nan,lenet,0.01,0.0116,nan,nan,nan,13500000.0,0.0,54000000.0,5832000000.0,69984000000.0
lenetx12_cifar100_K12_topo-rregular3_seed0005_d013,d013,lenet:12,cifar100,12,topology,topo-rregular3,peers,5,200,64,0.1,0.9,0.0005,True,5,60,0.1,1.0,1,,disagreement,1.0,1,0.0,0.5,weight,rregular:3,0.0,0.0,42,0,45000,5000,10000,1089312,108,0.010000000000000002,3,23.4,0.009999999999999998,1.734723475976807e-18,0.01,0.01,0.01,1.734723475976807e-18,0.0116,0.0116,0.0,0.9999999999999998,0.0,1.0,0.009999999999999998,lenet,0.01,0.0116,nan,nan,nan,lenet,0.01,0.0116,nan,nan,nan,lenet,0.01,0.0116,nan,nan,nan,lenet,0.01,0.0116,nan,nan,nan,lenet,0.01,0.0116,nan,nan,nan,lenet,0.01,0.0116,nan,nan,nan,lenet,0.01,0.0116,nan,nan,nan,lenet,0.01,0.0116,nan,nan,nan,lenet,0.01,0.0116,nan,nan,nan,lenet,0.01,0.0116,nan,nan,nan,lenet,0.01,0.0116,nan,nan,nan,lenet,0.01,0.0116,nan,nan,nan,13500000.0,0.0,54000000.0,5886000000.0,70632000000.0
lenetx12_cifar100_K12_topo-rregular3_seed0005_d013,d013,lenet:12,cifar100,12,topology,topo-rregular3,peers,5,200,64,0.1,0.9,0.0005,True,5,60,0.1,1.0,1,,disagreement,1.0,1,0.0,0.5,weight,rregular:3,0.0,0.0,42,0,45000,5000,10000,1089312,109,0.010000000000000002,3,23.14,0.009999999999999998,1.734723475976807e-18,0.01,0.01,0.01,1.734723475976807e-18,0.0116,0.0116,0.0,0.9999999999999998,0.0,1.0,0.009999999999999998,lenet,0.01,0.0116,nan,nan,nan,lenet,0.01,0.0116,nan,nan,nan,lenet,0.01,0.0116,nan,nan,nan,lenet,0.01,0.0116,nan,nan,nan,lenet,0.01,0.0116,nan,nan,nan,lenet,0.01,0.0116,nan,nan,nan,lenet,0.01,0.0116,nan,nan,nan,lenet,0.01,0.0116,nan,nan,nan,lenet,0.01,0.0116,nan,nan,nan,lenet,0.01,0.0116,nan,nan,nan,lenet,0.01,0.0116,nan,nan,nan,lenet,0.01,0.0116,nan,nan,nan,13500000.0,0.0,54000000.0,5940000000.0,71280000000.0
lenetx12_cifar100_K12_topo-rregular3_seed0005_d013,d013,lenet:12,cifar100,12,topology,topo-rregular3,peers,5,200,64,0.1,0.9,0.0005,True,5,60,0.1,1.0,1,,disagreement,1.0,1,0.0,0.5,weight,rregular:3,0.0,0.0,42,0,45000,5000,10000,1089312,110,0.010000000000000002,3,24.48,0.009999999999999998,1.734723475976807e-18,0.01,0.01,0.01,1.734723475976807e-18,0.0116,0.0116,0.0,0.9999999999999998,0.0,1.0,0.009999999999999998,lenet,0.01,0.0116,nan,nan,nan,lenet,0.01,0.0116,nan,nan,nan,lenet,0.01,0.0116,nan,nan,nan,lenet,0.01,0.0116,nan,nan,nan,lenet,0.01,0.0116,nan,nan,nan,lenet,0.01,0.0116,nan,nan,nan,lenet,0.01,0.0116,nan,nan,nan,lenet,0.01,0.0116,nan,nan,nan,lenet,0.01,0.0116,nan,nan,nan,lenet,0.01,0.0116,nan,nan,nan,lenet,0.01,0.0116,nan,nan,nan,lenet,0.01,0.0116,nan,nan,nan,13500000.0,0.0,54000000.0,5994000000.0,71928000000.0
lenetx12_cifar100_K12_topo-rregular3_seed0005_d013,d013,lenet:12,cifar100,12,topology,topo-rregular3,peers,5,200,64,0.1,0.9,0.0005,True,5,60,0.1,1.0,1,,disagreement,1.0,1,0.0,0.5,weight,rregular:3,0.0,0.0,42,0,45000,5000,10000,1089312,111,0.010000000000000002,3,23.26,0.009999999999999998,1.734723475976807e-18,0.01,0.01,0.01,1.734723475976807e-18,0.0116,0.0116,0.0,0.9999999999999998,0.0,1.0,0.009999999999999998,lenet,0.01,0.0116,nan,nan,nan,lenet,0.01,0.0116,nan,nan,nan,lenet,0.01,0.0116,nan,nan,nan,lenet,0.01,0.0116,nan,nan,nan,lenet,0.01,0.0116,nan,nan,nan,lenet,0.01,0.0116,nan,nan,nan,lenet,0.01,0.0116,nan,nan,nan,lenet,0.01,0.0116,nan,nan,nan,lenet,0.01,0.0116,nan,nan,nan,lenet,0.01,0.0116,nan,nan,nan,lenet,0.01,0.0116,nan,nan,nan,lenet,0.01,0.0116,nan,nan,nan,13500000.0,0.0,54000000.0,6048000000.0,72576000000.0
lenetx12_cifar100_K12_topo-rregular3_seed0005_d013,d013,lenet:12,cifar100,12,topology,topo-rregular3,peers,5,200,64,0.1,0.9,0.0005,True,5,60,0.1,1.0,1,,disagreement,1.0,1,0.0,0.5,weight,rregular:3,0.0,0.0,42,0,45000,5000,10000,1089312,112,0.010000000000000002,3,23.41,0.009999999999999998,1.734723475976807e-18,0.01,0.01,0.01,1.734723475976807e-18,0.0116,0.0116,0.0,0.9999999999999998,0.0,1.0,0.009999999999999998,lenet,0.01,0.0116,nan,nan,nan,lenet,0.01,0.0116,nan,nan,nan,lenet,0.01,0.0116,nan,nan,nan,lenet,0.01,0.0116,nan,nan,nan,lenet,0.01,0.0116,nan,nan,nan,lenet,0.01,0.0116,nan,nan,nan,lenet,0.01,0.0116,nan,nan,nan,lenet,0.01,0.0116,nan,nan,nan,lenet,0.01,0.0116,nan,nan,nan,lenet,0.01,0.0116,nan,nan,nan,lenet,0.01,0.0116,nan,nan,nan,lenet,0.01,0.0116,nan,nan,nan,13500000.0,0.0,54000000.0,6102000000.0,73224000000.0
lenetx12_cifar100_K12_topo-rregular3_seed0005_d013,d013,lenet:12,cifar100,12,topology,topo-rregular3,peers,5,200,64,0.1,0.9,0.0005,True,5,60,0.1,1.0,1,,disagreement,1.0,1,0.0,0.5,weight,rregular:3,0.0,0.0,42,0,45000,5000,10000,1089312,113,0.010000000000000002,3,23.45,0.009999999999999998,1.734723475976807e-18,0.01,0.01,0.01,1.734723475976807e-18,0.0116,0.0116,0.0,0.9999999999999998,0.0,1.0,0.009999999999999998,lenet,0.01,0.0116,nan,nan,nan,lenet,0.01,0.0116,nan,nan,nan,lenet,0.01,0.0116,nan,nan,nan,lenet,0.01,0.0116,nan,nan,nan,lenet,0.01,0.0116,nan,nan,nan,lenet,0.01,0.0116,nan,nan,nan,lenet,0.01,0.0116,nan,nan,nan,lenet,0.01,0.0116,nan,nan,nan,lenet,0.01,0.0116,nan,nan,nan,lenet,0.01,0.0116,nan,nan,nan,lenet,0.01,0.0116,nan,nan,nan,lenet,0.01,0.0116,nan,nan,nan,13500000.0,0.0,54000000.0,6156000000.0,73872000000.0
lenetx12_cifar100_K12_topo-rregular3_seed0005_d013,d013,lenet:12,cifar100,12,topology,topo-rregular3,peers,5,200,64,0.1,0.9,0.0005,True,5,60,0.1,1.0,1,,disagreement,1.0,1,0.0,0.5,weight,rregular:3,0.0,0.0,42,0,45000,5000,10000,1089312,114,0.010000000000000002,3,23.57,0.009999999999999998,1.734723475976807e-18,0.01,0.01,0.01,1.734723475976807e-18,0.0116,0.0116,0.0,0.9999999999999998,0.0,1.0,0.009999999999999998,lenet,0.01,0.0116,nan,nan,nan,lenet,0.01,0.0116,nan,nan,nan,lenet,0.01,0.0116,nan,nan,nan,lenet,0.01,0.0116,nan,nan,nan,lenet,0.01,0.0116,nan,nan,nan,lenet,0.01,0.0116,nan,nan,nan,lenet,0.01,0.0116,nan,nan,nan,lenet,0.01,0.0116,nan,nan,nan,lenet,0.01,0.0116,nan,nan,nan,lenet,0.01,0.0116,nan,nan,nan,lenet,0.01,0.0116,nan,nan,nan,lenet,0.01,0.0116,nan,nan,nan,13500000.0,0.0,54000000.0,6210000000.0,74520000000.0
lenetx12_cifar100_K12_topo-rregular3_seed0005_d013,d013,lenet:12,cifar100,12,topology,topo-rregular3,peers,5,200,64,0.1,0.9,0.0005,True,5,60,0.1,1.0,1,,disagreement,1.0,1,0.0,0.5,weight,rregular:3,0.0,0.0,42,0,45000,5000,10000,1089312,115,0.010000000000000002,3,25.88,0.009999999999999998,1.734723475976807e-18,0.01,0.01,0.01,1.734723475976807e-18,0.0116,0.0116,0.0,0.9999999999999998,0.0,1.0,0.009999999999999998,lenet,0.01,0.0116,nan,nan,nan,lenet,0.01,0.0116,nan,nan,nan,lenet,0.01,0.0116,nan,nan,nan,lenet,0.01,0.0116,nan,nan,nan,lenet,0.01,0.0116,nan,nan,nan,lenet,0.01,0.0116,nan,nan,nan,lenet,0.01,0.0116,nan,nan,nan,lenet,0.01,0.0116,nan,nan,nan,lenet,0.01,0.0116,nan,nan,nan,lenet,0.01,0.0116,nan,nan,nan,lenet,0.01,0.0116,nan,nan,nan,lenet,0.01,0.0116,nan,nan,nan,13500000.0,0.0,54000000.0,6264000000.0,75168000000.0
lenetx12_cifar100_K12_topo-rregular3_seed0005_d013,d013,lenet:12,cifar100,12,topology,topo-rregular3,peers,5,200,64,0.1,0.9,0.0005,True,5,60,0.1,1.0,1,,disagreement,1.0,1,0.0,0.5,weight,rregular:3,0.0,0.0,42,0,45000,5000,10000,1089312,116,0.010000000000000002,3,23.29,0.009999999999999998,1.734723475976807e-18,0.01,0.01,0.01,1.734723475976807e-18,0.0116,0.0116,0.0,0.9999999999999998,0.0,1.0,0.009999999999999998,lenet,0.01,0.0116,nan,nan,nan,lenet,0.01,0.0116,nan,nan,nan,lenet,0.01,0.0116,nan,nan,nan,lenet,0.01,0.0116,nan,nan,nan,lenet,0.01,0.0116,nan,nan,nan,lenet,0.01,0.0116,nan,nan,nan,lenet,0.01,0.0116,nan,nan,nan,lenet,0.01,0.0116,nan,nan,nan,lenet,0.01,0.0116,nan,nan,nan,lenet,0.01,0.0116,nan,nan,nan,lenet,0.01,0.0116,nan,nan,nan,lenet,0.01,0.0116,nan,nan,nan,13500000.0,0.0,54000000.0,6318000000.0,75816000000.0
lenetx12_cifar100_K12_topo-rregular3_seed0005_d013,d013,lenet:12,cifar100,12,topology,topo-rregular3,peers,5,200,64,0.1,0.9,0.0005,True,5,60,0.1,1.0,1,,disagreement,1.0,1,0.0,0.5,weight,rregular:3,0.0,0.0,42,0,45000,5000,10000,1089312,117,0.010000000000000002,3,26.95,0.009999999999999998,1.734723475976807e-18,0.01,0.01,0.01,1.734723475976807e-18,0.0116,0.0116,0.0,0.9999999999999998,0.0,1.0,0.009999999999999998,lenet,0.01,0.0116,nan,nan,nan,lenet,0.01,0.0116,nan,nan,nan,lenet,0.01,0.0116,nan,nan,nan,lenet,0.01,0.0116,nan,nan,nan,lenet,0.01,0.0116,nan,nan,nan,lenet,0.01,0.0116,nan,nan,nan,lenet,0.01,0.0116,nan,nan,nan,lenet,0.01,0.0116,nan,nan,nan,lenet,0.01,0.0116,nan,nan,nan,lenet,0.01,0.0116,nan,nan,nan,lenet,0.01,0.0116,nan,nan,nan,lenet,0.01,0.0116,nan,nan,nan,13500000.0,0.0,54000000.0,6372000000.0,76464000000.0
lenetx12_cifar100_K12_topo-rregular3_seed0005_d013,d013,lenet:12,cifar100,12,topology,topo-rregular3,peers,5,200,64,0.1,0.9,0.0005,True,5,60,0.1,1.0,1,,disagreement,1.0,1,0.0,0.5,weight,rregular:3,0.0,0.0,42,0,45000,5000,10000,1089312,118,0.010000000000000002,3,23.42,0.009999999999999998,1.734723475976807e-18,0.01,0.01,0.01,1.734723475976807e-18,0.0116,0.0116,0.0,0.9999999999999998,0.0,1.0,0.009999999999999998,lenet,0.01,0.0116,nan,nan,nan,lenet,0.01,0.0116,nan,nan,nan,lenet,0.01,0.0116,nan,nan,nan,lenet,0.01,0.0116,nan,nan,nan,lenet,0.01,0.0116,nan,nan,nan,lenet,0.01,0.0116,nan,nan,nan,lenet,0.01,0.0116,nan,nan,nan,lenet,0.01,0.0116,nan,nan,nan,lenet,0.01,0.0116,nan,nan,nan,lenet,0.01,0.0116,nan,nan,nan,lenet,0.01,0.0116,nan,nan,nan,lenet,0.01,0.0116,nan,nan,nan,13500000.0,0.0,54000000.0,6426000000.0,77112000000.0
lenetx12_cifar100_K12_topo-rregular3_seed0005_d013,d013,lenet:12,cifar100,12,topology,topo-rregular3,peers,5,200,64,0.1,0.9,0.0005,True,5,60,0.1,1.0,1,,disagreement,1.0,1,0.0,0.5,weight,rregular:3,0.0,0.0,42,0,45000,5000,10000,1089312,119,0.010000000000000002,3,23.16,0.009999999999999998,1.734723475976807e-18,0.01,0.01,0.01,1.734723475976807e-18,0.0116,0.0116,0.0,0.9999999999999998,0.0,1.0,0.009999999999999998,lenet,0.01,0.0116,nan,nan,nan,lenet,0.01,0.0116,nan,nan,nan,lenet,0.01,0.0116,nan,nan,nan,lenet,0.01,0.0116,nan,nan,nan,lenet,0.01,0.0116,nan,nan,nan,lenet,0.01,0.0116,nan,nan,nan,lenet,0.01,0.0116,nan,nan,nan,lenet,0.01,0.0116,nan,nan,nan,lenet,0.01,0.0116,nan,nan,nan,lenet,0.01,0.0116,nan,nan,nan,lenet,0.01,0.0116,nan,nan,nan,lenet,0.01,0.0116,nan,nan,nan,13500000.0,0.0,54000000.0,6480000000.0,77760000000.0
lenetx12_cifar100_K12_topo-rregular3_seed0005_d013,d013,lenet:12,cifar100,12,topology,topo-rregular3,peers,5,200,64,0.1,0.9,0.0005,True,5,60,0.1,1.0,1,,disagreement,1.0,1,0.0,0.5,weight,rregular:3,0.0,0.0,42,0,45000,5000,10000,1089312,120,0.0010000000000000002,3,23.19,0.009999999999999998,1.734723475976807e-18,0.01,0.01,0.01,1.734723475976807e-18,0.0116,0.0116,0.0,0.9999999999999998,0.0,1.0,0.009999999999999998,lenet,0.01,0.0116,nan,nan,nan,lenet,0.01,0.0116,nan,nan,nan,lenet,0.01,0.0116,nan,nan,nan,lenet,0.01,0.0116,nan,nan,nan,lenet,0.01,0.0116,nan,nan,nan,lenet,0.01,0.0116,nan,nan,nan,lenet,0.01,0.0116,nan,nan,nan,lenet,0.01,0.0116,nan,nan,nan,lenet,0.01,0.0116,nan,nan,nan,lenet,0.01,0.0116,nan,nan,nan,lenet,0.01,0.0116,nan,nan,nan,lenet,0.01,0.0116,nan,nan,nan,13500000.0,0.0,54000000.0,6534000000.0,78408000000.0
lenetx12_cifar100_K12_topo-rregular3_seed0005_d013,d013,lenet:12,cifar100,12,topology,topo-rregular3,peers,5,200,64,0.1,0.9,0.0005,True,5,60,0.1,1.0,1,,disagreement,1.0,1,0.0,0.5,weight,rregular:3,0.0,0.0,42,0,45000,5000,10000,1089312,121,0.0010000000000000002,3,23.45,0.009999999999999998,1.734723475976807e-18,0.01,0.01,0.01,1.734723475976807e-18,0.0116,0.0116,0.0,0.9999999999999998,0.0,1.0,0.009999999999999998,lenet,0.01,0.0116,nan,nan,nan,lenet,0.01,0.0116,nan,nan,nan,lenet,0.01,0.0116,nan,nan,nan,lenet,0.01,0.0116,nan,nan,nan,lenet,0.01,0.0116,nan,nan,nan,lenet,0.01,0.0116,nan,nan,nan,lenet,0.01,0.0116,nan,nan,nan,lenet,0.01,0.0116,nan,nan,nan,lenet,0.01,0.0116,nan,nan,nan,lenet,0.01,0.0116,nan,nan,nan,lenet,0.01,0.0116,nan,nan,nan,lenet,0.01,0.0116,nan,nan,nan,13500000.0,0.0,54000000.0,6588000000.0,79056000000.0
lenetx12_cifar100_K12_topo-rregular3_seed0005_d013,d013,lenet:12,cifar100,12,topology,topo-rregular3,peers,5,200,64,0.1,0.9,0.0005,True,5,60,0.1,1.0,1,,disagreement,1.0,1,0.0,0.5,weight,rregular:3,0.0,0.0,42,0,45000,5000,10000,1089312,122,0.0010000000000000002,3,23.61,0.009999999999999998,1.734723475976807e-18,0.01,0.01,0.01,1.734723475976807e-18,0.0116,0.0116,0.0,0.9999999999999998,0.0,1.0,0.009999999999999998,lenet,0.01,0.0116,nan,nan,nan,lenet,0.01,0.0116,nan,nan,nan,lenet,0.01,0.0116,nan,nan,nan,lenet,0.01,0.0116,nan,nan,nan,lenet,0.01,0.0116,nan,nan,nan,lenet,0.01,0.0116,nan,nan,nan,lenet,0.01,0.0116,nan,nan,nan,lenet,0.01,0.0116,nan,nan,nan,lenet,0.01,0.0116,nan,nan,nan,lenet,0.01,0.0116,nan,nan,nan,lenet,0.01,0.0116,nan,nan,nan,lenet,0.01,0.0116,nan,nan,nan,13500000.0,0.0,54000000.0,6642000000.0,79704000000.0
lenetx12_cifar100_K12_topo-rregular3_seed0005_d013,d013,lenet:12,cifar100,12,topology,topo-rregular3,peers,5,200,64,0.1,0.9,0.0005,True,5,60,0.1,1.0,1,,disagreement,1.0,1,0.0,0.5,weight,rregular:3,0.0,0.0,42,0,45000,5000,10000,1089312,123,0.0010000000000000002,3,23.41,0.009999999999999998,1.734723475976807e-18,0.01,0.01,0.01,1.734723475976807e-18,0.0116,0.0116,0.0,0.9999999999999998,0.0,1.0,0.009999999999999998,lenet,0.01,0.0116,nan,nan,nan,lenet,0.01,0.0116,nan,nan,nan,lenet,0.01,0.0116,nan,nan,nan,lenet,0.01,0.0116,nan,nan,nan,lenet,0.01,0.0116,nan,nan,nan,lenet,0.01,0.0116,nan,nan,nan,lenet,0.01,0.0116,nan,nan,nan,lenet,0.01,0.0116,nan,nan,nan,lenet,0.01,0.0116,nan,nan,nan,lenet,0.01,0.0116,nan,nan,nan,lenet,0.01,0.0116,nan,nan,nan,lenet,0.01,0.0116,nan,nan,nan,13500000.0,0.0,54000000.0,6696000000.0,80352000000.0
lenetx12_cifar100_K12_topo-rregular3_seed0005_d013,d013,lenet:12,cifar100,12,topology,topo-rregular3,peers,5,200,64,0.1,0.9,0.0005,True,5,60,0.1,1.0,1,,disagreement,1.0,1,0.0,0.5,weight,rregular:3,0.0,0.0,42,0,45000,5000,10000,1089312,124,0.0010000000000000002,3,23.56,0.009999999999999998,1.734723475976807e-18,0.01,0.01,0.01,1.734723475976807e-18,0.0116,0.0116,0.0,0.9999999999999998,0.0,1.0,0.009999999999999998,lenet,0.01,0.0116,nan,nan,nan,lenet,0.01,0.0116,nan,nan,nan,lenet,0.01,0.0116,nan,nan,nan,lenet,0.01,0.0116,nan,nan,nan,lenet,0.01,0.0116,nan,nan,nan,lenet,0.01,0.0116,nan,nan,nan,lenet,0.01,0.0116,nan,nan,nan,lenet,0.01,0.0116,nan,nan,nan,lenet,0.01,0.0116,nan,nan,nan,lenet,0.01,0.0116,nan,nan,nan,lenet,0.01,0.0116,nan,nan,nan,lenet,0.01,0.0116,nan,nan,nan,13500000.0,0.0,54000000.0,6750000000.0,81000000000.0
lenetx12_cifar100_K12_topo-rregular3_seed0005_d013,d013,lenet:12,cifar100,12,topology,topo-rregular3,peers,5,200,64,0.1,0.9,0.0005,True,5,60,0.1,1.0,1,,disagreement,1.0,1,0.0,0.5,weight,rregular:3,0.0,0.0,42,0,45000,5000,10000,1089312,125,0.0010000000000000002,3,23.16,0.009999999999999998,1.734723475976807e-18,0.01,0.01,0.01,1.734723475976807e-18,0.0116,0.0116,0.0,0.9999999999999998,0.0,1.0,0.009999999999999998,lenet,0.01,0.0116,nan,nan,nan,lenet,0.01,0.0116,nan,nan,nan,lenet,0.01,0.0116,nan,nan,nan,lenet,0.01,0.0116,nan,nan,nan,lenet,0.01,0.0116,nan,nan,nan,lenet,0.01,0.0116,nan,nan,nan,lenet,0.01,0.0116,nan,nan,nan,lenet,0.01,0.0116,nan,nan,nan,lenet,0.01,0.0116,nan,nan,nan,lenet,0.01,0.0116,nan,nan,nan,lenet,0.01,0.0116,nan,nan,nan,lenet,0.01,0.0116,nan,nan,nan,13500000.0,0.0,54000000.0,6804000000.0,81648000000.0
lenetx12_cifar100_K12_topo-rregular3_seed0005_d013,d013,lenet:12,cifar100,12,topology,topo-rregular3,peers,5,200,64,0.1,0.9,0.0005,True,5,60,0.1,1.0,1,,disagreement,1.0,1,0.0,0.5,weight,rregular:3,0.0,0.0,42,0,45000,5000,10000,1089312,126,0.0010000000000000002,3,23.57,0.009999999999999998,1.734723475976807e-18,0.01,0.01,0.01,1.734723475976807e-18,0.0116,0.0116,0.0,0.9999999999999998,0.0,1.0,0.009999999999999998,lenet,0.01,0.0116,nan,nan,nan,lenet,0.01,0.0116,nan,nan,nan,lenet,0.01,0.0116,nan,nan,nan,lenet,0.01,0.0116,nan,nan,nan,lenet,0.01,0.0116,nan,nan,nan,lenet,0.01,0.0116,nan,nan,nan,lenet,0.01,0.0116,nan,nan,nan,lenet,0.01,0.0116,nan,nan,nan,lenet,0.01,0.0116,nan,nan,nan,lenet,0.01,0.0116,nan,nan,nan,lenet,0.01,0.0116,nan,nan,nan,lenet,0.01,0.0116,nan,nan,nan,13500000.0,0.0,54000000.0,6858000000.0,82296000000.0
lenetx12_cifar100_K12_topo-rregular3_seed0005_d013,d013,lenet:12,cifar100,12,topology,topo-rregular3,peers,5,200,64,0.1,0.9,0.0005,True,5,60,0.1,1.0,1,,disagreement,1.0,1,0.0,0.5,weight,rregular:3,0.0,0.0,42,0,45000,5000,10000,1089312,127,0.0010000000000000002,3,23.39,0.009999999999999998,1.734723475976807e-18,0.01,0.01,0.01,1.734723475976807e-18,0.0116,0.0116,0.0,0.9999999999999998,0.0,1.0,0.009999999999999998,lenet,0.01,0.0116,nan,nan,nan,lenet,0.01,0.0116,nan,nan,nan,lenet,0.01,0.0116,nan,nan,nan,lenet,0.01,0.0116,nan,nan,nan,lenet,0.01,0.0116,nan,nan,nan,lenet,0.01,0.0116,nan,nan,nan,lenet,0.01,0.0116,nan,nan,nan,lenet,0.01,0.0116,nan,nan,nan,lenet,0.01,0.0116,nan,nan,nan,lenet,0.01,0.0116,nan,nan,nan,lenet,0.01,0.0116,nan,nan,nan,lenet,0.01,0.0116,nan,nan,nan,13500000.0,0.0,54000000.0,6912000000.0,82944000000.0
lenetx12_cifar100_K12_topo-rregular3_seed0005_d013,d013,lenet:12,cifar100,12,topology,topo-rregular3,peers,5,200,64,0.1,0.9,0.0005,True,5,60,0.1,1.0,1,,disagreement,1.0,1,0.0,0.5,weight,rregular:3,0.0,0.0,42,0,45000,5000,10000,1089312,128,0.0010000000000000002,3,23.22,0.009999999999999998,1.734723475976807e-18,0.01,0.01,0.01,1.734723475976807e-18,0.0116,0.0116,0.0,0.9999999999999998,0.0,1.0,0.009999999999999998,lenet,0.01,0.0116,nan,nan,nan,lenet,0.01,0.0116,nan,nan,nan,lenet,0.01,0.0116,nan,nan,nan,lenet,0.01,0.0116,nan,nan,nan,lenet,0.01,0.0116,nan,nan,nan,lenet,0.01,0.0116,nan,nan,nan,lenet,0.01,0.0116,nan,nan,nan,lenet,0.01,0.0116,nan,nan,nan,lenet,0.01,0.0116,nan,nan,nan,lenet,0.01,0.0116,nan,nan,nan,lenet,0.01,0.0116,nan,nan,nan,lenet,0.01,0.0116,nan,nan,nan,13500000.0,0.0,54000000.0,6966000000.0,83592000000.0
lenetx12_cifar100_K12_topo-rregular3_seed0005_d013,d013,lenet:12,cifar100,12,topology,topo-rregular3,peers,5,200,64,0.1,0.9,0.0005,True,5,60,0.1,1.0,1,,disagreement,1.0,1,0.0,0.5,weight,rregular:3,0.0,0.0,42,0,45000,5000,10000,1089312,129,0.0010000000000000002,3,23.41,0.009999999999999998,1.734723475976807e-18,0.01,0.01,0.01,1.734723475976807e-18,0.0116,0.0116,0.0,0.9999999999999998,0.0,1.0,0.009999999999999998,lenet,0.01,0.0116,nan,nan,nan,lenet,0.01,0.0116,nan,nan,nan,lenet,0.01,0.0116,nan,nan,nan,lenet,0.01,0.0116,nan,nan,nan,lenet,0.01,0.0116,nan,nan,nan,lenet,0.01,0.0116,nan,nan,nan,lenet,0.01,0.0116,nan,nan,nan,lenet,0.01,0.0116,nan,nan,nan,lenet,0.01,0.0116,nan,nan,nan,lenet,0.01,0.0116,nan,nan,nan,lenet,0.01,0.0116,nan,nan,nan,lenet,0.01,0.0116,nan,nan,nan,13500000.0,0.0,54000000.0,7020000000.0,84240000000.0
lenetx12_cifar100_K12_topo-rregular3_seed0005_d013,d013,lenet:12,cifar100,12,topology,topo-rregular3,peers,5,200,64,0.1,0.9,0.0005,True,5,60,0.1,1.0,1,,disagreement,1.0,1,0.0,0.5,weight,rregular:3,0.0,0.0,42,0,45000,5000,10000,1089312,130,0.0010000000000000002,3,23.42,0.009999999999999998,1.734723475976807e-18,0.01,0.01,0.01,1.734723475976807e-18,0.0116,0.0116,0.0,0.9999999999999998,0.0,1.0,0.009999999999999998,lenet,0.01,0.0116,nan,nan,nan,lenet,0.01,0.0116,nan,nan,nan,lenet,0.01,0.0116,nan,nan,nan,lenet,0.01,0.0116,nan,nan,nan,lenet,0.01,0.0116,nan,nan,nan,lenet,0.01,0.0116,nan,nan,nan,lenet,0.01,0.0116,nan,nan,nan,lenet,0.01,0.0116,nan,nan,nan,lenet,0.01,0.0116,nan,nan,nan,lenet,0.01,0.0116,nan,nan,nan,lenet,0.01,0.0116,nan,nan,nan,lenet,0.01,0.0116,nan,nan,nan,13500000.0,0.0,54000000.0,7074000000.0,84888000000.0
lenetx12_cifar100_K12_topo-rregular3_seed0005_d013,d013,lenet:12,cifar100,12,topology,topo-rregular3,peers,5,200,64,0.1,0.9,0.0005,True,5,60,0.1,1.0,1,,disagreement,1.0,1,0.0,0.5,weight,rregular:3,0.0,0.0,42,0,45000,5000,10000,1089312,131,0.0010000000000000002,3,23.69,0.009999999999999998,1.734723475976807e-18,0.01,0.01,0.01,1.734723475976807e-18,0.0116,0.0116,0.0,0.9999999999999998,0.0,1.0,0.009999999999999998,lenet,0.01,0.0116,nan,nan,nan,lenet,0.01,0.0116,nan,nan,nan,lenet,0.01,0.0116,nan,nan,nan,lenet,0.01,0.0116,nan,nan,nan,lenet,0.01,0.0116,nan,nan,nan,lenet,0.01,0.0116,nan,nan,nan,lenet,0.01,0.0116,nan,nan,nan,lenet,0.01,0.0116,nan,nan,nan,lenet,0.01,0.0116,nan,nan,nan,lenet,0.01,0.0116,nan,nan,nan,lenet,0.01,0.0116,nan,nan,nan,lenet,0.01,0.0116,nan,nan,nan,13500000.0,0.0,54000000.0,7128000000.0,85536000000.0
lenetx12_cifar100_K12_topo-rregular3_seed0005_d013,d013,lenet:12,cifar100,12,topology,topo-rregular3,peers,5,200,64,0.1,0.9,0.0005,True,5,60,0.1,1.0,1,,disagreement,1.0,1,0.0,0.5,weight,rregular:3,0.0,0.0,42,0,45000,5000,10000,1089312,132,0.0010000000000000002,3,23.78,0.009999999999999998,1.734723475976807e-18,0.01,0.01,0.01,1.734723475976807e-18,0.0116,0.0116,0.0,0.9999999999999998,0.0,1.0,0.009999999999999998,lenet,0.01,0.0116,nan,nan,nan,lenet,0.01,0.0116,nan,nan,nan,lenet,0.01,0.0116,nan,nan,nan,lenet,0.01,0.0116,nan,nan,nan,lenet,0.01,0.0116,nan,nan,nan,lenet,0.01,0.0116,nan,nan,nan,lenet,0.01,0.0116,nan,nan,nan,lenet,0.01,0.0116,nan,nan,nan,lenet,0.01,0.0116,nan,nan,nan,lenet,0.01,0.0116,nan,nan,nan,lenet,0.01,0.0116,nan,nan,nan,lenet,0.01,0.0116,nan,nan,nan,13500000.0,0.0,54000000.0,7182000000.0,86184000000.0
lenetx12_cifar100_K12_topo-rregular3_seed0005_d013,d013,lenet:12,cifar100,12,topology,topo-rregular3,peers,5,200,64,0.1,0.9,0.0005,True,5,60,0.1,1.0,1,,disagreement,1.0,1,0.0,0.5,weight,rregular:3,0.0,0.0,42,0,45000,5000,10000,1089312,133,0.0010000000000000002,3,23.32,0.009999999999999998,1.734723475976807e-18,0.01,0.01,0.01,1.734723475976807e-18,0.0116,0.0116,0.0,0.9999999999999998,0.0,1.0,0.009999999999999998,lenet,0.01,0.0116,nan,nan,nan,lenet,0.01,0.0116,nan,nan,nan,lenet,0.01,0.0116,nan,nan,nan,lenet,0.01,0.0116,nan,nan,nan,lenet,0.01,0.0116,nan,nan,nan,lenet,0.01,0.0116,nan,nan,nan,lenet,0.01,0.0116,nan,nan,nan,lenet,0.01,0.0116,nan,nan,nan,lenet,0.01,0.0116,nan,nan,nan,lenet,0.01,0.0116,nan,nan,nan,lenet,0.01,0.0116,nan,nan,nan,lenet,0.01,0.0116,nan,nan,nan,13500000.0,0.0,54000000.0,7236000000.0,86832000000.0
lenetx12_cifar100_K12_topo-rregular3_seed0005_d013,d013,lenet:12,cifar100,12,topology,topo-rregular3,peers,5,200,64,0.1,0.9,0.0005,True,5,60,0.1,1.0,1,,disagreement,1.0,1,0.0,0.5,weight,rregular:3,0.0,0.0,42,0,45000,5000,10000,1089312,134,0.0010000000000000002,3,24.06,0.009999999999999998,1.734723475976807e-18,0.01,0.01,0.01,1.734723475976807e-18,0.0116,0.0116,0.0,0.9999999999999998,0.0,1.0,0.009999999999999998,lenet,0.01,0.0116,nan,nan,nan,lenet,0.01,0.0116,nan,nan,nan,lenet,0.01,0.0116,nan,nan,nan,lenet,0.01,0.0116,nan,nan,nan,lenet,0.01,0.0116,nan,nan,nan,lenet,0.01,0.0116,nan,nan,nan,lenet,0.01,0.0116,nan,nan,nan,lenet,0.01,0.0116,nan,nan,nan,lenet,0.01,0.0116,nan,nan,nan,lenet,0.01,0.0116,nan,nan,nan,lenet,0.01,0.0116,nan,nan,nan,lenet,0.01,0.0116,nan,nan,nan,13500000.0,0.0,54000000.0,7290000000.0,87480000000.0
lenetx12_cifar100_K12_topo-rregular3_seed0005_d013,d013,lenet:12,cifar100,12,topology,topo-rregular3,peers,5,200,64,0.1,0.9,0.0005,True,5,60,0.1,1.0,1,,disagreement,1.0,1,0.0,0.5,weight,rregular:3,0.0,0.0,42,0,45000,5000,10000,1089312,135,0.0010000000000000002,3,24.58,0.009999999999999998,1.734723475976807e-18,0.01,0.01,0.01,1.734723475976807e-18,0.0116,0.0116,0.0,0.9999999999999998,0.0,1.0,0.009999999999999998,lenet,0.01,0.0116,nan,nan,nan,lenet,0.01,0.0116,nan,nan,nan,lenet,0.01,0.0116,nan,nan,nan,lenet,0.01,0.0116,nan,nan,nan,lenet,0.01,0.0116,nan,nan,nan,lenet,0.01,0.0116,nan,nan,nan,lenet,0.01,0.0116,nan,nan,nan,lenet,0.01,0.0116,nan,nan,nan,lenet,0.01,0.0116,nan,nan,nan,lenet,0.01,0.0116,nan,nan,nan,lenet,0.01,0.0116,nan,nan,nan,lenet,0.01,0.0116,nan,nan,nan,13500000.0,0.0,54000000.0,7344000000.0,88128000000.0
lenetx12_cifar100_K12_topo-rregular3_seed0005_d013,d013,lenet:12,cifar100,12,topology,topo-rregular3,peers,5,200,64,0.1,0.9,0.0005,True,5,60,0.1,1.0,1,,disagreement,1.0,1,0.0,0.5,weight,rregular:3,0.0,0.0,42,0,45000,5000,10000,1089312,136,0.0010000000000000002,3,23.16,0.009999999999999998,1.734723475976807e-18,0.01,0.01,0.01,1.734723475976807e-18,0.0116,0.0116,0.0,0.9999999999999998,0.0,1.0,0.009999999999999998,lenet,0.01,0.0116,nan,nan,nan,lenet,0.01,0.0116,nan,nan,nan,lenet,0.01,0.0116,nan,nan,nan,lenet,0.01,0.0116,nan,nan,nan,lenet,0.01,0.0116,nan,nan,nan,lenet,0.01,0.0116,nan,nan,nan,lenet,0.01,0.0116,nan,nan,nan,lenet,0.01,0.0116,nan,nan,nan,lenet,0.01,0.0116,nan,nan,nan,lenet,0.01,0.0116,nan,nan,nan,lenet,0.01,0.0116,nan,nan,nan,lenet,0.01,0.0116,nan,nan,nan,13500000.0,0.0,54000000.0,7398000000.0,88776000000.0
lenetx12_cifar100_K12_topo-rregular3_seed0005_d013,d013,lenet:12,cifar100,12,topology,topo-rregular3,peers,5,200,64,0.1,0.9,0.0005,True,5,60,0.1,1.0,1,,disagreement,1.0,1,0.0,0.5,weight,rregular:3,0.0,0.0,42,0,45000,5000,10000,1089312,137,0.0010000000000000002,3,23.28,0.009999999999999998,1.734723475976807e-18,0.01,0.01,0.01,1.734723475976807e-18,0.0116,0.0116,0.0,0.9999999999999998,0.0,1.0,0.009999999999999998,lenet,0.01,0.0116,nan,nan,nan,lenet,0.01,0.0116,nan,nan,nan,lenet,0.01,0.0116,nan,nan,nan,lenet,0.01,0.0116,nan,nan,nan,lenet,0.01,0.0116,nan,nan,nan,lenet,0.01,0.0116,nan,nan,nan,lenet,0.01,0.0116,nan,nan,nan,lenet,0.01,0.0116,nan,nan,nan,lenet,0.01,0.0116,nan,nan,nan,lenet,0.01,0.0116,nan,nan,nan,lenet,0.01,0.0116,nan,nan,nan,lenet,0.01,0.0116,nan,nan,nan,13500000.0,0.0,54000000.0,7452000000.0,89424000000.0
lenetx12_cifar100_K12_topo-rregular3_seed0005_d013,d013,lenet:12,cifar100,12,topology,topo-rregular3,peers,5,200,64,0.1,0.9,0.0005,True,5,60,0.1,1.0,1,,disagreement,1.0,1,0.0,0.5,weight,rregular:3,0.0,0.0,42,0,45000,5000,10000,1089312,138,0.0010000000000000002,3,23.47,0.009999999999999998,1.734723475976807e-18,0.01,0.01,0.01,1.734723475976807e-18,0.0116,0.0116,0.0,0.9999999999999998,0.0,1.0,0.009999999999999998,lenet,0.01,0.0116,nan,nan,nan,lenet,0.01,0.0116,nan,nan,nan,lenet,0.01,0.0116,nan,nan,nan,lenet,0.01,0.0116,nan,nan,nan,lenet,0.01,0.0116,nan,nan,nan,lenet,0.01,0.0116,nan,nan,nan,lenet,0.01,0.0116,nan,nan,nan,lenet,0.01,0.0116,nan,nan,nan,lenet,0.01,0.0116,nan,nan,nan,lenet,0.01,0.0116,nan,nan,nan,lenet,0.01,0.0116,nan,nan,nan,lenet,0.01,0.0116,nan,nan,nan,13500000.0,0.0,54000000.0,7506000000.0,90072000000.0
lenetx12_cifar100_K12_topo-rregular3_seed0005_d013,d013,lenet:12,cifar100,12,topology,topo-rregular3,peers,5,200,64,0.1,0.9,0.0005,True,5,60,0.1,1.0,1,,disagreement,1.0,1,0.0,0.5,weight,rregular:3,0.0,0.0,42,0,45000,5000,10000,1089312,139,0.0010000000000000002,3,23.48,0.009999999999999998,1.734723475976807e-18,0.01,0.01,0.01,1.734723475976807e-18,0.0116,0.0116,0.0,0.9999999999999998,0.0,1.0,0.009999999999999998,lenet,0.01,0.0116,nan,nan,nan,lenet,0.01,0.0116,nan,nan,nan,lenet,0.01,0.0116,nan,nan,nan,lenet,0.01,0.0116,nan,nan,nan,lenet,0.01,0.0116,nan,nan,nan,lenet,0.01,0.0116,nan,nan,nan,lenet,0.01,0.0116,nan,nan,nan,lenet,0.01,0.0116,nan,nan,nan,lenet,0.01,0.0116,nan,nan,nan,lenet,0.01,0.0116,nan,nan,nan,lenet,0.01,0.0116,nan,nan,nan,lenet,0.01,0.0116,nan,nan,nan,13500000.0,0.0,54000000.0,7560000000.0,90720000000.0
lenetx12_cifar100_K12_topo-rregular3_seed0005_d013,d013,lenet:12,cifar100,12,topology,topo-rregular3,peers,5,200,64,0.1,0.9,0.0005,True,5,60,0.1,1.0,1,,disagreement,1.0,1,0.0,0.5,weight,rregular:3,0.0,0.0,42,0,45000,5000,10000,1089312,140,0.0010000000000000002,3,23.39,0.009999999999999998,1.734723475976807e-18,0.01,0.01,0.01,1.734723475976807e-18,0.0116,0.0116,0.0,0.9999999999999998,0.0,1.0,0.009999999999999998,lenet,0.01,0.0116,nan,nan,nan,lenet,0.01,0.0116,nan,nan,nan,lenet,0.01,0.0116,nan,nan,nan,lenet,0.01,0.0116,nan,nan,nan,lenet,0.01,0.0116,nan,nan,nan,lenet,0.01,0.0116,nan,nan,nan,lenet,0.01,0.0116,nan,nan,nan,lenet,0.01,0.0116,nan,nan,nan,lenet,0.01,0.0116,nan,nan,nan,lenet,0.01,0.0116,nan,nan,nan,lenet,0.01,0.0116,nan,nan,nan,lenet,0.01,0.0116,nan,nan,nan,13500000.0,0.0,54000000.0,7614000000.0,91368000000.0
lenetx12_cifar100_K12_topo-rregular3_seed0005_d013,d013,lenet:12,cifar100,12,topology,topo-rregular3,peers,5,200,64,0.1,0.9,0.0005,True,5,60,0.1,1.0,1,,disagreement,1.0,1,0.0,0.5,weight,rregular:3,0.0,0.0,42,0,45000,5000,10000,1089312,141,0.0010000000000000002,3,23.2,0.009999999999999998,1.734723475976807e-18,0.01,0.01,0.01,1.734723475976807e-18,0.0116,0.0116,0.0,0.9999999999999998,0.0,1.0,0.009999999999999998,lenet,0.01,0.0116,nan,nan,nan,lenet,0.01,0.0116,nan,nan,nan,lenet,0.01,0.0116,nan,nan,nan,lenet,0.01,0.0116,nan,nan,nan,lenet,0.01,0.0116,nan,nan,nan,lenet,0.01,0.0116,nan,nan,nan,lenet,0.01,0.0116,nan,nan,nan,lenet,0.01,0.0116,nan,nan,nan,lenet,0.01,0.0116,nan,nan,nan,lenet,0.01,0.0116,nan,nan,nan,lenet,0.01,0.0116,nan,nan,nan,lenet,0.01,0.0116,nan,nan,nan,13500000.0,0.0,54000000.0,7668000000.0,92016000000.0
lenetx12_cifar100_K12_topo-rregular3_seed0005_d013,d013,lenet:12,cifar100,12,topology,topo-rregular3,peers,5,200,64,0.1,0.9,0.0005,True,5,60,0.1,1.0,1,,disagreement,1.0,1,0.0,0.5,weight,rregular:3,0.0,0.0,42,0,45000,5000,10000,1089312,142,0.0010000000000000002,3,23.8,0.009999999999999998,1.734723475976807e-18,0.01,0.01,0.01,1.734723475976807e-18,0.0116,0.0116,0.0,0.9999999999999998,0.0,1.0,0.009999999999999998,lenet,0.01,0.0116,nan,nan,nan,lenet,0.01,0.0116,nan,nan,nan,lenet,0.01,0.0116,nan,nan,nan,lenet,0.01,0.0116,nan,nan,nan,lenet,0.01,0.0116,nan,nan,nan,lenet,0.01,0.0116,nan,nan,nan,lenet,0.01,0.0116,nan,nan,nan,lenet,0.01,0.0116,nan,nan,nan,lenet,0.01,0.0116,nan,nan,nan,lenet,0.01,0.0116,nan,nan,nan,lenet,0.01,0.0116,nan,nan,nan,lenet,0.01,0.0116,nan,nan,nan,13500000.0,0.0,54000000.0,7722000000.0,92664000000.0
lenetx12_cifar100_K12_topo-rregular3_seed0005_d013,d013,lenet:12,cifar100,12,topology,topo-rregular3,peers,5,200,64,0.1,0.9,0.0005,True,5,60,0.1,1.0,1,,disagreement,1.0,1,0.0,0.5,weight,rregular:3,0.0,0.0,42,0,45000,5000,10000,1089312,143,0.0010000000000000002,3,23.64,0.009999999999999998,1.734723475976807e-18,0.01,0.01,0.01,1.734723475976807e-18,0.0116,0.0116,0.0,0.9999999999999998,0.0,1.0,0.009999999999999998,lenet,0.01,0.0116,nan,nan,nan,lenet,0.01,0.0116,nan,nan,nan,lenet,0.01,0.0116,nan,nan,nan,lenet,0.01,0.0116,nan,nan,nan,lenet,0.01,0.0116,nan,nan,nan,lenet,0.01,0.0116,nan,nan,nan,lenet,0.01,0.0116,nan,nan,nan,lenet,0.01,0.0116,nan,nan,nan,lenet,0.01,0.0116,nan,nan,nan,lenet,0.01,0.0116,nan,nan,nan,lenet,0.01,0.0116,nan,nan,nan,lenet,0.01,0.0116,nan,nan,nan,13500000.0,0.0,54000000.0,7776000000.0,93312000000.0
lenetx12_cifar100_K12_topo-rregular3_seed0005_d013,d013,lenet:12,cifar100,12,topology,topo-rregular3,peers,5,200,64,0.1,0.9,0.0005,True,5,60,0.1,1.0,1,,disagreement,1.0,1,0.0,0.5,weight,rregular:3,0.0,0.0,42,0,45000,5000,10000,1089312,144,0.0010000000000000002,3,23.66,0.009999999999999998,1.734723475976807e-18,0.01,0.01,0.01,1.734723475976807e-18,0.0116,0.0116,0.0,0.9999999999999998,0.0,1.0,0.009999999999999998,lenet,0.01,0.0116,nan,nan,nan,lenet,0.01,0.0116,nan,nan,nan,lenet,0.01,0.0116,nan,nan,nan,lenet,0.01,0.0116,nan,nan,nan,lenet,0.01,0.0116,nan,nan,nan,lenet,0.01,0.0116,nan,nan,nan,lenet,0.01,0.0116,nan,nan,nan,lenet,0.01,0.0116,nan,nan,nan,lenet,0.01,0.0116,nan,nan,nan,lenet,0.01,0.0116,nan,nan,nan,lenet,0.01,0.0116,nan,nan,nan,lenet,0.01,0.0116,nan,nan,nan,13500000.0,0.0,54000000.0,7830000000.0,93960000000.0
lenetx12_cifar100_K12_topo-rregular3_seed0005_d013,d013,lenet:12,cifar100,12,topology,topo-rregular3,peers,5,200,64,0.1,0.9,0.0005,True,5,60,0.1,1.0,1,,disagreement,1.0,1,0.0,0.5,weight,rregular:3,0.0,0.0,42,0,45000,5000,10000,1089312,145,0.0010000000000000002,3,23.47,0.009999999999999998,1.734723475976807e-18,0.01,0.01,0.01,1.734723475976807e-18,0.0116,0.0116,0.0,0.9999999999999998,0.0,1.0,0.009999999999999998,lenet,0.01,0.0116,nan,nan,nan,lenet,0.01,0.0116,nan,nan,nan,lenet,0.01,0.0116,nan,nan,nan,lenet,0.01,0.0116,nan,nan,nan,lenet,0.01,0.0116,nan,nan,nan,lenet,0.01,0.0116,nan,nan,nan,lenet,0.01,0.0116,nan,nan,nan,lenet,0.01,0.0116,nan,nan,nan,lenet,0.01,0.0116,nan,nan,nan,lenet,0.01,0.0116,nan,nan,nan,lenet,0.01,0.0116,nan,nan,nan,lenet,0.01,0.0116,nan,nan,nan,13500000.0,0.0,54000000.0,7884000000.0,94608000000.0
lenetx12_cifar100_K12_topo-rregular3_seed0005_d013,d013,lenet:12,cifar100,12,topology,topo-rregular3,peers,5,200,64,0.1,0.9,0.0005,True,5,60,0.1,1.0,1,,disagreement,1.0,1,0.0,0.5,weight,rregular:3,0.0,0.0,42,0,45000,5000,10000,1089312,146,0.0010000000000000002,3,23.44,0.009999999999999998,1.734723475976807e-18,0.01,0.01,0.01,1.734723475976807e-18,0.0116,0.0116,0.0,0.9999999999999998,0.0,1.0,0.009999999999999998,lenet,0.01,0.0116,nan,nan,nan,lenet,0.01,0.0116,nan,nan,nan,lenet,0.01,0.0116,nan,nan,nan,lenet,0.01,0.0116,nan,nan,nan,lenet,0.01,0.0116,nan,nan,nan,lenet,0.01,0.0116,nan,nan,nan,lenet,0.01,0.0116,nan,nan,nan,lenet,0.01,0.0116,nan,nan,nan,lenet,0.01,0.0116,nan,nan,nan,lenet,0.01,0.0116,nan,nan,nan,lenet,0.01,0.0116,nan,nan,nan,lenet,0.01,0.0116,nan,nan,nan,13500000.0,0.0,54000000.0,7938000000.0,95256000000.0
lenetx12_cifar100_K12_topo-rregular3_seed0005_d013,d013,lenet:12,cifar100,12,topology,topo-rregular3,peers,5,200,64,0.1,0.9,0.0005,True,5,60,0.1,1.0,1,,disagreement,1.0,1,0.0,0.5,weight,rregular:3,0.0,0.0,42,0,45000,5000,10000,1089312,147,0.0010000000000000002,3,23.33,0.009999999999999998,1.734723475976807e-18,0.01,0.01,0.01,1.734723475976807e-18,0.0116,0.0116,0.0,0.9999999999999998,0.0,1.0,0.009999999999999998,lenet,0.01,0.0116,nan,nan,nan,lenet,0.01,0.0116,nan,nan,nan,lenet,0.01,0.0116,nan,nan,nan,lenet,0.01,0.0116,nan,nan,nan,lenet,0.01,0.0116,nan,nan,nan,lenet,0.01,0.0116,nan,nan,nan,lenet,0.01,0.0116,nan,nan,nan,lenet,0.01,0.0116,nan,nan,nan,lenet,0.01,0.0116,nan,nan,nan,lenet,0.01,0.0116,nan,nan,nan,lenet,0.01,0.0116,nan,nan,nan,lenet,0.01,0.0116,nan,nan,nan,13500000.0,0.0,54000000.0,7992000000.0,95904000000.0
lenetx12_cifar100_K12_topo-rregular3_seed0005_d013,d013,lenet:12,cifar100,12,topology,topo-rregular3,peers,5,200,64,0.1,0.9,0.0005,True,5,60,0.1,1.0,1,,disagreement,1.0,1,0.0,0.5,weight,rregular:3,0.0,0.0,42,0,45000,5000,10000,1089312,148,0.0010000000000000002,3,23.32,0.009999999999999998,1.734723475976807e-18,0.01,0.01,0.01,1.734723475976807e-18,0.0116,0.0116,0.0,0.9999999999999998,0.0,1.0,0.009999999999999998,lenet,0.01,0.0116,nan,nan,nan,lenet,0.01,0.0116,nan,nan,nan,lenet,0.01,0.0116,nan,nan,nan,lenet,0.01,0.0116,nan,nan,nan,lenet,0.01,0.0116,nan,nan,nan,lenet,0.01,0.0116,nan,nan,nan,lenet,0.01,0.0116,nan,nan,nan,lenet,0.01,0.0116,nan,nan,nan,lenet,0.01,0.0116,nan,nan,nan,lenet,0.01,0.0116,nan,nan,nan,lenet,0.01,0.0116,nan,nan,nan,lenet,0.01,0.0116,nan,nan,nan,13500000.0,0.0,54000000.0,8046000000.0,96552000000.0
lenetx12_cifar100_K12_topo-rregular3_seed0005_d013,d013,lenet:12,cifar100,12,topology,topo-rregular3,peers,5,200,64,0.1,0.9,0.0005,True,5,60,0.1,1.0,1,,disagreement,1.0,1,0.0,0.5,weight,rregular:3,0.0,0.0,42,0,45000,5000,10000,1089312,149,0.0010000000000000002,3,23.12,0.009999999999999998,1.734723475976807e-18,0.01,0.01,0.01,1.734723475976807e-18,0.0116,0.0116,0.0,0.9999999999999998,0.0,1.0,0.009999999999999998,lenet,0.01,0.0116,nan,nan,nan,lenet,0.01,0.0116,nan,nan,nan,lenet,0.01,0.0116,nan,nan,nan,lenet,0.01,0.0116,nan,nan,nan,lenet,0.01,0.0116,nan,nan,nan,lenet,0.01,0.0116,nan,nan,nan,lenet,0.01,0.0116,nan,nan,nan,lenet,0.01,0.0116,nan,nan,nan,lenet,0.01,0.0116,nan,nan,nan,lenet,0.01,0.0116,nan,nan,nan,lenet,0.01,0.0116,nan,nan,nan,lenet,0.01,0.0116,nan,nan,nan,13500000.0,0.0,54000000.0,8100000000.0,97200000000.0
lenetx12_cifar100_K12_topo-rregular3_seed0005_d013,d013,lenet:12,cifar100,12,topology,topo-rregular3,peers,5,200,64,0.1,0.9,0.0005,True,5,60,0.1,1.0,1,,disagreement,1.0,1,0.0,0.5,weight,rregular:3,0.0,0.0,42,0,45000,5000,10000,1089312,150,0.0010000000000000002,3,24.46,0.009999999999999998,1.734723475976807e-18,0.01,0.01,0.01,1.734723475976807e-18,0.0116,0.0116,0.0,0.9999999999999998,0.0,1.0,0.009999999999999998,lenet,0.01,0.0116,nan,nan,nan,lenet,0.01,0.0116,nan,nan,nan,lenet,0.01,0.0116,nan,nan,nan,lenet,0.01,0.0116,nan,nan,nan,lenet,0.01,0.0116,nan,nan,nan,lenet,0.01,0.0116,nan,nan,nan,lenet,0.01,0.0116,nan,nan,nan,lenet,0.01,0.0116,nan,nan,nan,lenet,0.01,0.0116,nan,nan,nan,lenet,0.01,0.0116,nan,nan,nan,lenet,0.01,0.0116,nan,nan,nan,lenet,0.01,0.0116,nan,nan,nan,13500000.0,0.0,54000000.0,8154000000.0,97848000000.0
lenetx12_cifar100_K12_topo-rregular3_seed0005_d013,d013,lenet:12,cifar100,12,topology,topo-rregular3,peers,5,200,64,0.1,0.9,0.0005,True,5,60,0.1,1.0,1,,disagreement,1.0,1,0.0,0.5,weight,rregular:3,0.0,0.0,42,0,45000,5000,10000,1089312,151,0.0010000000000000002,3,23.56,0.009999999999999998,1.734723475976807e-18,0.01,0.01,0.01,1.734723475976807e-18,0.0116,0.0116,0.0,0.9999999999999998,0.0,1.0,0.009999999999999998,lenet,0.01,0.0116,nan,nan,nan,lenet,0.01,0.0116,nan,nan,nan,lenet,0.01,0.0116,nan,nan,nan,lenet,0.01,0.0116,nan,nan,nan,lenet,0.01,0.0116,nan,nan,nan,lenet,0.01,0.0116,nan,nan,nan,lenet,0.01,0.0116,nan,nan,nan,lenet,0.01,0.0116,nan,nan,nan,lenet,0.01,0.0116,nan,nan,nan,lenet,0.01,0.0116,nan,nan,nan,lenet,0.01,0.0116,nan,nan,nan,lenet,0.01,0.0116,nan,nan,nan,13500000.0,0.0,54000000.0,8208000000.0,98496000000.0
lenetx12_cifar100_K12_topo-rregular3_seed0005_d013,d013,lenet:12,cifar100,12,topology,topo-rregular3,peers,5,200,64,0.1,0.9,0.0005,True,5,60,0.1,1.0,1,,disagreement,1.0,1,0.0,0.5,weight,rregular:3,0.0,0.0,42,0,45000,5000,10000,1089312,152,0.0010000000000000002,3,23.52,0.009999999999999998,1.734723475976807e-18,0.01,0.01,0.01,1.734723475976807e-18,0.0116,0.0116,0.0,0.9999999999999998,0.0,1.0,0.009999999999999998,lenet,0.01,0.0116,nan,nan,nan,lenet,0.01,0.0116,nan,nan,nan,lenet,0.01,0.0116,nan,nan,nan,lenet,0.01,0.0116,nan,nan,nan,lenet,0.01,0.0116,nan,nan,nan,lenet,0.01,0.0116,nan,nan,nan,lenet,0.01,0.0116,nan,nan,nan,lenet,0.01,0.0116,nan,nan,nan,lenet,0.01,0.0116,nan,nan,nan,lenet,0.01,0.0116,nan,nan,nan,lenet,0.01,0.0116,nan,nan,nan,lenet,0.01,0.0116,nan,nan,nan,13500000.0,0.0,54000000.0,8262000000.0,99144000000.0
lenetx12_cifar100_K12_topo-rregular3_seed0005_d013,d013,lenet:12,cifar100,12,topology,topo-rregular3,peers,5,200,64,0.1,0.9,0.0005,True,5,60,0.1,1.0,1,,disagreement,1.0,1,0.0,0.5,weight,rregular:3,0.0,0.0,42,0,45000,5000,10000,1089312,153,0.0010000000000000002,3,23.38,0.009999999999999998,1.734723475976807e-18,0.01,0.01,0.01,1.734723475976807e-18,0.0116,0.0116,0.0,0.9999999999999998,0.0,1.0,0.009999999999999998,lenet,0.01,0.0116,nan,nan,nan,lenet,0.01,0.0116,nan,nan,nan,lenet,0.01,0.0116,nan,nan,nan,lenet,0.01,0.0116,nan,nan,nan,lenet,0.01,0.0116,nan,nan,nan,lenet,0.01,0.0116,nan,nan,nan,lenet,0.01,0.0116,nan,nan,nan,lenet,0.01,0.0116,nan,nan,nan,lenet,0.01,0.0116,nan,nan,nan,lenet,0.01,0.0116,nan,nan,nan,lenet,0.01,0.0116,nan,nan,nan,lenet,0.01,0.0116,nan,nan,nan,13500000.0,0.0,54000000.0,8316000000.0,99792000000.0
lenetx12_cifar100_K12_topo-rregular3_seed0005_d013,d013,lenet:12,cifar100,12,topology,topo-rregular3,peers,5,200,64,0.1,0.9,0.0005,True,5,60,0.1,1.0,1,,disagreement,1.0,1,0.0,0.5,weight,rregular:3,0.0,0.0,42,0,45000,5000,10000,1089312,154,0.0010000000000000002,3,25.33,0.009999999999999998,1.734723475976807e-18,0.01,0.01,0.01,1.734723475976807e-18,0.0116,0.0116,0.0,0.9999999999999998,0.0,1.0,0.009999999999999998,lenet,0.01,0.0116,nan,nan,nan,lenet,0.01,0.0116,nan,nan,nan,lenet,0.01,0.0116,nan,nan,nan,lenet,0.01,0.0116,nan,nan,nan,lenet,0.01,0.0116,nan,nan,nan,lenet,0.01,0.0116,nan,nan,nan,lenet,0.01,0.0116,nan,nan,nan,lenet,0.01,0.0116,nan,nan,nan,lenet,0.01,0.0116,nan,nan,nan,lenet,0.01,0.0116,nan,nan,nan,lenet,0.01,0.0116,nan,nan,nan,lenet,0.01,0.0116,nan,nan,nan,13500000.0,0.0,54000000.0,8370000000.0,100440000000.0
lenetx12_cifar100_K12_topo-rregular3_seed0005_d013,d013,lenet:12,cifar100,12,topology,topo-rregular3,peers,5,200,64,0.1,0.9,0.0005,True,5,60,0.1,1.0,1,,disagreement,1.0,1,0.0,0.5,weight,rregular:3,0.0,0.0,42,0,45000,5000,10000,1089312,155,0.0010000000000000002,3,23.01,0.009999999999999998,1.734723475976807e-18,0.01,0.01,0.01,1.734723475976807e-18,0.0116,0.0116,0.0,0.9999999999999998,0.0,1.0,0.009999999999999998,lenet,0.01,0.0116,nan,nan,nan,lenet,0.01,0.0116,nan,nan,nan,lenet,0.01,0.0116,nan,nan,nan,lenet,0.01,0.0116,nan,nan,nan,lenet,0.01,0.0116,nan,nan,nan,lenet,0.01,0.0116,nan,nan,nan,lenet,0.01,0.0116,nan,nan,nan,lenet,0.01,0.0116,nan,nan,nan,lenet,0.01,0.0116,nan,nan,nan,lenet,0.01,0.0116,nan,nan,nan,lenet,0.01,0.0116,nan,nan,nan,lenet,0.01,0.0116,nan,nan,nan,13500000.0,0.0,54000000.0,8424000000.0,101088000000.0
lenetx12_cifar100_K12_topo-rregular3_seed0005_d013,d013,lenet:12,cifar100,12,topology,topo-rregular3,peers,5,200,64,0.1,0.9,0.0005,True,5,60,0.1,1.0,1,,disagreement,1.0,1,0.0,0.5,weight,rregular:3,0.0,0.0,42,0,45000,5000,10000,1089312,156,0.0010000000000000002,3,24.9,0.009999999999999998,1.734723475976807e-18,0.01,0.01,0.01,1.734723475976807e-18,0.0116,0.0116,0.0,0.9999999999999998,0.0,1.0,0.009999999999999998,lenet,0.01,0.0116,nan,nan,nan,lenet,0.01,0.0116,nan,nan,nan,lenet,0.01,0.0116,nan,nan,nan,lenet,0.01,0.0116,nan,nan,nan,lenet,0.01,0.0116,nan,nan,nan,lenet,0.01,0.0116,nan,nan,nan,lenet,0.01,0.0116,nan,nan,nan,lenet,0.01,0.0116,nan,nan,nan,lenet,0.01,0.0116,nan,nan,nan,lenet,0.01,0.0116,nan,nan,nan,lenet,0.01,0.0116,nan,nan,nan,lenet,0.01,0.0116,nan,nan,nan,13500000.0,0.0,54000000.0,8478000000.0,101736000000.0
lenetx12_cifar100_K12_topo-rregular3_seed0005_d013,d013,lenet:12,cifar100,12,topology,topo-rregular3,peers,5,200,64,0.1,0.9,0.0005,True,5,60,0.1,1.0,1,,disagreement,1.0,1,0.0,0.5,weight,rregular:3,0.0,0.0,42,0,45000,5000,10000,1089312,157,0.0010000000000000002,3,23.25,0.009999999999999998,1.734723475976807e-18,0.01,0.01,0.01,1.734723475976807e-18,0.0116,0.0116,0.0,0.9999999999999998,0.0,1.0,0.009999999999999998,lenet,0.01,0.0116,nan,nan,nan,lenet,0.01,0.0116,nan,nan,nan,lenet,0.01,0.0116,nan,nan,nan,lenet,0.01,0.0116,nan,nan,nan,lenet,0.01,0.0116,nan,nan,nan,lenet,0.01,0.0116,nan,nan,nan,lenet,0.01,0.0116,nan,nan,nan,lenet,0.01,0.0116,nan,nan,nan,lenet,0.01,0.0116,nan,nan,nan,lenet,0.01,0.0116,nan,nan,nan,lenet,0.01,0.0116,nan,nan,nan,lenet,0.01,0.0116,nan,nan,nan,13500000.0,0.0,54000000.0,8532000000.0,102384000000.0
lenetx12_cifar100_K12_topo-rregular3_seed0005_d013,d013,lenet:12,cifar100,12,topology,topo-rregular3,peers,5,200,64,0.1,0.9,0.0005,True,5,60,0.1,1.0,1,,disagreement,1.0,1,0.0,0.5,weight,rregular:3,0.0,0.0,42,0,45000,5000,10000,1089312,158,0.0010000000000000002,3,23.56,0.009999999999999998,1.734723475976807e-18,0.01,0.01,0.01,1.734723475976807e-18,0.0116,0.0116,0.0,0.9999999999999998,0.0,1.0,0.009999999999999998,lenet,0.01,0.0116,nan,nan,nan,lenet,0.01,0.0116,nan,nan,nan,lenet,0.01,0.0116,nan,nan,nan,lenet,0.01,0.0116,nan,nan,nan,lenet,0.01,0.0116,nan,nan,nan,lenet,0.01,0.0116,nan,nan,nan,lenet,0.01,0.0116,nan,nan,nan,lenet,0.01,0.0116,nan,nan,nan,lenet,0.01,0.0116,nan,nan,nan,lenet,0.01,0.0116,nan,nan,nan,lenet,0.01,0.0116,nan,nan,nan,lenet,0.01,0.0116,nan,nan,nan,13500000.0,0.0,54000000.0,8586000000.0,103032000000.0
lenetx12_cifar100_K12_topo-rregular3_seed0005_d013,d013,lenet:12,cifar100,12,topology,topo-rregular3,peers,5,200,64,0.1,0.9,0.0005,True,5,60,0.1,1.0,1,,disagreement,1.0,1,0.0,0.5,weight,rregular:3,0.0,0.0,42,0,45000,5000,10000,1089312,159,0.0010000000000000002,3,23.32,0.009999999999999998,1.734723475976807e-18,0.01,0.01,0.01,1.734723475976807e-18,0.0116,0.0116,0.0,0.9999999999999998,0.0,1.0,0.009999999999999998,lenet,0.01,0.0116,nan,nan,nan,lenet,0.01,0.0116,nan,nan,nan,lenet,0.01,0.0116,nan,nan,nan,lenet,0.01,0.0116,nan,nan,nan,lenet,0.01,0.0116,nan,nan,nan,lenet,0.01,0.0116,nan,nan,nan,lenet,0.01,0.0116,nan,nan,nan,lenet,0.01,0.0116,nan,nan,nan,lenet,0.01,0.0116,nan,nan,nan,lenet,0.01,0.0116,nan,nan,nan,lenet,0.01,0.0116,nan,nan,nan,lenet,0.01,0.0116,nan,nan,nan,13500000.0,0.0,54000000.0,8640000000.0,103680000000.0
lenetx12_cifar100_K12_topo-rregular3_seed0005_d013,d013,lenet:12,cifar100,12,topology,topo-rregular3,peers,5,200,64,0.1,0.9,0.0005,True,5,60,0.1,1.0,1,,disagreement,1.0,1,0.0,0.5,weight,rregular:3,0.0,0.0,42,0,45000,5000,10000,1089312,160,0.0010000000000000002,3,23.18,0.009999999999999998,1.734723475976807e-18,0.01,0.01,0.01,1.734723475976807e-18,0.0116,0.0116,0.0,0.9999999999999998,0.0,1.0,0.009999999999999998,lenet,0.01,0.0116,nan,nan,nan,lenet,0.01,0.0116,nan,nan,nan,lenet,0.01,0.0116,nan,nan,nan,lenet,0.01,0.0116,nan,nan,nan,lenet,0.01,0.0116,nan,nan,nan,lenet,0.01,0.0116,nan,nan,nan,lenet,0.01,0.0116,nan,nan,nan,lenet,0.01,0.0116,nan,nan,nan,lenet,0.01,0.0116,nan,nan,nan,lenet,0.01,0.0116,nan,nan,nan,lenet,0.01,0.0116,nan,nan,nan,lenet,0.01,0.0116,nan,nan,nan,13500000.0,0.0,54000000.0,8694000000.0,104328000000.0
lenetx12_cifar100_K12_topo-rregular3_seed0005_d013,d013,lenet:12,cifar100,12,topology,topo-rregular3,peers,5,200,64,0.1,0.9,0.0005,True,5,60,0.1,1.0,1,,disagreement,1.0,1,0.0,0.5,weight,rregular:3,0.0,0.0,42,0,45000,5000,10000,1089312,161,0.0010000000000000002,3,23.32,0.009999999999999998,1.734723475976807e-18,0.01,0.01,0.01,1.734723475976807e-18,0.0116,0.0116,0.0,0.9999999999999998,0.0,1.0,0.009999999999999998,lenet,0.01,0.0116,nan,nan,nan,lenet,0.01,0.0116,nan,nan,nan,lenet,0.01,0.0116,nan,nan,nan,lenet,0.01,0.0116,nan,nan,nan,lenet,0.01,0.0116,nan,nan,nan,lenet,0.01,0.0116,nan,nan,nan,lenet,0.01,0.0116,nan,nan,nan,lenet,0.01,0.0116,nan,nan,nan,lenet,0.01,0.0116,nan,nan,nan,lenet,0.01,0.0116,nan,nan,nan,lenet,0.01,0.0116,nan,nan,nan,lenet,0.01,0.0116,nan,nan,nan,13500000.0,0.0,54000000.0,8748000000.0,104976000000.0
lenetx12_cifar100_K12_topo-rregular3_seed0005_d013,d013,lenet:12,cifar100,12,topology,topo-rregular3,peers,5,200,64,0.1,0.9,0.0005,True,5,60,0.1,1.0,1,,disagreement,1.0,1,0.0,0.5,weight,rregular:3,0.0,0.0,42,0,45000,5000,10000,1089312,162,0.0010000000000000002,3,23.68,0.009999999999999998,1.734723475976807e-18,0.01,0.01,0.01,1.734723475976807e-18,0.0116,0.0116,0.0,0.9999999999999998,0.0,1.0,0.009999999999999998,lenet,0.01,0.0116,nan,nan,nan,lenet,0.01,0.0116,nan,nan,nan,lenet,0.01,0.0116,nan,nan,nan,lenet,0.01,0.0116,nan,nan,nan,lenet,0.01,0.0116,nan,nan,nan,lenet,0.01,0.0116,nan,nan,nan,lenet,0.01,0.0116,nan,nan,nan,lenet,0.01,0.0116,nan,nan,nan,lenet,0.01,0.0116,nan,nan,nan,lenet,0.01,0.0116,nan,nan,nan,lenet,0.01,0.0116,nan,nan,nan,lenet,0.01,0.0116,nan,nan,nan,13500000.0,0.0,54000000.0,8802000000.0,105624000000.0
lenetx12_cifar100_K12_topo-rregular3_seed0005_d013,d013,lenet:12,cifar100,12,topology,topo-rregular3,peers,5,200,64,0.1,0.9,0.0005,True,5,60,0.1,1.0,1,,disagreement,1.0,1,0.0,0.5,weight,rregular:3,0.0,0.0,42,0,45000,5000,10000,1089312,163,0.0010000000000000002,3,23.48,0.009999999999999998,1.734723475976807e-18,0.01,0.01,0.01,1.734723475976807e-18,0.0116,0.0116,0.0,0.9999999999999998,0.0,1.0,0.009999999999999998,lenet,0.01,0.0116,nan,nan,nan,lenet,0.01,0.0116,nan,nan,nan,lenet,0.01,0.0116,nan,nan,nan,lenet,0.01,0.0116,nan,nan,nan,lenet,0.01,0.0116,nan,nan,nan,lenet,0.01,0.0116,nan,nan,nan,lenet,0.01,0.0116,nan,nan,nan,lenet,0.01,0.0116,nan,nan,nan,lenet,0.01,0.0116,nan,nan,nan,lenet,0.01,0.0116,nan,nan,nan,lenet,0.01,0.0116,nan,nan,nan,lenet,0.01,0.0116,nan,nan,nan,13500000.0,0.0,54000000.0,8856000000.0,106272000000.0
lenetx12_cifar100_K12_topo-rregular3_seed0005_d013,d013,lenet:12,cifar100,12,topology,topo-rregular3,peers,5,200,64,0.1,0.9,0.0005,True,5,60,0.1,1.0,1,,disagreement,1.0,1,0.0,0.5,weight,rregular:3,0.0,0.0,42,0,45000,5000,10000,1089312,164,0.0010000000000000002,3,23.27,0.009999999999999998,1.734723475976807e-18,0.01,0.01,0.01,1.734723475976807e-18,0.0116,0.0116,0.0,0.9999999999999998,0.0,1.0,0.009999999999999998,lenet,0.01,0.0116,nan,nan,nan,lenet,0.01,0.0116,nan,nan,nan,lenet,0.01,0.0116,nan,nan,nan,lenet,0.01,0.0116,nan,nan,nan,lenet,0.01,0.0116,nan,nan,nan,lenet,0.01,0.0116,nan,nan,nan,lenet,0.01,0.0116,nan,nan,nan,lenet,0.01,0.0116,nan,nan,nan,lenet,0.01,0.0116,nan,nan,nan,lenet,0.01,0.0116,nan,nan,nan,lenet,0.01,0.0116,nan,nan,nan,lenet,0.01,0.0116,nan,nan,nan,13500000.0,0.0,54000000.0,8910000000.0,106920000000.0
lenetx12_cifar100_K12_topo-rregular3_seed0005_d013,d013,lenet:12,cifar100,12,topology,topo-rregular3,peers,5,200,64,0.1,0.9,0.0005,True,5,60,0.1,1.0,1,,disagreement,1.0,1,0.0,0.5,weight,rregular:3,0.0,0.0,42,0,45000,5000,10000,1089312,165,0.0010000000000000002,3,23.17,0.009999999999999998,1.734723475976807e-18,0.01,0.01,0.01,1.734723475976807e-18,0.0116,0.0116,0.0,0.9999999999999998,0.0,1.0,0.009999999999999998,lenet,0.01,0.0116,nan,nan,nan,lenet,0.01,0.0116,nan,nan,nan,lenet,0.01,0.0116,nan,nan,nan,lenet,0.01,0.0116,nan,nan,nan,lenet,0.01,0.0116,nan,nan,nan,lenet,0.01,0.0116,nan,nan,nan,lenet,0.01,0.0116,nan,nan,nan,lenet,0.01,0.0116,nan,nan,nan,lenet,0.01,0.0116,nan,nan,nan,lenet,0.01,0.0116,nan,nan,nan,lenet,0.01,0.0116,nan,nan,nan,lenet,0.01,0.0116,nan,nan,nan,13500000.0,0.0,54000000.0,8964000000.0,107568000000.0
lenetx12_cifar100_K12_topo-rregular3_seed0005_d013,d013,lenet:12,cifar100,12,topology,topo-rregular3,peers,5,200,64,0.1,0.9,0.0005,True,5,60,0.1,1.0,1,,disagreement,1.0,1,0.0,0.5,weight,rregular:3,0.0,0.0,42,0,45000,5000,10000,1089312,166,0.0010000000000000002,3,23.34,0.009999999999999998,1.734723475976807e-18,0.01,0.01,0.01,1.734723475976807e-18,0.0116,0.0116,0.0,0.9999999999999998,0.0,1.0,0.009999999999999998,lenet,0.01,0.0116,nan,nan,nan,lenet,0.01,0.0116,nan,nan,nan,lenet,0.01,0.0116,nan,nan,nan,lenet,0.01,0.0116,nan,nan,nan,lenet,0.01,0.0116,nan,nan,nan,lenet,0.01,0.0116,nan,nan,nan,lenet,0.01,0.0116,nan,nan,nan,lenet,0.01,0.0116,nan,nan,nan,lenet,0.01,0.0116,nan,nan,nan,lenet,0.01,0.0116,nan,nan,nan,lenet,0.01,0.0116,nan,nan,nan,lenet,0.01,0.0116,nan,nan,nan,13500000.0,0.0,54000000.0,9018000000.0,108216000000.0
lenetx12_cifar100_K12_topo-rregular3_seed0005_d013,d013,lenet:12,cifar100,12,topology,topo-rregular3,peers,5,200,64,0.1,0.9,0.0005,True,5,60,0.1,1.0,1,,disagreement,1.0,1,0.0,0.5,weight,rregular:3,0.0,0.0,42,0,45000,5000,10000,1089312,167,0.0010000000000000002,3,23.33,0.009999999999999998,1.734723475976807e-18,0.01,0.01,0.01,1.734723475976807e-18,0.0116,0.0116,0.0,0.9999999999999998,0.0,1.0,0.009999999999999998,lenet,0.01,0.0116,nan,nan,nan,lenet,0.01,0.0116,nan,nan,nan,lenet,0.01,0.0116,nan,nan,nan,lenet,0.01,0.0116,nan,nan,nan,lenet,0.01,0.0116,nan,nan,nan,lenet,0.01,0.0116,nan,nan,nan,lenet,0.01,0.0116,nan,nan,nan,lenet,0.01,0.0116,nan,nan,nan,lenet,0.01,0.0116,nan,nan,nan,lenet,0.01,0.0116,nan,nan,nan,lenet,0.01,0.0116,nan,nan,nan,lenet,0.01,0.0116,nan,nan,nan,13500000.0,0.0,54000000.0,9072000000.0,108864000000.0
lenetx12_cifar100_K12_topo-rregular3_seed0005_d013,d013,lenet:12,cifar100,12,topology,topo-rregular3,peers,5,200,64,0.1,0.9,0.0005,True,5,60,0.1,1.0,1,,disagreement,1.0,1,0.0,0.5,weight,rregular:3,0.0,0.0,42,0,45000,5000,10000,1089312,168,0.0010000000000000002,3,23.16,0.009999999999999998,1.734723475976807e-18,0.01,0.01,0.01,1.734723475976807e-18,0.0116,0.0116,0.0,0.9999999999999998,0.0,1.0,0.009999999999999998,lenet,0.01,0.0116,nan,nan,nan,lenet,0.01,0.0116,nan,nan,nan,lenet,0.01,0.0116,nan,nan,nan,lenet,0.01,0.0116,nan,nan,nan,lenet,0.01,0.0116,nan,nan,nan,lenet,0.01,0.0116,nan,nan,nan,lenet,0.01,0.0116,nan,nan,nan,lenet,0.01,0.0116,nan,nan,nan,lenet,0.01,0.0116,nan,nan,nan,lenet,0.01,0.0116,nan,nan,nan,lenet,0.01,0.0116,nan,nan,nan,lenet,0.01,0.0116,nan,nan,nan,13500000.0,0.0,54000000.0,9126000000.0,109512000000.0
lenetx12_cifar100_K12_topo-rregular3_seed0005_d013,d013,lenet:12,cifar100,12,topology,topo-rregular3,peers,5,200,64,0.1,0.9,0.0005,True,5,60,0.1,1.0,1,,disagreement,1.0,1,0.0,0.5,weight,rregular:3,0.0,0.0,42,0,45000,5000,10000,1089312,169,0.0010000000000000002,3,23.08,0.009999999999999998,1.734723475976807e-18,0.01,0.01,0.01,1.734723475976807e-18,0.0116,0.0116,0.0,0.9999999999999998,0.0,1.0,0.009999999999999998,lenet,0.01,0.0116,nan,nan,nan,lenet,0.01,0.0116,nan,nan,nan,lenet,0.01,0.0116,nan,nan,nan,lenet,0.01,0.0116,nan,nan,nan,lenet,0.01,0.0116,nan,nan,nan,lenet,0.01,0.0116,nan,nan,nan,lenet,0.01,0.0116,nan,nan,nan,lenet,0.01,0.0116,nan,nan,nan,lenet,0.01,0.0116,nan,nan,nan,lenet,0.01,0.0116,nan,nan,nan,lenet,0.01,0.0116,nan,nan,nan,lenet,0.01,0.0116,nan,nan,nan,13500000.0,0.0,54000000.0,9180000000.0,110160000000.0
lenetx12_cifar100_K12_topo-rregular3_seed0005_d013,d013,lenet:12,cifar100,12,topology,topo-rregular3,peers,5,200,64,0.1,0.9,0.0005,True,5,60,0.1,1.0,1,,disagreement,1.0,1,0.0,0.5,weight,rregular:3,0.0,0.0,42,0,45000,5000,10000,1089312,170,0.0010000000000000002,3,23.28,0.009999999999999998,1.734723475976807e-18,0.01,0.01,0.01,1.734723475976807e-18,0.0116,0.0116,0.0,0.9999999999999998,0.0,1.0,0.009999999999999998,lenet,0.01,0.0116,nan,nan,nan,lenet,0.01,0.0116,nan,nan,nan,lenet,0.01,0.0116,nan,nan,nan,lenet,0.01,0.0116,nan,nan,nan,lenet,0.01,0.0116,nan,nan,nan,lenet,0.01,0.0116,nan,nan,nan,lenet,0.01,0.0116,nan,nan,nan,lenet,0.01,0.0116,nan,nan,nan,lenet,0.01,0.0116,nan,nan,nan,lenet,0.01,0.0116,nan,nan,nan,lenet,0.01,0.0116,nan,nan,nan,lenet,0.01,0.0116,nan,nan,nan,13500000.0,0.0,54000000.0,9234000000.0,110808000000.0
lenetx12_cifar100_K12_topo-rregular3_seed0005_d013,d013,lenet:12,cifar100,12,topology,topo-rregular3,peers,5,200,64,0.1,0.9,0.0005,True,5,60,0.1,1.0,1,,disagreement,1.0,1,0.0,0.5,weight,rregular:3,0.0,0.0,42,0,45000,5000,10000,1089312,171,0.0010000000000000002,3,23.42,0.009999999999999998,1.734723475976807e-18,0.01,0.01,0.01,1.734723475976807e-18,0.0116,0.0116,0.0,0.9999999999999998,0.0,1.0,0.009999999999999998,lenet,0.01,0.0116,nan,nan,nan,lenet,0.01,0.0116,nan,nan,nan,lenet,0.01,0.0116,nan,nan,nan,lenet,0.01,0.0116,nan,nan,nan,lenet,0.01,0.0116,nan,nan,nan,lenet,0.01,0.0116,nan,nan,nan,lenet,0.01,0.0116,nan,nan,nan,lenet,0.01,0.0116,nan,nan,nan,lenet,0.01,0.0116,nan,nan,nan,lenet,0.01,0.0116,nan,nan,nan,lenet,0.01,0.0116,nan,nan,nan,lenet,0.01,0.0116,nan,nan,nan,13500000.0,0.0,54000000.0,9288000000.0,111456000000.0
lenetx12_cifar100_K12_topo-rregular3_seed0005_d013,d013,lenet:12,cifar100,12,topology,topo-rregular3,peers,5,200,64,0.1,0.9,0.0005,True,5,60,0.1,1.0,1,,disagreement,1.0,1,0.0,0.5,weight,rregular:3,0.0,0.0,42,0,45000,5000,10000,1089312,172,0.0010000000000000002,3,23.29,0.009999999999999998,1.734723475976807e-18,0.01,0.01,0.01,1.734723475976807e-18,0.0116,0.0116,0.0,0.9999999999999998,0.0,1.0,0.009999999999999998,lenet,0.01,0.0116,nan,nan,nan,lenet,0.01,0.0116,nan,nan,nan,lenet,0.01,0.0116,nan,nan,nan,lenet,0.01,0.0116,nan,nan,nan,lenet,0.01,0.0116,nan,nan,nan,lenet,0.01,0.0116,nan,nan,nan,lenet,0.01,0.0116,nan,nan,nan,lenet,0.01,0.0116,nan,nan,nan,lenet,0.01,0.0116,nan,nan,nan,lenet,0.01,0.0116,nan,nan,nan,lenet,0.01,0.0116,nan,nan,nan,lenet,0.01,0.0116,nan,nan,nan,13500000.0,0.0,54000000.0,9342000000.0,112104000000.0
lenetx12_cifar100_K12_topo-rregular3_seed0005_d013,d013,lenet:12,cifar100,12,topology,topo-rregular3,peers,5,200,64,0.1,0.9,0.0005,True,5,60,0.1,1.0,1,,disagreement,1.0,1,0.0,0.5,weight,rregular:3,0.0,0.0,42,0,45000,5000,10000,1089312,173,0.0010000000000000002,3,24.54,0.009999999999999998,1.734723475976807e-18,0.01,0.01,0.01,1.734723475976807e-18,0.0116,0.0116,0.0,0.9999999999999998,0.0,1.0,0.009999999999999998,lenet,0.01,0.0116,nan,nan,nan,lenet,0.01,0.0116,nan,nan,nan,lenet,0.01,0.0116,nan,nan,nan,lenet,0.01,0.0116,nan,nan,nan,lenet,0.01,0.0116,nan,nan,nan,lenet,0.01,0.0116,nan,nan,nan,lenet,0.01,0.0116,nan,nan,nan,lenet,0.01,0.0116,nan,nan,nan,lenet,0.01,0.0116,nan,nan,nan,lenet,0.01,0.0116,nan,nan,nan,lenet,0.01,0.0116,nan,nan,nan,lenet,0.01,0.0116,nan,nan,nan,13500000.0,0.0,54000000.0,9396000000.0,112752000000.0
lenetx12_cifar100_K12_topo-rregular3_seed0005_d013,d013,lenet:12,cifar100,12,topology,topo-rregular3,peers,5,200,64,0.1,0.9,0.0005,True,5,60,0.1,1.0,1,,disagreement,1.0,1,0.0,0.5,weight,rregular:3,0.0,0.0,42,0,45000,5000,10000,1089312,174,0.0010000000000000002,3,23.49,0.009999999999999998,1.734723475976807e-18,0.01,0.01,0.01,1.734723475976807e-18,0.0116,0.0116,0.0,0.9999999999999998,0.0,1.0,0.009999999999999998,lenet,0.01,0.0116,nan,nan,nan,lenet,0.01,0.0116,nan,nan,nan,lenet,0.01,0.0116,nan,nan,nan,lenet,0.01,0.0116,nan,nan,nan,lenet,0.01,0.0116,nan,nan,nan,lenet,0.01,0.0116,nan,nan,nan,lenet,0.01,0.0116,nan,nan,nan,lenet,0.01,0.0116,nan,nan,nan,lenet,0.01,0.0116,nan,nan,nan,lenet,0.01,0.0116,nan,nan,nan,lenet,0.01,0.0116,nan,nan,nan,lenet,0.01,0.0116,nan,nan,nan,13500000.0,0.0,54000000.0,9450000000.0,113400000000.0
lenetx12_cifar100_K12_topo-rregular3_seed0005_d013,d013,lenet:12,cifar100,12,topology,topo-rregular3,peers,5,200,64,0.1,0.9,0.0005,True,5,60,0.1,1.0,1,,disagreement,1.0,1,0.0,0.5,weight,rregular:3,0.0,0.0,42,0,45000,5000,10000,1089312,175,0.0010000000000000002,3,23.37,0.009999999999999998,1.734723475976807e-18,0.01,0.01,0.01,1.734723475976807e-18,0.0116,0.0116,0.0,0.9999999999999998,0.0,1.0,0.009999999999999998,lenet,0.01,0.0116,nan,nan,nan,lenet,0.01,0.0116,nan,nan,nan,lenet,0.01,0.0116,nan,nan,nan,lenet,0.01,0.0116,nan,nan,nan,lenet,0.01,0.0116,nan,nan,nan,lenet,0.01,0.0116,nan,nan,nan,lenet,0.01,0.0116,nan,nan,nan,lenet,0.01,0.0116,nan,nan,nan,lenet,0.01,0.0116,nan,nan,nan,lenet,0.01,0.0116,nan,nan,nan,lenet,0.01,0.0116,nan,nan,nan,lenet,0.01,0.0116,nan,nan,nan,13500000.0,0.0,54000000.0,9504000000.0,114048000000.0
lenetx12_cifar100_K12_topo-rregular3_seed0005_d013,d013,lenet:12,cifar100,12,topology,topo-rregular3,peers,5,200,64,0.1,0.9,0.0005,True,5,60,0.1,1.0,1,,disagreement,1.0,1,0.0,0.5,weight,rregular:3,0.0,0.0,42,0,45000,5000,10000,1089312,176,0.0010000000000000002,3,23.39,0.009999999999999998,1.734723475976807e-18,0.01,0.01,0.01,1.734723475976807e-18,0.0116,0.0116,0.0,0.9999999999999998,0.0,1.0,0.009999999999999998,lenet,0.01,0.0116,nan,nan,nan,lenet,0.01,0.0116,nan,nan,nan,lenet,0.01,0.0116,nan,nan,nan,lenet,0.01,0.0116,nan,nan,nan,lenet,0.01,0.0116,nan,nan,nan,lenet,0.01,0.0116,nan,nan,nan,lenet,0.01,0.0116,nan,nan,nan,lenet,0.01,0.0116,nan,nan,nan,lenet,0.01,0.0116,nan,nan,nan,lenet,0.01,0.0116,nan,nan,nan,lenet,0.01,0.0116,nan,nan,nan,lenet,0.01,0.0116,nan,nan,nan,13500000.0,0.0,54000000.0,9558000000.0,114696000000.0
lenetx12_cifar100_K12_topo-rregular3_seed0005_d013,d013,lenet:12,cifar100,12,topology,topo-rregular3,peers,5,200,64,0.1,0.9,0.0005,True,5,60,0.1,1.0,1,,disagreement,1.0,1,0.0,0.5,weight,rregular:3,0.0,0.0,42,0,45000,5000,10000,1089312,177,0.0010000000000000002,3,23.12,0.009999999999999998,1.734723475976807e-18,0.01,0.01,0.01,1.734723475976807e-18,0.0116,0.0116,0.0,0.9999999999999998,0.0,1.0,0.009999999999999998,lenet,0.01,0.0116,nan,nan,nan,lenet,0.01,0.0116,nan,nan,nan,lenet,0.01,0.0116,nan,nan,nan,lenet,0.01,0.0116,nan,nan,nan,lenet,0.01,0.0116,nan,nan,nan,lenet,0.01,0.0116,nan,nan,nan,lenet,0.01,0.0116,nan,nan,nan,lenet,0.01,0.0116,nan,nan,nan,lenet,0.01,0.0116,nan,nan,nan,lenet,0.01,0.0116,nan,nan,nan,lenet,0.01,0.0116,nan,nan,nan,lenet,0.01,0.0116,nan,nan,nan,13500000.0,0.0,54000000.0,9612000000.0,115344000000.0
lenetx12_cifar100_K12_topo-rregular3_seed0005_d013,d013,lenet:12,cifar100,12,topology,topo-rregular3,peers,5,200,64,0.1,0.9,0.0005,True,5,60,0.1,1.0,1,,disagreement,1.0,1,0.0,0.5,weight,rregular:3,0.0,0.0,42,0,45000,5000,10000,1089312,178,0.0010000000000000002,3,23.16,0.009999999999999998,1.734723475976807e-18,0.01,0.01,0.01,1.734723475976807e-18,0.0116,0.0116,0.0,0.9999999999999998,0.0,1.0,0.009999999999999998,lenet,0.01,0.0116,nan,nan,nan,lenet,0.01,0.0116,nan,nan,nan,lenet,0.01,0.0116,nan,nan,nan,lenet,0.01,0.0116,nan,nan,nan,lenet,0.01,0.0116,nan,nan,nan,lenet,0.01,0.0116,nan,nan,nan,lenet,0.01,0.0116,nan,nan,nan,lenet,0.01,0.0116,nan,nan,nan,lenet,0.01,0.0116,nan,nan,nan,lenet,0.01,0.0116,nan,nan,nan,lenet,0.01,0.0116,nan,nan,nan,lenet,0.01,0.0116,nan,nan,nan,13500000.0,0.0,54000000.0,9666000000.0,115992000000.0
lenetx12_cifar100_K12_topo-rregular3_seed0005_d013,d013,lenet:12,cifar100,12,topology,topo-rregular3,peers,5,200,64,0.1,0.9,0.0005,True,5,60,0.1,1.0,1,,disagreement,1.0,1,0.0,0.5,weight,rregular:3,0.0,0.0,42,0,45000,5000,10000,1089312,179,0.0010000000000000002,3,23.64,0.009999999999999998,1.734723475976807e-18,0.01,0.01,0.01,1.734723475976807e-18,0.0116,0.0116,0.0,0.9999999999999998,0.0,1.0,0.009999999999999998,lenet,0.01,0.0116,nan,nan,nan,lenet,0.01,0.0116,nan,nan,nan,lenet,0.01,0.0116,nan,nan,nan,lenet,0.01,0.0116,nan,nan,nan,lenet,0.01,0.0116,nan,nan,nan,lenet,0.01,0.0116,nan,nan,nan,lenet,0.01,0.0116,nan,nan,nan,lenet,0.01,0.0116,nan,nan,nan,lenet,0.01,0.0116,nan,nan,nan,lenet,0.01,0.0116,nan,nan,nan,lenet,0.01,0.0116,nan,nan,nan,lenet,0.01,0.0116,nan,nan,nan,13500000.0,0.0,54000000.0,9720000000.0,116640000000.0
lenetx12_cifar100_K12_topo-rregular3_seed0005_d013,d013,lenet:12,cifar100,12,topology,topo-rregular3,peers,5,200,64,0.1,0.9,0.0005,True,5,60,0.1,1.0,1,,disagreement,1.0,1,0.0,0.5,weight,rregular:3,0.0,0.0,42,0,45000,5000,10000,1089312,180,0.00010000000000000003,3,23.92,0.009999999999999998,1.734723475976807e-18,0.01,0.01,0.01,1.734723475976807e-18,0.0116,0.0116,0.0,0.9999999999999998,0.0,1.0,0.009999999999999998,lenet,0.01,0.0116,nan,nan,nan,lenet,0.01,0.0116,nan,nan,nan,lenet,0.01,0.0116,nan,nan,nan,lenet,0.01,0.0116,nan,nan,nan,lenet,0.01,0.0116,nan,nan,nan,lenet,0.01,0.0116,nan,nan,nan,lenet,0.01,0.0116,nan,nan,nan,lenet,0.01,0.0116,nan,nan,nan,lenet,0.01,0.0116,nan,nan,nan,lenet,0.01,0.0116,nan,nan,nan,lenet,0.01,0.0116,nan,nan,nan,lenet,0.01,0.0116,nan,nan,nan,13500000.0,0.0,54000000.0,9774000000.0,117288000000.0
lenetx12_cifar100_K12_topo-rregular3_seed0005_d013,d013,lenet:12,cifar100,12,topology,topo-rregular3,peers,5,200,64,0.1,0.9,0.0005,True,5,60,0.1,1.0,1,,disagreement,1.0,1,0.0,0.5,weight,rregular:3,0.0,0.0,42,0,45000,5000,10000,1089312,181,0.00010000000000000003,3,23.7,0.009999999999999998,1.734723475976807e-18,0.01,0.01,0.01,1.734723475976807e-18,0.0116,0.0116,0.0,0.9999999999999998,0.0,1.0,0.009999999999999998,lenet,0.01,0.0116,nan,nan,nan,lenet,0.01,0.0116,nan,nan,nan,lenet,0.01,0.0116,nan,nan,nan,lenet,0.01,0.0116,nan,nan,nan,lenet,0.01,0.0116,nan,nan,nan,lenet,0.01,0.0116,nan,nan,nan,lenet,0.01,0.0116,nan,nan,nan,lenet,0.01,0.0116,nan,nan,nan,lenet,0.01,0.0116,nan,nan,nan,lenet,0.01,0.0116,nan,nan,nan,lenet,0.01,0.0116,nan,nan,nan,lenet,0.01,0.0116,nan,nan,nan,13500000.0,0.0,54000000.0,9828000000.0,117936000000.0
lenetx12_cifar100_K12_topo-rregular3_seed0005_d013,d013,lenet:12,cifar100,12,topology,topo-rregular3,peers,5,200,64,0.1,0.9,0.0005,True,5,60,0.1,1.0,1,,disagreement,1.0,1,0.0,0.5,weight,rregular:3,0.0,0.0,42,0,45000,5000,10000,1089312,182,0.00010000000000000003,3,23.65,0.009999999999999998,1.734723475976807e-18,0.01,0.01,0.01,1.734723475976807e-18,0.0116,0.0116,0.0,0.9999999999999998,0.0,1.0,0.009999999999999998,lenet,0.01,0.0116,nan,nan,nan,lenet,0.01,0.0116,nan,nan,nan,lenet,0.01,0.0116,nan,nan,nan,lenet,0.01,0.0116,nan,nan,nan,lenet,0.01,0.0116,nan,nan,nan,lenet,0.01,0.0116,nan,nan,nan,lenet,0.01,0.0116,nan,nan,nan,lenet,0.01,0.0116,nan,nan,nan,lenet,0.01,0.0116,nan,nan,nan,lenet,0.01,0.0116,nan,nan,nan,lenet,0.01,0.0116,nan,nan,nan,lenet,0.01,0.0116,nan,nan,nan,13500000.0,0.0,54000000.0,9882000000.0,118584000000.0
lenetx12_cifar100_K12_topo-rregular3_seed0005_d013,d013,lenet:12,cifar100,12,topology,topo-rregular3,peers,5,200,64,0.1,0.9,0.0005,True,5,60,0.1,1.0,1,,disagreement,1.0,1,0.0,0.5,weight,rregular:3,0.0,0.0,42,0,45000,5000,10000,1089312,183,0.00010000000000000003,3,23.37,0.009999999999999998,1.734723475976807e-18,0.01,0.01,0.01,1.734723475976807e-18,0.0116,0.0116,0.0,0.9999999999999998,0.0,1.0,0.009999999999999998,lenet,0.01,0.0116,nan,nan,nan,lenet,0.01,0.0116,nan,nan,nan,lenet,0.01,0.0116,nan,nan,nan,lenet,0.01,0.0116,nan,nan,nan,lenet,0.01,0.0116,nan,nan,nan,lenet,0.01,0.0116,nan,nan,nan,lenet,0.01,0.0116,nan,nan,nan,lenet,0.01,0.0116,nan,nan,nan,lenet,0.01,0.0116,nan,nan,nan,lenet,0.01,0.0116,nan,nan,nan,lenet,0.01,0.0116,nan,nan,nan,lenet,0.01,0.0116,nan,nan,nan,13500000.0,0.0,54000000.0,9936000000.0,119232000000.0
lenetx12_cifar100_K12_topo-rregular3_seed0005_d013,d013,lenet:12,cifar100,12,topology,topo-rregular3,peers,5,200,64,0.1,0.9,0.0005,True,5,60,0.1,1.0,1,,disagreement,1.0,1,0.0,0.5,weight,rregular:3,0.0,0.0,42,0,45000,5000,10000,1089312,184,0.00010000000000000003,3,24.15,0.009999999999999998,1.734723475976807e-18,0.01,0.01,0.01,1.734723475976807e-18,0.0116,0.0116,0.0,0.9999999999999998,0.0,1.0,0.009999999999999998,lenet,0.01,0.0116,nan,nan,nan,lenet,0.01,0.0116,nan,nan,nan,lenet,0.01,0.0116,nan,nan,nan,lenet,0.01,0.0116,nan,nan,nan,lenet,0.01,0.0116,nan,nan,nan,lenet,0.01,0.0116,nan,nan,nan,lenet,0.01,0.0116,nan,nan,nan,lenet,0.01,0.0116,nan,nan,nan,lenet,0.01,0.0116,nan,nan,nan,lenet,0.01,0.0116,nan,nan,nan,lenet,0.01,0.0116,nan,nan,nan,lenet,0.01,0.0116,nan,nan,nan,13500000.0,0.0,54000000.0,9990000000.0,119880000000.0
lenetx12_cifar100_K12_topo-rregular3_seed0005_d013,d013,lenet:12,cifar100,12,topology,topo-rregular3,peers,5,200,64,0.1,0.9,0.0005,True,5,60,0.1,1.0,1,,disagreement,1.0,1,0.0,0.5,weight,rregular:3,0.0,0.0,42,0,45000,5000,10000,1089312,185,0.00010000000000000003,3,24.61,0.009999999999999998,1.734723475976807e-18,0.01,0.01,0.01,1.734723475976807e-18,0.0116,0.0116,0.0,0.9999999999999998,0.0,1.0,0.009999999999999998,lenet,0.01,0.0116,nan,nan,nan,lenet,0.01,0.0116,nan,nan,nan,lenet,0.01,0.0116,nan,nan,nan,lenet,0.01,0.0116,nan,nan,nan,lenet,0.01,0.0116,nan,nan,nan,lenet,0.01,0.0116,nan,nan,nan,lenet,0.01,0.0116,nan,nan,nan,lenet,0.01,0.0116,nan,nan,nan,lenet,0.01,0.0116,nan,nan,nan,lenet,0.01,0.0116,nan,nan,nan,lenet,0.01,0.0116,nan,nan,nan,lenet,0.01,0.0116,nan,nan,nan,13500000.0,0.0,54000000.0,10044000000.0,120528000000.0
lenetx12_cifar100_K12_topo-rregular3_seed0005_d013,d013,lenet:12,cifar100,12,topology,topo-rregular3,peers,5,200,64,0.1,0.9,0.0005,True,5,60,0.1,1.0,1,,disagreement,1.0,1,0.0,0.5,weight,rregular:3,0.0,0.0,42,0,45000,5000,10000,1089312,186,0.00010000000000000003,3,22.99,0.009999999999999998,1.734723475976807e-18,0.01,0.01,0.01,1.734723475976807e-18,0.0116,0.0116,0.0,0.9999999999999998,0.0,1.0,0.009999999999999998,lenet,0.01,0.0116,nan,nan,nan,lenet,0.01,0.0116,nan,nan,nan,lenet,0.01,0.0116,nan,nan,nan,lenet,0.01,0.0116,nan,nan,nan,lenet,0.01,0.0116,nan,nan,nan,lenet,0.01,0.0116,nan,nan,nan,lenet,0.01,0.0116,nan,nan,nan,lenet,0.01,0.0116,nan,nan,nan,lenet,0.01,0.0116,nan,nan,nan,lenet,0.01,0.0116,nan,nan,nan,lenet,0.01,0.0116,nan,nan,nan,lenet,0.01,0.0116,nan,nan,nan,13500000.0,0.0,54000000.0,10098000000.0,121176000000.0
lenetx12_cifar100_K12_topo-rregular3_seed0005_d013,d013,lenet:12,cifar100,12,topology,topo-rregular3,peers,5,200,64,0.1,0.9,0.0005,True,5,60,0.1,1.0,1,,disagreement,1.0,1,0.0,0.5,weight,rregular:3,0.0,0.0,42,0,45000,5000,10000,1089312,187,0.00010000000000000003,3,23.24,0.009999999999999998,1.734723475976807e-18,0.01,0.01,0.01,1.734723475976807e-18,0.0116,0.0116,0.0,0.9999999999999998,0.0,1.0,0.009999999999999998,lenet,0.01,0.0116,nan,nan,nan,lenet,0.01,0.0116,nan,nan,nan,lenet,0.01,0.0116,nan,nan,nan,lenet,0.01,0.0116,nan,nan,nan,lenet,0.01,0.0116,nan,nan,nan,lenet,0.01,0.0116,nan,nan,nan,lenet,0.01,0.0116,nan,nan,nan,lenet,0.01,0.0116,nan,nan,nan,lenet,0.01,0.0116,nan,nan,nan,lenet,0.01,0.0116,nan,nan,nan,lenet,0.01,0.0116,nan,nan,nan,lenet,0.01,0.0116,nan,nan,nan,13500000.0,0.0,54000000.0,10152000000.0,121824000000.0
lenetx12_cifar100_K12_topo-rregular3_seed0005_d013,d013,lenet:12,cifar100,12,topology,topo-rregular3,peers,5,200,64,0.1,0.9,0.0005,True,5,60,0.1,1.0,1,,disagreement,1.0,1,0.0,0.5,weight,rregular:3,0.0,0.0,42,0,45000,5000,10000,1089312,188,0.00010000000000000003,3,26.24,0.009999999999999998,1.734723475976807e-18,0.01,0.01,0.01,1.734723475976807e-18,0.0116,0.0116,0.0,0.9999999999999998,0.0,1.0,0.009999999999999998,lenet,0.01,0.0116,nan,nan,nan,lenet,0.01,0.0116,nan,nan,nan,lenet,0.01,0.0116,nan,nan,nan,lenet,0.01,0.0116,nan,nan,nan,lenet,0.01,0.0116,nan,nan,nan,lenet,0.01,0.0116,nan,nan,nan,lenet,0.01,0.0116,nan,nan,nan,lenet,0.01,0.0116,nan,nan,nan,lenet,0.01,0.0116,nan,nan,nan,lenet,0.01,0.0116,nan,nan,nan,lenet,0.01,0.0116,nan,nan,nan,lenet,0.01,0.0116,nan,nan,nan,13500000.0,0.0,54000000.0,10206000000.0,122472000000.0
lenetx12_cifar100_K12_topo-rregular3_seed0005_d013,d013,lenet:12,cifar100,12,topology,topo-rregular3,peers,5,200,64,0.1,0.9,0.0005,True,5,60,0.1,1.0,1,,disagreement,1.0,1,0.0,0.5,weight,rregular:3,0.0,0.0,42,0,45000,5000,10000,1089312,189,0.00010000000000000003,3,23.35,0.009999999999999998,1.734723475976807e-18,0.01,0.01,0.01,1.734723475976807e-18,0.0116,0.0116,0.0,0.9999999999999998,0.0,1.0,0.009999999999999998,lenet,0.01,0.0116,nan,nan,nan,lenet,0.01,0.0116,nan,nan,nan,lenet,0.01,0.0116,nan,nan,nan,lenet,0.01,0.0116,nan,nan,nan,lenet,0.01,0.0116,nan,nan,nan,lenet,0.01,0.0116,nan,nan,nan,lenet,0.01,0.0116,nan,nan,nan,lenet,0.01,0.0116,nan,nan,nan,lenet,0.01,0.0116,nan,nan,nan,lenet,0.01,0.0116,nan,nan,nan,lenet,0.01,0.0116,nan,nan,nan,lenet,0.01,0.0116,nan,nan,nan,13500000.0,0.0,54000000.0,10260000000.0,123120000000.0
lenetx12_cifar100_K12_topo-rregular3_seed0005_d013,d013,lenet:12,cifar100,12,topology,topo-rregular3,peers,5,200,64,0.1,0.9,0.0005,True,5,60,0.1,1.0,1,,disagreement,1.0,1,0.0,0.5,weight,rregular:3,0.0,0.0,42,0,45000,5000,10000,1089312,190,0.00010000000000000003,3,24.63,0.009999999999999998,1.734723475976807e-18,0.01,0.01,0.01,1.734723475976807e-18,0.0116,0.0116,0.0,0.9999999999999998,0.0,1.0,0.009999999999999998,lenet,0.01,0.0116,nan,nan,nan,lenet,0.01,0.0116,nan,nan,nan,lenet,0.01,0.0116,nan,nan,nan,lenet,0.01,0.0116,nan,nan,nan,lenet,0.01,0.0116,nan,nan,nan,lenet,0.01,0.0116,nan,nan,nan,lenet,0.01,0.0116,nan,nan,nan,lenet,0.01,0.0116,nan,nan,nan,lenet,0.01,0.0116,nan,nan,nan,lenet,0.01,0.0116,nan,nan,nan,lenet,0.01,0.0116,nan,nan,nan,lenet,0.01,0.0116,nan,nan,nan,13500000.0,0.0,54000000.0,10314000000.0,123768000000.0
lenetx12_cifar100_K12_topo-rregular3_seed0005_d013,d013,lenet:12,cifar100,12,topology,topo-rregular3,peers,5,200,64,0.1,0.9,0.0005,True,5,60,0.1,1.0,1,,disagreement,1.0,1,0.0,0.5,weight,rregular:3,0.0,0.0,42,0,45000,5000,10000,1089312,191,0.00010000000000000003,3,24.6,0.009999999999999998,1.734723475976807e-18,0.01,0.01,0.01,1.734723475976807e-18,0.0116,0.0116,0.0,0.9999999999999998,0.0,1.0,0.009999999999999998,lenet,0.01,0.0116,nan,nan,nan,lenet,0.01,0.0116,nan,nan,nan,lenet,0.01,0.0116,nan,nan,nan,lenet,0.01,0.0116,nan,nan,nan,lenet,0.01,0.0116,nan,nan,nan,lenet,0.01,0.0116,nan,nan,nan,lenet,0.01,0.0116,nan,nan,nan,lenet,0.01,0.0116,nan,nan,nan,lenet,0.01,0.0116,nan,nan,nan,lenet,0.01,0.0116,nan,nan,nan,lenet,0.01,0.0116,nan,nan,nan,lenet,0.01,0.0116,nan,nan,nan,13500000.0,0.0,54000000.0,10368000000.0,124416000000.0
lenetx12_cifar100_K12_topo-rregular3_seed0005_d013,d013,lenet:12,cifar100,12,topology,topo-rregular3,peers,5,200,64,0.1,0.9,0.0005,True,5,60,0.1,1.0,1,,disagreement,1.0,1,0.0,0.5,weight,rregular:3,0.0,0.0,42,0,45000,5000,10000,1089312,192,0.00010000000000000003,3,23.2,0.009999999999999998,1.734723475976807e-18,0.01,0.01,0.01,1.734723475976807e-18,0.0116,0.0116,0.0,0.9999999999999998,0.0,1.0,0.009999999999999998,lenet,0.01,0.0116,nan,nan,nan,lenet,0.01,0.0116,nan,nan,nan,lenet,0.01,0.0116,nan,nan,nan,lenet,0.01,0.0116,nan,nan,nan,lenet,0.01,0.0116,nan,nan,nan,lenet,0.01,0.0116,nan,nan,nan,lenet,0.01,0.0116,nan,nan,nan,lenet,0.01,0.0116,nan,nan,nan,lenet,0.01,0.0116,nan,nan,nan,lenet,0.01,0.0116,nan,nan,nan,lenet,0.01,0.0116,nan,nan,nan,lenet,0.01,0.0116,nan,nan,nan,13500000.0,0.0,54000000.0,10422000000.0,125064000000.0
lenetx12_cifar100_K12_topo-rregular3_seed0005_d013,d013,lenet:12,cifar100,12,topology,topo-rregular3,peers,5,200,64,0.1,0.9,0.0005,True,5,60,0.1,1.0,1,,disagreement,1.0,1,0.0,0.5,weight,rregular:3,0.0,0.0,42,0,45000,5000,10000,1089312,193,0.00010000000000000003,3,23.91,0.009999999999999998,1.734723475976807e-18,0.01,0.01,0.01,1.734723475976807e-18,0.0116,0.0116,0.0,0.9999999999999998,0.0,1.0,0.009999999999999998,lenet,0.01,0.0116,nan,nan,nan,lenet,0.01,0.0116,nan,nan,nan,lenet,0.01,0.0116,nan,nan,nan,lenet,0.01,0.0116,nan,nan,nan,lenet,0.01,0.0116,nan,nan,nan,lenet,0.01,0.0116,nan,nan,nan,lenet,0.01,0.0116,nan,nan,nan,lenet,0.01,0.0116,nan,nan,nan,lenet,0.01,0.0116,nan,nan,nan,lenet,0.01,0.0116,nan,nan,nan,lenet,0.01,0.0116,nan,nan,nan,lenet,0.01,0.0116,nan,nan,nan,13500000.0,0.0,54000000.0,10476000000.0,125712000000.0
lenetx12_cifar100_K12_topo-rregular3_seed0005_d013,d013,lenet:12,cifar100,12,topology,topo-rregular3,peers,5,200,64,0.1,0.9,0.0005,True,5,60,0.1,1.0,1,,disagreement,1.0,1,0.0,0.5,weight,rregular:3,0.0,0.0,42,0,45000,5000,10000,1089312,194,0.00010000000000000003,3,26.22,0.009999999999999998,1.734723475976807e-18,0.01,0.01,0.01,1.734723475976807e-18,0.0116,0.0116,0.0,0.9999999999999998,0.0,1.0,0.009999999999999998,lenet,0.01,0.0116,nan,nan,nan,lenet,0.01,0.0116,nan,nan,nan,lenet,0.01,0.0116,nan,nan,nan,lenet,0.01,0.0116,nan,nan,nan,lenet,0.01,0.0116,nan,nan,nan,lenet,0.01,0.0116,nan,nan,nan,lenet,0.01,0.0116,nan,nan,nan,lenet,0.01,0.0116,nan,nan,nan,lenet,0.01,0.0116,nan,nan,nan,lenet,0.01,0.0116,nan,nan,nan,lenet,0.01,0.0116,nan,nan,nan,lenet,0.01,0.0116,nan,nan,nan,13500000.0,0.0,54000000.0,10530000000.0,126360000000.0
lenetx12_cifar100_K12_topo-rregular3_seed0005_d013,d013,lenet:12,cifar100,12,topology,topo-rregular3,peers,5,200,64,0.1,0.9,0.0005,True,5,60,0.1,1.0,1,,disagreement,1.0,1,0.0,0.5,weight,rregular:3,0.0,0.0,42,0,45000,5000,10000,1089312,195,0.00010000000000000003,3,23.91,0.009999999999999998,1.734723475976807e-18,0.01,0.01,0.01,1.734723475976807e-18,0.0116,0.0116,0.0,0.9999999999999998,0.0,1.0,0.009999999999999998,lenet,0.01,0.0116,nan,nan,nan,lenet,0.01,0.0116,nan,nan,nan,lenet,0.01,0.0116,nan,nan,nan,lenet,0.01,0.0116,nan,nan,nan,lenet,0.01,0.0116,nan,nan,nan,lenet,0.01,0.0116,nan,nan,nan,lenet,0.01,0.0116,nan,nan,nan,lenet,0.01,0.0116,nan,nan,nan,lenet,0.01,0.0116,nan,nan,nan,lenet,0.01,0.0116,nan,nan,nan,lenet,0.01,0.0116,nan,nan,nan,lenet,0.01,0.0116,nan,nan,nan,13500000.0,0.0,54000000.0,10584000000.0,127008000000.0
lenetx12_cifar100_K12_topo-rregular3_seed0005_d013,d013,lenet:12,cifar100,12,topology,topo-rregular3,peers,5,200,64,0.1,0.9,0.0005,True,5,60,0.1,1.0,1,,disagreement,1.0,1,0.0,0.5,weight,rregular:3,0.0,0.0,42,0,45000,5000,10000,1089312,196,0.00010000000000000003,3,23.67,0.009999999999999998,1.734723475976807e-18,0.01,0.01,0.01,1.734723475976807e-18,0.0116,0.0116,0.0,0.9999999999999998,0.0,1.0,0.009999999999999998,lenet,0.01,0.0116,nan,nan,nan,lenet,0.01,0.0116,nan,nan,nan,lenet,0.01,0.0116,nan,nan,nan,lenet,0.01,0.0116,nan,nan,nan,lenet,0.01,0.0116,nan,nan,nan,lenet,0.01,0.0116,nan,nan,nan,lenet,0.01,0.0116,nan,nan,nan,lenet,0.01,0.0116,nan,nan,nan,lenet,0.01,0.0116,nan,nan,nan,lenet,0.01,0.0116,nan,nan,nan,lenet,0.01,0.0116,nan,nan,nan,lenet,0.01,0.0116,nan,nan,nan,13500000.0,0.0,54000000.0,10638000000.0,127656000000.0
lenetx12_cifar100_K12_topo-rregular3_seed0005_d013,d013,lenet:12,cifar100,12,topology,topo-rregular3,peers,5,200,64,0.1,0.9,0.0005,True,5,60,0.1,1.0,1,,disagreement,1.0,1,0.0,0.5,weight,rregular:3,0.0,0.0,42,0,45000,5000,10000,1089312,197,0.00010000000000000003,3,23.22,0.009999999999999998,1.734723475976807e-18,0.01,0.01,0.01,1.734723475976807e-18,0.0116,0.0116,0.0,0.9999999999999998,0.0,1.0,0.009999999999999998,lenet,0.01,0.0116,nan,nan,nan,lenet,0.01,0.0116,nan,nan,nan,lenet,0.01,0.0116,nan,nan,nan,lenet,0.01,0.0116,nan,nan,nan,lenet,0.01,0.0116,nan,nan,nan,lenet,0.01,0.0116,nan,nan,nan,lenet,0.01,0.0116,nan,nan,nan,lenet,0.01,0.0116,nan,nan,nan,lenet,0.01,0.0116,nan,nan,nan,lenet,0.01,0.0116,nan,nan,nan,lenet,0.01,0.0116,nan,nan,nan,lenet,0.01,0.0116,nan,nan,nan,13500000.0,0.0,54000000.0,10692000000.0,128304000000.0
lenetx12_cifar100_K12_topo-rregular3_seed0005_d013,d013,lenet:12,cifar100,12,topology,topo-rregular3,peers,5,200,64,0.1,0.9,0.0005,True,5,60,0.1,1.0,1,,disagreement,1.0,1,0.0,0.5,weight,rregular:3,0.0,0.0,42,0,45000,5000,10000,1089312,198,0.00010000000000000003,3,23.57,0.009999999999999998,1.734723475976807e-18,0.01,0.01,0.01,1.734723475976807e-18,0.0116,0.0116,0.0,0.9999999999999998,0.0,1.0,0.009999999999999998,lenet,0.01,0.0116,nan,nan,nan,lenet,0.01,0.0116,nan,nan,nan,lenet,0.01,0.0116,nan,nan,nan,lenet,0.01,0.0116,nan,nan,nan,lenet,0.01,0.0116,nan,nan,nan,lenet,0.01,0.0116,nan,nan,nan,lenet,0.01,0.0116,nan,nan,nan,lenet,0.01,0.0116,nan,nan,nan,lenet,0.01,0.0116,nan,nan,nan,lenet,0.01,0.0116,nan,nan,nan,lenet,0.01,0.0116,nan,nan,nan,lenet,0.01,0.0116,nan,nan,nan,13500000.0,0.0,54000000.0,10746000000.0,128952000000.0
lenetx12_cifar100_K12_topo-rregular3_seed0005_d013,d013,lenet:12,cifar100,12,topology,topo-rregular3,peers,5,200,64,0.1,0.9,0.0005,True,5,60,0.1,1.0,1,,disagreement,1.0,1,0.0,0.5,weight,rregular:3,0.0,0.0,42,0,45000,5000,10000,1089312,199,0.00010000000000000003,3,23.56,0.009999999999999998,1.734723475976807e-18,0.01,0.01,0.01,1.734723475976807e-18,0.0116,0.0116,0.0,0.9999999999999998,0.0,1.0,0.009999999999999998,lenet,0.01,0.0116,nan,nan,nan,lenet,0.01,0.0116,nan,nan,nan,lenet,0.01,0.0116,nan,nan,nan,lenet,0.01,0.0116,nan,nan,nan,lenet,0.01,0.0116,nan,nan,nan,lenet,0.01,0.0116,nan,nan,nan,lenet,0.01,0.0116,nan,nan,nan,lenet,0.01,0.0116,nan,nan,nan,lenet,0.01,0.0116,nan,nan,nan,lenet,0.01,0.0116,nan,nan,nan,lenet,0.01,0.0116,nan,nan,nan,lenet,0.01,0.0116,nan,nan,nan,13500000.0,0.0,54000000.0,10800000000.0,129600000000.0
